tree
version=v4
num_class=1
num_tree_per_iteration=1
label_index=0
max_feature_idx=68
objective=regression
feature_names=age gender region city_type education family_status children employment occupation_risk years_with_company income wealth_segment financial_literacy credit_score payment_discipline late_payments online_payments_ratio average_balance loan_amount mortgage house_value car_value smartphone_price smartphone_age bank_products life_insurance property_insurance health_insurance travel_insurance car_insurance gadget_insurance cyber_protection identity_protection insurance_products active_policies expired_policies number_of_claims claim_frequency average_claim_cost fraud_flag mobile_app_usage internet_activity digital_behavior_score password_manager two_factor_auth security_training website_visits mobile_sessions days_since_last_login days_since_last_policy call_center_contacts customer_loyalty marketing_response risk_tolerance health_index regional_risk crime_rate natural_disaster_risk cyber_risk car_covered car_uncovered house_covered house_uncovered family_life_covered cyber_hygiene policy_ratio coverage_share loan_to_income assets
feature_infos=[18:85] -1:1:0 -1:1:7:2:4:6:5:3:0 -1:0:3:1:2 -1:0:1:3:2 -1:1:2:0:3 [0:6] -1:1:2:3:4:5:0 [5:80] [0:40] [12000:346531] -1:1:0:2 [0:100] [300:563.89999999999998] [2.1000000000000001:87] [0:12] [0.058599999999999999:0.95999999999999996] [793:301551] [0:1483767] [0:1] [400000:2615010] [150000:497023] [3967:68081] [1:48] [0:9] [0:1] [0:1] [0:1] [0:1] [0:1] [0:1] [0:1] [0:1] [0:8] [0:7] [0:5] [0:8] [0:6] [1500:243251] [0:1] [0:100] [0:100] [0:100] [0:1] [0:1] [0:1] [0:19] [0:21] [0:53] [2:171] [0:8] [6:100] [0:100] [0:100] [45.490000000000002:100] [12.789999999999999:75] [12:68] [2:79] [5:82] [0:1] [0:1] [0:1] [0:1] [0:1] [0:5] [0:0.875] [0:1] [0:123.64725] [0:3112033]
tree_sizes=813 845 851 842 841 847 848 846 844 857 846 850 844 840 868 845 847 846 845 848 841 842 842 843 846 849 842 850 841 865 842 841 853 853 849 850 852 847 846 850 850 848 845 851 843 841 863 848 846 865 835 860 849 868 849 846 854 853 856 851 850 858 852 856 845 850 855 848 863 855 854 858 856 857 856 855 853 848 858 857 858 852 871 853 861 850 857 869 862 857 860 864 858 849 853 871 853 863 857 853 867 854 853 859 849 856 863 859 869 855 856 860 851 857 867 860 860 869 856 866 861 868 854 865 859 864 865 857 868 867 855 862 866 872 854 869 865 851 855 858 866 861 873 867 860 861 865 861 866 868 859 855 860 850 866 863 857 872 863 854 873 875 862 851 864 868 861 863 876 864 867 863 862 865 871 862 868 837 868 859 873 852 859 868 870 863 868 858 872 864 860 856 861 862 865 865 874 866 861 855 863 867 864 869 865 865 861 864 859 866 866 867 866 855 873 861 864 866 865 868 860 861 861 859 858 871 866 870 866 876 852 868 869 870 864 848 868 865 869 877 863 858 870 869 865 866 862 866 863 859 871 869 882 867 871 864 865 863 861 862 869 872 858 869 867 862 871 861 863 859 868 860 866 860 867 867 850 862 869 853 869 863 864 882 865 876 864 861 882 869 861 865 870 869 859 866 852 862 858 860 861 855 859 864 868 864 864 866 867 860 868 864 869 867 883 874 876 858 862 859 861 888 861 865 882 858 865 867 861 865 865 867 875 871 870 858 863 861 852 864 851 867 869 867 866 861 865 880 867 887 863 865 860 865 844 863 857 856 860 851 856 856 877 880 873 857 858 866 863 861 851 854 844 864 875 856 858 869 853 853 853 868 870 838 861 853 862 865 863 867 870 873 863 870 879 855 871 852 869 855 862 863 868 859 866 855 856 860 873 862 855 857 852 872 852 863 872 854 856 850 849 865 852 860 871 866 872 865 870 866 861 869 845 864 876 853 857 884 862 864 857 862 865 863 861 855 863 859 862 860 870 837 862 845 870 861 866 871 865 857 844 868 840 860 848 847 853 889 860 866 868 866 862 838 856 854 866 878 857 862 860 848 858 864 853 856 852 857 876 852 855 866 871 856 846 853 856 854 839 863 848 867 852 871 874 859 847 878 879 868 852 851 840 862 843 861 846 864 862 879 856 842 853 838 842 853 846 835 861 863 852 854 866 846 862 847 834 851 848 851 852 847 852 858 862 842 854 866 863 866 837 849 847 842 869 862 863 866 877 861 877 856 877 839 839 846 863 872 853 861 865 847 860 845 863 862 847 853 858 851 854 881 854 853 853 845 842 837 857 851 846 877 866 854 864 853 850 867 863 850 854 858 847 856 856 857 857 848 863 857 849 835 857 845 833 849 852 857 843 850 846 872 821 849 846 888 866 851 850 850 847 853 853 847 840 855 859 867 862 831 847 878 856 845 875 859 855 859 841 847 859 845 867 845 863 852 857 846 848 855 842 847 873 844 842 853 838 847 845 843 836 840 879 839 852 843 869 846 845 863 864 855 840 889 859 857 841 883 846 852 860 851 851 854 844 855 860 861 839 863 867 859 853 840 856 828 874 841 858 832 846 863 866 842 857 842 845 851 848 863 867 851 843 839 867 868 861 858 857 859 846 858 855 841 848 841 835 838 838 851 869 861 844 834 879 832 853 862 867 856 862 883 861 847 863 849 852 837 853 855 855 885 854 836 847 842 863 849 843 844 832 835 856 835 854 857 848 851 846 861 851 837 842 848 851 838 849 845 837 851 822 857 842 862 878 847 857 852 843 834 847 851 866 852 846 865 874 854 868 855 871 859 875 864 869 863 857 842 844 854 842 845 842 863 847 847 875 851 882 854 840 840 849 842 875 851 854 853 864 868 842 842 844 864 842 848 874 838 876 851 859 854 832 861 850 851 841 869 864 863 848 848 861 844 844 835 856 853 862 859 864 863 839 847 845 841 858 843 845 849 869 853 862 860 859 857 848 841 846 851 842 833 862 824 859 850 857 837 851 847 828 857 837 843 842 836 852 841 825 826 849 842 873 847 875 863 850 840 844 860 849 839 849 840 875 835 839 827 836 862 857 843 846 841 860 888 848 849 850 819 846 849 846 840 844 868 846 846 859 850 861 858 844 885 855 853 857 844 841 843 860 848 846 857 862 865 831 853 857 847 856 867 833 849 868 858 851 856 846 856 844 855 847 862 848 861 846 851 836 837 851 858 838 852 849 852 874 865 841 856 837 855 854 847 846 844 847 852 866 849 870 848 867 854 846 856 857 843 838 850 846 855 875 860 868 870 863 842 850 844 890 848 846 828 852 846 837 872 848 841 850 839 853 860 851 848 852 850 831 857 849 877 861 839 852 840 833 838 861 846 847 835 850 832 842 851 870 853

Tree=0
num_leaves=8
num_cat=0
split_feature=64 33 42 42 42 33 33
split_gain=1.28658e+06 388434 273346 231108 149414 116907 109057
threshold=2.5000000000000004 2.5000000000000004 47.765000000000008 46.840000000000011 41.205000000000005 1.5000000000000002 1.5000000000000002
decision_type=2 2 2 2 2 2 2
left_child=2 3 6 -2 -3 -4 -1
right_child=1 4 5 -5 -6 -7 -8
leaf_value=68.51399723718167 69.058649721651378 69.477520420543314 68.951301696594172 69.485386139564028 69.754884252378815 69.370581126950484 68.914523804382114
leaf_weight=430 822 1170 434 1310 2337 675 805
leaf_count=430 822 1170 434 1310 2337 675 805
internal_value=69.3697 69.5334 68.9763 69.3205 69.6626 69.2054 68.7722
internal_weight=7983 5639 2344 2132 3507 1109 1235
internal_count=7983 5639 2344 2132 3507 1109 1235
is_linear=0
shrinkage=1


Tree=1
num_leaves=8
num_cat=0
split_feature=64 33 42 42 42 33 33
split_gain=1.24407e+06 386714 247231 209801 155579 114741 104137
threshold=2.5000000000000004 2.5000000000000004 47.985000000000007 47.495000000000012 41.205000000000005 1.5000000000000002 2.5000000000000004
decision_type=2 2 2 2 2 2 2
left_child=2 3 6 -2 -3 -4 -1
right_child=1 4 5 -5 -6 -7 -8
leaf_value=-0.72116481406806709 -0.29392203769283276 0.098801776662867602 -0.42592106986286071 0.10677936684357275 0.37966143633459293 -0.005681183962807662 -0.32942807764199417
leaf_weight=798 864 1191 423 1307 2358 662 431
leaf_count=798 864 1191 423 1307 2358 662 431
internal_value=-0.00109794 0.157202 -0.391897 -0.052998 0.28568 -0.170719 -0.585677
internal_weight=8034 5720 2314 2171 3549 1085 1229
internal_count=8034 5720 2314 2171 3549 1085 1229
is_linear=0
shrinkage=0.02


Tree=2
num_leaves=8
num_cat=0
split_feature=66 42 42 31 31 66 66
split_gain=995073 454500 270472 178062 122330 93123.9 61566.6
threshold=0.31250000000000006 52.765000000000008 41.205000000000005 1.0000000180025095e-35 1.0000000180025095e-35 0.43750000000000006 0.18750000000000003
decision_type=2 2 2 2 2 2 2
left_child=1 3 5 6 -3 -2 -1
right_child=2 4 -4 -5 -6 -7 -8
leaf_value=-0.72847473323170131 -0.16211754304160489 -0.13425682661154681 0.32385880970334641 -0.21430151506168987 0.21728153352918864 0.14986153228006924 -0.42723926450786404
leaf_weight=676 768 1013 2783 802 643 753 504
leaf_count=676 768 1013 2783 802 643 753 504
internal_value=0.00111037 -0.24221 0.206822 -0.446149 0.00248343 -0.0076814 -0.602157
internal_weight=7942 3638 4304 1982 1656 1521 1180
internal_count=7942 3638 4304 1982 1656 1521 1180
is_linear=0
shrinkage=0.02


Tree=3
num_leaves=8
num_cat=0
split_feature=64 66 66 41 40 40 40
split_gain=1.20938e+06 328147 207135 174518 132916 127102 67289
threshold=2.5000000000000004 0.31250000000000006 0.18750000000000003 50.965000000000011 47.82500000000001 37.090000000000011 55.32500000000001
decision_type=2 2 2 2 2 2 2
left_child=2 3 6 -2 -4 -3 -1
right_child=1 5 4 -5 -6 -7 -8
leaf_value=-0.75318827724602933 -0.23289217751043204 0.073788477876925856 -0.4044064722867573 0.12923879652249232 -0.022823278898152635 0.34635352167681566 -0.38153274107124302
leaf_weight=566 987 930 811 1144 662 2620 324
leaf_count=566 987 930 811 1144 662 2620 324
internal_value=-0.000643189 0.157516 -0.380411 -0.0386394 -0.233572 0.275153 -0.620776
internal_weight=8044 5681 2363 2131 1473 3550 890
internal_count=8044 5681 2363 2131 1473 3550 890
is_linear=0
shrinkage=0.02


Tree=4
num_leaves=8
num_cat=0
split_feature=64 33 33 41 41 41 41
split_gain=1.14513e+06 322735 187755 165472 118652 113312 82940
threshold=2.5000000000000004 2.5000000000000004 2.5000000000000004 48.655000000000008 52.945000000000007 41.255000000000003 40.165000000000006
decision_type=2 2 2 2 2 2 2
left_child=2 3 4 -2 -1 -3 -4
right_child=1 5 6 -5 -6 -7 -8
leaf_value=-0.64487820865286372 -0.24591882753529581 0.10099664731205797 -0.37279612664533751 0.10923112095066136 -0.28993422129887142 0.34599841790907021 0.049254586263677153
leaf_weight=920 911 1107 302 1224 659 2407 471
leaf_count=920 911 1107 302 1224 659 2407 471
internal_value=-0.00302174 0.151369 -0.373369 -0.0425311 -0.498124 0.26907 -0.116971
internal_weight=8001 5649 2352 2135 1579 3514 773
internal_count=8001 5649 2352 2135 1579 3514 773
is_linear=0
shrinkage=0.02


Tree=5
num_leaves=8
num_cat=0
split_feature=64 33 42 42 42 33 33
split_gain=1.06392e+06 321217 218497 200082 142882 94738.9 82814.7
threshold=2.5000000000000004 2.5000000000000004 47.765000000000008 49.845000000000006 33.20000000000001 1.5000000000000002 2.5000000000000004
decision_type=2 2 2 2 2 2 2
left_child=2 3 6 -2 -3 -4 -1
right_child=1 4 5 -5 -6 -7 -8
leaf_value=-0.66225207893451188 -0.26047556212920847 0.018431937158296004 -0.38203512400710377 0.12440953126834242 0.32994111866709375 -0.0049194127562226459 -0.3094784131372264
leaf_weight=806 955 747 438 1231 2790 669 418
leaf_count=806 955 747 438 1231 2790 669 418
internal_value=-9.84197e-05 0.146606 -0.359826 -0.0439463 0.264271 -0.155177 -0.543528
internal_weight=8054 5723 2331 2186 3537 1107 1224
internal_count=8054 5723 2331 2186 3537 1107 1224
is_linear=0
shrinkage=0.02


Tree=6
num_leaves=8
num_cat=0
split_feature=64 64 42 42 34 34 34
split_gain=1.01024e+06 293291 205826 177875 101322 81653.9 75719.7
threshold=2.5000000000000004 3.5000000000000004 49.640000000000008 49.640000000000008 1.5000000000000002 1.5000000000000002 1.5000000000000002
decision_type=2 2 2 2 2 2 2
left_child=2 3 5 4 -2 -1 -4
right_child=1 -3 6 -5 -6 -7 -8
leaf_value=-0.65217791631339073 -0.35107485268949623 0.29152885288808955 -0.26713036246732014 0.15793335624101551 -0.0097420495217914078 -0.32532614529912868 0.082919274951083755
leaf_weight=742 599 2820 661 1488 821 549 390
leaf_count=742 599 2820 661 1488 821 549 390
internal_value=0.00330701 0.146392 -0.346214 0.00538907 -0.154453 -0.514975 -0.137458
internal_weight=8070 5728 2342 2908 1420 1291 1051
internal_count=8070 5728 2342 2908 1420 1291 1051
is_linear=0
shrinkage=0.02


Tree=7
num_leaves=8
num_cat=0
split_feature=64 33 42 42 42 33 33
split_gain=1.002e+06 299461 215066 184813 129014 103284 93247.9
threshold=2.5000000000000004 2.5000000000000004 47.985000000000007 45.875000000000007 41.205000000000005 1.5000000000000002 1.5000000000000002
decision_type=2 2 2 2 2 2 2
left_child=2 3 6 -2 -3 -4 -1
right_child=1 4 5 -5 -6 -7 -8
leaf_value=-0.7618758956489966 -0.29134658628037158 0.084515762744440379 -0.38853037733498008 0.094267741821281018 0.33981026747467041 0.0071040641165627458 -0.3949024949267958
leaf_weight=446 771 1195 425 1379 2366 683 787
leaf_count=446 771 1195 425 1379 2366 683 787
internal_value=-0.000876084 0.141968 -0.348913 -0.0443705 0.254377 -0.145715 -0.530185
internal_weight=8052 5711 2341 2150 3561 1108 1233
internal_count=8052 5711 2341 2150 3561 1108 1233
is_linear=0
shrinkage=0.02


Tree=8
num_leaves=8
num_cat=0
split_feature=64 64 66 41 40 66 66
split_gain=969418 282803 172051 152808 131378 88834 82164.9
threshold=2.5000000000000004 3.5000000000000004 0.18750000000000003 47.785000000000004 47.82500000000001 0.18750000000000003 0.43750000000000006
decision_type=2 2 2 2 2 2 2
left_child=2 3 -1 6 -4 -5 -2
right_child=1 -3 4 5 -6 -7 -8
leaf_value=-0.56696070758728867 -0.25911743176447216 0.28136009858917715 -0.37995320561589696 -0.14141869638024798 -0.0028196134578774268 0.21218495578725216 0.10080036704767401
leaf_weight=863 938 2823 822 366 668 1222 344
leaf_count=863 938 2823 822 366 668 1222 344
internal_value=-0.00171882 0.139418 -0.342765 -0.000446541 -0.211451 0.130499 -0.162524
internal_weight=8046 5693 2353 2870 1490 1588 1282
internal_count=8046 5693 2353 2870 1490 1588 1282
is_linear=0
shrinkage=0.02


Tree=9
num_leaves=8
num_cat=0
split_feature=33 33 33 44 44 44 47
split_gain=793140 206738 138736 85013.5 67347.7 66301.5 54407.5
threshold=2.5000000000000004 1.5000000000000002 3.5000000000000004 1.0000000180025095e-35 1.0000000180025095e-35 1.0000000180025095e-35 5.5000000000000009
decision_type=2 2 2 2 2 2 2
left_child=1 5 4 -3 -2 -1 -5
right_child=2 3 -4 6 -6 -7 -8
leaf_value=-0.63795766172542312 -0.15613984101698841 -0.33036222329087284 0.29618282190047462 -0.157775687026151 0.12523328521668403 -0.31728898688259433 0.079272562922581377
leaf_weight=326 425 427 2170 635 1632 1324 976
leaf_count=326 425 427 2170 635 1632 1324 976
internal_value=-0.00210899 -0.216292 0.184798 -0.0812171 0.0668607 -0.382381 -0.0143627
internal_weight=7915 3688 4227 2038 2057 1650 1611
internal_count=7915 3688 4227 2038 2057 1650 1611
is_linear=0
shrinkage=0.02


Tree=10
num_leaves=8
num_cat=0
split_feature=64 64 40 40 33 33 33
split_gain=896871 267349 157591 154147 92756.2 82563.7 77931.9
threshold=2.5000000000000004 3.5000000000000004 45.705000000000005 46.665000000000006 2.5000000000000004 1.5000000000000002 2.5000000000000004
decision_type=2 2 2 2 2 2 2
left_child=2 3 -1 6 -4 -5 -2
right_child=1 -3 4 5 -6 -7 -8
leaf_value=-0.50152664552410908 -0.34673102889250629 0.27520221617236862 -0.28507827531526775 -0.12275617365042368 0.094281371317783788 0.20612197393847292 -0.024403027629387612
leaf_weight=1107 545 2811 851 400 366 1248 662
leaf_count=1107 545 2811 851 400 366 1248 662
internal_value=0.00122563 0.136933 -0.329217 0.000550943 -0.171071 0.126167 -0.170775
internal_weight=7990 5666 2324 2855 1217 1648 1207
internal_count=7990 5666 2324 2855 1217 1648 1207
is_linear=0
shrinkage=0.02


Tree=11
num_leaves=8
num_cat=0
split_feature=33 41 40 31 31 33 40
split_gain=722452 303372 215458 133897 107186 69633.8 65930.2
threshold=2.5000000000000004 48.655000000000008 37.755000000000003 1.0000000180025095e-35 1.0000000180025095e-35 3.5000000000000004 68.375000000000014
decision_type=2 2 2 2 2 2 2
left_child=1 4 5 6 -1 -2 -3
right_child=2 3 -4 -5 -6 -7 -8
leaf_value=-0.53184873255164433 -0.18896023267418854 -0.26790971322391838 0.27257288682069436 0.15654073226160667 -0.19974874269495219 0.10964281511820023 0.050710355069239939
leaf_weight=1009 625 856 2974 827 645 615 370
leaf_count=1009 625 856 2974 827 645 615 370
internal_value=0.00131024 -0.202194 0.180357 -0.0395588 -0.403334 -0.0410172 -0.171937
internal_weight=7921 3707 4214 2053 1654 1240 1226
internal_count=7921 3707 4214 2053 1654 1240 1226
is_linear=0
shrinkage=0.02


Tree=12
num_leaves=8
num_cat=0
split_feature=33 42 42 33 33 42 42
split_gain=710624 362327 182188 178799 142502 97303.2 49456.2
threshold=1.5000000000000002 38.655000000000008 57.375000000000007 3.5000000000000004 3.5000000000000004 62.230000000000011 32.870000000000012
decision_type=2 2 2 2 2 2 2
left_child=2 3 6 -2 5 -3 -1
right_child=1 4 -4 -5 -6 -7 -8
leaf_value=-0.73400379353494782 -0.26863715032128704 0.016277453868767552 -0.097217811963102946 0.13522352554238162 0.35184747454502019 0.25186767260185922 -0.42855265125272463
leaf_weight=330 1272 1691 630 664 1551 1194 699
leaf_count=330 1272 1691 630 664 1551 1194 699
internal_value=0.00188649 0.0979278 -0.366181 -0.130131 0.197494 0.114047 -0.529586
internal_weight=8031 6372 1659 1936 4436 2885 1029
internal_count=8031 6372 1659 1936 4436 2885 1029
is_linear=0
shrinkage=0.02


Tree=13
num_leaves=8
num_cat=0
split_feature=64 64 41 41 34 34 41
split_gain=828058 255532 146585 133375 71582 67732.5 55307.4
threshold=2.5000000000000004 3.5000000000000004 48.485000000000007 47.965000000000011 1.5000000000000002 1.5000000000000002 51.705000000000005
decision_type=2 2 2 2 2 2 2
left_child=2 3 -1 5 -4 -2 -3
right_child=1 6 4 -5 -6 -7 -8
leaf_value=-0.47726446820344942 -0.322697228016116 0.16945213716771476 -0.27840321531661721 0.11683635300663374 0.05243805699194052 -0.02978399646154618 0.34899963359048364
leaf_weight=1188 556 1343 711 1570 410 725 1438
leaf_count=1188 556 1343 711 1570 410 725 1438
internal_value=-0.00423882 0.126534 -0.322797 -0.006568 -0.157704 -0.157679 0.262752
internal_weight=7941 5632 2309 2851 1121 1281 2781
internal_count=7941 5632 2309 2851 1121 1281 2781
is_linear=0
shrinkage=0.02


Tree=14
num_leaves=8
num_cat=0
split_feature=66 66 66 44 44 66 44
split_gain=678006 172866 114273 74653.6 59443.9 53328.4 47861.1
threshold=0.31250000000000006 0.18750000000000003 0.43750000000000006 1.0000000180025095e-35 1.0000000180025095e-35 1.0000000180025095e-35 1.0000000180025095e-35
decision_type=2 2 2 2 2 2 2
left_child=1 5 4 -3 -2 -1 -7
right_child=2 3 -4 -5 -6 6 -8
leaf_value=-0.56510424089652522 -0.14696332949100532 -0.30716815433682737 0.26990676052174822 -0.015844201334755562 0.11717244812448847 -0.53077654292601595 -0.22365483888262591
leaf_weight=373 423 444 2208 1629 1675 258 976
leaf_count=373 423 444 2208 1629 1675 258 976
internal_value=-0.000646213 -0.199842 0.169625 -0.0788296 0.0636944 -0.355217 -0.289749
internal_weight=7986 3680 4306 2073 2098 1607 1234
internal_count=7986 3680 4306 2073 2098 1607 1234
is_linear=0
shrinkage=0.02


Tree=15
num_leaves=8
num_cat=0
split_feature=64 64 42 42 33 33 33
split_gain=807237 225799 178803 145287 77237.3 75388.4 64623.8
threshold=2.5000000000000004 3.5000000000000004 47.765000000000008 49.640000000000008 1.5000000000000002 2.5000000000000004 2.5000000000000004
decision_type=2 2 2 2 2 2 2
left_child=2 3 6 5 -4 -2 -1
right_child=1 -3 4 -5 -6 -7 -8
leaf_value=-0.58630877228565748 -0.3077513374409438 0.2523879626202209 -0.33864296297278512 0.13753822937845728 0.0051756191649821193 -0.011337782907320612 -0.27265246216027778
leaf_weight=810 627 2840 425 1492 666 752 409
leaf_count=810 627 2840 425 1492 666 752 409
internal_value=-0.00149595 0.126112 -0.316572 0.000978158 -0.129693 -0.146735 -0.482614
internal_weight=8021 5711 2310 2871 1091 1379 1219
internal_count=8021 5711 2310 2871 1091 1379 1219
is_linear=0
shrinkage=0.02


Tree=16
num_leaves=8
num_cat=0
split_feature=33 40 40 33 33 33 33
split_gain=637778 289786 195558 101324 70016.2 60178.6 55002.3
threshold=2.5000000000000004 45.705000000000005 37.090000000000011 1.5000000000000002 1.5000000000000002 3.5000000000000004 3.5000000000000004
decision_type=2 2 2 2 2 2 2
left_child=1 4 5 -3 -1 -2 -4
right_child=2 3 6 -5 -6 -7 -8
leaf_value=-0.56796189818949072 -0.18753135274733271 -0.19383220041873672 0.15968313881982021 0.075075440444360958 -0.28779016027055743 0.090871519527168251 0.32927986486510658
leaf_weight=637 622 1039 1494 1206 854 611 1602
leaf_count=637 622 1039 1494 1206 854 611 1602
internal_value=-0.00202915 -0.193341 0.163109 -0.0495309 -0.408986 -0.049762 0.247829
internal_weight=8065 3736 4329 2245 1491 1233 3096
internal_count=8065 3736 4329 2245 1491 1233 3096
is_linear=0
shrinkage=0.02


Tree=17
num_leaves=8
num_cat=0
split_feature=64 64 41 40 33 33 33
split_gain=759250 210371 146760 127607 69420.8 67649.5 62670.1
threshold=2.5000000000000004 3.5000000000000004 49.675000000000004 51.405000000000008 1.5000000000000002 3.5000000000000004 2.5000000000000004
decision_type=2 2 2 2 2 2 2
left_child=2 3 6 5 -4 -2 -1
right_child=1 -3 4 -5 -6 -7 -8
leaf_value=-0.55054571639557925 -0.20190151801442102 0.24861423381103581 -0.33226519405235799 0.14516518384577043 -0.0036969967831191482 0.10056153206324872 -0.24762945579157936
leaf_weight=825 1103 2828 413 1368 669 400 427
leaf_count=825 1103 2828 413 1368 669 400 427
internal_value=0.00190955 0.126342 -0.301542 0.00567884 -0.130063 -0.121339 -0.448631
internal_weight=8033 5699 2334 2871 1082 1503 1252
internal_count=8033 5699 2334 2871 1082 1503 1252
is_linear=0
shrinkage=0.02


Tree=18
num_leaves=8
num_cat=0
split_feature=33 41 41 33 33 33 33
split_gain=588691 264056 174050 105794 53308.5 50602.2 48686.2
threshold=2.5000000000000004 43.845000000000006 38.725000000000001 1.5000000000000002 3.5000000000000004 1.5000000000000002 3.5000000000000004
decision_type=2 2 2 2 2 2 2
left_child=1 5 4 -3 -2 -1 -4
right_child=2 3 6 -5 -6 -7 -8
leaf_value=-0.55020383585934751 -0.16837314339185824 -0.20835862449630418 0.15159835837970806 0.058478115566756 0.093242295077911597 -0.29789017272612905 0.31246480910146346
leaf_weight=594 646 1071 1431 1324 593 736 1625
leaf_count=594 646 1071 1431 1324 593 736 1625
internal_value=-0.00294384 -0.186806 0.156549 -0.0610319 -0.0432894 -0.412216 0.237508
internal_weight=8020 3725 4295 2395 1239 1330 3056
internal_count=8020 3725 4295 2395 1239 1330 3056
is_linear=0
shrinkage=0.02


Tree=19
num_leaves=8
num_cat=0
split_feature=31 40 40 34 34 40 34
split_gain=608729 219283 180565 89662.7 63193.6 58203.7 49036.2
threshold=1.0000000180025095e-35 44.620000000000012 36.615000000000002 1.5000000000000002 1.5000000000000002 59.065000000000005 2.5000000000000004
decision_type=2 2 2 2 2 2 2
left_child=1 4 6 -3 -1 -4 -2
right_child=2 3 5 -5 -6 -7 -8
leaf_value=-0.52378319907353343 -0.15202892710607666 -0.18084467664039136 0.14840787550749285 0.09177806143233555 -0.23526470027226573 0.31472688290970907 0.11169393001616687
leaf_weight=772 799 1245 1912 782 521 1524 430
leaf_count=772 799 1245 1912 782 521 1524 430
internal_value=0.000940628 -0.205881 0.148195 -0.075702 -0.408882 0.222527 -0.0596794
internal_weight=7985 3320 4665 2027 1293 3436 1229
internal_count=7985 3320 4665 2027 1293 3436 1229
is_linear=0
shrinkage=0.02


Tree=20
num_leaves=8
num_cat=0
split_feature=66 42 42 66 66 42 42
split_gain=548567 312956 179349 82321.5 76901.5 60424.4 51747
threshold=0.31250000000000006 50.065000000000005 31.360000000000003 0.18750000000000003 0.18750000000000003 55.195000000000007 27.665000000000003
decision_type=2 2 2 2 2 2 2
left_child=1 3 -2 -1 -3 -4 -5
right_child=2 4 5 6 -6 -7 -8
leaf_value=-0.51736528494175349 -0.099901128559030772 -0.13833049845379264 0.13719270069992645 -0.46230871133333035 0.11749487067549842 0.30598181143984654 -0.14705437767310833
leaf_weight=791 865 842 1708 296 1051 1710 703
leaf_count=791 865 842 1708 296 1051 1710 703
internal_value=0.00309527 -0.175755 0.156916 -0.364954 0.00363996 0.22196 -0.2423
internal_weight=7966 3683 4283 1790 1893 3418 999
internal_count=7966 3683 4283 1790 1893 3418 999
is_linear=0
shrinkage=0.02


Tree=21
num_leaves=8
num_cat=0
split_feature=64 64 41 41 33 41 33
split_gain=667214 190046 130755 110687 57940.6 56123.1 54497.8
threshold=2.5000000000000004 3.5000000000000004 52.945000000000007 49.000000000000007 1.5000000000000002 33.495000000000012 3.5000000000000004
decision_type=2 2 2 2 2 2 2
left_child=2 3 -1 6 -4 -3 -2
right_child=1 5 4 -5 -6 -7 -8
leaf_value=-0.41286562873996235 -0.20482369611166884 0.035132259052137245 -0.30320479139042267 0.12005312225844626 0.020890776117384019 0.27512625683517217 0.08328504365874069
leaf_weight=1359 995 471 354 1497 571 2300 353
leaf_count=1359 995 471 354 1497 571 2300 353
internal_value=-0.000476285 0.116741 -0.288321 0.00186391 -0.104105 0.23447 -0.129348
internal_weight=7900 5616 2284 2845 925 2771 1348
internal_count=7900 5616 2284 2845 925 2771 1348
is_linear=0
shrinkage=0.02


Tree=22
num_leaves=8
num_cat=0
split_feature=33 41 41 33 33 33 33
split_gain=524280 237677 142940 67745.7 56727.3 48852.2 45011.6
threshold=2.5000000000000004 49.000000000000007 38.945000000000007 1.5000000000000002 1.5000000000000002 3.5000000000000004 3.5000000000000004
decision_type=2 2 2 2 2 2 2
left_child=1 4 5 -3 -1 -2 -4
right_child=2 3 6 -5 -6 -7 -8
leaf_value=-0.47451684108368725 -0.15159538079278764 -0.15339715463176248 0.14334500566694161 0.081165033298236405 -0.24100276540221713 0.0980828172108692 0.2975070348637498
leaf_weight=761 639 889 1474 1092 960 606 1593
leaf_count=761 639 889 1474 1092 960 606 1593
internal_value=0.00069561 -0.173765 0.150504 -0.024219 -0.345335 -0.0301591 0.223771
internal_weight=8014 3702 4312 1981 1721 1245 3067
internal_count=8014 3702 4312 1981 1721 1245 3067
is_linear=0
shrinkage=0.02


Tree=23
num_leaves=8
num_cat=0
split_feature=31 42 42 33 33 42 33
split_gain=529872 249374 206889 121693 70565.5 68507.7 64178.5
threshold=1.0000000180025095e-35 57.605000000000011 34.475000000000001 1.5000000000000002 3.5000000000000004 28.025000000000002 3.5000000000000004
decision_type=2 2 2 2 2 2 2
left_child=1 3 6 -1 -4 -5 -2
right_child=2 -3 4 5 -6 -7 -8
leaf_value=-0.52157795298167253 -0.21063585503678514 0.034967619115590307 0.14080754306225121 -0.45943256653543574 0.32379851895475142 -0.12175158258096805 0.095312736695843059
leaf_weight=787 721 1209 2188 316 1382 981 437
leaf_count=787 721 1209 2188 316 1382 981 437
internal_value=0.00111414 -0.1935 0.136722 -0.325809 0.212 -0.205472 -0.0952652
internal_weight=8021 3293 4728 2084 3570 1297 1158
internal_count=8021 3293 4728 2084 3570 1297 1158
is_linear=0
shrinkage=0.02


Tree=24
num_leaves=8
num_cat=0
split_feature=64 64 42 42 33 33 42
split_gain=616485 185133 159030 114385 59599.8 53552.8 49442.3
threshold=2.5000000000000004 3.5000000000000004 49.640000000000008 49.640000000000008 3.5000000000000004 2.5000000000000004 54.065000000000005
decision_type=2 2 2 2 2 2 2
left_child=2 3 5 4 -2 -1 -3
right_child=1 6 -4 -5 -6 -7 -8
leaf_value=-0.51399406056885721 -0.20963049606458373 0.14659353737149761 -0.084583152493294678 0.12387715777330442 0.08230803726005155 -0.23726101168516006 0.31493560811697741
leaf_weight=857 1017 1478 986 1433 382 435 1346
leaf_count=857 1017 1478 986 1433 382 435 1346
internal_value=0.000924901 0.112811 -0.276513 -0.0014994 -0.129907 -0.422095 0.227245
internal_weight=7934 5656 2278 2832 1399 1292 2824
internal_count=7934 5656 2278 2832 1399 1292 2824
is_linear=0
shrinkage=0.02


Tree=25
num_leaves=8
num_cat=0
split_feature=64 42 42 64 64 64 34
split_gain=609903 170993 145002 99994.5 55851.3 50425.9 49983.5
threshold=2.5000000000000004 47.495000000000012 49.245000000000012 3.5000000000000004 3.5000000000000004 1.5000000000000002 1.5000000000000002
decision_type=2 2 2 2 2 2 2
left_child=2 3 5 6 -3 -1 -2
right_child=1 4 -4 -5 -6 -7 -8
leaf_value=-0.61535365486255855 -0.28177932139762402 0.11960150034156382 -0.096399464312150088 0.12114361511531865 0.28522646503315058 -0.33226314857586353 -0.03021425195248419
leaf_weight=358 541 1593 1055 1126 1688 940 753
leaf_count=358 541 1593 1055 1126 1688 940 753
internal_value=-0.000654469 0.111159 -0.271224 -0.0163878 0.205116 -0.412404 -0.136069
internal_weight=8054 5701 2353 2420 3281 1298 1294
internal_count=8054 5701 2353 2420 3281 1298 1294
is_linear=0
shrinkage=0.02


Tree=26
num_leaves=8
num_cat=0
split_feature=64 40 33 40 33 64 33
split_gain=548658 165513 142472 113868 67074.4 44708.9 43820.7
threshold=2.5000000000000004 56.465000000000011 2.5000000000000004 45.705000000000005 2.5000000000000004 3.5000000000000004 2.5000000000000004
decision_type=2 2 2 2 2 2 2
left_child=3 2 -2 6 -5 -4 -1
right_child=1 -3 5 4 -6 -7 -8
leaf_value=-0.49806878535053467 -0.14539625506692516 0.24318759988673586 0.016128054075362493 -0.22138423347102387 0.099458628696608195 0.19650211402115175 -0.23307560837493072
leaf_weight=708 1288 2187 972 837 374 1263 407
leaf_count=708 1288 2187 972 837 374 1263 407
internal_value=0.00125989 0.106735 0.021804 -0.257341 -0.122295 0.118269 -0.402813
internal_weight=8036 5710 3523 2326 1211 2235 1115
internal_count=8036 5710 3523 2326 1211 2235 1115
is_linear=0
shrinkage=0.02


Tree=27
num_leaves=8
num_cat=0
split_feature=31 42 42 33 33 33 33
split_gain=493446 237364 178674 96338.8 69636.3 59743.5 58471.9
threshold=1.0000000180025095e-35 46.595000000000006 33.775000000000013 1.5000000000000002 1.5000000000000002 3.5000000000000004 3.5000000000000004
decision_type=2 2 2 2 2 2 2
left_child=1 4 5 -3 -1 -2 -4
right_child=2 3 6 -5 -6 -7 -8
leaf_value=-0.55862323746112608 -0.20697330959567939 -0.22021129533071773 0.13661281447377124 0.074185882427759101 -0.2692061310447143 0.09548149596207281 0.30357625380529862
leaf_weight=538 676 712 2224 1166 912 420 1359
leaf_count=538 676 712 2224 1166 912 420 1359
internal_value=-0.000373875 -0.186383 0.131985 -0.0377163 -0.378141 -0.0911618 0.200275
internal_weight=8007 3328 4679 1878 1450 1096 3583
internal_count=8007 3328 4679 1878 1450 1096 3583
is_linear=0
shrinkage=0.02


Tree=28
num_leaves=8
num_cat=0
split_feature=64 42 42 66 66 66 64
split_gain=535775 156460 144961 121800 74520 56036.4 46582
threshold=2.5000000000000004 48.815000000000005 46.595000000000006 0.43750000000000006 0.18750000000000003 0.31250000000000006 3.5000000000000004
decision_type=2 2 2 2 2 2 2
left_child=2 3 -1 6 -3 -4 -2
right_child=1 4 5 -5 -6 -7 -8
leaf_value=-0.41399406412655937 -0.20159891233725583 -0.028043340932184121 -0.19273743152637199 0.16997331552872413 0.24131337950042031 0.1051026311500739 0.017014543547112251
leaf_weight=1172 997 487 788 925 2589 367 637
leaf_count=1172 997 487 788 925 2589 367 637
internal_value=-0.00274226 0.102689 -0.257725 -0.0128719 0.198692 -0.098054 -0.116583
internal_weight=7962 5635 2327 2559 3076 1155 1634
internal_count=7962 5635 2327 2559 3076 1155 1634
is_linear=0
shrinkage=0.02


Tree=29
num_leaves=8
num_cat=0
split_feature=40 32 40 32 40 44 43
split_gain=304542 90467.3 71971.9 54379.6 52298.9 34129.4 33289.2
threshold=45.705000000000005 1.0000000180025095e-35 65.990000000000023 1.0000000180025095e-35 19.550000000000001 1.0000000180025095e-35 1.0000000180025095e-35
decision_type=2 2 2 2 2 2 2
left_child=1 4 3 -2 -1 -3 -6
right_child=2 5 -4 -5 6 -7 -8
leaf_value=-0.4487949249311482 -0.020932124791912025 -0.21607582840370015 0.2064817803135891 0.15855335709008514 -0.3183978106775312 0.043215367807010886 -0.12616014404443804
leaf_weight=349 1902 251 1688 1041 504 977 1282
leaf_count=349 1902 251 1688 1041 504 977 1282
internal_value=-0.00258545 -0.147323 0.102567 0.0427168 -0.225844 -0.0104444 -0.181146
internal_weight=7994 3363 4631 2943 2135 1228 1786
internal_count=7994 3363 4631 2943 2135 1228 1786
is_linear=0
shrinkage=0.02


Tree=30
num_leaves=8
num_cat=0
split_feature=64 64 64 33 34 33 33
split_gain=505036 143431 91741.6 74174.4 54318.4 34603 25441.2
threshold=2.5000000000000004 3.5000000000000004 1.5000000000000002 1.5000000000000002 2.5000000000000004 3.5000000000000004 3.5000000000000004
decision_type=2 2 2 2 2 2 2
left_child=2 3 -1 -2 -4 -3 -5
right_child=1 5 4 6 -6 -7 -8
leaf_value=-0.470402995063815 -0.19326794979040501 0.14082880594232924 -0.22014193430045506 0.01131822631452878 0.096878053097743694 0.28335333663267681 0.15658540695672191
leaf_weight=554 598 1526 1519 1553 249 1257 695
leaf_count=554 598 1526 1519 1553 249 1257 695
internal_value=0.00126436 0.103639 -0.246603 0.00375412 -0.175346 0.205596 0.0564774
internal_weight=7951 5629 2322 2846 1768 2783 2248
internal_count=7951 5629 2322 2846 1768 2783 2248
is_linear=0
shrinkage=0.02


Tree=31
num_leaves=8
num_cat=0
split_feature=64 42 42 33 33 33 42
split_gain=493713 154536 113199 105574 64887.3 59387.3 46329.7
threshold=2.5000000000000004 33.775000000000013 41.625000000000007 1.5000000000000002 2.5000000000000004 3.5000000000000004 57.025000000000013
decision_type=2 2 2 2 2 2 2
left_child=2 5 -1 -3 -4 -2 -5
right_child=1 3 4 6 -6 -7 -8
leaf_value=-0.40974839312265005 -0.21202531951781595 -0.078063766734321791 -0.21570746406697358 0.12696022624519773 0.084971613425030845 0.086510999865209062 0.26639106723399464
leaf_weight=955 729 655 946 1944 408 415 1899
leaf_count=955 729 655 946 1944 408 415 1899
internal_value=0.00256876 0.103389 -0.243476 0.156147 -0.125125 -0.103822 0.196116
internal_weight=7951 5642 2309 4498 1354 1144 3843
internal_count=7951 5642 2309 4498 1354 1144 3843
is_linear=0
shrinkage=0.02


Tree=32
num_leaves=8
num_cat=0
split_feature=66 40 40 66 66 66 66
split_gain=391915 182430 124756 71846.9 47832.4 43609.6 38544.6
threshold=0.31250000000000006 45.705000000000005 36.835000000000008 0.18750000000000003 0.18750000000000003 0.43750000000000006 0.43750000000000006
decision_type=2 2 2 2 2 2 2
left_child=1 4 5 -3 -1 -2 -4
right_child=2 3 6 -5 -6 -7 -8
leaf_value=-0.45621047678680277 -0.15826632838248489 -0.16049234084229297 0.12353530656943415 0.066369019872343171 -0.22278713360061098 0.082690458736864147 0.26594452701345023
leaf_weight=621 619 1014 1468 1231 846 575 1608
leaf_count=621 619 1014 1468 1231 846 575 1608
internal_value=0.00043184 -0.149768 0.131027 -0.0362265 -0.322812 -0.0423667 0.198291
internal_weight=7982 3712 4270 2245 1467 1194 3076
internal_count=7982 3712 4270 2245 1467 1194 3076
is_linear=0
shrinkage=0.02


Tree=33
num_leaves=8
num_cat=0
split_feature=64 64 40 40 66 66 66
split_gain=462290 133273 89927.7 83755.1 67713.4 54701.9 32444.2
threshold=2.5000000000000004 3.5000000000000004 59.065000000000005 37.755000000000003 0.31250000000000006 0.18750000000000003 0.43750000000000006
decision_type=2 2 2 2 2 2 2
left_child=2 3 4 -2 -1 -5 -3
right_child=1 6 -4 5 -6 -7 -8
leaf_value=-0.40256325905170059 -0.17686377451947824 0.13371861874715221 -0.030173795746209819 -0.12270940086843794 -0.13326363691796808 0.12212148028122244 0.27101124021464923
leaf_weight=1125 767 1569 614 467 568 1613 1251
leaf_count=1125 767 1569 614 467 568 1613 1251
internal_value=0.000509335 0.0976724 -0.237861 0.00109919 -0.312872 0.0669898 0.194996
internal_weight=7974 5667 2307 2847 1693 2080 2820
internal_count=7974 5667 2307 2847 1693 2080 2820
is_linear=0
shrinkage=0.02


Tree=34
num_leaves=8
num_cat=0
split_feature=64 64 42 42 33 42 33
split_gain=439063 140166 117572 91843.3 62906 40351.7 39013.1
threshold=2.5000000000000004 3.5000000000000004 57.375000000000007 46.595000000000006 2.5000000000000004 51.765000000000008 3.5000000000000004
decision_type=2 2 2 2 2 2 2
left_child=2 3 4 6 -1 -3 -2
right_child=1 5 -4 -5 -6 -7 -8
leaf_value=-0.41523866512349655 -0.20339157455340362 0.11615698872181779 -0.016808588718521464 0.094911929549803611 -0.15398410652770519 0.2682476515876307 0.049575556246343362
leaf_weight=1053 889 1362 722 1613 579 1455 333
leaf_count=1053 889 1362 722 1613 579 1455 333
internal_value=-0.000318178 0.0952661 -0.229533 -0.00405212 -0.323304 0.195049 -0.134536
internal_weight=8006 5652 2354 2835 1632 2817 1222
internal_count=8006 5652 2354 2835 1632 2817 1222
is_linear=0
shrinkage=0.02


Tree=35
num_leaves=8
num_cat=0
split_feature=64 64 41 40 64 33 33
split_gain=440534 137241 98285.6 93815.3 47428.7 37347.8 36992
threshold=2.5000000000000004 3.5000000000000004 52.945000000000007 44.095000000000006 1.5000000000000002 1.5000000000000002 1.5000000000000002
decision_type=2 2 2 2 2 2 2
left_child=2 3 4 6 -1 -5 -2
right_child=1 -3 -4 5 -6 -7 -8
leaf_value=-0.53210997993235709 -0.40100931517387695 0.19390278431253982 -0.070742303017431341 -0.083206860230818053 -0.26437814783584235 0.13716947977985058 -0.093254326920830299
leaf_weight=366 185 2865 931 392 1022 1377 911
leaf_count=366 185 2865 931 392 1022 1377 911
internal_value=0.00202128 0.0961505 -0.230268 -0.00176921 -0.336633 0.0882385 -0.146787
internal_weight=8049 5730 2319 2865 1388 1769 1096
internal_count=8049 5730 2319 2865 1388 1769 1096
is_linear=0
shrinkage=0.02


Tree=36
num_leaves=8
num_cat=0
split_feature=31 41 41 64 64 34 41
split_gain=410228 150170 113207 71914.9 55339.1 51435 29723.4
threshold=1.0000000180025095e-35 41.255000000000003 44.305000000000007 1.5000000000000002 3.5000000000000004 1.0000000180025095e-35 61.400000000000006
decision_type=2 2 2 2 2 2 2
left_child=1 -1 4 -3 -2 -5 -7
right_child=2 3 -4 5 -6 6 -8
leaf_value=-0.37227765023036991 -0.10763897322010371 -0.37293561828929817 0.19877081287834228 -0.25564761348845255 0.11272433289133597 -0.060736182316225407 0.11151100770913747
leaf_weight=1016 955 288 2859 350 863 975 673
leaf_count=1016 955 288 2859 350 863 975 673
internal_value=-3.08868e-05 -0.170559 0.120417 -0.080289 -0.0030108 -0.03728 0.00972959
internal_weight=7979 3302 4677 2286 1818 1998 1648
internal_count=7979 3302 4677 2286 1818 1998 1648
is_linear=0
shrinkage=0.02


Tree=37
num_leaves=8
num_cat=0
split_feature=31 41 41 33 33 33 41
split_gain=364924 145213 127516 87395.3 46426 42988.5 38210.3
threshold=1.0000000180025095e-35 41.255000000000003 36.045000000000009 1.5000000000000002 3.5000000000000004 3.5000000000000004 62.095000000000006
decision_type=2 2 2 2 2 2 2
left_child=1 -1 4 -3 -2 6 -4
right_child=2 3 5 -5 -6 -7 -8
leaf_value=-0.35870030921453966 -0.16917410799913796 -0.22773025684791789 0.055907323432808867 0.025982446636668897 0.095642203730607736 0.26278685606257457 0.22708769142531679
leaf_weight=998 700 869 1405 1432 420 1361 829
leaf_count=998 700 869 1405 1432 420 1361 829
internal_value=0.00337843 -0.157832 0.116222 -0.0701212 -0.0698843 0.174219 0.119795
internal_weight=8014 3299 4715 2301 1120 3595 2234
internal_count=8014 3299 4715 2301 1120 3595 2234
is_linear=0
shrinkage=0.02


Tree=38
num_leaves=8
num_cat=0
split_feature=64 66 64 66 66 64 47
split_gain=388351 113741 88008.3 51633.2 40729.9 36452.1 31974.7
threshold=2.5000000000000004 0.31250000000000006 1.5000000000000002 0.43750000000000006 0.56250000000000011 3.5000000000000004 5.5000000000000009
decision_type=2 2 2 2 2 2 2
left_child=2 5 -1 6 -3 -2 -4
right_child=1 4 3 -5 -6 -7 -8
leaf_value=-0.43886660707736574 -0.085346034325468612 0.12369485427728771 -0.2917818594666628 0.12614249961645535 0.28910008334779369 0.088593064953532558 -0.1060581728151959
leaf_weight=547 1392 2754 684 234 762 731 823
leaf_count=547 1392 2754 684 234 762 731 823
internal_value=0.00101233 0.0901825 -0.218474 -0.148171 0.159902 -0.0253872 -0.191041
internal_weight=7927 5639 2288 1741 3516 2123 1507
internal_count=7927 5639 2288 1741 3516 2123 1507
is_linear=0
shrinkage=0.02


Tree=39
num_leaves=8
num_cat=0
split_feature=31 41 41 33 33 33 41
split_gain=349911 143447 114028 61044.3 56609.6 45423.9 39474.2
threshold=1.0000000180025095e-35 52.945000000000007 34.295000000000009 1.5000000000000002 1.5000000000000002 3.5000000000000004 56.715000000000011
decision_type=2 2 2 2 2 2 2
left_child=1 3 -2 -1 -3 6 -4
right_child=2 4 5 -5 -6 -7 -8
leaf_value=-0.42883622660501197 -0.077769531458889068 -0.16802382906346483 0.029253423699148504 -0.1850782284772399 0.083289223903399837 0.25255236481310522 0.19564387962879504
leaf_weight=667 985 575 1203 1097 934 1424 1083
leaf_count=667 985 575 1203 1097 934 1424 1083
internal_value=0.00259937 -0.156003 0.113214 -0.278199 -0.0127115 0.163956 0.108336
internal_weight=7968 3273 4695 1764 1509 3710 2286
internal_count=7968 3273 4695 1764 1509 3710 2286
is_linear=0
shrinkage=0.02


Tree=40
num_leaves=8
num_cat=0
split_feature=64 41 66 64 41 66 66
split_gain=366470 121741 85240.6 82638.8 59177.1 48264.9 38896.6
threshold=2.5000000000000004 49.000000000000007 0.43750000000000006 1.5000000000000002 39.675000000000004 0.18750000000000003 0.18750000000000003
decision_type=2 2 2 2 2 2 2
left_child=3 2 -2 -1 -5 -3 -6
right_child=1 5 -4 4 6 -7 -8
leaf_value=-0.42757136966222709 -0.098085975682287357 -0.016982171325678554 0.14411428729979278 -0.30841161090418928 -0.21183113784968169 0.20303274895294049 0.02674615850747843
leaf_weight=542 1696 468 878 584 430 2665 733
leaf_count=542 1696 468 878 584 430 2665 733
internal_value=0.000816109 0.0865675 -0.0153514 -0.212704 -0.145013 0.170193 -0.061993
internal_weight=7996 5707 2574 2289 1747 3133 1163
internal_count=7996 5707 2574 2289 1747 3133 1163
is_linear=0
shrinkage=0.02


Tree=41
num_leaves=8
num_cat=0
split_feature=64 42 33 42 33 42 42
split_gain=362559 123343 117106 105636 55897.9 45185.3 37911.7
threshold=2.5000000000000004 60.565000000000005 2.5000000000000004 57.605000000000011 2.5000000000000004 24.880000000000006 32.045000000000009
decision_type=2 2 2 2 2 2 2
left_child=3 2 6 4 -1 -4 -2
right_child=1 -3 5 -5 -6 -7 -8
leaf_value=-0.38462342133524885 -0.3151087108284053 0.2156840730779184 -0.087636389797868364 -0.0070412600616568486 -0.13412479318190706 0.14210633789514546 -0.068746727506276695
leaf_weight=1067 322 1910 409 704 545 2010 1078
leaf_count=1067 322 1910 409 704 545 2010 1078
internal_value=-0.000679832 0.0846886 0.0189774 -0.21158 -0.300609 0.103161 -0.12633
internal_weight=8045 5729 3819 2316 1612 2419 1400
internal_count=8045 5729 3819 2316 1612 2419 1400
is_linear=0
shrinkage=0.02


Tree=42
num_leaves=8
num_cat=0
split_feature=64 64 64 33 33 33 52
split_gain=340969 105973 70965.3 50967.3 42313.4 22646.2 22490
threshold=2.5000000000000004 3.5000000000000004 1.5000000000000002 1.5000000000000002 2.5000000000000004 3.5000000000000004 33.375000000000007
decision_type=2 2 2 2 2 2 2
left_child=2 3 -1 -2 -4 -3 -5
right_child=1 5 4 6 -6 -7 -8
leaf_value=-0.40141832725029358 -0.162596758068251 0.12084994833861097 -0.21291491258349685 -0.07439930040780271 -0.0096493799813539127 0.23530089647450536 0.077382325370069269
leaf_weight=543 609 1592 1142 500 638 1250 1725
leaf_count=543 609 1592 1142 500 638 1250 1725
internal_value=0.00179537 0.085331 -0.20206 -0.00124503 -0.14029 0.171514 0.0431838
internal_weight=7999 5676 2323 2834 1780 2842 2225
internal_count=7999 5676 2323 2834 1780 2842 2225
is_linear=0
shrinkage=0.02


Tree=43
num_leaves=8
num_cat=0
split_feature=64 41 41 64 34 34 64
split_gain=337358 111980 91535 68603.1 41038.3 36994.2 35897.4
threshold=2.5000000000000004 33.495000000000012 53.935000000000009 3.5000000000000004 2.5000000000000004 1.0000000180025095e-35 3.5000000000000004
decision_type=2 2 2 2 2 2 2
left_child=2 6 4 5 -1 -3 -2
right_child=1 3 -4 -5 -6 -7 -8
leaf_value=-0.34399637706451502 -0.21767568026356593 -0.20246505315913713 -0.044452596916408835 0.2013252800079782 -0.020995165386828045 0.073042317165509824 0.019122507220747403
leaf_weight=1234 537 210 896 2338 181 2103 484
leaf_count=1234 537 210 896 2338 181 2103 484
internal_value=0.000419459 0.0834101 -0.203009 0.125032 -0.302899 0.0476459 -0.105877
internal_weight=7983 5672 2311 4651 1415 2313 1021
internal_count=7983 5672 2311 4651 1415 2313 1021
is_linear=0
shrinkage=0.02


Tree=44
num_leaves=8
num_cat=0
split_feature=33 42 42 33 40 42 40
split_gain=292897 193796 120290 69389.2 39573 36730.4 28986.3
threshold=2.5000000000000004 57.375000000000007 27.305000000000003 1.5000000000000002 34.475000000000001 60.885000000000012 68.00500000000001
decision_type=2 2 2 2 2 2 2
left_child=1 3 -2 -1 -5 -4 -3
right_child=2 6 5 4 -6 -7 -8
leaf_value=-0.36433799369332798 -0.13511714423392721 -0.02540502275630303 0.10873710244424163 -0.30161043421024486 -0.066831833595288062 0.24155786052971009 0.15886382358565615
leaf_weight=1028 664 756 2322 424 881 1309 616
leaf_count=1028 664 756 2322 424 881 1309 616
internal_value=-0.000699428 -0.130901 0.111638 -0.241645 -0.143972 0.156886 0.0576044
internal_weight=8000 3705 4295 2333 1305 3631 1372
internal_count=8000 3705 4295 2333 1305 3631 1372
is_linear=0
shrinkage=0.02


Tree=45
num_leaves=8
num_cat=0
split_feature=64 41 41 33 33 34 41
split_gain=323243 108989 85741 67419.5 39815.4 38155 35453.1
threshold=2.5000000000000004 33.255000000000003 53.935000000000009 2.5000000000000004 3.5000000000000004 2.5000000000000004 62.095000000000006
decision_type=2 2 2 2 2 2 2
left_child=2 4 5 6 -2 -1 -3
right_child=1 3 -4 -5 -6 -7 -8
leaf_value=-0.33845784101509729 -0.20103772721405733 -0.044440365258558455 -0.048868058277447383 0.1798451750809103 0.062604915573981929 -0.02886872893879338 0.13886993556670657
leaf_weight=1227 655 1133 906 2866 348 184 666
leaf_count=1227 655 1133 906 2866 348 184 666
internal_value=-0.00232745 0.0790338 -0.2011 0.119688 -0.109708 -0.298331 0.023619
internal_weight=7985 5668 2317 4665 1003 1411 1799
internal_count=7985 5668 2317 4665 1003 1411 1799
is_linear=0
shrinkage=0.02


Tree=46
num_leaves=8
num_cat=0
split_feature=31 33 33 44 44 44 33
split_gain=302226 91271 62469 50550.8 39460.8 25370.6 21787.3
threshold=1.0000000180025095e-35 1.5000000000000002 3.5000000000000004 1.0000000180025095e-35 1.0000000180025095e-35 1.0000000180025095e-35 3.5000000000000004
decision_type=2 2 2 2 2 2 2
left_child=1 5 3 -2 -3 -1 -6
right_child=2 4 -4 -5 6 -7 -8
leaf_value=-0.45313097938555275 -0.11548665919023492 -0.23347751076948164 0.1985621266691889 0.090936513673076577 -0.053027852587219607 -0.22858512870209827 0.12593291741211055
leaf_weight=258 592 413 1805 2315 1298 1008 339
leaf_count=258 592 413 1805 2315 1298 1008 339
internal_value=0.00340178 -0.142758 0.106302 0.0487731 -0.0600331 -0.275948 -0.0156969
internal_weight=8028 3316 4712 2907 2050 1266 1637
internal_count=8028 3316 4712 2907 2050 1266 1637
is_linear=0
shrinkage=0.02


Tree=47
num_leaves=8
num_cat=0
split_feature=64 64 64 66 34 47 66
split_gain=295546 102096 69847.6 43728.3 40972.7 27408.7 20679.4
threshold=2.5000000000000004 3.5000000000000004 1.5000000000000002 0.18750000000000003 1.5000000000000002 5.5000000000000009 0.56250000000000011
decision_type=2 2 2 2 2 2 2
left_child=2 3 -1 -2 -4 -5 -3
right_child=1 6 4 5 -6 -7 -8
leaf_value=-0.38795834948305358 -0.16000793620162043 0.1341332754860616 -0.21080365667331122 -0.049886143695357432 -0.016495692720624455 0.091128811039363614 0.26865073640662507
leaf_weight=541 589 2307 1021 937 754 1326 576
leaf_count=541 589 2307 1021 937 754 1326 576
internal_value=0.0005992 0.0776058 -0.189845 -0.00726112 -0.128542 0.03276 0.161427
internal_weight=8051 5735 2316 2852 1775 2263 2883
internal_count=8051 5735 2316 2852 1775 2263 2883
is_linear=0
shrinkage=0.02


Tree=48
num_leaves=8
num_cat=0
split_feature=64 41 41 66 66 66 41
split_gain=283034 107964 88483.9 59441.6 40549.9 31804.9 31074.8
threshold=2.5000000000000004 34.985000000000007 52.095000000000006 0.18750000000000003 0.43750000000000006 0.18750000000000003 62.095000000000006
decision_type=2 2 2 2 2 2 2
left_child=2 4 5 -3 -2 -1 -5
right_child=1 3 -4 6 -6 -7 -8
leaf_value=-0.42112574665616342 -0.18946515935601782 -0.05725836642588096 -0.041422850323124864 0.10541047024854246 0.061828006305173037 -0.21582886947366342 0.22274435724086047
leaf_weight=483 719 656 986 2516 395 859 1421
leaf_count=483 719 656 986 2516 395 859 1421
internal_value=6.01289e-06 0.07582 -0.185613 0.118644 -0.100484 -0.291006 0.147989
internal_weight=8035 5707 2328 4593 1114 1342 3937
internal_count=8035 5707 2328 4593 1114 1342 3937
is_linear=0
shrinkage=0.02


Tree=49
num_leaves=8
num_cat=0
split_feature=66 66 47 66 43 43 46
split_gain=248565 108413 60752 37075.1 22509.4 20965.3 20822.6
threshold=0.18750000000000003 0.43750000000000006 4.5000000000000009 1.0000000180025095e-35 1.0000000180025095e-35 1.0000000180025095e-35 6.5000000000000009
decision_type=2 2 2 2 2 2 2
left_child=3 2 4 -1 -2 -4 -5
right_child=1 -3 5 6 -6 -7 -8
leaf_value=-0.39280249981609117 -0.25639210408391738 0.16699031275958484 -0.050901697051716717 -0.22488812928556468 -0.067818770117051563 0.074887390326905501 -0.051287845333089249
leaf_weight=382 352 2250 693 828 891 2208 419
leaf_count=382 352 2250 693 828 891 2208 419
internal_value=-0.000825917 0.0553933 -0.00532687 -0.220987 -0.122033 0.0448026 -0.166995
internal_weight=8023 6394 4144 1629 1243 2901 1247
internal_count=8023 6394 4144 1629 1243 2901 1247
is_linear=0
shrinkage=0.02


Tree=50
num_leaves=8
num_cat=0
split_feature=64 41 33 64 41 64 41
split_gain=256014 149088 99142.7 42149.5 36545.1 32639 30583.7
threshold=3.5000000000000004 58.735000000000007 2.5000000000000004 1.5000000000000002 21.23 1.5000000000000002 35.225000000000001
decision_type=2 2 2 2 2 2 2
left_child=1 2 3 -1 -4 -3 -5
right_child=-2 5 4 6 -6 -7 -8
leaf_value=-0.46718157448390929 0.1553144389490842 -0.213396649717017 -0.29117160037678391 -0.33120310429030575 0.0024642955722374285 0.10209312541341158 -0.14882771036492903
leaf_weight=298 2783 139 189 550 1344 1503 1145
leaf_count=298 2783 139 189 550 1344 1503 1145
internal_value=0.000823958 -0.0824398 -0.155675 -0.248511 -0.0345663 0.0748193 -0.208806
internal_weight=7951 5168 3526 1993 1533 1642 1695
internal_count=7951 5168 3526 1993 1533 1642 1695
is_linear=0
shrinkage=0.02


Tree=51
num_leaves=8
num_cat=0
split_feature=31 41 41 33 33 64 41
split_gain=268208 114891 89986.7 55723.6 32470.7 30913.1 29845.3
threshold=1.0000000180025095e-35 41.255000000000003 34.600000000000009 1.0000000180025095e-35 3.5000000000000004 1.5000000000000002 63.395000000000003
decision_type=2 2 2 2 2 2 2
left_child=1 -1 -2 -3 6 -5 -4
right_child=2 3 4 5 -6 -7 -8
leaf_value=-0.31215717997510456 -0.070702131399585602 -0.31486680671183054 0.045299736617242584 -0.23870040063124037 0.21754147894400461 0.0081396196581749718 0.20138276042999892
leaf_weight=1025 991 289 1525 224 1445 1781 720
leaf_count=1025 991 289 1525 224 1445 1781 720
internal_value=0.000763167 -0.136648 0.0982345 -0.057719 0.143639 -0.0199627 0.0956938
internal_weight=8000 3319 4681 2294 3690 2005 2245
internal_count=8000 3319 4681 2294 3690 2005 2245
is_linear=0
shrinkage=0.02


Tree=52
num_leaves=8
num_cat=0
split_feature=31 42 42 33 42 42 33
split_gain=238095 137637 116028 59106.6 40085.4 34618.9 30786
threshold=1.0000000180025095e-35 57.605000000000011 32.870000000000012 1.5000000000000002 28.755000000000006 60.115000000000009 3.5000000000000004
decision_type=2 2 2 2 2 2 2
left_child=1 3 6 -1 -5 -4 -2
right_child=2 -3 5 4 -6 -7 -8
leaf_value=-0.36722105380644088 -0.17897739290212858 0.038125240830284741 0.092881472371957458 -0.3358833402248021 -0.081229697420607816 0.21970922110760047 0.043761700527622037
leaf_weight=783 650 1204 2149 329 972 1447 397
leaf_count=783 650 1204 2149 329 972 1447 397
internal_value=-0.00193759 -0.132045 0.0902424 -0.230214 -0.146667 0.14415 -0.0947129
internal_weight=7931 3288 4643 2084 1301 3596 1047
internal_count=7931 3288 4643 2084 1301 3596 1047
is_linear=0
shrinkage=0.02


Tree=53
num_leaves=8
num_cat=0
split_feature=33 33 44 33 44 43 33
split_gain=208147 67501.2 50755.7 48434.6 40959.2 33000.6 13323.2
threshold=2.5000000000000004 1.0000000180025095e-35 1.0000000180025095e-35 4.5000000000000009 1.0000000180025095e-35 1.0000000180025095e-35 1.5000000000000002
decision_type=2 2 2 2 2 2 2
left_child=1 -1 -3 4 -2 -4 -7
right_child=3 2 5 -5 -6 6 -8
leaf_value=-0.35880852168675553 -0.074008226389636458 -0.23546538957665944 -0.16237980710308558 0.23348012293914763 0.097578312390109834 -0.066487857897125094 0.041112491693497545
leaf_weight=383 693 661 653 824 2756 726 1238
leaf_count=383 693 661 653 824 2756 726 1238
internal_value=0.00137645 -0.109215 -0.0795509 0.0961456 0.0630446 -0.0397962 0.00126978
internal_weight=7934 3661 3278 4273 3449 2617 1964
internal_count=7934 3661 3278 4273 3449 2617 1964
is_linear=0
shrinkage=0.02


Tree=54
num_leaves=8
num_cat=0
split_feature=33 41 41 33 41 33 33
split_gain=209291 119430 80132.8 41061 27902.4 25787.1 25194.7
threshold=2.5000000000000004 56.715000000000011 34.600000000000009 1.5000000000000002 36.815000000000005 1.0000000180025095e-35 4.5000000000000009
decision_type=2 2 2 2 2 2 2
left_child=1 3 -2 -1 -5 -3 -4
right_child=2 5 6 4 -6 -7 -8
leaf_value=-0.29634221837780211 -0.068974611526266133 -0.21569745990875608 0.11315576876715434 -0.24072217395002266 -0.049287019586521506 0.063338745661593213 0.25160530788609475
leaf_weight=992 930 143 2709 497 783 1265 655
leaf_count=992 930 143 2709 497 783 1265 655
internal_value=0.000257687 -0.110344 0.0950623 -0.199883 -0.124265 0.0343362 0.140447
internal_weight=7974 3680 4294 2272 1280 1408 3364
internal_count=7974 3680 4294 2272 1280 1408 3364
is_linear=0
shrinkage=0.02


Tree=55
num_leaves=8
num_cat=0
split_feature=42 33 33 42 33 42 44
split_gain=221937 157126 72125 53762.8 50770.6 45279.1 24853
threshold=33.20000000000001 1.5000000000000002 2.5000000000000004 61.195000000000007 3.5000000000000004 68.50500000000001 1.0000000180025095e-35
decision_type=2 2 2 2 2 2 2
left_child=2 5 -1 4 6 -2 -3
right_child=1 3 -4 -5 -6 -7 -8
leaf_value=-0.34098846593374066 -0.20826122736620598 -0.1453828226071622 -0.082754492875771982 0.18942494193560283 0.16612908579430308 0.058293131717063233 0.03030741991683248
leaf_weight=781 967 401 972 1940 1050 343 1553
leaf_count=781 967 401 972 1940 1050 343 1553
internal_value=0.000109742 0.0558791 -0.198446 0.107474 0.0543236 -0.138512 -0.00602678
internal_weight=8007 6254 1753 4944 3004 1310 1954
internal_count=8007 6254 1753 4944 3004 1310 1954
is_linear=0
shrinkage=0.02


Tree=56
num_leaves=8
num_cat=0
split_feature=64 42 42 66 66 42 66
split_gain=222337 95373.7 76865 61946.5 42725.4 28008 26090.6
threshold=2.5000000000000004 54.065000000000005 33.20000000000001 0.31250000000000006 0.18750000000000003 24.880000000000006 1.0000000180025095e-35
decision_type=2 2 2 2 2 2 2
left_child=2 3 -1 -2 -4 -5 -3
right_child=1 6 4 5 -6 -7 -8
leaf_value=-0.35286521060933218 -0.12607987563606632 -0.20174859570339324 -0.2231152624124228 -0.085485858376144516 -0.016547925446980766 0.098066783544142402 0.16728252706943061
leaf_weight=632 1130 75 640 418 1059 1561 2503
leaf_count=632 1130 75 640 418 1059 1561 2503
internal_value=-0.00106885 0.0663591 -0.165365 -0.00824939 -0.0947866 0.0591795 0.156177
internal_weight=8018 5687 2331 3109 1699 1979 2578
internal_count=8018 5687 2331 3109 1699 1979 2578
is_linear=0
shrinkage=0.02


Tree=57
num_leaves=8
num_cat=0
split_feature=31 42 42 42 33 33 40
split_gain=224908 126566 93809.2 46859.9 41085.7 32780.8 25606.9
threshold=1.0000000180025095e-35 57.605000000000011 38.165000000000006 26.455000000000002 1.5000000000000002 4.5000000000000009 20.080000000000002
decision_type=2 2 2 2 2 2 2
left_child=1 3 5 -1 -5 6 -2
right_child=2 -3 -4 4 -6 -7 -8
leaf_value=-0.40650036433516029 -0.26114044740851899 0.035047961831642466 0.14733968927066776 -0.29830791758606579 -0.09128180632249451 0.16869919502825922 -0.038933654019557902
leaf_weight=433 262 1215 3306 626 995 233 941
leaf_count=433 262 1215 3306 626 995 233 941
internal_value=0.000827549 -0.126696 0.0887795 -0.222225 -0.171903 -0.0460828 -0.0882084
internal_weight=8011 3269 4742 2054 1621 1436 1203
internal_count=8011 3269 4742 2054 1621 1436 1203
is_linear=0
shrinkage=0.02


Tree=58
num_leaves=8
num_cat=0
split_feature=31 33 33 47 47 33 33
split_gain=225701 63468.7 40892.2 31127.8 27184.2 18647.6 17290.4
threshold=1.0000000180025095e-35 1.5000000000000002 3.5000000000000004 5.5000000000000009 4.5000000000000009 1.0000000180025095e-35 3.5000000000000004
decision_type=2 2 2 2 2 2 2
left_child=1 5 4 6 -2 -1 -3
right_child=2 3 -4 -5 -6 -7 -8
leaf_value=-0.34827018212227517 -0.050278935430320443 -0.19720949742480279 0.16643332802500208 0.010105292185003152 0.08475611294074821 -0.18067417035385838 0.024368375900161006
leaf_weight=393 841 639 1815 1226 2022 887 179
leaf_count=393 841 639 1815 1226 2022 887 179
internal_value=0.00278767 -0.123116 0.0922856 -0.0537235 0.0450714 -0.233286 -0.148869
internal_weight=8002 3324 4678 2044 2863 1280 818
internal_count=8002 3324 4678 2044 2863 1280 818
is_linear=0
shrinkage=0.02


Tree=59
num_leaves=8
num_cat=0
split_feature=64 64 64 34 34 52 66
split_gain=205794 70276.9 63130.3 30116.3 27138.5 18388.8 14389.6
threshold=2.5000000000000004 3.5000000000000004 1.5000000000000002 2.5000000000000004 1.5000000000000002 33.815000000000005 0.56250000000000011
decision_type=2 2 2 2 2 2 2
left_child=2 4 -1 5 -2 -4 -3
right_child=1 6 3 -5 -6 -7 -8
leaf_value=-0.34772427180875609 -0.072089772246444583 0.11329862112630908 -0.24775440056986442 0.10195635436796675 0.051352556098591622 -0.091421483993056579 0.22684051343620243
leaf_weight=532 1291 2249 408 250 1577 1155 563
leaf_count=532 1291 2249 408 250 1577 1155 563
internal_value=0.00036505 0.065441 -0.157064 -0.100315 -0.00424246 -0.13289 0.136394
internal_weight=8025 5680 2345 1813 2868 1563 2812
internal_count=8025 5680 2345 1813 2868 1563 2812
is_linear=0
shrinkage=0.02


Tree=60
num_leaves=8
num_cat=0
split_feature=64 42 42 33 33 33 42
split_gain=210080 86028 81162.1 40698.6 40048.5 35442.2 28394.3
threshold=2.5000000000000004 33.20000000000001 38.165000000000006 1.5000000000000002 2.5000000000000004 2.5000000000000004 68.115000000000023
decision_type=2 2 2 2 2 2 2
left_child=2 5 -1 -3 -4 -2 -5
right_child=1 3 4 6 -6 -7 -8
leaf_value=-0.32193926799276357 -0.25474477847471627 -0.038798181752164942 -0.14418875142454662 0.094636614399552135 0.077206277942329468 -0.014446306631554662 0.21647529793277653
leaf_weight=812 360 688 1020 2839 476 752 1052
leaf_count=812 360 688 1020 2839 476 752 1052
internal_value=-0.000815286 0.0644586 -0.161557 0.102765 -0.0737224 -0.0930329 0.127813
internal_weight=7999 5691 2308 4579 1496 1112 3891
internal_count=7999 5691 2308 4579 1496 1112 3891
is_linear=0
shrinkage=0.02


Tree=61
num_leaves=8
num_cat=0
split_feature=42 34 34 42 42 34 42
split_gain=176170 81571.2 78106.3 55662.6 28257.6 27652.2 25976.3
threshold=39.165000000000006 1.5000000000000002 1.5000000000000002 68.115000000000023 24.000000000000004 1.0000000180025095e-35 14.090000000000002
decision_type=2 2 2 2 2 2 2
left_child=2 3 4 5 -1 -2 -4
right_child=1 -3 6 -5 -6 -7 -8
leaf_value=-0.41213811594963079 -0.23959545805473287 0.13175804446092074 -0.23577936134916747 0.12055850345264883 -0.19150717711896825 -0.043584447403529236 -0.0061690853010342396
leaf_weight=370 363 3077 231 747 660 1338 1197
leaf_count=370 363 3077 231 747 660 1338 1197
internal_value=0.000634703 0.0632972 -0.140058 -0.0228476 -0.272371 -0.0859936 -0.044005
internal_weight=7983 5525 2458 2448 1030 1701 1428
internal_count=7983 5525 2458 2448 1030 1701 1428
is_linear=0
shrinkage=0.02


Tree=62
num_leaves=8
num_cat=0
split_feature=31 42 42 66 42 42 66
split_gain=191932 121415 82687.7 42106 32747.6 30119.8 26248.9
threshold=1.0000000180025095e-35 57.605000000000011 27.305000000000003 0.18750000000000003 60.115000000000009 28.025000000000002 0.43750000000000006
decision_type=2 2 2 2 2 2 2
left_child=1 3 -2 -1 6 -5 -4
right_child=2 -3 4 5 -6 -7 -8
leaf_value=-0.32814316716170766 -0.11593606609506624 0.041128534984181259 0.022385849582712503 -0.31191865269214492 0.19332887677584784 -0.085264633390599101 0.15686000791295096
leaf_weight=766 706 1214 1524 306 1465 981 935
leaf_count=766 706 1214 1524 306 1465 981 935
internal_value=-6.3408e-05 -0.117341 0.0827269 -0.210921 0.118572 -0.140153 0.0737323
internal_weight=7897 3267 4630 2053 3924 1287 2459
internal_count=7897 3267 4630 2053 3924 1287 2459
is_linear=0
shrinkage=0.02


Tree=63
num_leaves=8
num_cat=0
split_feature=64 40 33 40 33 40 40
split_gain=185945 138883 76533.5 37937.9 29817.3 24548.8 22152.3
threshold=3.5000000000000004 35.605000000000011 1.5000000000000002 59.065000000000005 3.5000000000000004 62.045000000000009 58.175000000000004
decision_type=2 2 2 2 2 2 2
left_child=1 4 5 -4 -1 -3 -2
right_child=6 2 3 -5 -6 -7 -8
leaf_value=-0.29497580127156497 0.087183550590554909 -0.21832848003893657 -0.01149853170124588 0.14197654927503656 -0.060961181062402031 -0.024325417960779024 0.20364964384966616
leaf_weight=1054 1752 716 1668 1044 278 411 1051
leaf_count=1054 1752 716 1668 1044 278 411 1051
internal_value=9.60375e-05 -0.0709948 -0.00984335 0.0477351 -0.246546 -0.147998 0.131138
internal_weight=7974 5171 3839 2712 1332 1127 2803
internal_count=7974 5171 3839 2712 1332 1127 2803
is_linear=0
shrinkage=0.02


Tree=64
num_leaves=8
num_cat=0
split_feature=64 40 66 34 41 40 41
split_gain=184320 131620 54847.2 38781 26512.8 22703.1 21971.2
threshold=3.5000000000000004 42.155000000000008 0.18750000000000003 1.5000000000000002 59.930000000000007 70.995000000000019 33.255000000000003
decision_type=2 2 2 2 2 2 2
left_child=1 3 5 -1 -4 -3 -2
right_child=6 2 4 -5 -6 -7 -8
leaf_value=-0.29049456928235146 0.0044386985622601122 -0.1715058432724452 0.0040875969906782553 -0.11298644819366184 0.1429989430722087 0.051952330057543739 0.15536217077714976
leaf_weight=957 463 740 1324 1030 935 238 2319
leaf_count=957 463 740 1324 1030 935 238 2319
internal_value=-0.00106775 -0.071083 0.00761998 -0.198994 0.0617718 -0.117139 0.130297
internal_weight=8006 5224 3237 1987 2259 978 2782
internal_count=8006 5224 3237 1987 2259 978 2782
is_linear=0
shrinkage=0.02


Tree=65
num_leaves=8
num_cat=0
split_feature=64 40 40 33 64 40 40
split_gain=185081 69610.2 62024.5 49717.7 37937.4 25813.6 20613
threshold=2.5000000000000004 56.695000000000007 33.095000000000006 3.5000000000000004 1.5000000000000002 25.625000000000004 66.265000000000015
decision_type=2 2 2 2 2 2 2
left_child=2 3 -1 5 -4 -2 -6
right_child=1 -3 4 -5 6 -7 -8
leaf_value=-0.32171550329184534 -0.19896479070759365 0.15036869189542032 -0.2611968124767548 0.10786578520658838 -0.079849298436205404 -0.01950355222440325 0.10742807279377686
leaf_weight=620 382 2132 389 1222 1036 1877 299
leaf_count=620 382 2132 389 1222 1036 1877 299
internal_value=-0.0018167 0.0605169 -0.150893 0.0053489 -0.0887082 -0.0502231 -0.0376604
internal_weight=7957 5613 2344 3481 1724 2259 1335
internal_count=7957 5613 2344 3481 1724 2259 1335
is_linear=0
shrinkage=0.02


Tree=66
num_leaves=8
num_cat=0
split_feature=31 42 42 42 66 42 66
split_gain=169590 111859 74499.3 46061.5 40007.1 27259.1 22468.2
threshold=1.0000000180025095e-35 63.755000000000003 29.405000000000005 28.025000000000002 0.31250000000000006 60.115000000000009 0.43750000000000006
decision_type=2 2 2 2 2 2 2
left_child=1 3 -2 -1 -5 6 -4
right_child=2 -3 5 4 -6 -7 -8
leaf_value=-0.35577771787416956 -0.093893345043112128 0.081748349921433525 0.024874759919537852 -0.1975865278522666 -0.0036206300799871329 0.18197465847023617 0.15212805917067718
leaf_weight=474 832 893 1495 1337 623 1471 880
leaf_count=474 832 893 1495 1337 623 1471 880
internal_value=-0.000310992 -0.109376 0.0772905 -0.179521 -0.136099 0.114396 0.072246
internal_weight=8005 3327 4678 2434 1960 3846 2375
internal_count=8005 3327 4678 2434 1960 3846 2375
is_linear=0
shrinkage=0.02


Tree=67
num_leaves=8
num_cat=0
split_feature=64 42 33 33 42 64 42
split_gain=166843 124419 46223.3 42329.7 33434.2 26311.3 24375.2
threshold=3.5000000000000004 46.595000000000006 3.5000000000000004 1.5000000000000002 20.205000000000002 1.5000000000000002 77.75500000000001
decision_type=2 2 2 2 2 2 2
left_child=1 2 4 6 -1 -6 -3
right_child=-2 3 -4 -5 5 -7 -8
leaf_value=-0.37551112979471823 0.12279962345494071 -0.14777460368241518 0.0043075886350086188 0.075673083412939282 -0.36891470223769612 -0.13619752083271344 0.12749998206086458
leaf_weight=412 2824 668 474 1911 227 1303 155
leaf_count=412 2824 668 474 1911 227 1303 155
internal_value=-0.00061686 -0.0683457 -0.172763 0.0240735 -0.215882 -0.171814 -0.0954738
internal_weight=7974 5150 2416 2734 1942 1530 823
internal_count=7974 5150 2416 2734 1942 1530 823
is_linear=0
shrinkage=0.02


Tree=68
num_leaves=8
num_cat=0
split_feature=64 31 64 33 33 44 34
split_gain=174193 52894.5 50278 27157.9 22438.8 19722.8 18640.3
threshold=2.5000000000000004 1.0000000180025095e-35 1.5000000000000002 3.5000000000000004 4.5000000000000009 1.0000000180025095e-35 1.0000000180025095e-35
decision_type=2 2 2 2 2 2 2
left_child=2 6 -1 -4 5 -3 -2
right_child=1 4 3 -5 -6 -7 -8
leaf_value=-0.30590312040433654 -0.20112835757078035 -0.046049087089795035 -0.12075240640487409 0.10624208302099686 0.20255019530897367 0.096972921825739272 -0.0072862664751959594
leaf_weight=569 225 442 1590 239 699 2887 1449
leaf_count=569 225 442 1590 239 699 2887 1449
internal_value=0.000411835 0.0605578 -0.142433 -0.0908817 0.099791 0.0779429 -0.0338617
internal_weight=8100 5702 2398 1829 4028 3329 1674
internal_count=8100 5702 2398 1829 4028 3329 1674
is_linear=0
shrinkage=0.02


Tree=69
num_leaves=8
num_cat=0
split_feature=31 40 40 41 40 40 34
split_gain=155962 90053.4 68741.3 27981.8 27469.1 25151.4 21169.1
threshold=1.0000000180025095e-35 49.945000000000007 29.540000000000003 67.365000000000023 59.065000000000005 31.265000000000004 2.5000000000000004
decision_type=2 2 2 2 2 2 2
left_child=1 5 -2 -3 6 -1 -4
right_child=2 3 4 -5 -6 -7 -8
leaf_value=-0.3141319916048636 -0.098963211129691919 -0.054432740840393512 0.024880778840079429 0.1233010520311919 0.17631909266680965 -0.14943769439663063 0.15059362655403982
leaf_weight=589 754 1177 1602 501 1497 1042 802
leaf_count=589 754 1177 1602 501 1497 1042 802
internal_value=0.000781256 -0.104105 0.0753714 -0.00115815 0.109151 -0.209692 0.0670454
internal_weight=7964 3309 4655 1678 3901 1631 2404
internal_count=7964 3309 4655 1678 3901 1631 2404
is_linear=0
shrinkage=0.02


Tree=70
num_leaves=8
num_cat=0
split_feature=42 66 66 42 42 66 66
split_gain=143055 81330.7 71679.9 31632.2 30216.1 28902.7 28581.2
threshold=41.205000000000005 0.31250000000000006 0.18750000000000003 68.115000000000023 77.75500000000001 0.56250000000000011 0.43750000000000006
decision_type=2 2 2 2 2 2 2
left_child=1 -1 4 6 -2 -3 -4
right_child=2 5 3 -5 -6 -7 -8
leaf_value=-0.23725502065013132 -0.12582994276873918 -0.061144075127580341 0.017766392536798556 0.18197156592359734 0.15048404325209364 0.15541834073705471 0.14900140407911053
leaf_weight=1209 934 1247 1909 1304 186 302 1014
leaf_count=1209 934 1247 1909 1304 186 302 1014
internal_value=0.00218985 -0.114682 0.0625236 0.100198 -0.0794772 -0.0185579 0.063469
internal_weight=8105 2758 5347 4227 1120 1549 2923
internal_count=8105 2758 5347 4227 1120 1549 2923
is_linear=0
shrinkage=0.02


Tree=71
num_leaves=8
num_cat=0
split_feature=42 31 31 42 64 42 64
split_gain=147706 94925.8 55881.1 52456.5 26216.4 21800 17416.5
threshold=33.20000000000001 1.0000000180025095e-35 1.0000000180025095e-35 64.280000000000015 1.5000000000000002 60.115000000000009 3.5000000000000004
decision_type=2 2 2 2 2 2 2
left_child=2 3 -1 4 -2 -3 -4
right_child=1 5 6 -5 -6 -7 -8
leaf_value=-0.29690548445263815 -0.29895223506337659 0.070205386859455876 -0.13472686966958519 0.081486728035912254 -0.078352386357421214 0.17014469155918321 0.031323120208903099
leaf_weight=720 249 2163 621 838 1473 1474 421
leaf_count=720 249 2163 621 838 1473 1474 421
internal_value=-0.000684072 0.0452763 -0.161999 -0.0479709 -0.111024 0.110887 -0.0678084
internal_weight=7959 6197 1762 2560 1722 3637 1042
internal_count=7959 6197 1762 2560 1722 3637 1042
is_linear=0
shrinkage=0.02


Tree=72
num_leaves=8
num_cat=0
split_feature=66 66 43 66 47 52 52
split_gain=130047 42429 37410.5 31868 23253.9 21361.8 12362.8
threshold=0.31250000000000006 1.0000000180025095e-35 1.0000000180025095e-35 0.56250000000000011 4.5000000000000009 38.885000000000012 35.125000000000007
decision_type=2 2 2 2 2 2 2
left_child=1 -1 -3 4 6 -4 -2
right_child=3 2 5 -5 -6 -7 -8
leaf_value=-0.28334309332435714 -0.12775359167305883 -0.17546839943754972 -0.11095507354568815 0.18632805826618001 0.083670100043360701 0.017446396439397074 0.018359541785333479
leaf_weight=385 339 859 744 841 2371 1679 706
leaf_count=385 339 859 744 841 2371 1679 706
internal_value=0.00122411 -0.0860115 -0.0624674 0.076382 0.0490811 -0.0221275 -0.0294225
internal_weight=7924 3667 3282 4257 3416 2423 1045
internal_count=7924 3667 3282 4257 3416 2423 1045
is_linear=0
shrinkage=0.02


Tree=73
num_leaves=8
num_cat=0
split_feature=31 40 40 40 40 66 66
split_gain=140400 80286.5 57011.8 28433.1 25034.9 23201.4 21506.5
threshold=1.0000000180025095e-35 45.705000000000005 27.805000000000003 71.715000000000018 59.065000000000005 0.18750000000000003 0.31250000000000006
decision_type=2 2 2 2 2 2 2
left_child=1 5 -2 6 -4 -1 -3
right_child=2 3 4 -5 -6 -7 -8
leaf_value=-0.32144015189748082 -0.095235484512698282 -0.10847982869600513 0.062592607837890585 0.11878371901008888 0.16542528677685489 -0.14963776931468389 0.054422977696280732
leaf_weight=499 685 1022 2514 482 1525 887 470
leaf_count=499 685 1022 2514 482 1525 887 470
internal_value=0.00270318 -0.0960454 0.0729666 -0.0140021 0.101576 -0.212425 -0.0571529
internal_weight=8084 3360 4724 1974 4039 1386 1492
internal_count=8084 3360 4724 1974 4039 1386 1492
is_linear=0
shrinkage=0.02


Tree=74
num_leaves=8
num_cat=0
split_feature=42 33 42 33 33 40 33
split_gain=134548 82029.9 51650.3 45499.8 30420.1 19278.6 15767.2
threshold=33.20000000000001 2.5000000000000004 69.175000000000026 2.5000000000000004 1.0000000180025095e-35 21.625000000000004 3.5000000000000004
decision_type=2 2 2 2 2 2 2
left_child=3 2 4 -1 -2 -5 -3
right_child=1 6 -4 5 -6 -7 -8
leaf_value=-0.27123336298479922 -0.29080908578269338 0.066478211820323221 0.11241852125384519 -0.19717489899777169 -0.054337624980359191 -0.007242213592303137 0.15422607164741528
leaf_weight=751 240 1583 735 303 1988 700 1722
leaf_count=751 240 1583 735 303 1988 700 1722
internal_value=0.000582331 0.0439283 -0.0324641 -0.154001 -0.0804044 -0.0653131 0.112361
internal_weight=8022 6268 2963 1754 2228 1003 3305
internal_count=8022 6268 2963 1754 2228 1003 3305
is_linear=0
shrinkage=0.02


Tree=75
num_leaves=8
num_cat=0
split_feature=64 40 40 33 33 64 40
split_gain=139800 56912.7 51437.6 41438.9 25352.8 21462.5 15533.4
threshold=2.5000000000000004 56.695000000000007 55.930000000000007 3.5000000000000004 2.5000000000000004 3.5000000000000004 21.625000000000004
decision_type=2 2 2 2 2 2 2
left_child=2 3 4 5 -1 6 -2
right_child=1 -3 -4 -5 -6 -7 -8
leaf_value=-0.2555371909869314 -0.29007567377908056 0.13165006277970798 0.0038252098941691866 0.095505083124744927 -0.08636787802311062 0.024869389010921769 -0.074886495613205886
leaf_weight=1036 147 2150 746 1215 548 942 1221
leaf_count=1036 147 2150 746 1215 548 942 1221
internal_value=-0.00287539 0.0506815 -0.133149 0.00117993 -0.197467 -0.0485318 -0.098982
internal_weight=8005 5675 2330 3525 1584 2310 1368
internal_count=8005 5675 2330 3525 1584 2310 1368
is_linear=0
shrinkage=0.02


Tree=76
num_leaves=8
num_cat=0
split_feature=40 34 34 40 34 34 41
split_gain=115771 68944.2 46160.3 28900 25220.7 25109.8 23335.8
threshold=45.705000000000005 1.5000000000000002 1.0000000180025095e-35 72.590000000000018 3.5000000000000004 2.5000000000000004 34.030000000000008
decision_type=2 2 2 2 2 2 2
left_child=1 -1 -2 5 6 -4 -3
right_child=2 4 3 -5 -6 -7 -8
leaf_value=-0.19893020403121753 -0.12724066998982272 -0.14055460235819009 0.02171148793347696 0.18166850651856398 0.15042863104943258 0.14644351744982748 0.013800970626639059
leaf_weight=1364 448 628 2318 957 309 891 1026
leaf_count=1364 448 628 2318 957 309 891 1026
internal_value=-0.000134516 -0.0899889 0.0646838 0.0854506 -0.0139775 0.0565181 -0.0450526
internal_weight=7941 3327 4614 4166 1963 3209 1654
internal_count=7941 3327 4614 4166 1963 3209 1654
is_linear=0
shrinkage=0.02


Tree=77
num_leaves=8
num_cat=0
split_feature=64 40 40 66 64 64 40
split_gain=129219 57973.5 52079.7 32718.1 23465.1 21198.7 16850
threshold=2.5000000000000004 44.620000000000012 55.930000000000007 0.56250000000000011 1.5000000000000002 3.5000000000000004 22.675000000000004
decision_type=2 2 2 2 2 2 2
left_child=2 3 4 5 -1 -2 -6
right_child=1 -3 -4 -5 6 -7 -8
leaf_value=-0.32542848199081781 -0.12221430335011467 0.099057633197226991 0.00786351145563495 0.15808356044352823 -0.30220970764821847 0.013740823513353944 -0.10935914389314837
leaf_weight=393 1057 3568 779 306 222 806 969
leaf_count=393 1057 3568 779 306 222 806 969
internal_value=-0.00173027 0.0495383 -0.126044 -0.0319613 -0.191717 -0.0635159 -0.146419
internal_weight=8100 5737 2363 2169 1584 1863 1191
internal_count=8100 5737 2363 2169 1584 1863 1191
is_linear=0
shrinkage=0.02


Tree=78
num_leaves=8
num_cat=0
split_feature=31 42 42 34 40 42 42
split_gain=132449 82936.2 55735.1 26576.4 26180.6 20010.2 18353.9
threshold=1.0000000180025095e-35 57.605000000000011 29.405000000000005 1.0000000180025095e-35 32.155000000000008 60.115000000000009 80.415000000000006
decision_type=2 2 2 2 2 2 2
left_child=1 3 -2 -1 -5 -4 -3
right_child=2 6 5 4 -6 -7 -8
leaf_value=-0.31921674702316521 -0.08043997278157955 -0.007842307067181491 0.0635798660027833 -0.25720030661210302 -0.085744409275309977 0.15732202875184811 0.17807522626362576
leaf_weight=403 836 943 2415 511 1180 1470 269
leaf_count=403 836 943 2415 511 1180 1470 269
internal_value=-0.000615234 -0.0976155 0.067343 -0.173684 -0.138162 0.0992065 0.0339837
internal_weight=8027 3306 4721 2094 1691 3885 1212
internal_count=8027 3306 4721 2094 1691 3885 1212
is_linear=0
shrinkage=0.02


Tree=79
num_leaves=8
num_cat=0
split_feature=33 41 41 41 33 33 33
split_gain=114821 78529.9 45913.3 29721.6 26854.2 25489.8 12754.2
threshold=1.5000000000000002 34.030000000000008 63.395000000000003 60.905000000000008 3.5000000000000004 3.5000000000000004 1.0000000180025095e-35
decision_type=2 2 2 2 2 2 2
left_child=2 4 6 5 -2 -3 -1
right_child=1 3 -4 -5 -6 -7 -8
leaf_value=-0.32644347076499186 -0.16331352653058426 -0.0050537181773445761 0.027067806551786235 0.13724490817842441 0.027344418946147499 0.11338398867197257 -0.17323305300522868
leaf_weight=296 871 2056 436 1874 444 1119 916
leaf_count=296 871 2056 436 1874 444 1119 916
internal_value=-0.000217557 0.0383304 -0.148742 0.0741811 -0.0990795 0.0368012 -0.211838
internal_weight=8012 6364 1648 5049 1315 3175 1212
internal_count=8012 6364 1648 5049 1315 3175 1212
is_linear=0
shrinkage=0.02


Tree=80
num_leaves=8
num_cat=0
split_feature=31 42 42 42 66 40 66
split_gain=120947 77640.8 56166.8 36114.6 27767 21520.2 17706.8
threshold=1.0000000180025095e-35 63.755000000000003 25.265000000000004 26.455000000000002 0.31250000000000006 55.930000000000007 0.43750000000000006
decision_type=2 2 2 2 2 2 2
left_child=1 3 -2 -1 -5 6 -4
right_child=2 -3 5 4 -6 -7 -8
leaf_value=-0.31292215316199146 -0.11018555341586238 0.068849427019260848 0.0082047950545332086 -0.16494987081264342 -0.0048537871347923362 0.14453815890007798 0.12164783070887117
leaf_weight=446 633 869 1439 1357 636 1753 887
leaf_count=446 633 869 1439 1357 636 1753 887
internal_value=-0.000569371 -0.0931864 0.0644811 -0.150941 -0.114001 0.0916885 0.0516335
internal_weight=8020 3308 4712 2439 1993 4079 2326
internal_count=8020 3308 4712 2439 1993 4079 2326
is_linear=0
shrinkage=0.02


Tree=81
num_leaves=8
num_cat=0
split_feature=31 40 40 64 40 40 33
split_gain=118947 65497.5 58096.4 28579.9 21779 19128 15353.8
threshold=1.0000000180025095e-35 37.755000000000003 29.540000000000003 1.5000000000000002 65.990000000000023 55.930000000000007 3.5000000000000004
decision_type=2 2 2 2 2 2 2
left_child=1 -1 -2 -3 -5 6 -4
right_child=2 3 5 4 -6 -7 -8
leaf_value=-0.23647765826200812 -0.092235220142115409 -0.21171582413347143 0.013447527022009954 -0.052187289882160752 0.089176933660674793 0.14451012903538935 0.12378569557792599
leaf_weight=906 783 318 1325 1431 621 1776 811
leaf_count=906 783 318 1325 1431 621 1776 811
internal_value=8.19934e-05 -0.092329 0.0645927 -0.0368423 -0.00929324 0.09606 0.0555322
internal_weight=7971 3276 4695 2370 2052 3912 2136
internal_count=7971 3276 4695 2370 2052 3912 2136
is_linear=0
shrinkage=0.02


Tree=82
num_leaves=8
num_cat=0
split_feature=33 33 43 33 47 47 43
split_gain=96794.8 36655.6 31425.9 29157.2 19918.3 13569.6 7808.25
threshold=2.5000000000000004 1.0000000180025095e-35 1.0000000180025095e-35 4.5000000000000009 4.5000000000000009 6.5000000000000009 1.0000000180025095e-35
decision_type=2 2 2 2 2 2 2
left_child=1 -1 -3 4 6 -4 -2
right_child=3 2 5 -5 -6 -7 -8
leaf_value=-0.25966010532138395 -0.11900891944863121 -0.15696959998764462 -0.063456652244146497 0.16964123722112287 0.069790129531215411 0.030634550366098572 0.00032216960602809817
leaf_weight=384 302 872 1246 830 2409 1198 768
leaf_count=384 302 872 1246 830 2409 1198 768
internal_value=-0.000918882 -0.0758977 -0.0542587 0.0634764 0.0379411 -0.0173666 -0.0337551
internal_weight=8009 3700 3316 4309 3479 2444 1070
internal_count=8009 3700 3316 4309 3479 2444 1070
is_linear=0
shrinkage=0.02


Tree=83
num_leaves=8
num_cat=0
split_feature=64 41 40 64 64 40 40
split_gain=113708 48740.1 45852.7 26760 24177.5 19034.9 17657.5
threshold=2.5000000000000004 48.855000000000011 58.175000000000004 3.5000000000000004 1.5000000000000002 22.675000000000004 26.045000000000005
decision_type=2 2 2 2 2 2 2
left_child=2 3 4 6 -1 -6 -2
right_child=1 -3 -4 -5 5 -7 -8
leaf_value=-0.30704875418042227 -0.21625112805854191 0.1013830846026534 0.023867529659728298 0.053034282022673573 -0.29654041888163191 -0.092480765711956694 -0.039305167297659059
leaf_weight=402 281 3153 664 1193 219 1052 1084
leaf_count=402 281 3153 664 1193 219 1052 1084
internal_value=0.000729295 0.0488194 -0.116643 -0.0160422 -0.172316 -0.128666 -0.0763877
internal_weight=8048 5711 2337 2558 1673 1271 1365
internal_count=8048 5711 2337 2558 1673 1271 1365
is_linear=0
shrinkage=0.02


Tree=84
num_leaves=8
num_cat=0
split_feature=31 41 41 34 41 33 41
split_gain=106285 60855.7 45819.1 28335.1 21711.8 19472.5 14320.4
threshold=1.0000000180025095e-35 58.930000000000007 38.945000000000007 1.0000000180025095e-35 33.735000000000007 4.5000000000000009 14.405000000000003
decision_type=2 2 2 2 2 2 2
left_child=1 3 5 -1 -5 6 -2
right_child=2 -3 -4 4 -6 -7 -8
leaf_value=-0.29588845974817335 -0.26931106622214429 0.03569835232472017 0.10121419406467994 -0.21766805498058148 -0.067327236342272376 0.14156095956280396 -0.044372916852390525
leaf_weight=410 123 1089 3276 545 1301 201 1012
leaf_count=410 123 1089 3276 545 1301 201 1012
internal_value=-0.00122334 -0.086981 0.061002 -0.146148 -0.112181 -0.0376119 -0.0698237
internal_weight=7957 3345 4612 2256 1846 1336 1135
internal_count=7957 3345 4612 2256 1846 1336 1135
is_linear=0
shrinkage=0.02


Tree=85
num_leaves=8
num_cat=0
split_feature=64 42 42 41 33 33 42
split_gain=103137 48574.6 42641.6 27290 27662.6 23622.2 15463.5
threshold=2.5000000000000004 24.880000000000006 34.475000000000001 62.095000000000006 2.5000000000000004 2.5000000000000004 77.25500000000001
decision_type=2 2 2 2 2 2 2
left_child=2 -2 -1 4 -3 6 -4
right_child=1 3 5 -5 -6 -7 -8
leaf_value=-0.24858400925466545 -0.12645501822922237 -0.04121021834513168 -0.13511572950864759 0.13123182702436154 0.076654713581292069 0.051313674322953834 0.10517786319098196
leaf_weight=659 586 1270 1015 1671 2120 529 116
leaf_count=659 586 1270 1015 1671 2120 529 116
internal_value=-0.000902263 0.0452155 -0.113059 0.0651979 0.0325032 -0.0586727 -0.110116
internal_weight=7966 5647 2319 5061 3390 1660 1131
internal_count=7966 5647 2319 5061 3390 1660 1131
is_linear=0
shrinkage=0.02


Tree=86
num_leaves=8
num_cat=0
split_feature=64 42 42 66 66 66 40
split_gain=101361 77391.7 45032.6 42202.7 18353.7 17327 14109.2
threshold=3.5000000000000004 57.605000000000011 20.205000000000002 0.18750000000000003 1.0000000180025095e-35 0.43750000000000006 72.590000000000018
decision_type=2 2 2 2 2 2 2
left_child=1 2 -1 -4 -3 -5 -6
right_child=-2 4 3 5 6 -7 -8
leaf_value=-0.28346604882414084 0.096921133445367597 -0.15576309445120345 -0.1987062640767859 -0.064737146209743399 0.035152073816866296 0.064023417404358809 0.16306659536381632
leaf_weight=493 2807 144 819 1530 1069 570 507
leaf_count=493 2807 144 819 1530 1069 570 507
internal_value=0.000392603 -0.0524476 -0.107538 -0.0773913 0.0568317 -0.0297188 0.0766878
internal_weight=7939 5132 3412 2919 1720 2100 1576
internal_count=7939 5132 3412 2919 1720 2100 1576
is_linear=0
shrinkage=0.02


Tree=87
num_leaves=8
num_cat=0
split_feature=31 41 41 33 34 44 52
split_gain=98454.8 53879.3 40348.3 23101 20532.5 19579.6 14005.8
threshold=1.0000000180025095e-35 41.255000000000003 41.965000000000011 1.0000000180025095e-35 2.5000000000000004 1.0000000180025095e-35 53.175000000000004
decision_type=2 2 2 2 2 2 2
left_child=1 -1 4 -3 -2 -5 -7
right_child=2 3 -4 5 -6 6 -8
leaf_value=-0.20282672307623056 -0.075476452580951592 -0.19499417132891894 0.10121452030272166 -0.13752117219853074 0.074946436370141506 -0.026422679268966909 0.090741379388073085
leaf_weight=1031 1031 288 3087 360 554 940 714
leaf_count=1031 1031 288 3087 360 554 940 714
internal_value=-6.57472e-05 -0.0830388 0.0591526 -0.0290658 -0.0228293 -0.00491412 0.0242758
internal_weight=8005 3333 4672 2302 1585 2014 1654
internal_count=8005 3333 4672 2302 1585 2014 1654
is_linear=0
shrinkage=0.02


Tree=88
num_leaves=8
num_cat=0
split_feature=64 41 64 64 41 41 31
split_gain=100426 69580.2 34762.9 21929.5 20627.8 12353.5 11802.9
threshold=3.5000000000000004 53.935000000000009 1.5000000000000002 1.5000000000000002 22.780000000000005 55.555000000000007 1.0000000180025095e-35
decision_type=2 2 2 2 2 2 2
left_child=1 2 -1 -3 -4 -2 -6
right_child=5 3 4 -5 6 -7 -8
leaf_value=-0.2924371328097316 0.058061177895157301 -0.17153039945956861 -0.21903571196356972 0.055311058687770531 -0.10831625058491401 0.14229451984862249 -0.017407377668643882
leaf_weight=376 1594 182 403 1939 1177 1249 1110
leaf_count=376 1594 182 403 1939 1177 1249 1110
internal_value=-0.000186495 -0.0525377 -0.113391 0.0354885 -0.0878685 0.0952518 -0.0643277
internal_weight=8030 5187 3066 2121 2690 2843 2287
internal_count=8030 5187 3066 2121 2690 2843 2287
is_linear=0
shrinkage=0.02


Tree=89
num_leaves=8
num_cat=0
split_feature=42 33 33 31 42 40 42
split_gain=94158.7 66158.1 37817.4 37435.7 18514.4 17411.9 16734.6
threshold=47.495000000000012 3.5000000000000004 1.5000000000000002 1.0000000180025095e-35 72.320000000000007 29.845000000000002 77.75500000000001
decision_type=2 2 2 2 2 2 2
left_child=1 3 6 -1 -4 -5 -2
right_child=2 -3 4 5 -6 -7 -8
leaf_value=-0.20704480580371187 -0.093247535666197201 0.057122754947365413 0.060314335639825391 -0.15537065576077322 0.16255138057093685 -0.0027849838278397989 0.12163417408835954
leaf_weight=1304 766 1038 2484 453 993 863 174
leaf_count=1304 766 1038 2484 453 993 863 174
internal_value=-0.00282084 -0.0778105 0.0593006 -0.131276 0.0897038 -0.0556981 -0.0530384
internal_weight=8075 3658 4417 2620 3477 1316 940
internal_count=8075 3658 4417 2620 3477 1316 940
is_linear=0
shrinkage=0.02


Tree=90
num_leaves=8
num_cat=0
split_feature=42 33 33 42 42 33 33
split_gain=92981.9 59884.2 35365.8 32242.9 25100.4 24532 21071.3
threshold=47.985000000000007 3.5000000000000004 1.0000000180025095e-35 17.205000000000002 71.985000000000014 1.5000000000000002 2.5000000000000004
decision_type=2 2 2 2 2 2 2
left_child=1 3 -2 -1 6 -5 -4
right_child=2 -3 4 5 -6 -7 -8
leaf_value=-0.2939318446230027 -0.18048568741924931 0.056237347857264385 -0.016473912775476329 -0.20038670393304661 0.1522746267289698 -0.054474181618046943 0.091855517845582352
leaf_weight=379 223 1014 1293 637 1202 1656 1607
leaf_count=379 223 1014 1293 637 1202 1656 1607
internal_value=-0.000668807 -0.0744226 0.0622015 -0.124019 0.0755986 -0.0953568 0.0436103
internal_weight=8011 3686 4325 2672 4102 2293 2900
internal_count=8011 3686 4325 2672 4102 2293 2900
is_linear=0
shrinkage=0.02


Tree=91
num_leaves=8
num_cat=0
split_feature=42 42 44 44 42 10 10
split_gain=85246.5 36981.6 28083.1 23553.2 20708.8 10174.1 8520.27
threshold=39.165000000000006 68.115000000000023 1.0000000180025095e-35 1.0000000180025095e-35 17.205000000000002 38698.400000000009 41633.600000000006
decision_type=2 2 2 2 2 2 2
left_child=2 3 -1 -2 -4 -5 -6
right_child=1 -3 4 5 6 -7 -8
leaf_value=-0.20910070255523874 -0.091174312423008511 0.12363268612764876 -0.1964926012944484 0.0035244423599827936 -0.062097954493055635 0.076395627280394993 0.034859489565321235
leaf_weight=650 735 1637 340 1819 935 1320 586
leaf_count=650 735 1637 340 1819 935 1320 586
internal_value=8.31745e-05 0.0440879 -0.0963915 0.0103593 -0.0565702 0.0342407 -0.0247511
internal_weight=8022 5511 2511 3874 1861 3139 1521
internal_count=8022 5511 2511 3874 1861 3139 1521
is_linear=0
shrinkage=0.02


Tree=92
num_leaves=8
num_cat=0
split_feature=33 44 33 47 44 33 33
split_gain=83133.7 45041.6 19891.7 16502.8 16059.6 15903 9231.4
threshold=1.5000000000000002 1.0000000180025095e-35 4.5000000000000009 4.5000000000000009 1.0000000180025095e-35 3.5000000000000004 1.0000000180025095e-35
decision_type=2 2 2 2 2 2 2
left_child=4 5 3 -3 -1 -2 -6
right_child=1 2 -4 -5 6 -7 -8
leaf_value=-0.25795428421109534 -0.12065752677340061 -0.016005568203488082 0.1628537040532915 0.06915835270236223 -0.18891798543244054 0.027810644478778596 -0.065354952248046411
leaf_weight=307 875 1282 647 3119 323 427 962
leaf_count=307 875 1282 647 3119 323 427 962
internal_value=0.00022935 0.0326464 0.0596937 0.0443603 -0.12877 -0.0720462 -0.0970258
internal_weight=7942 6350 5048 4401 1592 1302 1285
internal_count=7942 6350 5048 4401 1592 1302 1285
is_linear=0
shrinkage=0.02


Tree=93
num_leaves=8
num_cat=0
split_feature=64 42 31 42 64 41 64
split_gain=84243 68985.2 37599.4 27799 14473.9 14371.9 8393.53
threshold=1.5000000000000002 24.880000000000006 1.0000000180025095e-35 64.565000000000012 3.5000000000000004 55.555000000000007 4.5000000000000009
decision_type=2 2 2 2 2 2 2
left_child=-1 4 3 -3 -2 6 -4
right_child=1 2 5 -5 -6 -7 -8
leaf_value=-0.23678335633269332 -0.19580678433897361 -0.064411873735361003 0.028691715385618682 0.079379115206343678 -0.016857455430211724 0.12038158545642681 0.14180936684813655
leaf_weight=552 644 1733 1913 774 252 1812 300
leaf_count=552 644 1733 1913 774 252 1812 300
internal_value=0.000451484 0.0182286 0.0408298 -0.0199488 -0.14585 0.078664 0.0443113
internal_weight=7980 7428 6532 2507 896 4025 2213
internal_count=7980 7428 6532 2507 896 4025 2213
is_linear=0
shrinkage=0.02


Tree=94
num_leaves=8
num_cat=0
split_feature=64 41 42 64 42 42 64
split_gain=80537.9 38834.9 34821.1 22900.3 22030.8 18023.1 15874.7
threshold=2.5000000000000004 33.495000000000012 67.535000000000011 1.5000000000000002 21.245000000000001 74.205000000000013 3.5000000000000004
decision_type=2 2 2 2 2 2 2
left_child=2 -2 3 -1 -5 6 -3
right_child=1 5 -4 4 -6 -7 -8
leaf_value=-0.2519957312628166 -0.070464217752918112 0.0058516350610517418 0.077737200215498389 -0.27079657713062744 -0.058675772427821606 0.14729794877987692 0.087951003028210212
leaf_weight=480 1017 1898 372 229 1233 875 1867
leaf_count=480 1017 1898 372 229 1233 875 1867
internal_value=0.000560393 0.04122 -0.0987141 -0.132627 -0.092711 0.0657486 0.046626
internal_weight=7971 5657 2314 1942 1462 4640 3765
internal_count=7971 5657 2314 1942 1462 4640 3765
is_linear=0
shrinkage=0.02


Tree=95
num_leaves=8
num_cat=0
split_feature=66 43 66 66 46 43 16
split_gain=73789.5 28637.1 22679.6 20989.6 11155.7 10828.2 10168.9
threshold=0.31250000000000006 1.0000000180025095e-35 0.56250000000000011 1.0000000180025095e-35 4.5000000000000009 1.0000000180025095e-35 0.50035000000000007
decision_type=2 2 2 2 2 2 2
left_child=1 -1 5 -3 -5 -2 -7
right_child=2 3 -4 4 -6 6 -8
leaf_value=-0.15745757259956375 -0.028909107719057348 -0.20273352635537203 0.15016593796776839 -0.067892312200358004 0.019314037494343027 0.016533791706276658 0.095098203443914661
leaf_weight=983 832 255 828 941 1541 1398 1246
leaf_count=983 832 255 828 941 1541 1398 1246
internal_value=5.11448e-05 -0.0651397 0.0564066 -0.0317569 -0.0138185 0.0338891 0.0536673
internal_weight=8024 3720 4304 2737 2482 3476 2644
internal_count=8024 3720 4304 2737 2482 3476 2644
is_linear=0
shrinkage=0.02


Tree=96
num_leaves=8
num_cat=0
split_feature=41 34 41 34 34 41 34
split_gain=73623 46060.6 25686.8 25684.1 17425.1 10081.1 9601.71
threshold=34.985000000000007 1.5000000000000002 62.965000000000011 2.5000000000000004 1.0000000180025095e-35 68.705000000000013 2.5000000000000004
decision_type=2 2 2 2 2 2 2
left_child=3 2 4 -1 -2 6 -3
right_child=1 5 -4 -5 -6 -7 -8
leaf_value=-0.15835308930670081 -0.1864949854646904 0.029028551610204664 0.056724421815729092 0.017743156295920406 -0.038556898939804955 0.1433543820070958 0.10393128391859428
leaf_weight=1298 409 1550 928 443 1398 790 1229
leaf_count=1298 409 1550 928 443 1398 790 1229
internal_value=0.00131575 0.0331236 -0.028606 -0.113623 -0.0724637 0.0804022 0.0622811
internal_weight=8045 6304 2735 1741 1807 3569 2779
internal_count=8045 6304 2735 1741 1807 3569 2779
is_linear=0
shrinkage=0.02


Tree=97
num_leaves=8
num_cat=0
split_feature=31 40 40 40 34 40 34
split_gain=78435.1 45798.4 40146.2 16637.8 15736.1 14994.9 12939.5
threshold=1.0000000180025095e-35 51.035000000000004 29.540000000000003 22.675000000000004 1.0000000180025095e-35 61.355000000000011 1.5000000000000002
decision_type=2 2 2 2 2 2 2
left_child=1 3 -2 -1 -5 -4 -3
right_child=2 6 5 4 -6 -7 -8
leaf_value=-0.27903747258566414 -0.079480738300373971 -0.042668464214455151 0.049343195452677915 -0.26719842831124652 -0.08710817841000805 0.13253041103502108 0.075103829334800448
leaf_weight=311 779 982 2583 230 1183 1308 595
leaf_count=311 779 982 2583 230 1183 1308 595
internal_value=-0.00151752 -0.0760749 0.0512085 -0.147167 -0.117261 0.0774416 0.00186379
internal_weight=7971 3301 4670 1724 1413 3891 1577
internal_count=7971 3301 4670 1724 1413 3891 1577
is_linear=0
shrinkage=0.02


Tree=98
num_leaves=8
num_cat=0
split_feature=42 33 33 42 44 44 42
split_gain=72884.3 44548.9 28786.7 21391.7 20420.2 18456 15717.3
threshold=33.20000000000001 1.5000000000000002 4.5000000000000009 77.75500000000001 1.0000000180025095e-35 1.0000000180025095e-35 9.1200000000000028
decision_type=2 2 2 2 2 2 2
left_child=2 3 5 -2 -3 -1 -7
right_child=1 4 -4 -5 -6 6 -8
leaf_value=-0.24564574892300342 -0.10098330432572196 -0.023703913913365789 0.12123533024001368 0.13242519443966652 0.081704286468440634 -0.28752254831091484 -0.065363203022765909
leaf_weight=449 1125 896 189 178 4041 142 1002
leaf_count=449 1125 896 189 178 4041 142 1002
internal_value=0.00289659 0.0351227 -0.109731 -0.0687135 0.0625695 -0.137428 -0.0940701
internal_weight=8022 6240 1782 1303 4937 1593 1144
internal_count=8022 6240 1782 1303 4937 1593 1144
is_linear=0
shrinkage=0.02


Tree=99
num_leaves=8
num_cat=0
split_feature=64 42 33 42 33 33 33
split_gain=74930.8 62905.6 39009.2 28163.9 14115.3 11154.1 9896.47
threshold=1.5000000000000002 23.475000000000005 2.5000000000000004 64.565000000000012 3.5000000000000004 4.5000000000000009 1.0000000180025095e-35
decision_type=2 2 2 2 2 2 2
left_child=-1 4 3 6 -2 -4 -3
right_child=1 2 5 -5 -6 -7 -8
leaf_value=-0.22382763310382475 -0.20553685618122899 -0.19437417392601977 0.062961790463728878 0.077533879926187446 -0.020971516885078891 0.15023768464098294 -0.0433260534685527
leaf_weight=551 556 187 2937 877 237 733 1877
leaf_count=551 556 187 2937 877 237 733 1877
internal_value=0.000101126 0.0169055 0.0371273 -0.0171333 -0.150854 0.0805739 -0.0574478
internal_weight=7955 7404 6611 2941 793 3670 2064
internal_count=7955 7404 6611 2941 793 3670 2064
is_linear=0
shrinkage=0.02


Tree=100
num_leaves=8
num_cat=0
split_feature=31 42 41 42 34 66 66
split_gain=69616.9 47047.7 30324.7 18490.1 18336.2 16381.5 12223.4
threshold=1.0000000180025095e-35 57.605000000000011 41.965000000000011 17.205000000000002 2.5000000000000004 0.18750000000000003 1.0000000180025095e-35
decision_type=2 2 2 2 2 2 2
left_child=1 3 4 -1 -2 -5 -3
right_child=2 6 -4 5 -6 -7 -8
leaf_value=-0.30725426524663657 -0.071878891898112571 -0.14236329160985492 0.086838282946614304 -0.1828950883999135 0.068931153999199121 -0.060745773195990289 0.052230287402993722
leaf_weight=204 1014 142 3049 713 576 1152 1064
leaf_count=204 1014 142 3049 713 576 1152 1064
internal_value=0.000138606 -0.0703997 0.0499588 -0.128167 -0.0208123 -0.107808 0.0288248
internal_weight=7914 3275 4639 2069 1590 1865 1206
internal_count=7914 3275 4639 2069 1590 1865 1206
is_linear=0
shrinkage=0.02


Tree=101
num_leaves=8
num_cat=0
split_feature=31 42 40 42 33 42 33
split_gain=69690.5 45998.1 36188.5 24661.2 17769.6 15499 14536.2
threshold=1.0000000180025095e-35 64.565000000000012 22.675000000000004 21.795000000000005 3.5000000000000004 57.025000000000013 4.5000000000000009
decision_type=2 2 2 2 2 2 2
left_child=1 3 -2 -1 -5 6 -4
right_child=2 -3 5 4 -6 -7 -8
leaf_value=-0.28927328650775841 -0.12803374893787617 0.054808899517475668 0.013551228690255353 -0.11561163218490285 0.05157683112153702 0.11295721130003167 0.14254999305937066
leaf_weight=287 419 842 2138 1840 292 1679 413
leaf_count=287 419 842 2138 1840 292 1679 413
internal_value=-0.00144915 -0.0722688 0.0482509 -0.116523 -0.0926463 0.0658432 0.0346738
internal_weight=7910 3261 4649 2419 2132 4230 2551
internal_count=7910 3261 4649 2419 2132 4230 2551
is_linear=0
shrinkage=0.02


Tree=102
num_leaves=8
num_cat=0
split_feature=42 31 42 34 33 33 42
split_gain=64141.6 44914.3 31997 26177.2 17114.1 11215.2 11207.9
threshold=30.335000000000004 1.0000000180025095e-35 71.455000000000013 1.5000000000000002 3.5000000000000004 4.5000000000000009 68.115000000000023
decision_type=2 2 2 2 2 2 2
left_child=3 2 4 -1 -2 -5 -3
right_child=1 6 -4 5 -6 -7 -8
leaf_value=-0.22172151914846575 -0.090365054721661606 0.052224218952997024 0.098406222575180918 -0.081118011447948501 0.072424463189269109 0.10868453831467408 0.13152343782444317
leaf_weight=586 1901 2864 577 716 295 146 951
leaf_count=586 1901 2864 577 716 295 146 951
internal_value=0.00114656 0.0276553 -0.0335623 -0.119141 -0.0683819 -0.0485291 0.0721381
internal_weight=8036 6588 2773 1448 2196 862 3815
internal_count=8036 6588 2773 1448 2196 862 3815
is_linear=0
shrinkage=0.02


Tree=103
num_leaves=8
num_cat=0
split_feature=31 42 42 42 33 41 34
split_gain=65668.5 42326 32872.5 21321.1 16616.9 11460.1 10876.9
threshold=1.0000000180025095e-35 64.565000000000012 23.475000000000005 21.795000000000005 2.5000000000000004 62.095000000000006 2.5000000000000004
decision_type=2 2 2 2 2 2 2
left_child=1 3 -2 -1 -5 6 -4
right_child=2 -3 5 4 -6 -7 -8
leaf_value=-0.26793368071081169 -0.094105443336173975 0.053882005341876954 0.016854909282727107 -0.12619647835857792 -0.0083114741749895013 0.11682556750717792 0.099955420838668943
leaf_weight=296 566 845 1863 1461 711 1304 949
leaf_count=296 566 845 1863 1461 711 1304 949
internal_value=2.86895e-05 -0.0680541 0.0482255 -0.109827 -0.0877148 0.0678882 0.0450275
internal_weight=7995 3313 4682 2468 2172 4116 2812
internal_count=7995 3313 4682 2468 2172 4116 2812
is_linear=0
shrinkage=0.02


Tree=104
num_leaves=8
num_cat=0
split_feature=40 33 33 40 42 33 42
split_gain=62614.6 38437.9 27923.7 16554.8 15639.1 15605 13817
threshold=36.615000000000002 1.5000000000000002 3.5000000000000004 71.345000000000013 72.320000000000007 3.5000000000000004 17.205000000000002
decision_type=2 2 2 2 2 2 2
left_child=2 3 6 -2 5 -3 -1
right_child=1 4 -4 -5 -6 -7 -8
leaf_value=-0.25469601021255506 -0.10330197746607281 0.011504680664974743 0.021788324340095006 0.074745965145305085 0.13241179685805882 0.098094007485550569 -0.10683509125271309
leaf_weight=325 969 2407 597 262 951 1269 1162
leaf_count=325 969 2407 597 262 951 1269 1162
internal_value=0.000382297 0.0338816 -0.0936379 -0.0652581 0.0602994 0.041489 -0.139897
internal_weight=7942 5858 2084 1231 4627 3676 1487
internal_count=7942 5858 2084 1231 4627 3676 1487
is_linear=0
shrinkage=0.02


Tree=105
num_leaves=8
num_cat=0
split_feature=64 42 66 40 66 66 66
split_gain=67973.3 50615.7 32109.4 29356.3 13345.4 11695.2 10771.9
threshold=1.5000000000000002 23.475000000000005 0.31250000000000006 65.990000000000023 0.56250000000000011 1.0000000180025095e-35 0.56250000000000011
decision_type=2 2 2 2 2 2 2
left_child=-1 4 3 5 -2 -3 -4
right_child=1 2 6 -5 -6 -7 -8
leaf_value=-0.21314826055494851 -0.16295076467314717 -0.19273803416991009 0.055795473155727734 0.092628162511892251 0.092588593176704773 -0.036476443599447746 0.14157740183914599
leaf_weight=554 713 207 2964 753 89 2044 730
leaf_count=554 713 207 2964 753 89 2044 730
internal_value=-0.000386847 0.0154607 0.0334667 -0.0150843 -0.134195 -0.0512414 0.072916
internal_weight=8054 7500 6698 3004 802 2251 3694
internal_count=8054 7500 6698 3004 802 2251 3694
is_linear=0
shrinkage=0.02


Tree=106
num_leaves=8
num_cat=0
split_feature=66 66 66 46 34 46 12
split_gain=56924.6 26495.1 13051.6 11948.4 7754.65 7502.53 6791.16
threshold=0.18750000000000003 0.56250000000000011 1.0000000180025095e-35 2.5000000000000004 2.5000000000000004 2.5000000000000004 60.270000000000003
decision_type=2 2 2 2 2 2 2
left_child=2 3 -1 -2 6 -4 -5
right_child=1 -3 5 4 -6 -7 -8
leaf_value=-0.20307953769802162 -0.059178316747374615 0.13174487402569279 -0.19064695735421516 -0.0074179798373069207 0.069232451255780231 -0.052163510700234693 0.054963536085964132
leaf_weight=399 820 833 179 2652 1117 1105 942
leaf_count=399 820 833 179 2652 1117 1105 942
internal_value=-0.000425344 0.026943 -0.103688 0.0110545 0.023329 -0.0721339 0.00898608
internal_weight=8047 6364 1683 5531 4711 1284 3594
internal_count=8047 6364 1683 5531 4711 1284 3594
is_linear=0
shrinkage=0.02


Tree=107
num_leaves=8
num_cat=0
split_feature=42 66 66 44 42 42 66
split_gain=59223.3 34826.2 30179.2 20673 13853.2 13426.3 11106.3
threshold=39.675000000000004 0.31250000000000006 1.0000000180025095e-35 1.0000000180025095e-35 14.090000000000002 77.75500000000001 0.43750000000000006
decision_type=2 2 2 2 2 2 2
left_child=1 -1 -2 6 -3 -5 -4
right_child=2 4 3 5 -6 -7 -8
leaf_value=-0.1638000613698237 -0.16003083555192568 -0.15738942824108038 -0.080135434920112381 0.051057139795203703 0.012555454039866283 0.14709852294562029 0.075012099258820797
leaf_weight=1104 289 223 667 3569 1207 694 250
leaf_count=1104 289 223 667 3569 1207 694 250
internal_value=0.00015063 -0.0796856 0.0371809 0.0483273 -0.0144025 0.0668463 -0.0376604
internal_weight=8003 2534 5469 5180 1430 4263 917
internal_count=8003 2534 5469 5180 1430 4263 917
is_linear=0
shrinkage=0.02


Tree=108
num_leaves=8
num_cat=0
split_feature=31 40 40 44 44 33 40
split_gain=60223.5 36912.5 28491.4 16079.9 13651 12776.5 12532.1
threshold=1.0000000180025095e-35 51.035000000000004 22.675000000000004 1.0000000180025095e-35 1.0000000180025095e-35 3.5000000000000004 81.645000000000024
decision_type=2 2 2 2 2 2 2
left_child=1 3 -2 -1 -4 -5 -3
right_child=2 6 4 5 -6 -7 -8
leaf_value=-0.24500278186664065 -0.10374842232382246 -0.017333839483595705 -0.0095443268871321027 -0.12117822567336925 0.079168443803926319 0.054748621008445311 0.15135268201578908
leaf_weight=373 459 1421 868 1176 3433 189 196
leaf_count=373 459 1421 868 1176 3433 189 196
internal_value=-0.000454166 -0.0652969 0.0452696 -0.129146 0.0612747 -0.0967082 0.00351654
internal_weight=8115 3355 4760 1738 4301 1365 1617
internal_count=8115 3355 4760 1738 4301 1365 1617
is_linear=0
shrinkage=0.02


Tree=109
num_leaves=8
num_cat=0
split_feature=64 42 34 42 64 52 52
split_gain=60576.7 42188.1 31457.7 26182.5 10580.1 10146.2 9594.99
threshold=1.5000000000000002 23.475000000000005 1.5000000000000002 64.565000000000012 3.5000000000000004 44.855000000000011 33.585000000000008
decision_type=2 2 2 2 2 2 2
left_child=-1 4 3 5 -2 -3 -4
right_child=1 2 6 -5 -6 -7 -8
leaf_value=-0.20294859544347441 -0.17021290659826735 -0.11116780237148442 0.0047730165631706747 0.070676759233425937 -0.0050792098004336754 -0.019748449601654738 0.082619464193582084
leaf_weight=555 570 899 801 850 213 1055 3032
leaf_count=555 570 899 801 850 213 1055 3032
internal_value=-0.00236453 0.0127653 0.0291722 -0.0217161 -0.125609 -0.0619852 0.0663789
internal_weight=7975 7420 6637 2804 783 1954 3833
internal_count=7975 7420 6637 2804 783 1954 3833
is_linear=0
shrinkage=0.02


Tree=110
num_leaves=8
num_cat=0
split_feature=64 40 64 40 33 40 33
split_gain=58000.2 46454.4 24356.2 20286.1 13056 8799.32 7486.54
threshold=3.5000000000000004 31.265000000000004 1.5000000000000002 62.045000000000009 1.5000000000000002 20.705000000000002 1.5000000000000002
decision_type=2 2 2 2 2 2 2
left_child=1 5 -3 4 -4 -1 -7
right_child=-2 2 3 -5 -6 6 -8
leaf_value=-0.22460086384666147 0.072674399157032041 -0.15531338145951909 -0.10186743274644801 0.074184236876822421 0.0011726833396240156 -0.22758295296084499 -0.065659218478221967
leaf_weight=453 2787 410 660 1190 1889 150 462
leaf_count=453 2787 410 660 1190 1889 150 462
internal_value=-0.000902343 -0.0402627 -0.0099484 0.00617772 -0.0256542 -0.157762 -0.106869
internal_weight=8001 5214 4149 3739 2549 1065 612
internal_count=8001 5214 4149 3739 2549 1065 612
is_linear=0
shrinkage=0.02


Tree=111
num_leaves=8
num_cat=0
split_feature=64 40 64 40 33 52 33
split_gain=57885.8 46082.3 32099.6 21918.3 19256.1 13056.2 8393.15
threshold=3.5000000000000004 22.675000000000004 1.5000000000000002 65.990000000000023 3.5000000000000004 33.815000000000005 1.0000000180025095e-35
decision_type=2 2 2 2 2 2 2
left_child=1 -1 -3 4 5 -4 -7
right_child=-2 2 3 -5 -6 6 -8
leaf_value=-0.21379502954445162 0.07312325235434769 -0.1751859439342395 -0.12619080970479427 0.084583236078958263 0.071184829171518402 -0.16244920838653343 -0.011185760340446459
leaf_weight=538 2816 468 665 920 651 155 1782
leaf_count=538 2816 468 665 920 651 155 1782
internal_value=0.000216889 -0.0394571 -0.0190389 -0.00133842 -0.0257309 -0.0500685 -0.023677
internal_weight=7995 5179 4641 4173 3253 2602 1937
internal_count=7995 5179 4641 4173 3253 2602 1937
is_linear=0
shrinkage=0.02


Tree=112
num_leaves=8
num_cat=0
split_feature=40 64 33 64 42 33 42
split_gain=56759.9 36273.1 22177.4 20456.9 13275.5 12536.3 12115.6
threshold=31.265000000000004 1.5000000000000002 1.5000000000000002 3.5000000000000004 72.320000000000007 4.5000000000000009 80.415000000000006
decision_type=2 2 2 2 2 2 2
left_child=3 -2 6 -1 5 -4 -3
right_child=1 2 4 -5 -6 -7 -8
leaf_value=-0.15800980457362715 -0.15962548836746654 -0.063671746387605824 0.026294072173050291 0.0063192762622487873 0.12375887212570426 0.13047605560394876 0.13528116181600008
leaf_weight=1060 392 1037 3463 423 939 529 134
leaf_count=1060 392 1037 3463 423 939 529 134
internal_value=0.000150519 0.025662 0.037686 -0.111274 0.0562582 0.0402457 -0.0404268
internal_weight=7977 6494 6102 1483 4931 3992 1171
internal_count=7977 6494 6102 1483 4931 3992 1171
is_linear=0
shrinkage=0.02


Tree=113
num_leaves=8
num_cat=0
split_feature=64 41 33 41 33 64 64
split_gain=51175.3 42021.1 22536.9 15703.7 10789.4 7986.07 7352.97
threshold=3.5000000000000004 58.930000000000007 1.5000000000000002 20.030000000000005 4.5000000000000009 1.5000000000000002 1.5000000000000002
decision_type=2 2 2 2 2 2 2
left_child=1 2 -1 -4 6 -3 -5
right_child=-2 5 3 4 -6 -7 -8
leaf_value=-0.15606165511952294 0.069320987376328067 -0.097419424746447894 -0.19097056033967555 -0.15715506940614432 0.13036215975144763 0.059679890184203707 -0.027283982184031965
leaf_weight=996 2787 137 256 187 157 1515 1950
leaf_count=996 2787 137 256 187 157 1515 1950
internal_value=0.000246277 -0.0368204 -0.0756002 -0.043929 -0.0271402 0.046397 -0.0389888
internal_weight=7985 5198 3546 2550 2294 1652 2137
internal_count=7985 5198 3546 2550 2294 1652 2137
is_linear=0
shrinkage=0.02


Tree=114
num_leaves=8
num_cat=0
split_feature=31 42 40 44 33 44 42
split_gain=50321.1 34445.6 26304.5 15959.6 13193.7 11315.7 11208.5
threshold=1.0000000180025095e-35 57.605000000000011 22.675000000000004 1.0000000180025095e-35 3.5000000000000004 1.0000000180025095e-35 80.015000000000015
decision_type=2 2 2 2 2 2 2
left_child=1 3 -2 -1 -5 -4 -3
right_child=2 6 5 4 -6 -7 -8
leaf_value=-0.20999579118455158 -0.10325910384400881 -0.0087537808906907183 -0.0081211796453002326 -0.10074822724726655 0.061498715580143824 0.074105692604506931 0.13200613950397944
leaf_weight=471 443 938 832 1415 230 3402 293
leaf_count=471 443 938 832 1415 230 3402 293
internal_value=0.000241041 -0.0589157 0.042593 -0.107764 -0.0779456 0.0579572 0.0251481
internal_weight=8024 3347 4677 2116 1645 4234 1231
internal_count=8024 3347 4677 2116 1645 4234 1231
is_linear=0
shrinkage=0.02


Tree=115
num_leaves=8
num_cat=0
split_feature=42 66 66 66 42 42 42
split_gain=49994.9 28715.7 22929.8 12981 12512.3 11122.4 10753.2
threshold=39.675000000000004 0.31250000000000006 0.18750000000000003 0.56250000000000011 14.090000000000002 80.790000000000006 68.115000000000023
decision_type=2 2 2 2 2 2 2
left_child=1 -1 5 4 -3 -2 -4
right_child=2 3 6 -5 -6 -7 -8
leaf_value=-0.14914743425779939 -0.067796548340895713 -0.19224547196948341 0.034133131042797089 0.10950133583193475 -0.014215013968626884 0.12000655338168144 0.10373411233614808
leaf_weight=1127 1031 184 3020 270 966 139 1258
leaf_count=1127 1031 184 3020 270 966 139 1258
internal_value=-0.000943322 -0.0740044 0.0332501 -0.0140521 -0.0434088 -0.0450692 0.0546974
internal_weight=7995 2547 5448 1420 1150 1170 4278
internal_count=7995 2547 5448 1420 1150 1170 4278
is_linear=0
shrinkage=0.02


Tree=116
num_leaves=8
num_cat=0
split_feature=64 41 64 41 66 34 41
split_gain=46114.9 38833.4 21793.4 15218.4 12603.2 7572.69 6696.27
threshold=3.5000000000000004 34.985000000000007 1.5000000000000002 72.595000000000013 0.31250000000000006 1.5000000000000002 28.075000000000006
decision_type=2 2 2 2 2 2 2
left_child=1 5 -3 4 -4 -1 -2
right_child=6 2 3 -5 -6 -7 -8
leaf_value=-0.18570215490675465 -0.022214221297927991 -0.14449458532808349 -0.042460251641430108 0.1049632494303173 0.039332208042280305 -0.084645812880607602 0.076535219211234615
leaf_weight=577 306 395 1722 575 1332 637 2520
leaf_count=577 306 395 1722 575 1332 637 2520
internal_value=0.000775895 -0.0343472 -0.00438343 0.0110449 -0.00678055 -0.133241 0.0658223
internal_weight=8064 5238 4024 3629 3054 1214 2826
internal_count=8064 5238 4024 3629 3054 1214 2826
is_linear=0
shrinkage=0.02


Tree=117
num_leaves=8
num_cat=0
split_feature=42 31 42 34 44 52 44
split_gain=46041.1 35645.6 23371.2 15935.1 13226.1 11235.2 10219.9
threshold=26.455000000000002 1.0000000180025095e-35 71.985000000000014 1.5000000000000002 1.0000000180025095e-35 44.005000000000003 1.0000000180025095e-35
decision_type=2 2 2 2 2 2 2
left_child=3 2 4 -1 -2 -6 -3
right_child=1 6 -4 -5 5 -7 -8
leaf_value=-0.21282445540137704 -0.15848776016667296 -0.010406877877418126 0.081290223885041007 -0.05823294671400376 -0.095439721179713666 0.0031917893277292999 0.070475831933892383
leaf_weight=448 469 769 541 662 817 1054 3302
leaf_count=448 469 769 541 662 817 1054 3302
internal_value=-0.00198987 0.0171336 -0.0366632 -0.121301 -0.0640488 -0.0400167 0.0552033
internal_weight=8062 6952 2881 1110 2340 1871 4071
internal_count=8062 6952 2881 1110 2340 1871 4071
is_linear=0
shrinkage=0.02


Tree=118
num_leaves=8
num_cat=0
split_feature=42 33 44 42 33 42 34
split_gain=44492.9 33576.9 19620.9 18444.7 13214.5 8669.88 8895.56
threshold=23.475000000000005 1.5000000000000002 1.0000000180025095e-35 77.75500000000001 4.5000000000000009 64.280000000000015 2.5000000000000004
decision_type=2 2 2 2 2 2 2
left_child=4 3 -3 -2 -1 6 -4
right_child=1 2 5 -5 -6 -7 -8
leaf_value=-0.15971956189268807 -0.096727244531618184 -0.039665000368578153 0.014561091440729583 0.11379922727899006 0.086016481709480286 0.09783161665011994 0.085930776859019758
leaf_weight=804 1278 1058 2166 187 95 1369 1028
leaf_count=804 1278 1058 2166 187 95 1369 1028
internal_value=-0.00128006 0.0155667 0.0377951 -0.0695589 -0.13342 0.0557792 0.0376301
internal_weight=7985 7086 5621 1465 899 4563 3194
internal_count=7985 7086 5621 1465 899 4563 3194
is_linear=0
shrinkage=0.02


Tree=119
num_leaves=8
num_cat=0
split_feature=31 40 40 40 44 44 65
split_gain=45419.7 26724.8 19407.7 13955 10613.7 10548.1 8252.01
threshold=1.0000000180025095e-35 37.755000000000003 20.705000000000002 71.345000000000013 1.0000000180025095e-35 1.0000000180025095e-35 0.73214285714285732
decision_type=2 2 2 2 2 2 2
left_child=1 -1 -2 4 -3 -4 -6
right_child=2 3 5 -5 6 -7 -8
leaf_value=-0.14852979777983985 -0.099170820044115066 -0.1406350378057471 -0.010113578314898331 0.073768477979744604 -0.039688999307260019 0.068180089268319866 0.098381354634960505
leaf_weight=906 362 373 860 487 1383 3419 193
leaf_count=906 362 373 860 487 1383 3419 193
internal_value=6.5006e-05 -0.0561056 0.0405305 -0.0214972 -0.0454293 0.0524511 -0.022523
internal_weight=7983 3342 4641 2436 1949 4279 1576
internal_count=7983 3342 4641 2436 1949 4279 1576
is_linear=0
shrinkage=0.02


Tree=120
num_leaves=8
num_cat=0
split_feature=64 41 33 52 44 33 41
split_gain=45321.8 34641.2 20572.3 11931 9648.85 8146.65 7785.74
threshold=3.5000000000000004 35.445000000000007 1.5000000000000002 53.845000000000006 1.0000000180025095e-35 3.5000000000000004 63.395000000000003
decision_type=2 2 2 2 2 2 2
left_child=1 5 4 -4 -3 -1 -6
right_child=-2 2 3 -5 6 -7 -8
leaf_value=-0.1543238362466143 0.061805506437710295 -0.18845372135919614 -0.014924219898104584 0.068331665976166231 -0.089196634657122797 -0.027386998753509417 0.035069749388868449
leaf_weight=1004 2820 249 1603 1200 609 256 297
leaf_count=1004 2820 249 1603 1200 609 256 297
internal_value=-0.00273052 -0.037634 -0.00850401 0.0207769 -0.0793473 -0.128744 -0.0484914
internal_weight=8038 5218 3958 2803 1155 1260 906
internal_count=8038 5218 3958 2803 1155 1260 906
is_linear=0
shrinkage=0.02


Tree=121
num_leaves=8
num_cat=0
split_feature=40 31 34 44 44 34 40
split_gain=44755.1 22230.2 19933.9 16149.5 11335.5 10693.1 8076.69
threshold=35.605000000000011 1.0000000180025095e-35 1.5000000000000002 1.0000000180025095e-35 1.0000000180025095e-35 1.0000000180025095e-35 72.305000000000021
decision_type=2 2 2 2 2 2 2
left_child=2 3 -1 -2 -4 -5 -7
right_child=1 -3 4 5 -6 6 -8
leaf_value=-0.1595741911967142 -0.12234613007707996 0.06074916311183344 -0.13685942857789582 -0.08412832786591308 0.0077160577241900483 0.0079526667605567068 0.11861031889006859
leaf_weight=784 467 3527 285 407 859 1353 323
leaf_count=784 467 3527 285 407 859 1353 323
internal_value=0.00161487 0.0282574 -0.0822176 -0.016714 -0.0287403 0.00720452 0.0295681
internal_weight=8005 6077 1928 2550 1144 2083 1676
internal_count=8005 6077 1928 2550 1144 2083 1676
is_linear=0
shrinkage=0.02


Tree=122
num_leaves=8
num_cat=0
split_feature=64 41 52 33 33 42 41
split_gain=45388.9 33684.5 17162.6 15164.9 9581.71 9350.53 7849.25
threshold=1.5000000000000002 34.600000000000009 45.045000000000009 3.5000000000000004 3.5000000000000004 29.405000000000005 69.035000000000011
decision_type=2 2 2 2 2 2 2
left_child=-1 3 4 5 -3 -2 -4
right_child=1 2 6 -5 -6 -7 -8
leaf_value=-0.17524399609999222 -0.16805242752947591 -0.029509212746367215 0.046456815055847082 0.028313979583883046 0.060340411158495172 -0.051236715956883352 0.1172080777888018
leaf_weight=545 545 1794 2631 447 640 559 825
leaf_count=545 545 1794 2631 447 640 559 825
internal_value=8.29356e-05 0.0130334 0.0348728 -0.0697483 -0.00580874 -0.109402 0.0634911
internal_weight=7986 7441 5890 1551 2434 1104 3456
internal_count=7986 7441 5890 1551 2434 1104 3456
is_linear=0
shrinkage=0.02


Tree=123
num_leaves=8
num_cat=0
split_feature=40 33 42 34 44 34 44
split_gain=41552.4 28545.1 18498.4 16814.8 15587.4 12868.6 7934.66
threshold=30.425000000000004 2.5000000000000004 79.600000000000009 1.5000000000000002 1.0000000180025095e-35 1.0000000180025095e-35 1.0000000180025095e-35
decision_type=2 2 2 2 2 2 2
left_child=3 2 4 -1 -2 -6 -5
right_child=1 -3 -4 6 5 -7 -8
leaf_value=-0.18651635852101428 -0.13529167225227434 0.05744305257365831 0.11332428811394961 -0.15253375970758498 -0.11550976647944612 0.0050380401327658536 -0.0087445575381469003
leaf_weight=558 569 3500 338 199 435 1815 623
leaf_count=558 569 3500 338 199 435 1815 623
internal_value=-0.00257666 0.018147 -0.0254403 -0.102251 -0.0422495 -0.0184723 -0.0442666
internal_weight=8037 6657 3157 1380 2819 2250 822
internal_count=8037 6657 3157 1380 2819 2250 822
is_linear=0
shrinkage=0.02


Tree=124
num_leaves=8
num_cat=0
split_feature=40 66 66 40 34 40 40
split_gain=39077.3 26296.7 17416.1 12144.3 9392.59 9139.68 8239.4
threshold=30.985000000000003 0.18750000000000003 0.31250000000000006 58.175000000000004 2.5000000000000004 66.265000000000015 8.9700000000000024
decision_type=2 2 2 2 2 2 2
left_child=2 5 -1 4 -3 -2 -4
right_child=1 3 6 -5 -6 -7 -8
leaf_value=-0.17433061461974966 -0.086915467892858103 -0.0059800047732313242 -0.19723217995078476 0.080263190920244934 0.069579992482278238 0.029377302363981818 -0.010209962259853713
leaf_weight=606 1007 2129 103 2042 947 366 744
leaf_count=606 1007 2129 103 2042 947 366 744
internal_value=0.000660933 0.0216623 -0.0929111 0.0425098 0.0173576 -0.0559212 -0.0339769
internal_weight=7944 6491 1453 5118 3076 1373 847
internal_count=7944 6491 1453 5118 3076 1373 847
is_linear=0
shrinkage=0.02


Tree=125
num_leaves=8
num_cat=0
split_feature=31 40 40 44 44 66 40
split_gain=37336.2 24298.2 16480.5 11378.3 9821.58 9582.72 9352.63
threshold=1.0000000180025095e-35 42.615000000000002 22.675000000000004 1.0000000180025095e-35 1.0000000180025095e-35 0.43750000000000006 56.135000000000012
decision_type=2 2 2 2 2 2 2
left_child=1 4 -2 -3 -1 -6 -4
right_child=2 3 6 -5 5 -7 -8
leaf_value=-0.2287320788034371 -0.083034347623933191 -0.10697427700921271 0.021878688797362225 0.010630643120317092 -0.118330816436336 0.064230577875586128 0.082366824129895266
leaf_weight=275 425 402 2470 1715 797 131 1746
leaf_count=275 425 402 2470 1715 797 131 1746
internal_value=-0.00160626 -0.0527714 0.0350128 -0.011901 -0.124347 -0.0923537 0.0469969
internal_weight=7961 3320 4641 2117 1203 928 4216
internal_count=7961 3320 4641 2117 1203 928 4216
is_linear=0
shrinkage=0.02


Tree=126
num_leaves=8
num_cat=0
split_feature=41 33 33 42 44 44 42
split_gain=40173.3 22813.4 18501.4 15149.6 13784 11651.2 10822.5
threshold=41.495000000000012 3.5000000000000004 1.0000000180025095e-35 72.320000000000007 1.0000000180025095e-35 1.0000000180025095e-35 9.1200000000000028
decision_type=2 2 2 2 2 2 2
left_child=1 4 -2 5 -1 -4 -6
right_child=2 -3 3 -5 6 -7 -8
leaf_value=-0.19896486932556617 -0.13256326582145822 0.028345687036939675 -0.05097414573981978 0.10027097477857586 -0.26474733320944899 0.035127110291421335 -0.056816151934858769
leaf_weight=458 267 718 780 1156 104 3157 1324
leaf_count=458 267 718 780 1156 104 3157 1324
internal_value=-0.00308424 -0.0674561 0.0282227 0.0367736 -0.103906 0.0180257 -0.0728305
internal_weight=7964 2604 5360 5093 1886 3937 1428
internal_count=7964 2604 5360 5093 1886 3937 1428
is_linear=0
shrinkage=0.02


Tree=127
num_leaves=8
num_cat=0
split_feature=64 42 64 52 42 42 33
split_gain=38019.4 30758.4 17788.8 16052.8 9752.28 7762.85 6988.55
threshold=3.5000000000000004 57.605000000000011 1.5000000000000002 33.815000000000005 20.675000000000004 77.75500000000001 1.5000000000000002
decision_type=2 2 2 2 2 2 2
left_child=1 2 -1 -4 -5 -3 -6
right_child=-2 5 3 4 6 -7 -8
leaf_value=-0.1925312207383445 0.057356521988715881 0.010064676696226363 -0.12588075674028748 -0.13301883489844646 -0.071961321153698785 0.10755164035566321 0.015340659024043754
leaf_weight=404 2800 1274 840 277 488 435 1428
leaf_count=404 2800 1274 840 277 488 435 1428
internal_value=-0.00189147 -0.0341534 -0.0685995 -0.0518019 -0.0232052 0.0351199 -0.00702435
internal_weight=7946 5146 3437 3033 2193 1709 1916
internal_count=7946 5146 3437 3033 2193 1709 1916
is_linear=0
shrinkage=0.02


Tree=128
num_leaves=8
num_cat=0
split_feature=42 66 66 31 40 44 42
split_gain=36651.6 24198.5 18795.9 13760.2 13084.7 10261.7 7767.32
threshold=42.995000000000012 0.43750000000000006 1.0000000180025095e-35 1.0000000180025095e-35 73.395000000000024 1.0000000180025095e-35 9.1200000000000028
decision_type=2 2 2 2 2 2 2
left_child=1 3 -2 -1 5 -4 -5
right_child=2 -3 4 6 -6 -7 -8
leaf_value=-0.14058261396984259 -0.13033973355619413 0.036529538389583269 -0.044834720013306149 -0.21885992559154382 0.10897189041490409 0.041336324257756969 -0.023746972024008856
leaf_weight=1075 260 836 668 84 950 3104 1009
leaf_count=1075 260 836 668 84 950 3104 1009
internal_value=0.000400844 -0.0547244 0.0336613 -0.0899159 0.0428198 0.0260368 -0.0396703
internal_weight=7986 3004 4982 2168 4722 3772 1093
internal_count=7986 3004 4982 2168 4722 3772 1093
is_linear=0
shrinkage=0.02


Tree=129
num_leaves=8
num_cat=0
split_feature=41 31 34 42 33 42 42
split_gain=35047.1 33112.3 11662.3 11297.1 10436.9 10244.5 7914.21
threshold=58.930000000000007 1.0000000180025095e-35 1.0000000180025095e-35 15.815000000000003 4.5000000000000009 21.795000000000005 72.320000000000007
decision_type=2 2 2 2 2 2 2
left_child=1 2 -1 -4 5 -3 -2
right_child=6 4 3 -5 -6 -7 -8
leaf_value=-0.18616882870816295 0.031612295788731128 -0.097995457237734063 -0.23823186176431763 -0.052540591736871312 0.10062690883858373 0.012749700978800531 0.10275704890513937
leaf_weight=404 1672 386 138 1663 446 2292 1001
leaf_count=404 1672 386 138 1663 446 2292 1001
internal_value=-0.000637933 -0.0302766 -0.0895239 -0.0673892 0.011618 -0.0033657 0.0583971
internal_weight=8002 5329 2205 1801 3124 2678 2673
internal_count=8002 5329 2205 1801 3124 2678 2673
is_linear=0
shrinkage=0.02


Tree=130
num_leaves=8
num_cat=0
split_feature=66 40 42 64 40 66 52
split_gain=36026.8 27495.5 16598.3 13645.6 11905 8062.13 7662.36
threshold=0.31250000000000006 62.045000000000009 24.880000000000006 1.5000000000000002 22.675000000000004 0.56250000000000011 53.57500000000001
decision_type=2 2 2 2 2 2 2
left_child=1 3 -2 -1 -5 6 -4
right_child=2 -3 5 4 -6 -7 -8
leaf_value=-0.19868871805869021 -0.062016666596336451 0.041990578576744673 0.011071914100535795 -0.1880659273288787 -0.046852467767652839 0.11320845756906173 0.07544623620973151
leaf_weight=338 573 1001 1724 266 2078 719 1293
leaf_count=338 573 1001 1724 266 2078 719 1293
internal_value=-0.00141021 -0.0473067 0.037828 -0.0806512 -0.0632437 0.0532038 0.0387401
internal_weight=7992 3683 4309 2682 2344 3736 3017
internal_count=7992 3683 4309 2682 2344 3736 3017
is_linear=0
shrinkage=0.02


Tree=131
num_leaves=8
num_cat=0
split_feature=31 42 44 44 42 41 42
split_gain=34457 24202.7 16546 11029.5 9097.52 8832.55 7528.41
threshold=1.0000000180025095e-35 57.605000000000011 1.0000000180025095e-35 1.0000000180025095e-35 80.415000000000006 51.955000000000005 10.480000000000002
decision_type=2 2 2 2 2 2 2
left_child=1 3 5 -1 -3 -2 -4
right_child=2 4 6 -5 -6 -7 -8
leaf_value=-0.17640084045090174 -0.088742835756765712 -0.008728760387295139 -0.11376515610319263 -0.066479195493378176 0.12219864560141616 0.033716606139570851 0.057627841433614747
leaf_weight=470 582 940 101 1640 269 390 3618
leaf_count=470 582 940 101 1640 269 390 3618
internal_value=-0.00124296 -0.0505159 0.0336356 -0.0913233 0.0207856 -0.0396868 0.0528267
internal_weight=8010 3319 4691 2110 1209 972 3719
internal_count=8010 3319 4691 2110 1209 972 3719
is_linear=0
shrinkage=0.02


Tree=132
num_leaves=8
num_cat=0
split_feature=44 65 65 43 64 64 55
split_gain=36868.4 23752.9 10353.9 9943.72 8180.55 5619.27 4406.78
threshold=1.0000000180025095e-35 1.0000000180025095e-35 0.76388888888888895 1.0000000180025095e-35 1.5000000000000002 4.5000000000000009 51.435000000000009
decision_type=2 2 2 2 2 2 2
left_child=2 -2 4 -3 -1 -5 -6
right_child=1 3 -4 5 6 -7 -8
leaf_value=-0.18467858375527799 -0.10191074738402414 -0.014515731765317862 0.094616514076789213 0.03774884897462074 -0.050647575296903835 0.10313315479002809 -0.13749022137731223
leaf_weight=344 576 1385 115 3820 890 608 318
leaf_count=344 576 1385 115 3820 890 608 318
internal_value=-0.00181303 0.0200536 -0.0854293 0.0322161 -0.0990313 0.0468328 -0.073981
internal_weight=8056 6389 1667 5813 1552 4428 1208
internal_count=8056 6389 1667 5813 1552 4428 1208
is_linear=0
shrinkage=0.02


Tree=133
num_leaves=8
num_cat=0
split_feature=64 52 40 31 34 41 44
split_gain=32177.2 27969.8 14227.9 10559.8 10420.7 11682.4 5784.08
threshold=1.5000000000000002 45.045000000000009 26.045000000000005 1.0000000180025095e-35 2.5000000000000004 54.335000000000008 1.0000000180025095e-35
decision_type=2 2 2 2 2 2 2
left_child=-1 2 -2 -4 5 6 -3
right_child=1 4 3 -5 -6 -7 -8
leaf_value=-0.14878729902309265 -0.12869452519659644 -0.093745486649799425 -0.065503582208358474 0.016185283353534859 0.094540164101266769 0.064870711715021026 0.0046201621938724907
leaf_weight=546 535 287 1039 1604 1152 1460 1318
leaf_count=546 535 287 1039 1604 1152 1460 1318
internal_value=-0.00134195 0.00963766 -0.0351362 -0.0159908 0.0433817 0.0240307 -0.0132057
internal_weight=7941 7395 3178 2643 4217 3065 1605
internal_count=7941 7395 3178 2643 4217 3065 1605
is_linear=0
shrinkage=0.02


Tree=134
num_leaves=8
num_cat=0
split_feature=40 64 34 42 16 64 64
split_gain=33994.9 23600.7 18158.6 18993.3 11660.2 8180.26 7418.55
threshold=22.675000000000004 1.5000000000000002 2.5000000000000004 71.985000000000014 0.49815000000000004 3.5000000000000004 3.5000000000000004
decision_type=2 2 2 2 2 2 2
left_child=5 -2 3 4 6 -1 -3
right_child=1 2 -4 -5 -6 -7 -8
leaf_value=-0.16615011406529742 -0.12340362295508385 -0.071763245516152707 0.079946448922415661 0.086359239526964893 0.021270484230074799 -0.017105235358377775 0.0089253919295988835
leaf_weight=544 455 1432 1754 935 1995 203 666
leaf_count=544 455 1432 1754 935 1995 203 666
internal_value=0.0019614 0.0152505 0.0246367 0.0052819 -0.0133221 -0.12603 -0.0461887
internal_weight=7984 7237 6782 5028 4093 747 2098
internal_count=7984 7237 6782 5028 4093 747 2098
is_linear=0
shrinkage=0.02


Tree=135
num_leaves=8
num_cat=0
split_feature=44 65 66 66 16 16 12
split_gain=31626.5 21022.1 13335.6 11061.3 11930.7 5254.81 4569.14
threshold=1.0000000180025095e-35 1.0000000180025095e-35 0.43750000000000006 0.43750000000000006 0.36255000000000004 0.50035000000000007 45.535000000000004
decision_type=2 2 2 2 2 2 2
left_child=2 -2 5 4 -3 -1 -6
right_child=1 3 -4 -5 6 -7 -8
leaf_value=-0.15279189195302059 -0.093164744498426197 -0.052376959829940728 0.017450827354351519 0.073098122193612447 0.0065421595072317961 -0.06807857665212258 0.05496588612849268
leaf_weight=630 593 869 422 1762 1531 570 1586
leaf_count=630 593 869 422 1762 1531 570 1586
internal_value=-0.000444609 0.0197248 -0.0791128 0.0314421 0.0129597 -0.113003 0.0312298
internal_weight=7963 6341 1622 5748 3986 1200 3117
internal_count=7963 6341 1622 5748 3986 1200 3117
is_linear=0
shrinkage=0.02


Tree=136
num_leaves=8
num_cat=0
split_feature=44 52 33 33 52 31 52
split_gain=33334.8 19752.3 11821.4 10859.6 9651.49 7761.37 6616.08
threshold=1.0000000180025095e-35 32.345000000000006 1.5000000000000002 4.5000000000000009 56.535000000000004 1.0000000180025095e-35 61.455000000000005
decision_type=2 2 2 2 2 2 2
left_child=3 5 -3 4 -1 -2 -4
right_child=1 2 6 -5 -6 -7 -8
leaf_value=-0.1358032540837156 -0.10063518586772213 -0.022078659677594575 0.03578411696219029 0.073586065229709924 -0.025480102012682821 -0.0043079094071592165 0.089802906294333198
leaf_weight=946 594 1007 2647 159 480 759 1385
leaf_count=946 594 1007 2647 159 480 759 1385
internal_value=0.000547678 0.0209176 0.039132 -0.0814079 -0.0988866 -0.0468128 0.0544279
internal_weight=7977 6392 5039 1585 1426 1353 4032
internal_count=7977 6392 5039 1585 1426 1353 4032
is_linear=0
shrinkage=0.02


Tree=137
num_leaves=8
num_cat=0
split_feature=40 66 40 42 66 64 64
split_gain=31300 26201.8 11572 11384.5 9771.31 7831.1 7612.36
threshold=22.675000000000004 0.18750000000000003 59.065000000000005 77.75500000000001 0.56250000000000011 1.5000000000000002 3.5000000000000004
decision_type=2 2 2 2 2 2 2
left_child=6 3 4 -2 5 -3 -1
right_child=1 2 -4 -5 -6 -7 -8
leaf_value=-0.1611250094182165 -0.080995375343255085 -0.1282994128242135 0.071758407924626108 0.088480413841258584 0.095363698813815415 0.0073696926648459098 -0.019542453366528274
leaf_weight=538 1316 175 2013 176 489 3116 213
leaf_count=538 1316 175 2013 176 489 3116 213
internal_value=0.00113095 0.0138333 0.0330847 -0.0607748 0.0124218 -2.82414e-05 -0.121364
internal_weight=8036 7285 5793 1492 3780 3291 751
internal_count=8036 7285 5793 1492 3780 3291 751
is_linear=0
shrinkage=0.02


Tree=138
num_leaves=8
num_cat=0
split_feature=64 41 66 66 52 52 64
split_gain=29885.7 23370.9 14520.7 10973.4 10829.8 6773.52 6042.41
threshold=1.5000000000000002 33.735000000000007 1.0000000180025095e-35 0.56250000000000011 39.335000000000008 63.135000000000012 4.5000000000000009
decision_type=2 2 2 2 2 2 2
left_child=-1 3 -3 5 -4 6 -2
right_child=1 2 4 -5 -6 -7 -8
leaf_value=-0.14082193274595875 -0.11157511829177001 -0.11687872355051761 -0.0077448258061334051 0.096033685803413399 0.0526180456061753 0.0166190211456499 0.10214848782932549
leaf_weight=559 1029 260 1692 155 3984 238 52
leaf_count=559 1029 260 1692 155 3984 238 52
internal_value=-0.000475096 0.0102003 0.027904 -0.0609482 0.0346331 -0.0796887 -0.100871
internal_weight=7969 7410 5936 1474 5676 1319 1081
internal_count=7969 7410 5936 1474 5676 1319 1081
is_linear=0
shrinkage=0.02


Tree=139
num_leaves=8
num_cat=0
split_feature=40 33 40 33 42 33 41
split_gain=31511.7 22438.3 18357.6 10289.2 7660.31 7431.61 7202.12
threshold=22.675000000000004 2.5000000000000004 71.345000000000013 1.0000000180025095e-35 19.215000000000003 4.5000000000000009 61.895000000000003
decision_type=2 2 2 2 2 2 2
left_child=-1 2 3 -2 -5 6 -3
right_child=1 5 -4 4 -6 -7 -8
leaf_value=-0.12503522081376262 -0.15893719047756499 0.010505423250883937 0.074477302634662096 -0.19713141766754358 -0.027009300433445259 0.10037574204826229 0.077143878389355755
leaf_weight=746 294 2190 589 106 2388 749 918
leaf_count=746 294 2190 589 106 2388 749 918
internal_value=-0.00172229 0.0110718 -0.0265516 -0.0479904 -0.0346198 0.0440048 0.0302805
internal_weight=7980 7234 3377 2788 2494 3857 3108
internal_count=7980 7234 3377 2788 2494 3857 3108
is_linear=0
shrinkage=0.02


Tree=140
num_leaves=8
num_cat=0
split_feature=42 31 44 52 44 42 42
split_gain=28060.9 27553.2 12222.2 12048.6 9570.95 5686.47 5458.74
threshold=64.045000000000016 1.0000000180025095e-35 1.0000000180025095e-35 51.07500000000001 1.0000000180025095e-35 10.480000000000002 81.935000000000016
decision_type=2 2 2 2 2 2 2
left_child=1 3 -3 4 -1 -4 -2
right_child=6 2 5 -5 -6 -7 -8
leaf_value=-0.21373010745790832 0.041442544526906974 -0.056836764288849997 -0.10489906063287155 -0.022382583570601383 -0.08537695219956136 0.03901463149380812 0.11402812589535138
leaf_weight=293 1519 779 110 1023 1134 2571 571
leaf_count=293 1519 779 110 1023 1134 2571 571
internal_value=-0.00140266 -0.02368 0.0126633 -0.0749268 -0.112385 0.0329257 0.0614982
internal_weight=8000 5910 3460 2450 1427 2681 2090
internal_count=8000 5910 3460 2450 1427 2681 2090
is_linear=0
shrinkage=0.02


Tree=141
num_leaves=8
num_cat=0
split_feature=41 41 52 65 65 16 41
split_gain=27718.9 13001.4 11969.8 11509.8 10323.8 8679.31 6454.95
threshold=41.255000000000003 72.595000000000013 60.225000000000001 1.0000000180025095e-35 0.53571428571428581 0.36455000000000004 15.475000000000003
decision_type=2 2 2 2 2 2 2
left_child=2 3 4 -2 -1 -5 -6
right_child=1 -3 -4 5 6 -7 -8
leaf_value=-0.12729003529752853 -0.090508451528420367 0.087153825380252833 0.018906723698284448 -0.034013883039064177 -0.16321541170876724 0.035683897088477863 -0.012930867952917407
leaf_weight=950 415 1054 642 926 128 3078 822
leaf_count=950 415 1054 642 926 128 3078 822
internal_value=-0.0011349 0.0242112 -0.0556462 0.00911686 -0.0808207 0.0195427 -0.0339282
internal_weight=8015 5473 2542 4419 1900 4004 950
internal_count=8015 5473 2542 4419 1900 4004 950
is_linear=0
shrinkage=0.02


Tree=142
num_leaves=8
num_cat=0
split_feature=52 31 34 44 40 40 16
split_gain=26154.7 14591.4 12441.4 8320.66 8260.13 6834.79 5721.17
threshold=45.045000000000009 1.0000000180025095e-35 1.0000000180025095e-35 1.0000000180025095e-35 19.550000000000001 28.490000000000006 0.36050000000000004
decision_type=2 2 2 2 2 2 2
left_child=1 5 -2 -4 -3 -1 -5
right_child=2 4 3 6 -6 -7 -8
leaf_value=-0.17689295644334085 -0.075117270264468058 -0.11943620954950651 -0.013428574167126854 0.0052809222452023649 0.0091737692842886465 -0.066839499878768069 0.069676236002019915
leaf_weight=279 390 220 853 696 1776 1176 2676
leaf_count=279 390 220 853 696 1776 1176 2676
internal_value=0.00118959 -0.0404253 0.0323184 0.0423126 -0.0052647 -0.0884761 0.0564122
internal_weight=8066 3451 4615 4225 1996 1455 3372
internal_count=8066 3451 4615 4225 1996 1455 3372
is_linear=0
shrinkage=0.02


Tree=143
num_leaves=8
num_cat=0
split_feature=41 31 31 52 41 41 52
split_gain=25308.9 14979.3 11679.9 10956.7 6083.61 4910.84 4768.79
threshold=33.735000000000007 1.0000000180025095e-35 1.0000000180025095e-35 52.205000000000005 15.475000000000003 63.895000000000003 60.225000000000001
decision_type=2 2 2 2 2 2 2
left_child=2 3 -1 -2 -4 -3 -6
right_child=1 5 4 -5 6 -7 -8
leaf_value=-0.13681416947067779 -0.054397010376275902 0.028048658401038901 -0.13154072691539806 0.027343504737503192 -0.030291622340073432 0.077531885771321613 0.083662240385835501
leaf_weight=639 1486 2558 176 1167 610 1171 188
leaf_count=639 1486 2558 176 1167 610 1171 188
internal_value=-4.91097e-05 0.0178498 -0.0707044 -0.0184572 -0.0268554 0.0436707 -0.00309158
internal_weight=7995 6382 1613 2653 974 3729 798
internal_count=7995 6382 1613 2653 974 3729 798
is_linear=0
shrinkage=0.02


Tree=144
num_leaves=8
num_cat=0
split_feature=42 52 34 44 34 34 16
split_gain=26267.9 19008.3 14671.7 11352.8 6471.69 5539.99 5267.45
threshold=23.475000000000005 53.845000000000006 1.0000000180025095e-35 1.0000000180025095e-35 2.5000000000000004 3.5000000000000004 0.32955000000000007
decision_type=2 2 2 2 2 2 2
left_child=4 2 -2 5 -1 -4 -5
right_child=1 -3 3 6 -6 -7 -8
leaf_value=-0.13088431484451044 -0.12464520223228866 0.05300831669874434 -0.090723209912550312 -0.040173568199533938 -0.0062033819209009545 0.097729282042809895 0.028515469055267469
leaf_weight=677 421 2937 639 540 221 65 2476
leaf_count=677 421 2937 639 540 221 65 2476
internal_value=0.00118458 0.0141351 -0.0134663 -0.000733534 -0.100404 -0.072757 0.0161709
internal_weight=7976 7078 4141 3720 898 704 3016
internal_count=7976 7078 4141 3720 898 704 3016
is_linear=0
shrinkage=0.02


Tree=145
num_leaves=8
num_cat=0
split_feature=33 33 33 47 47 12 12
split_gain=23062.9 10460.2 10441 6836.93 5179.92 5163.35 2631.71
threshold=2.5000000000000004 1.0000000180025095e-35 4.5000000000000009 4.5000000000000009 4.5000000000000009 43.755000000000003 62.635000000000012
decision_type=2 2 2 2 2 2 2
left_child=1 -1 4 6 -2 -5 -3
right_child=2 3 -4 5 -6 -7 -8
leaf_value=-0.13674949980089587 -0.020726201707159827 -0.09010378248331255 0.093731502746940712 -0.038065629702295871 0.03197477830480281 0.020944940182783863 -0.010844153868677342
leaf_weight=373 1077 708 849 1139 2402 1227 221
leaf_count=373 1077 708 849 1139 2402 1227 221
internal_value=-0.00019307 -0.0370621 0.0310603 -0.0255872 0.0156537 -0.0074833 -0.0714077
internal_weight=7996 3668 4328 3295 3479 2366 929
internal_count=7996 3668 4328 3295 3479 2366 929
is_linear=0
shrinkage=0.02


Tree=146
num_leaves=8
num_cat=0
split_feature=41 34 34 41 41 34 16
split_gain=25049.9 23114.2 9119.04 9037.82 6988.32 6630.82 5357.6
threshold=58.930000000000007 1.5000000000000002 3.5000000000000004 33.495000000000012 20.030000000000005 1.0000000180025095e-35 0.58345000000000014
decision_type=2 2 2 2 2 2 2
left_child=1 3 4 -1 -3 -5 -6
right_child=-2 2 -4 5 6 -7 -8
leaf_value=-0.13550655745559875 0.050832349153593921 -0.10583677265699171 0.093343665265728404 -0.12042908160376767 -0.010356904256140524 -0.025516156774692079 0.058654122821998833
leaf_weight=639 2651 233 464 377 1688 1303 608
leaf_count=639 2651 233 464 377 1688 1303 608
internal_value=0.000674601 -0.0243813 0.0123448 -0.0717062 -0.00267104 -0.0471092 0.00800554
internal_weight=7963 5312 2993 2319 2529 1680 2296
internal_count=7963 5312 2993 2319 2529 1680 2296
is_linear=0
shrinkage=0.02


Tree=147
num_leaves=8
num_cat=0
split_feature=44 65 52 41 41 41 65
split_gain=26790.2 14460.4 11697.5 11019.5 7322.75 5526.36 5476.18
threshold=1.0000000180025095e-35 1.0000000180025095e-35 44.005000000000003 34.985000000000007 63.395000000000003 28.075000000000006 0.73214285714285732
decision_type=2 2 2 2 2 2 2
left_child=3 4 5 -1 -2 -3 -5
right_child=1 2 -4 6 -6 -7 -8
leaf_value=-0.15982635939423487 -0.11626878184620376 -0.077562129540749689 0.052192738039359671 -0.06247316889477654 0.040595824424516071 0.007382538991376226 0.043479341187699125
leaf_weight=419 437 357 3445 941 160 1989 242
leaf_count=419 437 357 3445 941 160 1989 242
internal_value=0.000736604 0.0190858 0.0287626 -0.072263 -0.07424 -0.00568129 -0.0407073
internal_weight=7990 6388 5791 1602 597 2346 1183
internal_count=7990 6388 5791 1602 597 2346 1183
is_linear=0
shrinkage=0.02


Tree=148
num_leaves=8
num_cat=0
split_feature=44 34 40 33 40 34 40
split_gain=24231.6 15063.3 13125.4 10971 9167.94 8002.86 9702.96
threshold=1.0000000180025095e-35 1.0000000180025095e-35 20.080000000000002 4.5000000000000009 17.080000000000002 2.5000000000000004 65.725000000000009
decision_type=2 2 2 2 2 2 2
left_child=3 -2 -3 4 -1 6 -4
right_child=1 2 5 -5 -6 -7 -8
leaf_value=-0.25657851605234133 -0.078657217611892247 -0.084183232328159566 0.0022190658020302071 0.084635812636620983 -0.071708045625498137 0.075385345126802894 0.074789137492986962
leaf_weight=113 587 389 2928 162 1328 1457 980
leaf_count=113 587 389 2928 162 1328 1457 980
internal_value=-0.000134983 0.0174371 0.0273001 -0.0694832 -0.0870422 0.0354542 0.0204896
internal_weight=7944 6341 5754 1603 1441 5365 3908
internal_count=7944 6341 5754 1603 1441 5365 3908
is_linear=0
shrinkage=0.02


Tree=149
num_leaves=8
num_cat=0
split_feature=66 52 52 66 43 16 16
split_gain=22684.9 12440.4 9549.92 9308.49 9255.14 6831.08 4794.15
threshold=0.31250000000000006 32.835000000000008 57.865000000000002 0.56250000000000011 1.0000000180025095e-35 0.47205000000000003 0.46125000000000005
decision_type=2 2 2 2 2 2 2
left_child=1 -1 3 5 -3 -2 -6
right_child=2 4 -4 -5 6 -7 -8
leaf_value=-0.1037676285147915 -0.042747159614455778 -0.079463367244244729 0.072894997330992764 0.085607580350255064 -0.032258086786702653 0.025873139608840613 0.028559951263549328
leaf_weight=836 1118 693 1460 525 857 1196 1296
leaf_count=836 1118 693 1460 525 857 1196 1296
internal_value=0.000231379 -0.0361768 0.03142 0.0100002 -0.0161752 -0.00730117 0.00433273
internal_weight=7981 3682 4299 2839 2846 2314 2153
internal_count=7981 3682 4299 2839 2846 2314 2153
is_linear=0
shrinkage=0.02


Tree=150
num_leaves=8
num_cat=0
split_feature=40 33 44 40 55 52 33
split_gain=23173.9 19109.7 8453.27 7384.55 5972.75 5688.3 4900.34
threshold=58.175000000000004 2.5000000000000004 1.0000000180025095e-35 30.690000000000001 55.055000000000007 54.035000000000004 4.5000000000000009
decision_type=2 2 2 2 2 2 2
left_child=1 3 5 -1 -5 -3 -4
right_child=-2 2 6 4 -6 -7 -8
leaf_value=-0.12668207860041147 0.046720877484658398 -0.10247094788634073 0.013278571899244546 -0.030797034306163793 -0.13114351937726298 0.02359953840486868 0.088472865124485475
leaf_weight=606 2684 384 1838 1564 276 224 423
leaf_count=606 2684 384 1838 1564 276 224 423
internal_value=-0.00113197 -0.0253182 0.00970142 -0.0663299 -0.0461636 -0.0562103 0.0275105
internal_weight=7999 5315 2869 2446 1840 608 2261
internal_count=7999 5315 2869 2446 1840 608 2261
is_linear=0
shrinkage=0.02


Tree=151
num_leaves=8
num_cat=0
split_feature=64 52 42 66 66 42 42
split_gain=22187.7 17693 9261.07 7708.5 6525.38 6119.31 5271.42
threshold=1.5000000000000002 32.835000000000008 20.205000000000002 0.18750000000000003 0.56250000000000011 79.600000000000009 24.000000000000004
decision_type=2 2 2 2 2 2 2
left_child=-1 4 -3 5 6 -4 -2
right_child=1 2 3 -5 -6 -7 -8
leaf_value=-0.12298391579054029 -0.14833142076788644 -0.069447795542212309 -0.038086241804693367 0.042426787038483162 0.072509663420227868 0.10519730763482875 -0.046441222905630054
leaf_weight=551 242 389 876 4407 151 133 1203
leaf_count=551 242 389 876 4407 151 133 1203
internal_value=-0.00113342 0.00801518 0.024232 0.0310183 -0.0508603 -0.0187739 -0.0639578
internal_weight=7952 7401 5805 5416 1596 1009 1445
internal_count=7952 7401 5805 5416 1596 1009 1445
is_linear=0
shrinkage=0.02


Tree=152
num_leaves=8
num_cat=0
split_feature=40 64 41 34 64 34 33
split_gain=23725.1 18216.9 12476.6 12854.5 5844.67 5791.96 5722.26
threshold=22.675000000000004 1.5000000000000002 67.855000000000018 1.5000000000000002 3.5000000000000004 1.0000000180025095e-35 4.5000000000000009
decision_type=2 2 2 2 2 2 2
left_child=4 -2 3 5 -1 -3 -5
right_child=1 2 -4 6 -6 -7 -8
leaf_value=-0.14061277513827342 -0.10754671842783411 -0.094491287431206786 0.072372749126081062 0.019283151455938095 -0.016517942617840481 -0.014436764545812089 0.089258437619315387
leaf_weight=543 477 446 1418 2564 212 1835 568
leaf_count=543 477 446 1418 2564 212 1835 568
internal_value=0.000249503 0.0113022 0.0196739 0.00581474 -0.106106 -0.0302621 0.0320955
internal_weight=8063 7308 6831 5413 755 2281 3132
internal_count=8063 7308 6831 5413 755 2281 3132
is_linear=0
shrinkage=0.02


Tree=153
num_leaves=8
num_cat=0
split_feature=40 33 42 16 40 33 33
split_gain=21658.3 15118.3 9175.91 8808.03 7267.44 5566.92 5264.68
threshold=22.675000000000004 1.5000000000000002 77.75500000000001 0.57745000000000013 51.035000000000004 4.5000000000000009 4.5000000000000009
decision_type=2 2 2 2 2 2 2
left_child=5 2 -2 4 6 -1 -3
right_child=1 3 -4 -5 -6 -7 -8
leaf_value=-0.1180484801158309 -0.061393636327090752 -0.028370961658190936 0.087926795827447765 0.06485865373503466 0.037799924607212827 0.060283533155918126 0.065458917911248526
leaf_weight=675 1346 1755 183 1742 2034 75 272
leaf_count=675 1346 1755 183 1742 2034 75 272
internal_value=0.00206733 0.0125622 -0.0432937 0.027304 0.0111346 -0.0999342 -0.01565
internal_weight=8082 7332 1529 5803 4061 750 2027
internal_count=8082 7332 1529 5803 4061 750 2027
is_linear=0
shrinkage=0.02


Tree=154
num_leaves=8
num_cat=0
split_feature=31 52 52 66 66 10 55
split_gain=21986 13240.5 8964.71 6622.22 5180.75 4819.68 4410.85
threshold=1.0000000180025095e-35 50.485000000000007 61.455000000000005 0.56250000000000011 0.43750000000000006 30605.050000000007 54.465000000000011
decision_type=2 2 2 2 2 2 2
left_child=1 4 3 -2 6 -3 -1
right_child=2 5 -4 -5 -6 -7 -8
leaf_value=-0.074879911738368388 -0.0015816617441606808 -0.030524524361426036 0.072563064985072534 0.076851585014769352 0.012904300192991894 0.040722799138322982 -0.16543054353094327
leaf_weight=1296 2921 809 1246 500 220 707 260
leaf_count=1296 2921 809 1246 500 220 707 260
internal_value=-0.00116125 -0.0407057 0.0267463 0.00997726 -0.0776835 0.00272694 -0.0904919
internal_weight=7959 3292 4667 3421 1776 1516 1556
internal_count=7959 3292 4667 3421 1776 1516 1556
is_linear=0
shrinkage=0.02


Tree=155
num_leaves=8
num_cat=0
split_feature=44 65 40 52 16 40 40
split_gain=20858.7 13877.8 11121.4 8741.22 7583.02 5213.16 4604.49
threshold=1.0000000180025095e-35 1.0000000180025095e-35 22.675000000000004 48.985000000000007 0.46285000000000004 45.705000000000005 55.930000000000007
decision_type=2 2 2 2 2 2 2
left_child=3 6 -3 5 -4 -1 -2
right_child=1 2 4 -5 -6 -7 -8
leaf_value=-0.15534287632913768 -0.12272184244043061 -0.062903362458611264 0.0067144159757061821 -0.01573324520385971 0.055296385197057013 -0.053585660441884272 -0.0085101140538851421
leaf_weight=452 345 514 2274 755 2955 374 238
leaf_count=452 345 514 2274 755 2955 374 238
internal_value=-0.000245945 0.0160025 0.025458 -0.0651059 0.0341955 -0.109868 -0.0765657
internal_weight=7907 6326 5743 1581 5229 826 583
internal_count=7907 6326 5743 1581 5229 826 583
is_linear=0
shrinkage=0.02


Tree=156
num_leaves=8
num_cat=0
split_feature=42 66 52 42 16 66 41
split_gain=22525.5 15200.6 10291.4 9233.83 6009.29 5898.18 5379.86
threshold=20.205000000000002 0.18750000000000003 32.835000000000008 77.75500000000001 0.54080000000000006 0.56250000000000011 67.365000000000023
decision_type=2 2 2 2 2 2 2
left_child=5 3 -3 -2 6 -1 -4
right_child=1 2 4 -5 -6 -7 -8
leaf_value=-0.12936620867088125 -0.064779668054905926 -0.027613851072838012 0.0062990122016331239 0.08145951960142235 0.067608563872517485 0.063141664244132492 0.072966149545867331
leaf_weight=612 1331 1185 2268 194 1744 68 611
leaf_count=612 1331 1185 2268 194 1744 68 611
internal_value=-0.000111387 0.0101276 0.0248842 -0.0459707 0.0383561 -0.109795 0.0205495
internal_weight=8013 7333 5808 1525 4623 680 2879
internal_count=8013 7333 5808 1525 4623 680 2879
is_linear=0
shrinkage=0.02


Tree=157
num_leaves=8
num_cat=0
split_feature=40 66 40 31 43 40 66
split_gain=21420.2 17850.1 13784.2 10473.6 7511.23 5281.15 5360.25
threshold=56.465000000000011 0.56250000000000011 19.550000000000001 1.0000000180025095e-35 1.0000000180025095e-35 72.590000000000018 0.31250000000000006
decision_type=2 2 2 2 2 2 2
left_child=1 2 -1 4 -4 6 -2
right_child=5 -3 3 -5 -6 -7 -8
leaf_value=-0.13725704253650267 -0.01353739633445647 0.086331852529804382 -0.12628740762243978 0.0033023722172595455 -0.035644718188356711 0.078351923908309071 0.053809814123147143
leaf_weight=492 881 511 507 2243 1303 1055 1011
leaf_count=492 881 511 507 2243 1303 1055 1011
internal_value=-0.000224594 -0.0251982 -0.0378188 -0.0255936 -0.0613126 0.0425914 0.0224969
internal_weight=8003 5056 4545 4053 1810 2947 1892
internal_count=8003 5056 4545 4053 1810 2947 1892
is_linear=0
shrinkage=0.02


Tree=158
num_leaves=8
num_cat=0
split_feature=64 40 40 64 12 55 30
split_gain=21984.9 14555.6 8875.92 7625.48 6971.9 5844.89 3422.29
threshold=1.5000000000000002 22.675000000000004 66.265000000000015 3.5000000000000004 77.385000000000005 54.905000000000008 1.0000000180025095e-35
decision_type=2 2 2 2 2 2 2
left_child=-1 -2 3 4 5 6 -3
right_child=1 2 -4 -5 -6 -7 -8
leaf_value=-0.12276950697461404 -0.077945771377078851 -0.022741076559892721 0.05969793159819884 0.037110043829096821 0.088779790640535608 -0.083946588530904628 0.030474698901495439
leaf_weight=532 683 1850 1600 1945 244 493 649
leaf_count=532 683 1850 1600 1945 244 493 649
internal_value=0.000833942 0.00972012 0.018601 0.00586408 -0.0129446 -0.0213746 -0.00888748
internal_weight=7996 7464 6781 5181 3236 2992 2499
internal_count=7996 7464 6781 5181 3236 2992 2499
is_linear=0
shrinkage=0.02


Tree=159
num_leaves=8
num_cat=0
split_feature=64 40 34 40 16 55 41
split_gain=21132.8 15102.5 11441.3 10569.9 8966.06 5346.19 5274.61
threshold=1.5000000000000002 22.675000000000004 2.5000000000000004 65.990000000000023 0.49815000000000004 52.875000000000007 73.915000000000006
decision_type=2 2 2 2 2 2 2
left_child=6 -2 3 4 5 -3 -1
right_child=1 2 -4 -5 -6 -7 -8
leaf_value=-0.13481651313716456 -0.080735949664891046 -0.025952046332132384 0.061961692754033244 0.053550976238795178 0.0179180827294603 -0.1059584608630732 0.092129554742056391
leaf_weight=520 674 1523 1762 1231 1833 425 41
leaf_count=520 674 1523 1762 1231 1833 425 41
internal_value=0.00025349 0.00920061 0.0182021 0.00277169 -0.0138097 -0.0436338 -0.117563
internal_weight=8009 7448 6774 5012 3781 1948 561
internal_count=8009 7448 6774 5012 3781 1948 561
is_linear=0
shrinkage=0.02


Tree=160
num_leaves=8
num_cat=0
split_feature=41 33 42 44 33 16 44
split_gain=21438.3 12366.2 9928.68 9653.15 8126.59 5912.18 5206.47
threshold=33.255000000000003 1.0000000180025095e-35 71.985000000000014 1.0000000180025095e-35 3.5000000000000004 0.50155000000000005 1.0000000180025095e-35
decision_type=2 2 2 2 2 2 2
left_child=4 -2 3 -3 6 -5 -1
right_child=1 2 -4 5 -6 -7 -8
leaf_value=-0.1668734487197393 -0.10312591968218568 -0.046418285225284753 0.072748578034104908 0.0005088785944575904 0.0085503370177682104 0.049694831396586862 -0.068763082687792021
leaf_weight=293 329 993 1222 2116 416 1812 850
leaf_count=293 329 993 1222 2116 416 1812 850
internal_value=-0.000628819 0.0154188 0.0218464 0.00914523 -0.0670851 0.0232329 -0.0945302
internal_weight=8031 6472 6143 4921 1559 3928 1143
internal_count=8031 6472 6143 4921 1559 3928 1143
is_linear=0
shrinkage=0.02


Tree=161
num_leaves=8
num_cat=0
split_feature=41 33 41 34 34 31 43
split_gain=20272.5 13448.4 10375.9 9733.32 6688.39 6028.47 3730.39
threshold=29.600000000000005 1.0000000180025095e-35 72.595000000000013 2.5000000000000004 3.5000000000000004 1.0000000180025095e-35 1.0000000180025095e-35
decision_type=2 2 2 2 2 2 2
left_child=4 -2 3 5 -1 6 -3
right_child=1 2 -4 -5 -6 -7 -8
leaf_value=-0.0904193657746971 -0.10797349021667776 -0.082858906998975662 0.078681418599421529 0.053892149367407022 0.074742471067183611 0.015122886018661795 -0.017044713028140788
leaf_weight=1089 341 463 1011 1418 104 2196 1320
leaf_count=1089 341 463 1011 1418 104 2196 1320
internal_value=5.30294e-05 0.0135021 0.0200455 0.00899885 -0.0757695 -0.00704737 -0.0343189
internal_weight=7942 6749 6408 5397 1193 3979 1783
internal_count=7942 6749 6408 5397 1193 3979 1783
is_linear=0
shrinkage=0.02


Tree=162
num_leaves=8
num_cat=0
split_feature=52 33 42 34 42 42 42
split_gain=18658.3 9463.62 10641.5 7750.03 5604.65 4417.82 4054.79
threshold=44.855000000000011 4.5000000000000009 47.495000000000012 1.0000000180025095e-35 25.265000000000004 9.1200000000000028 39.675000000000004
decision_type=2 2 2 2 2 2 2
left_child=1 2 5 6 -5 -1 -2
right_child=3 -3 -4 4 -6 -7 -8
leaf_value=-0.19692518362923273 -0.15682072510658684 0.064274052544897681 -0.0079627998737140521 -0.036397152950627135 0.040773555840622575 -0.0725260907111204 -0.017732440045972665
leaf_weight=121 113 332 1453 414 3793 1518 295
leaf_count=121 113 332 1453 414 3793 1518 295
internal_value=-0.00117308 -0.0365177 -0.0474264 0.0250613 0.0331452 -0.0822809 -0.0576866
internal_weight=8039 3424 3092 4615 4207 1639 408
internal_count=8039 3424 3092 4615 4207 1639 408
is_linear=0
shrinkage=0.02


Tree=163
num_leaves=8
num_cat=0
split_feature=64 42 52 33 33 42 52
split_gain=19771.6 15352.5 11101.2 6638.21 5921.43 5753.42 4379.14
threshold=1.5000000000000002 20.205000000000002 45.525000000000013 3.5000000000000004 4.5000000000000009 71.985000000000014 65.310000000000016
decision_type=2 2 2 2 2 2 2
left_child=6 4 3 5 -2 -3 -1
right_child=1 2 -4 -5 -6 -7 -8
leaf_value=-0.14376801997407096 -0.11297725423832472 -0.045474395225298343 0.037646019660606961 0.035850487888740901 0.076314244676720017 0.048580338074090457 0.0024585801082707588
leaf_weight=444 524 1827 3934 781 72 299 100
leaf_count=444 524 1827 3934 781 72 299 100
internal_value=-0.00128437 0.00726105 0.0157648 -0.0138606 -0.0896652 -0.0321636 -0.117111
internal_weight=7981 7437 6841 2907 596 2126 544
internal_count=7981 7437 6841 2907 596 2126 544
is_linear=0
shrinkage=0.02


Tree=164
num_leaves=8
num_cat=0
split_feature=41 31 40 52 34 64 16
split_gain=16999 12961.1 9572.54 6769.64 6716.87 5452.64 5207.96
threshold=28.565000000000001 1.0000000180025095e-35 72.305000000000021 35.125000000000007 3.5000000000000004 1.5000000000000002 0.42885000000000006
decision_type=2 2 2 2 2 2 2
left_child=4 2 3 -2 -1 -5 -3
right_child=1 6 -4 5 -6 -7 -8
leaf_value=-0.087578273729251033 -0.093167217702659677 0.0052160357918223767 0.064528340457530503 -0.10222061435238267 0.07637688882116761 -0.0020856754909306862 0.052191690719806692
leaf_weight=1013 619 1489 440 249 107 1516 2580
leaf_count=1013 619 1489 440 249 107 1516 2580
internal_value=0.000442782 0.0121993 -0.020699 -0.0365311 -0.0716449 -0.0164612 0.035029
internal_weight=8013 6893 2824 2384 1120 1765 4069
internal_count=8013 6893 2824 2384 1120 1765 4069
is_linear=0
shrinkage=0.02


Tree=165
num_leaves=8
num_cat=0
split_feature=44 40 31 42 42 65 16
split_gain=17729.2 10564.1 11290.4 7473.63 6496.79 6473.76 6380.14
threshold=1.0000000180025095e-35 66.265000000000015 1.0000000180025095e-35 58.545000000000009 17.990000000000006 0.76388888888888895 0.47055000000000008
decision_type=2 2 2 2 2 2 2
left_child=3 2 4 5 -2 -1 -6
right_child=1 -3 -4 -5 6 -7 -8
leaf_value=-0.096747521123731514 -0.16040621093114218 0.064041460693589472 0.027172789213896979 0.012164711100287851 -0.06360034140045405 0.078078927383708058 0.0091380811963865712
leaf_weight=1114 145 1402 2958 444 873 88 1068
leaf_count=1114 145 1402 2958 444 873 88 1068
internal_value=0.000615692 0.0155825 0.002063 -0.0578663 -0.0335231 -0.0836778 -0.0236567
internal_weight=8092 6446 5044 1646 2086 1202 1941
internal_count=8092 6446 5044 1646 2086 1202 1941
is_linear=0
shrinkage=0.02


Tree=166
num_leaves=8
num_cat=0
split_feature=44 65 40 66 40 16 40
split_gain=19763.2 10092.4 8088.86 8046.33 7897.53 6517 5786.88
threshold=1.0000000180025095e-35 1.0000000180025095e-35 20.080000000000002 0.56250000000000011 36.405000000000008 0.56585000000000008 55.930000000000007
decision_type=2 2 2 2 2 2 2
left_child=3 6 -3 4 -1 -4 -2
right_child=1 2 5 -5 -6 -7 -8
leaf_value=-0.14604728136579367 -0.11364550546256619 -0.065229149638708933 0.014366785404365281 0.066328117247114238 -0.045880684585422278 0.06135924537415053 0.013843172727519001
leaf_weight=461 355 381 3654 169 995 1742 234
leaf_count=461 355 381 3654 169 995 1742 234
internal_value=-0.000677498 0.0152222 0.0232764 -0.0628206 -0.0779868 0.0295802 -0.0633062
internal_weight=7991 6366 5777 1625 1456 5396 589
internal_count=7991 6366 5777 1625 1456 5396 589
is_linear=0
shrinkage=0.02


Tree=167
num_leaves=8
num_cat=0
split_feature=44 41 40 12 41 55 16
split_gain=15690.8 10051.4 7374.27 6673.77 5145.36 3997.73 3653.53
threshold=1.0000000180025095e-35 20.030000000000005 36.615000000000002 47.345000000000006 63.215000000000011 51.435000000000009 0.62015000000000009
decision_type=2 2 2 2 2 2 2
left_child=2 -2 -1 4 -3 -4 -5
right_child=1 3 5 6 -6 -7 -8
leaf_value=-0.11663377988355764 -0.085765037883118275 -0.015233863090376261 -0.0029686328533961573 0.031125722343471822 0.041513621507664702 -0.089277660310474655 0.084982299467531636
leaf_weight=512 366 2212 836 2252 893 284 649
leaf_count=512 366 2212 836 2252 893 284 649
internal_value=0.00111357 0.0152918 -0.0541219 0.0215164 0.00112725 -0.0251537 0.0432998
internal_weight=8004 6372 1632 6006 3105 1120 2901
internal_count=8004 6372 1632 6006 3105 1120 2901
is_linear=0
shrinkage=0.02


Tree=168
num_leaves=8
num_cat=0
split_feature=66 44 31 31 66 66 64
split_gain=16416.2 14184.6 8325.52 3387.66 3319.14 3081.53 2582.2
threshold=0.43750000000000006 1.0000000180025095e-35 1.0000000180025095e-35 1.0000000180025095e-35 0.68750000000000011 1.0000000180025095e-35 4.5000000000000009
decision_type=2 2 2 2 2 2 2
left_child=1 3 5 -1 -2 -3 -4
right_child=4 2 6 -5 -6 -7 -8
leaf_value=-0.11132246425511191 0.03733326218748223 -0.085055323460724253 0.018290900774124281 -0.04416978548942864 0.11421494763926603 -0.018815374406357922 0.088136178854585689
leaf_weight=612 1955 323 2041 607 251 1997 232
leaf_count=612 1955 323 2041 607 251 1997 232
internal_value=-6.98887e-05 -0.0177021 -0.00157787 -0.0782009 0.0463194 -0.0282007 0.0255977
internal_weight=8018 5812 4593 1219 2206 2320 2273
internal_count=8018 5812 4593 1219 2206 2320 2273
is_linear=0
shrinkage=0.02


Tree=169
num_leaves=8
num_cat=0
split_feature=41 33 33 34 41 64 55
split_gain=15939.1 9561.85 7976.02 6995.03 7609.61 5416.37 4694.09
threshold=34.985000000000007 1.0000000180025095e-35 3.5000000000000004 2.5000000000000004 74.77500000000002 1.5000000000000002 54.735000000000007
decision_type=2 2 2 2 2 2 2
left_child=2 -2 -1 4 5 -3 -7
right_child=1 3 -4 -5 -6 6 -8
leaf_value=-0.080570301447266679 -0.09227947499626464 -0.087843935443886689 0.01558095499011688 0.056610835902714013 0.072224663314147952 0.013693251757839218 -0.048563158805377538
leaf_weight=1243 313 275 475 1561 618 2962 574
leaf_count=1243 313 275 475 1561 618 2962 574
internal_value=-0.000106617 0.0146191 -0.0540179 0.0202772 0.00742207 -0.00316732 0.00353285
internal_weight=8021 6303 1718 5990 4429 3811 3536
internal_count=8021 6303 1718 5990 4429 3811 3536
is_linear=0
shrinkage=0.02


Tree=170
num_leaves=8
num_cat=0
split_feature=31 41 42 41 44 34 42
split_gain=15512.8 10315.6 7586.63 7425.06 6167.5 5798.16 4463.07
threshold=1.0000000180025095e-35 72.595000000000013 17.205000000000002 15.475000000000003 1.0000000180025095e-35 1.0000000180025095e-35 10.480000000000002
decision_type=2 2 2 2 2 2 2
left_child=1 2 -1 -2 -4 -6 -5
right_child=3 -3 4 6 5 -7 -8
leaf_value=-0.16386821573379481 -0.10450173156054993 0.057899373026298627 -0.098676656594877885 -0.10402599772401885 -0.093380180712607341 -0.0079584638869311091 0.029939540238475323
leaf_weight=206 174 415 547 97 384 1744 4368
leaf_count=206 174 415 547 97 384 1744 4368
internal_value=-0.00168301 -0.0348295 -0.048264 0.0218797 -0.0390723 -0.0235557 0.0269161
internal_weight=7935 3296 2881 4639 2675 2128 4465
internal_count=7935 3296 2881 4639 2675 2128 4465
is_linear=0
shrinkage=0.02


Tree=171
num_leaves=8
num_cat=0
split_feature=65 44 12 65 65 44 47
split_gain=14024 11028.9 5618.4 4107.25 3974.74 4444.03 4801.9
threshold=0.53571428571428581 1.0000000180025095e-35 45.745000000000012 0.22500000000000003 0.76388888888888895 1.0000000180025095e-35 4.5000000000000009
decision_type=2 2 2 2 2 2 2
left_child=1 -1 3 -3 5 6 -2
right_child=4 2 -4 -5 -6 -7 -8
leaf_value=-0.087665336813018191 -0.1018046338427647 -0.095767815433033587 0.019281564035734479 -0.017449036503186802 0.075367978341843431 0.030935609776956263 0.011635387083389102
leaf_weight=873 221 332 1576 1322 597 2666 437
leaf_count=873 221 332 1576 1322 597 2666 437
internal_value=0.0010239 -0.0248088 -0.00771081 -0.0334109 0.0280529 0.0194545 -0.0269457
internal_weight=8024 4103 3230 1654 3921 3324 658
internal_count=8024 4103 3230 1654 3921 3324 658
is_linear=0
shrinkage=0.02


Tree=172
num_leaves=8
num_cat=0
split_feature=64 52 16 41 34 34 40
split_gain=13426.7 12017.9 8414.7 5792.17 6239.89 5083.72 3777.41
threshold=1.5000000000000002 33.375000000000007 0.56205000000000016 68.705000000000013 1.5000000000000002 2.5000000000000004 22.675000000000004
decision_type=2 2 2 2 2 2 2
left_child=-1 5 3 4 -3 6 -2
right_child=1 2 -4 -5 -6 -7 -8
leaf_value=-0.09544334336897356 -0.14079144862324453 -0.043191787250572239 0.055037258621242334 0.056165341389717273 0.014646132684137534 0.020873030231194797 -0.044862712264255401
leaf_weight=542 192 1214 1920 686 1919 409 1056
leaf_count=542 192 1214 1920 686 1919 409 1056
internal_value=0.000174244 0.00724112 0.020941 0.00374964 -0.00779848 -0.0401287 -0.0601239
internal_weight=7938 7396 5739 3819 3133 1657 1248
internal_count=7938 7396 5739 3819 3133 1657 1248
is_linear=0
shrinkage=0.02


Tree=173
num_leaves=8
num_cat=0
split_feature=42 33 34 42 34 42 12
split_gain=15386.5 10764.7 7817.39 7651.89 7506.12 4497.28 4327.51
threshold=26.455000000000002 1.0000000180025095e-35 3.5000000000000004 72.320000000000007 2.5000000000000004 9.1200000000000028 59.07500000000001
decision_type=2 2 2 2 2 2 2
left_child=2 -2 5 4 6 -1 -3
right_child=1 3 -4 -5 -6 -7 -8
leaf_value=-0.16757197147496392 -0.095551063072070508 -0.020513758284725965 0.09401942483804844 0.062565620922313395 0.046288548237627493 -0.063579908704385166 0.026080386023394821
leaf_weight=209 356 2867 103 1183 1394 815 1099
leaf_count=209 356 2867 103 1183 1394 815 1099
internal_value=-0.000419984 0.0107863 -0.0687649 0.0166406 0.00645572 -0.085516 -0.00758569
internal_weight=8026 6899 1127 6543 5360 1024 3966
internal_count=8026 6899 1127 6543 5360 1024 3966
is_linear=0
shrinkage=0.02


Tree=174
num_leaves=8
num_cat=0
split_feature=44 52 34 52 43 16 52
split_gain=14829.5 10839.3 9394.38 6122.38 4575.54 3925.8 3390.41
threshold=1.0000000180025095e-35 63.135000000000012 1.5000000000000002 53.845000000000006 1.0000000180025095e-35 0.57545000000000013 28.075000000000003
decision_type=2 2 2 2 2 2 2
left_child=3 2 4 5 -2 -1 -6
right_child=1 -3 -4 -5 6 -7 -8
leaf_value=-0.11195708588249498 -0.082775325778945738 0.058509986329285169 0.022708054143559652 -0.0069258843378428329 -0.075323207155837638 -0.021941772709004312 -0.0013117666759495902
leaf_weight=688 549 1579 2736 643 303 273 1263
leaf_count=688 549 1579 2736 643 303 273 1263
internal_value=-0.000494073 0.013085 -0.0017458 -0.0548005 -0.0333587 -0.0866315 -0.0158261
internal_weight=8034 6430 4851 1604 2115 961 1566
internal_count=8034 6430 4851 1604 2115 961 1566
is_linear=0
shrinkage=0.02


Tree=175
num_leaves=8
num_cat=0
split_feature=33 40 16 40 41 33 16
split_gain=14279.4 12589 7515.28 7435.4 5005.6 4793.08 4586.49
threshold=2.5000000000000004 62.045000000000009 0.50695000000000012 11.365000000000002 32.655000000000008 4.5000000000000009 0.49545000000000006
decision_type=2 2 2 2 2 2 2
left_child=1 2 4 -2 -1 6 -5
right_child=3 -3 -4 5 -6 -7 -8
leaf_value=-0.15226247951475499 -0.11446073157614783 0.029127497272634643 -0.017639614102686964 -0.0049886360047024444 -0.063552666856045756 0.071364034579294494 0.041850399633287384
leaf_weight=337 147 1012 1234 1751 1063 815 1594
leaf_count=337 147 1012 1234 1751 1063 815 1594
internal_value=-0.00162121 -0.0307261 -0.0537338 0.0230239 -0.0853723 0.0280137 0.0173608
internal_weight=7953 3646 2634 4307 1400 4160 3345
internal_count=7953 3646 2634 4307 1400 4160 3345
is_linear=0
shrinkage=0.02


Tree=176
num_leaves=8
num_cat=0
split_feature=40 64 41 16 33 65 42
split_gain=14660.3 14061.3 8915.28 7822.68 6188.35 3766.34 3606.2
threshold=59.725000000000001 3.5000000000000004 15.475000000000003 0.50155000000000005 3.5000000000000004 1.0000000180025095e-35 82.565000000000012
decision_type=2 2 2 2 2 2 2
left_child=1 2 -1 4 -4 -5 -2
right_child=6 -3 3 5 -6 -7 -8
leaf_value=-0.16730667187986784 0.027763777399453193 0.026835316175331671 -0.078484688791317869 -0.077112128080977171 0.011841253282512046 0.011835990956372604 0.087904779457871535
leaf_weight=206 1958 1824 1524 216 377 1371 499
leaf_count=206 1958 1824 1524 216 377 1371 499
internal_value=-0.000457493 -0.0185506 -0.040967 -0.0332766 -0.0605875 -0.000474533 0.0401317
internal_weight=7975 5518 3694 3488 1901 1587 2457
internal_count=7975 5518 3694 3488 1901 1587 2457
is_linear=0
shrinkage=0.02


Tree=177
num_leaves=8
num_cat=0
split_feature=41 33 52 41 12 44 33
split_gain=14112.4 12571.3 7160.85 6877.51 4237.49 4217.09 3809.13
threshold=21.23 1.5000000000000002 30.840000000000003 64.375000000000014 47.345000000000006 1.0000000180025095e-35 4.5000000000000009
decision_type=2 2 2 2 2 2 2
left_child=6 3 -3 4 -2 -5 -1
right_child=1 2 -4 5 -6 -7 -8
leaf_value=-0.11866040483085331 -0.10286141559743463 -0.024968350811719286 0.031745855627247348 -0.11066416034827362 -0.024783163361616581 0.055771823605287006 0.0363346202279392
leaf_weight=464 625 1089 4803 69 505 343 71
leaf_count=464 625 1089 4803 69 505 343 71
internal_value=0.000778247 0.00794408 0.0212513 -0.0428071 -0.0682309 0.0269051 -0.097945
internal_weight=7969 7434 5892 1542 1130 412 535
internal_count=7969 7434 5892 1542 1130 412 535
is_linear=0
shrinkage=0.02


Tree=178
num_leaves=8
num_cat=0
split_feature=41 66 52 52 42 44 66
split_gain=15947.4 9875.31 8877.82 7459.38 5876.9 5435.21 4640.18
threshold=43.845000000000006 0.56250000000000011 63.135000000000012 53.375000000000007 12.335000000000003 1.0000000180025095e-35 1.0000000180025095e-35
decision_type=2 2 2 2 2 2 2
left_child=1 2 4 6 -1 -6 -2
right_child=3 -3 -4 -5 5 -7 -8
leaf_value=-0.1591797536149929 -0.099828170959869136 0.070286417018720196 0.022253178292919791 0.048024584638002424 -0.12003187211908131 -0.037668828018091703 0.0056867486617951934
leaf_weight=249 173 299 537 2226 410 1448 2624
leaf_count=249 173 299 537 2226 410 1448 2624
internal_value=-0.000906474 -0.037839 -0.0501761 0.0207486 -0.0686447 -0.056117 -0.00100605
internal_weight=7966 2943 2644 5023 2107 1858 2797
internal_count=7966 2943 2644 5023 2107 1858 2797
is_linear=0
shrinkage=0.02


Tree=179
num_leaves=8
num_cat=0
split_feature=41 52 31 41 33 42 41
split_gain=13410.3 9037.84 6766.23 5074.15 4325.97 4149.73 3835.18
threshold=28.075000000000006 44.855000000000011 1.0000000180025095e-35 74.77500000000002 4.5000000000000009 81.935000000000016 14.405000000000003
decision_type=2 2 2 2 2 2 2
left_child=4 2 3 -2 6 -3 -1
right_child=1 5 -4 -5 -6 -7 -8
leaf_value=-0.15175817668175381 -0.064757718700881858 0.024108324428407352 0.010747380196125277 0.069632213770426693 0.052947921371674748 0.092902623790000263 -0.056110840801406527
leaf_weight=222 1100 3666 1656 121 106 384 691
leaf_count=222 1100 3666 1656 121 106 384 691
internal_value=0.00151975 0.0114986 -0.0155906 -0.0512101 -0.0660401 0.0307376 -0.0800678
internal_weight=7946 6927 2877 1221 1019 4050 913
internal_count=7946 6927 2877 1221 1019 4050 913
is_linear=0
shrinkage=0.02


Tree=180
num_leaves=8
num_cat=0
split_feature=31 41 16 41 16 41 66
split_gain=13655.8 10593.9 7279.53 5734.85 5088.53 4353.71 4053.9
threshold=1.0000000180025095e-35 58.930000000000007 0.56385000000000007 15.475000000000003 0.44315000000000004 78.865000000000023 0.43750000000000006
decision_type=2 2 2 2 2 2 2
left_child=1 2 6 -2 -5 -3 -1
right_child=3 5 -4 4 -6 -7 -8
leaf_value=-0.095236610816551742 -0.087744899070746188 -0.0011165499814605659 -0.0058788670319571065 -0.00026389260098921434 0.043031247613927147 0.096627626721949689 0.0036658922636356112
leaf_weight=1276 180 878 751 1796 2741 225 190
leaf_count=1276 180 878 751 1796 2741 225 190
internal_value=-0.000377208 -0.0314253 -0.0565831 0.0214858 0.0259112 0.0191683 -0.0824495
internal_weight=8037 3320 2217 4717 4537 1103 1466
internal_count=8037 3320 2217 4717 4537 1103 1466
is_linear=0
shrinkage=0.02


Tree=181
num_leaves=8
num_cat=0
split_feature=40 64 12 34 41 41 34
split_gain=14555.2 9881.43 7707.15 6635.36 4379.84 3802.5 3687.11
threshold=20.705000000000002 1.5000000000000002 42.165000000000006 1.5000000000000002 53.520000000000003 73.915000000000006 3.5000000000000004
decision_type=2 2 2 2 2 2 2
left_child=6 5 3 -3 -4 -2 -1
right_child=1 2 4 -5 -6 -7 -8
leaf_value=-0.10897216643138952 -0.096104108153191301 -0.043833317407591735 0.011819489734380828 0.015968741702693447 0.054285674460088251 0.098639202276865651 0.060965579676217047
leaf_weight=558 447 1330 2046 1667 1851 40 53
leaf_count=558 447 1330 2046 1667 1851 40 53
internal_value=-0.000454843 0.00733522 0.0135061 -0.0105988 0.0320338 -0.0792689 -0.093856
internal_weight=7992 7381 6894 2997 3897 487 611
internal_count=7992 7381 6894 2997 3897 487 611
is_linear=0
shrinkage=0.02


Tree=182
num_leaves=8
num_cat=0
split_feature=42 33 42 33 40 33 12
split_gain=12462.6 9733.56 6276.79 5663.35 4588.58 4570.92 3636.56
threshold=48.815000000000005 4.5000000000000009 9.1200000000000028 1.0000000180025095e-35 72.590000000000018 1.5000000000000002 42.865000000000002
decision_type=2 2 2 2 2 2 2
left_child=1 2 -1 -2 6 -4 -5
right_child=3 -3 5 4 -6 -7 -8
leaf_value=-0.14815311593088237 -0.076785989949649039 0.064199578776883273 -0.076292435491601654 -0.0097646026770628093 0.06498104489789 -0.01920115028997672 0.034511518371458452
leaf_weight=193 215 407 719 1313 980 2517 1696
leaf_count=193 215 407 719 1313 980 2517 1696
internal_value=-0.00169016 -0.0277389 -0.038729 0.0220831 0.0275014 -0.0319843 0.0152071
internal_weight=8040 3836 3429 4204 3989 3236 3009
internal_count=8040 3836 3429 4204 3989 3236 3009
is_linear=0
shrinkage=0.02


Tree=183
num_leaves=8
num_cat=0
split_feature=44 42 16 66 34 16 34
split_gain=12586.3 8835.9 7889.42 6175.88 6080.35 4661.07 4201.69
threshold=1.0000000180025095e-35 9.1200000000000028 0.34815000000000007 0.43750000000000006 1.0000000180025095e-35 0.50035000000000007 1.5000000000000002
decision_type=2 2 2 2 2 2 2
left_child=3 -2 6 5 -4 -1 -3
right_child=1 2 4 -5 -6 -7 -8
leaf_value=-0.11126032579138487 -0.14069865681981081 -0.075700812707759454 -0.042523372372996429 0.014497833200160406 0.033219921164441987 -0.032206950626175464 -5.5805526663670728e-05
leaf_weight=628 144 486 463 428 4566 575 731
leaf_count=628 144 486 463 428 4566 575 731
internal_value=-0.00112848 0.0115361 0.0151555 -0.0506297 0.0262112 -0.0737647 -0.0304502
internal_weight=8021 6390 6246 1631 5029 1203 1217
internal_count=8021 6390 6246 1631 5029 1203 1217
is_linear=0
shrinkage=0.02


Tree=184
num_leaves=8
num_cat=0
split_feature=52 34 44 34 42 42 44
split_gain=13958.1 10334.2 6006.9 4925.39 5648.84 4134.88 3394.84
threshold=58.635000000000012 1.5000000000000002 1.0000000180025095e-35 3.5000000000000004 23.475000000000005 26.055000000000003 1.0000000180025095e-35
decision_type=2 2 2 2 2 2 2
left_child=1 2 -1 4 -3 -4 -2
right_child=6 3 5 -5 -6 -7 -8
leaf_value=-0.11167534079697383 -0.0078729856949537359 -0.077373866789104032 -0.11094413275810965 0.066597857345912323 0.0073554317038828122 -0.021831664696282029 0.049552011585679998
leaf_weight=488 512 361 234 453 2243 1658 2073
leaf_count=488 512 361 234 453 2243 1658 2073
internal_value=-3.25039e-05 -0.0182212 -0.0494246 0.006113 -0.00451661 -0.0331163 0.0381848
internal_weight=8022 5437 2380 3057 2604 1892 2585
internal_count=8022 5437 2380 3057 2604 1892 2585
is_linear=0
shrinkage=0.02


Tree=185
num_leaves=8
num_cat=0
split_feature=16 44 42 31 52 41 42
split_gain=12603.7 9024.49 6009.05 5794.6 5712.93 4894.58 4731.32
threshold=0.50695000000000012 1.0000000180025095e-35 57.375000000000007 1.0000000180025095e-35 67.205000000000013 68.705000000000013 10.480000000000002
decision_type=2 2 2 2 2 2 2
left_child=1 2 -1 5 6 -3 -2
right_child=4 3 -4 -5 -6 -7 -8
leaf_value=-0.11049284931288128 -0.12190945124253631 -0.054138912100661872 0.0039307678659300238 0.014484090166671326 0.079025732749180233 0.049559955601063042 0.020925987578465463
leaf_weight=641 91 1182 256 2048 721 211 2803
leaf_count=641 91 1182 256 2048 721 211 2803
internal_value=0.00128864 -0.0216842 -0.0779961 -0.00691297 0.0288479 -0.0383104 0.0162321
internal_weight=7953 4338 897 3441 3615 1393 2894
internal_count=7953 4338 897 3441 3615 1393 2894
is_linear=0
shrinkage=0.02


Tree=186
num_leaves=8
num_cat=0
split_feature=52 64 41 43 16 66 41
split_gain=12595.7 7472.92 6801.39 6461.33 4839.21 3577.28 3233.78
threshold=44.855000000000011 3.5000000000000004 34.985000000000007 1.0000000180025095e-35 0.53355000000000008 1.0000000180025095e-35 73.915000000000006
decision_type=2 2 2 2 2 2 2
left_child=1 2 -1 -2 -5 -4 -7
right_child=3 -3 5 4 -6 6 -8
leaf_value=-0.10583316253187755 -0.0204980919670705 0.01411892313694307 -0.11829178797104691 0.016057843187477581 0.063359086600022638 -0.028357308086588272 0.064991816634724961
leaf_weight=607 1061 1128 153 2098 1473 1346 162
leaf_count=607 1061 1128 153 2098 1473 1346 162
internal_value=0.00132492 -0.0279095 -0.0487977 0.0227655 0.0356304 -0.0276994 -0.0181474
internal_weight=8028 3396 2268 4632 3571 1661 1508
internal_count=8028 3396 2268 4632 3571 1661 1508
is_linear=0
shrinkage=0.02


Tree=187
num_leaves=8
num_cat=0
split_feature=52 64 34 64 52 64 64
split_gain=10942.5 9163.42 4925.61 4431.72 4053.22 3133.38 2357.25
threshold=61.455000000000005 3.5000000000000004 3.5000000000000004 1.5000000000000002 22.125000000000004 4.5000000000000009 1.5000000000000002
decision_type=2 2 2 2 2 2 2
left_child=1 2 3 -1 -5 -3 -2
right_child=6 5 -4 4 -6 -7 -8
leaf_value=-0.10007442279772502 -0.041950738870435295 0.0072993572980232183 0.064016094763635428 -0.083502807637076765 -0.02001878045080515 0.06668157572730761 0.044754019914107268
leaf_weight=394 130 1559 199 467 2768 456 1992
leaf_count=394 130 1559 199 467 2768 456 1992
internal_value=0.000510792 -0.0136182 -0.0317756 -0.0371093 -0.029298 0.0208695 0.0393561
internal_weight=7965 5843 3828 3629 3235 2015 2122
internal_count=7965 5843 3828 3629 3235 2015 2122
is_linear=0
shrinkage=0.02


Tree=188
num_leaves=8
num_cat=0
split_feature=52 41 31 41 44 41 44
split_gain=11376.3 9373.7 6609.45 5907.29 3405.07 2624.69 2605.02
threshold=58.635000000000012 33.735000000000007 1.0000000180025095e-35 74.77500000000002 1.0000000180025095e-35 55.555000000000007 1.0000000180025095e-35
decision_type=2 2 2 2 2 2 2
left_child=1 4 3 6 -1 -4 -3
right_child=-2 2 5 -5 -6 -7 -8
leaf_value=-0.12516120339096604 0.03480285703068936 -0.093527039341739754 -0.00076373607941861393 0.069351225366646591 -0.046177022903126315 0.041044002303961033 -0.030710773100234505
leaf_weight=290 2563 330 1243 204 889 1157 1298
leaf_count=290 2563 330 1243 204 889 1157 1298
internal_value=0.0001323 -0.0163069 -0.0023869 -0.030949 -0.0660514 0.0194345 -0.0436912
internal_weight=7974 5411 4232 1832 1179 2400 1628
internal_count=7974 5411 4232 1832 1179 2400 1628
is_linear=0
shrinkage=0.02


Tree=189
num_leaves=8
num_cat=0
split_feature=43 41 42 65 31 41 12
split_gain=12553 7063.68 6715.23 5606.94 3985.17 3938.9 3820.13
threshold=1.0000000180025095e-35 15.475000000000003 61.495000000000012 1.0000000180025095e-35 1.0000000180025095e-35 65.715000000000018 42.165000000000006
decision_type=2 2 2 2 2 2 2
left_child=2 -2 4 5 -1 -3 -5
right_child=1 3 -4 6 -6 -7 -8
leaf_value=-0.10390270430766396 -0.10201745388012577 -0.076723168604347053 0.020158579093861026 0.0032137024349382223 -0.037691000505973203 0.052918097564289647 0.037626923371797912
leaf_weight=635 202 390 474 2243 864 119 3036
leaf_count=635 202 390 474 2243 864 119 3036
internal_value=-0.00160753 0.0128084 -0.0452959 0.0169004 -0.0659915 -0.0461942 0.0230219
internal_weight=7963 5990 1973 5788 1499 509 5279
internal_count=7963 5990 1973 5788 1499 509 5279
is_linear=0
shrinkage=0.02


Tree=190
num_leaves=8
num_cat=0
split_feature=16 42 66 31 41 42 42
split_gain=11086.2 6659.96 7467.09 6120.28 4381.96 3536.21 3371.46
threshold=0.38705000000000006 79.155000000000015 0.18750000000000003 1.0000000180025095e-35 14.405000000000003 4.6300000000000017 39.915000000000006
decision_type=2 2 2 2 2 2 2
left_child=3 2 6 -1 -4 -6 -2
right_child=1 -3 4 -5 5 -7 -8
leaf_value=-0.078430209545826676 -0.09014728865726189 0.07955823129631695 -0.088576546063373146 -0.009966876892540201 -0.13243513192262565 0.026389619729298767 -0.014438305276590475
leaf_weight=876 341 574 138 1287 52 3947 743
leaf_count=876 341 574 138 1287 52 3947 743
internal_value=0.000775551 0.0151983 0.00805314 -0.037811 0.0202985 0.0241616 -0.0385591
internal_weight=7958 5795 5221 2163 4137 3999 1084
internal_count=7958 5795 5221 2163 4137 3999 1084
is_linear=0
shrinkage=0.02


Tree=191
num_leaves=8
num_cat=0
split_feature=42 42 33 34 52 33 55
split_gain=11413.5 7547.7 8316.74 4894.9 4265.86 3972.33 3755.17
threshold=23.475000000000005 79.155000000000015 2.5000000000000004 3.5000000000000004 73.545000000000016 1.0000000180025095e-35 54.735000000000007
decision_type=2 2 2 2 2 2 2
left_child=3 2 5 4 -1 -2 -7
right_child=1 -3 -4 -5 -6 6 -8
leaf_value=-0.092438057376497351 -0.092759917469214331 0.067831907057943827 0.021280733682019038 0.082905925314873452 0.10165645077520488 -0.0058406557510388406 -0.069064967496604318
leaf_weight=796 301 727 3414 75 44 2211 448
leaf_count=796 301 727 3414 75 44 2211 448
internal_value=-0.00157478 0.00700787 2.27262e-05 -0.0678579 -0.0817298 -0.0244903 -0.0166026
internal_weight=8016 7101 6374 915 840 2960 2659
internal_count=8016 7101 6374 915 840 2960 2659
is_linear=0
shrinkage=0.02


Tree=192
num_leaves=8
num_cat=0
split_feature=41 66 43 40 52 66 42
split_gain=10881.7 9045.46 6873.09 3941.95 3801.6 3292 3111.63
threshold=62.095000000000006 0.18750000000000003 1.0000000180025095e-35 17.770000000000007 35.445000000000007 0.43750000000000006 31.075000000000003
decision_type=2 2 2 2 2 2 2
left_child=1 6 3 -3 -4 -5 -1
right_child=-2 2 4 5 -6 -7 -8
leaf_value=-0.12091146209322172 0.038000924655326694 -0.13876664509241646 -0.022247155916270796 -0.051608012690241643 0.02585619660671306 0.022746863816931886 -0.044885919136976649
leaf_weight=285 2187 143 889 762 2481 342 887
leaf_count=285 2187 143 889 762 2481 342 887
internal_value=4.47767e-05 -0.0143149 -0.00169582 -0.0417154 0.0131525 -0.0285755 -0.0638085
internal_weight=7976 5789 4617 1247 3370 1104 1172
internal_count=7976 5789 4617 1247 3370 1104 1172
is_linear=0
shrinkage=0.02


Tree=193
num_leaves=8
num_cat=0
split_feature=44 34 41 41 34 41 12
split_gain=12173.2 6406.84 7274.35 5510.67 5766.66 3844.3 3722.11
threshold=1.0000000180025095e-35 1.5000000000000002 63.215000000000011 70.415000000000006 3.5000000000000004 15.475000000000003 45.145000000000003
decision_type=2 2 2 2 2 2 2
left_child=3 2 6 4 5 -1 -2
right_child=1 -3 -4 -5 -6 -7 -8
leaf_value=-0.21373738926190597 -0.057891136866741875 0.029295789186065513 0.042862997300255085 0.050124444787957002 0.063759135389557256 -0.06747984910258896 -0.0035198525371581729
leaf_weight=73 1010 3573 723 189 125 1199 1001
leaf_count=73 1010 3573 723 189 125 1199 1001
internal_value=-0.000782515 0.01168 -0.0113531 -0.0502228 -0.0639291 -0.0766776 -0.030903
internal_weight=7893 6307 2734 1586 1397 1272 2011
internal_count=7893 6307 2734 1586 1397 1272 2011
is_linear=0
shrinkage=0.02


Tree=194
num_leaves=8
num_cat=0
split_feature=43 16 42 34 12 10 42
split_gain=11250.9 6329.83 5241.84 4772.66 3835.73 3756.4 3159.45
threshold=1.0000000180025095e-35 0.42885000000000006 61.195000000000007 3.5000000000000004 46.155000000000008 18502.500000000004 8.1000000000000014
decision_type=2 2 2 2 2 2 2
left_child=2 5 3 6 -3 -2 -1
right_child=1 4 -4 -5 -6 -7 -8
leaf_value=-0.1864684825398949 -0.059687469679991896 0.0082681220549921403 0.015904104948497939 0.058833750599906559 0.048264093630286331 0.0010584883465272737 -0.062152445820487623
leaf_weight=84 541 1900 479 121 1937 1601 1312
leaf_count=84 541 1900 479 121 1937 1601 1312
internal_value=-0.000595189 0.0131334 -0.0416491 -0.0598143 0.0284955 -0.0143873 -0.0702716
internal_weight=7975 5979 1996 1517 3837 2142 1396
internal_count=7975 5979 1996 1517 3837 2142 1396
is_linear=0
shrinkage=0.02


Tree=195
num_leaves=8
num_cat=0
split_feature=41 31 41 16 55 33 16
split_gain=10325.6 9693.58 6444.52 5708.08 4165.03 2950.13 2935
threshold=58.930000000000007 1.0000000180025095e-35 20.735000000000003 0.57345000000000013 55.685000000000009 3.5000000000000004 0.50455000000000017
decision_type=2 2 2 2 2 2 2
left_child=1 2 -1 5 6 -4 -3
right_child=-2 4 3 -5 -6 -7 -8
leaf_value=-0.15449646046048121 0.030903891743947524 -0.0034816637117577841 -0.072225464961870961 0.010617202324694413 -0.053185492496760127 0.01149045679325135 0.038460717911049151
leaf_weight=205 2636 1557 1210 658 415 194 1162
leaf_count=205 2636 1557 1210 658 415 194 1162
internal_value=-0.00151055 -0.0173446 -0.0487995 -0.037943 0.00544995 -0.0606582 0.0144807
internal_weight=8037 5401 2267 2062 3134 1404 2719
internal_count=8037 5401 2267 2062 3134 1404 2719
is_linear=0
shrinkage=0.02


Tree=196
num_leaves=8
num_cat=0
split_feature=44 34 40 33 41 40 31
split_gain=11688.9 6135.7 6117.07 5444.29 5223.67 4439.35 3472.07
threshold=1.0000000180025095e-35 2.5000000000000004 34.475000000000001 4.5000000000000009 35.225000000000001 84.560000000000016 1.0000000180025095e-35
decision_type=2 2 2 2 2 2 2
left_child=3 2 -2 4 -1 6 -4
right_child=1 -3 5 -5 -6 -7 -8
leaf_value=-0.12746885623385509 -0.044937800270341957 0.043089753775103351 -0.015886764226532613 0.059539337255704552 -0.040418241529984196 0.094624670128707358 0.023546742607461181
leaf_weight=370 1033 1613 1738 157 1075 227 1827
leaf_count=370 1033 1613 1738 157 1075 227 1827
internal_value=-0.00265176 0.00938596 -0.00191418 -0.0509068 -0.0630707 0.00984986 0.00432689
internal_weight=8040 6438 4825 1602 1445 3792 3565
internal_count=8040 6438 4825 1602 1445 3792 3565
is_linear=0
shrinkage=0.02


Tree=197
num_leaves=8
num_cat=0
split_feature=41 16 64 41 33 33 42
split_gain=10275.8 8230.29 6587.8 5410.87 3969.25 3258.45 3312.88
threshold=20.030000000000005 0.50155000000000005 3.5000000000000004 58.930000000000007 3.5000000000000004 1.0000000180025095e-35 21.245000000000001
decision_type=2 2 2 2 2 2 2
left_child=-1 2 3 4 -2 -3 -7
right_child=1 5 -4 -5 -6 6 -8
leaf_value=-0.092253985300165486 -0.071210399542733852 -0.051619279049516013 0.017375310358346763 0.0053918291801025343 0.005441484067260343 -0.048596862201200859 0.035116196864484785
leaf_weight=477 1378 203 1457 851 335 197 3121
leaf_count=477 1378 203 1457 851 335 197 3121
internal_value=-0.00272462 0.00299511 -0.0165464 -0.0358188 -0.0562479 0.0253034 0.0300802
internal_weight=8019 7542 4021 2564 1713 3521 3318
internal_count=8019 7542 4021 2564 1713 3521 3318
is_linear=0
shrinkage=0.02


Tree=198
num_leaves=8
num_cat=0
split_feature=40 16 44 10 12 40 12
split_gain=9259.52 7683.74 5280.56 3872.27 3673.42 2446.57 2307.61
threshold=19.550000000000001 0.50455000000000017 1.0000000180025095e-35 19100.500000000004 66.475000000000009 78.535000000000011 59.515000000000008
decision_type=2 2 2 2 2 2 2
left_child=-1 2 5 -4 -3 -2 -5
right_child=1 4 3 6 -6 -7 -8
leaf_value=-0.079247886624985511 -0.068379487725605453 0.01673952708888932 -0.039345040437089009 -0.0019310337100400411 0.068905089225997557 0.074699118721943639 0.041454314354442127
leaf_weight=555 754 2795 828 1670 666 47 689
leaf_count=555 754 2795 828 1670 666 47 689
internal_value=-0.000815097 0.00507791 -0.013838 -0.00226805 0.0268627 -0.0595728 0.0108015
internal_weight=8004 7449 3988 3187 3461 801 2359
internal_count=8004 7449 3988 3187 3461 801 2359
is_linear=0
shrinkage=0.02


Tree=199
num_leaves=8
num_cat=0
split_feature=52 64 41 12 41 64 64
split_gain=10907.8 9012.9 4438.35 3689.27 3860.76 3597 3457.68
threshold=32.835000000000008 1.5000000000000002 21.850000000000005 78.085000000000022 67.365000000000023 3.5000000000000004 4.5000000000000009
decision_type=2 2 2 2 2 2 2
left_child=5 -2 -3 4 6 -1 -4
right_child=1 2 3 -5 -6 -7 -8
leaf_value=-0.062824312899127641 -0.075183835186539816 -0.047531679294735112 0.0041479456757442289 0.07498802511259578 0.051907603507425834 -0.00077766657117250815 0.073847611558533477
leaf_weight=1162 418 356 3498 527 1128 550 305
leaf_count=1162 418 356 3498 527 1128 550 305
internal_value=0.0016881 0.0139757 0.0204449 0.0249182 0.0194964 -0.0429514 0.00982747
internal_weight=7944 6232 5814 5458 4931 1712 3803
internal_count=7944 6232 5814 5458 4931 1712 3803
is_linear=0
shrinkage=0.02


Tree=200
num_leaves=8
num_cat=0
split_feature=44 65 16 65 41 41 41
split_gain=9880.53 6262.85 6232.95 4380.53 4873 3353.63 2784.89
threshold=1.0000000180025095e-35 1.0000000180025095e-35 0.35455000000000009 0.76388888888888895 67.855000000000018 14.405000000000003 15.475000000000003
decision_type=2 2 2 2 2 2 2
left_child=3 -2 -3 4 6 -4 -1
right_child=1 2 5 -5 -6 -7 -8
leaf_value=-0.19594267072340965 -0.051993867556512773 -0.022966141000329232 -0.068385665112353389 0.06890031962404175 0.02743599402407805 0.030824711060797521 -0.062826480384681249
leaf_weight=63 571 1220 136 121 241 4458 1163
leaf_count=63 571 1220 136 121 241 4458 1163
internal_value=-0.000179045 0.0109306 0.0171498 -0.0447425 -0.0543181 0.0278165 -0.070435
internal_weight=7973 6385 5814 1588 1467 4594 1226
internal_count=7973 6385 5814 1588 1467 4594 1226
is_linear=0
shrinkage=0.02


Tree=201
num_leaves=8
num_cat=0
split_feature=52 31 43 43 52 55 33
split_gain=9682.47 8676.43 3609.17 3521.76 3306.53 2845.8 2639.67
threshold=67.205000000000013 1.0000000180025095e-35 1.0000000180025095e-35 1.0000000180025095e-35 32.055000000000007 57.695000000000007 3.5000000000000004
decision_type=2 2 2 2 2 2 2
left_child=1 2 6 -3 5 -4 -1
right_child=-2 3 4 -5 -6 -7 -8
leaf_value=-0.089679665788771248 0.04645261580219167 -0.023387420062169744 -0.048781447517020363 0.020885626976127582 -0.0085220902611387716 -0.19210591920407918 0.029432453339298569
leaf_weight=624 1510 955 429 2858 1517 60 82
leaf_count=624 1510 955 429 2858 1517 60 82
internal_value=0.000900846 -0.00966813 -0.0369807 0.00978094 -0.0231868 -0.0681337 -0.0757354
internal_weight=8035 6525 2712 3813 2006 489 706
internal_count=8035 6525 2712 3813 2006 489 706
is_linear=0
shrinkage=0.02


Tree=202
num_leaves=8
num_cat=0
split_feature=43 41 33 33 41 31 12
split_gain=10757.4 6099.56 5651.13 4777.11 3778.52 3420.89 3392.1
threshold=1.0000000180025095e-35 18.610000000000003 3.5000000000000004 1.0000000180025095e-35 78.865000000000023 1.0000000180025095e-35 71.660000000000011
decision_type=2 2 2 2 2 2 2
left_child=2 -2 4 -3 5 -1 -5
right_child=1 3 -4 6 -6 -7 -8
leaf_value=-0.099317630985922986 -0.078679880734077459 -0.06335434370221836 0.01655959192860371 0.015178708362068485 0.079094859860031994 -0.035952288104008939 0.061588240507452818
leaf_weight=702 273 275 501 4732 69 675 723
leaf_count=702 273 275 501 4732 69 675 723
internal_value=-0.000415762 0.0128371 -0.0412054 0.0172622 -0.0612075 -0.0684986 0.0213805
internal_weight=7950 6003 1947 5730 1446 1377 5455
internal_count=7950 6003 1947 5730 1446 1377 5455
is_linear=0
shrinkage=0.02


Tree=203
num_leaves=8
num_cat=0
split_feature=31 16 42 40 12 43 16
split_gain=8869.22 7125.37 5704.41 5537.94 5047.76 3708.33 3460.24
threshold=1.0000000180025095e-35 0.36255000000000004 15.815000000000003 11.365000000000002 68.085000000000022 1.0000000180025095e-35 0.50455000000000017
decision_type=2 2 2 2 2 2 2
left_child=1 -1 -3 -2 5 -4 -5
right_child=3 2 4 6 -6 -7 -8
leaf_value=-0.082348910315574383 -0.09991563003274459 -0.1402806449398514 -0.063667839593771425 0.004875785211301005 0.06070744169167714 -0.0011433023326207705 0.039757172612097866
leaf_weight=704 153 124 499 2535 400 1536 2061
leaf_count=704 153 124 499 2535 400 1536 2061
internal_value=-0.00087431 -0.0262379 -0.0106709 0.0165621 -0.00379668 -0.0165933 0.020544
internal_weight=8012 3263 2559 4749 2435 2035 4596
internal_count=8012 3263 2559 4749 2435 2035 4596
is_linear=0
shrinkage=0.02


Tree=204
num_leaves=8
num_cat=0
split_feature=44 33 33 43 41 41 41
split_gain=10284.4 5943.4 5200.84 4582.73 4383.09 3018.71 2800.23
threshold=1.0000000180025095e-35 1.0000000180025095e-35 3.5000000000000004 1.0000000180025095e-35 71.760000000000005 41.735000000000007 68.115000000000023
decision_type=2 2 2 2 2 2 2
left_child=2 6 4 5 -1 -3 -2
right_child=1 3 -4 -5 -6 -7 -8
leaf_value=-0.079472545626514013 -0.096580898556858308 -0.050101035933332726 0.015506306495216371 0.02652696909156331 0.039992150905812887 0.0087894740169484585 0.052771813907320539
leaf_weight=1048 271 564 428 4635 136 894 58
leaf_count=1048 271 564 428 4635 136 894 58
internal_value=0.000972287 0.0123149 -0.0441135 0.0168054 -0.0656398 -0.0140846 -0.0698554
internal_weight=8034 6422 1612 6093 1184 1458 329
internal_count=8034 6422 1612 6093 1184 1458 329
is_linear=0
shrinkage=0.02


Tree=205
num_leaves=8
num_cat=0
split_feature=16 34 40 12 40 40 34
split_gain=9730.92 6932.75 5047.74 3878.45 3837.65 3431.38 3018.67
threshold=0.50155000000000005 1.5000000000000002 71.345000000000013 59.07500000000001 20.705000000000002 51.035000000000004 3.5000000000000004
decision_type=2 2 2 2 2 2 2
left_child=1 2 3 -1 -2 6 -3
right_child=4 5 -4 -5 -6 -7 -8
leaf_value=-0.083933978754430871 -0.055006576778382818 -0.033317845192051221 0.035162472751455245 -0.01084891770952311 0.028063843173770534 0.026806238687508477 0.047141462404381586
leaf_weight=1126 233 1175 228 393 3490 1076 217
leaf_count=1126 233 1175 228 393 3490 1076 217
internal_value=-0.000747184 -0.0215466 -0.0519717 -0.0651228 0.0227982 5.17151e-05 -0.0206511
internal_weight=7938 4215 1747 1519 3723 2468 1392
internal_count=7938 4215 1747 1519 3723 2468 1392
is_linear=0
shrinkage=0.02


Tree=206
num_leaves=8
num_cat=0
split_feature=65 12 12 55 12 55 10
split_gain=6737.91 4402.4 2590.82 2656.67 2548.9 2484.15 2009.03
threshold=1.0000000180025095e-35 42.165000000000006 79.555000000000021 55.685000000000009 40.635000000000012 55.185000000000009 45451.30000000001
decision_type=2 2 2 2 2 2 2
left_child=4 5 3 6 -1 -2 -3
right_child=1 2 -4 -5 -6 -7 -8
leaf_value=-0.098974340862231239 -0.0037617259300099077 0.0080774894265786112 0.061788625058554515 -0.030074465330887042 -0.023896841058253963 -0.053570477242706124 0.041184450378469892
leaf_weight=318 2683 1908 519 468 421 466 1189
leaf_count=318 2683 1908 519 468 421 466 1189
internal_value=0.000662719 0.00655364 0.0202442 0.014118 -0.0566516 -0.0112058 0.0208338
internal_weight=7972 7233 4084 3565 739 3149 3097
internal_count=7972 7233 4084 3565 739 3149 3097
is_linear=0
shrinkage=0.02


Tree=207
num_leaves=8
num_cat=0
split_feature=44 12 34 33 40 55 40
split_gain=9143.57 4863.73 4523.84 4114.33 3979.53 3238.1 2962.09
threshold=1.0000000180025095e-35 45.970000000000006 1.5000000000000002 4.5000000000000009 17.080000000000002 53.675000000000004 35.605000000000011
decision_type=2 2 2 2 2 2 2
left_child=3 2 6 4 -1 -6 -2
right_child=1 -3 -4 -5 5 -7 -8
leaf_value=-0.16557217555120587 -0.087963658805404382 0.030251358350821642 0.01652520764105048 0.056376256793737416 -0.025498037012796661 -0.10297806647430927 -0.016451988898735545
leaf_weight=107 289 3208 1776 155 1088 266 1110
leaf_count=107 289 3208 1776 155 1088 266 1110
internal_value=0.00213936 0.0129029 -0.00464588 -0.040284 -0.0506961 -0.0410422 -0.0314852
internal_weight=7999 6383 3175 1616 1461 1354 1399
internal_count=7999 6383 3175 1616 1461 1354 1399
is_linear=0
shrinkage=0.02


Tree=208
num_leaves=8
num_cat=0
split_feature=41 16 34 41 10 12 33
split_gain=9324.09 7124.43 6697.85 4182.13 4013.4 2816.1 2814.92
threshold=20.030000000000005 0.57745000000000013 2.5000000000000004 72.595000000000013 14089.200000000003 29.145000000000003 4.5000000000000009
decision_type=2 2 2 2 2 2 2
left_child=6 2 3 4 -2 -3 -1
right_child=1 5 -4 -5 -6 -7 -8
leaf_value=-0.10177370740122052 -0.070744243769751455 -0.0062184441093769338 0.031063072012680947 0.032345245325839447 -0.017676745160000961 0.045940268636293732 0.046604328354199726
leaf_weight=432 722 535 1315 506 2668 1810 55
leaf_count=432 722 535 1315 506 2668 1810 55
internal_value=-0.000348478 0.00514142 -0.00788906 -0.0210594 -0.0290666 0.0340526 -0.0847131
internal_weight=8043 7556 5211 3896 3390 2345 487
internal_count=8043 7556 5211 3896 3390 2345 487
is_linear=0
shrinkage=0.02


Tree=209
num_leaves=8
num_cat=0
split_feature=52 42 65 42 16 16 44
split_gain=8881.43 7563.03 5211.75 3839.71 3328.38 2913.39 2885.6
threshold=54.035000000000004 13.175000000000002 0.58571428571428574 71.455000000000013 0.55135000000000012 0.72145000000000015 1.0000000180025095e-35
decision_type=2 2 2 2 2 2 2
left_child=1 -1 3 6 -4 -2 -3
right_child=5 2 4 -5 -6 -7 -8
leaf_value=-0.12071053307772589 0.021332549092365032 -0.088405084454118946 -0.0059829830758880032 0.027844017397881272 0.046057874372700855 0.095638878310033884 -0.029353271641972808
leaf_weight=258 2957 420 1424 369 745 223 1545
leaf_count=258 2957 420 1424 369 745 223 1545
internal_value=0.000828525 -0.0164518 -0.010351 -0.0310629 0.0119566 0.0266853 -0.0421674
internal_weight=7941 4761 4503 2334 2169 3180 1965
internal_count=7941 4761 4503 2334 2169 3180 1965
is_linear=0
shrinkage=0.02


Tree=210
num_leaves=8
num_cat=0
split_feature=16 34 41 33 41 12 55
split_gain=9027.06 5864.22 4752.73 4006.89 3461.05 3376.66 2488.95
threshold=0.42885000000000006 1.5000000000000002 23.855000000000004 1.0000000180025095e-35 32.655000000000008 21.640000000000004 55.185000000000009
decision_type=2 2 2 2 2 2 2
left_child=1 4 -2 -4 -1 -3 -5
right_child=2 5 3 6 -6 -7 -8
leaf_value=-0.13143033321672704 -0.045415442730818684 -0.069303133170005304 -0.053967907565046658 0.033428615096382723 -0.044542064785432975 0.008013170860416325 -0.0088061198919988874
leaf_weight=226 444 262 253 3764 947 1465 653
leaf_count=226 444 262 253 3764 947 1465 653
internal_value=0.000797324 -0.0273628 0.0167773 0.0227325 -0.0617695 -0.00388255 0.0271818
internal_weight=8014 2900 5114 4670 1173 1727 4417
internal_count=8014 2900 5114 4670 1173 1727 4417
is_linear=0
shrinkage=0.02


Tree=211
num_leaves=8
num_cat=0
split_feature=41 52 65 41 55 43 41
split_gain=8097.44 7348.06 6842.32 3708.08 3480.89 2416.7 2316.89
threshold=62.095000000000006 62.785000000000004 0.53571428571428581 15.475000000000003 55.055000000000007 1.0000000180025095e-35 36.045000000000009
decision_type=2 2 2 2 2 2 2
left_child=1 2 4 -4 6 -5 -1
right_child=-2 -3 3 5 -6 -7 -8
leaf_value=-0.068622238686332451 0.033975880560943951 0.029911465281613685 -0.10192729077430873 -0.027616872153344098 -0.10384568829918354 0.021164507348717911 -0.021256269453051275
leaf_weight=611 2193 1338 125 549 368 1520 1277
leaf_count=611 2193 1338 125 549 368 1520 1277
internal_value=0.00129218 -0.0111099 -0.0234637 0.00169421 -0.0478798 0.00818521 -0.0367257
internal_weight=7981 5788 4450 2194 2256 2069 1888
internal_count=7981 5788 4450 2194 2256 2069 1888
is_linear=0
shrinkage=0.02


Tree=212
num_leaves=8
num_cat=0
split_feature=52 66 41 42 66 52 42
split_gain=9167.74 7094.51 8047.66 6009.72 4149.78 3031.11 2222.99
threshold=65.815000000000012 0.56250000000000011 20.030000000000005 71.985000000000014 0.18750000000000003 33.815000000000005 20.675000000000004
decision_type=2 2 2 2 2 2 2
left_child=1 2 -1 4 -4 -6 -7
right_child=-2 -3 3 -5 5 6 -8
leaf_value=-0.10708160913225852 0.042372461088680306 0.051163912428068122 -0.055954009527609705 0.037858723321032121 -0.038500337352604552 -0.065067446706663881 0.0074167771504163047
leaf_weight=375 1609 654 1033 820 1060 178 2247
leaf_count=375 1609 654 1033 820 1060 178 2247
internal_value=-0.000205397 -0.01099 -0.0181437 -0.0118013 -0.0208463 -0.0103747 0.00197335
internal_weight=7976 6367 5713 5338 4518 3485 2425
internal_count=7976 6367 5713 5338 4518 3485 2425
is_linear=0
shrinkage=0.02


Tree=213
num_leaves=8
num_cat=0
split_feature=43 33 41 33 64 12 41
split_gain=7935.07 5053.63 5032.61 3984.33 3415.94 3282.07 3035.51
threshold=1.0000000180025095e-35 3.5000000000000004 21.23 1.0000000180025095e-35 1.0000000180025095e-35 77.385000000000005 35.760000000000012
decision_type=2 2 2 2 2 2 2
left_child=1 4 -2 -4 -1 -5 -6
right_child=2 -3 3 5 6 -7 -8
leaf_value=-0.20500564269464591 -0.060427243001158204 0.018439772095644975 -0.058766756072911354 0.014462516022061033 -0.093570559594299815 0.069821716650220703 -0.028929116256304042
leaf_weight=53 367 519 270 4911 406 465 1019
leaf_count=53 367 519 270 4911 406 465 1019
internal_value=-0.000628155 -0.0351193 0.0108465 0.0155288 -0.0539253 0.0193113 -0.047609
internal_weight=8010 1997 6013 5646 1478 5376 1425
internal_count=8010 1997 6013 5646 1478 5376 1425
is_linear=0
shrinkage=0.02


Tree=214
num_leaves=8
num_cat=0
split_feature=52 34 41 44 41 16 34
split_gain=7672.73 6592.48 6664.83 5408.74 3342.8 3507.45 3095.88
threshold=63.135000000000012 2.5000000000000004 58.930000000000007 1.0000000180025095e-35 16.360000000000003 0.46745000000000009 1.0000000180025095e-35
decision_type=2 2 2 2 2 2 2
left_child=1 2 3 -1 -5 -6 -7
right_child=-2 -3 -4 4 5 6 -8
leaf_value=-0.089761590812807657 0.034817507932503503 0.025905443877760455 0.012518752985326427 -0.11960953017355691 -0.04618324930952946 -0.078655484215072957 0.015274835327716722
leaf_weight=661 1951 1478 1464 137 1059 156 1090
leaf_count=661 1951 1478 1464 137 1059 156 1090
internal_value=0.000383518 -0.0107495 -0.0226274 -0.0392028 -0.0253621 -0.0195137 0.00324733
internal_weight=7996 6045 4567 3103 2442 2305 1246
internal_count=7996 6045 4567 3103 2442 2305 1246
is_linear=0
shrinkage=0.02


Tree=215
num_leaves=8
num_cat=0
split_feature=44 52 52 41 33 33 40
split_gain=9171.65 6850.84 3876.11 3180.54 3484.36 2953.97 2565.33
threshold=1.0000000180025095e-35 32.345000000000006 48.225000000000001 67.365000000000023 1.0000000180025095e-35 4.5000000000000009 58.645000000000003
decision_type=2 2 2 2 2 2 2
left_child=2 6 5 4 -3 -1 -2
right_child=1 3 -4 -5 -6 -7 -8
leaf_value=-0.085715921949544735 -0.044810539792712566 -0.068378844362467966 -0.012733137118429588 0.051142164107443232 0.01668478333874723 0.054589772642548405 0.023114874524549699
leaf_weight=733 1042 198 831 1072 3802 62 279
leaf_count=733 1042 198 831 1072 3802 62 279
internal_value=-0.000732748 0.0100604 -0.0430691 0.020626 0.012394 -0.074501 -0.0304314
internal_weight=8019 6393 1626 5072 4000 795 1321
internal_count=8019 6393 1626 5072 4000 795 1321
is_linear=0
shrinkage=0.02


Tree=216
num_leaves=8
num_cat=0
split_feature=44 16 33 9 52 52 34
split_gain=9103.65 5345.38 4441.81 3341.96 3084.82 2891.82 2795.62
threshold=1.0000000180025095e-35 0.38165000000000004 4.5000000000000009 4.5000000000000009 53.845000000000006 32.835000000000008 1.5000000000000002
decision_type=2 2 2 2 2 2 2
left_child=2 -2 4 5 -1 6 -3
right_child=1 3 -4 -5 -6 -7 -8
leaf_value=-0.078772134690638526 -0.020935508592282895 -0.082007413194569168 0.050145745195077931 0.042042546833170713 -0.018101538627026539 0.017081730492419362 0.0076894160238052027
leaf_weight=866 1665 252 176 1805 551 2354 301
leaf_count=866 1665 252 176 1805 551 2354 301
internal_value=-0.00086408 0.00982569 -0.0435536 0.0207059 -0.055327 0.00740826 -0.0335537
internal_weight=7970 6377 1593 4712 1417 2907 553
internal_count=7970 6377 1593 4712 1417 2907 553
is_linear=0
shrinkage=0.02


Tree=217
num_leaves=8
num_cat=0
split_feature=43 52 41 34 41 41 66
split_gain=8397.88 6106.92 4431.78 4066.18 4163.14 3141.94 3087.62
threshold=1.0000000180025095e-35 59.07500000000001 35.760000000000012 1.5000000000000002 48.655000000000008 79.385000000000005 0.43750000000000006
decision_type=2 2 2 2 2 2 2
left_child=2 3 -1 4 -2 6 -4
right_child=1 -3 5 -5 -6 -7 -8
leaf_value=-0.082604766478088593 -0.05757979309342124 0.041175185068634039 -0.042632826782441791 0.015626225902039926 0.0038281362456127036 0.087833799134208787 0.025747218078266944
leaf_weight=562 820 1932 1004 2283 949 102 354
leaf_count=562 820 1932 1004 2283 949 102 354
internal_value=5.56602e-05 0.0119649 -0.0351317 -0.00199618 -0.0247189 -0.0166383 -0.0247786
internal_weight=8006 5984 2022 4052 1769 1460 1358
internal_count=8006 5984 2022 4052 1769 1460 1358
is_linear=0
shrinkage=0.02


Tree=218
num_leaves=8
num_cat=0
split_feature=43 40 40 12 66 44 55
split_gain=7428.31 4312.24 3809.62 3723.26 3460.25 2567.67 2221.28
threshold=1.0000000180025095e-35 7.5900000000000007 64.735000000000014 42.165000000000006 0.43750000000000006 1.0000000180025095e-35 55.185000000000009
decision_type=2 2 2 2 2 2 2
left_child=2 -2 4 6 5 -1 -3
right_child=1 3 -4 -5 -6 -7 -8
leaf_value=-0.11740756831880202 -0.12059628808588693 0.0020351327343759522 0.022310326357778069 0.026171730115138098 0.0019829443721867662 -0.048055995162757673 -0.050359011328534077
leaf_weight=280 94 2181 385 3411 420 920 375
leaf_count=280 94 2181 385 3411 420 920 375
internal_value=-0.000693 0.0103488 -0.0340145 0.0125109 -0.0474278 -0.0646581 -0.00573511
internal_weight=8066 6061 2005 5967 1620 1200 2556
internal_count=8066 6061 2005 5967 1620 1200 2556
is_linear=0
shrinkage=0.02


Tree=219
num_leaves=8
num_cat=0
split_feature=34 16 31 47 33 58 33
split_gain=6886.41 6458.12 3484.66 3239.37 2711.94 2526.64 1970.66
threshold=2.5000000000000004 0.50155000000000005 1.0000000180025095e-35 6.5000000000000009 1.0000000180025095e-35 43.640000000000008 5.5000000000000009
decision_type=2 2 2 2 2 2 2
left_child=1 2 3 -1 -3 -5 -2
right_child=6 4 -4 5 -6 -7 -8
leaf_value=-0.080129199796010284 0.024068509382417762 -0.056214854713350401 -0.011137933959964756 -0.050016829458319707 0.015479306568105033 0.028801306340005974 0.08670623433744544
leaf_weight=816 1778 224 1644 438 2702 253 223
leaf_count=816 1778 224 1644 438 2702 253 223
internal_value=-0.00088665 -0.0114847 -0.0313306 -0.0532492 0.00990422 -0.0211591 0.0312478
internal_weight=8078 6077 3151 1507 2926 691 2001
internal_count=8078 6077 3151 1507 2926 691 2001
is_linear=0
shrinkage=0.02


Tree=220
num_leaves=8
num_cat=0
split_feature=44 42 33 57 42 12 33
split_gain=7430.1 4369.7 3521.84 3645.8 3402.07 3211.15 2799.44
threshold=1.0000000180025095e-35 9.1200000000000028 4.5000000000000009 10.070000000000002 71.030000000000015 66.475000000000009 1.0000000180025095e-35
decision_type=2 2 2 2 2 2 2
left_child=2 -2 3 -1 -5 6 -3
right_child=1 5 -4 4 -6 -7 -8
leaf_value=0.052177797107768244 -0.088839384832441123 -0.05526033952564216 0.048522306063595942 -0.070311499715714362 0.028829510593321173 0.043242777849334849 0.01002926087209419
leaf_weight=128 167 273 165 1126 155 1164 4781
leaf_count=128 167 273 165 1126 155 1164 4781
internal_value=0.001028 0.0106272 -0.0378221 -0.0480693 -0.0582501 0.0133679 0.00645141
internal_weight=7959 6385 1574 1409 1281 6218 5054
internal_count=7959 6385 1574 1409 1281 6218 5054
is_linear=0
shrinkage=0.02


Tree=221
num_leaves=8
num_cat=0
split_feature=52 42 33 33 42 43 42
split_gain=8032.84 4255.9 4771.81 3265.85 2953.46 2618.93 2404.52
threshold=32.835000000000008 81.935000000000016 1.5000000000000002 4.5000000000000009 75.745000000000019 1.0000000180025095e-35 35.955000000000005
decision_type=2 2 2 2 2 2 2
left_child=3 2 6 4 -1 -4 -2
right_child=1 -3 5 -5 -6 -7 -8
leaf_value=-0.051665747114108741 -0.082230921738893376 0.068988830235227935 -0.0098415664594058948 0.052468706505348933 0.055765130589674188 0.025728619322112393 -0.012707864117947611
leaf_weight=1465 252 495 1083 149 106 3480 893
leaf_count=1465 252 495 1083 149 106 3480 893
internal_value=0.00242526 0.0130325 0.00812386 -0.0357557 -0.0442631 0.0172847 -0.0283
internal_weight=7923 6203 5708 1720 1571 4563 1145
internal_count=7923 6203 5708 1720 1571 4563 1145
is_linear=0
shrinkage=0.02


Tree=222
num_leaves=8
num_cat=0
split_feature=52 64 41 41 16 40 64
split_gain=7715.37 6047.49 5393.2 4200.62 3272.59 2968.34 2869.53
threshold=54.035000000000004 3.5000000000000004 15.475000000000003 72.595000000000013 0.35085000000000005 81.645000000000024 1.5000000000000002
decision_type=2 2 2 2 2 2 2
left_child=1 2 -1 4 -4 -2 -6
right_child=5 -3 3 -5 6 -7 -8
leaf_value=-0.14893527853512958 0.016484506124656174 0.013501345805475618 -0.078064897512860498 0.039207417220769529 -0.089240357945095911 0.084848463556672513 -0.015964339318744376
leaf_weight=150 2905 1640 578 329 237 274 1869
leaf_count=150 2905 1640 578 329 237 274 1869
internal_value=-0.00164799 -0.0176383 -0.0337799 -0.0278098 -0.0360823 0.0225008 -0.0244023
internal_weight=7982 4803 3163 3013 2684 3179 2106
internal_count=7982 4803 3163 3013 2684 3179 2106
is_linear=0
shrinkage=0.02


Tree=223
num_leaves=8
num_cat=0
split_feature=52 66 42 55 42 54 66
split_gain=6961.85 6413.22 6404.74 5560.83 3754.72 2600.42 2397.01
threshold=63.135000000000012 0.43750000000000006 57.605000000000011 54.735000000000007 9.1200000000000028 75.790000000000006 0.68750000000000011
decision_type=2 2 2 2 2 2 2
left_child=1 2 3 4 -1 -6 -3
right_child=-2 6 -4 -5 5 -7 -8
leaf_value=-0.14059344120580575 0.03202028251321562 0.013317521268910506 0.0096038851719626867 -0.10579759376450328 0.01973191243377671 -0.034173227092150822 0.089209412165144664
leaf_weight=111 1953 1481 1473 451 440 1851 183
leaf_count=111 1953 1481 1473 451 440 1851 183
internal_value=-0.000722935 -0.0114164 -0.0242445 -0.0417066 -0.029478 -0.0238 0.0219061
internal_weight=7943 5990 4326 2853 2402 2291 1664
internal_count=7943 5990 4326 2853 2402 2291 1664
is_linear=0
shrinkage=0.02


Tree=224
num_leaves=8
num_cat=0
split_feature=31 41 43 41 66 43 52
split_gain=7505.47 5483.07 4663.04 3164.49 3109.8 2367.26 2283.89
threshold=1.0000000180025095e-35 78.865000000000023 1.0000000180025095e-35 21.23 0.43750000000000006 1.0000000180025095e-35 31.190000000000001
decision_type=2 2 2 2 2 2 2
left_child=1 2 4 -4 -1 -2 -5
right_child=5 -3 3 6 -6 -7 -8
leaf_value=-0.086347475680464345 -0.0097575137050092946 0.068317899664446999 -0.10622141343395727 -0.053709646293014134 0.036675677835549182 0.02335780264107239 -0.00037937567786926641
leaf_weight=714 1139 234 142 389 90 3534 1739
leaf_count=714 1139 234 142 389 90 3534 1739
internal_value=-0.0010279 -0.0240596 -0.0311911 -0.0164562 -0.0724347 0.0152845 -0.0102312
internal_weight=7981 3308 3074 2270 804 4673 2128
internal_count=7981 3308 3074 2270 804 4673 2128
is_linear=0
shrinkage=0.02


Tree=225
num_leaves=8
num_cat=0
split_feature=40 66 66 52 66 41 16
split_gain=6259.65 7049.15 3710.11 3378.18 3248.56 3220.71 2783.3
threshold=63.645000000000003 0.31250000000000006 0.68750000000000011 54.035000000000004 1.0000000180025095e-35 15.475000000000003 0.50455000000000017
decision_type=2 2 2 2 2 2 2
left_child=1 4 3 5 -1 -3 -6
right_child=-2 2 -4 -5 6 -7 -8
leaf_value=-0.0967618867921064 0.030397112498641299 -0.11637208151364964 0.093884221397149262 0.030981089585941719 -0.045834516617345868 -0.0058462909759423622 -0.0033185149353112419
leaf_weight=291 1969 107 190 1149 1351 1819 1130
leaf_count=291 1969 107 190 1149 1351 1819 1130
internal_value=-0.000523461 -0.0106252 0.0092851 0.00391392 -0.034051 -0.012272 -0.0265157
internal_weight=8006 6037 3265 3075 2772 1926 2481
internal_count=8006 6037 3265 3075 2772 1926 2481
is_linear=0
shrinkage=0.02


Tree=226
num_leaves=8
num_cat=0
split_feature=31 40 40 16 40 58 16
split_gain=7243.51 6453.2 4592.36 4213.64 3852.79 3546.3 2658.97
threshold=1.0000000180025095e-35 30.690000000000001 81.645000000000024 0.57745000000000013 8.9700000000000024 43.815000000000005 0.50455000000000017
decision_type=2 2 2 2 2 2 2
left_child=1 -1 3 5 -2 -3 -6
right_child=4 2 -4 -5 6 -7 -8
leaf_value=-0.085031746930328431 -0.09898465121524376 -0.058125135562193578 0.081129847516616199 0.018471204507441059 0.0049359625814159114 0.00082607389820077784 0.035697030803434608
leaf_weight=549 109 1059 199 866 2500 662 2040
leaf_count=549 109 1059 199 866 2500 662 2040
internal_value=-0.000210548 -0.0226835 -0.010267 -0.0174405 0.0159177 -0.0355123 0.0187822
internal_weight=7984 3335 2786 2587 4649 1721 4540
internal_count=7984 3335 2786 2587 4649 1721 4540
is_linear=0
shrinkage=0.02


Tree=227
num_leaves=8
num_cat=0
split_feature=52 31 16 41 55 16 16
split_gain=6835.87 4621.18 3883.39 3551.73 3074.33 3152.87 2632.53
threshold=44.660000000000004 1.0000000180025095e-35 0.38535000000000003 29.290000000000003 60.365000000000002 0.51795000000000013 0.72145000000000015
decision_type=2 2 2 2 2 2 2
left_child=1 4 -2 -3 5 -1 -4
right_child=2 3 6 -5 -6 -7 -8
leaf_value=-0.066280406816807011 -0.014614790310894406 -0.059069066690793939 0.021470683121711572 0.011526262804656984 -0.15082661187207258 -0.0041751603319550865 0.078933121035141607
leaf_weight=750 1174 340 3087 1636 103 578 352
leaf_count=750 1174 340 3087 1636 103 578 352
internal_value=0.000885521 -0.020583 0.0167466 -0.000739137 -0.0478866 -0.0393667 0.0274583
internal_weight=8020 3407 4613 1976 1431 1328 3439
internal_count=8020 3407 4613 1976 1431 1328 3439
is_linear=0
shrinkage=0.02


Tree=228
num_leaves=8
num_cat=0
split_feature=34 42 44 42 31 41 12
split_gain=6307.02 7173.85 4693.78 3459.71 3314.29 2338.49 2280.43
threshold=2.5000000000000004 80.790000000000006 1.0000000180025095e-35 9.1200000000000028 1.0000000180025095e-35 16.360000000000003 26.080000000000002
decision_type=2 2 2 2 2 2 2
left_child=1 2 5 -4 -5 -1 -7
right_child=-2 -3 3 4 -6 6 -8
leaf_value=-0.16607337740884312 0.03015529544965221 0.064536852304538511 -0.11256588117265311 -0.022565099288445981 0.012637661192523688 -0.10087487701103727 -0.030303242707474008
leaf_weight=64 2002 462 117 2084 2188 229 883
leaf_count=64 2002 462 117 2084 2188 229 883
internal_value=-0.000556362 -0.0107745 -0.017079 -0.007546 -0.00454152 -0.0524751 -0.0452229
internal_weight=8029 6027 5565 4389 4272 1176 1112
internal_count=8029 6027 5565 4389 4272 1176 1112
is_linear=0
shrinkage=0.02


Tree=229
num_leaves=8
num_cat=0
split_feature=44 16 10 66 16 9 9
split_gain=7998.44 4539.56 4189.18 3724.68 3749.29 2988.57 2933.46
threshold=1.0000000180025095e-35 0.60625000000000007 19100.500000000004 0.56250000000000011 0.58570000000000011 12.500000000000002 4.5000000000000009
decision_type=2 2 2 2 2 2 2
left_child=3 2 5 4 -1 -2 -4
right_child=1 -3 6 -5 -6 -7 -8
leaf_value=-0.071038636070939062 -0.043460486215325639 0.038428829897723088 -0.0058849332090381732 0.048275898505895462 -0.00080822741316657193 0.045838790053780054 0.030523067787404955
leaf_weight=1040 1111 1579 1956 166 429 169 1610
leaf_count=1040 1111 1579 1956 166 429 169 1610
internal_value=-0.00102061 0.00903573 -0.000571336 -0.0404457 -0.0506012 -0.0315377 0.0105725
internal_weight=8060 6425 4846 1635 1469 1280 3566
internal_count=8060 6425 4846 1635 1469 1280 3566
is_linear=0
shrinkage=0.02


Tree=230
num_leaves=8
num_cat=0
split_feature=41 40 33 55 42 33 33
split_gain=5942.77 4497.15 5118.18 2869.93 3046.41 2573.92 2563.59
threshold=23.855000000000004 81.055000000000021 1.5000000000000002 54.735000000000007 77.75500000000001 4.5000000000000009 4.5000000000000009
decision_type=2 2 2 2 2 2 2
left_child=6 2 3 4 -2 -4 -1
right_child=1 -3 5 -5 -6 -7 -8
leaf_value=-0.070006439604542475 -0.029243294703709056 0.064783711701039234 0.0049610495380181772 -0.094237097958963081 0.084212400196836554 0.046689099436556858 0.04093063133711717
leaf_weight=611 1068 473 4782 244 99 670 93
leaf_count=611 1068 473 4782 244 99 670 93
internal_value=0.000128345 0.00546864 0.00133644 -0.0325459 -0.0193003 0.0101271 -0.0551661
internal_weight=8040 7336 6863 1411 1167 5452 704
internal_count=8040 7336 6863 1411 1167 5452 704
is_linear=0
shrinkage=0.02


Tree=231
num_leaves=8
num_cat=0
split_feature=16 44 42 31 55 12 34
split_gain=6142.22 5247.51 3907.3 3224.67 3551.46 2988.31 2499.09
threshold=0.50455000000000017 1.0000000180025095e-35 57.375000000000007 1.0000000180025095e-35 47.675000000000004 44.045000000000009 3.5000000000000004
decision_type=2 2 2 2 2 2 2
left_child=1 2 6 4 -3 -2 -1
right_child=5 3 -4 -5 -6 -7 -8
leaf_value=-0.09637775399492067 -0.00031730569857937185 -0.0019238742438011346 0.0089740945648656319 0.011471880433717033 -0.066993139536788079 0.035931219224612024 0.045846297006521909
leaf_weight=590 1670 840 244 2041 554 1993 51
leaf_count=590 1670 840 244 2041 554 1993 51
internal_value=0.000389697 -0.0157563 -0.0590369 -0.00453586 -0.0279305 0.0194272 -0.0847947
internal_weight=7983 4320 885 3435 1394 3663 641
internal_count=7983 4320 885 3435 1394 3663 641
is_linear=0
shrinkage=0.02


Tree=232
num_leaves=8
num_cat=0
split_feature=43 16 42 31 64 33 42
split_gain=6611.64 4094.16 3778.48 2793.69 2758.19 2600.06 3200.32
threshold=1.0000000180025095e-35 0.50155000000000005 61.195000000000007 1.0000000180025095e-35 4.5000000000000009 4.5000000000000009 38.165000000000006
decision_type=2 2 2 2 2 2 2
left_child=2 4 3 -1 5 6 -2
right_child=1 -3 -4 -5 -6 -7 -8
leaf_value=-0.078515718952226879 -0.053396422353528802 0.027864046451186786 0.017988812298737937 -0.023523800730918972 0.046768178881964453 0.045514303718187044 -0.0038778244317277688
leaf_weight=638 730 2852 469 884 358 280 1805
leaf_count=638 730 2852 469 884 358 280 1805
internal_value=5.22634e-05 0.010496 -0.0314988 -0.0467572 -0.0051343 -0.0118063 -0.0182147
internal_weight=8016 6025 1991 1522 3173 2815 2535
internal_count=8016 6025 1991 1522 3173 2815 2535
is_linear=0
shrinkage=0.02


Tree=233
num_leaves=8
num_cat=0
split_feature=41 64 34 41 64 45 9
split_gain=6527.04 5937.4 4738.69 4060.09 3180.69 4083.17 3152.07
threshold=67.365000000000023 1.5000000000000002 1.0000000180025095e-35 15.475000000000003 4.5000000000000009 1.0000000180025095e-35 4.5000000000000009
decision_type=2 2 2 2 2 2 2
left_child=1 -1 -3 6 5 -5 -4
right_child=-2 2 3 4 -6 -7 -8
leaf_value=-0.076765636095019463 0.037344054883690671 -0.062701473356053541 -0.14760809515476228 0.021405500475836666 0.054121944005845204 -0.015701532695408513 -0.005077278683351916
leaf_weight=467 1535 485 120 2143 491 2644 124
leaf_count=467 1535 485 120 2143 491 2644 124
internal_value=0.000334028 -0.00846318 -0.00309374 0.00219362 0.00591144 0.000915203 -0.0767308
internal_weight=8009 6474 6007 5522 5278 4787 244
internal_count=8009 6474 6007 5522 5278 4787 244
is_linear=0
shrinkage=0.02


Tree=234
num_leaves=8
num_cat=0
split_feature=16 42 15 43 9 52 40
split_gain=5383.71 2979.57 2957.4 2866.49 2898.86 2492.71 2489.72
threshold=0.38705000000000006 77.75500000000001 1.5000000000000002 1.0000000180025095e-35 8.5000000000000018 31.705000000000002 30.690000000000001
decision_type=2 2 2 2 2 2 2
left_child=2 3 5 6 -5 -1 -2
right_child=1 -3 -4 4 -6 -7 -8
leaf_value=-0.059509268238770903 -0.070433214780630415 0.050132754252146965 -0.070754323664276544 0.0047410695664794654 0.047962641835351566 -0.0016312857114067286 -0.0054024743751526719
leaf_weight=378 304 649 475 3077 773 1337 994
leaf_count=378 304 649 475 3077 773 1337 994
internal_value=-0.000173988 0.00991948 -0.0268534 0.00480613 0.01347 -0.014524 -0.0208449
internal_weight=7987 5797 2190 5148 3850 1715 1298
internal_count=7987 5797 2190 5148 3850 1715 1298
is_linear=0
shrinkage=0.02


Tree=235
num_leaves=8
num_cat=0
split_feature=52 16 55 42 42 52 21
split_gain=5875.69 3873.94 3825.89 2849.29 2607.49 2429.79 2195.14
threshold=44.855000000000011 0.72145000000000015 54.465000000000011 9.1200000000000028 23.475000000000005 68.485000000000014 361442.90000000008
decision_type=2 2 2 2 2 2 8
left_child=2 4 3 6 5 -2 -1
right_child=1 -3 -4 -5 -6 -7 -8
leaf_value=0.0014870621636509896 -0.064815665745462464 0.077841406384417361 -0.06599151076034307 -0.0051914407213414842 0.015108676032644482 0.060733680253227548 -0.18198151519804293
leaf_weight=43 301 364 571 2661 3931 73 61
leaf_count=43 301 364 571 2661 3931 73 61
internal_value=0.00116154 0.0156386 -0.0190934 -0.00930678 0.010295 -0.0398321 -0.109536
internal_weight=8005 4669 3336 2765 4305 374 104
internal_count=8005 4669 3336 2765 4305 374 104
is_linear=0
shrinkage=0.02


Tree=236
num_leaves=8
num_cat=0
split_feature=16 31 44 9 40 40 42
split_gain=7259.3 4317.22 3671.67 3157.84 2855.4 2766.64 2550.56
threshold=0.36255000000000004 1.0000000180025095e-35 1.0000000180025095e-35 4.5000000000000009 19.550000000000001 65.990000000000023 38.405000000000008
decision_type=2 2 2 2 2 2 2
left_child=1 6 4 5 -2 -4 -1
right_child=2 -3 3 -5 -6 -7 -8
leaf_value=-0.13052357020379124 -0.11699545884454572 -0.010239312124919129 -0.0059345832466249845 0.038117872039456387 -0.010614116393371341 0.036971336053151199 -0.047241368075555477
leaf_weight=216 106 1090 2241 1950 1129 816 472
leaf_count=216 106 1090 2241 1950 1129 816 472
internal_value=0.000489725 -0.0351048 0.0106486 0.0182651 -0.0201798 0.00555989 -0.0741412
internal_weight=8020 1778 6242 5007 1235 3057 688
internal_count=8020 1778 6242 5007 1235 3057 688
is_linear=0
shrinkage=0.02


Tree=237
num_leaves=8
num_cat=0
split_feature=16 33 44 40 64 9 40
split_gain=5548.66 5279.01 4808.36 2980.69 3211.7 3056.39 2853.33
threshold=0.57745000000000013 4.5000000000000009 1.0000000180025095e-35 83.000000000000014 4.5000000000000009 4.5000000000000009 29.195000000000004
decision_type=2 2 2 2 2 2 2
left_child=1 2 -1 4 5 -4 -2
right_child=6 -3 3 -5 -6 -7 -8
leaf_value=-0.058117066103759496 -0.032323950608540028 0.041975500504353218 -0.036508814930229332 0.064812330941101767 0.049887204226485252 0.00105515024703228 0.032142465356341347
leaf_weight=1019 312 625 1840 200 290 1633 2088
leaf_count=1019 312 625 1840 200 290 1633 2088
internal_value=-0.00170582 -0.012597 -0.0194785 -0.00948265 -0.0135121 -0.0188702 0.0237121
internal_weight=8007 5607 4982 3963 3763 3473 2400
internal_count=8007 5607 4982 3963 3763 3473 2400
is_linear=0
shrinkage=0.02


Tree=238
num_leaves=8
num_cat=0
split_feature=43 65 12 33 41 41 44
split_gain=6229 3653.14 3246.1 3007.52 2939.53 2882.06 2340.01
threshold=1.0000000180025095e-35 0.53571428571428581 40.635000000000012 1.0000000180025095e-35 35.225000000000001 23.855000000000004 1.0000000180025095e-35
decision_type=2 2 2 2 2 2 2
left_child=1 4 3 -2 -1 -5 -6
right_child=2 -3 -4 5 6 -7 -8
leaf_value=-0.11393499525221891 -0.1040945777130442 -0.0022078675211649563 0.022062801819691672 -0.073298743328877855 -0.10355980854323417 0.0043610624630482948 -0.018624865030454602
leaf_weight=261 118 952 3636 205 160 2125 623
leaf_count=261 118 952 3636 205 160 2125 623
internal_value=2.72027e-05 -0.0305864 0.0100876 -0.00770783 -0.0563303 -0.00261399 -0.0365276
internal_weight=8080 1996 6084 2448 1044 2330 783
internal_count=8080 1996 6084 2448 1044 2330 783
is_linear=0
shrinkage=0.02


Tree=239
num_leaves=8
num_cat=0
split_feature=52 43 40 34 40 44 52
split_gain=6573.24 5278.11 3694.46 2695.05 2833.72 2795.82 2539.36
threshold=67.205000000000013 1.0000000180025095e-35 31.265000000000004 2.5000000000000004 72.305000000000021 1.0000000180025095e-35 30.840000000000003
decision_type=2 2 2 2 2 2 2
left_child=1 2 -1 4 5 -3 -7
right_child=-2 3 -4 -5 -6 6 -8
leaf_value=-0.090224394082727144 0.037611226639067491 -0.050562351959753261 -0.021887015488323443 0.027509964026932378 0.037404957100749016 -0.040328549753830635 0.0069919996530225037
leaf_weight=423 1498 652 1234 1212 495 589 1915
leaf_count=423 1498 652 1234 1212 495 589 1915
internal_value=-9.62556e-05 -0.00878191 -0.0395512 0.00173215 -0.00685107 -0.0138406 -0.0041971
internal_weight=8018 6520 1657 4863 3651 3156 2504
internal_count=8018 6520 1657 4863 3651 3156 2504
is_linear=0
shrinkage=0.02


Tree=240
num_leaves=8
num_cat=0
split_feature=40 31 40 33 43 51 57
split_gain=5364.34 5325.53 4993.89 3613.69 3853.03 2273.24 1696.74
threshold=8.9700000000000024 1.0000000180025095e-35 81.645000000000024 3.5000000000000004 1.0000000180025095e-35 36.925000000000004 42.695000000000007
decision_type=2 2 2 2 2 2 2
left_child=-1 2 3 4 -2 -6 -5
right_child=1 -3 -4 6 5 -7 -8
leaf_value=-0.10470463760276424 -0.071464161154626712 0.017366242218817132 0.07956542069773849 0.06206482085344546 -0.029793666351045626 0.017849347944934216 -0.025463060362446579
leaf_weight=183 686 4558 200 267 1436 551 128
leaf_count=183 686 4558 200 267 1436 551 128
internal_value=0.000870162 0.00340416 -0.0160661 -0.0224195 -0.0307656 -0.0165705 0.0337376
internal_weight=8009 7826 3268 3068 2673 1987 395
internal_count=8009 7826 3268 3068 2673 1987 395
is_linear=0
shrinkage=0.02


Tree=241
num_leaves=8
num_cat=0
split_feature=34 42 42 42 33 33 41
split_gain=5576.77 5216.75 3380.07 2892.89 2950.25 2505.98 2284.5
threshold=1.5000000000000002 28.025000000000002 4.6300000000000017 80.790000000000006 1.0000000180025095e-35 5.5000000000000009 15.475000000000003
decision_type=2 2 2 2 2 2 2
left_child=1 -1 -2 4 -3 6 -4
right_child=2 3 5 -5 -6 -7 -8
leaf_value=-0.078147626369610632 -0.10567203429730043 -0.073710065155544069 -0.066611052567152676 0.051897855187665216 -0.0079691927371141665 0.078520706516043481 0.015885501130141366
leaf_weight=508 87 303 134 277 2423 244 4054
leaf_count=508 87 303 134 277 2423 244 4054
internal_value=-0.0003057 -0.0191998 0.0143789 -0.0091146 -0.015398 0.0168519 0.0131696
internal_weight=8030 3511 4519 3003 2726 4432 4188
internal_count=8030 3511 4519 3003 2726 4432 4188
is_linear=0
shrinkage=0.02


Tree=242
num_leaves=8
num_cat=0
split_feature=12 40 66 55 40 31 15
split_gain=4766.91 4905.41 4312.03 3775.32 2603.7 2352.09 2134.74
threshold=66.475000000000009 55.930000000000007 0.56250000000000011 55.055000000000007 11.365000000000002 1.0000000180025095e-35 2.5000000000000004
decision_type=2 2 2 2 2 2 2
left_child=1 2 3 4 -1 -6 -7
right_child=-2 -3 -4 -5 5 6 -8
leaf_value=-0.1003882346958543 0.032881836924963034 0.014855240457370817 0.042772780982945929 -0.076280756268285344 -0.034631172491574547 0.0096850070754349281 -0.057286291927371398
leaf_weight=145 1436 2480 382 536 1338 1452 214
leaf_count=145 1436 2480 382 536 1338 1452 214
internal_value=-5.24995e-05 -0.0072958 -0.0208049 -0.0274446 -0.0190243 -0.0149366 0.000936779
internal_weight=7983 6547 4067 3685 3149 3004 1666
internal_count=7983 6547 4067 3685 3149 3004 1666
is_linear=0
shrinkage=0.02


Tree=243
num_leaves=8
num_cat=0
split_feature=44 64 33 51 15 65 12
split_gain=5517.13 2807.91 2732.48 2398.2 2412.72 2326.97 1729.7
threshold=1.0000000180025095e-35 1.0000000180025095e-35 1.0000000180025095e-35 36.535000000000004 1.5000000000000002 0.58571428571428574 65.260000000000005
decision_type=2 2 2 2 2 2 2
left_child=1 -1 -2 4 -4 6 -3
right_child=2 5 3 -5 -6 -7 -8
leaf_value=-0.16097167008753979 -0.048335274429876868 -0.064768139393044974 0.010218589719687993 0.030083181665966907 -0.028413674448394172 -0.0024713937293917368 0.011987755882413421
leaf_weight=61 319 658 3387 1870 794 764 141
leaf_count=61 319 658 3387 1870 794 764 141
internal_value=-0.000126444 -0.0329746 0.00826734 0.0112888 0.00285689 -0.0274819 -0.0512327
internal_weight=7994 1624 6370 6051 4181 1563 799
internal_count=7994 1624 6370 6051 4181 1563 799
is_linear=0
shrinkage=0.02


Tree=244
num_leaves=8
num_cat=0
split_feature=55 40 31 42 42 66 66
split_gain=5128.99 3862.02 3110.08 3647.43 2610.69 2312.19 1987.61
threshold=55.055000000000007 18.925000000000004 1.0000000180025095e-35 82.565000000000012 28.025000000000002 0.56250000000000011 0.43750000000000006
decision_type=2 2 2 2 2 2 2
left_child=1 5 3 6 -2 -1 -3
right_child=4 2 -4 -5 -6 -7 -8
leaf_value=-0.068527264427345788 -0.10543442405723222 -0.021141781859130401 0.020743867827836725 0.075634806587145886 -0.026292945735043542 0.078333305619200891 0.032784854036275374
leaf_weight=384 196 2130 3737 190 1017 44 309
leaf_count=384 196 2130 3737 190 1017 44 309
internal_value=-0.00166668 0.00510521 0.00902984 -0.00762888 -0.0394612 -0.0526992 -0.0142567
internal_weight=8007 6794 6366 2629 1213 428 2439
internal_count=8007 6794 6366 2629 1213 428 2439
is_linear=0
shrinkage=0.02


Tree=245
num_leaves=8
num_cat=0
split_feature=52 31 64 43 34 47 24
split_gain=5765.31 4352.1 1845.58 1719.97 1629.41 1513.45 1448.62
threshold=53.57500000000001 1.0000000180025095e-35 4.5000000000000009 1.0000000180025095e-35 3.5000000000000004 5.5000000000000009 2.5000000000000004
decision_type=2 2 2 2 2 2 2
left_child=1 3 4 5 6 -1 -3
right_child=-2 2 -4 -5 -6 -7 -8
leaf_value=-0.104859299381574 0.020525092328184284 -0.023009926452629594 0.044766077193058508 -0.025275166749837492 0.043000565680105088 -0.035647840642702204 0.010680589543396998
leaf_weight=235 3274 1292 352 1463 258 284 838
leaf_count=235 3274 1292 352 1463 258 284 838
internal_value=0.000147466 -0.0139881 0.00234991 -0.0365236 -0.00398286 -0.0676879 -0.00976119
internal_weight=7996 4722 2740 1982 2388 519 2130
internal_count=7996 4722 2740 1982 2388 519 2130
is_linear=0
shrinkage=0.02


Tree=246
num_leaves=8
num_cat=0
split_feature=52 41 9 31 33 41 40
split_gain=5938.7 3848.48 3553.89 2952.59 2648.26 2575.55 2468.67
threshold=32.615000000000002 67.365000000000023 4.5000000000000009 1.0000000180025095e-35 3.5000000000000004 16.360000000000003 71.345000000000013
decision_type=2 2 2 2 2 2 2
left_child=3 2 4 6 5 -2 -1
right_child=1 -3 -4 -5 -6 -7 -8
leaf_value=-0.074459229135926619 -0.13053798429999089 0.037845357715617867 0.019446127016797893 -0.011629421368285526 0.018295555353065568 -0.021102985392321964 0.066255144390192908
leaf_weight=680 85 1335 2106 1006 728 2093 50
leaf_count=680 85 1335 2106 1006 728 2093 50
internal_value=-0.00123222 0.00773799 -0.000311155 -0.0339563 -0.0146382 -0.0256631 -0.0644361
internal_weight=8083 6347 5012 1736 2906 2178 730
internal_count=8083 6347 5012 1736 2906 2178 730
is_linear=0
shrinkage=0.02


Tree=247
num_leaves=8
num_cat=0
split_feature=43 41 64 41 9 10 33
split_gain=4497.48 2947.32 2694.55 2924.35 2812.4 2547.36 2091.69
threshold=1.0000000180025095e-35 41.495000000000012 4.5000000000000009 68.115000000000023 14.500000000000002 36557.30000000001 3.5000000000000004
decision_type=2 2 2 2 2 2 2
left_child=1 -1 3 4 5 -2 -3
right_child=2 6 -4 -5 -6 -7 -8
leaf_value=-0.057481760320995612 -0.023201553644908876 -0.023322214776381019 0.046376204266853169 0.032616038765869479 0.047423374068814445 0.008874033451565266 0.035683487566051685
leaf_weight=772 2257 895 635 1067 380 1758 323
leaf_count=772 2257 895 635 1067 380 1758 323
internal_value=-0.000974168 -0.0270422 0.00754936 0.00299715 -0.0042225 -0.00916343 -0.00759265
internal_weight=8087 1990 6097 5462 4395 4015 1218
internal_count=8087 1990 6097 5462 4395 4015 1218
is_linear=0
shrinkage=0.02


Tree=248
num_leaves=8
num_cat=0
split_feature=52 31 16 64 41 8 41
split_gain=5329.08 4753.5 3297.55 2336.29 2879.21 2403.35 2238.19
threshold=63.135000000000012 1.0000000180025095e-35 0.57745000000000013 4.5000000000000009 29.290000000000003 20.085000000000004 35.225000000000001
decision_type=2 2 2 2 2 2 2
left_child=1 2 -1 4 5 -3 -4
right_child=-2 3 6 -5 -6 -7 -8
leaf_value=-0.044961390337109962 0.02941241086309869 0.021480605189905227 -0.059846780328189624 0.049474116838389669 0.0088280062175998611 -0.072917928898954668 0.022045966809992816
leaf_weight=1726 1953 154 165 437 2564 341 617
leaf_count=1726 1953 154 165 437 2564 341 617
internal_value=0.000757661 -0.00857996 -0.0295621 0.00649315 0.000282298 -0.0436284 0.00449636
internal_weight=7957 6004 2508 3496 3059 495 782
internal_count=7957 6004 2508 3496 3059 495 782
is_linear=0
shrinkage=0.02


Tree=249
num_leaves=8
num_cat=0
split_feature=66 42 55 9 52 42 66
split_gain=4219.92 4059.9 3628.46 2632.59 2575.49 2209.18 2042.47
threshold=1.0000000180025095e-35 9.1200000000000028 53.675000000000004 4.5000000000000009 75.385000000000005 82.565000000000012 0.68750000000000011
decision_type=2 2 2 2 2 2 2
left_child=-1 3 4 -2 5 6 -3
right_child=1 2 -4 -5 -6 -7 -8
leaf_value=-0.063051252056312679 -0.14937033825360976 0.002693735435015276 -0.023463042091191919 -0.012800776157222811 0.051941884751600699 0.057214078474118878 0.075549174652159587
leaf_weight=396 106 4835 1345 117 601 342 154
leaf_count=396 106 4835 1345 117 601 342 154
internal_value=0.000161955 0.00353939 0.0061391 -0.0795693 0.0128651 0.00841516 0.00501602
internal_weight=7896 7500 7277 223 5932 5331 4989
internal_count=7896 7500 7277 223 5932 5331 4989
is_linear=0
shrinkage=0.02


Tree=250
num_leaves=8
num_cat=0
split_feature=52 41 64 34 33 41 45
split_gain=4886.18 4241.99 4044.11 3242.71 2450.53 2230.39 1767.08
threshold=59.925000000000004 58.930000000000007 4.5000000000000009 1.0000000180025095e-35 5.5000000000000009 19.275000000000002 1.0000000180025095e-35
decision_type=2 2 2 2 2 2 2
left_child=1 2 3 -1 5 -5 -7
right_child=-2 -3 -4 4 -6 6 -8
leaf_value=-0.082519440501928332 0.023781302059467959 0.01491440202840082 0.052820200004906795 -0.075650138788535951 0.07850031707241821 -0.0023656072180710118 -0.033778771942618906
leaf_weight=382 2331 1788 263 300 91 1381 1485
leaf_count=382 2331 1788 263 300 91 1381 1485
internal_value=-0.000576991 -0.0105679 -0.0222487 -0.0277391 -0.0211975 -0.0241824 -0.0186726
internal_weight=8021 5690 3902 3639 3257 3166 2866
internal_count=8021 5690 3902 3639 3257 3166 2866
is_linear=0
shrinkage=0.02


Tree=251
num_leaves=8
num_cat=0
split_feature=44 16 16 12 42 43 15
split_gain=6123.88 3903.83 3157.6 2737.58 2520.12 2293.65 2089.93
threshold=1.0000000180025095e-35 0.38355000000000006 0.57745000000000013 73.325000000000003 9.1200000000000028 1.0000000180025095e-35 1.5000000000000002
decision_type=2 2 2 2 2 2 2
left_child=2 6 5 4 -3 -1 -2
right_child=1 3 -4 -5 -6 -7 -8
leaf_value=-0.098881170221389023 -0.0050035797808528192 -0.088797655051083932 0.0090181344993979715 0.059770303802080385 0.015462011278606951 -0.034647208503442002 -0.059317815013270901
leaf_weight=302 1297 90 481 568 4030 846 358
leaf_count=302 1297 90 481 568 4030 846 358
internal_value=0.000588732 0.00947618 -0.0339403 0.0187943 0.0130796 -0.0519005 -0.0168958
internal_weight=7972 6343 1629 4688 4120 1148 1655
internal_count=7972 6343 1629 4688 4120 1148 1655
is_linear=0
shrinkage=0.02


Tree=252
num_leaves=8
num_cat=1
split_feature=52 40 9 42 33 42 4
split_gain=4811.15 4285.3 3613.12 2955.05 1941.53 1814.44 1577.1
threshold=66.865000000000023 46.225000000000001 4.5000000000000009 12.335000000000003 3.5000000000000004 71.455000000000013 0
decision_type=2 2 2 2 2 2 1
left_child=1 2 3 -1 -5 -3 -4
right_child=-2 5 6 4 -6 -7 -8
leaf_value=-0.12759292206959799 0.031491351964821043 -0.0012628552550414066 0.030534956347082805 -0.05007143876836475 0.0035017782113835462 0.031188758750276539 -0.015246584386818141
leaf_weight=155 1553 2589 408 1068 361 934 1029
leaf_count=155 1553 2589 408 1068 361 934 1029
internal_value=-9.71481e-05 -0.00761194 -0.0250697 -0.0458527 -0.0365725 0.00737256 -0.00208124
internal_weight=8097 6544 3021 1584 1429 3523 1437
internal_count=8097 6544 3021 1584 1429 3523 1437
cat_boundaries=0 1
cat_threshold=6
is_linear=0
shrinkage=0.02


Tree=253
num_leaves=8
num_cat=0
split_feature=16 42 33 33 16 43 31
split_gain=5307 3262.26 2773.25 2520.34 2427.37 2615.72 1986.21
threshold=0.36255000000000004 9.1200000000000028 1.0000000180025095e-35 3.5000000000000004 0.72825000000000006 1.0000000180025095e-35 1.0000000180025095e-35
decision_type=2 2 2 2 2 2 2
left_child=6 3 -3 -2 5 -4 -1
right_child=1 2 4 -5 -6 -7 -8
leaf_value=-0.056038652961638291 -0.12313322780944873 -0.046440774878258553 -0.015054543880706374 0.039935071702514376 0.05587041433011191 0.018051884005048268 -0.013035274223689844
leaf_weight=718 123 313 1248 51 506 4012 1069
leaf_count=718 123 313 1248 51 506 4012 1069
internal_value=-7.55537e-05 0.00861425 0.0110836 -0.0755569 0.0142438 0.0101901 -0.0304218
internal_weight=8040 6253 6079 174 5766 5260 1787
internal_count=8040 6253 6079 174 5766 5260 1787
is_linear=0
shrinkage=0.02


Tree=254
num_leaves=8
num_cat=0
split_feature=52 41 40 34 44 51 44
split_gain=5217.62 4961.16 2682.44 3341.31 2753.46 2219.43 2003.19
threshold=66.865000000000023 28.565000000000001 72.590000000000018 2.5000000000000004 1.0000000180025095e-35 29.545000000000005 1.0000000180025095e-35
decision_type=2 2 2 2 2 2 2
left_child=1 6 3 4 -3 -6 -1
right_child=-2 2 -4 -5 5 -7 -8
leaf_value=-0.099567239590051801 0.033754246568366501 -0.049481747746822381 0.035859256862644968 0.023183091851969359 -0.020766212803828 0.015083836779111117 -0.032149432185319113
leaf_weight=233 1552 730 729 1230 1676 1168 716
leaf_count=233 1552 730 729 1230 1676 1168 716
internal_value=0.000876562 -0.00701537 0.000247032 -0.00518874 -0.0149717 -0.00604235 -0.049137
internal_weight=8034 6482 5533 4804 3574 2844 949
internal_count=8034 6482 5533 4804 3574 2844 949
is_linear=0
shrinkage=0.02


Tree=255
num_leaves=8
num_cat=0
split_feature=43 16 52 41 33 16 52
split_gain=5360.49 4053.61 3413.12 2774.63 2809.65 2654.84 2522.25
threshold=1.0000000180025095e-35 0.46745000000000009 31.455000000000002 78.865000000000023 3.5000000000000004 0.77305000000000013 66.070000000000007
decision_type=2 2 2 2 2 2 2
left_child=3 2 -2 4 5 -1 -3
right_child=1 6 -4 -5 -6 -7 -8
leaf_value=-0.054116980893456415 -0.054129051040104834 0.014306059583286204 0.0016775666249910829 0.071671009207001091 0.0081501474561822464 0.078371484437957412 0.056948646923132895
leaf_weight=1375 544 2647 2174 99 463 59 699
leaf_count=1375 544 2647 2174 99 463 59 699
internal_value=-0.000796964 0.0085632 -0.00957085 -0.0291842 -0.0346222 -0.0484125 0.023286
internal_weight=8060 6064 2718 1996 1897 1434 3346
internal_count=8060 6064 2718 1996 1897 1434 3346
is_linear=0
shrinkage=0.02


Tree=256
num_leaves=8
num_cat=0
split_feature=16 16 33 55 52 10 52
split_gain=5311.86 3083.9 3633.22 2653.16 2371.84 2346.8 1962.7
threshold=0.38705000000000006 0.77305000000000013 1.0000000180025095e-35 55.475000000000001 32.345000000000006 19100.500000000004 58.635000000000012
decision_type=2 2 2 2 2 2 2
left_child=5 2 -2 6 -5 -1 -4
right_child=1 -3 3 4 -6 -7 -8
leaf_value=-0.058786402426868951 -0.064068524169311983 0.073462888935516626 0.0066552217384251936 -0.090577074782316677 -0.0054126064537102564 -0.013257820888882409 0.034487713944384456
leaf_weight=637 272 285 3035 164 582 1552 1519
leaf_count=637 272 285 3035 164 582 1552 1519
internal_value=-6.45406e-05 0.00987098 0.0065554 0.0102368 -0.0246135 -0.0266104 0.0159665
internal_weight=8046 5857 5572 5300 746 2189 4554
internal_count=8046 5857 5572 5300 746 2189 4554
is_linear=0
shrinkage=0.02


Tree=257
num_leaves=8
num_cat=0
split_feature=16 44 10 66 51 40 55
split_gain=4816.45 4266.9 2763.92 2629.57 2123.18 2066.14 1834.95
threshold=0.57745000000000013 1.0000000180025095e-35 14569.450000000003 0.56250000000000011 30.685000000000006 37.355000000000011 53.675000000000004
decision_type=2 2 2 2 2 2 2
left_child=1 3 -3 5 -2 -1 -7
right_child=4 2 -4 -5 -6 6 -8
leaf_value=-0.095299834457588134 0.010446953505195993 -0.033888635421046087 0.006822105984227592 0.044680999686320624 0.049673834204286164 -0.016930918001690373 -0.099798258592685068
leaf_weight=332 1535 810 3670 115 860 528 130
leaf_count=332 1535 810 3670 115 860 528 130
internal_value=0.000908818 -0.00926642 -0.000568116 -0.0443705 0.0246067 -0.0548874 -0.033932
internal_weight=7980 5585 4480 1105 2395 990 658
internal_count=7980 5585 4480 1105 2395 990 658
is_linear=0
shrinkage=0.02


Tree=258
num_leaves=8
num_cat=0
split_feature=16 66 40 64 52 16 12
split_gain=5220.48 3704.86 3583.39 3343.03 3304.9 2759.62 2556.5
threshold=0.57745000000000013 0.56250000000000011 72.590000000000018 4.5000000000000009 65.815000000000012 0.38705000000000006 67.38000000000001
decision_type=2 2 2 2 2 2 2
left_child=1 2 3 4 5 -1 -2
right_child=6 -3 -4 -5 -6 -7 -8
leaf_value=-0.059240908090011341 0.013309137309286496 0.033783734821707011 0.026724660206894596 0.046690005503624558 0.0094195871022474242 -0.022235092395425166 0.066853179788122538
leaf_weight=1340 2026 620 626 246 748 2038 429
leaf_count=1340 2026 620 626 246 748 2038 429
internal_value=-0.00151893 -0.0121492 -0.0178753 -0.0242845 -0.0285675 -0.0369806 0.0227826
internal_weight=8073 5618 4998 4372 4126 3378 2455
internal_count=8073 5618 4998 4372 4126 3378 2455
is_linear=0
shrinkage=0.02


Tree=259
num_leaves=8
num_cat=0
split_feature=16 34 52 16 52 47 15
split_gain=5251.18 3914.52 2947.16 2289.47 2067.02 1658.72 1545.59
threshold=0.50155000000000005 1.5000000000000002 70.035000000000011 0.72825000000000006 81.355000000000004 8.5000000000000018 1.5000000000000002
decision_type=2 2 2 2 2 2 2
left_child=1 4 3 -2 5 6 -1
right_child=2 -3 -4 -5 -6 -7 -8
leaf_value=-0.038938550154502767 0.0040682052844634034 0.0026685048874482632 0.060090424207970498 0.051890867446209861 0.047990283376791266 -0.0051858810089625319 -0.088805430421971879
leaf_weight=917 2648 2475 585 467 105 380 346
leaf_count=917 2648 2475 585 467 105 380 346
internal_value=0.00171128 -0.0135222 0.0190928 0.0113094 -0.0363889 -0.0419106 -0.0528959
internal_weight=7923 4223 3700 3115 1748 1643 1263
internal_count=7923 4223 3700 3115 1748 1643 1263
is_linear=0
shrinkage=0.02


Tree=260
num_leaves=8
num_cat=0
split_feature=16 44 9 9 64 29 15
split_gain=4996.84 3614.75 2358.07 2240.51 2096.04 2088.34 1935.42
threshold=0.50455000000000017 1.0000000180025095e-35 16.500000000000004 4.5000000000000009 4.5000000000000009 1.0000000180025095e-35 1.5000000000000002
decision_type=2 2 2 2 2 2 2
left_child=1 5 4 -2 6 -1 -3
right_child=3 2 -4 -5 -6 -7 -8
leaf_value=-0.06749776724419157 0.0059535946498028873 -0.0072679963564527793 0.050131174650725349 0.03888077405200089 0.035714629498216209 0.0011670238230011014 -0.048119680925749968
leaf_weight=678 2451 2224 279 1244 351 239 582
leaf_count=678 2451 2224 279 1244 351 239 582
internal_value=-1.57781e-05 -0.0145276 -0.00508426 0.0170768 -0.0100355 -0.0496922 -0.0158117
internal_weight=8048 4353 3436 3695 3157 917 2806
internal_count=8048 4353 3436 3695 3157 917 2806
is_linear=0
shrinkage=0.02


Tree=261
num_leaves=8
num_cat=0
split_feature=40 33 16 33 40 44 0
split_gain=4064.47 4115.64 3644.09 2611.54 3047.02 3364.98 2584.58
threshold=8.9700000000000024 1.0000000180025095e-35 0.57745000000000013 4.5000000000000009 72.590000000000018 1.0000000180025095e-35 45.500000000000007
decision_type=2 2 2 2 2 2 2
left_child=-1 -2 3 4 5 -3 -7
right_child=1 2 -4 -5 -6 6 -8
leaf_value=-0.091510105528818664 -0.06043200018594868 -0.048794520844165322 0.027657319325612235 0.035763331847806133 0.034887681384783292 -0.022979591501572486 0.013117032517308683
leaf_weight=181 383 871 2245 615 576 1544 1622
leaf_count=181 383 871 2245 615 576 1544 1622
internal_value=0.000895984 0.00308185 0.00637523 -0.00278138 -0.00795328 -0.0141014 -0.0044951
internal_weight=8037 7856 7473 5228 4613 4037 3166
internal_count=8037 7856 7473 5228 4613 4037 3166
is_linear=0
shrinkage=0.02


Tree=262
num_leaves=8
num_cat=0
split_feature=55 16 9 41 42 41 16
split_gain=4953.07 4099.65 2862.11 3674.5 2944.96 2328.82 2102.29
threshold=55.055000000000007 0.72825000000000006 4.5000000000000009 56.715000000000011 2.3100000000000005 42.635000000000012 0.36255000000000004
decision_type=2 2 2 2 2 2 2
left_child=1 2 3 4 -1 -2 -4
right_child=5 -3 6 -5 -6 -7 -8
leaf_value=-0.17029570183970713 -0.075052325453477745 0.06345461635105705 -0.0085921296108728579 0.016062932319699231 -0.021854273167054416 -0.01655106698226709 0.029164860335767612
leaf_weight=50 420 469 846 1377 2115 768 1929
leaf_count=50 420 469 846 1377 2115 768 1929
internal_value=0.00012293 0.00672538 0.00246672 -0.00944414 -0.025667 -0.0374612 0.0176593
internal_weight=7974 6786 6317 3542 2165 1188 2775
internal_count=7974 6786 6317 3542 2165 1188 2775
is_linear=0
shrinkage=0.02


Tree=263
num_leaves=8
num_cat=0
split_feature=55 16 42 31 40 66 41
split_gain=4620.81 3879.41 2963.03 3290.7 2553.62 2054.03 1823.16
threshold=55.055000000000007 0.76640000000000008 81.935000000000016 1.0000000180025095e-35 31.265000000000004 0.18750000000000003 42.375000000000007
decision_type=2 2 2 2 2 2 2
left_child=1 2 3 4 -1 -2 -7
right_child=5 -3 -4 -5 -6 6 -8
leaf_value=-0.058311354806553382 -0.083062093329767814 0.081393451502455985 0.051947603972347933 0.012032071490091636 -0.0076624590020639921 -0.059324976517861588 -0.00075576424197602236
leaf_weight=494 277 262 466 3618 1981 322 608
leaf_count=494 277 262 466 3618 1981 322 608
internal_value=0.000272687 0.00666226 0.00361738 -0.000118533 -0.017869 -0.0357146 -0.0212434
internal_weight=8028 6821 6559 6093 2475 1207 930
internal_count=8028 6821 6559 6093 2475 1207 930
is_linear=0
shrinkage=0.02


Tree=264
num_leaves=8
num_cat=0
split_feature=42 34 12 34 42 31 42
split_gain=3579.98 4139.09 3423.07 2576.38 2409.7 2304.64 1827.76
threshold=82.565000000000012 3.5000000000000004 43.755000000000003 1.0000000180025095e-35 25.265000000000004 1.0000000180025095e-35 12.335000000000003
decision_type=2 2 2 2 2 2 2
left_child=1 2 3 -1 5 -4 -5
right_child=-2 -3 4 6 -6 -7 -8
leaf_value=-0.07524002198392854 0.049609596084017271 0.044551524667453227 -0.085352497946157638 -0.090555007395356213 0.011580915561868053 0.002130984933248588 -0.013448310421872205
leaf_weight=335 540 650 209 124 3154 275 2740
leaf_count=335 540 650 209 124 3154 275 2740
internal_value=0.000118901 -0.00348134 -0.00807709 -0.0231519 0.00519225 -0.0361324 -0.0169387
internal_weight=8027 7487 6837 3199 3638 484 2864
internal_count=8027 7487 6837 3199 3638 484 2864
is_linear=0
shrinkage=0.02


Tree=265
num_leaves=8
num_cat=0
split_feature=16 16 52 41 33 52 31
split_gain=4396.32 2979.3 2816.81 2778.42 2900.88 2393.61 1994.17
threshold=0.36255000000000004 0.72825000000000006 30.535000000000004 8.3950000000000014 1.5000000000000002 59.925000000000004 1.0000000180025095e-35
decision_type=2 2 2 2 2 2 2
left_child=2 3 -1 -2 5 -5 -4
right_child=1 -3 6 4 -6 -7 -8
leaf_value=-0.077743702032838008 -0.10760235448787502 0.049610853266484782 -0.044861670181465987 -0.042185048501358305 0.011219668351522234 0.020403978954139302 0.0035702425975688776
leaf_weight=372 86 575 567 836 4430 341 837
leaf_count=372 86 575 567 836 4430 341 837
internal_value=-0.00144617 0.00642816 -0.0291769 0.00202695 0.00380281 -0.0240422 -0.0160786
internal_weight=8044 6268 1776 5693 5607 1177 1404
internal_count=8044 6268 1776 5693 5607 1177 1404
is_linear=0
shrinkage=0.02


Tree=266
num_leaves=8
num_cat=0
split_feature=43 40 52 16 17 16 38
split_gain=4994.48 3344.8 2750.77 2543.41 2176.96 2013.43 1751.08
threshold=1.0000000180025095e-35 34.775000000000013 31.705000000000002 0.73325000000000007 65546.200000000012 0.59965000000000013 134359.25000000003
decision_type=2 2 2 2 2 2 8
left_child=1 -1 -2 4 -3 6 -4
right_child=2 3 5 -5 -6 -7 -8
leaf_value=-0.066227967874890242 -0.018457047922986553 -0.024527623380607856 0.018903662043431635 0.080854435568362221 0.084535074512927952 0.036816716347636495 -0.0097353978665216407
leaf_weight=609 1171 1224 2207 108 73 1307 1387
leaf_count=609 1171 1224 2207 108 73 1307 1387
internal_value=-2.68031e-05 -0.0272799 0.00902769 -0.0102228 -0.0180881 0.0156068 0.00785308
internal_weight=8086 2014 6072 1405 1297 4901 3594
internal_count=8086 2014 6072 1405 1297 4901 3594
is_linear=0
shrinkage=0.02


Tree=267
num_leaves=8
num_cat=0
split_feature=44 65 16 42 33 42 40
split_gain=4175.01 2575.45 2548.36 2257.87 2247.12 2066.12 1689.97
threshold=1.0000000180025095e-35 1.0000000180025095e-35 0.33955000000000007 9.1200000000000028 3.5000000000000004 80.415000000000006 81.055000000000021
decision_type=2 2 2 2 2 2 2
left_child=4 5 -3 -4 6 -2 -1
right_child=1 2 3 -5 -6 -7 -8
leaf_value=-0.047847242631690198 -0.044456131629850883 -0.01701159408318257 -0.070476512867107724 0.019687190235605185 0.011450611111218048 0.07520280148432805 0.05471788271613743
leaf_weight=1148 540 1034 109 4667 417 60 64
leaf_count=1148 540 1034 109 4667 417 60 64
internal_value=4.58224e-05 0.00731548 0.0113962 0.0175579 -0.0284946 -0.0319676 -0.0422287
internal_weight=8039 6410 5810 4776 1629 600 1212
internal_count=8039 6410 5810 4776 1629 600 1212
is_linear=0
shrinkage=0.02


Tree=268
num_leaves=8
num_cat=0
split_feature=34 55 31 64 23 64 23
split_gain=3946.56 4160.88 1888.56 1699.94 1609.55 1357.56 1271.5
threshold=2.5000000000000004 48.605000000000011 1.0000000180025095e-35 4.5000000000000009 14.050000000000002 2.5000000000000004 3.5500000000000003
decision_type=2 2 2 2 2 2 2
left_child=1 2 4 -3 6 -2 -1
right_child=5 3 -4 -5 -6 -7 -8
leaf_value=0.045634744392335412 0.061770298519332557 -0.035906839556283737 0.016335209578628877 0.041837775852531199 0.017180182103695193 0.015978569095644587 -0.028679635592102737
leaf_weight=95 302 2033 2028 115 553 1703 1243
leaf_count=95 302 2033 2028 115 553 1703 1243
internal_value=-0.00127961 -0.00931988 0.00294784 -0.031657 -0.0114146 0.0230124 -0.0232529
internal_weight=8072 6067 3919 2148 1891 2005 1338
internal_count=8072 6067 3919 2148 1891 2005 1338
is_linear=0
shrinkage=0.02


Tree=269
num_leaves=8
num_cat=0
split_feature=16 41 9 17 41 42 65
split_gain=3724.05 2285.02 2292.34 1994.43 2226.81 1774.79 1743.35
threshold=0.50455000000000017 68.705000000000013 4.5000000000000009 56449.350000000013 37.105000000000011 10.480000000000002 0.76388888888888895
decision_type=2 2 2 2 2 2 2
left_child=1 2 3 4 6 -2 -1
right_child=5 -3 -4 -5 -6 -7 -8
leaf_value=-0.09314716568869702 -0.062259783896307153 0.018964800378096038 -0.0046968564099760151 0.022518983569270682 -0.028588936887060604 0.015997660675406165 0.038166923580017498
leaf_weight=420 115 699 1822 199 1105 3536 42
leaf_count=420 115 699 1822 199 1105 3536 42
internal_value=-0.00138322 -0.0140176 -0.0204605 -0.0366649 -0.0442286 0.0134509 -0.0809287
internal_weight=7938 4287 3588 1766 1567 3651 462
internal_count=7938 4287 3588 1766 1567 3651 462
is_linear=0
shrinkage=0.02


Tree=270
num_leaves=8
num_cat=0
split_feature=43 40 40 9 34 64 40
split_gain=5426.68 2746.33 2472.47 2447.88 2218.56 1764.33 1700.32
threshold=1.0000000180025095e-35 64.735000000000014 8.9700000000000024 3.5000000000000004 3.5000000000000004 1.0000000180025095e-35 55.930000000000007
decision_type=2 2 2 2 2 2 2
left_child=1 4 -2 6 5 -1 -4
right_child=2 -3 3 -5 -6 -7 -8
leaf_value=-0.1589499580643394 -0.08445286607236735 0.019784571613545219 -0.016450710253615396 0.023237248181483618 0.038541218080466851 -0.042685573643330879 0.014298301469379207
leaf_weight=50 107 370 1595 2950 128 1471 1302
leaf_count=50 107 370 1595 2950 128 1471 1302
internal_value=-0.000955987 -0.0292495 0.00865482 0.0104294 -0.0402782 -0.0470158 -0.00263034
internal_weight=7973 2019 5954 5847 1649 1521 2897
internal_count=7973 2019 5954 5847 1649 1521 2897
is_linear=0
shrinkage=0.02


Tree=271
num_leaves=8
num_cat=0
split_feature=12 64 40 66 66 40 51
split_gain=4139.89 3464.47 2554.11 2326.97 1833.62 2052.53 2158.67
threshold=22.085000000000004 1.5000000000000002 19.550000000000001 0.56250000000000011 1.0000000180025095e-35 72.590000000000018 44.565000000000005
decision_type=2 2 2 2 2 2 2
left_child=-1 -2 3 -3 -4 6 -6
right_child=1 2 4 -5 5 -7 -8
leaf_value=-0.036389578241866088 -0.048951539058166633 -0.055207437380781599 -0.042519388205035591 0.089109473999808828 0.0027080387118927174 0.042954661975713709 0.037316210682786032
leaf_weight=1161 450 381 236 46 4035 823 873
leaf_count=1161 450 381 236 46 4035 823 873
internal_value=-0.00155372 0.00437801 0.00816657 -0.038809 0.0115578 0.0138198 0.00889561
internal_weight=8005 6844 6394 427 5967 5731 4908
internal_count=8005 6844 6394 427 5967 5731 4908
is_linear=0
shrinkage=0.02


Tree=272
num_leaves=8
num_cat=0
split_feature=44 16 42 31 9 52 12
split_gain=4827.61 3292.25 2496.97 2491.25 2143.68 2098.49 1767.68
threshold=1.0000000180025095e-35 0.38165000000000004 23.475000000000005 1.0000000180025095e-35 4.5000000000000009 32.615000000000002 70.260000000000005
decision_type=2 2 2 2 2 2 2
left_child=2 -2 -1 6 5 -3 -4
right_child=1 4 3 -5 -6 -7 -8
leaf_value=-0.086891541769762173 -0.01746053157548921 -0.030432886293866954 -0.065616978368537873 0.0026147436192270933 0.032235443816530471 0.012767771440270114 0.037707966601428312
leaf_weight=268 1648 548 496 788 1833 2406 73
leaf_count=268 1648 548 496 788 1833 2406 73
internal_value=-0.000897779 0.00688512 -0.0316447 -0.0204548 0.015276 0.00471568 -0.0521479
internal_weight=8060 6435 1625 1357 4787 2954 569
internal_count=8060 6435 1625 1357 4787 2954 569
is_linear=0
shrinkage=0.02


Tree=273
num_leaves=8
num_cat=0
split_feature=55 12 40 16 42 40 43
split_gain=4008.37 3166.67 3022.81 2859.22 2218.4 1763.16 1604.05
threshold=55.055000000000007 78.085000000000022 22.675000000000004 0.71425000000000016 81.935000000000016 59.970000000000006 1.0000000180025095e-35
decision_type=2 2 2 2 2 2 2
left_child=2 5 -1 4 6 -2 -4
right_child=1 -3 3 -5 -6 -7 -8
leaf_value=-0.034491534892047912 -0.059739201306365432 0.073189220109667913 -0.015991901571421809 0.055273414139911811 0.051167318862940132 -0.005212092785555184 0.0098251257431971918
leaf_weight=631 747 99 1272 535 417 348 3907
leaf_count=631 747 99 1272 535 417 348 3907
internal_value=0.00105085 -0.0326539 0.007022 0.0113192 0.00707139 -0.0425125 0.00347497
internal_weight=7956 1194 6762 6131 5596 1095 5179
internal_count=7956 1194 6762 6131 5596 1095 5179
is_linear=0
shrinkage=0.02


Tree=274
num_leaves=8
num_cat=0
split_feature=16 9 41 9 52 33 41
split_gain=3874.13 3074.73 2413.65 2985.65 2250.43 1999.11 1899.71
threshold=0.38705000000000006 3.5000000000000004 68.705000000000013 3.5000000000000004 45.525000000000013 1.0000000180025095e-35 48.105000000000011
decision_type=2 2 2 2 2 2 2
left_child=2 4 3 6 -2 -3 -1
right_child=1 5 -4 -5 -6 -7 -8
leaf_value=-0.095274177856506811 -0.025121113234943371 -0.063109120498685278 0.026926049750960288 -0.013013974968298394 0.0090924496718240728 0.027327113593282368 -0.026338284996776644
leaf_weight=373 1316 97 327 1221 1836 2575 286
leaf_count=373 1316 97 327 1221 1836 2575 286
internal_value=-0.000382371 0.00816967 -0.0229176 -0.0316357 -0.00520931 0.0239323 -0.0657802
internal_weight=8031 5824 2207 1880 3152 2672 659
internal_count=8031 5824 2207 1880 3152 2672 659
is_linear=0
shrinkage=0.02


Tree=275
num_leaves=8
num_cat=0
split_feature=52 64 41 34 52 40 55
split_gain=3347.18 3310.31 2355.17 2343.87 2512.41 2331.25 2033.26
threshold=32.615000000000002 1.0000000180025095e-35 81.220000000000013 2.5000000000000004 73.965000000000018 58.645000000000003 48.695000000000007
decision_type=2 2 2 2 2 2 2
left_child=5 -2 3 4 6 -1 -3
right_child=1 2 -4 -5 -6 -7 -8
leaf_value=-0.037354665977050998 -0.15592264012098311 0.0011719482971207077 0.053104053291523061 0.025623402593505849 0.034215010828839112 0.0187102050569368 -0.029929854367691515
leaf_weight=1356 45 2464 417 1507 609 376 1271
leaf_count=1356 45 2464 417 1507 609 376 1271
internal_value=-0.000576855 0.00618351 0.00747068 0.00417583 -0.00328557 -0.0251647 -0.00943769
internal_weight=8045 6313 6268 5851 4344 1732 3735
internal_count=8045 6313 6268 5851 4344 1732 3735
is_linear=0
shrinkage=0.02


Tree=276
num_leaves=8
num_cat=0
split_feature=31 41 16 10 9 41 42
split_gain=3666.03 3065.75 2827.62 2118.02 2127.6 1975.44 1821.12
threshold=1.0000000180025095e-35 20.030000000000005 0.56585000000000008 14764.35 3.5000000000000004 68.115000000000023 34.755000000000003
decision_type=2 2 2 2 2 2 2
left_child=1 -1 3 5 6 -3 -5
right_child=-2 2 -4 4 -6 -7 -8
leaf_value=-0.090648004061883627 0.012363703728675034 -0.079544403948334619 0.016275904683719776 -0.10341062910582897 0.0090330397135743468 0.017506163032776717 -0.021956531297601441
leaf_weight=197 4664 397 1060 132 851 104 576
leaf_count=197 4664 397 1060 132 851 104 576
internal_value=0.000937726 -0.0151227 -0.0102165 -0.0238549 -0.0122709 -0.0594243 -0.0377616
internal_weight=7981 3317 3120 2060 1559 501 708
internal_count=7981 3317 3120 2060 1559 501 708
is_linear=0
shrinkage=0.02


Tree=277
num_leaves=8
num_cat=0
split_feature=44 41 34 65 41 43 41
split_gain=4317.24 3233.2 2273.25 2226.1 1796.88 1772.29 1743.14
threshold=1.0000000180025095e-35 71.760000000000005 3.5000000000000004 0.29166666666666669 15.475000000000003 1.0000000180025095e-35 63.215000000000011
decision_type=2 2 2 2 2 2 2
left_child=1 2 4 6 -1 -6 -2
right_child=3 -3 -4 -5 5 -7 -8
leaf_value=-0.14451699612511171 -0.047669713712934395 0.047726800713884202 0.038684678116618694 0.010468656010669826 -0.081589159990306387 -0.027381542124816458 0.030262287054210902
leaf_weight=69 476 185 129 5767 330 897 147
leaf_count=69 476 185 129 5767 330 897 147
internal_value=-0.000796642 -0.0300142 -0.0402385 0.00658261 -0.0482127 -0.0422326 -0.0291867
internal_weight=8000 1610 1425 6390 1296 1227 623
internal_count=8000 1610 1425 6390 1296 1227 623
is_linear=0
shrinkage=0.02


Tree=278
num_leaves=8
num_cat=0
split_feature=41 44 41 16 34 12 34
split_gain=3882.42 4384.12 2614.08 2610.37 2094.53 2033.43 2030.6
threshold=72.595000000000013 1.0000000180025095e-35 15.475000000000003 0.56585000000000008 1.5000000000000002 67.38000000000001 3.5000000000000004
decision_type=2 2 2 2 2 2 2
left_child=1 2 -1 4 -3 -5 -4
right_child=-2 3 6 5 -6 -7 -8
leaf_value=-0.14318905569013507 0.035818277318712718 -0.024530105520755074 -0.037326050962314825 0.012255445428116341 0.0056632451931688463 0.068248352099339299 0.047408494077920915
leaf_weight=82 1019 1590 1258 1448 2165 312 120
leaf_count=82 1019 1590 1258 1448 2165 312 120
internal_value=-0.000548901 -0.00588375 -0.0366377 0.00228363 -0.00713731 0.0223467 -0.0298024
internal_weight=7994 6975 1460 5515 3755 1760 1378
internal_count=7994 6975 1460 5515 3755 1760 1378
is_linear=0
shrinkage=0.02


Tree=279
num_leaves=8
num_cat=0
split_feature=34 40 55 40 8 10 41
split_gain=3391.79 3774.33 3299.26 2094.98 1983.29 1667.36 1552.21
threshold=3.5000000000000004 72.590000000000018 55.055000000000007 5.6100000000000003 54.410000000000004 14383.050000000001 58.930000000000007
decision_type=2 2 2 2 2 2 2
left_child=1 2 3 -1 5 6 -5
right_child=-2 -3 -4 4 -6 -7 -8
leaf_value=-0.093700151620524946 0.042123493912471908 0.032869148980998963 -0.043883279754119771 -0.035867050779281887 -0.04932081950132064 0.0073891605147920758 0.01710416994176996
leaf_weight=96 697 965 944 765 324 3940 307
leaf_count=96 697 965 944 765 324 3940 307
internal_value=0.000122763 -0.003891 -0.009476 -0.00346168 -0.001752 0.00136917 -0.0206881
internal_weight=8038 7341 6376 5432 5336 5012 1072
internal_count=8038 7341 6376 5432 5336 5012 1072
is_linear=0
shrinkage=0.02


Tree=280
num_leaves=8
num_cat=0
split_feature=55 40 45 33 65 40 21
split_gain=3992.05 2587.84 2181.4 2209.24 1983.94 2340.6 1535.89
threshold=49.015000000000008 7.5900000000000007 1.0000000180025095e-35 1.0000000180025095e-35 0.69047619047619058 55.930000000000007 307578.60000000003
decision_type=2 2 2 2 2 2 8
left_child=1 -1 6 -4 5 -2 -3
right_child=4 2 3 -5 -6 -7 -8
leaf_value=-0.083712615502619117 -0.043997716292552794 0.053191662715720567 -0.076206513376555582 0.0057143059487261829 0.015388657496184548 -0.0015628244790873412 0.016950595416250377
leaf_weight=108 1316 675 133 2871 541 858 1525
leaf_count=108 1316 675 133 2871 541 858 1525
internal_value=0.000933213 0.0110143 0.0130587 0.00196671 -0.0187748 -0.0272922 0.0281654
internal_weight=8027 5312 5204 3004 2715 2174 2200
internal_count=8027 5312 5204 3004 2715 2174 2200
is_linear=0
shrinkage=0.02


Tree=281
num_leaves=8
num_cat=0
split_feature=43 52 52 34 40 40 31
split_gain=3342.1 2344.77 2102.92 1777.77 1889.64 1635.41 1998.22
threshold=1.0000000180025095e-35 30.840000000000003 74.845000000000013 3.5000000000000004 11.365000000000002 59.515000000000008 1.0000000180025095e-35
decision_type=2 2 2 2 2 2 2
left_child=2 5 3 4 -1 6 -2
right_child=1 -3 -4 -5 -6 -7 -8
leaf_value=-0.12691170433447474 -0.066287661870401401 0.013617083766653269 0.043794167801148476 0.039954397664636584 -0.02922117595467193 0.028964066683862342 -0.0055433424870322528
leaf_weight=79 364 4954 172 136 1596 228 527
leaf_count=79 364 4954 172 136 1596 228 527
internal_value=0.000348343 0.00771085 -0.0221622 -0.0285298 -0.0341927 -0.0183813 -0.0305906
internal_weight=8056 6073 1983 1811 1675 1119 891
internal_count=8056 6073 1983 1811 1675 1119 891
is_linear=0
shrinkage=0.02


Tree=282
num_leaves=8
num_cat=0
split_feature=16 55 31 55 12 16 34
split_gain=3994.99 2993.6 2400.55 1710.12 1665.72 1659.36 1884.2
threshold=0.36255000000000004 48.605000000000011 1.0000000180025095e-35 42.185000000000009 37.515000000000008 0.74725000000000008 2.5000000000000004
decision_type=2 2 2 2 2 2 2
left_child=2 -2 3 -1 -4 6 -3
right_child=1 5 4 -5 -6 -7 -8
leaf_value=-0.014192847373448449 0.017291572841081536 -0.027394157751427881 -0.041245027988560896 -0.078062141445667851 0.01075181880265347 0.048540998894787406 0.018144305925346722
leaf_weight=268 4080 1544 375 455 697 164 471
leaf_count=268 4080 1544 375 455 697 164 471
internal_value=-0.000355618 0.00719072 -0.0266159 -0.0546473 -0.00754441 -0.0117186 -0.0167311
internal_weight=8054 6259 1795 723 1072 2179 2015
internal_count=8054 6259 1795 723 1072 2179 2015
is_linear=0
shrinkage=0.02


Tree=283
num_leaves=8
num_cat=1
split_feature=16 41 34 42 9 55 7
split_gain=4027.06 2734.41 2493.12 2276.22 2131.68 1952.76 1918.05
threshold=0.59965000000000013 20.030000000000005 2.5000000000000004 82.565000000000012 6.5000000000000009 52.875000000000007 0
decision_type=2 2 2 2 2 2 1
left_child=1 4 3 5 -1 6 -3
right_child=-2 2 -4 -5 -6 -7 -8
leaf_value=-0.096350534765337129 0.025090593697944318 -0.043662135651931201 0.01913394515680646 0.04353348506223477 -4.1266215535310602e-05 -0.042999453860922715 -0.0010789441158527574
leaf_weight=230 2081 492 1427 276 151 808 2575
leaf_count=230 2081 492 1427 276 151 808 2575
internal_value=0.00117255 -0.00719413 -0.00362834 -0.011467 -0.0586757 -0.0154355 -0.00811561
internal_weight=8040 5959 5578 4151 381 3875 3067
internal_count=8040 5959 5578 4151 381 3875 3067
cat_boundaries=0 1
cat_threshold=48
is_linear=0
shrinkage=0.02


Tree=284
num_leaves=8
num_cat=0
split_feature=16 31 42 66 8 55 43
split_gain=3778.09 3220.41 2285.35 2156.56 1821.2 1937.62 1624.65
threshold=0.57745000000000013 1.0000000180025095e-35 82.565000000000012 0.56250000000000011 37.705000000000005 35.265000000000008 1.0000000180025095e-35
decision_type=2 2 2 2 2 2 2
left_child=1 2 3 4 6 -6 -1
right_child=-2 -3 -4 -5 5 -7 -8
leaf_value=-0.060151677991061109 0.018801313776081217 0.0016687328888211387 0.043632957537351927 0.069682081569131318 0.018845409019083915 -0.091761833799833603 -0.015586066748946905
leaf_weight=455 2420 3254 156 72 74 380 1153
leaf_count=455 2420 3254 156 72 74 380 1153
internal_value=-0.00202484 -0.0111244 -0.0292669 -0.0346856 -0.0384896 -0.0737244 -0.0283437
internal_weight=7964 5544 2290 2134 2062 454 1608
internal_count=7964 5544 2290 2134 2062 454 1608
is_linear=0
shrinkage=0.02


Tree=285
num_leaves=8
num_cat=0
split_feature=52 16 66 16 37 43 51
split_gain=3914.31 2306.46 1862.61 2278.97 1659.16 1681.61 1595.01
threshold=33.815000000000005 0.55135000000000012 0.56250000000000011 0.32955000000000007 1.0000000180025095e-35 1.0000000180025095e-35 43.335000000000008
decision_type=2 2 2 2 2 2 2
left_child=2 4 3 -1 -2 -6 -5
right_child=1 -3 -4 6 5 -7 -8
leaf_value=-0.083326184581090146 -0.018474342275597012 0.022582972523832182 0.03771916370021134 -0.032319263779871918 -0.022806510270931665 0.017482771423161327 0.022543126204090328
leaf_weight=293 1615 2205 159 1147 538 1748 256
leaf_count=293 1615 2205 159 1147 538 1748 256
internal_value=-0.00147502 0.00625811 -0.0268781 -0.0330272 -0.00298645 0.00797179 -0.0222642
internal_weight=7961 6106 1855 1696 3901 2286 1403
internal_count=7961 6106 1855 1696 3901 2286 1403
is_linear=0
shrinkage=0.02


Tree=286
num_leaves=8
num_cat=0
split_feature=31 42 41 66 57 64 25
split_gain=3559.42 3894.11 2317.04 1864.57 1525.16 1484.55 2244.69
threshold=1.0000000180025095e-35 80.790000000000006 20.030000000000005 0.56250000000000011 33.395000000000003 2.5000000000000004 1.0000000180025095e-35
decision_type=2 2 2 2 2 2 2
left_child=1 2 -1 -4 5 6 -2
right_child=4 -3 3 -5 -6 -7 -8
leaf_value=-0.090709843096278955 0.018498216038733199 0.056734988144529402 -0.02108508075012561 0.074676098637504587 0.00021359138300785203 0.016610821267116473 0.13442891783881605
leaf_weight=184 166 263 2749 79 2551 1907 109
leaf_count=184 166 263 2749 79 2551 1907 109
internal_value=-0.000367001 -0.0163825 -0.0228504 -0.0182829 0.0107205 0.0229758 0.0660289
internal_weight=8008 3275 3012 2828 4733 2182 275
internal_count=8008 3275 3012 2828 4733 2182 275
is_linear=0
shrinkage=0.02


Tree=287
num_leaves=8
num_cat=0
split_feature=12 64 9 40 38 40 57
split_gain=3363.58 3180.7 2451.55 3138.01 2169.65 2154.17 2036.73
threshold=22.085000000000004 1.5000000000000002 12.500000000000002 20.705000000000002 3175.2500000000005 78.055000000000021 25.245000000000001
decision_type=2 2 2 2 10 2 2
left_child=4 -2 3 -3 -1 6 -5
right_child=1 2 -4 5 -6 -7 -8
leaf_value=-0.056372543729796824 -0.047109688932521154 -0.051709414387382378 0.042413762124383761 0.022993940387335089 -0.0014755814002123788 0.04686313632637263 -0.0055681087680094698
leaf_weight=659 447 381 720 1435 509 495 3254
leaf_count=659 447 381 720 1435 509 495 3254
internal_value=-0.00130258 0.00414026 0.0078198 0.00330997 -0.0325574 0.00739957 0.00318807
internal_weight=7900 6732 6285 5565 1168 5184 4689
internal_count=7900 6732 6285 5565 1168 5184 4689
is_linear=0
shrinkage=0.02


Tree=288
num_leaves=8
num_cat=1
split_feature=52 34 43 54 41 41 2
split_gain=3176.12 3529.85 2880.6 1748.57 2024.77 1566.79 1446.48
threshold=75.385000000000005 2.5000000000000004 1.0000000180025095e-35 82.955000000000013 14.405000000000003 78.865000000000023 0
decision_type=2 2 2 2 2 2 1
left_child=1 2 5 6 -5 -1 -4
right_child=-2 -3 3 4 -6 -7 -8
leaf_value=-0.041248017962115545 0.037001172930671532 0.020233832767209622 0.029773032691442262 -0.11809734050184488 -0.010443447751777087 0.056312631511395532 -0.0097860387219922754
leaf_weight=1343 841 1808 887 67 2467 65 620
leaf_count=1343 841 1808 887 67 2467 65 620
internal_value=0.000326844 -0.00394582 -0.0119799 -0.00338064 -0.0135168 -0.0365608 0.0136515
internal_weight=8098 7257 5449 4041 2534 1408 1507
internal_count=8098 7257 5449 4041 2534 1408 1507
cat_boundaries=0 1
cat_threshold=166
is_linear=0
shrinkage=0.02


Tree=289
num_leaves=8
num_cat=0
split_feature=65 66 41 45 52 10 42
split_gain=3363.12 2516.93 2634.03 2581.28 2146.89 1871.2 1615.23
threshold=1.0000000180025095e-35 0.68750000000000011 15.475000000000003 1.0000000180025095e-35 66.070000000000007 12490.300000000001 49.245000000000012
decision_type=2 2 2 2 2 2 2
left_child=-1 2 -2 4 -4 6 -5
right_child=1 -3 3 5 -6 -7 -8
leaf_value=-0.040290406629588958 -0.060630662792474609 0.066925800019448783 0.010480449589827282 -0.079316423607670619 0.054315785263071133 -0.0003940879029165389 -0.010495670883252714
leaf_weight=736 252 244 2368 234 547 3295 322
leaf_count=736 252 244 2368 234 547 3295 322
internal_value=0.000298697 0.00443727 0.00221859 0.00460245 0.0187851 -0.00614346 -0.0399086
internal_weight=7998 7262 7018 6766 2915 3851 556
internal_count=7998 7262 7018 6766 2915 3851 556
is_linear=0
shrinkage=0.02


Tree=290
num_leaves=8
num_cat=0
split_feature=52 16 40 9 41 40 8
split_gain=3654.57 2956.3 2268.4 2433.38 2519.63 2184.71 1831.33
threshold=32.835000000000008 0.72825000000000006 82.190000000000012 4.5000000000000009 15.475000000000003 58.175000000000004 54.410000000000004
decision_type=2 2 2 2 2 2 2
left_child=5 2 3 4 -2 -1 -6
right_child=1 -3 -4 -5 6 -7 -8
leaf_value=-0.036983169877826898 -0.10741530147052947 0.05754989178380282 0.051513391342389608 0.015856090348929458 -0.0038056543296448105 0.016873956496452857 -0.069596359797649915
leaf_weight=1365 100 434 367 2343 2845 383 175
leaf_count=1365 100 434 367 2343 2845 383 175
internal_value=0.000359931 0.00749807 0.00372597 0.000471477 -0.0110887 -0.0251682 -0.00772676
internal_weight=8012 6264 5830 5463 3120 1748 3020
internal_count=8012 6264 5830 5463 3120 1748 3020
is_linear=0
shrinkage=0.02


Tree=291
num_leaves=8
num_cat=0
split_feature=16 33 41 33 41 48 12
split_gain=2896.58 2794.19 2955.73 2153.83 1858.47 1722.78 1644.12
threshold=0.72825000000000006 5.5000000000000009 23.250000000000004 1.0000000180025095e-35 72.595000000000013 6.5000000000000009 78.085000000000022
decision_type=2 2 2 2 2 2 2
left_child=1 2 -1 5 6 -4 -5
right_child=-2 -3 3 4 -6 -7 -8
leaf_value=-0.045770851940271404 0.045011949606850718 0.063243528948139713 -0.01587446867453831 -0.0055964101766392358 0.028343129395089442 -0.11202599892249474 0.034907941972203579
leaf_weight=625 556 248 211 4971 920 112 431
leaf_count=625 556 248 211 4971 920 112 431
internal_value=0.00117221 -0.00209776 -0.00436867 -0.000443069 0.00214786 -0.0504144 -0.00233547
internal_weight=8074 7518 7270 6645 6322 323 5402
internal_count=8074 7518 7270 6645 6322 323 5402
is_linear=0
shrinkage=0.02


Tree=292
num_leaves=8
num_cat=0
split_feature=52 43 9 44 41 17 64
split_gain=3055.33 3210.16 2727.81 1908.71 1532.24 2648.52 2329.79
threshold=75.385000000000005 1.0000000180025095e-35 12.500000000000002 1.0000000180025095e-35 49.205000000000005 1044.3000000000002 4.5000000000000009
decision_type=2 2 2 2 2 2 2
left_child=1 3 4 -1 5 -3 -7
right_child=-2 2 -4 -5 -6 6 -8
leaf_value=-0.066581292788768648 0.036362044266010016 -0.14739527712608205 0.042813497879234969 -0.016594141956262787 0.008680578280530574 -0.017307322072018981 0.051816895949881751
leaf_weight=384 814 53 616 1452 2589 1933 212
leaf_count=384 814 53 616 1452 2589 1933 212
internal_value=-0.000253031 -0.00439252 0.00337617 -0.0272014 -0.00173807 -0.0140019 -0.0103708
internal_weight=8053 7239 5403 1836 4787 2198 2145
internal_count=8053 7239 5403 1836 4787 2198 2145
is_linear=0
shrinkage=0.02


Tree=293
num_leaves=8
num_cat=0
split_feature=31 42 16 9 52 9 66
split_gain=2849.32 3172.33 2686.94 1975.79 1557.71 1776.07 1438.68
threshold=1.0000000180025095e-35 80.790000000000006 0.32955000000000007 2.5000000000000004 11.045000000000002 12.500000000000002 0.43750000000000006
decision_type=2 2 2 2 2 2 2
left_child=1 2 -1 -4 -2 -6 -5
right_child=4 -3 3 6 5 -7 -8
leaf_value=-0.065585618169035437 -0.050279259483990722 0.049597624196369844 -0.034518423393239087 -0.0072908285983234542 0.0052805166598567047 0.044037843180449204 0.048102713922434807
leaf_weight=481 174 261 1087 1234 3983 532 216
leaf_count=481 174 261 1087 1234 3983 532 216
internal_value=-0.00239199 -0.0166804 -0.0224847 -0.0142001 0.00760695 0.00989093 0.00109784
internal_weight=7968 3279 3018 2537 4689 4515 1450
internal_count=7968 3279 3018 2537 4689 4515 1450
is_linear=0
shrinkage=0.02


Tree=294
num_leaves=8
num_cat=0
split_feature=55 43 12 41 41 9 41
split_gain=3256.6 2909.82 2253.21 2234.58 1718.77 1714.44 1561.87
threshold=55.055000000000007 1.0000000180025095e-35 78.085000000000022 79.385000000000005 16.995000000000001 3.5000000000000004 67.365000000000023
decision_type=2 2 2 2 2 2 2
left_child=1 3 4 -1 -2 6 -3
right_child=2 5 -4 -5 -6 -7 -8
leaf_value=-0.022285469923439521 -0.13640068897560462 -0.0071183427077122366 0.062917311359004885 0.07916649494644093 -0.031336383422887006 0.024771476388200795 0.030375563271813392
leaf_weight=1589 62 1907 92 87 1031 2629 574
leaf_count=1589 62 1907 92 87 1031 2629 574
internal_value=0.000687709 0.00603527 -0.0298322 -0.0167994 -0.0378901 0.0135338 0.00159983
internal_weight=7971 6786 1185 1676 1093 5110 2481
internal_count=7971 6786 1185 1676 1093 5110 2481
is_linear=0
shrinkage=0.02


Tree=295
num_leaves=8
num_cat=0
split_feature=12 44 33 57 16 54 41
split_gain=3000.38 2922.42 2431.72 1947.11 1677.67 1613.54 1510.95
threshold=77.385000000000005 1.0000000180025095e-35 4.5000000000000009 11.665000000000001 0.35085000000000005 63.410000000000004 70.415000000000006
decision_type=2 2 2 2 2 2 2
left_child=1 2 3 -1 5 -3 -5
right_child=-2 4 -4 6 -6 -7 -8
leaf_value=0.035282753813985011 0.040733686400758556 0.096832431513578343 0.049449907702368665 -0.052698818918079475 0.0088219663922486195 -0.022968407974159093 0.012523563908870348
leaf_weight=134 684 42 143 1059 4668 1101 162
leaf_count=134 684 42 143 1059 4668 1101 162
internal_value=0.000835384 -0.00292372 -0.0277826 -0.0360852 0.00350294 -0.0181637 -0.0440295
internal_weight=7993 7309 1498 1355 5811 1143 1221
internal_count=7993 7309 1498 1355 5811 1143 1221
is_linear=0
shrinkage=0.02


Tree=296
num_leaves=8
num_cat=0
split_feature=52 55 12 42 33 37 9
split_gain=3336.07 2827.87 1937.18 1896.79 1537 1478.2 1454.22
threshold=67.205000000000013 55.055000000000007 14.375000000000002 9.1200000000000028 2.5000000000000004 0.10130000000000002 1.5000000000000002
decision_type=2 2 2 2 2 2 2
left_child=1 2 -1 -4 5 -3 -2
right_child=6 4 3 -5 -6 -7 -8
leaf_value=-0.037322865737337008 -0.0048721462647212353 -0.090727296731385756 -0.06233772988805826 0.0048852348353625539 -0.013807029890627995 -0.01507850866245501 0.038803461169389854
leaf_weight=536 426 299 169 4788 489 160 1059
leaf_count=536 426 299 169 4788 489 160 1059
internal_value=-0.000671573 -0.00690556 -0.0013866 0.00253288 -0.0387091 -0.064804 0.0263
internal_weight=7926 6441 5493 4957 948 459 1485
internal_count=7926 6441 5493 4957 948 459 1485
is_linear=0
shrinkage=0.02


Tree=297
num_leaves=8
num_cat=0
split_feature=43 12 42 58 0 9 44
split_gain=2931.19 2244.17 1808.91 1897.34 1576.63 1359.97 1596.12
threshold=1.0000000180025095e-35 14.955000000000002 61.195000000000007 33.645000000000003 56.500000000000007 8.5000000000000018 1.0000000180025095e-35
decision_type=2 2 2 2 2 2 2
left_child=2 -2 3 -1 -5 -3 -7
right_child=1 5 -4 4 -6 6 -8
leaf_value=-0.061850609925405461 -0.033882385013694831 0.0047729254446291147 0.012315689725878961 -0.030381202428554858 0.027585015732868045 -0.015449381852058615 0.040464372115311786
leaf_weight=548 502 4277 475 711 250 256 962
leaf_count=548 502 4277 475 711 250 256 962
internal_value=-0.00058284 0.00639055 -0.0216242 -0.0323132 -0.0152368 0.0100972 0.0286973
internal_weight=7981 5997 1984 1509 961 5495 1218
internal_count=7981 5997 1984 1509 961 5495 1218
is_linear=0
shrinkage=0.02


Tree=298
num_leaves=8
num_cat=0
split_feature=55 52 16 40 44 40 0
split_gain=3522.82 3129.18 3120.4 1415.79 1434.49 1408.8 1881.06
threshold=55.685000000000009 75.385000000000005 0.35455000000000009 82.190000000000012 1.0000000180025095e-35 14.215000000000002 55.500000000000007
decision_type=2 2 2 2 2 2 2
left_child=1 2 -1 4 -2 -4 -7
right_child=3 -3 5 -5 -6 6 -8
leaf_value=-0.025120624963726319 -0.081388528227549162 0.046936352694463224 -0.042118633985519412 0.060600323823709341 -0.02456838486283627 0.0061808244058278632 0.040308473238144099
leaf_weight=1311 227 692 198 58 796 4003 766
leaf_count=1311 227 692 198 58 796 4003 766
internal_value=0.00151599 0.0067321 0.00226671 -0.0319923 -0.0375111 0.00951337 0.0116989
internal_weight=8051 6970 6278 1081 1023 4967 4769
internal_count=8051 6970 6278 1081 1023 4967 4769
is_linear=0
shrinkage=0.02


Tree=299
num_leaves=8
num_cat=0
split_feature=43 41 9 55 34 21 46
split_gain=2682.75 2219.41 2045.33 1905.08 1771.18 1661.39 1630
threshold=1.0000000180025095e-35 79.385000000000005 12.500000000000002 57.225000000000001 3.5000000000000004 212558.60000000003 1.5000000000000002
decision_type=2 2 2 2 2 10 2
left_child=1 4 3 -2 6 -5 -1
right_child=2 -3 -4 5 -6 -7 -8
leaf_value=-0.099541822391269852 0.0038744280327024905 0.068298542280590124 0.036046413955418528 -0.068578727761438737 0.040046620534525977 0.00079828442495178287 -0.027386431355762748
leaf_weight=132 4798 97 701 283 139 265 1609
leaf_count=132 4798 97 701 283 139 265 1609
internal_value=-0.00256361 -0.0227577 0.00405197 -0.0001731 -0.0276245 -0.0353257 -0.0331265
internal_weight=8024 1977 6047 5346 1880 548 1741
internal_count=8024 1977 6047 5346 1880 548 1741
is_linear=0
shrinkage=0.02


Tree=300
num_leaves=8
num_cat=0
split_feature=44 16 52 16 55 42 31
split_gain=2738.67 2437.32 1971.62 1713.22 1703.41 1646.38 1680.72
threshold=1.0000000180025095e-35 0.74725000000000008 30.840000000000003 0.33955000000000007 57.475000000000001 88.295000000000016 1.0000000180025095e-35
decision_type=2 2 2 2 2 2 2
left_child=1 5 3 -2 -5 6 -1
right_child=2 -3 -4 4 -6 -7 -8
leaf_value=-0.057752109579379096 -0.064497683520425009 0.088889029622077939 0.011333189588799236 0.0037850416934796347 -0.08372107643972744 0.085678331109942218 -0.01432426329142481
leaf_weight=611 238 69 5160 876 94 44 857
leaf_count=611 238 69 5160 876 94 44 857
internal_value=9.58555e-05 -0.0234217 0.00594841 -0.0170047 -0.00508078 -0.0288231 -0.0325342
internal_weight=7949 1581 6368 1208 970 1512 1468
internal_count=7949 1581 6368 1208 970 1512 1468
is_linear=0
shrinkage=0.02


Tree=301
num_leaves=8
num_cat=0
split_feature=64 55 10 66 52 9 52
split_gain=2716.57 2580.99 1724.1 1630.92 1588.72 1299.78 1320.44
threshold=1.0000000180025095e-35 54.735000000000007 14383.050000000001 0.18750000000000003 38.105000000000011 12.500000000000002 75.385000000000005
decision_type=2 2 2 2 2 2 2
left_child=-1 2 -2 4 -3 6 -4
right_child=1 3 5 -5 -6 -7 -8
leaf_value=-0.13175747263626975 -0.013664882801282693 -0.13213595327335534 0.0048939341636871072 -0.011661114198019289 -0.031344530426119406 0.038456684104223718 0.039644385192053704
leaf_weight=56 1286 92 4316 973 189 651 482
leaf_count=56 1286 92 4316 973 189 651 482
internal_value=0.00120496 0.00221881 0.00712756 -0.0240688 -0.066077 0.0120427 0.00842255
internal_weight=8045 7989 6735 1254 281 5449 4798
internal_count=8045 7989 6735 1254 281 5449 4798
is_linear=0
shrinkage=0.02


Tree=302
num_leaves=8
num_cat=0
split_feature=41 34 41 57 44 29 17
split_gain=2933.57 2053.8 1716.32 2026.47 1982.51 1783.38 1643.16
threshold=28.075000000000006 3.5000000000000004 81.220000000000013 34.005000000000003 1.0000000180025095e-35 1.0000000180025095e-35 2659.2500000000005
decision_type=2 2 2 2 2 2 2
left_child=1 6 3 -2 5 -5 -1
right_child=2 -3 -4 4 -6 -7 -8
leaf_value=-0.11515569668950386 0.014310961247779815 0.056091885519027711 0.041346802841491843 -0.05788269667103757 -0.0005213055148745241 0.016335924908434604 -0.030134463177228069
leaf_weight=98 3062 95 485 497 2732 172 856
leaf_count=98 3062 95 485 497 2732 172 856
internal_value=0.000545059 -0.030548 0.00525804 0.00251998 -0.00810114 -0.0388214 -0.0394232
internal_weight=7997 1049 6948 6463 3401 669 954
internal_count=7997 1049 6948 6463 3401 669 954
is_linear=0
shrinkage=0.02


Tree=303
num_leaves=8
num_cat=0
split_feature=16 34 52 41 43 9 8
split_gain=2756.22 2501.57 2666.4 2464.27 2288.54 2065.78 2199.65
threshold=0.72145000000000015 3.5000000000000004 75.385000000000005 56.715000000000011 1.0000000180025095e-35 8.5000000000000018 55.215000000000011
decision_type=2 2 2 2 2 2 2
left_child=1 2 3 4 -1 6 -6
right_child=-2 -3 -4 -5 5 -7 -8
leaf_value=-0.046166206497381311 0.039729225166153778 0.033682648841578226 0.030311887000859891 0.0052437610363261014 -0.016012939742767279 0.017757832766378108 -0.09635761162354832
leaf_weight=1062 627 645 670 2207 1939 707 142
leaf_count=1062 627 645 670 2207 1939 707 142
internal_value=-0.000355719 -0.00378962 -0.0074049 -0.0115985 -0.0212476 -0.01169 -0.0217132
internal_weight=7999 7372 6727 6057 3850 2788 2081
internal_count=7999 7372 6727 6057 3850 2788 2081
is_linear=0
shrinkage=0.02


Tree=304
num_leaves=8
num_cat=0
split_feature=55 52 16 40 0 16 34
split_gain=2647.26 2383.92 2697.34 1511.64 1608.22 1603.36 1353.46
threshold=55.845000000000006 75.385000000000005 0.27935000000000004 87.625000000000014 49.500000000000007 0.77305000000000013 1.5000000000000002
decision_type=2 2 2 2 2 2 2
left_child=1 2 -1 4 5 6 -4
right_child=-2 -3 3 -5 -6 -7 -8
leaf_value=-0.040017764797863072 -0.028826650881128849 0.040111542515069071 -0.020300827644457575 0.065416895750059212 0.019360548661585385 0.051628381687448106 0.0043941024373844433
leaf_weight=577 1071 687 1641 157 1728 192 1924
leaf_count=577 1071 687 1641 157 1728 192 1924
internal_value=0.000354622 0.00489771 0.000978612 0.00520298 0.00342144 -0.00392561 -0.0069857
internal_weight=7977 6906 6219 5642 5485 3757 3565
internal_count=7977 6906 6219 5642 5485 3757 3565
is_linear=0
shrinkage=0.02


Tree=305
num_leaves=8
num_cat=0
split_feature=33 16 41 18 9 45 8
split_gain=2614.67 2319.3 2135.87 2006.34 1748.56 2340.22 2117.26
threshold=1.0000000180025095e-35 0.32955000000000007 14.405000000000003 166723.70000000004 4.5000000000000009 1.0000000180025095e-35 54.410000000000004
decision_type=2 2 2 2 2 2 2
left_child=-1 -2 3 -3 6 -6 -4
right_child=1 2 4 -5 5 -7 -8
leaf_value=-0.049677429150828387 -0.02141646719723192 -0.10534936092495918 0.0058797802662599978 0.019601267496744793 0.045877359429886085 0.0063235469724737363 -0.055770458597846392
leaf_weight=383 1240 120 3491 85 1066 1360 233
leaf_count=383 1240 120 3491 85 1066 1360 233
internal_value=0.000965268 0.00355008 0.0084346 -0.0543074 0.0105684 0.0237624 0.00195289
internal_weight=7978 7595 6355 205 6150 2426 3724
internal_count=7978 7595 6355 205 6150 2426 3724
is_linear=0
shrinkage=0.02


Tree=306
num_leaves=8
num_cat=0
split_feature=16 31 40 33 16 0 15
split_gain=3596.64 2199.98 2292.35 1794.41 1789.16 1770.48 1755.95
threshold=0.51795000000000013 1.0000000180025095e-35 71.715000000000018 4.5000000000000009 0.72825000000000006 23.500000000000004 2.5000000000000004
decision_type=2 2 2 2 2 2 2
left_child=1 2 3 -1 5 -2 -3
right_child=4 6 -4 -5 -6 -7 -8
leaf_value=-0.041555765601605399 -0.026217592932165617 0.0044494310669235156 0.029985130710547547 0.068641971465080012 0.046928669113546297 0.015022192136336081 -0.04717165380187735
leaf_weight=1594 499 2402 225 57 556 2397 291
leaf_count=1594 499 2402 225 57 556 2397 291
internal_value=-0.00116517 -0.0128002 -0.0293968 -0.0375555 0.014231 0.00788336 -0.00120572
internal_weight=8021 4569 1876 1651 3452 2896 2693
internal_count=8021 4569 1876 1651 3452 2896 2693
is_linear=0
shrinkage=0.02


Tree=307
num_leaves=8
num_cat=0
split_feature=16 33 41 33 16 0 40
split_gain=2904.14 2316.28 2258.8 2105.07 1573.65 2553.05 1876.54
threshold=0.72825000000000006 5.5000000000000009 23.250000000000004 1.0000000180025095e-35 0.36255000000000004 22.500000000000004 72.305000000000021
decision_type=2 2 2 2 2 2 2
left_child=1 2 -1 -4 -5 6 -6
right_child=-2 -3 3 4 5 -7 -8
leaf_value=-0.041955670479679179 0.043375966430242573 0.057294415657655924 -0.051966062195461959 -0.017883403160440146 -0.057268076473101975 0.010771153977256118 0.029330972249861115
leaf_weight=628 555 235 321 1476 395 4303 130
leaf_count=628 555 235 321 1476 395 4303 130
internal_value=-0.000557705 -0.00384078 -0.00585969 -0.002409 0.000153632 0.00568065 -0.0357501
internal_weight=8043 7488 7253 6625 6304 4828 525
internal_count=8043 7488 7253 6625 6304 4828 525
is_linear=0
shrinkage=0.02


Tree=308
num_leaves=8
num_cat=0
split_feature=40 34 16 31 0 48 57
split_gain=2526.6 2830.83 2376.86 2311.17 1776.7 1475.91 1711.26
threshold=81.645000000000024 2.5000000000000004 0.60625000000000007 1.0000000180025095e-35 22.500000000000004 7.5000000000000009 39.495000000000012
decision_type=2 2 2 2 2 2 2
left_child=1 2 3 5 -5 -1 -7
right_child=-2 -3 -4 4 -6 6 -8
leaf_value=-0.023005162011089125 0.044283258577113245 0.017549371553054513 0.01126771338021384 -0.080440551994914386 -4.1300252204375318e-05 -0.031381670706615246 -0.10255397750632997
leaf_weight=1443 461 1879 1456 111 2106 332 231
leaf_count=1443 461 1879 1456 111 2106 332 231
internal_value=-0.000915626 -0.00369998 -0.01074 -0.0183321 -0.00423865 -0.0338587 -0.0612295
internal_weight=8019 7558 5679 4223 2217 2006 563
internal_count=8019 7558 5679 4223 2217 2006 563
is_linear=0
shrinkage=0.02


Tree=309
num_leaves=8
num_cat=0
split_feature=55 65 42 9 42 55 12
split_gain=2564.99 2079.03 1982.39 1612.91 2523.42 1850.98 1493.82
threshold=48.695000000000007 0.69047619047619058 64.045000000000016 4.5000000000000009 2.3100000000000005 37.475000000000001 12.700000000000001
decision_type=2 2 2 2 2 2 2
left_child=3 2 -2 4 -1 6 -6
right_child=1 -3 -4 -5 5 -7 -8
leaf_value=-0.14243092378973962 -0.035516832042800796 0.018563614292961963 0.0078429031672908774 0.020901096761017649 -0.072178843109558022 -0.0095716061639203754 0.031325770408812591
leaf_weight=45 1649 559 564 2223 55 2073 848
leaf_count=45 1649 559 564 2223 55 2073 848
internal_value=-0.000232627 -0.0157769 -0.0244735 0.00799132 -0.00152716 0.000838763 0.0246588
internal_weight=8016 2772 2213 5244 3021 2976 903
internal_count=8016 2772 2213 5244 3021 2976 903
is_linear=0
shrinkage=0.02


Tree=310
num_leaves=8
num_cat=0
split_feature=16 41 9 40 66 45 55
split_gain=2994.76 2726.3 2591.23 1994.2 1963.33 1933.17 1851.89
threshold=0.36255000000000004 6.4150000000000009 4.5000000000000009 65.990000000000023 0.31250000000000006 1.0000000180025095e-35 54.735000000000007
decision_type=2 2 2 2 2 2 2
left_child=-1 -2 3 4 6 -4 -3
right_child=1 2 5 -5 -6 -7 -8
leaf_value=-0.024038692338013191 -0.11155654061632821 -0.018470145404467144 0.042856658187953409 0.02136133028423063 0.0046122150330201667 0.0068208936756409448 -0.080760338588764802
leaf_weight=1794 74 1209 1072 959 1440 1337 223
leaf_count=1794 74 1209 1072 959 1440 1337 223
internal_value=-0.00127295 0.00520939 0.00668232 -0.00353992 -0.0118775 0.0229123 -0.0284176
internal_weight=8108 6314 6240 3831 2872 2409 1432
internal_count=8108 6314 6240 3831 2872 2409 1432
is_linear=0
shrinkage=0.02


Tree=311
num_leaves=8
num_cat=0
split_feature=16 9 8 40 10 65 10
split_gain=3014.1 2469.61 2336.63 1700.12 1664.5 1613.36 1169.85
threshold=0.57745000000000013 4.5000000000000009 54.410000000000004 50.615000000000002 12706.300000000001 0.76388888888888895 19260.000000000004
decision_type=2 2 2 2 2 2 2
left_child=1 2 3 5 -3 6 -1
right_child=-2 4 -4 -5 -6 -7 -8
leaf_value=-0.068483915477991111 0.018595803860331109 -0.030506861931920901 -0.087650017987268097 -0.00037525365641517946 0.012876963310541603 0.041623246790589513 -0.025635946992434183
leaf_weight=360 2425 416 190 1390 2213 106 885
leaf_count=360 2425 416 190 1390 2213 106 885
internal_value=1.2246e-05 -0.00810242 -0.0207111 -0.0159199 0.00596724 -0.0318528 -0.0382501
internal_weight=7985 5560 2931 2741 2629 1351 1245
internal_count=7985 5560 2931 2741 2629 1351 1245
is_linear=0
shrinkage=0.02


Tree=312
num_leaves=8
num_cat=0
split_feature=44 41 9 42 40 31 41
split_gain=2806.91 2906.75 2391.84 2522.55 1831.79 2075.38 1800.66
threshold=1.0000000180025095e-35 15.475000000000003 4.5000000000000009 10.480000000000002 55.930000000000007 1.0000000180025095e-35 71.760000000000005
decision_type=2 2 2 2 2 2 2
left_child=1 -1 3 -2 5 -5 -3
right_child=2 6 -4 4 -6 -7 -8
leaf_value=-0.13867921108879694 -0.10360370186176532 -0.024306354299302533 0.021291227590503045 -0.036413833626010771 0.01522126726814443 0.0043092391859054207 0.041952020743871755
leaf_weight=77 93 1353 2678 879 1598 1152 182
leaf_count=77 93 1353 2678 879 1598 1152 182
internal_value=0.000951997 -0.0225941 0.00689568 -0.00347666 -0.000771697 -0.0133615 -0.0163396
internal_weight=8012 1612 6400 3722 3629 2031 1535
internal_count=8012 1612 6400 3722 3629 2031 1535
is_linear=0
shrinkage=0.02


Tree=313
num_leaves=8
num_cat=0
split_feature=10 57 64 45 16 33 16
split_gain=2799.32 2463.45 2075.44 1673.41 1472.43 1381.47 1260.18
threshold=14569.450000000003 38.565000000000005 3.5000000000000004 1.0000000180025095e-35 0.77305000000000013 1.0000000180025095e-35 0.70390000000000008
decision_type=2 2 2 2 2 2 2
left_child=4 -2 3 -3 5 -1 -5
right_child=1 2 -4 6 -6 -7 -8
leaf_value=-0.080221707720066551 0.015672680611246 -0.0061889511467658042 0.013007941531748359 -0.055275966064881076 0.052251084536934896 -0.021657977005278797 0.038849818132584917
leaf_weight=179 3739 963 1014 629 91 1372 59
leaf_count=179 3739 963 1014 629 91 1372 59
internal_value=-0.000768053 0.00520895 -0.00947355 -0.0232787 -0.0240241 -0.0286528 -0.0469821
internal_weight=8046 6404 2665 1651 1642 1551 688
internal_count=8046 6404 2665 1651 1642 1551 688
is_linear=0
shrinkage=0.02


Tree=314
num_leaves=8
num_cat=1
split_feature=12 15 2 44 40 64 56
split_gain=2536.05 2261.41 1430.86 1360.79 1153.47 1058.93 1056.89
threshold=41.945000000000007 1.5000000000000002 0 1.0000000180025095e-35 49.945000000000007 1.5000000000000002 43.515000000000008
decision_type=2 2 1 2 2 2 2
left_child=1 3 6 4 -1 -4 -2
right_child=2 -3 5 -5 -6 -7 -8
leaf_value=-0.058740778151791774 -0.026834161750080843 -0.042882997134158794 -0.026530732879790749 0.0019669566992397674 -0.00037183852432941901 0.016738595475653293 0.023600588274015562
leaf_weight=306 672 841 238 2113 240 3386 216
leaf_count=306 672 841 238 2113 240 3386 216
internal_value=-0.00163526 -0.0144001 0.00827155 -0.00532788 -0.0333203 0.0138262 -0.0143422
internal_weight=8012 3500 4512 2659 546 3624 888
internal_count=8012 3500 4512 2659 546 3624 888
cat_boundaries=0 1
cat_threshold=65
is_linear=0
shrinkage=0.02


Tree=315
num_leaves=8
num_cat=1
split_feature=40 44 7 66 66 40 8
split_gain=3133.05 2118.75 1852.9 1823.19 1515.45 1433.63 1236.89
threshold=20.080000000000002 1.0000000180025095e-35 0 0.56250000000000011 0.56250000000000011 76.115000000000009 26.625000000000004
decision_type=2 2 1 2 2 2 2
left_child=3 4 6 -1 5 -2 -3
right_child=1 2 -4 -5 -6 -7 -8
leaf_value=-0.057776086132460165 -0.033748579554071158 -0.0055483494570358191 0.0098078620900845931 0.05930526294310888 0.0401317575853943 0.041049818349095574 -0.073082733129187186
leaf_weight=533 1180 273 5513 55 144 108 176
leaf_count=533 1180 273 5513 55 144 108 176
internal_value=-0.002185 0.00136149 0.00661093 -0.0464169 -0.0204411 -0.0273422 -0.0318328
internal_weight=7982 7394 5962 588 1432 1288 449
internal_count=7982 7394 5962 588 1432 1288 449
cat_boundaries=0 1
cat_threshold=32
is_linear=0
shrinkage=0.02


Tree=316
num_leaves=8
num_cat=1
split_feature=41 15 5 43 41 21 24
split_gain=2246.11 1838.9 1727.64 1532.42 1534.17 1375.16 1580.59
threshold=71.760000000000005 1.5000000000000002 0 1.0000000180025095e-35 23.855000000000004 266111.75000000006 1.5000000000000002
decision_type=2 2 1 2 2 8 2
left_child=1 3 -3 -1 -5 -4 -7
right_child=-2 2 5 4 -6 6 -8
leaf_value=-0.01648390048704362 0.027837284701677137 0.026199115805509612 0.012220289223885114 -0.02865159650283907 0.012294831812601494 -0.071954559276559776 -0.020783802117567484
leaf_weight=1311 1089 231 221 401 3733 420 573
leaf_count=1311 1089 231 221 401 3733 420 573
internal_value=0.0012149 -0.00301004 -0.0230255 0.00231793 0.00829319 -0.03241 -0.0426791
internal_weight=7979 6890 1445 5445 4134 1214 993
internal_count=7979 6890 1445 5445 4134 1214 993
cat_boundaries=0 1
cat_threshold=1
is_linear=0
shrinkage=0.02


Tree=317
num_leaves=8
num_cat=0
split_feature=16 9 41 64 9 41 55
split_gain=2705.05 1877.72 2312.33 1686.73 1938.27 2789.69 1774.82
threshold=0.39065000000000005 4.5000000000000009 14.405000000000003 1.5000000000000002 3.5000000000000004 47.965000000000011 50.655000000000008
decision_type=2 2 2 2 2 2 2
left_child=3 2 -2 -1 5 -5 -6
right_child=1 -3 -4 4 6 -7 -8
leaf_value=-0.080581513579133193 -0.099148634428619056 0.022747875661629439 0.0018919268719909846 -0.077464238900130475 0.016264400099364751 -0.0025140919651042808 -0.03488057294855542
leaf_weight=153 88 2194 3503 367 964 427 372
leaf_count=153 88 2194 3503 367 964 427 372
internal_value=0.000918395 0.0081932 -0.00071856 -0.0174932 -0.0127834 -0.0374253 0.00194648
internal_weight=8068 5785 3591 2283 2130 794 1336
internal_count=8068 5785 3591 2283 2130 794 1336
is_linear=0
shrinkage=0.02


Tree=318
num_leaves=8
num_cat=0
split_feature=16 41 9 57 9 42 45
split_gain=2895.52 2539.75 2010.2 1433.42 1411.16 1739.33 1460.36
threshold=0.49815000000000004 58.930000000000007 3.5000000000000004 29.145000000000003 4.5000000000000009 10.480000000000002 1.0000000180025095e-35
decision_type=2 2 2 2 2 2 2
left_child=1 2 -1 -3 5 -2 -6
right_child=4 3 -4 -5 6 -7 -8
leaf_value=-0.04223613871669795 -0.097033662534121309 0.038040478992622855 -0.0079726929600086403 -0.0044816999176824981 0.053402633269622593 0.0070270689918285412 0.010499295301296199
leaf_weight=1140 61 505 1712 836 581 2429 699
leaf_count=1140 61 505 1712 836 581 2429 699
internal_value=0.000372384 -0.0110572 -0.0217184 0.0116133 0.0130821 0.00428844 0.0301054
internal_weight=7963 4193 2852 1341 3770 2490 1280
internal_count=7963 4193 2852 1341 3770 2490 1280
is_linear=0
shrinkage=0.02


Tree=319
num_leaves=8
num_cat=0
split_feature=52 44 9 33 16 41 52
split_gain=3046.5 2394.05 2336.4 1969.38 1878.45 2008.36 1761.36
threshold=75.385000000000005 1.0000000180025095e-35 12.500000000000002 4.5000000000000009 0.74725000000000008 71.760000000000005 32.055000000000007
decision_type=2 2 2 2 2 2 2
left_child=1 3 6 4 5 -1 -3
right_child=-2 2 -4 -5 -6 -7 -8
leaf_value=-0.047296295858401324 0.037860326495376156 -0.023637058073275648 0.039176235415584598 0.042592777473876228 0.069951717730830698 0.029523589258106095 0.004732910538518962
leaf_weight=1145 804 1125 626 149 63 151 3880
leaf_count=1145 804 1125 626 149 63 151 3880
internal_value=0.0010767 -0.0030895 0.00290945 -0.0254257 -0.033012 -0.0382668 -0.00166118
internal_weight=7943 7139 5631 1508 1359 1296 5005
internal_count=7943 7139 5631 1508 1359 1296 5005
is_linear=0
shrinkage=0.02


Tree=320
num_leaves=8
num_cat=0
split_feature=12 10 40 55 12 33 41
split_gain=2754.94 2818.66 1918.2 1425.97 1397.9 1336.34 1502.11
threshold=47.345000000000006 12355.400000000001 5.6100000000000003 49.015000000000008 83.555000000000021 5.5000000000000009 14.405000000000003
decision_type=2 2 2 2 2 2 2
left_child=1 -1 -3 -2 -5 6 -4
right_child=3 2 5 4 -6 -7 -8
leaf_value=-0.047234917540880952 0.020122801538472727 -0.12164112703366714 -0.079808902101447948 -0.012568537022767969 0.055150109954616604 0.061617082539796829 -0.0025548175242365067
leaf_weight=747 2512 50 99 1177 131 120 3164
leaf_count=747 2512 50 99 1177 131 120 3164
internal_value=-0.00095086 -0.0121637 -0.00447483 0.0113186 -0.00560213 -0.00256618 -0.00501724
internal_weight=8000 4180 3433 3820 1308 3383 3263
internal_count=8000 4180 3433 3820 1308 3383 3263
is_linear=0
shrinkage=0.02


Tree=321
num_leaves=8
num_cat=1
split_feature=40 33 44 38 41 41 2
split_gain=2212.62 2266.28 2368.83 1773.35 2105.28 1757.53 1422.7
threshold=87.625000000000014 5.5000000000000009 1.0000000180025095e-35 17351.150000000005 41.255000000000003 32.085000000000008 0
decision_type=2 2 2 8 2 2 1
left_child=1 2 5 -4 -5 -1 -7
right_child=-2 -3 3 4 -6 6 -8
leaf_value=-0.068717292542804245 0.055531932778165552 0.054995955604217238 0.011268334837124748 -0.034657737881162144 0.00033657809857928393 0.0034780846251234346 -0.040670550400373873
leaf_weight=332 253 247 2796 991 2221 642 522
leaf_count=332 253 247 2796 991 2221 642 522
internal_value=-0.00208937 -0.00400477 -0.00598215 -0.000367084 -0.0104973 -0.0284562 -0.016728
internal_weight=8004 7751 7504 6008 3212 1496 1164
internal_count=8004 7751 7504 6008 3212 1496 1164
cat_boundaries=0 1
cat_threshold=170
is_linear=0
shrinkage=0.02


Tree=322
num_leaves=8
num_cat=0
split_feature=40 12 34 16 64 57 52
split_gain=2649.55 2306.3 2019.87 1891.03 1708.78 1926.07 1688.38
threshold=5.6100000000000003 59.07500000000001 3.5000000000000004 0.60625000000000007 4.5000000000000009 38.405000000000008 73.965000000000018
decision_type=2 2 2 2 2 2 2
left_child=-1 2 4 -3 5 -2 -7
right_child=1 3 -4 -5 -6 6 -8
leaf_value=-0.095927259174332161 -0.00050799345180806653 0.0081830507525741149 0.034567773809306257 0.050696445221693337 0.034603080975446725 -0.03077607902778106 0.03749099907684763
leaf_weight=108 2674 1694 463 552 334 2006 152
leaf_count=108 2674 1694 463 552 334 2006 152
internal_value=0.000230819 0.00160959 -0.0052285 0.018721 -0.00882519 -0.0118597 -0.0258921
internal_weight=7983 7875 5629 2246 5166 4832 2158
internal_count=7983 7875 5629 2246 5166 4832 2158
is_linear=0
shrinkage=0.02


Tree=323
num_leaves=8
num_cat=0
split_feature=34 55 54 21 50 25 66
split_gain=2081.42 2710.97 1393.19 1390.91 1271.54 1498.4 1250.19
threshold=1.5000000000000002 55.475000000000001 82.955000000000013 235442.50000000003 1.0000000180025095e-35 1.0000000180025095e-35 0.68750000000000011
decision_type=2 2 2 10 2 2 2
left_child=1 2 4 -3 -1 -6 -2
right_child=6 3 -4 -5 5 -7 -8
leaf_value=-0.017153178114363902 0.0054600831757994255 -0.079746929177336556 -0.01542214541315763 -0.012734194339181368 0.046421696462512367 -0.01743258245865216 0.051325913451552865
leaf_weight=367 4237 322 1895 203 514 202 247
leaf_count=367 4237 322 1895 203 514 202 247
internal_value=-0.000979592 -0.0125213 -0.00509512 -0.0541999 0.0129626 0.028411 0.00804095
internal_weight=7987 3503 2978 525 1083 716 4484
internal_count=7987 3503 2978 525 1083 716 4484
is_linear=0
shrinkage=0.02


Tree=324
num_leaves=8
num_cat=1
split_feature=55 40 41 64 4 62 42
split_gain=2214.59 1320.13 1316.53 1420.13 1337.24 1421.22 1462.85
threshold=47.375000000000007 5.6100000000000003 73.515000000000015 4.5000000000000009 0 1.0000000180025095e-35 27.665000000000003
decision_type=2 2 2 2 1 2 2
left_child=1 -1 3 4 -2 6 -6
right_child=2 -3 -4 -5 5 -7 -8
leaf_value=-0.072293592951236635 0.00098322994613326978 0.01069395301269445 0.022616162769824574 0.032232194259490601 -0.062565910044153045 -0.056752881383210163 -0.0079182967994119082
leaf_weight=73 794 4737 381 214 238 560 1022
leaf_count=73 794 4737 381 214 238 560 1022
internal_value=0.000779532 0.00936071 -0.0120774 -0.0167832 -0.0208498 -0.0301913 -0.0184471
internal_weight=8019 4810 3209 2828 2614 1820 1260
internal_count=8019 4810 3209 2828 2614 1820 1260
cat_boundaries=0 1
cat_threshold=6
is_linear=0
shrinkage=0.02


Tree=325
num_leaves=8
num_cat=0
split_feature=12 55 16 16 33 49 52
split_gain=2329.25 2656.47 2105.82 1890.07 1585.92 2338.97 1482.14
threshold=71.205000000000013 55.055000000000007 0.28545000000000004 0.68950000000000011 2.5000000000000004 17.500000000000004 37.855000000000011
decision_type=2 2 2 2 2 2 2
left_child=1 2 -1 -2 5 -3 -7
right_child=3 4 -4 -5 -6 6 -8
leaf_value=-0.034766829424688964 0.018475508827334845 -0.12539027350174414 0.0051921674870508598 0.10460491729948831 -0.0091067112979241679 -0.085544261008501044 -0.0021837157442227122
leaf_weight=580 933 143 5366 110 548 125 249
leaf_count=580 933 143 5366 110 548 125 249
internal_value=0.000203368 -0.00395106 0.00126845 0.0280149 -0.0329619 -0.057918 -0.0308059
internal_weight=8054 7011 5946 1043 1065 517 374
internal_count=8054 7011 5946 1043 1065 517 374
is_linear=0
shrinkage=0.02


Tree=326
num_leaves=8
num_cat=0
split_feature=16 13 15 12 9 12 38
split_gain=2500.52 1779.93 1455.45 1422.21 1362.56 1187.38 1152.93
threshold=0.38705000000000006 449.05000000000007 1.5000000000000002 14.375000000000002 3.5000000000000004 22.435000000000006 1500.5000000000002
decision_type=2 2 2 2 2 2 10
left_child=1 2 5 -2 -5 -1 -4
right_child=3 -3 6 4 -6 -7 -8
leaf_value=-0.052973247651643907 -0.026557409282694473 0.067514000137646996 -0.084775762952096725 0.00031558835041701469 0.020497424820927455 -0.0058378594788592508 -0.020972960613604284
leaf_weight=248 465 88 228 2869 2503 1390 229
leaf_count=248 465 88 228 2869 2503 1390 229
internal_value=-1.18516e-05 -0.0182485 -0.0220031 0.00681831 0.00972932 -0.0131138 -0.0533775
internal_weight=8020 2183 2095 5837 5372 1638 457
internal_count=8020 2183 2095 5837 5372 1638 457
is_linear=0
shrinkage=0.02


Tree=327
num_leaves=8
num_cat=0
split_feature=44 41 12 29 55 16 58
split_gain=2010.52 1781.78 1695.9 1579.29 1716.72 1464.59 1420.64
threshold=1.0000000180025095e-35 15.475000000000003 45.745000000000012 1.0000000180025095e-35 55.475000000000001 0.34615000000000007 34.375000000000007
decision_type=2 2 2 2 2 2 2
left_child=1 -1 5 4 -3 -2 -5
right_child=2 3 -4 6 -6 -7 -8
leaf_value=-0.10824306698685343 -0.034633241231483688 -0.016525497464788704 0.01438971614136138 0.07214759291984417 -0.083669945858830572 0.00034811184077416775 -0.0087961560159313442
leaf_weight=83 584 989 3252 130 176 2557 240
leaf_count=83 584 989 3252 130 176 2557 240
internal_value=-0.000767333 -0.0206476 0.00427637 -0.0155752 -0.0269834 -0.00620061 0.0202263
internal_weight=8011 1618 6393 1535 1165 3141 370
internal_count=8011 1618 6393 1535 1165 3141 370
is_linear=0
shrinkage=0.02


Tree=328
num_leaves=8
num_cat=0
split_feature=45 52 34 41 52 8 9
split_gain=2020.05 2239.76 1646.97 2456.99 1830.93 1541.15 1986.35
threshold=1.0000000180025095e-35 74.845000000000013 1.5000000000000002 36.045000000000009 17.585000000000004 53.770000000000003 5.5000000000000009
decision_type=2 2 2 2 2 2 2
left_child=1 5 3 -2 -5 -1 -7
right_child=2 -3 -4 4 -6 6 -8
leaf_value=0.008047938276215829 -0.067078746412290446 0.059395846766334012 -0.00029490862655196393 -0.099385550916194915 -0.0073735811561598443 -0.097363146103452897 0.0278031914993081
leaf_weight=2896 421 321 2597 87 1471 123 81
leaf_count=2896 421 321 2597 87 1471 123 81
internal_value=-0.00209086 0.00952677 -0.0107771 -0.0244972 -0.0128131 0.00427558 -0.0481886
internal_weight=7997 3421 4576 1979 1558 3100 204
internal_count=7997 3421 4576 1979 1558 3100 204
is_linear=0
shrinkage=0.02


Tree=329
num_leaves=8
num_cat=0
split_feature=43 16 16 52 40 17 28
split_gain=2552.82 2033.46 1745.67 1601.44 1285.76 1585.01 1298.39
threshold=1.0000000180025095e-35 0.74725000000000008 0.32955000000000007 83.715000000000018 30.985000000000003 11481.900000000001 1.0000000180025095e-35
decision_type=2 2 2 2 2 2 2
left_child=1 3 -2 4 -1 6 -6
right_child=2 -3 -4 -5 5 -7 -8
leaf_value=-0.057551874622274353 -0.017896318513694786 0.061945326903770706 0.011382624800999509 0.06702625467920223 -0.051310423782151469 0.0067370232402971641 0.0086319005220513983
leaf_weight=443 966 111 5060 69 592 578 189
leaf_count=443 966 111 5060 69 592 578 189
internal_value=0.000200671 -0.0194603 0.00667811 -0.0244421 -0.0281202 -0.0183505 -0.0368419
internal_weight=8008 1982 6026 1871 1802 1359 781
internal_count=8008 1982 6026 1871 1802 1359 781
is_linear=0
shrinkage=0.02


Tree=330
num_leaves=8
num_cat=0
split_feature=12 55 21 42 34 41 66
split_gain=2400.41 2265.34 1777.37 1486.82 1745.76 1476.29 1242.12
threshold=77.385000000000005 55.055000000000007 211538.45000000004 82.565000000000012 1.0000000180025095e-35 72.190000000000012 0.68750000000000011
decision_type=2 2 10 2 2 2 2
left_child=1 3 5 4 -1 -3 -6
right_child=-2 2 -4 -5 6 -7 -8
leaf_value=-0.035799033501190722 0.035699163578130286 -0.066706521506421271 -0.0039354656927964903 0.038284101768447258 0.00036221793278193082 0.030246923511998879 0.05396658110551994
leaf_weight=528 681 491 545 401 5086 69 174
leaf_count=528 681 491 545 401 5086 69 174
internal_value=-6.97384e-05 -0.00343145 -0.0297411 0.00128617 -0.00130793 -0.0545985 0.00218501
internal_weight=7975 7294 1105 6189 5788 560 5260
internal_count=7975 7294 1105 6189 5788 560 5260
is_linear=0
shrinkage=0.02


Tree=331
num_leaves=8
num_cat=0
split_feature=12 34 42 16 51 15 52
split_gain=2594.59 1955.26 1571.06 1446.46 1220.68 1295.68 1434.37
threshold=42.165000000000006 1.0000000180025095e-35 12.335000000000003 0.71795000000000009 36.925000000000004 2.5000000000000004 33.815000000000005
decision_type=2 2 2 2 2 2 2
left_child=1 -1 -3 -2 5 6 -4
right_child=3 2 4 -5 -6 -7 -8
leaf_value=-0.058119891515949318 0.0069675584639587894 -0.073225156409399847 -0.030984190549602456 0.048991353808447012 0.01482541260699205 -0.052337855537869946 0.0062369387267230091
leaf_weight=337 4153 135 630 351 896 284 1187
leaf_count=337 4153 135 630 351 896 284 1187
internal_value=0.000285163 -0.012705 -0.0077335 0.0102932 -0.00466638 -0.0129944 -0.00671818
internal_weight=7973 3469 3132 4504 2997 2101 1817
internal_count=7973 3469 3132 4504 2997 2101 1817
is_linear=0
shrinkage=0.02


Tree=332
num_leaves=8
num_cat=0
split_feature=16 65 41 9 16 45 64
split_gain=2321.16 2502.91 2411.31 1491.82 1436.53 1318.15 1441.02
threshold=0.72145000000000015 1.0000000180025095e-35 15.475000000000003 4.5000000000000009 0.32955000000000007 1.0000000180025095e-35 3.5000000000000004
decision_type=2 2 2 2 2 2 2
left_child=1 -1 3 -3 -4 -6 -7
right_child=-2 2 4 -5 5 6 -8
leaf_value=-0.039293514076168788 0.038653174295710857 -0.10484131135662696 -0.016208923300335815 -0.010051227277943067 0.019849993547961537 -0.016025795854832693 0.011648381410728022
leaf_weight=655 599 128 1158 135 2271 1315 1746
leaf_count=655 599 128 1158 135 2271 1315 1746
internal_value=0.000952522 -0.00211991 0.00151211 -0.0572801 0.00393685 0.00832319 -0.000247141
internal_weight=8007 7408 6753 263 6490 5332 3061
internal_count=8007 7408 6753 263 6490 5332 3061
is_linear=0
shrinkage=0.02


Tree=333
num_leaves=8
num_cat=0
split_feature=64 55 8 45 55 32 52
split_gain=2968.71 2151.64 1959.28 1693.16 1585.39 1485.47 1477.26
threshold=1.0000000180025095e-35 55.055000000000007 47.245000000000012 1.0000000180025095e-35 35.985000000000007 1.0000000180025095e-35 31.455000000000002
decision_type=2 2 2 2 2 2 2
left_child=-1 2 3 5 -5 6 -2
right_child=1 -3 -4 4 -6 -7 -8
leaf_value=-0.14262957613719138 -0.0023103551301691268 -0.022489360663997024 -0.023622753095028825 0.029958160126975292 -0.0052754129003766935 0.0019181299458948837 0.043627562407487636
leaf_weight=52 355 1191 755 621 2772 894 1312
leaf_count=52 355 1191 755 621 2772 894 1312
internal_value=0.00119061 0.00222689 0.00662807 0.0104806 0.00120777 0.0227397 0.0338671
internal_weight=7952 7900 6709 5954 3393 2561 1667
internal_count=7952 7900 6709 5954 3393 2561 1667
is_linear=0
shrinkage=0.02


Tree=334
num_leaves=8
num_cat=0
split_feature=44 65 40 52 66 45 31
split_gain=2203.05 1631.22 1743.88 2091.3 1401.1 1355.63 1390.11
threshold=1.0000000180025095e-35 0.76388888888888895 47.045000000000009 69.030000000000015 0.18750000000000003 1.0000000180025095e-35 1.0000000180025095e-35
decision_type=2 2 2 2 2 2 2
left_child=1 2 3 -1 -4 -2 -7
right_child=5 -3 4 -5 -6 6 -8
leaf_value=-0.059766454105493097 0.015980335246594052 0.047805718110744348 -0.051917736136374321 0.041129825664194007 0.011078421448318053 -0.017182932810118942 0.0078982402256052697
leaf_weight=670 2744 124 183 90 563 1520 2098
leaf_count=670 2744 124 183 90 563 1520 2098
internal_value=7.50146e-05 -0.0206337 -0.0264083 -0.0476275 -0.00461783 0.0053928 -0.00264807
internal_weight=7992 1630 1506 760 746 6362 3618
internal_count=7992 1630 1506 760 746 6362 3618
is_linear=0
shrinkage=0.02


Tree=335
num_leaves=8
num_cat=0
split_feature=12 55 40 66 40 8 17
split_gain=2027.37 2367.44 1958 1895.96 1725.53 1632.33 1505.64
threshold=79.110000000000014 55.055000000000007 10.345000000000001 0.31250000000000006 55.930000000000007 54.410000000000004 20835.050000000003
decision_type=2 2 2 2 2 2 2
left_child=1 2 -1 4 -3 -4 -7
right_child=-2 3 5 -5 -6 6 -8
leaf_value=-0.068683619933902845 0.034761113506117269 -0.084012350438629688 0.0054627482842753037 -0.0044428963121846583 -0.011600051894021983 -0.075093526459578425 0.0047480151179384016
leaf_weight=152 587 342 5792 563 215 195 178
leaf_count=152 587 342 5792 563 215 195 178
internal_value=-0.000861238 -0.00369436 0.00106523 -0.0304248 -0.0564133 0.00283918 -0.0374334
internal_weight=8024 7437 6317 1120 557 6165 373
internal_count=8024 7437 6317 1120 557 6165 373
is_linear=0
shrinkage=0.02


Tree=336
num_leaves=8
num_cat=0
split_feature=45 52 64 64 54 18 40
split_gain=2228.15 2462.02 2019.79 2015.08 1359.54 1206.76 1436.03
threshold=1.0000000180025095e-35 34.120000000000012 1.0000000180025095e-35 3.5000000000000004 79.215000000000018 187691.65000000002 61.890000000000008
decision_type=2 2 2 2 2 2 2
left_child=2 3 -1 5 -3 6 -2
right_child=1 4 -4 -5 -6 -7 -8
leaf_value=-0.10074786665290594 -0.098771997301155129 0.021531016336018709 0.016400106521524811 -0.0055695921904891591 -0.0065159969223980863 -0.014778304784476051 0.0014491784890492757
leaf_weight=55 304 945 3349 524 2534 164 70
leaf_count=55 304 945 3349 524 2534 164 70
internal_value=0.00214034 -0.00702714 0.0143623 -0.0336042 0.00112237 -0.0606066 -0.0802424
internal_weight=7945 4541 3404 1062 3479 538 374
internal_count=7945 4541 3404 1062 3479 538 374
is_linear=0
shrinkage=0.02


Tree=337
num_leaves=8
num_cat=0
split_feature=41 15 16 48 52 42 33
split_gain=1998.42 1967.35 1783.12 2018.78 1465.37 1582.77 1368.46
threshold=72.595000000000013 1.5000000000000002 0.35685000000000006 9.5000000000000018 72.425000000000026 38.655000000000008 5.5000000000000009
decision_type=2 2 2 2 2 2 2
left_child=1 4 -3 -4 6 -6 -1
right_child=-2 2 3 -5 5 -7 -8
leaf_value=-0.004868610213850471 0.025295860483351473 -0.065471481997076253 0.00077105051655372656 -0.066937399183378807 0.082221202004455526 0.011102776186845718 0.04990541761270479
leaf_weight=4594 1048 331 883 215 162 508 185
leaf_count=4594 1048 331 883 215 162 508 185
internal_value=-0.00036382 -0.00428912 -0.0251325 -0.0127303 0.00119508 0.0287802 -0.00269831
internal_weight=7926 6878 1429 1098 5449 670 4779
internal_count=7926 6878 1429 1098 5449 670 4779
is_linear=0
shrinkage=0.02


Tree=338
num_leaves=8
num_cat=0
split_feature=64 15 8 41 34 32 58
split_gain=2041.89 1892.54 1351.89 1436.07 1372.94 1146.12 1236.88
threshold=1.0000000180025095e-35 1.5000000000000002 47.245000000000012 21.23 3.5000000000000004 1.0000000180025095e-35 29.345000000000002
decision_type=2 2 2 2 2 2 2
left_child=-1 2 3 4 -2 6 -5
right_child=1 -3 -4 5 -6 -7 -8
leaf_value=-0.11598504809538523 -0.041530651162079039 -0.017907929786213667 -0.017906748645587407 -0.0024424274292410607 0.074214716807324832 0.00050690537354878716 0.026971300184707607
leaf_weight=55 334 1650 811 750 42 1971 2392
leaf_count=55 334 1650 811 750 42 1971 2392
internal_value=0.000250735 0.00112728 0.00612294 0.00968639 -0.0277974 0.0124673 0.0199575
internal_weight=8005 7950 6300 5489 376 5113 3142
internal_count=8005 7950 6300 5489 376 5113 3142
is_linear=0
shrinkage=0.02


Tree=339
num_leaves=8
num_cat=0
split_feature=44 8 51 40 65 40 55
split_gain=1686.78 1691.61 1540.5 1418.95 1401.19 2180.36 1865.58
threshold=1.0000000180025095e-35 36.495000000000012 35.175000000000004 76.115000000000009 0.53571428571428581 55.930000000000007 32.265000000000008
decision_type=2 2 2 2 2 2 2
left_child=3 2 4 -1 5 6 -2
right_child=1 -3 -4 -5 -6 -7 -8
leaf_value=-0.024666456519756991 0.058182681307531479 -0.014154605346490474 0.025972546057133752 0.045856084078550338 0.016142752898980262 0.015229319813067728 -0.037988025795154673
leaf_weight=1489 84 1604 1541 119 1457 756 916
leaf_count=1489 84 1604 1541 119 1457 756 916
internal_value=-0.00105448 0.00357698 0.0095682 -0.0193215 0.00167231 -0.0103459 -0.0296604
internal_weight=7966 6358 4754 1608 3213 1756 1000
internal_count=7966 6358 4754 1608 3213 1756 1000
is_linear=0
shrinkage=0.02


Tree=340
num_leaves=8
num_cat=0
split_feature=55 8 48 34 42 42 42
split_gain=1830.29 1661.19 1929.51 1519.97 1401.32 1377.47 1638.55
threshold=55.685000000000009 54.410000000000004 1.0000000180025095e-35 1.5000000000000002 57.605000000000011 52.155000000000008 42.065000000000005
decision_type=2 2 2 2 2 2 2
left_child=1 -1 -3 4 5 6 -2
right_child=3 2 -4 -5 -6 -7 -8
leaf_value=0.0066682497837116089 -0.084938481644443856 -0.12883949694079413 -0.01492673156641949 -0.0017085105788166106 -0.00040287185437887549 -0.15059151122139561 0.016917835744944484
leaf_weight=6517 179 66 378 581 161 67 94
leaf_count=6517 179 66 378 581 161 67 94
internal_value=0.000343106 0.00410936 -0.0331059 -0.0237944 -0.0491369 -0.0718736 -0.0501936
internal_weight=8043 6961 444 1082 501 340 273
internal_count=8043 6961 444 1082 501 340 273
is_linear=0
shrinkage=0.02


Tree=341
num_leaves=8
num_cat=0
split_feature=9 12 44 42 24 55 38
split_gain=1634.9 1446.12 1274.97 1148.63 1035.62 1289.09 949.211
threshold=3.5000000000000004 33.425000000000004 1.0000000180025095e-35 54.065000000000005 1.5000000000000002 41.625000000000007 89407.400000000009
decision_type=2 2 2 2 2 2 8
left_child=1 3 -2 4 5 -1 -4
right_child=2 -3 6 -5 -6 -7 -8
leaf_value=-0.015106036169866546 -0.013119764006446774 -0.0011461479571917899 0.022567626826772855 -0.0051827252642708075 -0.020441007253652561 -0.10135625883197304 -0.00020100756919373333
leaf_weight=108 815 2817 2140 505 329 199 1112
leaf_count=108 815 2817 2140 505 329 199 1112
internal_value=0.000290941 -0.00885404 0.00919077 -0.0277959 -0.0455709 -0.0717425 0.0147937
internal_weight=8025 3958 4067 1141 636 307 3252
internal_count=8025 3958 4067 1141 636 307 3252
is_linear=0
shrinkage=0.02


Tree=342
num_leaves=8
num_cat=0
split_feature=44 41 64 41 9 21 8
split_gain=2404.53 2218.78 1840.22 1633.58 1623.74 1549.91 1540.98
threshold=1.0000000180025095e-35 15.475000000000003 1.0000000180025095e-35 71.760000000000005 4.5000000000000009 1.0000000180025095e-35 44.680000000000007
decision_type=2 2 2 2 2 10 2
left_child=1 -1 -3 5 6 -4 -2
right_child=4 2 3 -5 -6 -7 -8
leaf_value=-0.11745576895855285 0.0022258903071614763 -0.1215780538415152 -0.045198203515149159 0.045247052772104411 0.017450653330122655 -0.00077805516773894919 -0.035585228918566247
leaf_weight=86 3250 58 526 176 2746 770 492
leaf_count=86 3250 58 526 176 2746 770 492
internal_value=0.000345881 -0.0214444 -0.0156827 -0.0111127 0.00578564 -0.018911 -0.00278639
internal_weight=8104 1616 1530 1472 6488 1296 3742
internal_count=8104 1616 1530 1472 6488 1296 3742
is_linear=0
shrinkage=0.02


Tree=343
num_leaves=8
num_cat=0
split_feature=16 33 42 64 16 56 58
split_gain=2269.72 1595.76 1504.76 1865.59 1179.8 1071.62 1116.92
threshold=0.60625000000000007 5.5000000000000009 42.995000000000012 4.5000000000000009 0.50155000000000005 50.725000000000001 23.010000000000002
decision_type=2 2 2 2 2 2 2
left_child=1 2 3 4 5 6 -1
right_child=-2 -3 -4 -5 -6 -7 -8
leaf_value=-0.091736946583363663 0.017283646606827487 0.048152735804189252 -0.001221615279658518 0.047196165625363183 -0.0027573797731184437 0.019561682671539543 -0.034604683062785531
leaf_weight=152 1974 195 3561 141 588 124 1243
leaf_count=152 1974 195 3561 141 588 124 1243
internal_value=-0.00129422 -0.00741157 -0.00931659 -0.0221085 -0.0268471 -0.0361325 -0.0411352
internal_weight=7978 6004 5809 2248 2107 1519 1395
internal_count=7978 6004 5809 2248 2107 1519 1395
is_linear=0
shrinkage=0.02


Tree=344
num_leaves=8
num_cat=0
split_feature=55 9 41 23 44 31 41
split_gain=2292.77 1751.81 1920.62 1496.36 1073.07 1055.6 1001.43
threshold=54.735000000000007 4.5000000000000009 15.475000000000003 21.050000000000004 1.0000000180025095e-35 1.0000000180025095e-35 79.385000000000005
decision_type=2 2 2 2 2 2 2
left_child=1 2 -1 -3 -2 -5 -4
right_child=4 3 6 5 -6 -7 -8
leaf_value=-0.083511821323885557 -0.061802680842578415 0.0099290328611532971 -0.0065593679225323135 0.10599733047840887 -0.016872069397747404 0.024048869149735221 0.031184742508176107
leaf_weight=119 270 2602 3468 109 968 149 301
leaf_count=119 270 2602 3468 109 968 149 301
internal_value=-0.00191887 0.00267712 -0.00606052 0.0145453 -0.0268803 0.0600275 -0.00350772
internal_weight=7986 6748 3888 2860 1238 258 3769
internal_count=7986 6748 3888 2860 1238 258 3769
is_linear=0
shrinkage=0.02


Tree=345
num_leaves=8
num_cat=0
split_feature=34 12 43 20 51 52 56
split_gain=1715.63 1966.27 1532.18 1334.89 1493.26 1521.14 1225.95
threshold=1.5000000000000002 45.390000000000008 1.0000000180025095e-35 972840.30000000016 31.385000000000002 17.585000000000004 25.925000000000004
decision_type=2 2 2 10 2 2 2
left_child=1 2 -1 4 5 -4 -3
right_child=-2 6 3 -5 -6 -7 -8
leaf_value=-0.057084841634998933 0.0073787073547247773 0.1013504301071167 -0.11122882670499909 -0.057839154253717717 0.024874376209051002 -0.013186236947089775 0.0008807291884386782
leaf_weight=465 4494 45 66 232 403 604 1715
leaf_count=465 4494 45 66 232 403 604 1715
internal_value=-0.000814235 -0.0112403 -0.0260939 -0.0148754 -0.00536078 -0.0235965 0.00372939
internal_weight=8024 3530 1770 1305 1073 670 1760
internal_count=8024 3530 1770 1305 1073 670 1760
is_linear=0
shrinkage=0.02


Tree=346
num_leaves=8
num_cat=0
split_feature=12 33 40 33 16 21 41
split_gain=1958.12 1859.9 1679.02 1616.09 1679.72 1931.29 1404.17
threshold=77.385000000000005 1.0000000180025095e-35 87.625000000000014 5.5000000000000009 0.35085000000000005 312532.10000000003 65.715000000000018
decision_type=2 2 2 2 2 10 2
left_child=1 6 3 4 5 -3 -1
right_child=-2 2 -4 -5 -6 -7 -8
leaf_value=-0.066214092189446086 0.032449687619041379 -0.039260380282874575 0.05150659466688895 0.051035708670551606 0.00070261827970612394 0.014784512091122691 0.026310597019226747
leaf_weight=295 669 962 232 212 5171 361 81
leaf_count=295 669 962 232 212 5171 361 81
internal_value=-0.000170946 -0.00317483 -0.000811622 -0.00265864 -0.00444944 -0.0245133 -0.0461982
internal_weight=7983 7314 6938 6706 6494 1323 376
internal_count=7983 7314 6938 6706 6494 1323 376
is_linear=0
shrinkage=0.02


Tree=347
num_leaves=8
num_cat=1
split_feature=12 15 2 8 42 24 8
split_gain=1749.99 1783.12 1692.02 1526.34 1366.24 1651.26 1313.41
threshold=67.38000000000001 1.5000000000000002 0 35.785000000000004 48.815000000000005 1.5000000000000002 53.770000000000003
decision_type=2 2 1 2 2 2 2
left_child=1 2 6 4 5 -3 -1
right_child=-2 3 -4 -5 -6 -7 -8
leaf_value=0.015256189031299246 0.021152726235913532 -0.076491827748806362 -0.011748205486018379 -0.074157103299910182 0.0046616616661562787 -0.0091566683447812328 -0.033992635349554823
leaf_weight=2807 1367 242 2128 197 675 359 230
leaf_count=2807 1367 242 2128 197 675 359 230
internal_value=0.000589383 -0.00365807 0.00188312 -0.0230286 -0.0148763 -0.0366774 0.0114391
internal_weight=8005 6638 5165 1473 1276 601 3037
internal_count=8005 6638 5165 1473 1276 601 3037
cat_boundaries=0 1
cat_threshold=198
is_linear=0
shrinkage=0.02


Tree=348
num_leaves=8
num_cat=0
split_feature=43 40 16 9 42 44 10
split_gain=2245.96 2001.14 1947.33 1527.6 2363.14 1329.42 1421.85
threshold=1.0000000180025095e-35 44.095000000000006 0.47055000000000008 1.5000000000000002 50.065000000000005 1.0000000180025095e-35 38968.350000000006
decision_type=2 2 2 2 2 2 2
left_child=1 5 3 4 -2 -1 -7
right_child=2 -3 -4 -5 -6 6 -8
leaf_value=-0.086125467847667489 -0.080106047703138061 -0.0006877087971010684 0.016018434049134406 0.0008062755391054498 0.0014025556468227995 -0.04946069944148291 0.0095851911425249275
leaf_weight=199 257 1083 3265 2200 311 435 257
leaf_count=199 257 1083 3265 2200 311 435 257
internal_value=-0.000493718 -0.0189839 0.005567 -0.00676767 -0.0358544 -0.0410948 -0.0276204
internal_weight=8007 1974 6033 2768 568 891 692
internal_count=8007 1974 6033 2768 568 891 692
is_linear=0
shrinkage=0.02


Tree=349
num_leaves=8
num_cat=1
split_feature=40 34 16 9 2 51 44
split_gain=1806.1 2043.85 1745.04 1767.26 1807.55 1752.53 1345.19
threshold=72.590000000000018 2.5000000000000004 0.72825000000000006 3.5000000000000004 0 36.290000000000006 1.0000000180025095e-35
decision_type=2 2 2 2 1 2 2
left_child=1 2 3 -1 -5 -4 -6
right_child=-2 -3 5 4 6 -7 -8
leaf_value=-0.025831887193511247 0.024392969887954159 0.014886707343556254 0.0075167831826350989 0.016124600132996936 -0.055285415195079672 0.10952459954402663 -0.0070576950394568442
leaf_weight=2331 1036 1745 291 1192 291 83 1068
leaf_count=2331 1036 1745 291 1192 291 83 1068
internal_value=-0.000187806 -0.00384005 -0.0100656 -0.0132634 -0.00175078 0.0313011 -0.0174217
internal_weight=8037 7001 5256 4882 2551 374 1359
internal_count=8037 7001 5256 4882 2551 374 1359
cat_boundaries=0 1
cat_threshold=162
is_linear=0
shrinkage=0.02


Tree=350
num_leaves=8
num_cat=0
split_feature=16 8 31 41 0 16 17
split_gain=1884.7 1642.51 1528.07 1534.79 1394.94 1346.15 1316.02
threshold=0.55135000000000012 50.695000000000007 1.0000000180025095e-35 79.385000000000005 19.500000000000004 0.32955000000000007 30778.950000000004
decision_type=2 2 2 2 2 2 2
left_child=1 2 3 5 -4 -1 -3
right_child=-2 6 4 -5 -6 -7 -8
leaf_value=-0.050367372284266437 0.01377297162147135 -0.066217179260424613 -0.076329294703429265 0.05287445860728622 0.0089416399112545071 -0.010970544343033737 0.0053411164662883247
leaf_weight=462 2846 304 74 115 2712 1366 153
leaf_count=462 2846 304 74 115 2712 1366 153
internal_value=0.00070881 -0.00646697 -0.00294736 -0.0165386 0.00654404 -0.0210377 -0.0424615
internal_weight=8032 5186 4729 1943 2786 1828 457
internal_count=8032 5186 4729 1943 2786 1828 457
is_linear=0
shrinkage=0.02


Tree=351
num_leaves=8
num_cat=0
split_feature=64 45 64 41 38 52 57
split_gain=1827.31 1908.63 2754.18 2596.45 1852.51 1931.13 1383.65
threshold=1.0000000180025095e-35 1.0000000180025095e-35 3.5000000000000004 16.360000000000003 15339.900000000003 42.435000000000009 28.515000000000004
decision_type=2 2 2 2 8 2 2
left_child=-1 -2 3 -3 6 -6 -5
right_child=1 2 -4 4 5 -7 -8
leaf_value=-0.12096872670977722 0.010394841292487238 -0.13466259719083262 0.0056696074841241385 0.033104733294070654 -0.068548097283483531 -0.01690957236464186 -0.018297822958188322
leaf_weight=46 3423 79 2346 330 471 752 554
leaf_count=46 3423 79 2346 330 471 752 554
internal_value=-0.00163454 -0.000868936 -0.0093785 -0.0255041 -0.0211022 -0.0369947 0.000969182
internal_weight=8001 7955 4532 2186 2107 1223 884
internal_count=8001 7955 4532 2186 2107 1223 884
is_linear=0
shrinkage=0.02


Tree=352
num_leaves=8
num_cat=0
split_feature=16 66 66 41 8 37 55
split_gain=2128.61 1977.25 1509.84 1628.89 2148.84 1897.1 1364.45
threshold=0.72825000000000006 1.0000000180025095e-35 0.68750000000000011 29.600000000000005 19.355000000000004 0.30385000000000001 52.625000000000007
decision_type=2 2 2 2 2 2 2
left_child=1 -1 3 4 6 -6 -3
right_child=-2 2 -4 -5 5 -7 -8
leaf_value=-0.047910116080025864 0.038751570015532602 0.041108253365530381 0.049998993076243788 0.0029771897814051393 -0.019744082383397754 -0.087642760110890824 -0.062496418338268994
leaf_weight=348 554 247 234 5889 506 242 59
leaf_count=348 554 247 234 5889 506 242 59
internal_value=0.00109719 -0.00169886 0.000573634 -0.00112693 -0.0239636 -0.0421474 0.0204486
internal_weight=8079 7525 7177 6943 1054 748 306
internal_count=8079 7525 7177 6943 1054 748 306
is_linear=0
shrinkage=0.02


Tree=353
num_leaves=8
num_cat=0
split_feature=64 33 41 55 10 0 64
split_gain=1604.18 1526.43 1354.59 1506.88 1395.65 1290.58 1228.05
threshold=1.0000000180025095e-35 5.5000000000000009 72.595000000000013 54.735000000000007 14089.200000000003 67.500000000000014 2.5000000000000004
decision_type=2 2 2 2 2 2 2
left_child=-1 2 3 4 -2 -6 -4
right_child=1 -3 6 -5 5 -7 -8
leaf_value=-0.10020955895620678 -0.020107511733537888 0.048213569384656457 0.060645942026476489 -0.02567854101112468 0.0026993489400675623 0.050930785710971142 0.0087440049750500976
leaf_weight=58 1075 261 234 1054 4313 229 779
leaf_count=58 1075 261 234 1054 4313 229 779
internal_value=0.000315334 0.00111175 -0.000518457 -0.0037951 0.000330395 0.00518443 0.0209722
internal_weight=8003 7945 7684 6671 5617 4542 1013
internal_count=8003 7945 7684 6671 5617 4542 1013
is_linear=0
shrinkage=0.02


Tree=354
num_leaves=8
num_cat=0
split_feature=12 41 10 12 22 22 41
split_gain=1953.18 1599.54 1360.9 1325.76 1493.99 1221.7 1781.57
threshold=42.165000000000006 26.915000000000003 12355.400000000001 39.885000000000012 24519.600000000002 16040.250000000002 68.365000000000023
decision_type=2 2 2 2 2 2 2
left_child=1 -1 3 4 5 6 -3
right_child=-2 2 -4 -5 -6 -7 -8
leaf_value=-0.04713141983338786 0.0098473499560129338 -0.056137125362150785 0.0010979552513197886 -0.13114770113253127 -0.12287343038452996 0.036280928269839613 0.068078192535199616
leaf_weight=407 4499 249 2503 46 49 142 52
leaf_count=407 4499 249 2503 46 49 142 52
internal_value=0.00117193 -0.0101457 -0.00512643 -0.0338283 -0.0235015 -0.0112613 -0.0339163
internal_weight=7947 3448 3041 538 492 443 301
internal_count=7947 3448 3041 538 492 443 301
is_linear=0
shrinkage=0.02


Tree=355
num_leaves=8
num_cat=0
split_feature=64 52 40 66 55 14 52
split_gain=1897.25 1890.99 1402.24 1366.43 1311.54 1407.32 1355.91
threshold=1.0000000180025095e-35 32.615000000000002 58.645000000000003 0.56250000000000011 37.995000000000012 44.735000000000007 68.485000000000014
decision_type=2 2 2 2 2 2 2
left_child=-1 2 3 -2 -3 6 -6
right_child=1 4 -4 -5 5 -7 -8
leaf_value=-0.10998862860664245 -0.032874344851429996 0.023547327790271754 0.018141127011040228 0.03748704523092411 -0.0018146197489106301 -0.044214584324745586 0.02457320309132488
leaf_weight=57 1241 1357 347 117 3610 252 988
leaf_count=57 1241 1357 347 117 3610 252 988
internal_value=0.000216707 0.00107962 -0.0175452 -0.026697 0.00620567 0.00133433 0.00387602
internal_weight=7969 7912 1705 1358 6207 4850 4598
internal_count=7969 7912 1705 1358 6207 4850 4598
is_linear=0
shrinkage=0.02


Tree=356
num_leaves=8
num_cat=0
split_feature=52 40 40 55 42 0 16
split_gain=1715.95 1606.76 1509.25 1425.01 1456.43 1383.39 1509.08
threshold=75.385000000000005 7.5900000000000007 26.365000000000006 55.055000000000007 28.025000000000002 55.500000000000007 0.72825000000000006
decision_type=2 2 2 2 2 2 2
left_child=1 -1 -2 5 -5 6 -3
right_child=2 3 -4 4 -6 -7 -8
leaf_value=-0.066057620487964833 0.1392502820621366 -0.006002674270821109 0.020988150753776354 -0.078472221083939073 -0.012795727140950917 0.021067366572245363 0.034138487348264857
leaf_weight=152 41 4339 775 155 887 1250 405
leaf_count=152 41 4339 775 155 887 1250 405
internal_value=0.000349181 -0.00277766 0.0277421 -0.00136467 -0.0228934 0.00239385 -0.00254345
internal_weight=8004 7188 816 7036 1042 5994 4744
internal_count=8004 7188 816 7036 1042 5994 4744
is_linear=0
shrinkage=0.02


Tree=357
num_leaves=8
num_cat=0
split_feature=16 12 51 33 41 42 51
split_gain=1706.35 1713.32 1281.21 1265.61 1255.86 1192.9 1038.45
threshold=0.35085000000000005 48.335000000000008 67.020000000000024 1.0000000180025095e-35 73.165000000000006 2.3100000000000005 32.845000000000006
decision_type=2 2 2 2 2 2 2
left_child=1 2 4 -2 -1 -5 -7
right_child=3 -3 -4 5 -6 6 -8
leaf_value=-0.052145461937727094 -0.035595921439124399 0.0032526092722841918 0.066513699899117151 -0.075516987924706444 0.024586198150883525 -0.00044689401019400366 0.016860741619524135
leaf_weight=765 321 696 40 68 93 3822 2171
leaf_count=765 321 696 40 68 93 3822 2171
internal_value=-0.0018303 -0.020306 -0.0384822 0.00279657 -0.0437341 0.00485756 0.00583173
internal_weight=7976 1594 898 6382 858 6061 5993
internal_count=7976 1594 898 6382 858 6061 5993
is_linear=0
shrinkage=0.02


Tree=358
num_leaves=8
num_cat=0
split_feature=9 52 52 44 0 55 52
split_gain=1821.11 1534.8 1435.77 1294.17 1655.1 1268.42 1304.11
threshold=1.5000000000000002 73.135000000000005 33.375000000000007 1.0000000180025095e-35 43.500000000000007 49.015000000000008 23.245000000000001
decision_type=2 2 2 2 2 2 2
left_child=2 5 -1 4 -4 -2 -7
right_child=1 -3 3 -5 -6 6 -8
leaf_value=-0.045054598167996139 0.011185741264569305 0.035639234016139255 -0.019691253730945716 0.0033233299597587775 -0.13634027096679657 -0.057597524497547362 -0.003527167438642221
leaf_weight=451 3393 696 292 1412 54 197 1536
leaf_count=451 3393 696 292 1412 54 197 1536
internal_value=0.00201519 0.00788093 -0.0134273 -0.00520886 -0.0395794 0.0040809 -0.00982167
internal_weight=8031 5822 2209 1758 346 5126 1733
internal_count=8031 5822 2209 1758 346 5126 1733
is_linear=0
shrinkage=0.02


Tree=359
num_leaves=8
num_cat=0
split_feature=16 42 50 13 65 40 13
split_gain=2397.23 1404.44 1714.01 1533.86 1324.56 1287.71 1271.28
threshold=0.48145000000000004 44.345000000000006 3.5000000000000004 442.65000000000003 0.76388888888888895 7.5900000000000007 384.45000000000005
decision_type=2 2 2 2 2 2 2
left_child=1 2 3 4 -1 -2 -6
right_child=5 -3 -4 -5 6 -7 -8
leaf_value=-0.040172563119954104 -0.081775516947110494 -0.0013629963849996066 0.076722985269531363 0.055193620224793752 0.072836126453736244 0.011600493266606948 -0.05912241668171353
leaf_weight=1352 55 2231 58 76 80 4101 40
leaf_count=1352 55 2231 58 76 80 4101 40
internal_value=-0.000250305 -0.0116416 -0.0258717 -0.0299504 -0.0345184 0.010268 0.0282445
internal_weight=7993 3837 1606 1548 1472 4156 120
internal_count=7993 3837 1606 1548 1472 4156 120
is_linear=0
shrinkage=0.02


Tree=360
num_leaves=8
num_cat=0
split_feature=64 8 17 12 10 9 48
split_gain=2084.08 1574.73 1540.08 1441.56 1179.55 1055.63 1018.82
threshold=1.0000000180025095e-35 47.245000000000012 3833.6500000000005 37.515000000000008 12706.300000000001 4.5000000000000009 4.5000000000000009
decision_type=2 2 2 2 2 2 2
left_child=-1 3 -3 4 6 -4 -2
right_child=1 2 5 -5 -6 -7 -8
leaf_value=-0.11738724383509766 -0.0087220700920531257 -0.097296028804779056 -0.034799097193534981 0.011748916645213291 -7.7889472162351019e-05 0.011779583689733213 -0.064975447148852089
leaf_weight=54 292 95 425 4561 1995 352 228
leaf_count=54 292 95 425 4561 1995 352 228
internal_value=0.00104237 0.0019203 -0.0233613 0.00505014 -0.00709743 -0.0137574 -0.0337709
internal_weight=8002 7948 872 7076 2515 777 520
internal_count=8002 7948 872 7076 2515 777 520
is_linear=0
shrinkage=0.02


Tree=361
num_leaves=8
num_cat=0
split_feature=12 40 43 22 38 12 12
split_gain=2238.02 1832.5 1391.75 1407.74 1332.1 1209.75 1189.91
threshold=77.385000000000005 11.365000000000002 1.0000000180025095e-35 26036.200000000001 15339.900000000003 14.955000000000002 31.435000000000006
decision_type=2 2 2 2 10 2 2
left_child=1 4 3 -3 6 -4 -1
right_child=-2 2 5 -5 -6 -7 -8
leaf_value=-0.10793940821237731 0.035842052101571133 -0.011355140607900967 -0.025657652925707507 -0.08185567299972793 -0.15440952370775507 0.0072125739061115182 0.0029241912561655042
leaf_weight=52 656 1636 488 117 42 4897 120
leaf_count=52 656 1636 488 117 42 4897 120
internal_value=0.000590785 -0.00257682 -0.000827854 -0.01628 -0.0595629 0.00421277 -0.032695
internal_weight=8008 7352 7138 1753 214 5385 172
internal_count=8008 7352 7138 1753 214 5385 172
is_linear=0
shrinkage=0.02


Tree=362
num_leaves=8
num_cat=1
split_feature=9 42 12 64 55 12 2
split_gain=1759.43 1629.01 1486.13 1720.93 1409.15 1257.34 1059.88
threshold=12.500000000000002 9.1200000000000028 71.985000000000014 1.5000000000000002 37.865000000000002 40.635000000000012 0
decision_type=2 2 2 2 2 2 1
left_child=1 -1 3 -2 -3 -6 -7
right_child=2 4 -4 -5 5 6 -8
leaf_value=-0.060787600992348388 -0.080732293247845879 0.014122522015313338 0.09385312950324029 0.023716610803778477 -0.019657429128838364 -0.020605443172854395 0.0062375580933513846
leaf_weight=198 64 1459 104 747 2194 754 2490
leaf_count=198 64 1459 104 747 2194 754 2490
internal_value=-0.00157422 -0.00494531 0.0244504 0.0150299 -0.00329931 -0.00798221 -6.78679e-05
internal_weight=8010 7095 915 811 6897 5438 3244
internal_count=8010 7095 915 811 6897 5438 3244
cat_boundaries=0 1
cat_threshold=65
is_linear=0
shrinkage=0.02


Tree=363
num_leaves=8
num_cat=1
split_feature=16 8 17 55 38 21 2
split_gain=2104.47 1351.27 1629.54 1281.13 1269.33 2014.36 1121.23
threshold=0.57745000000000013 24.545000000000005 2412.4500000000003 38.445000000000007 89407.400000000009 487411.95000000001 0
decision_type=2 2 2 2 8 8 1
left_child=1 4 -3 -4 -1 -6 -5
right_child=-2 2 3 6 5 -7 -8
leaf_value=0.01728581524919259 0.017284485821973044 -0.063814083736259561 0.014492717490496493 -0.045632711934354787 0.017471418702380767 -0.0376064991217194 -0.0097139674711631645
leaf_weight=1515 2400 238 660 430 506 549 1701
leaf_count=1515 2400 238 660 430 506 549 1701
internal_value=0.00163576 -0.00508147 -0.0141216 -0.00977756 0.00557994 -0.0112322 -0.0173107
internal_weight=7999 5599 3029 2791 2570 1055 2131
internal_count=7999 5599 3029 2791 2570 1055 2131
cat_boundaries=0 1
cat_threshold=12
is_linear=0
shrinkage=0.02


Tree=364
num_leaves=8
num_cat=0
split_feature=16 44 51 16 57 54 31
split_gain=2133.27 1833.35 1687.91 1448.91 1447.32 1490.97 1358.97
threshold=0.72825000000000006 1.0000000180025095e-35 32.095000000000006 0.32410000000000005 10.070000000000002 98.240000000000023 1.0000000180025095e-35
decision_type=2 2 2 2 2 2 2
left_child=1 4 3 -3 -1 6 -6
right_child=-2 2 -4 -5 5 -7 -8
leaf_value=0.042932841923087842 0.037392153487122839 -0.03665364353225551 0.015601950301525185 -0.0010686104796043942 -0.061901359867237236 0.022734432014538414 -0.018568699505811904
leaf_weight=120 561 532 2283 3101 493 194 707
leaf_count=120 561 532 2283 3101 493 194 707
internal_value=-3.72591e-05 -0.0028866 0.00214409 -0.00632274 -0.0224865 -0.0282514 -0.0365542
internal_weight=7991 7430 5916 3633 1514 1394 1200
internal_count=7991 7430 5916 3633 1514 1394 1200
is_linear=0
shrinkage=0.02


Tree=365
num_leaves=8
num_cat=0
split_feature=45 10 40 16 40 31 55
split_gain=2102.54 1711.74 2224.11 1468.83 1394 1295.25 1610.44
threshold=1.0000000180025095e-35 12163.050000000001 30.690000000000001 0.26805000000000007 7.5900000000000007 1.0000000180025095e-35 44.695000000000007
decision_type=2 2 2 2 2 2 2
left_child=4 2 -2 5 -1 6 -3
right_child=1 3 -4 -5 -6 -7 -8
leaf_value=-0.067661678144200293 -0.12054936639166304 -0.0084918746810692999 -0.022747142831328854 -0.001044472629641196 0.013019630769372409 -0.012694010984063921 -0.16123751738905043
leaf_weight=83 107 47 572 3545 3352 171 64
leaf_count=83 107 47 572 3545 3352 171 64
internal_value=-0.000803291 -0.009784 -0.0389278 -0.00456915 0.0109746 -0.0480875 -0.0997152
internal_weight=7941 4506 679 3827 3435 282 111
internal_count=7941 4506 679 3827 3435 282 111
is_linear=0
shrinkage=0.02


Tree=366
num_leaves=8
num_cat=0
split_feature=12 34 20 56 26 9 16
split_gain=1610.6 2233.86 1415.42 1114.1 1092.54 997.121 1178.55
threshold=45.970000000000006 1.5000000000000002 1031729.5000000001 26.545000000000005 1.0000000180025095e-35 10.500000000000002 0.50155000000000005
decision_type=2 2 10 2 2 2 2
left_child=1 2 5 -3 -4 6 -1
right_child=-2 3 4 -5 -6 -7 -8
leaf_value=-0.046476371646086471 0.0083817235529020703 -0.06680173985421832 -0.0971838891573545 0.006632700396137 -0.0012129341917378562 0.017213613993337328 -0.0079358311565136223
leaf_weight=604 3956 81 172 2118 65 248 668
leaf_count=604 3956 81 172 2118 65 248 668
internal_value=-0.000636612 -0.00965414 -0.0264338 0.00378234 -0.0714316 -0.0192065 -0.0263468
internal_weight=7912 3956 1757 2199 237 1520 1272
internal_count=7912 3956 1757 2199 237 1520 1272
is_linear=0
shrinkage=0.02


Tree=367
num_leaves=8
num_cat=0
split_feature=16 9 34 12 55 10 68
split_gain=2150.84 1972.33 1707.91 1533.35 1247.12 1185.02 1132.21
threshold=0.32955000000000007 12.500000000000002 1.5000000000000002 41.945000000000007 55.475000000000001 14569.450000000003 971458.90000000014
decision_type=2 2 2 2 2 2 2
left_child=5 2 3 6 -5 -1 -2
right_child=1 -3 -4 4 -6 -7 -8
leaf_value=-0.060960162471416252 -0.017356844727097035 0.036437159797115537 0.010324003829114841 0.0097728916810042501 -0.040348692619138302 -0.013940163519318132 -0.06390561846358811
leaf_weight=266 932 680 3290 1307 229 1051 267
leaf_count=266 932 680 3290 1307 229 1051 267
internal_value=-0.000315089 0.00427896 0.000622279 -0.0110457 0.00219367 -0.0236316 -0.0279449
internal_weight=8022 6705 6025 2735 1536 1317 1199
internal_count=8022 6705 6025 2735 1536 1317 1199
is_linear=0
shrinkage=0.02


Tree=368
num_leaves=8
num_cat=0
split_feature=40 23 12 15 16 52 51
split_gain=1949.87 1567.56 1561.5 1666.57 1291.74 1171.27 1149.99
threshold=11.365000000000002 10.750000000000002 43.755000000000003 1.0000000180025095e-35 0.34815000000000007 9.2950000000000017 50.775000000000006
decision_type=2 2 2 2 2 2 2
left_child=1 -1 3 5 6 -2 -5
right_child=2 -3 -4 4 -6 -7 -8
leaf_value=-0.00074524406343698499 -0.058727596593939745 -0.10233105874021155 0.011251720935414052 -0.085025370690212418 -0.01475378579175711 0.0067493089916661406 0.020691967992870899
leaf_weight=115 110 124 4186 206 1043 2198 49
leaf_count=115 110 124 4186 206 1043 2198 49
internal_value=0.00120656 -0.0544678 0.00294806 -0.00669341 -0.0247774 0.00350845 -0.0647038
internal_weight=8031 239 7792 3606 1298 2308 255
internal_count=8031 239 7792 3606 1298 2308 255
is_linear=0
shrinkage=0.02


Tree=369
num_leaves=8
num_cat=0
split_feature=33 9 55 47 47 20 57
split_gain=1652.91 1291.02 1446.54 1229.11 1108.97 1660.85 1152.36
threshold=1.0000000180025095e-35 18.500000000000004 38.355000000000011 6.5000000000000009 2.5000000000000004 958242.30000000016 45.895000000000003
decision_type=2 2 2 2 2 8 2
left_child=3 2 4 -1 5 -2 -6
right_child=1 -3 -4 -5 6 -7 -8
leaf_value=-0.073441486385576599 -0.13050857825279236 0.03763104707984441 -0.0056541432420692643 -0.0021731792137922486 0.025342933864118216 0.0087512602949781082 -0.040869267662627655
leaf_weight=208 45 364 5553 178 1432 107 109
leaf_count=208 45 364 5553 178 1432 107 109
internal_value=-0.000920783 0.00113901 -0.000718841 -0.0410249 0.0154378 -0.0353203 0.0205425
internal_weight=7996 7610 7246 386 1693 152 1541
internal_count=7996 7610 7246 386 1693 152 1541
is_linear=0
shrinkage=0.02


Tree=370
num_leaves=8
num_cat=0
split_feature=9 34 40 50 16 22 22
split_gain=1400.02 1195.11 1285.13 1109.87 1173.42 963.788 1088.24
threshold=10.500000000000002 1.0000000180025095e-35 56.285000000000004 3.5000000000000004 0.39065000000000005 16100.750000000002 15596.85
decision_type=2 2 2 2 2 2 2
left_child=1 2 -1 4 5 6 -3
right_child=-2 3 -4 -5 -6 -7 -8
leaf_value=-0.053612228143500959 0.019635581459171134 -0.0244562859999282 0.0046859128483151668 0.04525330997786476 0.0033327497260308959 0.0025071391397843662 -0.11910973619956236
leaf_weight=360 1290 870 257 201 4334 607 47
leaf_count=360 1290 870 257 201 4334 607 47
internal_value=0.000603653 -0.00308582 -0.0294867 -0.000375265 -0.00197813 -0.0170429 -0.0299273
internal_weight=7966 6676 617 6059 5858 1524 917
internal_count=7966 6676 617 6059 5858 1524 917
is_linear=0
shrinkage=0.02


Tree=371
num_leaves=8
num_cat=0
split_feature=12 55 8 17 16 41 9
split_gain=1799.8 1412.62 1707.42 2415.93 1372.46 1204.89 1171.58
threshold=65.815000000000012 55.055000000000007 54.410000000000004 20835.050000000003 0.77885000000000015 72.190000000000012 13.500000000000002
decision_type=2 2 2 2 2 2 2
left_child=1 2 4 -4 -1 -3 -2
right_child=6 5 3 -5 -6 -7 -8
leaf_value=-0.0007380290821598749 0.012580168131935379 -0.035977370056399977 -0.090432206136946705 0.014472712684422731 0.058778140433132647 0.03216157075988145 0.071904512127055911
leaf_weight=4942 1372 862 194 155 155 114 143
leaf_count=4942 1372 862 194 155 155 114 143
internal_value=-0.00117443 -0.0058024 -0.00182112 -0.0442948 0.00112769 -0.0278952 0.0183979
internal_weight=7937 6422 5446 349 5097 976 1515
internal_count=7937 6422 5446 349 5097 976 1515
is_linear=0
shrinkage=0.02


Tree=372
num_leaves=8
num_cat=0
split_feature=9 41 13 41 58 10 34
split_gain=1258.82 1613.23 1239.58 1213.2 1142.01 1200.71 1125.29
threshold=4.5000000000000009 14.405000000000003 301.25000000000006 72.595000000000013 61.175000000000004 13156.85 2.5000000000000004
decision_type=2 2 2 2 2 2 2
left_child=1 -1 4 6 5 -2 -3
right_child=2 3 -4 -5 -6 -7 -8
leaf_value=-0.076639536845569428 -0.093324683586974724 -0.015289028729553716 0.014157539146712422 0.020268814781590899 0.072907649078965187 -0.012880109621544502 0.010783148193677441
leaf_weight=125 86 2944 2856 638 45 415 850
leaf_count=125 86 2944 2856 638 45 415 850
internal_value=-0.000320208 -0.0071894 0.00887817 -0.00514647 -0.0186149 -0.0274747 -0.00944137
internal_weight=7959 4557 3402 4432 546 501 3794
internal_count=7959 4557 3402 4432 546 501 3794
is_linear=0
shrinkage=0.02


Tree=373
num_leaves=8
num_cat=0
split_feature=16 14 37 15 20 51 12
split_gain=1893.79 1211.09 1479.85 1161.62 1196.96 1157.06 1105.03
threshold=0.39065000000000005 41.875000000000007 0.075950000000000004 1.5000000000000002 765878.00000000012 32.095000000000006 11.290000000000001
decision_type=2 2 2 2 10 2 2
left_child=3 5 -3 -1 -5 6 -2
right_child=1 2 -4 4 -6 -7 -8
leaf_value=-0.008815699970889275 -0.04340754006075468 -0.069885268563354336 0.010412886592987421 -0.024343453541418238 -0.095006052226500409 0.020165502531562934 0.0035780285822106283
leaf_weight=1752 208 180 180 364 128 1878 3332
leaf_count=1752 208 180 180 364 128 1878 3332
internal_value=-0.00092742 0.0051294 -0.0301435 -0.0164997 -0.0434981 0.00749875 0.000759965
internal_weight=8022 5778 360 2244 492 5418 3540
internal_count=8022 5778 360 2244 492 5418 3540
is_linear=0
shrinkage=0.02


Tree=374
num_leaves=8
num_cat=1
split_feature=41 40 7 34 44 40 67
split_gain=1504 1403.36 1486.53 1127.12 1250.86 986.204 930.177
threshold=79.385000000000005 5.6100000000000003 0 3.5000000000000004 1.0000000180025095e-35 72.965000000000018 13.118405517681294
decision_type=2 2 1 2 2 2 2
left_child=1 -1 6 4 5 -4 -3
right_child=-2 2 3 -5 -6 -7 -8
leaf_value=-0.067653627657308812 0.033578152185523152 -0.020487752409939771 -0.022636021047662897 0.02924869860632107 0.0050361378219031831 0.044909694180526635 -0.097494622725579475
leaf_weight=118 546 532 1128 598 5003 89 67
leaf_count=118 546 532 1128 598 5003 89 67
internal_value=0.00168086 -0.000651205 0.000459621 0.00313667 0.00060978 -0.0175328 -0.029351
internal_weight=8081 7535 7417 6818 6220 1217 599
internal_count=8081 7535 7417 6818 6220 1217 599
cat_boundaries=0 1
cat_threshold=32
is_linear=0
shrinkage=0.02


Tree=375
num_leaves=8
num_cat=0
split_feature=33 52 9 42 55 52 42
split_gain=1306.9 1200.09 1071.72 1287.31 1253.05 1207.62 1194.03
threshold=5.5000000000000009 84.410000000000011 12.500000000000002 9.1200000000000028 37.865000000000002 52.990000000000002 32.870000000000012
decision_type=2 2 2 2 2 2 2
left_child=1 2 3 5 -5 -1 -4
right_child=-2 -3 6 4 -6 -7 -8
leaf_value=-0.08695124603595053 0.043739510064316922 0.037088782212956639 0.053213145644902309 0.013314454932364259 -0.0082498181354733434 0.023286838991374802 0.0028492540522263598
leaf_weight=135 268 316 266 1366 5039 53 619
leaf_count=135 268 316 266 1366 5039 53 619
internal_value=0.000726984 -0.000779114 -0.00240302 -0.00518043 -0.00364399 -0.0560753 0.0182008
internal_weight=8062 7794 7478 6593 6405 188 885
internal_count=8062 7794 7478 6593 6405 188 885
is_linear=0
shrinkage=0.02


Tree=376
num_leaves=8
num_cat=0
split_feature=55 12 33 45 12 51 64
split_gain=1710.54 1566.68 1692.59 1414.71 1357.83 1675.06 1336.85
threshold=55.055000000000007 72.285000000000011 1.5000000000000002 1.0000000180025095e-35 53.745000000000012 33.155000000000008 1.0000000180025095e-35
decision_type=2 2 2 2 2 2 2
left_child=3 2 4 6 5 -2 -1
right_child=1 -3 -4 -5 -6 -7 -8
leaf_value=-0.085665048473313757 -0.14131692027243284 0.040897862082283923 -0.014661118721850308 -0.0024581075639056493 0.0021945774146955306 -0.0088072719673315675 0.017766640639870445
leaf_weight=46 125 142 809 3916 68 55 2845
leaf_count=46 125 142 809 3916 68 55 2845
internal_value=0.00149372 -0.0204831 -0.0288828 0.00537695 -0.0740689 -0.10216 0.0159758
internal_weight=8006 1199 1057 6807 248 180 2891
internal_count=8006 1199 1057 6807 248 180 2891
is_linear=0
shrinkage=0.02


Tree=377
num_leaves=8
num_cat=0
split_feature=8 14 16 43 41 44 42
split_gain=1634.49 1631.62 1533.04 1505.17 1349.11 1313.05 1136.63
threshold=54.410000000000004 42.570000000000007 0.72825000000000006 1.0000000180025095e-35 55.735000000000007 1.0000000180025095e-35 34.475000000000001
decision_type=2 2 2 2 2 2 2
left_child=1 2 3 5 -2 6 -1
right_child=4 -3 -4 -5 -6 -7 -8
leaf_value=-0.097106609277186853 -0.058338859441117892 -0.034656961527032862 0.038103027548099501 0.0078713275168786883 0.0085092507102020043 -0.0047689974193796461 -0.021718550381089045
leaf_weight=119 327 438 511 4891 188 1298 237
leaf_count=119 327 438 511 4891 188 1298 237
internal_value=0.000200751 0.00257835 0.00491263 0.00229418 -0.0340889 -0.0141719 -0.0479144
internal_weight=8009 7494 7056 6545 515 1654 356
internal_count=8009 7494 7056 6545 515 1654 356
is_linear=0
shrinkage=0.02


Tree=378
num_leaves=8
num_cat=0
split_feature=12 40 31 41 34 16 8
split_gain=1574.31 1512.09 1533.67 2095.25 1433.94 1240.08 1028.49
threshold=77.385000000000005 8.9700000000000024 1.0000000180025095e-35 83.670000000000016 3.5000000000000004 0.68950000000000011 56.640000000000008
decision_type=2 2 2 2 2 2 2
left_child=1 -1 3 4 -3 6 -2
right_child=5 2 -4 -5 -6 -7 -8
leaf_value=-0.060302756981338773 0.026771190115612648 -0.017697507140968509 0.0070585758873352921 0.069844618679201317 0.062636654219063725 0.10205553112977958 -0.068955880190644955
leaf_weight=170 561 2777 4152 116 87 78 44
leaf_count=170 561 2777 4152 116 87 78 44
internal_value=0.000502264 -0.00222132 -0.0007956 -0.0117322 -0.0151523 0.0294248 0.0193011
internal_weight=7985 7302 7132 2980 2864 683 605
internal_count=7985 7302 7132 2980 2864 683 605
is_linear=0
shrinkage=0.02


Tree=379
num_leaves=8
num_cat=0
split_feature=64 40 57 64 52 33 41
split_gain=1685.41 1665.81 1254.19 1563.65 1643.31 1282.94 1225.96
threshold=1.0000000180025095e-35 17.080000000000002 41.805000000000007 2.5000000000000004 67.205000000000013 1.5000000000000002 60.125000000000007
decision_type=2 2 2 2 2 2 2
left_child=-1 -2 3 4 6 -6 -3
right_child=1 2 -4 -5 5 -7 -8
leaf_value=-0.10321691413720449 -0.035429646987864313 0.006743545013056974 -0.0054827183956397537 0.0043847084196604515 0.014203413037790194 0.11193678035945087 0.054520189783475503
leaf_weight=55 418 812 2713 3434 85 149 288
leaf_count=55 418 812 2713 3434 85 149 288
internal_value=0.00238694 0.00318708 0.00536701 0.0115398 0.0298734 0.0774752 0.0194424
internal_weight=7954 7899 7481 4768 1334 234 1100
internal_count=7954 7899 7481 4768 1334 234 1100
is_linear=0
shrinkage=0.02


Tree=380
num_leaves=8
num_cat=0
split_feature=9 41 16 45 13 10 41
split_gain=1491.1 1603.05 1704.85 1701.03 1439.11 1417.37 2073.63
threshold=16.500000000000004 15.475000000000003 0.17090000000000002 1.0000000180025095e-35 400.85000000000008 12163.050000000001 32.935000000000009
decision_type=2 2 2 2 2 2 2
left_child=1 4 -3 -4 -1 6 -5
right_child=-2 2 3 5 -6 -7 -8
leaf_value=-0.06719726218341672 0.034455813038879145 -0.089015605011511414 0.0128967282059138 -0.12537442739325008 0.05180161633491516 -0.0018625460046612008 -0.019698405329779851
leaf_weight=237 493 79 3053 82 45 3474 529
leaf_count=237 493 79 3053 82 45 3474 529
internal_value=0.000943091 -0.0012816 0.000561418 0.00161443 -0.0476364 -0.00682306 -0.0347833
internal_weight=7992 7499 7217 7138 282 4085 611
internal_count=7992 7499 7217 7138 282 4085 611
is_linear=0
shrinkage=0.02


Tree=381
num_leaves=8
num_cat=0
split_feature=16 16 9 8 41 45 17
split_gain=1884.1 1446.93 1615.5 1543.76 1512.27 1413.31 1073.98
threshold=0.72825000000000006 0.27935000000000004 4.5000000000000009 53.770000000000003 16.360000000000003 1.0000000180025095e-35 48763.250000000007
decision_type=2 2 2 2 2 2 2
left_child=1 -1 3 4 -3 -4 -5
right_child=-2 2 5 6 -6 -7 -8
leaf_value=-0.030451763186252739 0.035541140465292144 -0.071068972576271608 0.026898544639986945 -0.075280447202586684 -0.0028604170041827298 -0.0014701981669749081 0.022754795985706781
leaf_weight=706 530 130 1249 209 3543 1596 54
leaf_count=706 530 130 1249 209 3543 1596 54
internal_value=-0.000719304 -0.00330816 -0.000461769 -0.0087568 -0.00536788 0.0110095 -0.0551025
internal_weight=8017 7487 6781 3936 3673 2845 263
internal_count=8017 7487 6781 3936 3673 2845 263
is_linear=0
shrinkage=0.02


Tree=382
num_leaves=8
num_cat=0
split_feature=52 44 41 33 8 37 37
split_gain=1308.07 1360.15 1305.86 1195.17 1049.96 1114.87 1024.55
threshold=82.050000000000011 1.0000000180025095e-35 34.985000000000007 1.5000000000000002 8.5850000000000026 1.0000000180025095e-35 0.39230000000000004
decision_type=2 2 2 2 2 2 2
left_child=1 2 6 -4 -3 -6 -1
right_child=-2 4 3 -5 5 -7 -8
leaf_value=-0.031268024857383267 0.032826392657190631 0.039962568506327546 -0.048133041969952155 0.0027118823395677334 -0.0097160154055644637 0.0078698515648985539 -0.1052312836870551
leaf_weight=331 439 270 228 894 2613 3205 95
leaf_count=331 439 270 228 894 2613 3205 95
internal_value=-0.00054652 -0.00248538 -0.0191927 -0.00778795 0.00177505 -2.99338e-05 -0.0487916
internal_weight=8075 7636 1548 1122 6088 5818 426
internal_count=8075 7636 1548 1122 6088 5818 426
is_linear=0
shrinkage=0.02


Tree=383
num_leaves=8
num_cat=0
split_feature=12 55 41 33 12 23 65
split_gain=1413.74 1249 1091.84 1244.56 1270.67 867.346 998.106
threshold=77.385000000000005 54.735000000000007 48.285000000000004 1.5000000000000002 45.745000000000012 18.650000000000002 0.45000000000000007
decision_type=2 2 2 2 2 2 2
left_child=1 -1 5 4 -4 6 -3
right_child=-2 2 3 -5 -6 -7 -8
leaf_value=0.002153225951634581 0.028553199979499611 -0.089443205544823101 -0.10033295116490788 0.013140932602253703 0.017785200960934163 -0.10918615487862879 -0.016599564231873955
leaf_weight=6202 684 90 85 479 59 62 379
leaf_count=6202 684 90 85 479 59 62 379
internal_value=0.00115847 -0.0014065 -0.0204645 -0.0024387 -0.0529645 -0.0413933 -0.0313741
internal_weight=8040 7356 1154 623 144 531 469
internal_count=8040 7356 1154 623 144 531 469
is_linear=0
shrinkage=0.02


Tree=384
num_leaves=8
num_cat=0
split_feature=43 41 14 14 64 52 9
split_gain=1667.74 1609.67 1508.71 1473.38 1248.89 1114.85 1165.67
threshold=1.0000000180025095e-35 79.385000000000005 32.695000000000007 46.365000000000009 2.5000000000000004 67.205000000000013 1.5000000000000002
decision_type=2 2 2 2 2 2 2
left_child=1 2 -1 4 5 6 -2
right_child=3 -3 -4 -5 -6 -7 -8
leaf_value=-0.012908198891759497 -0.017600535198780045 0.058710678963498637 -0.064466519755819296 -0.041759806596528504 0.0027023757842658995 0.067749673920502587 0.031479372584053554
leaf_weight=1655 275 105 259 251 4624 206 628
leaf_count=1655 275 105 259 251 4624 206 628
internal_value=-0.000109433 -0.0158046 -0.0200348 0.0051949 0.00728525 0.0262958 0.0165179
internal_weight=8003 2019 1914 5984 5733 1109 903
internal_count=8003 2019 1914 5984 5733 1109 903
is_linear=0
shrinkage=0.02


Tree=385
num_leaves=8
num_cat=0
split_feature=57 16 44 13 9 41 20
split_gain=1491.87 1717.8 1701.89 1456.23 1270.74 1086.99 1316.25
threshold=33.805000000000007 0.26805000000000007 1.0000000180025095e-35 433.25000000000006 8.5000000000000018 46.965000000000011 736954.30000000016
decision_type=2 2 2 2 2 2 8
left_child=1 5 3 -2 -3 6 -1
right_child=2 4 -4 -5 -6 -7 -8
leaf_value=0.012776377222754738 -0.038962434687224337 0.008276981627629236 -0.00041999681681240277 0.075056280257801214 0.037781009057108413 0.0040736491707238278 -0.10998840465731577
leaf_weight=50 773 2683 3369 43 743 149 104
leaf_count=50 773 2683 3369 43 743 149 104
internal_value=0.00148035 0.0106722 -0.00671292 -0.0325336 0.0147213 -0.0346061 -0.0709814
internal_weight=7914 3729 4185 816 3426 303 154
internal_count=7914 3729 4185 816 3426 303 154
is_linear=0
shrinkage=0.02


Tree=386
num_leaves=8
num_cat=0
split_feature=55 12 12 65 43 38 0
split_gain=1617.53 1637.27 1388.58 2331.25 1054.54 1822.84 896.129
threshold=48.695000000000007 79.110000000000014 15.385000000000003 0.35416666666666669 1.0000000180025095e-35 13597.550000000001 57.500000000000007
decision_type=2 2 2 2 2 8 2
left_child=2 4 3 -1 5 -2 -4
right_child=1 -3 6 -5 -6 -7 -8
leaf_value=-0.1210117588313513 0.00099540683740097701 0.043094086848008327 0.0052604267270772295 -0.0053890562321328673 -0.0094481583894722374 -0.066371202985090874 0.027937866680157339
leaf_weight=81 272 190 3915 372 1900 387 844
leaf_count=81 272 190 3915 372 1900 387 844
internal_value=-0.000431301 -0.0128312 0.0061149 -0.0271587 -0.0170595 -0.0387677 0.00930733
internal_weight=7961 2749 5212 453 2559 659 4759
internal_count=7961 2749 5212 453 2559 659 4759
is_linear=0
shrinkage=0.02


Tree=387
num_leaves=8
num_cat=2
split_feature=41 33 8 41 4 17 3
split_gain=1542.56 1507.65 1434.46 1199.7 1197.39 1030.51 1028.71
threshold=81.220000000000013 5.5000000000000009 47.245000000000012 23.855000000000004 0 12800.300000000001 1
decision_type=2 2 2 2 1 2 1
left_child=1 2 3 6 -5 -4 -1
right_child=-2 -3 5 4 -6 -7 -8
leaf_value=-0.0022341474524055745 0.033426584631889002 0.045113692781850089 -0.057406830545008364 0.014782738818815921 -0.0050756817752461696 -0.011609627240050727 -0.055124326189020745
leaf_weight=302 474 241 326 1694 4183 492 286
leaf_count=302 474 241 326 1694 4183 492 286
internal_value=-0.00137536 -0.00358857 -0.00523001 -0.00206254 0.000672558 -0.0300992 -0.0291748
internal_weight=7998 7524 7283 6465 5877 818 588
internal_count=7998 7524 7283 6465 5877 818 588
cat_boundaries=0 1 2
cat_threshold=6 5
is_linear=0
shrinkage=0.02


Tree=388
num_leaves=8
num_cat=0
split_feature=16 55 38 15 52 15 40
split_gain=1344.87 1196.85 1098.44 1027.55 1077.78 1038.62 965.328
threshold=0.72825000000000006 47.375000000000007 1932.6500000000003 1.5000000000000002 73.135000000000005 3.5000000000000004 11.365000000000002
decision_type=2 2 10 2 2 2 2
left_child=1 2 -1 4 -3 -5 -4
right_child=-2 3 6 5 -6 -7 -8
leaf_value=-0.0058530855280361071 0.02997990836665463 -0.011027127354287741 -0.055729756161764073 -0.050729792473320101 0.028517162721731767 0.0022744805178701076 0.016377127863283041
leaf_weight=2130 560 1953 72 452 316 218 2246
leaf_count=2130 560 1953 72 452 316 218 2246
internal_value=0.000239263 -0.00203409 0.00450873 -0.0119271 -0.00546926 -0.0335945 0.0140223
internal_weight=7947 7387 4448 2939 2269 670 2318
internal_count=7947 7387 4448 2939 2269 670 2318
is_linear=0
shrinkage=0.02


Tree=389
num_leaves=8
num_cat=0
split_feature=64 52 55 9 33 42 64
split_gain=1328.76 1347.68 1380.69 1374.05 1496.32 1394.37 2016.74
threshold=1.0000000180025095e-35 75.385000000000005 37.995000000000012 12.500000000000002 5.5000000000000009 54.065000000000005 4.5000000000000009
decision_type=2 2 2 2 2 2 2
left_child=-1 2 -2 4 5 6 -4
right_child=1 -3 3 -5 -6 -7 -8
leaf_value=-0.093847890496253972 0.014448900486496542 0.025357743029284185 -0.026163136037454026 0.019699568122234359 0.051686336736381053 0.00027100529034247516 0.04448526752132901
leaf_weight=55 1562 788 2567 681 145 1982 168
leaf_count=55 1562 788 2567 681 145 1982 168
internal_value=-8.43768e-05 0.000627985 -0.00213064 -0.00681152 -0.0105412 -0.0125068 -0.0217502
internal_weight=7948 7893 7105 5543 4862 4717 2735
internal_count=7948 7893 7105 5543 4862 4717 2735
is_linear=0
shrinkage=0.02


Tree=390
num_leaves=8
num_cat=0
split_feature=16 8 45 37 51 9 34
split_gain=2075.18 1779.17 1430.03 1378.21 1232.43 983.921 966.489
threshold=0.50695000000000012 26.065000000000001 1.0000000180025095e-35 0.078450000000000006 34.365000000000002 3.5000000000000004 2.5000000000000004
decision_type=2 2 2 2 2 2 2
left_child=1 3 4 -1 6 -3 -2
right_child=2 5 -4 -5 -6 -7 -8
leaf_value=-0.012842751744898556 0.0038685707930005619 -0.038346119644703053 -8.4367932498795331e-05 0.018926915442694255 0.052244754431895538 -0.010796601994831187 0.048864050989237726
leaf_weight=1084 883 906 2075 1091 467 1217 239
leaf_count=1084 883 906 2075 1091 467 1217 239
internal_value=-0.000191598 -0.0096139 0.0108591 0.00310007 0.0251052 -0.022616 0.0136274
internal_weight=7962 4298 3664 2175 1589 2123 1122
internal_count=7962 4298 3664 2175 1589 2123 1122
is_linear=0
shrinkage=0.02


Tree=391
num_leaves=8
num_cat=0
split_feature=45 33 30 12 53 8 38
split_gain=1172.91 1188.5 1101.6 967.884 953.683 907.958 1120.92
threshold=1.0000000180025095e-35 1.0000000180025095e-35 1.0000000180025095e-35 83.555000000000021 94.570000000000007 25.635000000000002 15953.100000000002
decision_type=2 2 2 2 2 2 8
left_child=2 -2 3 4 -1 6 -3
right_child=1 5 -4 -5 -6 -7 -8
leaf_value=0.0024044955923564386 -0.051234987383405137 0.022206613856518662 0.029258252449506986 0.057254411088904063 -0.086728864671016231 -0.011846185101730704 -0.0070519473806830036
leaf_weight=2386 210 964 887 122 44 2260 1136
leaf_count=2386 210 964 887 122 44 2260 1136
internal_value=0.00130945 -0.00532791 0.0101246 0.00343009 0.000615784 -0.00306064 0.00639997
internal_weight=8009 4570 3439 2552 2430 4360 2100
internal_count=8009 4570 3439 2552 2430 4360 2100
is_linear=0
shrinkage=0.02


Tree=392
num_leaves=8
num_cat=0
split_feature=45 64 54 16 12 42 50
split_gain=1809.85 1883.71 1799.64 2466.85 1930.24 1397.91 1481.43
threshold=1.0000000180025095e-35 4.5000000000000009 83.385000000000005 0.64695000000000014 20.355000000000004 41.205000000000005 1.5000000000000002
decision_type=2 2 2 2 2 2 2
left_child=-1 2 3 5 -4 6 -2
right_child=1 -3 4 -5 -6 -7 -8
leaf_value=0.011621099548442704 -0.058701637674418709 0.024279793346451077 -0.071120715077062982 0.06855384457729212 -0.01683272730353046 0.0085726224686970848 0.017188918109863036
leaf_weight=3411 310 633 296 200 2074 908 150
leaf_count=3411 310 633 296 200 2074 908 150
internal_value=0.000605887 -0.00761767 -0.0127692 0.00384845 -0.0237485 -0.00582661 -0.034036
internal_weight=7982 4571 3938 1568 2370 1368 460
internal_count=7982 4571 3938 1568 2370 1368 460
is_linear=0
shrinkage=0.02


Tree=393
num_leaves=8
num_cat=0
split_feature=66 40 64 45 40 54 42
split_gain=1985.78 1319.16 1301.19 1773.01 1282.74 1271.7 1267.65
threshold=1.0000000180025095e-35 87.625000000000014 4.5000000000000009 1.0000000180025095e-35 40.725000000000001 79.215000000000018 41.205000000000005
decision_type=2 2 2 2 2 2 2
left_child=-1 2 3 -2 -5 -6 -4
right_child=1 -3 6 4 5 -7 -8
leaf_value=-0.045274898116001668 0.0076693549326090783 0.045338170775031862 0.074433556234765205 -0.030196666271565042 0.02001599555760622 -0.013172824073319803 0.0093058358259925939
leaf_weight=387 3169 253 162 1152 620 1765 427
leaf_count=387 3169 253 162 1152 620 1765 427
internal_value=-0.0013855 0.000893269 -0.000678135 -0.00318893 -0.0129146 -0.0045213 0.0276945
internal_weight=7935 7548 7295 6706 3537 2385 589
internal_count=7935 7548 7295 6706 3537 2385 589
is_linear=0
shrinkage=0.02


Tree=394
num_leaves=8
num_cat=0
split_feature=64 16 45 64 40 32 41
split_gain=1730.29 1510.59 1308.76 1846.72 2065.86 1225.05 1239.01
threshold=1.0000000180025095e-35 0.72825000000000006 1.0000000180025095e-35 4.5000000000000009 41.57500000000001 1.0000000180025095e-35 15.475000000000003
decision_type=2 2 2 2 2 2 2
left_child=-1 2 5 4 -4 -2 -7
right_child=1 -3 3 -5 -6 6 -8
leaf_value=-0.11408457523856599 0.018301271686313906 0.032946019105899296 -0.035128001588654069 0.024763876639736809 -0.0029546683602975736 -0.096009941719472414 -0.0026528179500506007
leaf_weight=47 2023 568 1173 587 2480 55 1095
leaf_count=47 2023 568 1173 587 2480 55 1095
internal_value=0.000911121 0.00165933 -0.000758512 -0.00802425 -0.0133196 0.00894785 -0.00751402
internal_weight=8028 7981 7413 4240 3653 3173 1150
internal_count=8028 7981 7413 4240 3653 3173 1150
is_linear=0
shrinkage=0.02


Tree=395
num_leaves=8
num_cat=0
split_feature=9 55 41 64 64 41 34
split_gain=1315.95 1408.12 1327.84 2131.47 1296.96 1208.39 1053.52
threshold=12.500000000000002 38.355000000000011 80.610000000000014 2.5000000000000004 4.5000000000000009 14.405000000000003 3.5000000000000004
decision_type=2 2 2 2 2 2 2
left_child=1 -1 4 -4 5 -3 -7
right_child=-2 2 3 -5 -6 6 -8
leaf_value=0.012502942178233684 0.021202496004549633 -0.068796388336997125 0.12757477351597377 0.0044858547979268895 0.023380427501983662 -0.015031089956713024 0.021605822186697932
leaf_weight=1635 956 152 65 289 394 4191 335
leaf_count=1635 956 152 65 289 394 4191 335
internal_value=-0.000756322 -0.00374226 -0.00864438 0.028549 -0.0112658 -0.0142057 -0.0122985
internal_weight=8017 7061 5426 354 5072 4678 4526
internal_count=8017 7061 5426 354 5072 4678 4526
is_linear=0
shrinkage=0.02


Tree=396
num_leaves=8
num_cat=0
split_feature=45 64 64 21 52 14 46
split_gain=1454.5 2141.55 1631.71 1445.39 1303.45 1628.14 1159.97
threshold=1.0000000180025095e-35 3.5000000000000004 1.0000000180025095e-35 153827.80000000002 52.205000000000005 38.860000000000007 2.5000000000000004
decision_type=2 2 2 10 2 2 2
left_child=2 4 -1 6 -2 -6 -4
right_child=1 -3 3 -5 5 -7 -8
leaf_value=-0.090385264415007369 -0.035605187794755654 0.0051716575136581426 -0.045084332238259237 0.022054699215628339 0.0040583526572760412 -0.087266091446197319 0.0034988546893008001
leaf_weight=60 1261 2311 228 1957 845 81 1254
leaf_count=60 1261 2311 228 1957 845 81 1254
internal_value=-0.000731968 -0.00825092 0.0089317 0.0107932 -0.022414 -0.00435584 -0.00410194
internal_weight=7997 4498 3499 3439 2187 926 1482
internal_count=7997 4498 3499 3439 2187 926 1482
is_linear=0
shrinkage=0.02


Tree=397
num_leaves=8
num_cat=0
split_feature=34 52 54 41 16 64 67
split_gain=1449.45 1482 1534.76 1557.53 1335.93 1226.81 1164.04
threshold=2.5000000000000004 61.455000000000005 76.725000000000009 39.675000000000004 0.19945000000000002 2.5000000000000004 29.764283864011542
decision_type=2 2 2 2 2 2 2
left_child=1 2 6 -4 -2 -6 -1
right_child=4 -3 3 -5 5 -7 -8
leaf_value=0.0070317253831282053 -0.07386954207311977 0.011550506016634075 -0.036674990009619012 -0.0078589888407781579 0.055322048378192774 0.011011944961834996 0.1113851830508146
leaf_weight=881 61 1619 1085 2420 290 1666 40
leaf_count=881 61 1619 1085 2420 290 1666 40
internal_value=0.000100688 -0.0047989 -0.0107857 -0.0168187 0.0147604 0.0177057 0.0121409
internal_weight=8062 6045 4426 3505 2017 1956 921
internal_count=8062 6045 4426 3505 2017 1956 921
is_linear=0
shrinkage=0.02


Tree=398
num_leaves=8
num_cat=0
split_feature=40 57 16 64 43 34 45
split_gain=1411.14 1436.67 1349.88 1252.82 1213.02 1693.54 1038.63
threshold=81.645000000000024 33.395000000000003 0.19945000000000002 2.5000000000000004 1.0000000180025095e-35 2.5000000000000004 1.0000000180025095e-35
decision_type=2 2 2 2 2 2 2
left_child=1 2 -1 -2 5 -3 -4
right_child=3 4 6 -5 -6 -7 -8
leaf_value=-0.067643055903150687 0.096296751993894592 -0.042800704393547787 0.02192909561066898 0.016117711092235261 -0.0040331256730398715 0.018618201555768148 -0.00053918399008676576
leaf_weight=89 95 800 1450 367 3015 228 1894
leaf_count=89 95 800 1450 367 3015 228 1894
internal_value=-0.000270254 -0.00237563 0.00713336 0.0334592 -0.0104488 -0.0291544 0.00922154
internal_weight=7938 7476 3433 462 4043 1028 3344
internal_count=7938 7476 3433 462 4043 1028 3344
is_linear=0
shrinkage=0.02


Tree=399
num_leaves=8
num_cat=0
split_feature=40 30 12 23 58 53 42
split_gain=1301.64 1512.55 1649.88 1511.09 1296 1394.66 1267.95
threshold=87.625000000000014 1.0000000180025095e-35 22.085000000000004 18.650000000000002 35.945000000000007 66.305000000000021 19.780000000000005
decision_type=2 2 2 2 2 2 2
left_child=1 2 3 4 5 -1 -3
right_child=-2 6 -4 -5 -6 -7 -8
leaf_value=-0.016929106639828457 0.044294816781821067 0.063319916559950173 -0.0022079704830012714 -0.098816278360278925 -0.044379266794447494 0.07417212245445097 0.0082763252356239866
leaf_weight=238 252 179 4830 113 424 88 1886
leaf_count=238 252 179 4830 113 424 88 1886
internal_value=1.18321e-05 -0.0014542 -0.00677261 -0.0321599 -0.0215291 0.00841158 0.0131891
internal_weight=8010 7758 5693 863 750 326 2065
internal_count=8010 7758 5693 863 750 326 2065
is_linear=0
shrinkage=0.02


Tree=400
num_leaves=8
num_cat=0
split_feature=40 57 44 57 59 9 0
split_gain=1330.75 1534.4 1801.75 1714.59 1304.3 1158.23 1014.15
threshold=72.590000000000018 41.805000000000007 1.0000000180025095e-35 43.105000000000011 1.0000000180025095e-35 12.500000000000002 47.500000000000007
decision_type=2 2 2 2 2 2 2
left_child=1 5 3 -3 6 -1 -5
right_child=-2 2 -4 4 -6 -7 -8
leaf_value=-0.00073219483590419312 0.020155197097095318 -0.16238515868478892 -0.0075842839134131973 -0.028182127107887766 0.015955251146407022 0.029910499532336154 -0.097827038509796738
leaf_weight=3892 1056 44 1973 210 132 560 141
leaf_count=3892 1056 44 1973 210 132 560 141
internal_value=-0.000709333 -0.00389084 -0.016413 -0.0490844 -0.037205 0.00315146 -0.0571402
internal_weight=8008 6952 2500 527 483 4452 351
internal_count=8008 6952 2500 527 483 4452 351
is_linear=0
shrinkage=0.02


Tree=401
num_leaves=8
num_cat=0
split_feature=64 12 57 64 52 41 43
split_gain=1419.26 1180.98 1069.17 1410.1 1330.39 1038.09 1029.79
threshold=1.0000000180025095e-35 19.605000000000004 11.340000000000002 2.5000000000000004 51.745000000000012 82.410000000000011 1.0000000180025095e-35
decision_type=2 2 2 2 2 2 2
left_child=-1 -2 3 4 -3 6 -4
right_child=1 2 5 -5 -6 -7 -8
leaf_value=-0.10037960876311575 -0.019401947426513289 0.020628798876756001 -0.015707300514160537 0.0089000137284851351 0.12326916043162346 0.034755860488025515 0.0037012786300782518
leaf_weight=51 1019 107 1441 521 95 338 4481
leaf_count=51 1019 107 1441 521 95 338 4481
internal_value=-4.43862e-05 0.000657374 0.00359633 0.0265367 0.0707118 0.000927764 -0.00103068
internal_weight=8053 8002 6983 723 202 6260 5922
internal_count=8053 8002 6983 723 202 6260 5922
is_linear=0
shrinkage=0.02


Tree=402
num_leaves=8
num_cat=0
split_feature=8 45 18 38 40 10 16
split_gain=1602.74 1352.26 1047.98 1001.82 986.57 1096.57 965.959
threshold=47.245000000000012 1.0000000180025095e-35 1033211.5500000002 17351.150000000005 84.560000000000016 14383.050000000001 0.77305000000000013
decision_type=2 2 2 8 2 2 2
left_child=1 2 6 -3 5 -5 -1
right_child=-2 3 -4 4 -6 -7 -8
leaf_value=0.0071987115671605026 -0.025043250557895053 0.0064776758477726104 0.048942007994713883 -0.044160186424851415 0.042231294872549674 -0.0088586842865703962 0.067961906664962074
leaf_weight=2697 881 1867 295 451 115 1560 104
leaf_count=2697 881 1867 295 451 115 1560 104
internal_value=0.000319264 0.00348667 0.0133961 -0.00420383 -0.0135773 -0.0168655 0.00957191
internal_weight=7970 7089 3096 3993 2126 2011 2801
internal_count=7970 7089 3096 3993 2126 2011 2801
is_linear=0
shrinkage=0.02


Tree=403
num_leaves=8
num_cat=0
split_feature=44 57 41 54 54 0 16
split_gain=1426.8 2029.66 1361.6 1198.91 1586.93 1220.59 1109.72
threshold=1.0000000180025095e-35 11.340000000000002 70.415000000000006 97.635000000000005 91.375000000000014 26.500000000000004 0.32955000000000007
decision_type=2 2 2 2 2 2 2
left_child=1 -1 3 4 -3 -5 -2
right_child=6 2 -4 5 -6 -7 -8
leaf_value=0.046588505688835595 -0.017223856950516737 -0.030087405244956338 0.022999474300596959 -0.060916102747706806 -0.091358027692327148 0.041177356533508826 0.0055900351057366626
leaf_weight=165 1009 858 190 63 209 146 5363
leaf_count=165 1009 858 190 63 209 146 5363
internal_value=-0.00230935 -0.0189704 -0.0264824 -0.0339114 -0.042459 0.00969853 0.00196681
internal_weight=8003 1631 1466 1276 1067 209 6372
internal_count=8003 1631 1466 1276 1067 209 6372
is_linear=0
shrinkage=0.02


Tree=404
num_leaves=8
num_cat=0
split_feature=16 43 9 16 42 42 8
split_gain=1683.32 1572.73 1212.11 1035.81 1177.47 996.195 876.752
threshold=0.77885000000000015 1.0000000180025095e-35 3.5000000000000004 0.48145000000000004 71.985000000000014 76.90000000000002 25.515000000000004
decision_type=2 2 2 2 2 2 2
left_child=1 5 3 4 6 -1 -3
right_child=-2 2 -4 -5 -6 -7 -8
leaf_value=-0.022927069816924221 0.048023275402392269 -0.010331097884320241 0.010547470929336793 0.0026219742537098405 0.019418128112105512 0.034328509205490181 -0.049173752911053463
leaf_weight=1794 258 425 3014 1610 218 126 517
leaf_count=1794 258 425 3014 1610 218 126 517
internal_value=-0.00173493 -0.00343135 0.00177863 -0.00776445 -0.0221295 -0.0190903 -0.0317963
internal_weight=7962 7704 5784 2770 1160 1920 942
internal_count=7962 7704 5784 2770 1160 1920 942
is_linear=0
shrinkage=0.02


Tree=405
num_leaves=8
num_cat=0
split_feature=9 16 57 48 54 17 8
split_gain=1589.12 1519.24 1320.45 1435.25 1282.94 1282.92 1063.41
threshold=20.500000000000004 0.26805000000000007 48.335000000000008 2.5000000000000004 90.75500000000001 35695.450000000004 47.245000000000012
decision_type=2 2 2 2 2 2 2
left_child=1 -1 6 -4 -2 -5 -3
right_child=4 2 3 5 -6 -7 -8
leaf_value=-0.032775969307652364 0.069111013294450033 0.008350097440439368 0.008315365090119568 -0.038843536701677735 -0.041166388359334734 0.020611153380359921 -0.019339288354374505
leaf_weight=595 209 4826 655 890 49 170 622
leaf_count=595 209 4826 655 890 49 170 622
internal_value=-0.000567896 -0.00220557 0.000354871 -0.0149243 0.0477824 -0.0292564 0.00517396
internal_weight=8016 7758 7163 1715 258 1060 5448
internal_count=8016 7758 7163 1715 258 1060 5448
is_linear=0
shrinkage=0.02


Tree=406
num_leaves=8
num_cat=0
split_feature=45 54 67 41 17 52 40
split_gain=1076.77 1612.96 1103.45 1415.83 1572.66 1080.37 1005.29
threshold=1.0000000180025095e-35 82.955000000000013 11.865257407698996 29.600000000000005 5179.2500000000009 15.630000000000001 7.5900000000000007
decision_type=2 2 2 2 2 2 2
left_child=6 2 3 4 -2 -5 -1
right_child=1 -3 -4 5 -6 -7 -8
leaf_value=-0.059430860663276346 -0.13684871841222049 -0.01520797596393763 0.04042388331395988 -0.071229400811716914 -0.010368491462216927 0.013185914364503339 0.010642054268188539
leaf_weight=79 53 2805 355 59 125 1172 3397
leaf_count=79 53 2805 355 59 125 1172 3397
internal_value=0.00058463 -0.00579489 0.00917389 0.0011853 -0.0507384 0.00886824 0.00896641
internal_weight=8045 4569 1764 1409 178 1231 3476
internal_count=8045 4569 1764 1409 178 1231 3476
is_linear=0
shrinkage=0.02


Tree=407
num_leaves=8
num_cat=0
split_feature=45 48 51 64 46 53 68
split_gain=1422.63 1472.4 1258.01 1460.48 2262.82 1949.55 1324.36
threshold=1.0000000180025095e-35 18.500000000000004 14.135000000000003 2.5000000000000004 4.5000000000000009 64.045000000000016 263837.80000000005
decision_type=2 2 2 2 2 2 2
left_child=2 -2 -1 4 6 -6 -4
right_child=1 -3 3 -5 5 -7 -8
leaf_value=-0.010858378055870468 -0.0047810775692748502 -0.057253185022291209 0.05428804719080664 0.0022227230274686296 0.087667108054626436 0.018576592749535444 -0.015770976927720802
leaf_weight=881 4375 220 141 1317 369 296 409
leaf_count=881 4375 220 141 1317 369 296 409
internal_value=-9.10079e-05 -0.00735284 0.00968222 0.0168366 0.0326032 0.0572822 0.00251688
internal_weight=8008 4595 3413 2532 1215 665 550
internal_count=8008 4595 3413 2532 1215 665 550
is_linear=0
shrinkage=0.02


Tree=408
num_leaves=8
num_cat=0
split_feature=9 16 21 51 45 30 64
split_gain=1466.99 1339.9 1270.18 965.146 1007.12 869.839 1268.48
threshold=17.500000000000004 0.50155000000000005 281112.85000000003 29.545000000000005 1.0000000180025095e-35 1.0000000180025095e-35 4.5000000000000009
decision_type=2 2 10 2 2 2 2
left_child=1 2 5 -3 -5 6 -1
right_child=-2 3 -4 4 -6 -7 -8
leaf_value=-0.028522930993364625 0.038610237803264162 0.00042507725907533638 0.007017452139569719 0.041801178173142647 0.0066539759924904174 0.0024552709957071368 0.032439893879146385
leaf_weight=1741 400 2270 1372 571 757 688 144
leaf_count=1741 400 2270 1372 571 757 688 144
internal_value=0.00152857 -0.000462122 -0.00850708 0.00835827 0.0218663 -0.0167828 -0.0237923
internal_weight=7943 7543 3945 3598 1328 2573 1885
internal_count=7943 7543 3945 3598 1328 2573 1885
is_linear=0
shrinkage=0.02


Tree=409
num_leaves=8
num_cat=0
split_feature=16 15 55 22 45 54 67
split_gain=1014.41 1156.31 1559.29 934.035 925.371 1271.09 1173.62
threshold=0.79410000000000014 1.5000000000000002 47.765000000000008 20032.300000000003 1.0000000180025095e-35 79.215000000000018 18.095838283129797
decision_type=2 2 2 2 2 2 2
left_child=1 4 -3 -2 -1 -6 -7
right_child=3 2 -4 -5 5 6 -8
leaf_value=0.012767485707503532 0.019684422725439073 0.0014017686540741595 -0.038295682380627846 0.12087605333328247 0.017056796399881193 -0.0053637124485212588 -0.048499945103072789
leaf_weight=2669 145 956 670 45 933 2277 279
leaf_count=2669 145 956 670 45 933 2277 279
internal_value=0.00108028 -4.83926e-05 -0.015023 0.0461357 0.00391458 -0.00286626 -0.0101577
internal_weight=7974 7784 1626 190 6158 3489 2556
internal_count=7974 7784 1626 190 6158 3489 2556
is_linear=0
shrinkage=0.02


Tree=410
num_leaves=8
num_cat=0
split_feature=16 64 55 8 52 42 17
split_gain=1715.34 1450.87 1416.66 1321.32 1252.18 1263.4 1231.06
threshold=0.72825000000000006 1.0000000180025095e-35 55.685000000000009 54.410000000000004 75.385000000000005 29.045000000000005 5035.1000000000013
decision_type=2 2 2 2 2 2 2
left_child=1 -1 3 4 -3 -6 -5
right_child=-2 2 -4 6 5 -7 -8
leaf_value=-0.10866276040392102 0.03193882767231019 -0.00079571133762873036 -0.025686064643309987 -0.11164673717125602 0.12028935401833483 0.020145185935505752 -0.018950827233801204
leaf_weight=48 554 5373 1002 64 51 545 358
leaf_count=48 554 5373 1002 64 51 545 358
internal_value=-0.00185216 -0.00438773 -0.00363773 -0.000163548 0.00226594 0.029644 -0.0341517
internal_weight=7995 7441 7393 6391 5969 596 422
internal_count=7995 7441 7393 6391 5969 596 422
is_linear=0
shrinkage=0.02


Tree=411
num_leaves=8
num_cat=0
split_feature=16 8 68 10 57 16 8
split_gain=1621 1301.95 1886.63 1317.1 1110.26 1081.53 930.815
threshold=0.57745000000000013 50.695000000000007 1751684.9000000001 19100.500000000004 39.285000000000004 0.35685000000000006 9.6550000000000029
decision_type=2 2 2 2 2 2 2
left_child=1 3 -3 5 -5 -1 -6
right_child=-2 2 -4 4 6 -7 -8
leaf_value=-0.041383186638003257 0.014600974544099933 -0.047493325500711329 0.082271472358703621 0.013639473025672038 0.075688212788105003 -0.0054832032758509739 -0.012219297201624946
leaf_weight=503 2413 464 45 2168 45 995 1361
leaf_count=503 2413 464 45 2168 45 995 1361
internal_value=0.000921356 -0.00500094 -0.0353323 -0.00192524 0.00467489 -0.0176353 -0.00914752
internal_weight=7994 5581 509 5072 3574 1498 1406
internal_count=7994 5581 509 5072 3574 1498 1406
is_linear=0
shrinkage=0.02


Tree=412
num_leaves=8
num_cat=0
split_feature=16 47 17 56 42 66 8
split_gain=1797.46 1851.63 1507.31 1115.51 983.208 1198.39 1171.19
threshold=0.72825000000000006 7.5000000000000009 3414.2000000000003 39.445000000000007 81.935000000000016 0.68750000000000011 50.695000000000007
decision_type=2 2 2 2 2 2 2
left_child=4 3 -3 -2 5 6 -1
right_child=1 2 -4 -5 -6 -7 -8
leaf_value=-0.003690129131471391 0.020811066627502442 0.090321534946560866 -0.035574630677684856 0.096219828965932286 0.023131342585457376 0.042447276919652402 -0.034155421864783223
leaf_weight=6161 139 43 179 186 542 204 545
leaf_count=6161 139 43 179 186 542 204 545
internal_value=-0.000106198 0.0347183 -0.009737 0.0647721 -0.00268399 -0.00472413 -0.00618966
internal_weight=7999 547 222 325 7452 6910 6706
internal_count=7999 547 222 325 7452 6910 6706
is_linear=0
shrinkage=0.02


Tree=413
num_leaves=8
num_cat=0
split_feature=45 64 55 32 51 42 64
split_gain=1062.69 1252.82 1349.83 1240.25 1210.09 1312.03 1165.43
threshold=1.0000000180025095e-35 3.5000000000000004 44.165000000000006 1.0000000180025095e-35 52.375000000000007 57.375000000000007 1.5000000000000002
decision_type=2 2 2 2 2 2 2
left_child=6 2 3 -2 5 -4 -1
right_child=1 -3 4 -5 -6 -7 -8
leaf_value=-0.020888859068982746 0.0087937738550291668 0.0037495594507583226 -0.05484033021030861 -0.056570228170325504 0.028049315304756166 -0.0095069474068032699 0.012965215221349656
leaf_weight=467 865 2346 683 129 120 410 2953
leaf_count=467 865 2346 683 129 120 410 2953
internal_value=-9.93249e-05 -0.00642474 -0.0172239 7.02429e-05 -0.0313377 -0.0379559 0.00831871
internal_weight=7973 4553 2207 994 1213 1093 3420
internal_count=7973 4553 2207 994 1213 1093 3420
is_linear=0
shrinkage=0.02


Tree=414
num_leaves=8
num_cat=0
split_feature=40 66 51 17 17 51 40
split_gain=1373.5 919.882 960.41 1026.66 906.103 878.799 1145.4
threshold=8.9700000000000024 1.0000000180025095e-35 22.415000000000003 8930.2500000000018 5179.2500000000009 32.095000000000006 87.625000000000014
decision_type=2 2 2 2 2 2 2
left_child=-1 2 3 4 -2 6 -3
right_child=1 5 -4 -5 -6 -7 -8
leaf_value=-0.052760849190043646 0.0094567789839602075 -0.0039857776187046667 -0.06316908841834247 0.055988836995359642 -0.093325006345222741 0.012140192082971438 0.047352541466114929
leaf_weight=183 82 4390 168 78 53 2881 176
leaf_count=183 82 4390 168 78 53 2881 176
internal_value=0.000661126 0.00194289 -0.028164 0.000261298 -0.0327865 0.00350106 -0.00195727
internal_weight=8011 7828 381 213 135 7447 4566
internal_count=8011 7828 381 213 135 7447 4566
is_linear=0
shrinkage=0.02


Tree=415
num_leaves=8
num_cat=0
split_feature=34 16 10 10 10 37 10
split_gain=1149 1254.68 1021.89 879.136 1016.94 954.646 1305.73
threshold=3.5000000000000004 0.57745000000000013 14569.450000000003 26216.650000000005 27662.800000000003 0.36930000000000002 18502.500000000004
decision_type=2 2 2 2 2 2 2
left_child=1 2 -1 5 -5 -4 -7
right_child=-2 -3 3 4 -6 6 -8
leaf_value=-0.025542357183705896 0.024488295407957647 0.0098839444477428224 0.019719262682046976 -0.064988332130606216 -0.0068553476416728576 -0.090986875910311946 0.009623888539704117
leaf_weight=1053 682 2246 955 121 2755 75 143
leaf_count=1053 682 2246 955 121 2755 75 143
internal_value=-0.000247045 -0.00255793 -0.0080394 -0.00346162 -0.00940968 0.0111001 -0.0262539
internal_weight=8030 7348 5102 4049 2876 1173 218
internal_count=8030 7348 5102 4049 2876 1173 218
is_linear=0
shrinkage=0.02


Tree=416
num_leaves=8
num_cat=1
split_feature=55 40 14 42 42 14 3
split_gain=1472.67 1327.21 929.434 829.769 1132.14 928.953 1088.17
threshold=48.815000000000005 11.365000000000002 34.32500000000001 40.775000000000013 42.065000000000005 9.1350000000000033 0
decision_type=2 2 2 2 2 2 1
left_child=1 -1 3 5 -5 -3 -7
right_child=-2 2 -4 4 -6 6 -8
leaf_value=-0.050214988786094594 -0.011340665339937961 -0.015403508315862987 -0.014520618809086661 -0.056592386245195359 0.0081706305579572515 0.051400554234271152 0.012578795756077111
leaf_weight=154 2736 198 615 107 3028 548 648
leaf_count=154 2736 198 615 107 3028 548 648
internal_value=0.000562606 0.0067146 0.00846606 0.0116 0.00587362 0.0244113 0.0310393
internal_weight=8034 5298 5144 4529 3135 1394 1196
internal_count=8034 5298 5144 4529 3135 1394 1196
cat_boundaries=0 1
cat_threshold=5
is_linear=0
shrinkage=0.02


Tree=417
num_leaves=8
num_cat=0
split_feature=55 0 40 52 40 16 52
split_gain=1279.05 1645.76 1374.45 1204.4 1644.6 1298.01 865.953
threshold=49.015000000000008 55.500000000000007 11.365000000000002 21.575000000000003 61.890000000000008 0.68400000000000005 62.525000000000006
decision_type=2 2 2 2 2 2 2
left_child=1 3 -3 4 -1 6 -5
right_child=-2 2 -4 5 -6 -7 -8
leaf_value=-0.053061189926456941 -0.0114830255571561 -0.06285603767174941 0.032160714848352555 -0.0082372019014385033 0.066254224089058969 0.03139589606515536 0.014343457837126846
leaf_weight=302 2656 60 1070 2361 50 546 948
leaf_count=302 2656 60 1070 2361 50 546 948
internal_value=-0.00015451 0.00548869 0.0268609 -0.000276963 -0.0354224 0.00297389 -0.00175616
internal_weight=7993 5337 1130 4207 352 3855 3309
internal_count=7993 5337 1130 4207 352 3855 3309
is_linear=0
shrinkage=0.02


Tree=418
num_leaves=8
num_cat=0
split_feature=40 44 57 8 58 53 42
split_gain=1187.34 990.624 1742.81 1329.39 974.951 1115.36 1196.89
threshold=5.6100000000000003 1.0000000180025095e-35 34.005000000000003 8.5850000000000026 37.485000000000007 68.110000000000014 68.115000000000023
decision_type=2 2 2 2 2 2 2
left_child=-1 2 -2 -3 5 6 -4
right_child=1 3 4 -5 -6 -7 -8
leaf_value=-0.063122587880540287 0.0074267839674062412 0.044683385640898382 -0.051809074476337313 0.00077352236128087784 -0.062286056746322906 0.025203865447658159 0.05259774340316653
leaf_weight=119 736 284 306 6041 314 163 47
leaf_count=119 736 284 306 6041 314 163 47
internal_value=-0.00171507 -0.00074963 -0.0149645 0.00277886 -0.0347456 -0.0175495 -0.0373674
internal_weight=8010 7891 1566 6325 830 516 353
internal_count=8010 7891 1566 6325 830 516 353
is_linear=0
shrinkage=0.02


Tree=419
num_leaves=8
num_cat=0
split_feature=14 33 16 56 64 41 48
split_gain=991.453 1505.6 1193.4 1005.35 982.241 958.81 941.214
threshold=43.180000000000007 2.5000000000000004 0.32955000000000007 39.355000000000011 1.0000000180025095e-35 24.235000000000003 5.5000000000000009
decision_type=2 2 2 2 2 2 2
left_child=2 6 3 -1 -4 -5 -2
right_child=1 -3 4 5 -6 -7 -8
leaf_value=0.0025548509242365163 -0.028570932353004102 0.0059182785956227047 -0.082779991489648833 -0.098205231442116209 0.006234173721337462 -0.023767293454139748 -0.11458641457668645
leaf_weight=614 121 240 45 75 6281 568 89
leaf_count=614 121 240 45 75 6281 568 89
internal_value=0.000277968 -0.028398 0.00199728 -0.0157636 0.00553609 -0.0331406 -0.0668421
internal_weight=8033 450 7583 1257 6326 643 210
internal_count=8033 450 7583 1257 6326 643 210
is_linear=0
shrinkage=0.02


Tree=420
num_leaves=8
num_cat=0
split_feature=16 9 64 42 42 55 21
split_gain=1631.31 1544.4 1398.55 1504.44 1247.49 1202.47 1045.9
threshold=0.72145000000000015 12.500000000000002 1.5000000000000002 32.870000000000012 41.625000000000007 56.745000000000012 259373.25000000003
decision_type=2 2 2 2 2 2 10
left_child=1 5 -3 -4 -5 -1 -7
right_child=-2 2 3 4 -6 6 -8
leaf_value=-0.0034588142610369292 0.030547838943252248 -0.060635963656105005 0.072351520787680507 -0.046249383178328267 0.02581200381281747 -0.04986233254560507 -0.0012991591617465021
leaf_weight=5733 619 72 224 114 498 441 295
leaf_count=5733 619 72 224 114 498 441 295
internal_value=-0.000504172 -0.00312866 0.0212259 0.0285948 0.0121228 -0.00656086 -0.0305376
internal_weight=7996 7377 908 836 612 6469 736
internal_count=7996 7377 908 836 612 6469 736
is_linear=0
shrinkage=0.02


Tree=421
num_leaves=8
num_cat=0
split_feature=52 66 16 31 21 21 12
split_gain=1204.05 1033.82 1298.19 1226.27 1059.23 1045.93 1128.17
threshold=73.135000000000005 0.56250000000000011 0.36255000000000004 1.0000000180025095e-35 303405.40000000008 188267.50000000003 26.720000000000002
decision_type=2 2 2 2 10 8 2
left_child=1 2 3 4 -1 -5 -7
right_child=-2 -3 -4 5 -6 6 -8
leaf_value=-0.059675360647085195 0.020521858238798988 0.01893006213456145 -0.0012353314361574828 0.07926315620822727 -0.00028280004858970641 -0.057974502381089837 0.00015164345328703643
leaf_weight=452 937 729 4907 48 163 166 610
leaf_count=452 937 729 4907 48 163 166 610
internal_value=-0.000721002 -0.00354687 -0.00614179 -0.0228107 -0.0440631 -0.00677857 -0.0125741
internal_weight=8012 7075 6346 1439 615 824 776
internal_count=8012 7075 6346 1439 615 824 776
is_linear=0
shrinkage=0.02


Tree=422
num_leaves=8
num_cat=0
split_feature=12 64 40 42 33 64 40
split_gain=1146.16 1095.58 1412.12 1348.35 1270.54 1311.58 1190.19
threshold=79.110000000000014 4.5000000000000009 87.625000000000014 41.035000000000004 4.5000000000000009 2.5000000000000004 20.705000000000002
decision_type=2 2 2 2 2 2 2
left_child=1 2 4 -3 6 -6 -1
right_child=-2 3 -4 -5 5 -7 -8
leaf_value=-0.037823074818496033 0.026918368581511417 0.076893359263535258 0.046870767378129098 0.006717597250922123 0.11087032979506939 0.012363427438844278 -0.0056662057336037261
leaf_weight=497 594 142 206 434 56 493 5599
leaf_count=497 594 142 206 434 56 493 5599
internal_value=0.000304717 -0.00184048 -0.00407392 0.0245307 -0.0056873 0.0233214 -0.00831677
internal_weight=8021 7427 6851 576 6645 549 6096
internal_count=8021 7427 6851 576 6645 549 6096
is_linear=0
shrinkage=0.02


Tree=423
num_leaves=8
num_cat=0
split_feature=14 38 64 66 21 16 9
split_gain=1300.09 1318.36 1193.63 1108.87 1094.83 1090.35 1307.29
threshold=43.180000000000007 25777.900000000005 1.0000000180025095e-35 0.18750000000000003 408995.65000000008 0.50155000000000005 21.500000000000004
decision_type=2 8 2 2 10 2 2
left_child=2 -2 -1 -3 5 6 -4
right_child=1 3 4 -5 -6 -7 -8
leaf_value=-0.091003247749198379 0.0024521093667838082 -0.1322632434282984 -0.0094315368124891306 -0.03549713770343977 0.024556367969785754 0.0093331183488890284 0.051897856083281083
leaf_weight=49 227 65 3407 165 858 3065 140
leaf_count=49 227 65 3407 165 858 3065 140
internal_value=0.000695574 -0.0318702 0.00269477 -0.0650763 0.00336985 0.00060412 -0.00694122
internal_weight=7976 457 7519 230 7470 6612 3547
internal_count=7976 457 7519 230 7470 6612 3547
is_linear=0
shrinkage=0.02


Tree=424
num_leaves=8
num_cat=0
split_feature=64 12 10 51 62 12 24
split_gain=1142.23 915.222 1643.73 1405.91 1253.56 1299.44 1146.3
threshold=1.0000000180025095e-35 45.970000000000006 12706.300000000001 31.385000000000002 1.0000000180025095e-35 4.1250000000000009 1.0000000180025095e-35
decision_type=2 2 2 2 2 2 2
left_child=-1 2 -2 4 6 -6 -4
right_child=1 -3 3 -5 5 -7 -8
leaf_value=-0.086104343347862128 -0.032729420032791064 0.0075875333046488422 -0.044185546254008716 0.01608871356484725 -0.13798960724602574 -0.0264400379697705 0.0071330846225182752
leaf_weight=56 742 3956 199 1316 41 518 1183
leaf_count=56 742 3956 199 1316 41 518 1183
internal_value=0.000111123 0.000771749 -0.0059718 0.000164863 -0.0106451 -0.0357724 -0.000389147
internal_weight=8011 7955 3999 3257 1941 559 1382
internal_count=8011 7955 3999 3257 1941 559 1382
is_linear=0
shrinkage=0.02


Tree=425
num_leaves=8
num_cat=2
split_feature=48 16 9 2 17 52 2
split_gain=1003.51 994.973 1076.85 1142.59 1187.76 1096.73 996.715
threshold=18.500000000000004 0.77305000000000013 1.5000000000000002 0 6132.4000000000005 37.105000000000011 1
decision_type=2 2 2 1 2 2 1
left_child=1 2 3 -1 -5 -6 -4
right_child=-2 -3 6 4 5 -7 -8
leaf_value=0.006967735021253643 -0.029674674467015338 0.039472224430940943 0.012697386466766969 0.00046114913668668552 -0.081390626239470937 -0.025128542586389812 -0.0047486641903066382
leaf_weight=767 410 272 3134 458 190 507 2235
leaf_count=767 410 272 3134 458 190 507 2235
internal_value=0.00060713 0.00226727 0.000853189 -0.0119744 -0.024379 -0.0409359 0.0054521
internal_weight=7973 7563 7291 1922 1155 697 5369
internal_count=7973 7563 7291 1922 1155 697 5369
cat_boundaries=0 1 2
cat_threshold=74 178
is_linear=0
shrinkage=0.02


Tree=426
num_leaves=8
num_cat=0
split_feature=12 66 43 16 16 13 42
split_gain=1142.39 1077.96 1309.61 1385.88 1302.57 1498.95 1369.32
threshold=67.38000000000001 0.56250000000000011 1.0000000180025095e-35 0.77305000000000013 0.46930000000000005 408.65000000000003 38.880000000000003
decision_type=2 2 2 2 2 2 2
left_child=1 2 3 -1 5 6 -4
right_child=-2 -3 4 -5 -6 -7 -8
leaf_value=-0.028742222664167431 0.01414485540304487 0.018330008262602632 -0.048564894937090645 0.067364700738163225 0.0065431133287756019 0.029668664018265331 -0.0099771802240450468
leaf_weight=1429 1374 658 528 58 2475 255 1199
leaf_count=1429 1374 658 528 58 2475 255 1199
internal_value=-0.00241457 -0.00586899 -0.00856097 -0.0247804 -0.00312793 -0.0151906 -0.0218808
internal_weight=7976 6602 5944 1487 4457 1982 1727
internal_count=7976 6602 5944 1487 4457 1982 1727
is_linear=0
shrinkage=0.02


Tree=427
num_leaves=8
num_cat=0
split_feature=8 14 23 21 38 41 66
split_gain=1039.72 1488.92 1474.77 1149.79 1478.1 1125.48 1661.54
threshold=24.545000000000005 42.570000000000007 8.6500000000000004 153827.80000000002 11247.300000000001 43.665000000000006 0.56250000000000011
decision_type=2 2 2 10 8 2 2
left_child=1 3 -3 4 -1 6 -2
right_child=5 2 -4 -5 -6 -7 -8
leaf_value=0.024174953997330887 -0.029099056491378918 -0.11137240249663592 -0.0056723940082722239 0.020899769355080963 -0.015548110883629564 0.00048998523489984065 0.031765901740783684
leaf_weight=566 1332 75 157 1900 1085 2674 203
leaf_count=566 1332 75 157 1900 1085 2674 203
internal_value=-0.000518152 0.00708601 -0.0414714 0.0103123 -0.00189827 -0.00735298 -0.0209728
internal_weight=7992 3783 232 3551 1651 4209 1535
internal_count=7992 3783 232 3551 1651 4209 1535
is_linear=0
shrinkage=0.02


Tree=428
num_leaves=8
num_cat=0
split_feature=16 52 45 64 23 15 23
split_gain=1244.98 1216.53 1162.72 954.876 1066.22 1103.39 870.062
threshold=0.51795000000000013 1.0000000180025095e-35 1.0000000180025095e-35 4.5000000000000009 2.9500000000000006 5.5000000000000009 20.350000000000005
decision_type=2 2 2 2 2 2 2
left_child=1 -1 -2 4 -3 6 -6
right_child=2 3 -4 -5 5 -7 -8
leaf_value=-0.10820023185395179 0.022121755930080096 0.04689043185826558 -0.0012502523545668115 0.024683861501986783 -0.012415336473828789 -0.087032291658373714 0.016883280298105503
leaf_weight=42 1505 129 1951 370 3504 69 454
leaf_count=42 1505 129 1951 370 3504 69 454
internal_value=-0.000105077 -0.0069543 0.00894492 -0.00589641 -0.00864529 -0.0104803 -0.0090376
internal_weight=8024 4568 3456 4526 4156 4027 3958
internal_count=8024 4568 3456 4526 4156 4027 3958
is_linear=0
shrinkage=0.02


Tree=429
num_leaves=8
num_cat=0
split_feature=64 14 33 12 40 55 41
split_gain=1228.71 1169.68 2193.92 923.528 992.809 998.298 1166.01
threshold=1.0000000180025095e-35 43.180000000000007 2.5000000000000004 79.555000000000021 5.6100000000000003 48.895000000000003 72.595000000000013
decision_type=2 2 2 2 2 2 2
left_child=-1 3 -3 4 -2 -6 -7
right_child=1 2 -4 -5 5 6 -8
leaf_value=-0.10080556434028003 -0.061735804787693686 -0.080559767153814882 0.0085611748788882846 0.027101412500299162 0.0060009945700442834 -0.015457799506066286 0.026353590094790786
leaf_weight=44 99 197 242 520 4538 2049 302
leaf_count=44 99 197 242 520 4538 2049 302
internal_value=-0.000961414 -0.000345573 -0.0318884 0.00151876 -0.000402942 0.000522592 -0.0100423
internal_weight=7991 7947 439 7508 6988 6889 2351
internal_count=7991 7947 439 7508 6988 6889 2351
is_linear=0
shrinkage=0.02


Tree=430
num_leaves=8
num_cat=0
split_feature=44 41 57 64 43 40 34
split_gain=1088.16 1303.17 1203.29 1019.51 1399.27 1375.84 1031.8
threshold=1.0000000180025095e-35 15.475000000000003 10.070000000000002 2.5000000000000004 1.0000000180025095e-35 32.775000000000013 2.5000000000000004
decision_type=2 2 2 2 2 2 2
left_child=1 -1 -3 4 5 -2 -7
right_child=3 2 -4 -5 -6 6 -8
leaf_value=-0.091056824461133654 -0.042345322814161923 0.046008698249969518 -0.017143837489427053 -0.0020326153049411984 0.041658190245544569 0.0051541578806495007 0.079116835769977467
leaf_weight=83 214 127 1427 5029 557 501 84
leaf_count=83 214 127 1427 5029 557 501 84
internal_value=-0.00161135 -0.0161327 -0.0118517 0.00212136 0.0174781 0.000467384 0.0163549
internal_weight=8022 1637 1554 6385 1356 799 585
internal_count=8022 1637 1554 6385 1356 799 585
is_linear=0
shrinkage=0.02


Tree=431
num_leaves=8
num_cat=0
split_feature=8 10 38 64 32 38 14
split_gain=1280.41 1154.88 1161.54 1069.18 1148.41 1679.29 1709.52
threshold=47.245000000000012 84537.35000000002 3085.9500000000003 1.0000000180025095e-35 1.0000000180025095e-35 61035.600000000006 42.570000000000007
decision_type=2 2 8 2 2 8 2
left_child=3 2 -2 -1 5 -5 -7
right_child=1 -3 -4 4 -6 6 -8
leaf_value=-0.081437049605807332 -0.095298893207551125 0.014923048849838477 -0.024476568727302798 0.020271641787139992 -0.0082675727120798577 0.00053987756277640384 -0.072431613103534187
leaf_weight=56 107 235 577 2368 2484 2049 132
leaf_count=56 107 235 577 2368 2484 2049 132
internal_value=-0.000947532 -0.0230923 -0.0361667 0.00193752 0.00265877 0.00862766 -0.00403212
internal_weight=8008 919 684 7089 7033 4549 2181
internal_count=8008 919 684 7089 7033 4549 2181
is_linear=0
shrinkage=0.02


Tree=432
num_leaves=8
num_cat=0
split_feature=16 9 8 55 38 51 42
split_gain=1530.23 1311.36 1391.52 1308.09 1645.07 1377.74 990.367
threshold=0.17090000000000002 3.5000000000000004 41.185000000000009 35.985000000000007 9649.2500000000018 10.135000000000003 54.705000000000005
decision_type=2 2 2 2 8 2 2
left_child=-1 2 3 4 5 -2 -7
right_child=1 -3 -4 -5 -6 6 -8
leaf_value=-0.076916645289051774 -0.021202011542475741 0.0091472199162944134 -0.033559087182752495 -0.0072035231353081318 0.002219496814945644 0.16073533016191402 0.045572044917128303
leaf_weight=97 41 3982 657 2796 348 66 61
leaf_count=97 41 3982 657 2796 348 66 61
internal_value=5.70517e-05 0.00104386 -0.00708733 -0.00179346 0.0273093 0.0777149 0.109242
internal_weight=8048 7951 3969 3312 516 168 127
internal_count=8048 7951 3969 3312 516 168 127
is_linear=0
shrinkage=0.02


Tree=433
num_leaves=8
num_cat=0
split_feature=12 40 31 44 9 34 40
split_gain=1379.55 1063.41 1292.29 1285.62 1267.97 1246.26 966.817
threshold=67.095000000000013 87.625000000000014 1.0000000180025095e-35 1.0000000180025095e-35 23.500000000000004 3.5000000000000004 5.6100000000000003
decision_type=2 2 2 2 2 2 2
left_child=1 2 3 -1 5 -5 -4
right_child=-2 -3 6 4 -6 -7 -8
leaf_value=-0.041956396194072099 0.01911848383200478 0.040209773312755194 -0.07419818892365411 -0.012965633403075607 0.089002130537662871 0.072333162888674668 0.0048271027943001281
leaf_weight=546 1412 219 58 2011 48 66 3661
leaf_count=546 1412 219 58 2011 48 66 3661
internal_value=0.00121052 -0.00262704 -0.00412545 -0.0147249 -0.00764599 -0.0100879 0.00349669
internal_weight=8021 6609 6390 2671 2125 2077 3719
internal_count=8021 6609 6390 2671 2125 2077 3719
is_linear=0
shrinkage=0.02


Tree=434
num_leaves=8
num_cat=1
split_feature=55 8 17 64 33 43 7
split_gain=1030.73 1087.74 1192.17 921.819 2426.34 2039.98 1666.39
threshold=55.685000000000009 47.245000000000012 5035.1000000000013 2.5000000000000004 3.5000000000000004 1.0000000180025095e-35 0
decision_type=2 2 2 2 2 2 1
left_child=1 3 -3 4 5 6 -1
right_child=-2 2 -4 -5 -6 -7 -8
leaf_value=0.032289375648891061 -0.017356186218441209 -0.077558069593376577 -0.0082869627920789477 0.0013051857287735302 0.082432550315936784 0.032836445205218154 -0.029884429042645808
leaf_weight=229 1095 112 671 4297 204 784 584
leaf_count=229 1095 112 671 4297 204 784 584
internal_value=0.000621603 0.003493 -0.0186247 0.00634591 0.0183357 0.00991622 -0.012252
internal_weight=7976 6881 783 6098 1801 1597 813
internal_count=7976 6881 783 6098 1801 1597 813
cat_boundaries=0 1
cat_threshold=25
is_linear=0
shrinkage=0.02


Tree=435
num_leaves=8
num_cat=2
split_feature=45 9 4 52 2 21 23
split_gain=1119.78 1064.66 1229.72 1376.81 1607.54 1133.22 1228.84
threshold=1.0000000180025095e-35 4.5000000000000009 0 77.660000000000011 1 320417.20000000007 4.7500000000000009
decision_type=2 2 1 2 1 8 2
left_child=1 5 -3 4 -4 6 -1
right_child=-2 2 3 -5 -6 -7 -8
leaf_value=0.096887658345393646 -0.0051607240336943028 0.0012416598010853521 -0.012610699679304399 0.11505226506972138 0.048545435174921714 -0.010243127869183131 0.011703555652204512
leaf_weight=73 4515 643 247 80 537 1322 531
leaf_count=73 4515 643 247 80 537 1322 531
internal_value=0.00138322 0.00998466 0.022546 0.0378527 0.0297758 0.000123103 0.0227099
internal_weight=7948 3433 1507 864 784 1926 604
internal_count=7948 3433 1507 864 784 1926 604
cat_boundaries=0 1 2
cat_threshold=1 21
is_linear=0
shrinkage=0.02


Tree=436
num_leaves=8
num_cat=0
split_feature=22 14 31 26 16 52 6
split_gain=947.466 1012.07 1399.5 1526.94 1192.67 999.099 1761.68
threshold=6257.7500000000009 41.875000000000007 1.0000000180025095e-35 1.0000000180025095e-35 0.32955000000000007 31.455000000000002 2.5000000000000004
decision_type=2 2 2 2 2 2 2
left_child=-1 4 3 -3 5 6 -2
right_child=1 2 -4 -5 -6 -7 -8
leaf_value=-0.051015494450422604 -0.075466981603620711 -0.10302456908575866 0.0036188765660228345 0.0094756130186411051 0.0082964517455016134 -0.0036795326796797384 0.042702962300356695
leaf_weight=128 203 133 293 73 6123 956 63
leaf_count=128 203 133 293 73 6123 956 63
internal_value=0.00192132 0.0028171 -0.0246029 -0.0638782 0.00469541 -0.0133084 -0.0472079
internal_weight=7972 7844 499 206 7345 1222 266
internal_count=7972 7844 499 206 7345 1222 266
is_linear=0
shrinkage=0.02


Tree=437
num_leaves=8
num_cat=1
split_feature=52 2 54 41 31 31 52
split_gain=1216.32 909.311 1060.05 799.415 1181 829.255 1036.19
threshold=15.630000000000001 0 75.425000000000026 83.670000000000016 1.0000000180025095e-35 1.0000000180025095e-35 52.425000000000004
decision_type=2 1 2 2 2 2 2
left_child=1 -1 -3 5 -5 6 -2
right_child=3 2 -4 4 -6 -7 -8
leaf_value=-0.0040914265266278893 -0.018170439987345351 -0.14963419295371846 -0.038949892346747221 0.077951836721005294 0.0022743688918015347 0.0058648352224087968 0.0053561104011632544
leaf_weight=231 1705 42 155 128 218 4163 1329
leaf_count=231 1705 42 155 128 218 4163 1329
internal_value=-0.000360866 -0.0329591 -0.0625698 0.00150941 0.0309823 7.19567e-05 -0.00787312
internal_weight=7971 428 197 7543 346 7197 3034
internal_count=7971 428 197 7543 346 7197 3034
cat_boundaries=0 1
cat_threshold=163
is_linear=0
shrinkage=0.02


Tree=438
num_leaves=8
num_cat=0
split_feature=64 45 41 17 9 52 34
split_gain=875.364 1393.55 1168.73 1899.06 1114.92 1015.43 991.953
threshold=4.5000000000000009 1.0000000180025095e-35 33.255000000000003 2596.9000000000005 4.5000000000000009 82.965000000000018 3.5000000000000004
decision_type=2 2 2 2 2 2 2
left_child=1 4 3 -3 6 -6 -1
right_child=-2 2 -4 -5 5 -7 -8
leaf_value=-0.0069800793909282708 0.022126015656939117 -0.12704072147225723 -0.0052747708939345243 -0.021880179709521299 0.015930786949725228 0.086867533693479937 0.044807176470108658
leaf_weight=1822 641 73 3275 609 1423 81 156
leaf_count=1822 641 73 3275 609 1423 81 156
internal_value=-0.000206596 -0.00214451 -0.0102587 -0.033979 0.00707804 0.0200264 -0.00279307
internal_weight=8080 7439 3957 682 3482 1504 1978
internal_count=8080 7439 3957 682 3482 1504 1978
is_linear=0
shrinkage=0.02


Tree=439
num_leaves=8
num_cat=1
split_feature=16 34 40 16 8 7 53
split_gain=1085.75 1120.62 1140.82 1114.19 1036.3 1409.7 1103.93
threshold=0.77885000000000015 3.5000000000000004 20.705000000000002 0.36255000000000004 24.685000000000006 0 38.57500000000001
decision_type=2 2 2 2 2 1 2
left_child=1 3 -3 4 5 -1 -6
right_child=-2 2 -4 -5 6 -7 -8
leaf_value=0.032760970596499094 0.04012118060311777 0.11051192061332139 0.015365843863296898 0.00072177177173821908 0.030741528256776486 -0.021559644028628297 -0.042657279488676307
leaf_weight=283 258 50 643 5442 89 518 708
leaf_count=283 258 50 643 5442 89 518 708
internal_value=0.00015822 -0.00120015 0.0229731 -0.00359432 -0.0182492 -0.00214457 -0.0343204
internal_weight=7991 7733 693 7040 1598 801 797
internal_count=7991 7733 693 7040 1598 801 797
cat_boundaries=0 1
cat_threshold=10
is_linear=0
shrinkage=0.02


Tree=440
num_leaves=8
num_cat=0
split_feature=55 16 16 15 41 55 56
split_gain=1330.34 1055.99 796.211 752.389 1869.62 805.004 724.911
threshold=55.685000000000009 0.59965000000000013 0.17090000000000002 1.0000000180025095e-35 39.425000000000004 57.965000000000011 39.275000000000013
decision_type=2 2 2 2 2 2 2
left_child=1 2 6 -2 -5 -6 -1
right_child=3 -3 -4 4 5 -7 -8
leaf_value=-0.0011496842166651851 -0.0078294424829976773 0.016086850661772872 -0.00075883856062928666 -0.1051162696079566 -0.058246535378173717 0.01115301540431877 -0.11754949824015301
leaf_weight=41 665 1771 5122 125 98 187 40
leaf_count=41 665 1771 5122 125 98 187 40
internal_value=-0.000426097 0.00277075 -0.00177288 -0.0210823 -0.0422244 -0.0133035 -0.0621234
internal_weight=8049 6974 5203 1075 410 285 81
internal_count=8049 6974 5203 1075 410 285 81
is_linear=0
shrinkage=0.02


Tree=441
num_leaves=8
num_cat=0
split_feature=30 40 12 65 22 58 50
split_gain=1186.95 1298.13 1155.74 1203.48 1172.62 1096.78 1322.57
threshold=1.0000000180025095e-35 87.625000000000014 19.995000000000001 0.45000000000000007 16679.000000000004 41.605000000000011 1.0000000180025095e-35
decision_type=2 2 2 2 2 2 2
left_child=1 2 3 4 -1 6 -2
right_child=5 -3 -4 -5 -6 -7 -8
leaf_value=-0.12380569466620044 0.033009836354758591 0.046824348739254493 -0.002601438203253717 -0.016077607140160991 -0.012529056087975773 0.028941362466615134 -0.012897974199264178
leaf_weight=88 347 186 4905 616 66 946 870
leaf_count=88 347 186 4905 616 66 946 870
internal_value=0.000204219 -0.00446937 -0.00619027 -0.0288873 -0.0780094 0.0128492 0.000273106
internal_weight=8024 5861 5675 770 154 2163 1217
internal_count=8024 5861 5675 770 154 2163 1217
is_linear=0
shrinkage=0.02


Tree=442
num_leaves=8
num_cat=0
split_feature=16 52 40 64 54 40 58
split_gain=1133.02 775.871 745.498 695.012 865.358 828.823 808.75
threshold=0.50155000000000005 1.0000000180025095e-35 7.5900000000000007 4.5000000000000009 61.605000000000011 80.490000000000023 44.930000000000007
decision_type=2 2 2 2 2 2 2
left_child=1 -1 -2 4 -3 6 -6
right_child=2 3 -4 -5 5 -7 -8
leaf_value=-0.085451336979866038 -0.068723057079315183 0.050065303365794983 0.0090704968111360463 0.02058115608906478 -0.019484513786223245 0.027621655903977756 0.00066009601428983059
leaf_weight=45 45 93 3662 351 2297 214 1219
leaf_count=45 45 93 3662 351 2297 214 1219
internal_value=-2.64995e-05 -0.00711068 0.00803485 -0.00616486 -0.00864416 -0.010173 -0.0125093
internal_weight=7926 4219 3707 4174 3823 3730 3516
internal_count=7926 4219 3707 4174 3823 3730 3516
is_linear=0
shrinkage=0.02


Tree=443
num_leaves=8
num_cat=0
split_feature=16 57 23 41 43 34 51
split_gain=1184.47 1163.22 1066.09 946.165 1068.18 1228.19 978.935
threshold=0.26805000000000007 33.395000000000003 4.1500000000000012 82.410000000000011 1.0000000180025095e-35 3.5000000000000004 14.135000000000003
decision_type=2 2 2 2 2 2 2
left_child=-1 -2 -3 4 5 6 -4
right_child=1 2 3 -5 -6 -7 -8
leaf_value=-0.027428401037159437 0.0097505965411508709 0.030914663183696879 -0.072646522566478341 0.032961608678770016 -0.0050334903553849635 0.052383053836537831 -0.023371629418683967
leaf_weight=622 3416 283 221 198 2608 62 594
leaf_count=622 3416 283 221 198 2608 62 594
internal_value=-0.00103718 0.00120358 -0.00616115 -0.00904809 -0.0114787 -0.030508 -0.0370948
internal_weight=8004 7382 3966 3683 3485 877 815
internal_count=8004 7382 3966 3683 3485 877 815
is_linear=0
shrinkage=0.02


Tree=444
num_leaves=8
num_cat=0
split_feature=12 16 66 54 47 13 52
split_gain=1589.99 1068.59 878.469 931.063 904.361 835.301 819.498
threshold=77.385000000000005 0.38355000000000006 0.56250000000000011 61.605000000000011 9.5000000000000018 415.75000000000006 15.630000000000001
decision_type=2 2 2 2 2 2 2
left_child=1 2 3 -1 5 -5 -3
right_child=-2 6 -4 4 -6 -7 -8
leaf_value=0.063557853561181293 0.029504095667747643 -0.029302447987514718 0.022055947145646706 -0.033566996657600948 0.014867296680247626 0.013952093165830749 0.0038427381409287917
leaf_weight=47 664 312 219 1308 221 164 5079
leaf_count=47 664 312 219 1308 221 164 5079
internal_value=-1.54843e-05 -0.00270053 -0.015331 -0.0200863 -0.0225887 -0.0282434 0.00189911
internal_weight=8014 7350 1959 1740 1693 1472 5391
internal_count=8014 7350 1959 1740 1693 1472 5391
is_linear=0
shrinkage=0.02


Tree=445
num_leaves=8
num_cat=0
split_feature=33 32 64 33 10 16 16
split_gain=1039.04 1024.93 1444.98 1283.1 1189.63 1338.21 1282.82
threshold=1.0000000180025095e-35 1.0000000180025095e-35 4.5000000000000009 5.5000000000000009 12878.85 0.56775000000000009 0.67360000000000009
decision_type=2 2 2 2 2 2 2
left_child=-1 -2 3 4 5 -3 -7
right_child=1 2 -4 -5 -6 6 -8
leaf_value=-0.031984770847323499 0.0066264432544509569 -0.096764433921720738 0.018018284132284103 0.041921248794792011 -0.014353186093700829 0.065111755452372813 -0.076380049989869192
leaf_weight=400 4729 151 638 139 1878 50 43
leaf_count=400 4729 151 638 139 1878 50 43
internal_value=-0.000767986 0.000888851 -0.0084659 -0.0159624 -0.0198436 -0.0609653 -0.000868325
internal_weight=8028 7628 2899 2261 2122 244 93
internal_count=8028 7628 2899 2261 2122 244 93
is_linear=0
shrinkage=0.02


Tree=446
num_leaves=8
num_cat=0
split_feature=9 16 47 55 0 16 31
split_gain=1433.95 1041.13 1178.34 978.429 1137.16 1051.04 1234.68
threshold=12.500000000000002 0.72145000000000015 7.5000000000000009 59.205000000000005 68.500000000000014 0.23030000000000003 1.0000000180025095e-35
decision_type=2 2 2 2 2 2 2
left_child=1 3 -3 4 5 6 -1
right_child=-2 2 -4 -5 -6 -7 -8
leaf_value=-0.095754963997751477 0.024270905960233589 0.045763483858295803 -0.011279330372440914 -0.03164127268499977 0.041890925847830884 -0.0019991084890230858 -0.0031702982735904777
leaf_weight=101 945 361 237 477 222 5574 127
leaf_count=101 945 361 237 477 222 5574 127
internal_value=0.00119441 -0.00189239 0.0232501 -0.00422124 -0.00202559 -0.00374058 -0.0453584
internal_weight=8044 7099 598 6501 6024 5802 228
internal_count=8044 7099 598 6501 6024 5802 228
is_linear=0
shrinkage=0.02


Tree=447
num_leaves=8
num_cat=0
split_feature=44 41 57 57 55 0 41
split_gain=1190.77 1502.9 1192.22 1190.25 1370.14 1098.02 1096.39
threshold=1.0000000180025095e-35 71.760000000000005 11.340000000000002 19.395000000000003 51.435000000000009 55.500000000000007 33.495000000000012
decision_type=2 2 2 2 2 2 2
left_child=1 2 -1 6 -5 -2 -4
right_child=5 -3 3 4 -6 -7 -8
leaf_value=0.031605615773189225 0.00016000258062321741 0.039596210513984306 -0.15550076903081408 -0.0048698813786974809 -0.051881720206153614 0.020676410998169491 -0.0419090866112709
leaf_weight=147 5098 176 46 764 363 1307 120
leaf_count=147 5098 176 46 764 363 1307 120
internal_value=0.000486958 -0.0148276 -0.0215934 -0.0277401 -0.0201744 0.00435943 -0.0770127
internal_weight=8021 1616 1440 1293 1127 6405 166
internal_count=8021 1616 1440 1293 1127 6405 166
is_linear=0
shrinkage=0.02


Tree=448
num_leaves=8
num_cat=0
split_feature=14 66 13 16 34 41 13
split_gain=942.143 1090.77 879.69 887.273 850.784 1079.82 955.597
threshold=43.180000000000007 0.18750000000000003 377.25000000000006 0.59965000000000013 3.5000000000000004 23.250000000000004 367.35000000000008
decision_type=2 2 2 2 2 2 2
left_child=2 -2 4 -4 5 -1 -7
right_child=1 -3 3 -5 -6 6 -8
leaf_value=-0.03660370699383577 -0.085334230435009192 -0.011101028431800828 0.0048371181210681196 0.034722304783309947 0.023909341935710659 0.00021336240721259376 -0.033181271671290057
leaf_weight=399 99 340 1615 523 430 4226 368
leaf_count=399 99 340 1615 523 430 4226 368
internal_value=-0.000299353 -0.028614 0.00136245 0.0122116 -0.00292211 -0.00525446 -0.00249486
internal_weight=8000 439 7561 2138 5423 4993 4594
internal_count=8000 439 7561 2138 5423 4993 4594
is_linear=0
shrinkage=0.02


Tree=449
num_leaves=8
num_cat=0
split_feature=40 12 62 13 24 8 16
split_gain=1082.92 958.649 1003.22 926.643 917.135 891.646 1045.21
threshold=5.6100000000000003 7.3150000000000004 1.0000000180025095e-35 319.05000000000007 1.5000000000000002 20.085000000000004 0.36255000000000004
decision_type=2 2 2 2 2 2 2
left_child=4 2 3 -2 -1 -3 -7
right_child=1 5 -4 -5 -6 6 -8
leaf_value=0.018829351219866012 0.03061797202671649 0.011939979879853426 -0.080751892642109802 -0.050248144660496485 -0.095050103215630663 -0.020052684693614667 0.0022237327303509507
leaf_weight=40 117 2580 108 101 81 1065 3959
leaf_count=40 117 2580 108 101 81 1065 3959
internal_value=2.24043e-05 0.000946122 -0.0323742 -0.00713413 -0.0581507 0.00239497 -0.00251372
internal_weight=8051 7930 326 218 121 7604 5024
internal_count=8051 7930 326 218 121 7604 5024
is_linear=0
shrinkage=0.02


Tree=450
num_leaves=8
num_cat=0
split_feature=64 45 54 40 64 32 23
split_gain=1241.39 1128.04 1586.56 1612.09 1820.56 1473.2 1159.47
threshold=1.0000000180025095e-35 1.0000000180025095e-35 82.955000000000013 31.265000000000004 3.5000000000000004 1.0000000180025095e-35 7.5500000000000007
decision_type=2 2 2 2 2 2 2
left_child=-1 5 3 4 -3 -2 -6
right_child=1 2 -4 -5 6 -7 -8
leaf_value=-0.092766155085321197 0.017671018172743486 -0.076895035599497549 -0.016642046358686997 0.016794576417456984 0.096380163407325747 -0.0095939178988971481 -0.01732870046136668
leaf_weight=54 2215 169 2778 1436 45 1229 123
leaf_count=54 2215 169 2778 1436 45 1229 123
internal_value=-0.00136269 -0.000687733 -0.00721963 0.00754903 -0.031517 0.00794165 0.0150343
internal_weight=8049 7995 4551 1773 337 3444 168
internal_count=8049 7995 4551 1773 337 3444 168
is_linear=0
shrinkage=0.02


Tree=451
num_leaves=8
num_cat=0
split_feature=23 53 40 22 12 49 40
split_gain=876.739 1073.91 994.638 993.127 930.441 753.355 762.985
threshold=4.3500000000000005 82.040000000000006 5.6100000000000003 24689.850000000002 49.425000000000004 25.500000000000004 68.700000000000003
decision_type=2 2 2 2 2 2 2
left_child=1 3 4 5 -2 -1 -7
right_child=2 -3 -4 -5 -6 6 -8
leaf_value=-0.0030066011256117413 -0.10751688293674412 0.094532654424236251 -0.0007806150148863064 -0.071574836934314059 0.0050197765603661538 0.056849472293209642 -0.030057604825496673
leaf_weight=276 63 68 7242 46 51 243 45
leaf_count=276 63 68 7242 46 51 243 45
internal_value=0.000287889 0.0219641 -0.00172356 0.0131717 -0.059076 0.0206519 0.042989
internal_weight=8034 678 7356 610 114 564 288
internal_count=8034 678 7356 610 114 564 288
is_linear=0
shrinkage=0.02


Tree=452
num_leaves=8
num_cat=0
split_feature=40 43 42 22 54 33 67
split_gain=998.47 932.762 1249.92 1406.94 1106.13 1135.26 921.638
threshold=87.625000000000014 1.0000000180025095e-35 9.1200000000000028 22649.150000000005 73.385000000000005 2.5000000000000004 8.5212777198243526
decision_type=2 2 2 2 2 2 2
left_child=1 2 -1 -4 5 -3 -7
right_child=-2 4 3 -5 -6 6 -8
leaf_value=-0.082197557943207877 0.038789012890295148 0.055212263594063143 -0.001756797982930734 -0.051960789473584068 0.00011618176331196682 -0.014804918621480465 0.047052684240502261
leaf_weight=93 262 308 1584 255 5107 295 137
leaf_count=93 262 308 1584 255 5107 295 137
internal_value=0.000760044 -0.000544881 -0.0125745 -0.00884022 0.00343735 0.0262033 0.00512587
internal_weight=8041 7779 1932 1839 5847 740 432
internal_count=8041 7779 1932 1839 5847 740 432
is_linear=0
shrinkage=0.02


Tree=453
num_leaves=8
num_cat=0
split_feature=64 66 52 55 54 67 65
split_gain=1173.7 2825.39 1527.9 1220.23 930.625 1016.64 927.7
threshold=2.5000000000000004 0.43750000000000006 65.310000000000016 54.465000000000011 93.195000000000007 16.173922160407155 0.61250000000000016
decision_type=2 2 2 2 2 2 2
left_child=1 2 3 -1 5 -3 -4
right_child=-2 4 6 -5 -6 -7 -8
leaf_value=0.0037809160535493482 -0.0040627186457634547 0.071804477045448817 0.019525321650380456 -0.042798916699448179 0.13538524942447061 -0.03613380926458732 0.086439265271027882
leaf_weight=1397 5681 159 282 263 68 41 115
leaf_count=1397 5681 159 282 263 68 41 115
internal_value=0.000836787 0.0127915 0.00475617 -0.00370526 0.0732487 0.0493355 0.0397425
internal_weight=8006 2325 2057 1660 268 200 397
internal_count=8006 2325 2057 1660 268 200 397
is_linear=0
shrinkage=0.02


Tree=454
num_leaves=8
num_cat=0
split_feature=8 17 21 30 40 44 16
split_gain=1263.15 1357.52 1096.66 1022.78 1253.7 1289.81 1153.29
threshold=47.245000000000012 5035.1000000000013 405000.60000000003 1.0000000180025095e-35 87.625000000000014 1.0000000180025095e-35 0.5474500000000001
decision_type=2 2 10 2 2 2 2
left_child=2 -2 3 4 5 6 -1
right_child=1 -3 -4 -5 -6 -7 -8
leaf_value=-0.045910169665080283 -0.080222955774253521 -0.012836785386447483 0.023145635161120046 0.012160028963146887 0.049852141884846553 -0.0025789971662943936 0.00087061289686698464
leaf_weight=584 137 777 829 1666 150 3574 328
leaf_count=584 137 777 829 1666 150 3574 328
internal_value=-0.00124987 -0.0233189 0.00159313 -0.00125811 -0.00608798 -0.00801189 -0.0291725
internal_weight=8045 914 7131 6302 4636 4486 912
internal_count=8045 914 7131 6302 4636 4486 912
is_linear=0
shrinkage=0.02


Tree=455
num_leaves=8
num_cat=0
split_feature=16 9 13 13 33 45 52
split_gain=1742.6 995.759 992.798 959.74 920.721 905.745 860.595
threshold=0.72145000000000015 3.5000000000000004 388.55000000000007 332.15000000000003 1.0000000180025095e-35 1.0000000180025095e-35 82.050000000000011
decision_type=2 2 2 2 2 2 2
left_child=1 3 -2 -1 5 -3 -6
right_child=2 4 -4 -5 6 -7 -8
leaf_value=0.00073603034194198204 0.01990572390150324 0.0056204723280209755 0.084905669834085956 -0.020255854972158573 0.004109222687382473 -0.092658638793386899 0.047074449280741372
leaf_weight=1658 489 73 113 1830 3525 71 192
leaf_count=1658 489 73 113 1830 3525 71 192
internal_value=0.000136046 -0.00255234 0.0327056 -0.0102907 0.00444272 -0.0443199 0.00638883
internal_weight=7951 7349 602 3488 3861 144 3717
internal_count=7951 7349 602 3488 3861 144 3717
is_linear=0
shrinkage=0.02


Tree=456
num_leaves=8
num_cat=0
split_feature=51 56 65 16 14 16 13
split_gain=895.034 1271.02 1231.05 1371.1 1066.74 1128.53 1016.15
threshold=32.095000000000006 39.125000000000007 0.61250000000000016 0.26805000000000007 33.970000000000006 0.51795000000000013 360.45000000000005
decision_type=2 2 2 2 2 2 2
left_child=1 -1 3 -3 5 -2 -5
right_child=4 2 -4 6 -6 -7 -8
leaf_value=0.0060052190182556791 0.0041500496250174773 -0.093991064104650704 0.0011474366466993364 -0.0072048920299857856 -0.017499677967504564 0.03171360356652176 -0.043546288750975243
leaf_weight=2380 1580 107 1147 823 493 949 489
leaf_count=2380 1580 107 1147 823 493 949 489
internal_value=0.00072213 -0.0045163 -0.0142679 -0.0266886 0.00928899 0.0145354 -0.0208637
internal_weight=7968 4946 2566 1419 3022 2529 1312
internal_count=7968 4946 2566 1419 3022 2529 1312
is_linear=0
shrinkage=0.02


Tree=457
num_leaves=8
num_cat=0
split_feature=45 9 40 8 64 40 54
split_gain=1206.95 1432.66 1505.29 1262.09 1186.51 1300.12 1623.13
threshold=1.0000000180025095e-35 4.5000000000000009 37.090000000000011 53.770000000000003 4.5000000000000009 41.410000000000004 83.385000000000005
decision_type=2 2 2 2 2 2 2
left_child=1 3 -3 -1 5 -2 -7
right_child=4 2 -4 -5 -6 6 -8
leaf_value=0.0010570585341848964 -0.028885184946049684 0.049604123207960232 0.0078317869681838563 -0.062086584402850885 0.017772864083307801 0.015203502487157751 -0.016367176359829802
leaf_weight=1833 1216 529 982 131 628 1064 1663
leaf_count=1833 1216 529 982 131 628 1064 1663
internal_value=-0.000912784 0.00796485 0.0225716 -0.00330163 -0.00766313 -0.0117317 -0.00404389
internal_weight=8046 3475 1511 1964 4571 3943 2727
internal_count=8046 3475 1511 1964 4571 3943 2727
is_linear=0
shrinkage=0.02


Tree=458
num_leaves=8
num_cat=1
split_feature=9 34 41 17 4 38 38
split_gain=1155.48 934.99 1122.89 1317.22 803.562 909.633 817.305
threshold=4.5000000000000009 1.0000000180025095e-35 66.815000000000012 6055.2000000000016 0 4394.0500000000002 2627.5000000000005
decision_type=2 2 2 2 1 8 10
left_child=1 2 -1 -4 5 6 -2
right_child=4 -3 3 -5 -6 -7 -8
leaf_value=-0.048909198148830518 0.022368972614773962 -0.0034399515590296656 0.1044916419526364 -0.042845146165174597 0.0024016358145573743 0.033087149071107741 -0.05443880330990343
leaf_weight=365 117 4145 42 46 2378 828 97
leaf_count=365 117 4145 42 46 2378 828 97
internal_value=0.000104546 -0.00644063 -0.0335598 0.0293119 0.00890072 0.0234038 -0.0128938
internal_weight=8018 4598 453 88 3420 1042 214
internal_count=8018 4598 453 88 3420 1042 214
cat_boundaries=0 1
cat_threshold=6
is_linear=0
shrinkage=0.02


Tree=459
num_leaves=8
num_cat=0
split_feature=48 12 22 56 42 30 35
split_gain=1069.15 847.258 1558.73 811.536 1068.41 715.165 1032.9
threshold=18.500000000000004 22.085000000000004 28469.050000000003 53.525000000000006 34.960000000000008 1.0000000180025095e-35 1.0000000180025095e-35
decision_type=2 2 2 2 2 2 2
left_child=1 2 5 -3 -5 6 -1
right_child=-2 3 -4 4 -6 -7 -8
leaf_value=-0.0079845106013871122 -0.031944281036380084 0.0024347489172275132 -0.11406704409917195 0.10512814013021332 0.014062814284832432 0.01801872280383842 -0.066619964854640737
leaf_weight=649 407 6214 55 65 203 280 143
leaf_count=649 407 6214 55 65 203 280 143
internal_value=-0.000564221 0.00113415 -0.0148324 0.00391949 0.0376705 -0.00923518 -0.018923
internal_weight=8016 7609 1127 6482 268 1072 792
internal_count=8016 7609 1127 6482 268 1072 792
is_linear=0
shrinkage=0.02


Tree=460
num_leaves=8
num_cat=0
split_feature=16 22 12 0 68 16 43
split_gain=925.816 905.98 854.704 1557.4 1537.54 946.027 925.943
threshold=0.77885000000000015 18085.850000000002 7.3150000000000004 42.500000000000007 865707.90000000026 0.40825000000000006 1.0000000180025095e-35
decision_type=2 2 2 2 2 2 2
left_child=2 -2 3 4 -1 -5 -4
right_child=1 -3 6 5 -6 -7 -8
leaf_value=-0.031398355036723516 0.01254892180122996 0.092139440326129682 -0.01058832445587596 -0.035038460448875534 -0.16369970393630695 0.055980385193682237 0.0057386388504557543
leaf_weight=114 181 80 1843 86 48 87 5595
leaf_count=114 181 80 1843 86 48 87 5595
internal_value=0.00152809 0.0382179 0.000272353 -0.0307376 -0.0743263 0.0110208 0.00168872
internal_weight=8034 261 7773 335 162 173 7438
internal_count=8034 261 7773 335 162 173 7438
is_linear=0
shrinkage=0.02


Tree=461
num_leaves=8
num_cat=1
split_feature=16 10 41 2 47 40 55
split_gain=1250.86 1229.3 1061.97 1041.43 1027.33 927.635 964.479
threshold=0.72825000000000006 14569.450000000003 68.115000000000023 0 6.5000000000000009 20.705000000000002 36.945000000000007
decision_type=2 2 2 1 2 2 2
left_child=1 2 3 -1 -2 -5 -7
right_child=4 -3 -4 5 -6 6 -8
leaf_value=-0.0018644921846907609 0.055888173845924545 0.0022595107919131268 0.017277100552602596 -0.10936217398072282 0.0011684148989933993 0.035877001007666463 -0.040987292296356621
leaf_weight=468 279 5970 276 67 266 69 625
leaf_count=468 279 5970 276 67 266 69 625
internal_value=0.000324312 -0.00181635 -0.0179383 -0.0258847 0.0294343 -0.0400015 -0.0331432
internal_weight=8020 7475 1505 1229 545 761 694
internal_count=8020 7475 1505 1229 545 761 694
cat_boundaries=0 1
cat_threshold=38
is_linear=0
shrinkage=0.02


Tree=462
num_leaves=8
num_cat=0
split_feature=52 18 65 51 23 41 56
split_gain=748.488 1239.42 881.715 717.504 672.937 1245.56 1085.66
threshold=15.630000000000001 399545.50000000006 0.69047619047619058 45.685000000000009 4.3500000000000005 42.375000000000007 34.205000000000005
decision_type=2 2 2 2 2 2 2
left_child=1 2 3 -1 5 6 -2
right_child=4 -3 -4 -5 -6 -7 -8
leaf_value=-0.070189148954721906 0.14425044312769053 0.035352659840136767 0.024669005428232364 0.01231817404429118 -0.00059963207758842094 0.0019538823591825445 0.03438410568330437
leaf_weight=247 44 102 62 49 6952 447 155
leaf_count=247 44 102 62 49 6952 447 155
internal_value=-0.000285958 -0.0249181 -0.0423407 -0.0565531 0.00122073 0.020665 0.0616163
internal_weight=8058 460 358 296 7598 646 199
internal_count=8058 460 358 296 7598 646 199
is_linear=0
shrinkage=0.02


Tree=463
num_leaves=8
num_cat=0
split_feature=9 30 17 26 68 47 13
split_gain=914.053 962.343 822.504 902.281 894.115 1506.71 976.981
threshold=1.5000000000000002 1.0000000180025095e-35 3730.3000000000006 1.0000000180025095e-35 971458.90000000014 6.5000000000000009 346.35000000000008
decision_type=2 2 2 2 2 2 2
left_child=2 -2 -1 4 -4 -6 -7
right_child=1 -3 3 -5 5 6 -8
leaf_value=0.012967274248652901 0.0002136353562687444 0.018431830029323519 -0.017709545721225874 0.0045096697933561638 -0.11289148280672405 0.042192287080323521 -0.073394424674602651
leaf_weight=488 4168 1602 938 558 110 62 47
leaf_count=488 4168 1602 938 558 110 62 47
internal_value=0.0010994 0.00528337 -0.00984621 -0.0163566 -0.0263961 -0.0623757 -0.00868094
internal_weight=7973 5770 2203 1715 1157 219 109
internal_count=7973 5770 2203 1715 1157 219 109
is_linear=0
shrinkage=0.02


Tree=464
num_leaves=8
num_cat=0
split_feature=8 9 41 34 54 18 10
split_gain=1249.46 1409.13 1305.72 1257.78 1060.81 1441.63 1027.85
threshold=30.165000000000003 4.5000000000000009 53.32500000000001 2.5000000000000004 76.570000000000007 93615.650000000009 71751.300000000017
decision_type=2 2 2 2 2 2 2
left_child=-1 2 3 4 5 -2 -6
right_child=1 -3 -4 -5 6 -7 -8
leaf_value=0.0055208935399785235 -0.058223475478589533 0.0049275453456724492 -0.0031856371030800409 -0.0012605872470544371 -0.075612947542754216 0.078363854698836805 -0.0056687885026137034
leaf_weight=4933 64 1303 773 268 473 51 103
leaf_count=4933 64 1303 773 268 473 51 103
internal_value=-0.000689756 -0.0107768 -0.0225716 -0.0381 -0.0522762 0.0030913 -0.063262
internal_weight=7968 3035 1732 959 691 115 576
internal_count=7968 3035 1732 959 691 115 576
is_linear=0
shrinkage=0.02


Tree=465
num_leaves=8
num_cat=0
split_feature=12 58 12 10 49 49 14
split_gain=794.503 764.302 1027.48 949.274 1168.71 1010.99 934.716
threshold=77.385000000000005 29.345000000000002 1.425 18502.500000000004 9.5000000000000018 49.500000000000007 22.615000000000006
decision_type=2 2 2 2 2 2 2
left_child=1 -1 -3 5 -5 -4 -7
right_child=-2 2 3 4 -6 6 -8
leaf_value=-0.012973374588976025 0.020889368210373346 -0.053887684451110543 -0.0031943711613342867 -0.022707822269639549 0.012434364539677108 -0.019002605319255964 -0.10588153188104754
leaf_weight=1768 686 123 1271 420 3483 147 72
leaf_count=1768 686 123 1271 420 3483 147 72
internal_value=0.00039349 -0.0015498 0.00212015 0.00344627 0.00862852 -0.0101119 -0.0492914
internal_weight=7970 7284 5516 5393 3903 1490 219
internal_count=7970 7284 5516 5393 3903 1490 219
is_linear=0
shrinkage=0.02


Tree=466
num_leaves=8
num_cat=2
split_feature=12 7 16 48 2 16 56
split_gain=1019.61 1118.73 1045.68 1531.25 1178.21 908.636 906.347
threshold=19.995000000000001 0 0.46435000000000004 1.0000000180025095e-35 1 0.17090000000000002 31.025000000000002
decision_type=2 1 2 2 1 2 2
left_child=1 -1 4 -4 -3 -2 -5
right_child=5 2 3 6 -6 -7 -8
leaf_value=-0.07639819385651804 -0.060786526481528859 -0.087901150017355878 -0.084342930425727172 0.10042820672778521 -0.01242581626070389 0.0028277317944494559 0.010632628465513699
leaf_weight=107 86 105 58 46 311 6912 395
leaf_count=107 86 105 58 46 311 6912 395
internal_value=-0.00072653 -0.0193362 -0.0113308 0.00805811 -0.0346769 0.00200312 0.0210199
internal_weight=8020 1022 915 499 416 6998 441
internal_count=8020 1022 915 499 416 6998 441
cat_boundaries=0 1 2
cat_threshold=32 3
is_linear=0
shrinkage=0.02


Tree=467
num_leaves=8
num_cat=1
split_feature=14 65 8 7 36 21 14
split_gain=1024.84 1144.39 1001.05 1180.04 949.251 808.907 960.801
threshold=43.180000000000007 0.58571428571428574 24.545000000000005 0 1.0000000180025095e-35 153827.80000000002 11.625000000000002
decision_type=2 2 2 1 2 10 2
left_child=2 -2 5 4 -4 6 -1
right_child=1 -3 3 -5 -6 -7 -8
leaf_value=0.026333677552577754 -0.059713959539066191 0.0040047945977913007 -0.079981781970324198 -0.0011720317149422246 -0.0088013723483480553 0.019005582927963019 -0.0087249277584769587
leaf_weight=411 225 220 140 3683 158 1926 1254
leaf_count=411 225 220 140 3683 158 1926 1254
internal_value=0.000806609 -0.0285181 0.00254768 -0.00435679 -0.0416357 0.0101974 -1.78887e-05
internal_weight=8017 445 7572 3981 298 3591 1665
internal_count=8017 445 7572 3981 298 3591 1665
cat_boundaries=0 1
cat_threshold=32
is_linear=0
shrinkage=0.02


Tree=468
num_leaves=8
num_cat=0
split_feature=12 40 9 40 65 16 32
split_gain=856.668 1355.17 1368.62 1281.24 1324.24 1101.96 956.611
threshold=45.745000000000012 5.6100000000000003 1.5000000000000002 61.890000000000008 1.0000000180025095e-35 0.77305000000000013 1.0000000180025095e-35
decision_type=2 2 2 2 2 2 2
left_child=1 -1 3 4 -3 -6 -2
right_child=6 2 -4 -5 5 -7 -8
leaf_value=-0.09565556741677797 0.015600005493063958 -0.10843962957461675 0.0038518774832050173 0.0075521985443391627 -0.034165742819609698 0.067769884719796808 -0.004591814222779632
leaf_weight=60 2494 88 2816 378 605 41 1500
leaf_count=60 2494 88 2816 378 605 41 1500
internal_value=0.00147818 -0.00507577 -0.00357232 -0.0223063 -0.03763 -0.0272253 0.00802044
internal_weight=7982 3988 3928 1112 734 646 3994
internal_count=7982 3988 3928 1112 734 646 3994
is_linear=0
shrinkage=0.02


Tree=469
num_leaves=8
num_cat=1
split_feature=7 8 36 14 16 41 14
split_gain=858.942 976.126 1257.72 1162.1 872.494 802.091 784.407
threshold=0 28.590000000000003 1.0000000180025095e-35 17.975000000000005 0.17090000000000002 54.105000000000011 34.32500000000001
decision_type=1 2 2 2 2 2 2
left_child=1 3 5 -1 -2 -3 -6
right_child=4 2 -4 -5 6 -7 -8
leaf_value=0.029825908786675952 -0.058356961005189445 -0.14860506352270023 -0.0080676229843279212 -0.035336548206223936 0.0070679374154442197 -0.03360480620861054 -0.013067022754514421
leaf_weight=217 84 59 118 211 6434 45 875
leaf_count=217 84 59 118 211 6434 45 875
internal_value=0.00194124 -0.0198415 -0.0536708 -0.00233566 0.00389008 -0.102669 0.00465019
internal_weight=8043 650 222 428 7393 104 7309
internal_count=8043 650 222 428 7393 104 7309
cat_boundaries=0 1
cat_threshold=32
is_linear=0
shrinkage=0.02


Tree=470
num_leaves=8
num_cat=0
split_feature=12 38 44 30 23 18 43
split_gain=1020.21 1338.34 904.942 821.599 794.806 890.155 713.76
threshold=22.085000000000004 2120.8500000000008 1.0000000180025095e-35 1.0000000180025095e-35 23.150000000000002 61243.700000000004 1.0000000180025095e-35
decision_type=2 10 2 2 2 2 2
left_child=1 2 -1 -3 6 -6 -2
right_child=4 3 -4 -5 5 -7 -8
leaf_value=-0.083024533070145276 -0.011238567665060286 -0.011722207236656268 -0.024864427425187272 0.040107903573769706 0.002792612411537949 0.06079886092667125 0.0042079029281524632
leaf_weight=139 1588 413 448 168 240 185 4804
leaf_count=139 1588 413 448 168 240 185 4804
internal_value=-0.000827484 -0.0180566 -0.0392215 0.00347915 0.00213555 0.0284558 0.000364666
internal_weight=7985 1168 587 581 6817 425 6392
internal_count=7985 1168 587 581 6817 425 6392
is_linear=0
shrinkage=0.02


Tree=471
num_leaves=8
num_cat=0
split_feature=52 32 46 55 12 31 13
split_gain=1188.94 1140.21 1127.3 1024.11 956.006 926.617 1037.25
threshold=15.630000000000001 1.0000000180025095e-35 1.5000000000000002 51.185000000000009 85.185000000000016 1.0000000180025095e-35 360.45000000000005
decision_type=2 2 2 2 2 2 2
left_child=-1 2 3 -2 -4 6 -3
right_child=1 5 4 -5 -6 -7 -8
leaf_value=-0.031335690454965336 -0.0096013616003534381 -0.039250580043673516 0.0083282298765363326 -0.10186954750446603 0.051750362951903134 0.0012798144663465835 0.00077246107194381007
leaf_weight=442 199 620 4364 59 208 1638 442
leaf_count=442 199 620 4364 59 208 1638 442
internal_value=0.00035601 0.00223583 0.00805182 -0.032237 0.0103581 -0.00816399 -0.0226676
internal_weight=7972 7530 4830 258 4572 2700 1062
internal_count=7972 7530 4830 258 4572 2700 1062
is_linear=0
shrinkage=0.02


Tree=472
num_leaves=8
num_cat=0
split_feature=43 40 46 0 55 12 49
split_gain=1310.29 1160.37 931.315 941.619 1241.75 912.306 841.484
threshold=1.0000000180025095e-35 73.395000000000024 1.5000000000000002 56.500000000000007 52.765000000000008 22.085000000000004 9.5000000000000018
decision_type=2 2 2 2 2 2 2
left_child=1 2 -1 -4 -5 -2 -7
right_child=5 -3 3 4 -6 6 -8
leaf_value=-0.067977359891937886 -0.015090039218347796 0.031532915149690567 -0.023784350971676794 0.032053179009070572 -0.052587042766940463 -0.016593174327020815 0.0097567757555453022
leaf_weight=144 876 189 1278 288 86 538 4547
leaf_count=144 876 189 1278 288 86 538 4547
internal_value=-0.000982515 -0.0150354 -0.0200099 -0.0156362 0.0121535 0.00370574 0.00695535
internal_weight=7946 1985 1796 1652 374 5961 5085
internal_count=7946 1985 1796 1652 374 5961 5085
is_linear=0
shrinkage=0.02


Tree=473
num_leaves=8
num_cat=0
split_feature=55 52 15 22 0 68 21
split_gain=912.473 734.556 1108.33 1011.94 724.678 768.681 665.525
threshold=55.685000000000009 15.630000000000001 1.5000000000000002 14381.35 68.500000000000014 718949.75000000012 256527.20000000004
decision_type=2 2 2 2 2 2 10
left_child=1 2 3 -1 -3 -6 -5
right_child=-2 4 -4 6 5 -7 -8
leaf_value=0.031277315024643731 -0.0174506669139258 0.0024426724957190282 -0.090348812329272429 -0.0074879988779624311 -0.0033481591235415466 0.057202186051370764 -0.092911876638630223
leaf_weight=141 1057 6173 76 91 142 198 57
leaf_count=141 1057 6173 76 91 142 198 57
internal_value=-0.0001956 0.00246688 -0.0249491 -0.00650645 0.00402128 0.0322315 -0.0423489
internal_weight=7935 6878 365 289 6513 340 148
internal_count=7935 6878 365 289 6513 340 148
is_linear=0
shrinkage=0.02


Tree=474
num_leaves=8
num_cat=0
split_feature=8 9 38 14 33 55 20
split_gain=931.333 1273.99 856.798 1195.64 1023.05 905.089 899.68
threshold=54.410000000000004 8.5000000000000018 17351.150000000005 40.695000000000007 2.5000000000000004 35.985000000000007 954904.40000000002
decision_type=2 2 8 2 2 2 10
left_child=2 -2 5 -4 -5 6 -1
right_child=1 -3 3 4 -6 -7 -8
leaf_value=0.017245268082625945 -0.044114560944276703 0.028393466157275577 -0.0023709745970147953 -0.079095352521747542 -0.0034178849285210135 0.003767707212968941 0.078196560922981231
leaf_weight=407 396 124 3762 152 132 2888 124
leaf_count=407 396 124 3762 152 132 2888 124
internal_value=-0.000970273 -0.0267184 0.000839987 -0.00538575 -0.044589 0.00820455 0.0320754
internal_weight=7985 520 7465 4046 284 3419 531
internal_count=7985 520 7465 4046 284 3419 531
is_linear=0
shrinkage=0.02


Tree=475
num_leaves=8
num_cat=0
split_feature=40 41 0 16 67 16 21
split_gain=792.247 785.254 692.923 945.9 1443.62 821.393 759.609
threshold=5.6100000000000003 26.915000000000003 56.500000000000007 0.36255000000000004 7.2708081574682364 0.42885000000000006 160635.65000000002
decision_type=2 2 2 2 2 2 10
left_child=1 -1 5 -4 6 -2 -5
right_child=2 -3 3 4 -6 -7 -8
leaf_value=-0.0068391907776103305 -0.011806178106824994 -0.10601216046898454 -0.0048212027425268813 0.038894679385115101 0.059834394021382818 0.0038290790730704039 -0.0097321803134939652
leaf_weight=80 1924 49 619 193 334 4427 362
leaf_count=80 1924 49 619 193 334 4427 362
internal_value=0.00116292 -0.0470596 0.00198388 0.0141473 0.0273079 -0.000913096 0.00737399
internal_weight=7988 129 7859 1508 889 6351 555
internal_count=7988 129 7859 1508 889 6351 555
is_linear=0
shrinkage=0.02


Tree=476
num_leaves=8
num_cat=0
split_feature=45 32 34 22 53 0 54
split_gain=919.887 1170.74 1501.23 1016.31 1280.96 1213.87 994.466
threshold=1.0000000180025095e-35 1.0000000180025095e-35 3.5000000000000004 11017.200000000003 65.835000000000022 44.500000000000007 82.955000000000013
decision_type=2 2 2 2 2 2 2
left_child=1 2 3 4 -1 -5 -2
right_child=6 -3 -4 5 -6 -7 -8
leaf_value=0.011218354240164301 0.0064929940880153036 -0.0074700470910338337 0.097509490522775771 -0.0091098919474273121 0.073956101790203579 0.025915072090476533 -0.012685882850827356
leaf_weight=316 1756 1205 84 937 219 678 2800
leaf_count=316 1756 1205 84 937 219 678 2800
internal_value=0.000596948 0.00839876 0.0169558 0.0135897 0.0373468 0.00562869 -0.00529483
internal_weight=7995 3439 2234 2150 535 1615 4556
internal_count=7995 3439 2234 2150 535 1615 4556
is_linear=0
shrinkage=0.02


Tree=477
num_leaves=8
num_cat=1
split_feature=38 56 7 38 38 51 16
split_gain=886.044 1135.39 936.409 930.531 924.198 876.456 953.154
threshold=17351.150000000005 30.155000000000005 0 3518.9000000000001 8369.3500000000022 26.025000000000002 0.26805000000000007
decision_type=8 2 1 10 10 2 2
left_child=1 -1 3 -3 -5 6 -4
right_child=-2 2 5 4 -6 -7 -8
leaf_value=-0.026918291055330161 -0.0064251242152705782 0.092465735401855695 -0.059076729807055604 -0.025062485435574326 0.068588350098331766 0.016671713678087147 0.00039871784821355878
leaf_weight=354 4290 104 113 92 70 1737 1244
leaf_count=354 4290 104 113 92 70 1737 1244
internal_value=-0.000237068 0.00690972 0.0105084 0.0455225 0.0162459 0.00725927 -0.00475261
internal_weight=8004 3714 3360 266 162 3094 1357
internal_count=8004 3714 3360 266 162 3094 1357
cat_boundaries=0 1
cat_threshold=16
is_linear=0
shrinkage=0.02


Tree=478
num_leaves=8
num_cat=0
split_feature=64 33 52 49 49 8 9
split_gain=1001.99 741.525 991.758 1039.57 1258.79 943.342 1318.5
threshold=1.0000000180025095e-35 1.0000000180025095e-35 61.695000000000007 20.500000000000004 32.500000000000007 25.925000000000004 10.500000000000002
decision_type=2 2 2 2 2 2 2
left_child=-1 2 3 -2 -5 -3 -7
right_child=1 5 -4 4 -6 6 -8
leaf_value=-0.082762801456494159 -0.093405070816369173 0.0071013613378705237 0.028553083881418754 0.047588924016607435 -0.058183121079797145 -0.012006850442664578 0.021390059776771983
leaf_weight=56 110 3738 89 71 106 3200 550
leaf_count=56 110 3738 89 71 106 3200 550
internal_value=-0.00201612 -0.0013889 -0.0286067 -0.0465176 -0.015613 -4.01401e-06 -0.00708668
internal_weight=7920 7864 376 287 177 7488 3750
internal_count=7920 7864 376 287 177 7488 3750
is_linear=0
shrinkage=0.02


Tree=479
num_leaves=8
num_cat=0
split_feature=16 21 33 43 22 38 52
split_gain=915.922 817.984 758.204 746.277 1087.37 1186.06 1299.15
threshold=0.32410000000000005 412848.85000000003 4.5000000000000009 1.0000000180025095e-35 22649.150000000005 17577.800000000007 74.845000000000013
decision_type=2 10 2 2 2 8 2
left_child=1 2 -1 4 5 -2 -7
right_child=3 -3 -4 -5 -6 6 -8
leaf_value=-0.028259246595445243 0.016135945806256081 0.026655235447180577 0.02370439648628235 0.0060177750958624052 -0.050867465311407366 -0.028845098251001025 0.059005528243382774
leaf_weight=977 673 151 123 5086 215 680 70
leaf_count=977 673 151 123 5086 215 680 70
internal_value=-0.000689957 -0.016368 -0.0223678 0.00223694 -0.00948518 -0.00307655 -0.0203092
internal_weight=7975 1251 1100 6724 1638 1423 750
internal_count=7975 1251 1100 6724 1638 1423 750
is_linear=0
shrinkage=0.02


Tree=480
num_leaves=8
num_cat=0
split_feature=64 34 42 42 37 32 64
split_gain=756.3 676.804 1320.88 1061.94 881.129 669.609 1411.05
threshold=1.0000000180025095e-35 3.5000000000000004 34.960000000000008 9.1200000000000028 0.32665000000000005 1.0000000180025095e-35 4.5000000000000009
decision_type=2 2 2 2 2 2 2
left_child=-1 3 -3 4 -2 -5 -7
right_child=1 2 -4 5 -6 6 -8
leaf_value=-0.068822226944069073 -0.016676033272345861 0.068252914948493587 0.0052702242262197534 0.006265973705918749 -0.10803703459559895 -0.014865878794083185 0.023172614142052343
leaf_weight=55 145 173 533 4715 56 1839 490
leaf_count=55 145 173 533 4715 56 1839 490
internal_value=0.00192193 0.00245424 0.0210751 0.000626413 -0.0441343 0.00193406 -0.00683044
internal_weight=8006 7951 706 7245 201 7044 2329
internal_count=8006 7951 706 7245 201 7044 2329
is_linear=0
shrinkage=0.02


Tree=481
num_leaves=8
num_cat=0
split_feature=8 41 13 9 17 48 42
split_gain=776.816 917.095 860.976 850.537 1203.81 838.443 1471.82
threshold=47.245000000000012 53.935000000000009 316.85000000000008 5.5000000000000009 23888.600000000002 18.500000000000004 44.765000000000008
decision_type=2 2 2 2 2 2 2
left_child=5 2 -2 4 -4 -1 -7
right_child=1 -3 3 -5 -6 6 -8
leaf_value=0.0039479511873230172 0.0081157261518394058 0.0065204203934517016 -0.10908389069037192 -0.014302636219586939 -0.013407925554447704 -0.072792892349772625 0.0090839551838498619
leaf_weight=6794 142 382 140 168 85 154 194
leaf_count=6794 142 382 140 168 85 154 194
internal_value=0.000160459 -0.0171169 -0.0338986 -0.0489905 -0.0740169 0.00238922 -0.0276668
internal_weight=8059 917 535 393 225 7142 348
internal_count=8059 917 535 393 225 7142 348
is_linear=0
shrinkage=0.02


Tree=482
num_leaves=8
num_cat=0
split_feature=16 52 21 9 16 40 22
split_gain=1215.88 961.645 904.619 831.516 1328.93 1148.72 969.015
threshold=0.60625000000000007 15.630000000000001 221421.50000000003 1.5000000000000002 0.35845000000000005 39.395000000000003 18085.850000000002
decision_type=2 2 8 2 2 2 2
left_child=1 2 -1 4 5 -3 -6
right_child=-2 3 -4 -5 6 -7 -8
leaf_value=0.046479428167144461 0.011635696380368155 -0.12241704870853573 -0.050455179216039758 -0.00043292834749678467 0.0044188255622759987 -0.030271552374309049 -0.038829835186435908
leaf_weight=40 1947 75 305 4389 705 183 288
leaf_count=40 1947 75 305 4389 705 183 288
internal_value=-0.00207423 -0.00654024 -0.0387129 -0.00453968 -0.0188887 -0.0588761 -0.00825629
internal_weight=7932 5985 345 5640 1251 258 993
internal_count=7932 5985 345 5640 1251 258 993
is_linear=0
shrinkage=0.02


Tree=483
num_leaves=8
num_cat=0
split_feature=64 52 64 40 56 16 53
split_gain=848.868 801.271 819.509 999.728 1109.62 977.045 1053.89
threshold=1.0000000180025095e-35 83.715000000000018 4.5000000000000009 76.460000000000022 30.155000000000005 0.25915000000000005 48.57500000000001
decision_type=2 2 2 2 2 2 2
left_child=-1 2 3 4 -2 6 -6
right_child=1 -3 -4 -5 5 -7 -8
leaf_value=-0.079737104953459981 -0.029581132191956763 0.029642487193833399 0.021708899993518209 0.021266335415202661 0.019730537766023824 7.0097713379071874e-06 -0.0521498551179016
leaf_weight=48 658 357 591 628 110 5353 288
leaf_count=48 658 357 591 628 110 5353 288
internal_value=3.96841e-05 0.000568842 -0.000810367 -0.00271571 -0.00508039 -0.00225388 -0.0322851
internal_weight=8033 7985 7628 7037 6409 5751 398
internal_count=8033 7985 7628 7037 6409 5751 398
is_linear=0
shrinkage=0.02


Tree=484
num_leaves=8
num_cat=1
split_feature=9 16 20 57 1 13 54
split_gain=1044.24 884.489 1191.48 1236.04 974.657 682.528 1185.29
threshold=4.5000000000000009 0.29795000000000005 807318.50000000012 28.73 0 301.25000000000006 73.385000000000005
decision_type=2 2 10 2 1 2 2
left_child=1 2 3 -1 -4 6 -2
right_child=5 -3 4 -5 -6 -7 -8
leaf_value=0.042109126165075214 0.047281042065609381 -0.0041453305459362953 -0.029197439072947754 -0.043329425904918555 -0.15518943845079494 0.011689721589626299 -0.026449760186528743
leaf_weight=98 103 4260 52 194 47 2858 452
leaf_count=98 103 4260 52 194 47 2858 452
internal_value=-0.000646024 -0.00680826 -0.0354026 -0.0144287 -0.0935972 0.00774912 -0.0124664
internal_weight=8064 4651 391 292 99 3413 555
internal_count=8064 4651 391 292 99 3413 555
cat_boundaries=0 1
cat_threshold=2
is_linear=0
shrinkage=0.02


Tree=485
num_leaves=8
num_cat=0
split_feature=51 12 22 48 16 64 42
split_gain=959.488 1141.53 1199.79 875.622 1080.51 1208.48 841.359
threshold=32.300000000000004 19.995000000000001 26939.100000000002 1.0000000180025095e-35 0.41265000000000007 2.5000000000000004 9.1200000000000028
decision_type=2 2 2 2 2 2 2
left_child=1 2 3 -1 -5 -6 -2
right_child=6 -3 -4 4 5 -7 -8
leaf_value=-0.085652100275476248 -0.050038288025871708 -0.0020490280867276646 -0.12725063043646515 -0.056978330269503677 0.060736774511502258 -0.018091968570415881 0.010468829102984424
leaf_weight=72 90 4353 43 151 107 250 2933
leaf_count=72 90 4353 43 151 107 250 2933
internal_value=-0.000290939 -0.00568811 -0.0308962 -0.0227261 -0.0130596 0.00604715 0.00858777
internal_weight=7999 4976 623 580 508 357 3023
internal_count=7999 4976 623 580 508 357 3023
is_linear=0
shrinkage=0.02


Tree=486
num_leaves=8
num_cat=0
split_feature=16 56 41 21 64 34 8
split_gain=872.185 1208.5 1306.15 1013.99 893.371 1716.07 1355.43
threshold=0.32955000000000007 39.445000000000007 24.235000000000003 412848.85000000003 2.5000000000000004 2.5000000000000004 49.745000000000005
decision_type=2 2 2 10 2 2 2
left_child=1 -1 -3 -4 5 6 -2
right_child=4 2 3 -5 -6 -7 -8
leaf_value=0.0057107042993180144 0.014024182025158701 -0.10724308898899614 -0.031520200482857433 0.046458308845758439 -0.00031319463346781708 0.06516571495848579 -0.049715258634764038
leaf_weight=666 1560 77 516 72 4739 241 141
leaf_count=666 1560 77 516 72 4739 241 141
internal_value=0.00142542 -0.0133284 -0.0322965 -0.0216606 0.00437248 0.0157782 0.00861044
internal_weight=8012 1331 665 588 6681 1942 1701
internal_count=8012 1331 665 588 6681 1942 1701
is_linear=0
shrinkage=0.02


Tree=487
num_leaves=8
num_cat=0
split_feature=8 48 45 54 67 40 48
split_gain=1259.5 1376.2 923.501 933.417 1069.73 1558.82 1312.99
threshold=54.410000000000004 1.0000000180025095e-35 1.0000000180025095e-35 79.215000000000018 17.389037012401136 30.425000000000004 1.5000000000000002
decision_type=2 2 2 2 2 2 2
left_child=2 -2 -1 4 5 6 -4
right_child=1 -3 3 -5 -6 -7 -8
leaf_value=0.010761631387976832 -0.10410299376012332 -0.015177312940739459 0.036557292044162748 -0.0092335136450991447 0.065352471058793146 0.016214113231353494 -0.079444410380353964
leaf_weight=3203 78 448 51 3078 127 863 133
leaf_count=3203 78 448 51 3078 127 863 133
internal_value=0.000541545 -0.0292201 0.0026596 -0.00344906 0.0116915 0.00490279 -0.0471752
internal_weight=7981 526 7455 4252 1174 1047 184
internal_count=7981 526 7455 4252 1174 1047 184
is_linear=0
shrinkage=0.02


Tree=488
num_leaves=8
num_cat=1
split_feature=64 16 0 17 64 5 8
split_gain=956.665 851.613 790.653 1108.51 1220.52 777.84 892.39
threshold=1.0000000180025095e-35 0.57745000000000013 22.500000000000004 4882.1500000000005 2.5000000000000004 0 24.135000000000002
decision_type=2 2 2 2 2 1 2
left_child=-1 5 3 -3 -5 6 -2
right_child=1 2 -4 4 -6 -7 -8
leaf_value=-0.080612983653055775 0.035327894647020741 0.024009462784288269 0.018466323236186459 -0.082043514065742493 -0.0011995677405197895 -0.0054899483212162651 -0.0024563438956354856
leaf_weight=51 436 228 1857 120 186 4542 576
leaf_count=51 436 228 1857 120 186 4542 576
internal_value=0.00176408 0.00234323 0.0123097 -0.00907301 -0.0337124 -0.00195453 0.0137804
internal_weight=7996 7945 2391 534 306 5554 1012
internal_count=7996 7945 2391 534 306 5554 1012
cat_boundaries=0 1
cat_threshold=1
is_linear=0
shrinkage=0.02


Tree=489
num_leaves=8
num_cat=0
split_feature=8 17 45 21 52 21 16
split_gain=1063.86 816.02 776.435 1561.57 1058.26 834.197 770.099
threshold=44.680000000000007 3966.1000000000008 1.0000000180025095e-35 261716.55000000002 75.930000000000021 408995.65000000008 0.54415000000000013
decision_type=2 2 2 8 2 10 2
left_child=2 -2 3 4 6 -4 -1
right_child=1 -3 5 -5 -6 -7 -8
leaf_value=0.014432700622309707 -0.063338793209305522 -0.010659221066131873 -0.0050489802659644699 0.0045953708764409759 0.13049687502943741 0.024566016887473837 0.064372502934092135
leaf_weight=348 130 942 3487 2429 44 422 190
leaf_count=348 130 942 3487 2429 44 422 190
internal_value=0.0011805 -0.017312 0.00405567 0.01168 0.0409569 -0.00182457 0.0324998
internal_weight=7992 1072 6920 3011 582 3909 538
internal_count=7992 1072 6920 3011 582 3909 538
is_linear=0
shrinkage=0.02


Tree=490
num_leaves=8
num_cat=0
split_feature=12 55 55 48 48 40 21
split_gain=851.512 1005.48 911.425 960.614 975.048 930.776 833.862
threshold=79.110000000000014 57.695000000000007 37.995000000000012 18.500000000000004 22.500000000000004 87.625000000000014 240675.30000000002
decision_type=2 2 2 2 2 2 8
left_child=2 6 -1 5 -5 -4 -2
right_child=1 -3 3 4 -6 -7 -8
leaf_value=0.011105629766767379 0.066449365691871057 0.098506444755882508 -0.0054444219969541812 -0.079183686160083325 -0.0069837392077204729 0.039165872124206164 0.0018486622306518258
leaf_weight=1635 93 58 5272 135 163 189 435
leaf_count=1635 93 58 5272 135 163 189 435
internal_value=-0.000206191 0.0228957 -0.00205133 -0.00579303 -0.0404587 -0.00386609 0.0137438
internal_weight=7980 586 7394 5759 298 5461 528
internal_count=7980 586 7394 5759 298 5461 528
is_linear=0
shrinkage=0.02


Tree=491
num_leaves=8
num_cat=1
split_feature=14 2 43 34 20 40 48
split_gain=849.767 836.776 1189.79 985.881 754.674 793.83 725.906
threshold=34.32500000000001 0 1.0000000180025095e-35 1.5000000000000002 944982.55000000016 41.57500000000001 5.5000000000000009
decision_type=2 1 2 2 10 2 2
left_child=-1 2 -2 6 5 -4 -3
right_child=1 3 4 -5 -6 -7 -8
leaf_value=0.0020385611148501809 -0.092146587145905345 -0.003134199712673823 -0.091715872392934911 0.022834235564759001 0.042009418686268049 -0.0093102017136396098 -0.074150596672358612
leaf_weight=6985 119 145 63 295 62 154 91
leaf_count=6985 119 145 63 295 62 154 91
internal_value=-0.000355767 -0.0182729 -0.0395364 -0.00135223 -0.0172619 -0.0347613 -0.0314879
internal_weight=7914 929 398 531 279 217 236
internal_count=7914 929 398 531 279 217 236
cat_boundaries=0 1
cat_threshold=29
is_linear=0
shrinkage=0.02


Tree=492
num_leaves=8
num_cat=1
split_feature=9 2 40 64 40 64 66
split_gain=919.472 770.787 729.689 890.423 813.245 789.909 746.618
threshold=21.500000000000004 0 87.625000000000014 4.5000000000000009 39.885000000000012 2.5000000000000004 0.68750000000000011
decision_type=2 1 2 2 2 2 2
left_child=2 -2 3 6 -5 -4 -1
right_child=1 -3 5 4 -6 -7 -8
leaf_value=-0.0060558916665175537 0.070517783716662244 -0.0043659720420837402 0.10333791061323516 0.055508029793129597 0.0049933830175075532 0.014007150444281476 0.034888383622785082
leaf_weight=6816 116 100 44 178 424 218 178
leaf_count=6816 116 100 44 178 424 218 178
internal_value=-0.000705488 0.0395282 -0.00183586 -0.00297626 0.0202638 0.0306635 -0.00498966
internal_weight=8074 216 7858 7596 602 262 6994
internal_count=8074 216 7858 7596 602 262 6994
cat_boundaries=0 1
cat_threshold=194
is_linear=0
shrinkage=0.02


Tree=493
num_leaves=8
num_cat=0
split_feature=22 51 8 40 68 18 9
split_gain=728.644 781.535 732.683 988.658 750.697 910.538 748.288
threshold=7364.3000000000011 30.315000000000001 38.125000000000007 30.690000000000001 1301761.4500000004 120755.20000000003 1.5000000000000002
decision_type=2 2 2 2 2 2 2
left_child=1 -1 6 4 5 -4 -2
right_child=2 -3 3 -5 -6 -7 -8
leaf_value=-0.050288910056472923 -0.0050552339249160527 0.0097114426581835257 -0.095590229642585053 -0.0020804867241847689 0.025406534877690401 -0.016092398876355867 0.010527180149720322
leaf_weight=213 1743 142 118 1413 50 113 4185
leaf_count=213 1743 142 118 1413 50 113 4185
internal_value=0.00131893 -0.0264872 0.00263053 -0.0089519 -0.0428641 -0.0578665 0.00594511
internal_weight=7977 355 7622 1694 281 231 5928
internal_count=7977 355 7622 1694 281 231 5928
is_linear=0
shrinkage=0.02


Tree=494
num_leaves=8
num_cat=0
split_feature=52 65 48 23 13 48 43
split_gain=989.438 997.985 1076.15 742.297 1224.08 919.022 692.576
threshold=15.630000000000001 0.69047619047619058 11.500000000000002 6.1500000000000012 354.85000000000008 4.5000000000000009 1.0000000180025095e-35
decision_type=2 2 2 2 2 2 2
left_child=1 2 3 -1 5 -5 -2
right_child=6 -3 -4 4 -6 -7 -8
leaf_value=-0.09162115086564572 -0.009038664655275544 0.028642526296610685 -0.12091675447452753 -0.017200686506099173 -0.063998834469338073 0.082343954010866582 0.0049888576763699091
leaf_weight=54 1860 92 56 85 101 59 5740
leaf_count=54 1860 92 56 85 101 59 5740
internal_value=-0.000156643 -0.0289052 -0.0440097 -0.0278539 -0.0122477 0.0249795 0.00155212
internal_weight=8047 447 355 299 245 144 7600
internal_count=8047 447 355 299 245 144 7600
is_linear=0
shrinkage=0.02


Tree=495
num_leaves=8
num_cat=0
split_feature=12 48 35 41 53 8 48
split_gain=768.81 707.673 805.859 806.164 797.885 763.132 1097.06
threshold=79.555000000000021 18.500000000000004 1.0000000180025095e-35 61.895000000000003 46.165000000000006 54.410000000000004 1.0000000180025095e-35
decision_type=2 2 2 2 2 2 2
left_child=1 5 3 4 -3 -1 -7
right_child=-2 2 -4 -5 -6 6 -8
leaf_value=0.0011258525811460268 0.022167463737799927 0.010352864962943057 0.018632252793069241 0.0099856125780298753 -0.08614428414539857 -0.096351153306864404 -0.011710691989589763
leaf_weight=6612 561 42 103 74 160 69 367
leaf_count=6612 561 42 103 74 160 69 367
internal_value=-0.00030225 -0.00201328 -0.0284533 -0.046044 -0.0663151 -0.000572323 -0.0260462
internal_weight=7988 7427 379 276 202 7048 436
internal_count=7988 7427 379 276 202 7048 436
is_linear=0
shrinkage=0.02


Tree=496
num_leaves=8
num_cat=0
split_feature=64 42 32 17 34 58 23
split_gain=670.812 1523.13 1368.49 992.848 1118.59 895.948 821.865
threshold=4.5000000000000009 30.335000000000004 1.0000000180025095e-35 43393.55000000001 3.5000000000000004 33.525000000000013 23.250000000000004
decision_type=2 2 2 2 2 2 2
left_child=2 -2 3 4 6 -5 -1
right_child=1 -3 -4 5 -6 -7 -8
leaf_value=-0.0030218235079896259 0.094926581459660681 0.0070386647802063752 -0.014498864817769127 -0.0067131788221498337 0.050751226996523999 0.046417333031308447 0.033451682760463425
leaf_weight=4088 88 526 2212 187 170 383 258
leaf_count=4088 88 526 2212 187 170 383 258
internal_value=0.000309921 0.0203 -0.00138464 0.00432762 0.00117473 0.02908 -0.000820623
internal_weight=7912 614 7298 5086 4516 570 4346
internal_count=7912 614 7298 5086 4516 570 4346
is_linear=0
shrinkage=0.02


Tree=497
num_leaves=8
num_cat=0
split_feature=45 51 8 40 41 12 41
split_gain=931.662 965.494 1009.1 1051.47 971.691 940.533 1604.57
threshold=1.0000000180025095e-35 11.915000000000001 53.770000000000003 8.9700000000000024 80.610000000000014 19.995000000000001 31.835000000000004
decision_type=2 2 2 2 2 2 2
left_child=1 4 3 -3 -1 6 -2
right_child=5 2 -4 -5 -6 -7 -8
leaf_value=-0.016718358303760662 -0.10596365434537224 -0.051428616709568921 -0.029778613097538861 0.020280875015334855 0.075375471145522843 -0.0015145937242291741 -0.014251088779031609
leaf_weight=720 86 80 187 2402 44 3993 487
leaf_count=720 86 80 187 2402 44 3993 487
internal_value=0.000948295 0.00881318 0.0144828 0.0178708 -0.0109589 -0.00496819 -0.0288135
internal_weight=7999 3433 2669 2482 764 4566 573
internal_count=7999 3433 2669 2482 764 4566 573
is_linear=0
shrinkage=0.02


Tree=498
num_leaves=8
num_cat=0
split_feature=55 10 42 21 55 23 17
split_gain=1143.38 947.014 1120.1 920.72 757.19 666.737 625.407
threshold=55.685000000000009 31752.650000000005 40.205000000000005 212558.60000000003 61.915000000000006 16.250000000000004 3474.5500000000006
decision_type=2 2 2 8 2 2 2
left_child=-1 2 4 -3 -2 -5 -4
right_child=1 3 6 5 -6 -7 -8
leaf_value=0.0034480172281555746 -0.097654327334532026 -0.074775484912097456 0.023068943769052754 0.023466524386480038 -0.0097082183149953677 -0.0361344958198698 -0.03173793863082397
leaf_weight=6934 142 51 114 357 55 90 277
leaf_count=6934 142 51 114 357 55 90 277
internal_value=0.000455813 -0.0185774 -0.0356536 0.00173892 -0.0739489 0.0111993 -0.0156689
internal_weight=8020 1086 588 498 197 447 391
internal_count=8020 1086 588 498 197 447 391
is_linear=0
shrinkage=0.02


Tree=499
num_leaves=8
num_cat=0
split_feature=8 32 38 14 13 52 8
split_gain=843.456 1016.82 1289.37 1194.2 1064.5 1097.61 993.759
threshold=47.245000000000012 1.0000000180025095e-35 61035.600000000006 42.570000000000007 382.05000000000007 61.945000000000007 29.675000000000004
decision_type=2 2 8 2 2 2 2
left_child=1 2 4 -4 5 -1 -7
right_child=-2 -3 3 -5 -6 6 -8
leaf_value=0.0019612564783519034 -0.017649729542459108 -0.0073548059957553452 0.0012096746470563117 -0.059351842920128392 0.040991183498984222 0.059768460156286458 -0.0052891067483208402
leaf_weight=1374 893 2496 2064 134 622 284 138
leaf_count=1374 893 2496 2064 134 622 284 138
internal_value=0.000615714 0.00291996 0.00847775 -0.00260876 0.0185402 0.0106726 0.0386809
internal_weight=8005 7112 4616 2198 2418 1796 422
internal_count=8005 7112 4616 2198 2418 1796 422
is_linear=0
shrinkage=0.02


Tree=500
num_leaves=8
num_cat=0
split_feature=41 8 33 8 17 16 40
split_gain=1170.06 1390.05 1108.41 608.197 929.526 901.081 955.753
threshold=15.475000000000003 21.475000000000005 3.5000000000000004 52.010000000000012 4882.1500000000005 0.49005000000000004 52.215000000000011
decision_type=2 2 2 2 2 2 2
left_child=1 -1 -3 -2 -5 6 -6
right_child=3 2 -4 4 5 -7 -8
leaf_value=0.015178435662085503 0.0016672235996529386 -0.11149982572493392 -0.0073669734035713089 -0.079272382120517168 -0.066776242033602329 0.017301802872154947 0.0090543443926398744
leaf_weight=108 7128 112 64 83 151 261 114
leaf_count=108 7128 112 64 83 151 261 114
internal_value=-0.00145273 -0.0409641 -0.0748829 2.31192e-05 -0.0190771 -0.00892156 -0.0345912
internal_weight=8021 284 176 7737 609 526 265
internal_count=8021 284 176 7737 609 526 265
is_linear=0
shrinkage=0.02


Tree=501
num_leaves=8
num_cat=1
split_feature=2 16 41 66 40 51 23
split_gain=814.998 1413.06 1088.64 824.115 1263.96 923.888 1196.35
threshold=0 0.36255000000000004 8.3950000000000014 0.31250000000000006 64.735000000000014 16.240000000000006 11.65
decision_type=1 2 2 2 2 2 2
left_child=-1 -2 -3 4 5 6 -4
right_child=1 2 3 -5 -6 -7 -8
leaf_value=0.0044225362818373273 -0.03295045223396674 -0.094004809672571729 -0.088360516981008552 0.01103441502818189 0.02281429065581245 -0.0095411512641744179 -0.0067069341149181127
leaf_weight=4599 735 45 161 1333 309 600 128
leaf_count=4599 735 45 161 1333 309 600 128
internal_value=-0.00102117 -0.00856528 -0.00159038 0.000234807 -0.0117777 -0.0238616 -0.0529247
internal_weight=7910 3311 2576 2531 1198 889 289
internal_count=7910 3311 2576 2531 1198 889 289
cat_boundaries=0 1
cat_threshold=178
is_linear=0
shrinkage=0.02


Tree=502
num_leaves=8
num_cat=0
split_feature=16 15 12 16 51 68 42
split_gain=757.16 789.717 1507.83 1196.98 843.255 966.477 1291.02
threshold=0.79410000000000014 1.5000000000000002 67.095000000000013 0.41805000000000009 10.135000000000003 843999.45000000019 25.265000000000004
decision_type=2 2 2 2 2 2 2
left_child=1 -1 4 -4 -3 -6 -7
right_child=-2 2 3 -5 5 6 -8
leaf_value=0.00083207173582255933 0.037012855555862187 -0.056226465986782992 -0.037851534912835307 0.063720238000913795 -0.026639706075003017 -0.078531004677598298 0.029783433072012047
leaf_weight=6259 195 239 62 152 835 47 285
leaf_count=6259 195 239 62 152 835 47 285
internal_value=-0.00141853 -0.00239256 -0.0148154 0.0341006 -0.0223551 -0.015208 0.0135121
internal_weight=8074 7879 1620 214 1406 1167 332
internal_count=8074 7879 1620 214 1406 1167 332
is_linear=0
shrinkage=0.02


Tree=503
num_leaves=8
num_cat=1
split_feature=8 17 21 43 64 47 3
split_gain=701.095 1476.2 766.108 516.722 1179.71 986.266 985.754
threshold=54.410000000000004 20595.850000000002 246826.85000000003 1.0000000180025095e-35 2.5000000000000004 4.5000000000000009 0
decision_type=2 2 8 2 2 2 1
left_child=3 -2 -3 5 6 -1 -5
right_child=1 2 -4 4 -6 -7 -8
leaf_value=-0.026681047457382201 -0.051390630796245514 -0.053744519195866348 0.033537454347788674 0.065070398346121813 0.0010168669317302949 0.0040200571905488506 0.01484055075752694
leaf_weight=636 287 46 189 181 4491 1203 916
leaf_count=636 287 46 189 181 4491 1203 916
internal_value=0.000962421 -0.0213297 0.0156887 0.0025425 0.00556806 -0.00664117 0.024111
internal_weight=7949 522 235 7427 5588 1839 1097
internal_count=7949 522 235 7427 5588 1839 1097
cat_boundaries=0 1
cat_threshold=4
is_linear=0
shrinkage=0.02


Tree=504
num_leaves=8
num_cat=1
split_feature=12 40 7 33 12 58 55
split_gain=760.214 926.183 1036.01 1101.03 753.346 735.852 733.691
threshold=41.945000000000007 11.365000000000002 0 1.5000000000000002 29.145000000000003 11.805000000000001 37.475000000000001
decision_type=2 2 1 2 2 2 2
left_child=1 4 3 -3 -1 -2 -4
right_child=5 2 6 -5 -6 -7 -8
leaf_value=-0.10790425453736231 -0.06270342339598943 -0.094541701178739571 0.017725949102277115 -0.015053575187178033 -0.0031024248616875346 0.0061362333874392652 -0.0065520386302614347
leaf_weight=60 58 96 623 233 48 4548 2399
leaf_count=60 58 96 623 233 48 4548 2399
internal_value=-0.000116595 -0.00719656 -0.00528923 -0.0381729 -0.0635239 0.00520233 -0.00152098
internal_weight=8065 3459 3351 329 108 4606 3022
internal_count=8065 3459 3351 329 108 4606 3022
cat_boundaries=0 1
cat_threshold=32
is_linear=0
shrinkage=0.02


Tree=505
num_leaves=8
num_cat=0
split_feature=16 66 41 22 9 41 21
split_gain=760.373 991.932 822.617 850.261 797.218 949.37 1046.7
threshold=0.72825000000000006 1.0000000180025095e-35 31.225000000000005 19045.250000000004 20.500000000000004 15.475000000000003 416879.45000000001
decision_type=2 2 2 2 2 2 8
left_child=1 -1 -2 -4 5 6 -3
right_child=2 4 3 -5 -6 -7 -8
leaf_value=-0.034764041558790933 0.083647778504773188 -0.0015095052950341126 -0.0036177039505537194 0.054665084368810596 0.034358058601373295 8.9732336854443848e-05 -0.081880985887582636
leaf_weight=341 71 140 356 134 254 6622 116
leaf_count=341 71 140 356 134 254 6622 116
internal_value=-1.46235e-06 -0.00169316 0.0223493 0.012712 -8.87045e-05 -0.00138484 -0.0387988
internal_weight=8034 7473 561 490 7132 6878 256
internal_count=8034 7473 561 490 7132 6878 256
is_linear=0
shrinkage=0.02


Tree=506
num_leaves=8
num_cat=0
split_feature=55 23 16 51 17 41 65
split_gain=715.894 810.857 700.324 1619.55 1030.89 757.358 687.708
threshold=37.07500000000001 22.550000000000004 0.37920000000000004 23.680000000000003 15338.350000000002 47.135000000000012 0.76388888888888895
decision_type=2 2 2 2 2 2 2
left_child=1 2 3 4 5 -1 -2
right_child=6 -3 -4 -5 -6 -7 -8
leaf_value=-0.16367669456948836 -0.0046400943259642452 0.063254103061967881 0.016658517117320745 0.017371334739718115 0.0021726070521241527 -0.042809161366708572 0.020279950175831819
leaf_weight=43 6050 111 1034 233 54 45 473
leaf_count=43 6050 111 1034 233 54 45 473
internal_value=6.32881e-05 0.0124009 0.00818516 -0.0150905 -0.0671344 -0.107494 -0.00281893
internal_weight=8043 1520 1409 375 142 88 6523
internal_count=8043 1520 1409 375 142 88 6523
is_linear=0
shrinkage=0.02


Tree=507
num_leaves=8
num_cat=1
split_feature=0 16 12 20 14 34 5
split_gain=861.016 1097.4 948.578 902.683 772.259 895.466 770.44
threshold=68.500000000000014 0.17090000000000002 77.385000000000005 786768.15000000002 43.180000000000007 2.5000000000000004 0
decision_type=2 2 2 10 2 2 1
left_child=1 -1 4 -2 6 -6 -3
right_child=3 2 -4 -5 5 -7 -8
leaf_value=-0.075444565188282964 0.0057076448027300062 0.014704751622953954 0.023112116775243691 0.065346373319625853 -0.047920146810577109 0.020345298554574218 -0.0036784324746052329
leaf_weight=73 272 1082 642 158 280 102 5391
leaf_count=73 272 1082 642 158 280 102 5391
internal_value=0.000757845 -0.000813983 -3.74898e-05 0.0281206 -0.00222081 -0.0296648 -0.000579576
internal_weight=8000 7570 7497 430 6855 382 6473
internal_count=8000 7570 7497 430 6855 382 6473
cat_boundaries=0 1
cat_threshold=1
is_linear=0
shrinkage=0.02


Tree=508
num_leaves=8
num_cat=0
split_feature=64 45 32 65 38 64 47
split_gain=869.172 847.941 1405.74 1164.7 878.342 986.21 940.409
threshold=1.0000000180025095e-35 1.0000000180025095e-35 1.0000000180025095e-35 0.73214285714285732 16347.400000000003 3.5000000000000004 11.500000000000002
decision_type=2 2 2 2 8 2 2
left_child=-1 2 3 -2 -3 6 -6
right_child=1 4 -4 -5 5 -7 -8
leaf_value=-0.078197071400695845 0.010826243180323922 0.0033969418471277275 -0.0098292323339068035 0.053104102315601746 -0.031612950215401843 -0.0011753043886819645 0.031166406489553908
leaf_weight=53 1862 2081 1249 299 1162 1190 100
leaf_count=53 1862 2081 1249 299 1162 1190 100
internal_value=-0.00105529 -0.000491686 0.00703672 0.016785 -0.00615652 -0.0142549 -0.026535
internal_weight=7996 7943 3410 2161 4533 2452 1262
internal_count=7996 7943 3410 2161 4533 2452 1262
is_linear=0
shrinkage=0.02


Tree=509
num_leaves=8
num_cat=0
split_feature=40 45 57 55 9 40 31
split_gain=849.257 862.307 1026.55 848.935 967.962 989.847 2152.09
threshold=5.6100000000000003 1.0000000180025095e-35 68.070000000000007 38.205000000000005 12.500000000000002 42.410000000000004 1.0000000180025095e-35
decision_type=2 2 2 2 2 2 2
left_child=-1 2 -2 -3 5 6 -5
right_child=1 3 -4 4 -6 -7 -8
leaf_value=-0.049267921991173233 0.012454091307079057 0.013330652714576771 -0.055680083115226944 -0.062505800137677828 0.020419695104246949 -0.0036708643101222506 -0.001895415714231657
leaf_weight=121 3318 1018 86 410 433 2088 539
leaf_count=121 3318 1018 86 410 433 2088 539
internal_value=0.00224959 0.00307015 0.0106536 -0.00268708 -0.00739865 -0.0113919 -0.0282715
internal_weight=8013 7892 3404 4488 3470 3037 949
internal_count=8013 7892 3404 4488 3470 3037 949
is_linear=0
shrinkage=0.02


Tree=510
num_leaves=8
num_cat=0
split_feature=52 41 33 16 21 42 42
split_gain=1056.59 968.891 962.306 925.568 869.944 763.811 947.881
threshold=15.630000000000001 32.655000000000008 2.5000000000000004 0.51055000000000017 304614.60000000003 10.480000000000002 46.840000000000011
decision_type=2 2 2 2 8 2 2
left_child=1 4 -3 -2 -1 -5 -7
right_child=3 2 -4 5 -6 6 -8
leaf_value=0.087284503086753507 -0.0043106281615740236 -0.084392083207863608 -0.014625469557512765 -0.045865333986779049 -0.020700150976704738 0.025070969757883376 0.002898841981958626
leaf_weight=41 4175 148 169 91 81 1248 2010
leaf_count=41 4175 148 169 91 81 1248 2010
internal_value=0.000202265 -0.0297792 -0.0480025 0.00197019 0.0175974 0.00979488 0.0114174
internal_weight=7963 439 317 7524 122 3349 3258
internal_count=7963 439 317 7524 122 3349 3258
is_linear=0
shrinkage=0.02


Tree=511
num_leaves=8
num_cat=0
split_feature=48 50 15 8 9 49 41
split_gain=1015.72 785.539 1373.78 756.379 686.474 883.398 775.73
threshold=17.500000000000004 1.0000000180025095e-35 1.0000000180025095e-35 32.585000000000008 20.500000000000004 42.500000000000007 23.855000000000004
decision_type=2 2 2 2 2 2 2
left_child=4 -2 3 -3 6 -6 -1
right_child=1 2 -4 -5 5 -7 -8
leaf_value=-0.020903296696853181 0.010074675955834824 0.010308477346961562 -0.10740523638849211 -0.061311779988534529 0.05036761838538608 -0.045380225628614428 0.0019932357908398492
leaf_weight=645 143 143 96 94 207 43 6614
leaf_count=645 143 143 96 94 207 43 6614
internal_value=-0.000725322 -0.0289004 -0.0455389 -0.0187777 0.00107876 0.0333321 -5.42284e-05
internal_weight=7985 476 333 237 7509 250 7259
internal_count=7985 476 333 237 7509 250 7259
is_linear=0
shrinkage=0.02


Tree=512
num_leaves=8
num_cat=0
split_feature=12 30 54 23 55 36 13
split_gain=870.673 933.481 990.806 911.4 1066.58 842.334 1026.01
threshold=22.085000000000004 1.0000000180025095e-35 98.925000000000026 19.250000000000004 31.385000000000002 1.0000000180025095e-35 354.35000000000008
decision_type=2 2 2 2 2 2 2
left_child=1 2 3 4 -1 6 -3
right_child=-2 5 -4 -5 -6 -7 -8
leaf_value=-0.11267588453401219 0.0010032851311280371 0.020820426910875309 0.024056908126221969 -0.095716646752603676 -0.020413366730735061 0.035853797583998259 -0.10468914015623539
leaf_weight=50 6784 57 123 87 624 202 41
leaf_count=50 6784 57 123 87 624 202 41
internal_value=-0.0017629 -0.01755 -0.0278558 -0.0363487 -0.0280371 0.0127767 -0.0342217
internal_weight=7968 1184 884 761 674 300 98
internal_count=7968 1184 884 761 674 300 98
is_linear=0
shrinkage=0.02


Tree=513
num_leaves=8
num_cat=0
split_feature=42 33 16 45 64 42 42
split_gain=911.22 921.05 753.705 676.481 903.481 1367.24 1192.05
threshold=9.1200000000000028 3.5000000000000004 0.17090000000000002 1.0000000180025095e-35 3.5000000000000004 80.415000000000006 21.245000000000001
decision_type=2 2 2 2 2 2 2
left_child=1 -1 -2 -4 5 -5 -6
right_child=2 -3 3 4 6 -7 -8
leaf_value=-0.066939855582028071 -0.055811176855313151 0.019395503537679042 0.0077091333830861973 -0.018707176288425862 0.071947846236824986 0.03812679038573337 0.0013360064692427662
leaf_weight=154 90 69 3297 1919 95 181 2194
leaf_count=154 90 69 3297 1919 95 181 2194
internal_value=-0.000977391 -0.0403867 0.000178015 0.000869483 -0.00427136 -0.0137297 0.00441703
internal_weight=7999 223 7776 7686 4389 2100 2289
internal_count=7999 223 7776 7686 4389 2100 2289
is_linear=0
shrinkage=0.02


Tree=514
num_leaves=8
num_cat=0
split_feature=13 48 57 16 8 8 64
split_gain=790.517 853.997 919.098 823.351 1012.58 769.975 893.641
threshold=431.15000000000003 18.500000000000004 55.945000000000007 0.77305000000000013 30.695000000000004 47.245000000000012 2.5000000000000004
decision_type=2 2 2 2 2 2 2
left_child=1 3 -3 -1 -5 6 -2
right_child=5 2 -4 4 -6 -7 -8
leaf_value=-0.0010642369989926161 0.079306370294917897 -0.042141294526019647 0.050356847953796385 0.058460918200823171 -0.032533623794677544 -0.036085226014256476 0.016424242769086789
leaf_weight=6810 118 330 45 187 62 71 356
leaf_count=6810 118 330 45 187 62 71 356
internal_value=0.000392514 -0.00131839 -0.030525 0.000253676 0.0356092 0.0235297 0.0327429
internal_weight=7979 7434 375 7059 249 545 474
internal_count=7979 7434 375 7059 249 545 474
is_linear=0
shrinkage=0.02


Tree=515
num_leaves=8
num_cat=0
split_feature=14 31 64 66 13 64 40
split_gain=724.805 1098.78 769.734 695.79 730.653 546.963 1572.08
threshold=43.180000000000007 1.0000000180025095e-35 1.0000000180025095e-35 0.31250000000000006 327.85000000000008 2.5000000000000004 58.175000000000004
decision_type=2 2 2 2 2 2 2
left_child=2 3 -1 4 -2 6 -4
right_child=1 -3 5 -5 -6 -7 -8
leaf_value=-0.071862780524319728 -0.024251006496887578 0.00066467621068892291 -0.0004738792333035146 -0.0059580541006289426 -0.12843904165845169 -0.0015280744747213312 0.036995981804257824
leaf_weight=52 46 273 1549 59 71 5348 625
leaf_count=52 46 273 1549 59 71 5348 625
internal_value=-0.000112058 -0.0246579 0.00135837 -0.0628701 -0.0901489 0.00191195 0.0103584
internal_weight=8023 449 7574 176 117 7522 2174
internal_count=8023 449 7574 176 117 7522 2174
is_linear=0
shrinkage=0.02


Tree=516
num_leaves=8
num_cat=0
split_feature=52 18 21 64 13 64 8
split_gain=833.519 1330.6 824.048 802.721 713.353 916.912 1059.17
threshold=15.630000000000001 1033211.5500000002 252135.90000000002 1.0000000180025095e-35 431.15000000000003 2.5000000000000004 32.025000000000013
decision_type=2 2 8 2 2 2 2
left_child=1 2 -1 -2 -5 6 -6
right_child=3 -3 -4 4 5 -7 -8
leaf_value=0.017282719941700206 -0.076062851337649465 0.074318742476727651 -0.053231867409832337 -0.0017767253845528931 0.1091413683041759 0.0064819639881340723 -0.0033217037734338795
leaf_weight=80 51 41 331 6941 82 397 54
leaf_count=80 51 41 331 6941 82 397 54
internal_value=-0.00221671 -0.0284425 -0.0394636 -0.000623584 -5.83055e-05 0.0221284 0.0659526
internal_weight=7977 452 411 7525 7474 533 136
internal_count=7977 452 411 7525 7474 533 136
is_linear=0
shrinkage=0.02


Tree=517
num_leaves=8
num_cat=1
split_feature=9 54 7 22 22 13 64
split_gain=773.758 1022.44 964.089 887.237 737.901 1026.32 701.442
threshold=20.500000000000004 85.535000000000011 0 11272.150000000003 21114.150000000005 363.35000000000008 2.5000000000000004
decision_type=2 2 1 2 2 2 2
left_child=2 -2 3 -1 -5 -6 -4
right_child=1 -3 6 4 5 -7 -8
leaf_value=0.013632813265536264 0.061208546488614242 -0.019568898533141674 0.010528401785881759 -0.055266909646313811 0.042653123829946959 -0.075233712378889331 -0.0033768077539371448
leaf_weight=166 172 94 2016 331 81 40 5141
leaf_count=166 172 94 2016 331 81 40 5141
internal_value=-0.00039254 0.0328288 -0.00154948 -0.0252067 -0.0400154 0.00224327 0.0005439
internal_weight=8041 266 7775 618 452 121 7157
internal_count=8041 266 7775 618 452 121 7157
cat_boundaries=0 1
cat_threshold=32
is_linear=0
shrinkage=0.02


Tree=518
num_leaves=8
num_cat=0
split_feature=55 40 9 38 33 20 20
split_gain=771.77 668.19 658.681 1199.31 723.749 651.503 940.202
threshold=37.865000000000002 87.625000000000014 12.500000000000002 5486.1000000000013 5.5000000000000009 727323.25000000012 715665.35000000009
decision_type=2 2 2 8 2 10 10
left_child=-1 2 4 -4 5 6 -2
right_child=1 -3 3 -5 -6 -7 -8
leaf_value=0.010916300773054475 -0.0059112415697210163 0.029978988123210995 0.046988314587709516 -0.0063292376976080093 0.033560194351761802 -0.020548547301466824 0.085087240040302284
leaf_weight=1696 3663 215 253 485 158 1462 41
leaf_count=1696 3663 215 253 485 158 1462 41
internal_value=-0.00103499 -0.00427026 -0.00550868 0.0121422 -0.0079645 -0.00926574 -0.00479062
internal_weight=7973 6277 6062 738 5324 5166 3704
internal_count=7973 6277 6062 738 5324 5166 3704
is_linear=0
shrinkage=0.02


Tree=519
num_leaves=8
num_cat=1
split_feature=50 16 2 58 48 58 10
split_gain=720.349 742.671 900.469 742.271 730.866 662.884 685.628
threshold=3.5000000000000004 0.36255000000000004 0 22.445000000000004 1.0000000180025095e-35 25.425000000000004 73149.650000000009
decision_type=2 2 1 2 2 2 2
left_child=1 2 4 -4 -1 -5 -7
right_child=-2 -3 3 5 -6 6 -8
leaf_value=0.019904711200278015 0.030125558022133729 0.00021631402157951566 -0.047810759279694588 0.063652568128373888 -0.04688557806349284 -0.010520508555551126 0.033366366515469828
leaf_weight=74 265 6002 138 58 439 847 166
leaf_count=74 265 6002 138 58 439 847 166
internal_value=-0.0019885 -0.00310907 -0.0146667 -0.00497112 -0.0364483 0.000699152 -0.00320022
internal_weight=7989 7724 1722 1209 513 1071 1013
internal_count=7989 7724 1722 1209 513 1071 1013
cat_boundaries=0 1
cat_threshold=13
is_linear=0
shrinkage=0.02


Tree=520
num_leaves=8
num_cat=0
split_feature=12 22 8 56 67 22 49
split_gain=846.932 1125.49 967.045 719.639 931.302 865.282 998.126
threshold=43.755000000000003 7121.0500000000011 19.505000000000006 29.995000000000001 3.4199652381731069 20130.600000000002 16.500000000000004
decision_type=2 2 2 2 2 2 2
left_child=3 -2 -3 4 5 6 -1
right_child=1 2 -4 -5 -6 -7 -8
leaf_value=-0.0037901892553676261 -0.044055598566219926 0.023098816160402939 0.0022828555006946128 -0.0033172528057732287 0.0046586706027662832 0.014234587798515956 -0.11003224991742641
leaf_weight=50 163 1291 2873 3317 158 49 119
leaf_count=50 163 1291 2873 3317 158 49 119
internal_value=0.000717812 0.00671856 0.00875657 -0.00631269 -0.0323476 -0.0586717 -0.0796118
internal_weight=8020 4327 4164 3693 376 218 169
internal_count=8020 4327 4164 3693 376 218 169
is_linear=0
shrinkage=0.02


Tree=521
num_leaves=8
num_cat=0
split_feature=8 17 9 50 42 47 9
split_gain=755.219 880.94 1004.54 848.122 1060.7 816.368 703.123
threshold=47.245000000000012 5035.1000000000013 4.5000000000000009 1.0000000180025095e-35 32.045000000000009 5.5000000000000009 1.5000000000000002
decision_type=2 2 2 2 2 2 2
left_child=6 5 3 -3 -5 -2 -1
right_child=1 2 -4 4 -6 -7 -8
leaf_value=-0.0092202090423005034 -0.12316291657194757 0.014418112276518931 0.014565134846045536 -0.12042690914410811 -0.028402049283870318 -0.023283648223019721 0.0047332594845714967
leaf_weight=2003 52 117 356 60 242 84 5143
leaf_count=2003 52 117 356 60 242 84 5143
internal_value=-0.0013726 -0.01847 -0.0100334 -0.0308586 -0.0483487 -0.064486 0.000818437
internal_weight=8057 911 775 419 302 136 7146
internal_count=8057 911 775 419 302 136 7146
is_linear=0
shrinkage=0.02


Tree=522
num_leaves=8
num_cat=0
split_feature=64 64 33 68 55 51 57
split_gain=745.645 838.574 1510.53 1380.44 1326.25 1052.55 1072.03
threshold=1.0000000180025095e-35 2.5000000000000004 3.5000000000000004 1272147.5000000002 37.57500000000001 14.135000000000003 64.840000000000018
decision_type=2 2 2 2 2 2 2
left_child=-1 2 3 5 -5 -2 -7
right_child=1 -3 -4 4 -6 6 -8
leaf_value=-0.06906937129184848 -0.01295225910721271 -0.0030115008401351414 0.055052242087160086 0.044854751140810549 -0.059378406189485082 0.025691361532133614 -0.061182518487175312
leaf_weight=56 487 5638 273 59 212 1188 55
leaf_count=56 487 5638 273 59 212 1188 55
internal_value=0.000588149 0.00112448 0.0113631 0.00528012 -0.0362841 0.0118768 0.0216177
internal_weight=7968 7912 2274 2001 271 1730 1243
internal_count=7968 7912 2274 2001 271 1730 1243
is_linear=0
shrinkage=0.02


Tree=523
num_leaves=8
num_cat=0
split_feature=8 13 41 40 17 23 17
split_gain=851.569 796.409 1726.89 900.889 902.652 784.906 904.313
threshold=47.245000000000012 414.05000000000007 32.395000000000003 26.045000000000005 3032.4500000000003 23.450000000000003 5035.1000000000013
decision_type=2 2 2 2 2 2 2
left_child=1 -1 -3 -4 -5 6 -2
right_child=5 2 3 4 -6 -7 -8
leaf_value=0.0021847913605948189 -0.068340546225698032 0.08301086392970039 -0.069458151950880329 0.082898024961772093 0.0070642366251626679 0.059599943348708058 -0.011603249521652583
leaf_weight=6372 129 151 49 66 554 47 717
leaf_count=6372 129 151 49 66 554 47 717
internal_value=0.00229049 0.00458052 0.0230711 0.0090266 0.0157355 -0.0160757 -0.0206054
internal_weight=8085 7192 820 669 620 893 846
internal_count=8085 7192 820 669 620 893 846
is_linear=0
shrinkage=0.02


Tree=524
num_leaves=8
num_cat=0
split_feature=23 18 23 23 57 42 49
split_gain=681.544 1410.14 1398.67 1193.61 1068.14 861.33 841.21
threshold=23.250000000000004 54435.30000000001 18.450000000000003 31.750000000000004 35.57500000000001 28.025000000000002 48.500000000000007
decision_type=2 2 2 2 2 2 2
left_child=2 3 -1 -2 5 -4 -6
right_child=1 -3 4 -5 6 -7 -8
leaf_value=0.0022674269811585436 0.013264160163054184 0.064515248021483423 0.068536049056926687 -0.098827208449011258 -0.063001493261447022 -0.015993113356896422 0.027792242449157092
leaf_weight=6907 214 195 53 41 310 281 44
leaf_count=6907 214 195 53 41 310 281 44
internal_value=0.000975368 0.0247513 -0.000448702 -0.00631231 -0.0275362 -0.00176678 -0.0514865
internal_weight=8045 450 7595 255 688 334 354
internal_count=8045 450 7595 255 688 334 354
is_linear=0
shrinkage=0.02


Tree=525
num_leaves=8
num_cat=0
split_feature=64 14 33 8 22 9 65
split_gain=889.11 921.496 852.321 1296.12 777.178 649.833 647.715
threshold=1.0000000180025095e-35 43.180000000000007 1.5000000000000002 19.195000000000004 7121.0500000000011 20.500000000000004 0.29166666666666669
decision_type=2 2 2 2 2 2 2
left_child=-1 4 3 -3 -2 6 -6
right_child=1 2 -4 -5 5 -7 -8
leaf_value=-0.078769816216723673 -0.03107988453397514 -0.15594967910583984 -0.01317784648961349 -0.0099951026183471344 -0.017003308939304025 0.035622865812205452 0.0036469341168486385
leaf_weight=53 277 42 356 52 667 228 6335
leaf_count=53 277 42 356 52 667 228 6335
internal_value=-0.000747881 -0.000179053 -0.0278166 -0.0797915 0.00149507 0.00276371 0.00166909
internal_weight=8010 7957 450 94 7507 7230 7002
internal_count=8010 7957 450 94 7507 7230 7002
is_linear=0
shrinkage=0.02


Tree=526
num_leaves=8
num_cat=0
split_feature=8 48 40 21 34 64 58
split_gain=768.459 1083.12 802.432 1048.83 790.289 1039.69 697.684
threshold=8.8050000000000015 8.5000000000000018 51.405000000000008 388772.75000000006 3.5000000000000004 3.5000000000000004 33.645000000000003
decision_type=2 2 2 8 2 2 2
left_child=1 2 3 -1 6 -6 -2
right_child=4 -3 -4 -5 5 -7 -8
leaf_value=0.001492135546037129 -0.012175741127333935 -0.032722169414946913 0.011032533855390509 0.11185352143561728 0.049911222252289222 -0.0011609757293006566 0.0010469214898762996
leaf_weight=51 2496 90 148 102 259 402 4410
leaf_count=51 2496 90 148 102 259 402 4410
internal_value=-0.000313207 0.0268466 0.0449015 0.0762778 -0.0017334 0.0190751 -0.00373743
internal_weight=7958 391 301 153 7567 661 6906
internal_count=7958 391 301 153 7567 661 6906
is_linear=0
shrinkage=0.02


Tree=527
num_leaves=8
num_cat=0
split_feature=48 14 23 42 57 14 14
split_gain=963.853 617.793 949.658 1035.03 554.853 544.941 534.764
threshold=18.500000000000004 13.055000000000001 8.1500000000000004 40.205000000000005 26.685000000000006 20.355000000000004 43.180000000000007
decision_type=2 2 2 2 2 2 2
left_child=6 -2 5 -4 -5 -3 -1
right_child=1 2 3 4 -6 -7 -8
leaf_value=0.003927200311987609 0.01282000222952541 -0.044530788448121819 -0.12618333559164679 -0.085777411103248602 -0.0026903445987651749 0.04729132747063871 -0.018962147947547067
leaf_weight=7166 104 40 71 45 91 56 428
leaf_count=7166 104 40 71 45 91 56 428
internal_value=0.00101081 -0.0287835 -0.0430396 -0.0666843 -0.0322492 0.00872164 0.00262552
internal_weight=8001 407 303 207 136 96 7594
internal_count=8001 407 303 207 136 96 7594
is_linear=0
shrinkage=0.02


Tree=528
num_leaves=8
num_cat=0
split_feature=16 65 54 18 33 52 17
split_gain=729.719 674.091 1067.03 1393.73 1802.58 1266.18 1035.93
threshold=0.17090000000000002 0.69047619047619058 83.165000000000006 160149.15000000005 2.5000000000000004 30.840000000000003 8807.3000000000011
decision_type=2 2 2 2 2 2 2
left_child=-1 2 3 -2 6 -4 -5
right_child=1 -3 5 4 -6 -7 -8
leaf_value=-0.052512120261643702 -0.0025638249820522374 0.012473968498397436 -0.032126179104403331 0.099558107922413597 0.0014827036489348073 -0.0028769254238992931 0.032333642283037672
leaf_weight=98 1541 1635 726 158 431 3120 227
leaf_count=98 1541 1635 726 158 431 3120 227
internal_value=0.000376035 0.00107036 -0.00194305 0.0086419 0.0296904 -0.00843278 0.0608446
internal_weight=7936 7838 6203 2357 816 3846 385
internal_count=7936 7838 6203 2357 816 3846 385
is_linear=0
shrinkage=0.02


Tree=529
num_leaves=8
num_cat=0
split_feature=44 57 29 53 53 9 23
split_gain=620.723 1598.79 1013.61 953.125 949.205 760.623 1033.53
threshold=1.0000000180025095e-35 10.070000000000002 1.0000000180025095e-35 44.465000000000011 49.245000000000012 10.500000000000002 4.3500000000000005
decision_type=2 2 2 2 2 2 2
left_child=1 -1 3 -3 -5 6 -2
right_child=5 2 -4 4 -6 -7 -8
leaf_value=0.055493831092378862 0.02838401414527509 -0.067537930716597847 0.01189871803384091 0.042079979953012971 -0.024678972445506254 0.018677713175872069 -0.0030963301793831867
leaf_weight=127 451 184 361 90 856 984 4893
leaf_count=127 451 184 361 90 856 984 4893
internal_value=-0.000262358 -0.0112973 -0.0171529 -0.0264455 -0.0181398 0.00256585 -0.000415538
internal_weight=7946 1618 1491 1130 946 6328 5344
internal_count=7946 1618 1491 1130 946 6328 5344
is_linear=0
shrinkage=0.02


Tree=530
num_leaves=8
num_cat=0
split_feature=14 8 52 21 9 56 21
split_gain=813.313 953.717 1033.01 1017.17 975.83 979.349 1256.09
threshold=34.32500000000001 20.385000000000002 15.630000000000001 338179.20000000001 10.500000000000002 43.305000000000007 405000.60000000003
decision_type=2 2 2 8 2 2 8
left_child=1 2 -1 -4 -3 -6 -7
right_child=-2 4 3 -5 5 6 -8
leaf_value=-0.040721651552164034 -0.017123463631937254 -0.0067929474646109276 0.034203838880624657 0.0061494129999276823 0.0024388934139241564 0.0045131186591951472 0.099485031374770674
leaf_weight=133 964 3919 778 1530 465 109 110
leaf_count=133 964 3919 778 1530 465 109 110
internal_value=5.67526e-05 0.00241841 0.0125108 0.0156597 -0.0029414 0.0190153 0.0533718
internal_weight=8008 7044 2441 2308 4603 684 219
internal_count=8008 7044 2441 2308 4603 684 219
is_linear=0
shrinkage=0.02


Tree=531
num_leaves=8
num_cat=0
split_feature=64 42 42 64 57 47 56
split_gain=616.052 1690.98 834.659 1143.63 692.016 815.665 866.697
threshold=4.5000000000000009 30.335000000000004 82.565000000000012 2.5000000000000004 41.805000000000007 2.5000000000000004 30.575000000000003
decision_type=2 2 2 2 2 2 2
left_child=2 -2 4 -4 -1 -6 -7
right_child=1 -3 3 -5 5 6 -8
leaf_value=0.0031767009569076063 0.099083009696704277 0.0068788964497999393 0.084821569960094184 0.0093093994662165648 0.022439889921789819 -0.046166999901520928 -0.0091733072654449892
leaf_weight=4347 89 524 98 370 270 288 1906
leaf_count=4347 89 524 98 370 270 288 1906
internal_value=0.00178792 0.0209591 0.000160145 0.0258513 -0.00162282 -0.0100794 -0.0141233
internal_weight=7892 613 7279 468 6811 2464 2194
internal_count=7892 613 7279 468 6811 2464 2194
is_linear=0
shrinkage=0.02


Tree=532
num_leaves=8
num_cat=1
split_feature=64 41 2 56 65 51 23
split_gain=778.4 1257.39 1246.64 1639.13 1314.39 963.313 1165.99
threshold=2.5000000000000004 81.220000000000013 0 48.805000000000007 0.76388888888888895 8.4750000000000032 20.350000000000005
decision_type=2 2 1 2 2 2 2
left_child=1 2 3 -1 5 -4 -7
right_child=-2 -3 4 -5 -6 6 -8
leaf_value=-0.036987240978056869 -0.0043120607962632666 0.082310220593443284 -0.021320347770069463 0.09069061622354721 0.10511997784839057 0.010940211675354998 0.067531594818288632
leaf_weight=390 5732 86 307 40 56 1271 160
leaf_count=390 5732 86 307 40 56 1271 160
internal_value=-0.000362141 0.00942727 0.00643065 -0.0236604 0.0137439 0.0105855 0.0174808
internal_weight=8042 2310 2224 430 1794 1738 1431
internal_count=8042 2310 2224 430 1794 1738 1431
cat_boundaries=0 1
cat_threshold=65
is_linear=0
shrinkage=0.02


Tree=533
num_leaves=8
num_cat=0
split_feature=9 40 13 54 52 66 13
split_gain=890.96 1322.57 1138.95 1118.6 1386.08 1169.58 1016.31
threshold=4.5000000000000009 20.080000000000002 300.05000000000007 81.00500000000001 63.135000000000012 0.43750000000000006 319.55000000000007
decision_type=2 2 2 2 2 2 2
left_child=1 6 3 -2 5 -5 -1
right_child=2 -3 -4 4 -6 -7 -8
leaf_value=0.0020224416903827504 0.018753480791421653 -0.0025045854160591981 0.013109444995416861 -0.084947965411725002 0.037787343606556938 0.010632334914472368 -0.074501116726009606
leaf_weight=110 198 4367 2886 199 68 67 182
leaf_count=110 198 4367 2886 199 68 67 182
internal_value=0.000402352 -0.00528499 0.00815103 -0.018619 -0.0407238 -0.0611212 -0.046125
internal_weight=8077 4659 3418 532 334 266 292
internal_count=8077 4659 3418 532 334 266 292
is_linear=0
shrinkage=0.02


Tree=534
num_leaves=8
num_cat=1
split_feature=52 64 21 38 41 2 49
split_gain=772.989 1057.73 1150.83 932.972 829.238 871.512 930.548
threshold=67.205000000000013 2.5000000000000004 273212.80000000005 1810.6500000000003 14.405000000000003 0 23.500000000000004
decision_type=2 2 10 10 2 1 2
left_child=4 2 -2 -4 5 6 -1
right_child=1 -3 3 -5 -6 -7 -8
leaf_value=-0.053537859476747968 0.013560213726147904 0.0010705732933916699 0.028346396320826046 0.13042057612274266 -0.002945618654196857 -0.075851832247697384 0.054741112687624993
leaf_weight=58 273 1083 72 74 6324 115 59
leaf_count=58 273 1083 72 74 6324 115 59
internal_value=-0.00135838 0.0115597 0.0383388 0.0826881 -0.0043245 -0.0410557 0.000988985
internal_weight=8058 1502 419 146 6556 232 117
internal_count=8058 1502 419 146 6556 232 117
cat_boundaries=0 1
cat_threshold=54
is_linear=0
shrinkage=0.02


Tree=535
num_leaves=8
num_cat=0
split_feature=0 55 54 42 21 14 55
split_gain=670.839 973.537 1079.99 792.872 882.717 625.878 782.203
threshold=24.500000000000004 31.995000000000001 95.865000000000023 70.475000000000009 246826.85000000003 14.225000000000003 46.425000000000004
decision_type=2 2 2 2 10 2 2
left_child=1 -1 3 4 5 -3 -7
right_child=-2 2 -4 -5 -6 6 -8
leaf_value=0.05362552079568176 0.0016922954643867171 -0.030135465069621243 0.0038855776485901524 -0.00055950111169138076 -0.0068076767711365803 -0.047744335619928809 -0.13341528853081694
leaf_weight=71 6997 101 409 157 117 90 94
leaf_count=71 6997 101 409 157 117 90 94
internal_value=-0.00053796 -0.0154935 -0.0208127 -0.0387577 -0.0534858 -0.0722006 -0.0938827
internal_weight=8036 1039 968 559 402 285 184
internal_count=8036 1039 968 559 402 285 184
is_linear=0
shrinkage=0.02


Tree=536
num_leaves=8
num_cat=0
split_feature=8 17 48 47 68 48 58
split_gain=608.812 849.794 1044.93 1083.5 878.607 774.802 683.519
threshold=47.245000000000012 35017.80000000001 10.500000000000002 3.5000000000000004 675107.10000000009 1.5000000000000002 58.235000000000007
decision_type=2 2 2 2 2 2 2
left_child=-1 2 3 4 -2 -3 -5
right_child=1 5 -4 6 -6 -7 -8
leaf_value=0.0018735285734221246 -0.019462444916848214 -0.037184825370828789 -0.087879776141047472 -0.01289229133771987 -0.13764479094495377 0.036178095971087093 0.058922798354779524
leaf_weight=7091 57 78 95 361 43 185 57
leaf_count=7091 57 78 95 361 43 185 57
internal_value=-7.33703e-05 -0.0157542 -0.0285873 -0.016977 -0.0744154 0.0141325 -0.00251859
internal_weight=7967 876 613 518 100 263 418
internal_count=7967 876 613 518 100 263 418
is_linear=0
shrinkage=0.02


Tree=537
num_leaves=8
num_cat=0
split_feature=9 22 12 10 12 56 12
split_gain=721.999 559.99 498.691 810.486 1502.04 852.727 1129.32
threshold=17.500000000000004 18152.450000000004 44.045000000000009 12000.050000000001 39.375000000000007 34.465000000000011 16.865000000000006
decision_type=2 2 2 2 2 2 2
left_child=2 -2 3 4 5 6 -1
right_child=1 -3 -4 -5 -6 -7 -8
leaf_value=0.028450011895762552 0.0099889261371618708 0.060209742759073537 0.0028851099618546296 -0.003018987624064739 -0.095054565025745219 0.0025491730313595032 -0.096138632503430271
leaf_weight=40 310 121 4088 2888 106 360 86
leaf_count=40 310 121 4088 2888 106 360 86
internal_value=-0.000409946 0.0246168 -0.00185054 -0.00740973 -0.0286247 -0.0133155 -0.0570104
internal_weight=7999 431 7568 3480 592 486 126
internal_count=7999 431 7568 3480 592 486 126
is_linear=0
shrinkage=0.02


Tree=538
num_leaves=8
num_cat=0
split_feature=16 32 9 8 57 16 50
split_gain=800.371 860.893 1211.35 900.724 848.174 889.156 789.187
threshold=0.50455000000000017 1.0000000180025095e-35 10.500000000000002 41.185000000000009 64.305000000000021 0.63775000000000015 3.5000000000000004
decision_type=2 2 2 2 2 2 2
left_child=6 2 4 -4 -2 -6 -1
right_child=1 -3 3 -5 5 -7 -8
leaf_value=-0.0055556920280389168 0.014064001215406697 -0.004144867584400789 0.038665562185212735 0.13947597022937691 -0.10079784202009991 0.017889155864715577 0.039856881427566916
leaf_weight=4125 2021 1305 188 41 49 45 154
leaf_count=4125 2021 1305 188 41 49 45 154
internal_value=0.0019899 0.00886525 0.0161019 0.0593092 0.0112948 -0.0459457 -0.0038767
internal_weight=7928 3649 2344 229 2115 94 4279
internal_count=7928 3649 2344 229 2115 94 4279
is_linear=0
shrinkage=0.02


Tree=539
num_leaves=8
num_cat=0
split_feature=64 38 12 41 23 13 23
split_gain=574.964 489.718 686.742 1403.5 1080.83 1001.88 994.367
threshold=1.0000000180025095e-35 2831.0500000000006 14.375000000000002 30.580000000000002 13.550000000000002 331.35000000000008 18.550000000000004
decision_type=2 10 2 2 2 2 2
left_child=-1 2 3 -2 5 -5 -6
right_child=1 -3 -4 4 6 -7 -8
leaf_value=-0.061891620258490251 -0.12263793642499618 0.0055807007551157981 -0.0018701882768999457 -0.00088354114093817774 0.089022225299850113 -0.086637375488573198 -0.031747488409888988
leaf_weight=55 51 3693 3894 123 59 93 44
leaf_count=55 51 3693 3894 123 59 93 44
internal_value=-0.000211727 0.000253213 -0.00436199 -0.030212 -0.0137709 -0.0389301 0.03835
internal_weight=8012 7957 4264 370 319 216 103
internal_count=8012 7957 4264 370 319 216 103
is_linear=0
shrinkage=0.02


Tree=540
num_leaves=8
num_cat=0
split_feature=9 64 9 20 13 18 13
split_gain=715.223 663.617 1204.84 1279.64 1433.82 1212.93 1040.11
threshold=23.500000000000004 2.5000000000000004 1.5000000000000002 1761690.8500000003 342.85000000000008 1033211.5500000002 369.95000000000005
decision_type=2 2 2 8 2 2 2
left_child=1 2 3 4 -1 -4 -5
right_child=-2 -3 5 6 -6 -7 -8
leaf_value=-0.0050870762061741613 0.041139475483620583 -0.0038110437781892449 0.013468518522718053 -0.0082034809171034929 -0.10340443407134575 0.078026382728355145 0.06564985412359238
leaf_weight=130 167 5570 1454 383 105 122 90
leaf_count=130 167 5570 1454 383 105 122 90
internal_value=0.000795151 -8.83201e-05 0.00897879 -0.0126332 -0.0502552 0.018697 0.00638867
internal_weight=8021 7854 2284 708 235 1576 473
internal_count=8021 7854 2284 708 235 1576 473
is_linear=0
shrinkage=0.02


Tree=541
num_leaves=8
num_cat=0
split_feature=66 16 56 52 41 56 48
split_gain=1025.37 847.69 901.34 1321.3 1355.15 987.165 739.524
threshold=1.0000000180025095e-35 0.32955000000000007 39.355000000000011 34.57500000000001 30.925000000000001 45.775000000000013 15.500000000000002
decision_type=2 2 2 2 2 2 2
left_child=-1 2 6 4 -4 -6 -2
right_child=1 -3 3 -5 5 -7 -8
leaf_value=-0.032215233477403842 0.0085656783895429554 0.0035716760286307707 -0.16777556855192718 -0.011646443721859953 -0.088164507709881837 0.013608846664428711 -0.070082336022303654
leaf_weight=396 591 6342 43 425 80 67 47
leaf_count=396 591 6342 43 425 80 67 47
internal_value=-0.00104594 0.000599335 -0.0143994 -0.0315731 -0.0747045 -0.0428562 0.00227195
internal_weight=7991 7595 1253 615 190 147 638
internal_count=7991 7595 1253 615 190 147 638
is_linear=0
shrinkage=0.02


Tree=542
num_leaves=8
num_cat=0
split_feature=48 44 47 38 38 56 13
split_gain=718.477 681.648 921.71 1483.03 1423.03 1141.98 1363.07
threshold=17.500000000000004 1.0000000180025095e-35 7.5000000000000009 15173.000000000002 4394.0500000000002 46.315000000000005 380.85000000000008
decision_type=2 2 2 8 8 2 2
left_child=1 2 4 -4 5 6 -1
right_child=-2 -3 3 -5 -6 -7 -8
leaf_value=-0.12014698428908985 -0.024899756435893084 0.0039702266966233461 0.050760082166935144 -0.02006785343415797 -0.0094187427483809118 0.026747589369614917 0.007244736266379454
leaf_weight=130 451 5996 211 257 812 40 44
leaf_count=130 451 5996 211 257 812 40 44
internal_value=-0.00052591 0.000957359 -0.0111074 0.0120643 -0.0216841 -0.0669462 -0.0886305
internal_weight=7941 7490 1494 468 1026 214 174
internal_count=7941 7490 1494 468 1026 214 174
is_linear=0
shrinkage=0.02


Tree=543
num_leaves=8
num_cat=0
split_feature=9 64 33 64 33 22 6
split_gain=856.352 765.176 941.802 1137.26 858.697 838.767 941.356
threshold=17.500000000000004 4.5000000000000009 4.5000000000000009 2.5000000000000004 3.5000000000000004 11511.000000000002 1.5000000000000002
decision_type=2 2 2 2 2 2 2
left_child=1 2 5 -4 -3 -1 -7
right_child=-2 4 3 -5 -6 6 -8
leaf_value=0.0058235752561447253 0.027309295019799795 0.049655107001527254 0.095084582311166843 0.0099032181336564558 0.00071999708225856487 -0.016902979657346797 0.0020992112864181875
leaf_weight=1725 418 229 66 551 371 3083 1573
leaf_count=1725 418 229 66 551 371 3083 1573
internal_value=-0.000387735 -0.00192843 -0.0037915 0.0197061 0.0196529 -0.00607721 -0.0104878
internal_weight=8016 7598 6998 617 600 6381 4656
internal_count=8016 7598 6998 617 600 6381 4656
is_linear=0
shrinkage=0.02


Tree=544
num_leaves=8
num_cat=0
split_feature=52 21 31 41 14 52 56
split_gain=786.382 822.451 830.006 1735.33 1206.77 1036.05 1139.3
threshold=4.620000000000001 388772.75000000006 1.0000000180025095e-35 83.670000000000016 34.32500000000001 45.045000000000009 40.665000000000006
decision_type=2 10 2 2 2 2 2
left_child=-1 2 3 4 -2 -6 -7
right_child=1 -3 -4 -5 5 6 -8
leaf_value=-0.046645344964017836 -0.0076000437737042082 0.017558605653499919 0.0049762004229779626 0.06586778031567396 -0.091485835402898147 0.024309881320888446 -0.073629061497119536
leaf_weight=132 2381 1115 3936 113 129 107 78
leaf_count=132 2381 1115 3936 113 129 107 78
internal_value=0.00086012 0.00168717 -0.000947949 -0.00924597 -0.0125116 -0.0490521 -0.0178342
internal_weight=7991 7859 6744 2808 2695 314 185
internal_count=7991 7859 6744 2808 2695 314 185
is_linear=0
shrinkage=0.02


Tree=545
num_leaves=8
num_cat=0
split_feature=49 53 10 41 15 55 21
split_gain=643.814 1008.87 661.686 1251.92 867.178 930.093 930.837
threshold=4.5000000000000009 64.585000000000022 12706.300000000001 68.115000000000023 5.5000000000000009 36.630000000000003 358929.60000000003
decision_type=2 2 2 2 2 2 8
left_child=1 -1 3 4 5 6 -2
right_child=2 -3 -4 -5 -6 -7 -8
leaf_value=-0.09064351151515912 -0.047408559785948858 0.024132513966200485 0.0026994287868727972 0.027678790141563908 -0.08850026531219482 -0.025814556258377589 0.062418209977776695
leaf_weight=72 40 48 6530 238 70 801 97
leaf_count=72 40 48 6530 238 70 801 97
internal_value=-0.000575192 -0.0456042 0.000148558 -0.0131773 -0.0229129 -0.017575 0.0298118
internal_weight=7896 120 7776 1246 1008 938 137
internal_count=7896 120 7776 1246 1008 938 137
is_linear=0
shrinkage=0.02


Tree=546
num_leaves=8
num_cat=0
split_feature=8 47 64 12 41 64 64
split_gain=750.111 785.588 674.03 727.654 547.017 1079.15 688.363
threshold=8.8050000000000015 7.5000000000000009 1.0000000180025095e-35 79.555000000000021 83.670000000000016 2.5000000000000004 4.5000000000000009
decision_type=2 2 2 2 2 2 2
left_child=1 -1 -2 4 6 -6 -4
right_child=2 -3 3 -5 5 -7 -8
leaf_value=0.049095082772794625 -0.068271350024039293 -0.009717620539290088 -0.0040246987668367731 0.023161197536260385 0.097253407810743028 0.0061444356327800273 0.019801780494344296
leaf_weight=253 52 138 6227 534 60 264 521
leaf_count=253 52 138 6227 534 60 264 521
internal_value=0.00163614 0.028477 0.000248017 0.000761007 -0.000945579 0.0242381 -0.0021718
internal_weight=8049 391 7658 7606 7072 324 6748
internal_count=8049 391 7658 7606 7072 324 6748
is_linear=0
shrinkage=0.02


Tree=547
num_leaves=8
num_cat=0
split_feature=64 16 8 9 41 16 21
split_gain=948.241 855.667 703.216 1072.64 1194.82 1023.21 1185.36
threshold=1.0000000180025095e-35 0.77305000000000013 20.675000000000004 12.500000000000002 29.600000000000005 0.50305000000000011 354475.15000000008
decision_type=2 2 2 2 2 2 10
left_child=-1 2 -2 4 5 6 -4
right_child=1 -3 3 -5 -6 -7 -8
leaf_value=-0.078803522577208865 0.0065928013239589522 0.033319492153313063 -0.073121820861547934 0.020836322472993076 -0.004933730000911866 -0.0061440288929923157 0.020859664424377332
leaf_weight=57 2721 287 296 525 3762 291 63
leaf_count=57 2721 287 296 525 3762 291 63
internal_value=-0.000891283 -0.000283105 -0.00156335 -0.00606069 -0.00928123 -0.0342135 -0.0565693
internal_weight=8002 7945 7658 4937 4412 650 359
internal_count=8002 7945 7658 4937 4412 650 359
is_linear=0
shrinkage=0.02


Tree=548
num_leaves=8
num_cat=0
split_feature=40 55 64 42 9 16 12
split_gain=696.426 821.367 927.963 980.193 793.854 786.596 876.921
threshold=84.560000000000016 37.865000000000002 4.5000000000000009 57.215000000000011 16.500000000000004 0.53735000000000011 67.38000000000001
decision_type=2 2 2 2 2 2 2
left_child=1 -1 4 -4 5 -3 -7
right_child=-2 2 3 -5 -6 6 -8
leaf_value=0.0098080493198367466 0.026233922060589891 -0.016876507355362006 0.045024027803345863 -0.012621633125415359 0.021165775442399504 -0.0067234834532997135 0.028136932174040789
leaf_weight=1610 339 3101 271 203 333 1762 340
leaf_count=1610 339 3101 271 203 333 1762 340
internal_value=-0.00160369 -0.00285852 -0.00625706 0.0204621 -0.00856119 -0.0104823 -0.0010314
internal_weight=7959 7620 6010 474 5536 5203 2102
internal_count=7959 7620 6010 474 5536 5203 2102
is_linear=0
shrinkage=0.02


Tree=549
num_leaves=8
num_cat=1
split_feature=48 44 57 4 57 53 57
split_gain=886.611 713.823 1423.09 1039.85 1037.76 1036.4 1098.94
threshold=17.500000000000004 1.0000000180025095e-35 34.760000000000012 0 36.985000000000007 70.305000000000021 18.535000000000004
decision_type=2 2 2 1 2 2 2
left_child=1 2 3 -1 -4 -5 -7
right_child=-2 -3 4 5 -6 6 -8
leaf_value=0.031298496840958555 -0.027064869762067772 0.0040855820602639708 -0.10907806959844404 0.00570922895429143 -0.023300937701925786 -0.14026903822066936 -0.012262325073991503
leaf_weight=373 474 6021 57 271 708 42 65
leaf_count=373 474 6021 57 271 708 42 65
internal_value=-0.000680166 0.000996004 -0.0112478 0.00829174 -0.030359 -0.0149498 -0.0665269
internal_weight=8011 7537 1516 751 765 378 107
internal_count=8011 7537 1516 751 765 378 107
cat_boundaries=0 1
cat_threshold=10
is_linear=0
shrinkage=0.02


Tree=550
num_leaves=8
num_cat=0
split_feature=52 20 41 60 10 13 52
split_gain=738.732 1176.15 1306.86 764.09 793.222 696.7 608.208
threshold=75.385000000000005 589369.05000000016 47.965000000000011 1.0000000180025095e-35 39275.500000000007 335.25000000000006 15.630000000000001
decision_type=2 8 2 2 2 2 2
left_child=6 5 3 -3 -5 -2 -1
right_child=1 2 -4 4 -6 -7 -8
leaf_value=-0.024377525546070606 -0.088565926713458559 0.036364669591596684 0.0085217721263832376 0.16808199471356919 0.041124125662777164 0.00443310542901357 -0.00079846747712152629
leaf_weight=463 54 141 464 44 40 70 6739
leaf_count=463 54 141 464 44 40 70 6739
internal_value=-0.000286022 0.0177257 0.0279432 0.0669385 0.113333 -0.0379295 -0.00233017
internal_weight=8015 813 689 225 84 124 7202
internal_count=8015 813 689 225 84 124 7202
is_linear=0
shrinkage=0.02


Tree=551
num_leaves=8
num_cat=0
split_feature=48 51 16 52 38 21 21
split_gain=996.515 739.024 1080.01 1075.47 916.789 886.64 807.546
threshold=18.500000000000004 29.395000000000003 0.77305000000000013 22.785000000000004 2356.5500000000006 223277.50000000003 478624.60000000003
decision_type=2 2 2 2 8 8 8
left_child=1 3 4 5 -3 -1 -4
right_child=-2 2 6 -5 -6 -7 -8
leaf_value=0.045256179796130051 -0.030446835424261118 0.03523239890210534 0.011051118140635283 -0.00035798442346007516 0.0029909661418115064 -0.044337936322291695 0.13339066367596389
leaf_weight=46 398 398 41 3887 2841 370 43
leaf_count=46 398 398 41 3887 2841 370 43
internal_value=0.000204264 0.00182284 0.00890086 -0.00364715 0.00700091 -0.0340111 0.0776528
internal_weight=8024 7626 3323 4303 3239 416 84
internal_count=8024 7626 3323 4303 3239 416 84
is_linear=0
shrinkage=0.02


Tree=552
num_leaves=8
num_cat=0
split_feature=41 13 8 21 21 21 42
split_gain=591.136 1413.39 677.99 529.687 868.251 480.596 477.713
threshold=14.405000000000003 396.05000000000007 21.475000000000005 388772.75000000006 380478.60000000003 290143.85000000003 52.565000000000005
decision_type=2 2 2 10 10 8 2
left_child=1 2 -1 4 -2 -4 -5
right_child=3 -3 5 6 -6 -7 -8
leaf_value=-0.0072429431253863922 0.00055919576526058219 0.072373029430923261 -0.019940390821960238 0.027482488132986923 -0.061648460184479809 -0.10683204703032971 0.00070327244424544762
leaf_weight=88 6511 41 40 561 86 81 504
leaf_count=88 6511 41 40 561 86 81 504
internal_value=0.000823223 -0.0291345 -0.0502732 0.00181906 -0.000297833 -0.0800387 0.014872
internal_weight=7912 250 209 7662 6597 121 1065
internal_count=7912 250 209 7662 6597 121 1065
is_linear=0
shrinkage=0.02


Tree=553
num_leaves=8
num_cat=0
split_feature=54 22 20 13 41 56 47
split_gain=814.408 967.041 1167.81 1579.72 1077.71 942.781 1196.89
threshold=73.02500000000002 13612.950000000003 958242.30000000016 400.85000000000008 53.115000000000002 41.115000000000002 4.5000000000000009
decision_type=2 2 8 2 2 2 2
left_child=1 5 3 -3 -4 6 -1
right_child=-2 2 4 -5 -6 -7 -8
leaf_value=0.088557764328491523 -0.0026346584177940023 0.025295836689647723 0.086232123476053996 -0.10632279293017184 0.015078668396633407 -0.041451088821684773 -0.0071917558021843435
leaf_weight=66 7041 158 198 42 151 171 195
leaf_count=66 7041 158 198 42 151 171 195
internal_value=-0.000252461 0.0167721 0.0342661 -0.00426317 0.0560943 -0.00559758 0.0182303
internal_weight=8022 981 549 200 349 432 261
internal_count=8022 981 549 200 349 432 261
is_linear=0
shrinkage=0.02


Tree=554
num_leaves=8
num_cat=1
split_feature=41 3 10 64 9 16 10
split_gain=1007.81 1065.27 742.366 711.964 675.935 621.134 799.015
threshold=15.475000000000003 0 60373.30000000001 1.0000000180025095e-35 4.5000000000000009 0.72825000000000006 12706.300000000001
decision_type=2 1 2 2 2 2 2
left_child=1 4 -3 -2 -1 6 -5
right_child=3 2 -4 5 -6 -7 -8
leaf_value=-0.034362245748161942 -0.06831564408951793 -0.10222488337271923 -0.0015374238226148818 -0.014880553326153305 0.048322658498544946 0.023017080394001233 0.0033940157225358153
leaf_weight=80 53 106 40 1134 69 520 5985
leaf_count=80 53 106 40 1134 69 520 5985
internal_value=9.28183e-05 -0.0358702 -0.0709077 0.00149446 0.00399443 0.00202318 0.000474622
internal_weight=7987 295 146 7692 149 7639 7119
internal_count=7987 295 146 7692 149 7639 7119
cat_boundaries=0 1
cat_threshold=5
is_linear=0
shrinkage=0.02


Tree=555
num_leaves=8
num_cat=0
split_feature=32 55 0 38 16 45 51
split_gain=723.674 992.408 1257.35 1394.5 1057.35 980.877 1059.9
threshold=1.0000000180025095e-35 54.735000000000007 23.500000000000004 16531.500000000004 0.79410000000000014 1.0000000180025095e-35 12.555000000000001
decision_type=2 2 2 8 2 2 2
left_child=1 4 3 -3 5 6 -1
right_child=-2 2 -4 -5 -6 -7 -8
leaf_value=-0.008795700066340598 -0.0084225175385103622 0.021932645089096491 -0.0053300134921516465 -0.11784074378817269 0.066913162568994503 -0.0023108540139507991 0.02587575661440538
leaf_weight=470 2872 40 660 84 113 2377 1383
leaf_count=470 2872 40 660 84 113 2377 1383
internal_value=-0.000393304 0.00410826 -0.016534 -0.0736501 0.00784933 0.00619437 0.0170816
internal_weight=7999 5127 784 124 4343 4230 1853
internal_count=7999 5127 784 124 4343 4230 1853
is_linear=0
shrinkage=0.02


Tree=556
num_leaves=8
num_cat=0
split_feature=55 32 22 6 12 6 22
split_gain=672.733 886.517 1014.54 1396.76 1018.69 1202.26 839.33
threshold=48.605000000000011 1.0000000180025095e-35 11320.400000000001 1.5000000000000002 42.165000000000006 1.0000000180025095e-35 19201.050000000003
decision_type=2 2 2 2 2 2 2
left_child=1 2 4 -4 -1 -6 -2
right_child=6 -3 3 -5 5 -7 -8
leaf_value=0.0061087289013084956 -0.012669739004487044 -0.0053136409346072602 -0.0054212993692776337 0.025994082435118099 0.085880660385034668 0.021499017766598381 0.012650174530847451
leaf_weight=379 2097 1847 1631 861 206 268 693
leaf_count=379 2097 1847 1631 861 206 268 693
internal_value=0.00154433 0.00579884 0.0119336 0.00546321 0.0306944 0.0500836 -0.00636922
internal_weight=7982 5192 3345 2492 853 474 2790
internal_count=7982 5192 3345 2492 853 474 2790
is_linear=0
shrinkage=0.02


Tree=557
num_leaves=8
num_cat=0
split_feature=16 10 58 64 52 27 45
split_gain=772.672 847.753 890.23 727.862 1223.12 1147.25 1049.2
threshold=0.32955000000000007 14569.450000000003 22.245000000000001 2.5000000000000004 82.050000000000011 1.0000000180025095e-35 1.0000000180025095e-35
decision_type=2 2 2 2 2 2 2
left_child=1 -1 -3 4 5 6 -2
right_child=3 2 -4 -5 -6 -7 -8
leaf_value=-0.043524280850087173 0.014036530319557233 -0.061188400124359617 0.0018127052957188179 0.00019660733508323523 0.080550001946008101 0.046540352760557326 -0.023097992807918733
leaf_weight=271 1094 94 954 4748 102 296 416
leaf_count=271 1094 94 954 4748 102 296 416
internal_value=0.00162054 -0.0123353 -0.00410187 0.00439331 0.0148089 0.0108838 0.00376362
internal_weight=7975 1319 1048 6656 1908 1806 1510
internal_count=7975 1319 1048 6656 1908 1806 1510
is_linear=0
shrinkage=0.02


Tree=558
num_leaves=8
num_cat=1
split_feature=32 54 22 52 67 20 2
split_gain=769.378 1245.89 1438.18 1129.63 1024.78 934.247 895.788
threshold=1.0000000180025095e-35 73.02500000000002 13612.950000000003 68.485000000000014 9.0719923758124121 719301.95000000007 0
decision_type=2 2 2 2 2 8 1
left_child=1 2 4 6 -1 -4 -3
right_child=-2 3 5 -5 -6 -7 -8
leaf_value=-0.02893718710357342 -0.0094893243234925734 -0.024202864399595653 -0.0018901719730989685 0.022016225761907419 0.055891883384436368 0.075246027098511747 0.00017492189154413146
leaf_weight=193 2895 742 82 752 75 260 2971
leaf_count=193 2895 742 82 752 75 260 2971
internal_value=-0.00127078 0.00342216 0.0301098 -0.000253461 -0.00460884 0.0569906 -0.00478732
internal_weight=7970 5075 610 4465 268 342 3713
internal_count=7970 5075 610 4465 268 342 3713
cat_boundaries=0 1
cat_threshold=65
is_linear=0
shrinkage=0.02


Tree=559
num_leaves=8
num_cat=2
split_feature=2 16 23 45 56 33 5
split_gain=955.559 903.406 1152.89 857.635 838.652 829.375 824.501
threshold=0 0.62775000000000014 2.9500000000000006 1.0000000180025095e-35 36.285000000000004 2.5000000000000004 1
decision_type=1 2 2 2 2 2 1
left_child=6 2 5 -3 -5 -2 -1
right_child=1 3 -4 4 -6 -7 -8
leaf_value=-0.0011783854284622159 0.11076491767505431 0.033500384754004728 -0.01242400823649416 -0.037307315182255871 0.015188853014501649 -0.0042078967392444608 0.017688557449071548
leaf_weight=1920 48 402 3393 196 304 47 1779
leaf_count=1920 48 402 3393 196 304 47 1779
internal_value=0.000459265 -0.00584241 -0.0104681 0.0119396 -0.00555528 0.0565173 0.00793029
internal_weight=8089 4390 3488 902 500 95 3699
internal_count=8089 4390 3488 902 500 95 3699
cat_boundaries=0 1 2
cat_threshold=162 2
is_linear=0
shrinkage=0.02


Tree=560
num_leaves=8
num_cat=1
split_feature=16 15 20 2 64 68 18
split_gain=935.605 1171.03 1319.03 885.098 897.733 830.39 784.365
threshold=0.42885000000000006 1.5000000000000002 1328843.7000000002 0 1.5000000000000002 179015.80000000002 41919.250000000007
decision_type=2 2 10 1 2 2 2
left_child=1 3 -3 5 -5 -1 -2
right_child=6 2 -4 4 -6 -7 -8
leaf_value=-0.067461651254583282 -0.0029481050523388237 -0.026502980716472519 -0.13442131685018541 -0.05929560321560573 0.0079344150533751032 -0.012282542032417779 0.012999425572241201
leaf_weight=130 3083 547 45 79 1468 587 2050
leaf_count=130 3083 547 45 79 1468 587 2050
internal_value=-0.00167784 -0.0108433 -0.0357633 -0.00426268 0.00429357 -0.0223751 0.00342742
internal_weight=7989 2856 592 2264 1547 717 5133
internal_count=7989 2856 592 2264 1547 717 5133
cat_boundaries=0 1
cat_threshold=13
is_linear=0
shrinkage=0.02


Tree=561
num_leaves=8
num_cat=0
split_feature=12 40 12 16 40 31 47
split_gain=575.407 752.751 680.54 517.273 516.657 517.789 941.333
threshold=77.385000000000005 7.5900000000000007 49.425000000000004 0.68950000000000011 87.625000000000014 1.0000000180025095e-35 13.500000000000002
decision_type=2 2 2 2 2 2 2
left_child=1 2 -1 -2 5 6 -3
right_child=3 4 -4 -5 -6 -7 -8
leaf_value=-0.079862247286050514 0.012322062482752473 -0.0087681213886200808 0.0098236758128643561 0.066903263692614401 0.02956091321468101 0.0041153912559559712 0.063990889352886646
leaf_weight=84 612 2837 53 74 231 4021 68
leaf_count=84 612 2837 53 74 231 4021 68
internal_value=0.00120819 -0.000443991 -0.046042 0.0186513 0.000460385 -0.000530818 -0.00695796
internal_weight=7980 7294 137 686 7157 6926 2905
internal_count=7980 7294 137 686 7157 6926 2905
is_linear=0
shrinkage=0.02


Tree=562
num_leaves=8
num_cat=1
split_feature=44 50 64 52 42 2 9
split_gain=878.437 1193.35 1091.18 1386.24 1268.92 1001.3 1233.61
threshold=1.0000000180025095e-35 1.0000000180025095e-35 2.5000000000000004 66.070000000000007 80.415000000000006 0 10.500000000000002
decision_type=2 2 2 2 2 1 2
left_child=1 -1 3 4 5 -2 -7
right_child=2 -3 -4 -5 -6 6 -8
leaf_value=0.011140618634023616 0.020556141710609894 -0.025453504973656785 -0.0014073066443214932 0.060809590880192957 0.10462520360946656 -0.033143089409547015 0.05382546988752069
leaf_weight=525 622 1090 4998 250 48 377 74
leaf_count=525 622 1090 4998 250 48 377 74
internal_value=-0.000409365 -0.0135599 0.00293327 0.0187045 0.0090861 0.00434677 -0.0180439
internal_weight=7984 1615 6369 1371 1121 1073 451
internal_count=7984 1615 6369 1371 1121 1073 451
cat_boundaries=0 1
cat_threshold=178
is_linear=0
shrinkage=0.02


Tree=563
num_leaves=8
num_cat=0
split_feature=33 9 12 23 53 33 9
split_gain=556.614 700.553 553.174 543.741 1010.64 665.819 646.423
threshold=1.0000000180025095e-35 3.5000000000000004 67.38000000000001 4.3500000000000005 82.695000000000007 1.5000000000000002 3.5000000000000004
decision_type=2 2 2 2 2 2 2
left_child=1 2 -1 4 5 6 -2
right_child=3 -3 -4 -5 -6 -7 -8
leaf_value=-0.015274005965514129 0.0039590452302176995 -0.056137402126232527 0.061574843927570018 0.00045508658962975453 0.095781837361199523 0.0015802520124003684 0.10526039148370425
leaf_weight=197 48 146 41 6960 58 488 49
leaf_count=197 48 146 41 6960 58 488 49
internal_value=0.000894299 -0.0224413 -0.00104077 0.00208687 0.0196099 0.0113101 0.0577832
internal_weight=7987 384 238 7603 643 585 97
internal_count=7987 384 238 7603 643 585 97
is_linear=0
shrinkage=0.02


Tree=564
num_leaves=8
num_cat=0
split_feature=8 48 12 52 48 57 48
split_gain=751.906 762.872 731.551 595.462 575.947 668.398 677.996
threshold=8.5850000000000026 5.5000000000000009 25.040000000000003 58.860000000000007 17.500000000000004 50.485000000000007 21.500000000000004
decision_type=2 2 2 2 2 2 2
left_child=1 2 -1 -4 -2 -6 -7
right_child=4 -3 3 -5 5 6 -8
leaf_value=-0.017434607269242407 -0.00053300120447540597 -0.010420972871961016 0.099142022609327723 0.020457184127398897 -0.035270738500443176 -0.032966818631607657 0.068952288530897674
leaf_weight=47 7224 127 102 65 374 44 52
leaf_count=47 7224 127 102 65 374 44 52
internal_value=-0.000640266 0.0282024 0.0508384 0.0700012 -0.00193607 -0.0232688 0.0229199
internal_weight=8035 341 214 167 7694 470 96
internal_count=8035 341 214 167 7694 470 96
is_linear=0
shrinkage=0.02


Tree=565
num_leaves=8
num_cat=0
split_feature=44 57 50 57 0 59 58
split_gain=1026.06 1487.91 1108.83 973.337 1207.66 1257.58 1138.04
threshold=1.0000000180025095e-35 10.435 3.5000000000000004 18.265000000000004 36.500000000000007 1.0000000180025095e-35 35.945000000000007
decision_type=2 2 2 2 2 2 2
left_child=1 -1 3 -3 -5 -6 -7
right_child=-2 2 -4 4 5 6 -8
leaf_value=0.047031213642990261 0.0030837132185482868 -0.066927410149183436 0.071376093953263525 0.01111934162804477 -0.045772246726210053 0.05189319048384744 -0.033050220489050403
leaf_weight=138 6372 178 46 402 618 116 127
leaf_count=138 6372 178 46 402 618 116 127
internal_value=-0.000536281 -0.014697 -0.0205641 -0.0237357 -0.0174086 -0.0307155 0.00772761
internal_weight=7997 1625 1487 1441 1263 861 243
internal_count=7997 1625 1487 1441 1263 861 243
is_linear=0
shrinkage=0.02


Tree=566
num_leaves=8
num_cat=0
split_feature=33 44 57 58 33 0 21
split_gain=664.63 701.474 1515.98 1019.46 925.007 940.549 1010.66
threshold=5.5000000000000009 1.0000000180025095e-35 10.070000000000002 60.420000000000009 1.0000000180025095e-35 41.500000000000007 210250.80000000002
decision_type=2 2 2 2 2 2 10
left_child=1 2 -1 4 -4 -6 -7
right_child=-2 -3 3 -5 5 6 -8
leaf_value=0.04772771287894418 0.029741139022872606 8.2734288752049382e-05 -0.091874033128542282 -0.082761224597133712 0.0066875099061738186 -0.054340401764515329 -0.006304644739034795
leaf_weight=136 252 6153 57 95 561 314 392
leaf_count=136 252 6153 57 95 561 314 392
internal_value=-0.00190109 -0.00295418 -0.0149328 -0.0210848 -0.0163646 -0.0126198 -0.0279009
internal_weight=7960 7708 1555 1419 1324 1267 706
internal_count=7960 7708 1555 1419 1324 1267 706
is_linear=0
shrinkage=0.02


Tree=567
num_leaves=8
num_cat=1
split_feature=14 34 32 52 42 3 41
split_gain=827.902 1473.1 774.552 945.194 894.305 1075.36 1507.93
threshold=43.180000000000007 1.5000000000000002 1.0000000180025095e-35 67.205000000000013 31.075000000000003 0 18.610000000000003
decision_type=2 2 2 2 2 1 2
left_child=2 -2 3 -1 5 6 -4
right_child=1 -3 4 -5 -6 -7 -8
leaf_value=0.0030839505466231454 -0.065183403619437238 0.0073729677421163278 -0.10882763803005219 0.02579628959250533 -0.01143820665361577 0.044284755880316939 0.011158368570712921
leaf_weight=3958 199 246 47 895 2248 267 212
leaf_count=3958 199 246 47 895 2248 267 212
internal_value=0.000925085 -0.0254373 0.00247887 0.00729484 -0.00594446 0.0174211 -0.0118163
internal_weight=8072 445 7627 4853 2774 526 259
internal_count=8072 445 7627 4853 2774 526 259
cat_boundaries=0 1
cat_threshold=10
is_linear=0
shrinkage=0.02


Tree=568
num_leaves=8
num_cat=0
split_feature=8 10 17 9 16 49 54
split_gain=676.701 1147.17 1028.06 952.047 764.854 764.308 853.019
threshold=8.5850000000000026 14237.750000000002 5720.0500000000011 18.500000000000004 0.32695000000000007 30.500000000000004 91.715000000000018
decision_type=2 2 2 2 2 2 2
left_child=1 2 -1 4 5 -2 -7
right_child=3 -3 -4 -5 -6 6 -8
leaf_value=0.031493467051993337 -0.0035094772781343515 0.063366186259375817 -0.062064191496232532 0.032277224100274046 0.0011519195987165852 -0.020828100660011263 -0.085367276428753996
leaf_weight=109 688 177 75 342 6141 333 106
leaf_count=109 688 177 75 342 6141 333 106
internal_value=0.00118981 0.0277535 -0.0072745 -8.77004e-05 -0.00163179 -0.0167383 -0.0371974
internal_weight=7971 361 184 7610 7268 1127 439
internal_count=7971 361 184 7610 7268 1127 439
is_linear=0
shrinkage=0.02


Tree=569
num_leaves=8
num_cat=0
split_feature=8 48 64 33 52 16 67
split_gain=1019.75 1321.97 708.298 1309.65 1110.21 888.398 811.836
threshold=54.410000000000004 1.0000000180025095e-35 2.5000000000000004 3.5000000000000004 82.050000000000011 0.77305000000000013 12.571927485045455
decision_type=2 2 2 2 2 2 2
left_child=2 -2 3 4 5 6 -1
right_child=1 -3 -4 -5 -6 -7 -8
leaf_value=-0.0072115419820846759 -0.10007191265203867 -0.012867428036411846 -0.0018716051818966695 0.056512742568079241 0.067399101452236737 0.066036657504737376 0.027336848092317935
leaf_weight=1407 78 442 5296 228 107 79 332
leaf_count=1407 78 442 5296 228 107 79 332
internal_value=0.000164783 -0.0267766 0.00206221 0.0117206 0.00628269 0.00251064 -0.000556296
internal_weight=7969 520 7449 2153 1925 1818 1739
internal_count=7969 520 7449 2153 1925 1818 1739
is_linear=0
shrinkage=0.02


Tree=570
num_leaves=8
num_cat=0
split_feature=12 26 20 17 52 17 48
split_gain=715.931 924.489 685.258 680.43 1064.71 848.899 874.814
threshold=14.955000000000002 1.0000000180025095e-35 759338.65000000014 16791.950000000004 85.605000000000004 13302.750000000002 2.5000000000000004
decision_type=2 2 8 2 2 2 2
left_child=1 -1 -3 4 5 6 -2
right_child=3 2 -4 -5 -6 -7 -8
leaf_value=-0.037275031063222268 0.010109105154957849 -0.031201567366412008 0.036402613239575041 0.0090841940042292978 0.042339706428579447 -0.029615881029909162 -0.0095524701244249187
leaf_weight=441 1426 92 153 2727 189 512 2459
leaf_count=441 1426 92 153 2727 189 512 2459
internal_value=-0.000655953 -0.0201152 0.0109002 0.00118193 -0.00352182 -0.00553897 -0.00233192
internal_weight=7999 686 245 7313 4586 4397 3885
internal_count=7999 686 245 7313 4586 4397 3885
is_linear=0
shrinkage=0.02


Tree=571
num_leaves=8
num_cat=0
split_feature=9 42 37 58 42 0 20
split_gain=689.923 793.653 1214.63 1099.84 707.958 933.864 686.622
threshold=1.5000000000000002 9.1200000000000028 0.26970000000000005 43.975000000000001 14.090000000000002 56.500000000000007 922176.65000000014
decision_type=2 2 2 2 2 2 10
left_child=6 2 3 -2 5 -3 -1
right_child=1 4 -4 -5 -6 -7 -8
leaf_value=-0.0041489251002608599 -0.048244918075280599 0.091950233751032714 -0.11551909684593029 0.066542270400307399 0.0042828136017002789 -0.017976148314774038 -0.034339011371899347
leaf_weight=1835 80 78 50 50 5491 47 356
leaf_count=1835 80 78 50 50 5491 47 356
internal_value=0.00042674 0.00404084 -0.0367273 -0.00326662 0.00537902 0.0515162 -0.00912131
internal_weight=7987 5796 180 130 5616 125 2191
internal_count=7987 5796 180 130 5616 125 2191
is_linear=0
shrinkage=0.02


Tree=572
num_leaves=8
num_cat=1
split_feature=54 13 22 23 15 5 54
split_gain=619.298 842.321 910.241 1079.08 654.244 1172.39 936.924
threshold=73.02500000000002 308.25000000000006 13651.800000000001 11.15 1.5000000000000002 0 77.855000000000004
decision_type=2 2 2 2 2 1 2
left_child=1 2 3 -1 -2 -6 -7
right_child=4 -3 -4 -5 5 6 -8
leaf_value=-0.062820614443293649 2.6525241906973502e-05 0.0030920218117046236 0.076703353816022474 0.060792891371407011 0.027312029827220571 -0.068180383879796788 -0.015943282439212076
leaf_weight=51 5532 757 145 52 210 154 1057
leaf_count=51 5532 757 145 52 210 154 1057
internal_value=-0.000963394 0.0136721 0.0452678 -0.000488515 -0.00308715 -0.0151664 -0.0226529
internal_weight=7958 1005 248 103 6953 1421 1211
internal_count=7958 1005 248 103 6953 1421 1211
cat_boundaries=0 1
cat_threshold=1
is_linear=0
shrinkage=0.02


Tree=573
num_leaves=8
num_cat=0
split_feature=64 66 17 49 14 14 22
split_gain=643.986 1603.32 1114.19 1556.46 1276.58 1171.64 1416.38
threshold=2.5000000000000004 0.43750000000000006 3784.5500000000006 22.500000000000004 21.735000000000003 21.065000000000001 16558.800000000007
decision_type=2 2 2 2 2 2 2
left_child=1 2 3 4 -1 -5 -7
right_child=-2 -3 -4 5 -6 6 -8
leaf_value=0.02835161960473026 -0.0035685052316559245 0.054370271323697414 -0.0055126198165850841 0.029537928188840549 0.12850770211254042 -0.11478764476254583 0.025913794900256172
leaf_weight=132 5673 269 1552 175 82 59 49
leaf_count=132 5673 269 1552 175 82 59 49
internal_value=6.08351e-05 0.00893173 0.00284857 0.0287532 0.0687869 -0.00218832 -0.0526289
internal_weight=7991 2318 2049 497 214 283 108
internal_count=7991 2318 2049 497 214 283 108
is_linear=0
shrinkage=0.02


Tree=574
num_leaves=8
num_cat=1
split_feature=12 53 56 53 12 5 54
split_gain=867.095 1000.11 1048.18 814.159 853.25 732.971 1148.38
threshold=19.605000000000004 68.625000000000014 43.855000000000011 40.225000000000001 29.485000000000003 0 78.560000000000016
decision_type=2 2 2 2 2 1 2
left_child=1 2 -1 4 -2 -6 -7
right_child=3 -3 -4 -5 5 6 -8
leaf_value=-0.012789648216156687 0.068283212962382628 0.021129518948171451 -0.062846632670061506 -0.00045607033676616941 0.026290182809167281 -0.091560624516495159 0.013153017124557121
leaf_weight=544 126 202 239 6291 398 58 122
leaf_count=544 126 202 239 6291 398 58 122
internal_value=-0.000644789 -0.0181639 -0.0283707 0.00183338 0.022151 0.0115951 -0.0210148
internal_weight=7980 985 783 6995 704 578 180
internal_count=7980 985 783 6995 704 578 180
cat_boundaries=0 1
cat_threshold=6
is_linear=0
shrinkage=0.02


Tree=575
num_leaves=8
num_cat=1
split_feature=22 2 22 51 47 40 8
split_gain=530.691 1091.33 1119.39 1105.25 947.902 878.112 865.424
threshold=11017.200000000003 0 9066.8000000000011 35.725000000000001 3.5000000000000004 64.285000000000011 14.015000000000002
decision_type=2 1 2 2 2 2 2
left_child=1 2 3 5 -4 -1 -3
right_child=-2 6 4 -5 -6 -7 -8
leaf_value=-0.096595820904213148 -0.0024084042329875067 0.055238947900136309 0.08932209364793918 0.014088516389853076 -0.0037563287038515263 0.0018676641514455831 0.012196226231655621
leaf_weight=132 6096 220 49 90 229 49 1133
leaf_count=132 6096 220 49 90 229 49 1133
internal_value=0.000470379 0.00967914 -0.0139184 -0.0427332 0.0139379 -0.0706063 0.019231
internal_weight=7998 1902 549 271 278 181 1353
internal_count=7998 1902 549 271 278 181 1353
cat_boundaries=0 1
cat_threshold=73
is_linear=0
shrinkage=0.02


Tree=576
num_leaves=8
num_cat=0
split_feature=56 56 54 22 52 68 20
split_gain=672.651 1227.08 869.92 873.554 643.383 889.197 1106.4
threshold=30.155000000000005 29.095000000000002 95.535000000000011 11649.250000000002 66.350000000000009 895530.30000000016 704273.00000000012
decision_type=2 2 2 2 2 2 10
left_child=1 -1 3 -3 -2 6 -6
right_child=4 2 -4 -5 5 -7 -8
leaf_value=-0.0045139379105326909 -0.0027654539970110737 0.031659393349908437 -0.13931194228596158 -0.066436634712466386 0.0061682937983951591 0.034825521103548217 -0.090444319272041315
leaf_weight=612 5796 48 40 118 912 463 45
leaf_count=612 5796 48 40 118 912 463 45
internal_value=-0.00176114 -0.0188917 -0.0604872 -0.0379752 0.000192502 0.0122333 0.00117891
internal_weight=8034 818 206 166 7216 1420 957
internal_count=8034 818 206 166 7216 1420 957
is_linear=0
shrinkage=0.02


Tree=577
num_leaves=8
num_cat=0
split_feature=14 26 64 21 42 64 16
split_gain=594.969 735.138 711.258 677.824 1092.19 978.091 762.192
threshold=45.515000000000008 1.0000000180025095e-35 1.0000000180025095e-35 412848.85000000003 35.185000000000009 2.5000000000000004 0.35845000000000005
decision_type=2 2 2 10 2 2 2
left_child=2 -2 -1 -4 6 -6 -5
right_child=1 -3 3 4 5 -7 -8
leaf_value=-0.068733509507562435 -0.044952073885513005 0.012360656625808103 0.00072805592855555072 0.044244501500462115 0.077027576506137854 0.018443820774406788 -0.045358923808254049
leaf_weight=51 232 141 6831 47 145 497 140
leaf_count=51 232 141 6831 47 145 497 140
internal_value=0.00108982 -0.02341 0.00228934 0.00280673 0.0198281 0.0321684 -0.0222726
internal_weight=8084 373 7711 7660 829 642 187
internal_count=8084 373 7711 7660 829 642 187
is_linear=0
shrinkage=0.02


Tree=578
num_leaves=8
num_cat=0
split_feature=40 50 54 54 8 57 20
split_gain=740.77 650.746 643.516 581.984 977.702 1022.09 1013.81
threshold=5.6100000000000003 3.5000000000000004 96.805000000000021 82.855000000000004 24.545000000000005 48.115000000000002 855137.65000000014
decision_type=2 2 2 2 2 2 8
left_child=-1 3 -3 4 5 6 -2
right_child=1 2 -4 -5 -6 -7 -8
leaf_value=-0.049727124204254597 -0.0021120634908969086 0.047059656191345084 -0.030786502184691252 -0.0037736722679651818 -0.0035946785657431438 -0.010310591573108676 0.042038450361623257
leaf_weight=109 288 214 49 4709 1477 336 740
leaf_count=109 288 214 49 4709 1477 336 740
internal_value=0.000888381 0.00162587 0.0322522 0.000538384 0.00767976 0.0198568 0.0297191
internal_weight=7922 7813 263 7550 2841 1364 1028
internal_count=7922 7813 263 7550 2841 1364 1028
is_linear=0
shrinkage=0.02


Tree=579
num_leaves=8
num_cat=0
split_feature=58 41 9 47 52 31 33
split_gain=697.307 970.543 1405.06 1076.23 1025.21 1450.34 958.968
threshold=34.375000000000007 38.945000000000007 14.500000000000002 5.5000000000000009 32.345000000000006 1.0000000180025095e-35 4.5000000000000009
decision_type=2 2 2 2 2 2 2
left_child=1 2 6 4 5 -3 -1
right_child=-2 3 -4 -5 -6 -7 -8
leaf_value=-0.042423512548676622 0.0045819424192812801 -0.094594217750642987 0.044506728451918151 -0.010609771491933248 0.03130780988810853 0.022564877161273249 0.029739696269943598
leaf_weight=679 4990 65 97 1439 584 103 79
leaf_count=679 4990 65 97 1439 584 103 79
internal_value=-1.96316e-05 -0.00755315 -0.025558 -0.000484881 0.0188319 -0.0241884 -0.0347569
internal_weight=8036 3046 855 2191 752 168 758
internal_count=8036 3046 855 2191 752 168 758
is_linear=0
shrinkage=0.02


Tree=580
num_leaves=8
num_cat=0
split_feature=17 20 17 51 41 8 41
split_gain=664.044 858.205 804.857 1100.1 1209.3 1079.66 1133.81
threshold=35017.80000000001 630416.75000000012 5100.5500000000002 9.9350000000000005 80.610000000000014 47.650000000000006 16.360000000000003
decision_type=2 8 2 2 2 2 2
left_child=2 -2 5 4 -4 6 -1
right_child=1 -3 3 -5 -6 -7 -8
leaf_value=-0.060603711746987844 -0.017679622740439459 0.020405811707449956 -0.03441604380997746 -0.0023503295767655199 0.061433221991909176 -0.047647913202191847 0.014503206054907236
leaf_weight=79 293 1158 766 3597 52 127 1934
leaf_count=79 293 1158 766 3597 52 127 1934
internal_value=0.000462607 0.0126809 -0.00224962 -0.00712646 -0.0279867 0.00780489 0.0114128
internal_weight=8006 1451 6555 4415 818 2140 2013
internal_count=8006 1451 6555 4415 818 2140 2013
is_linear=0
shrinkage=0.02


Tree=581
num_leaves=8
num_cat=1
split_feature=22 5 22 14 64 40 6
split_gain=554.886 885.458 1234.44 1186.82 856.195 877.155 1090.33
threshold=10900.950000000003 0 12431.850000000002 43.180000000000007 1.5000000000000002 68.375000000000014 1.5000000000000002
decision_type=2 1 2 2 2 2 2
left_child=-1 2 -2 -4 -3 6 -6
right_child=1 4 3 -5 5 -7 -8
leaf_value=0.0065476968122699089 -0.027210828689147211 -0.062732577889480376 0.0063949508041587361 -0.042261866282129516 -0.025978803225132005 0.01423142677387939 0.041606751837982577
leaf_weight=1862 604 149 3425 208 1235 359 99
leaf_count=1862 604 149 3425 208 1235 359 99
internal_value=-0.00299284 -0.00591809 -0.000855713 0.00355495 -0.0174298 -0.0133724 -0.0208264
internal_weight=7941 6079 4237 3633 1842 1693 1334
internal_count=7941 6079 4237 3633 1842 1693 1334
cat_boundaries=0 1
cat_threshold=3
is_linear=0
shrinkage=0.02


Tree=582
num_leaves=8
num_cat=0
split_feature=33 32 64 53 53 50 17
split_gain=588.374 676.312 1065.03 969.563 1090.75 1059.81 966.13
threshold=5.5000000000000009 1.0000000180025095e-35 4.5000000000000009 85.855000000000004 83.445000000000007 1.5000000000000002 7106.7500000000009
decision_type=2 2 2 2 2 2 2
left_child=1 3 -3 4 -1 -5 -6
right_child=-2 2 -4 5 6 -7 -8
leaf_value=0.0027733876287664894 0.030180563299533201 -0.015350982501081259 0.015551665934056123 0.060552611753410181 -0.13223020230399238 -0.0193557530711405 -0.010752168140241079
leaf_weight=4712 250 2110 561 222 40 91 65
leaf_count=4712 250 2110 561 222 40 91 65
internal_value=0.000285167 -0.000691614 -0.00884345 0.00355722 0.00132291 0.0373814 -0.0609365
internal_weight=8051 7801 2671 5130 4817 313 105
internal_count=8051 7801 2671 5130 4817 313 105
is_linear=0
shrinkage=0.02


Tree=583
num_leaves=8
num_cat=0
split_feature=16 53 55 49 16 64 52
split_gain=681.265 718.502 542.969 1026.86 649.207 876.353 914.6
threshold=0.77885000000000015 66.625000000000014 37.995000000000012 5.5000000000000009 0.37920000000000004 2.5000000000000004 32.615000000000002
decision_type=2 2 2 2 2 2 2
left_child=2 -2 3 -1 -5 6 -6
right_child=1 -3 -4 4 5 -7 -8
leaf_value=-0.075393351002850315 0.066129131612274072 -0.00047617147421395338 -0.003100392099310666 -0.0080631028932001865 -0.014763334318027867 0.009443171623198663 0.064723702616567888
leaf_weight=50 124 130 6028 445 72 868 260
leaf_count=50 124 130 6028 445 72 868 260
internal_value=0.000782457 0.0326887 -0.000287371 0.00969639 0.0125033 0.0201319 0.0475223
internal_weight=7977 254 7723 1695 1645 1200 332
internal_count=7977 254 7723 1695 1645 1200 332
is_linear=0
shrinkage=0.02


Tree=584
num_leaves=8
num_cat=0
split_feature=9 15 40 55 9 56 56
split_gain=695.569 649.574 595.758 772.144 1044.13 686.803 599.685
threshold=2.5000000000000004 6.5000000000000009 76.460000000000022 35.985000000000007 1.0000000180025095e-35 39.57500000000001 46.525000000000013
decision_type=2 2 2 2 2 2 2
left_child=2 -2 3 4 5 -1 -5
right_child=1 -3 -4 6 -6 -7 -8
leaf_value=0.010511986231431365 0.0058333324545429312 -0.068899288126762881 0.016567084657564013 -0.010060137466858543 -0.0081440277256234726 0.098697018447594764 -0.037217231780974844
leaf_weight=67 4819 42 374 1956 269 73 387
leaf_count=67 4819 42 374 1956 269 73 387
internal_value=0.000386303 0.00511749 -0.00696723 -0.0101898 0.0150333 0.0583119 -0.0146155
internal_weight=7987 4861 3126 2752 409 140 2343
internal_count=7987 4861 3126 2752 409 140 2343
is_linear=0
shrinkage=0.02


Tree=585
num_leaves=8
num_cat=0
split_feature=52 10 57 55 12 41 6
split_gain=739.79 993.79 728.422 648.629 819.189 673.377 812.195
threshold=15.630000000000001 65732.800000000017 52.645000000000003 55.055000000000007 80.110000000000014 41.495000000000012 2.5000000000000004
decision_type=2 2 2 2 2 2 2
left_child=1 2 -1 -2 5 6 -5
right_child=3 -3 -4 4 -6 -7 -8
leaf_value=-0.026845593487994087 0.0031256697472471723 0.034065719954260103 -0.10295526391428504 -0.027030386915873911 0.045737967066809368 -0.0068307995547184745 -0.11119249523018621
leaf_weight=305 6463 86 57 289 82 694 51
leaf_count=305 6463 86 57 289 82 694 51
internal_value=-0.000791557 -0.0256189 -0.0400691 0.000691929 -0.0133535 -0.0182372 -0.0410832
internal_weight=8027 448 362 7579 1116 1034 340
internal_count=8027 448 362 7579 1116 1034 340
is_linear=0
shrinkage=0.02


Tree=586
num_leaves=8
num_cat=0
split_feature=8 17 9 33 47 48 8
split_gain=651.814 1072.17 906.134 790.718 707.959 627.627 547.718
threshold=54.410000000000004 45305.500000000007 8.5000000000000018 4.5000000000000009 9.5000000000000018 1.0000000180025095e-35 8.8050000000000015
decision_type=2 2 2 2 2 2 2
left_child=6 2 3 4 5 -2 -1
right_child=1 -3 -4 -5 -6 -7 -8
leaf_value=0.024924974648362505 -0.14341845340728759 0.033460617850048349 0.020217324383966218 0.024385703709356638 0.0089235871036847433 -0.058995176418858736 0.00066350395043877322
leaf_weight=388 45 108 86 44 43 182 7041
leaf_count=388 45 108 86 44 43 182 7041
internal_value=0.000442156 -0.0213625 -0.0363951 -0.0519743 -0.0646352 -0.0784613 0.00194654
internal_weight=7937 508 400 314 270 227 7429
internal_count=7937 508 400 314 270 227 7429
is_linear=0
shrinkage=0.02


Tree=587
num_leaves=8
num_cat=0
split_feature=9 55 15 23 12 40 16
split_gain=544.838 780.13 656.13 627.429 749.844 842.49 1024.97
threshold=12.500000000000002 59.845000000000006 3.5000000000000004 4.3500000000000005 73.935000000000016 45.285000000000004 0.42705000000000004
decision_type=2 2 2 2 2 2 2
left_child=3 2 -2 4 5 6 -1
right_child=1 -3 -4 -5 -6 -7 -8
leaf_value=-0.076652253584826704 0.0036505643752202947 0.080850439709029165 0.070153327041771268 -0.0045719081333301893 0.073832710627466436 0.02883461598585698 0.012020944780024299
leaf_weight=80 826 59 59 6469 75 309 132
leaf_count=80 826 59 59 6469 75 309 132
internal_value=-0.000849583 0.0133803 0.00845329 -0.00275904 0.0167922 0.00795722 -0.0224358
internal_weight=8009 944 885 7065 596 521 212
internal_count=8009 944 885 7065 596 521 212
is_linear=0
shrinkage=0.02


Tree=588
num_leaves=8
num_cat=0
split_feature=49 57 17 16 10 24 46
split_gain=551.628 1164.32 575.589 1307.56 1021.75 875.814 1580.39
threshold=4.5000000000000009 30.125000000000004 5488.5000000000009 0.72145000000000015 12706.300000000001 1.5000000000000002 2.5000000000000004
decision_type=2 2 2 2 2 2 2
left_child=1 -1 3 5 -4 -2 -7
right_child=2 -3 4 -5 -6 6 -8
leaf_value=-0.10704853337386559 -0.010286642503260978 0.010972411750656804 -0.029602495957765342 0.059940480594157554 0.00062091738497247525 -0.035077073572619452 0.025440034623126499
leaf_weight=53 858 77 486 186 5039 201 1073
leaf_count=53 858 77 486 186 5039 201 1073
internal_value=0.000759306 -0.0393265 0.00144837 0.00980187 -0.00206201 0.00529766 0.0157924
internal_weight=7973 130 7843 2318 5525 2132 1274
internal_count=7973 130 7843 2318 5525 2132 1274
is_linear=0
shrinkage=0.02


Tree=589
num_leaves=8
num_cat=0
split_feature=8 16 53 24 38 56 56
split_gain=778.598 991.096 911.506 853.868 850.9 1047.09 944.045
threshold=30.165000000000003 0.77305000000000013 64.585000000000022 1.5000000000000002 89407.400000000009 28.245000000000001 30.155000000000005
decision_type=2 2 2 2 8 2 2
left_child=1 4 -3 -4 6 -6 -1
right_child=-2 2 3 -5 5 -7 -8
leaf_value=-0.026338149307822842 -0.0086533699564769924 0.093305631921256099 0.05444912920196851 -0.047322749667248483 0.050378571977302181 -0.011007294024032612 0.013417487264403572
leaf_weight=260 3077 88 70 54 113 1932 2453
leaf_count=260 3077 88 70 54 113 1932 2453
internal_value=-0.000754658 0.00413933 0.0459404 0.0100127 0.00223055 -0.00750071 0.00956607
internal_weight=8047 4970 212 124 4758 2045 2713
internal_count=8047 4970 212 124 4758 2045 2713
is_linear=0
shrinkage=0.02


Tree=590
num_leaves=8
num_cat=0
split_feature=23 17 17 64 23 8 57
split_gain=690.092 721.187 725.46 880.938 583.848 1059.06 1354.84
threshold=22.550000000000004 7916.3500000000013 10454.500000000002 2.5000000000000004 18.450000000000003 31.345000000000002 34.595000000000006
decision_type=2 2 2 2 2 2 2
left_child=4 -2 -3 -4 -1 -6 -7
right_child=1 2 3 -5 5 6 -8
leaf_value=6.9236620775086892e-05 0.050655900876774886 -0.069688261163995624 0.07116363905094289 -0.0060108274280991367 -0.00039372057592505734 -0.002678279410709034 -0.10157146132590597
leaf_weight=6853 206 42 76 217 389 105 113
leaf_count=6853 206 42 76 217 389 105 113
internal_value=-1.46698e-05 0.0216903 0.0033956 0.0148653 -0.00160219 -0.0203189 -0.0550675
internal_weight=8001 541 335 293 7460 607 218
internal_count=8001 541 335 293 7460 607 218
is_linear=0
shrinkage=0.02


Tree=591
num_leaves=8
num_cat=1
split_feature=2 65 41 21 17 35 58
split_gain=696.717 798.18 964.437 707.739 652.201 649.271 596.894
threshold=0 1.0000000180025095e-35 10.190000000000003 361442.90000000008 12265.250000000002 1.0000000180025095e-35 56.545000000000009
decision_type=1 2 2 8 2 2 2
left_child=1 3 -3 -1 -5 -4 -7
right_child=-2 2 5 4 -6 6 -8
leaf_value=-0.10070725321769715 0.0029265200070783272 -0.090544985102595024 -0.0099661189965649395 0.0047502119787808123 -0.082659040123832475 0.024546218946535428 -0.051642747864775032
leaf_weight=62 5605 48 1639 111 44 407 41
leaf_count=62 5605 48 1639 111 44 407 41
internal_value=-0.000909987 -0.0100094 -0.00628304 -0.0461561 -0.0218704 -0.00413328 0.0170805
internal_weight=7957 2352 2135 217 155 2087 448
internal_count=7957 2352 2135 217 155 2087 448
cat_boundaries=0 1
cat_threshold=73
is_linear=0
shrinkage=0.02


Tree=592
num_leaves=8
num_cat=0
split_feature=13 35 30 42 68 31 40
split_gain=615.274 899.968 609.341 1186.94 1104.54 849.325 1465.15
threshold=455.35000000000008 1.0000000180025095e-35 1.0000000180025095e-35 16.500000000000004 592554.05000000016 1.0000000180025095e-35 81.645000000000024
decision_type=2 2 2 2 2 2 2
left_child=2 -2 5 4 -4 6 -1
right_child=1 -3 3 -5 -6 -7 -8
leaf_value=-0.016360559530506733 0.054427198247377122 -0.038821952776475384 0.0012799114282013942 0.0051516289675629838 0.11982662897246579 0.0029856324189598453 0.052468664848622483
leaf_weight=2273 173 50 56 1982 67 3296 126
leaf_count=2273 173 50 56 1982 67 3296 126
internal_value=0.000741695 0.0331265 -0.000204806 0.00897719 0.0680124 -0.00360358 -0.0126439
internal_weight=8023 223 7800 2105 123 5695 2399
internal_count=8023 223 7800 2105 123 5695 2399
is_linear=0
shrinkage=0.02


Tree=593
num_leaves=8
num_cat=0
split_feature=9 40 55 67 15 20 49
split_gain=710.406 858.362 739.799 731.865 726.848 667.898 937.97
threshold=1.5000000000000002 76.460000000000022 35.985000000000007 12.028241034948133 6.5000000000000009 922176.65000000014 68.500000000000014
decision_type=2 2 2 2 2 10 2
left_child=1 2 3 -1 -2 6 -4
right_child=4 -3 5 -5 -6 -7 -8
leaf_value=0.029874651156703142 0.0044430340361238489 0.021858092407323421 -0.010368980646069842 -0.046273496374487876 -0.067338410772775345 -0.049831766837199219 -0.085643413258450374
leaf_weight=238 5735 295 1284 59 52 248 65
leaf_count=238 5735 295 1284 59 52 248 65
internal_value=6.91766e-05 -0.00962289 -0.0145709 0.0142319 0.00374046 -0.0199551 -0.0142989
internal_weight=7976 2189 1894 297 5787 1597 1349
internal_count=7976 2189 1894 297 5787 1597 1349
is_linear=0
shrinkage=0.02


Tree=594
num_leaves=8
num_cat=0
split_feature=16 65 54 41 32 54 27
split_gain=903.467 1015.66 1124.5 1058.86 834.505 1302.12 1203.44
threshold=0.36255000000000004 0.61250000000000016 69.240000000000023 72.845000000000013 1.0000000180025095e-35 82.955000000000013 1.0000000180025095e-35
decision_type=2 2 2 2 2 2 2
left_child=1 2 -1 -4 5 -2 -7
right_child=4 -3 3 -5 -6 6 -8
leaf_value=0.045461102979257699 0.025169744251608606 0.0035393799227066381 -0.041163089112169787 0.028835670750851583 -0.0057083197646912234 -0.0051571733557193682 0.030869274593408495
leaf_weight=75 1380 856 753 94 2251 2127 444
leaf_count=75 1380 856 753 94 2251 2127 444
internal_value=0.00039884 -0.0121495 -0.0266559 -0.033271 0.00400312 0.00953623 0.00111227
internal_weight=7980 1778 922 847 6202 3951 2571
internal_count=7980 1778 922 847 6202 3951 2571
is_linear=0
shrinkage=0.02


Tree=595
num_leaves=8
num_cat=0
split_feature=64 12 67 8 16 67 67
split_gain=681.243 1069.89 836.226 764.921 1562.71 942.572 817.098
threshold=1.5000000000000002 30.115000000000006 2.8791160539777048 24.545000000000005 0.47055000000000008 21.709829573554007 22.3538148286347
decision_type=2 2 2 2 2 2 2
left_child=1 2 -1 5 -5 -2 -6
right_child=3 -3 -4 4 6 -7 -8
leaf_value=-0.012119631050246778 0.0056903567161003124 -0.038219037888183954 0.083034071936193166 -0.018081448823529959 0.010688417393995628 0.046807758879382162 -0.034508986521041257
leaf_weight=96 3189 401 54 1798 2002 235 169
leaf_count=96 3189 401 54 1798 2002 235 169
internal_value=5.19685e-05 -0.0212986 0.0237092 0.00165654 -0.0043165 0.00857651 0.00709885
internal_weight=7944 551 150 7393 3969 3424 2171
internal_count=7944 551 150 7393 3969 3424 2171
is_linear=0
shrinkage=0.02


Tree=596
num_leaves=8
num_cat=0
split_feature=8 9 42 43 65 16 56
split_gain=737.075 994.004 764.838 612.667 641.127 1127.49 646.674
threshold=54.410000000000004 5.5000000000000009 29.995000000000001 1.0000000180025095e-35 0.58571428571428574 0.74725000000000008 50.505000000000003
decision_type=2 2 2 2 2 2 2
left_child=3 2 -2 4 5 6 -1
right_child=1 -3 -4 -5 -6 -7 -8
leaf_value=-0.030887165330106485 -0.11392695988769885 0.012619744810729455 -0.030363456370215196 0.004526540790308735 0.0036244768750232953 0.058576423154361006 0.024505582389078642
leaf_weight=835 49 190 273 5627 895 64 90
leaf_count=835 49 190 273 5627 895 64 90
internal_value=-0.000367732 -0.0234666 -0.0446272 0.00122141 -0.00863599 -0.0196936 -0.0253948
internal_weight=8023 512 322 7511 1884 989 925
internal_count=8023 512 322 7511 1884 989 925
is_linear=0
shrinkage=0.02


Tree=597
num_leaves=8
num_cat=1
split_feature=50 22 29 47 56 2 22
split_gain=522.265 683.945 480.546 608.473 476.131 845.336 788.99
threshold=3.5000000000000004 22833.650000000005 1.0000000180025095e-35 5.5000000000000009 38.585000000000008 0 17087.050000000003
decision_type=2 2 2 2 2 1 2
left_child=4 2 3 -2 5 -1 -7
right_child=1 -3 -4 -5 -6 6 -8
leaf_value=0.014953743812736228 0.10233140306075415 -0.04240217467254781 -0.0041099444202014378 0.024180155796836123 -0.004295898903510259 -0.01492098712313196 0.013346659106835515
leaf_weight=1841 70 42 65 94 4239 1075 618
leaf_count=1841 70 42 65 94 4239 1075 618
internal_value=0.00118161 0.0282177 0.0417991 0.0595781 0.000221478 0.00563844 -0.00456657
internal_weight=8044 271 229 164 7773 3534 1693
internal_count=8044 271 229 164 7773 3534 1693
cat_boundaries=0 1
cat_threshold=178
is_linear=0
shrinkage=0.02


Tree=598
num_leaves=8
num_cat=0
split_feature=64 42 32 52 55 54 20
split_gain=597.929 1272.6 1250.37 940.882 862.517 887.365 1051.46
threshold=4.5000000000000009 55.195000000000007 1.0000000180025095e-35 66.070000000000007 54.735000000000007 72.070000000000007 467350.40000000008
decision_type=2 2 2 2 2 2 8
left_child=2 -2 3 4 5 6 -1
right_child=1 -3 -4 -5 -6 -7 -8
leaf_value=-0.055490962266921996 0.046697896475356722 -0.0095919995852040522 -0.014570954968277591 0.020387184273494802 -0.02239391426419414 -0.00067835270146643064 0.043114658653310364
leaf_weight=45 310 325 2236 1029 630 3051 345
leaf_count=45 310 325 2236 1029 630 3051 345
internal_value=-0.000502292 0.0180382 -0.00211834 0.0033502 -0.000975858 0.0029723 0.0311787
internal_weight=7971 635 7336 5100 4071 3441 390
internal_count=7971 635 7336 5100 4071 3441 390
is_linear=0
shrinkage=0.02


Tree=599
num_leaves=8
num_cat=0
split_feature=66 16 24 13 41 0 41
split_gain=622.752 619.902 845.401 568.32 723.433 887.68 687.961
threshold=0.68750000000000011 0.26805000000000007 1.0000000180025095e-35 431.15000000000003 36.815000000000005 40.500000000000007 14.405000000000003
decision_type=2 2 2 2 2 2 2
left_child=1 2 -1 6 5 -5 -3
right_child=-2 3 -4 4 -6 -7 -8
leaf_value=-0.099281608921786155 0.02862128346973707 -0.03925206796578766 -0.015921573647414117 -0.021619182374742297 0.0029151529263940412 0.086952674993528767 -0.0027127428241895948
leaf_weight=49 237 208 532 40 358 99 6423
leaf_count=49 237 208 532 40 358 99 6423
internal_value=-0.00297504 -0.00396433 -0.0237391 -0.002337 0.0181841 0.0560432 -0.00388761
internal_weight=7946 7709 581 7128 497 139 6631
internal_count=7946 7709 581 7128 497 139 6631
is_linear=0
shrinkage=0.02


Tree=600
num_leaves=8
num_cat=0
split_feature=16 68 21 42 50 42 44
split_gain=666.827 834.366 650.916 741.318 569.094 704.939 631.284
threshold=0.72825000000000006 261458.55000000002 427007.40000000008 43.845000000000006 3.5000000000000004 40.775000000000013 1.0000000180025095e-35
decision_type=2 2 10 2 2 2 2
left_child=4 -2 3 -3 6 -6 -1
right_child=1 2 -4 -5 5 -7 -8
leaf_value=-0.013939078836874621 0.054204074893936964 0.03617282420998872 0.059585075685337413 -0.030111183777119212 0.071604095114038341 0.0012437655394275983 0.00059084378297265933
leaf_weight=1504 193 94 62 208 89 145 5766
leaf_count=1504 193 94 62 208 89 145 5766
internal_value=0.000146922 0.0211602 0.00314262 -0.00922662 -0.00142588 0.0289429 -0.00242259
internal_weight=8061 557 364 302 7504 234 7270
internal_count=8061 557 364 302 7504 234 7270
is_linear=0
shrinkage=0.02


Tree=601
num_leaves=8
num_cat=0
split_feature=8 41 23 9 38 16 50
split_gain=720.97 968.504 1220.74 1353.2 1146.55 1021.19 1118.02
threshold=24.545000000000005 43.845000000000006 17.150000000000002 4.5000000000000009 2876.8500000000004 0.47055000000000008 2.5000000000000004
decision_type=2 2 2 2 8 2 2
left_child=-1 2 4 -4 -2 6 -6
right_child=1 -3 3 -5 5 -7 -8
leaf_value=0.0057749900417689024 -0.055624854894735475 0.0010302523964336016 -0.08936592153467976 -0.0062510258992875198 -0.032593478831422072 0.016204310649725266 0.062318473075117384
leaf_weight=3764 181 2726 177 139 455 579 51
leaf_count=3764 181 2726 177 139 455 579 51
internal_value=-0.000615483 -0.00619921 -0.0186206 -0.0534727 -0.00974514 -0.00187142 -0.0225111
internal_weight=8072 4308 1582 316 1266 1085 506
internal_count=8072 4308 1582 316 1266 1085 506
is_linear=0
shrinkage=0.02


Tree=602
num_leaves=8
num_cat=0
split_feature=57 46 56 57 66 10 48
split_gain=590.407 933.043 734.126 715.303 889.478 1844.25 822.194
threshold=18.775000000000002 1.5000000000000002 40.665000000000006 11.665000000000001 0.18750000000000003 29474.600000000002 4.5000000000000009
decision_type=2 2 2 2 2 2 2
left_child=1 2 -1 -3 5 -5 -6
right_child=-2 3 -4 4 6 -7 -8
leaf_value=-0.0041685419544881704 0.0032151288513702398 0.0069268236584738452 -0.11112571478244805 -0.12002281260159281 -0.030981133193904144 0.029043161912397905 0.015253426593409239
leaf_weight=44 6365 797 58 85 329 50 281
leaf_count=44 6365 797 58 85 329 50 281
internal_value=0.000454281 -0.0102121 -0.0673381 -0.00622792 -0.0202532 -0.0657477 -0.00973206
internal_weight=8009 1644 102 1542 745 135 610
internal_count=8009 1644 102 1542 745 135 610
is_linear=0
shrinkage=0.02


Tree=603
num_leaves=8
num_cat=0
split_feature=45 8 46 56 55 40 12
split_gain=553.977 1008.45 1121.89 1219.67 644.16 814.058 1181.42
threshold=1.0000000180025095e-35 49.745000000000005 4.5000000000000009 41.57500000000001 37.07500000000001 50.305000000000007 36.570000000000007
decision_type=2 2 2 2 2 2 2
left_child=1 -1 3 -3 -2 6 -6
right_child=4 2 -4 -5 5 -7 -8
leaf_value=0.010986846110040579 0.012565991670768245 -0.11282637430727482 0.0071230405555056629 0.0055772006902538368 -0.039747724868830735 0.0021054858433293385 -0.0049655539153293923
leaf_weight=3083 838 85 181 56 585 1940 1161
leaf_count=3083 838 85 181 56 585 1940 1161
internal_value=0.001372 0.00745985 -0.0259611 -0.0672203 -0.00321322 -0.00681274 -0.0166996
internal_weight=7929 3405 322 141 4524 3686 1746
internal_count=7929 3405 322 141 4524 3686 1746
is_linear=0
shrinkage=0.02


Tree=604
num_leaves=8
num_cat=0
split_feature=55 56 68 53 49 58 54
split_gain=502.083 908.192 1019.02 772.038 927.025 672.771 680.808
threshold=48.605000000000011 27.975000000000005 465520.35000000003 38.57500000000001 96.500000000000014 60.120000000000012 73.555000000000021
decision_type=2 2 2 2 2 2 2
left_child=1 2 -1 -3 -5 6 -2
right_child=5 3 -4 4 -6 -7 -8
leaf_value=0.07353142939256252 0.02011900221717669 0.024910142799544857 -0.0025091141050936077 -0.0030018692409675271 0.086289349274432423 -0.077319253444671623 -0.010302827627434409
leaf_weight=143 330 463 134 4469 42 50 2430
leaf_count=143 330 463 134 4469 42 50 2430
internal_value=-0.00121287 0.00243856 0.0373542 0.000458563 -0.0020759 -0.00802845 -0.00663563
internal_weight=8061 5251 277 4974 4511 2810 2760
internal_count=8061 5251 277 4974 4511 2810 2760
is_linear=0
shrinkage=0.02


Tree=605
num_leaves=8
num_cat=0
split_feature=51 42 13 44 14 49 16
split_gain=541.137 817.399 902.813 952.348 872.452 1346.27 1001.68
threshold=31.925000000000004 52.155000000000008 341.45000000000005 1.0000000180025095e-35 17.895000000000003 42.500000000000007 0.29515000000000008
decision_type=2 2 2 2 2 2 2
left_child=-1 2 3 -2 6 -6 -5
right_child=1 -3 -4 4 5 -7 -8
leaf_value=-0.0036403447867213706 -0.045754407169204828 -0.004490741767644078 0.028297735728873997 -0.050879728873570763 0.0088652955986990422 -0.095005188272112892 0.053151346314455505
leaf_weight=4905 146 1366 1010 40 237 58 225
leaf_count=4905 146 1366 1010 40 237 58 225
internal_value=0.000485196 0.00704625 0.0162165 -0.00114433 0.0107881 -0.0127998 0.0367971
internal_weight=7987 3082 1716 706 560 295 265
internal_count=7987 3082 1716 706 560 295 265
is_linear=0
shrinkage=0.02


Tree=606
num_leaves=8
num_cat=0
split_feature=42 64 41 34 14 41 45
split_gain=582.404 836.431 678.603 637.823 1344.41 1123.54 1190.66
threshold=82.565000000000012 2.5000000000000004 72.595000000000013 1.5000000000000002 43.180000000000007 33.495000000000012 1.0000000180025095e-35
decision_type=2 2 2 2 2 2 2
left_child=3 2 -2 4 5 6 -1
right_child=1 -3 -4 -5 -6 -7 -8
leaf_value=0.0014499738519745215 0.013491732526909222 0.0067089847033121831 0.1155688708249865 0.0027840076968988713 -0.058965851954451878 0.00048092270913385667 -0.054205833332420426
leaf_weight=275 50 439 53 4240 197 2427 343
leaf_count=275 50 439 53 4240 197 2427 343
internal_value=-0.000866508 0.0190564 0.0689356 -0.00232149 -0.00899265 -0.00566821 -0.029627
internal_weight=8024 542 103 7482 3242 3045 618
internal_count=8024 542 103 7482 3242 3045 618
is_linear=0
shrinkage=0.02


Tree=607
num_leaves=8
num_cat=0
split_feature=8 56 56 55 36 18 23
split_gain=676.948 703.061 777.718 776.612 626.458 895.983 618.433
threshold=33.655000000000008 52.615000000000002 51.235000000000007 44.07500000000001 1.0000000180025095e-35 399545.50000000006 2.5500000000000003
decision_type=2 2 2 2 2 2 2
left_child=1 2 -1 -4 -3 -6 -2
right_child=6 4 3 -5 5 -7 -8
leaf_value=0.0052055343658302909 0.066508568966036866 0.00087383935213438237 0.011598278853600309 -0.087486489447828844 0.085849969338512772 -0.01669179612884716 -0.0083724472557595783
leaf_weight=5150 40 123 54 68 127 44 2363
leaf_count=5150 40 123 54 68 127 44 2363
internal_value=0.00187176 0.00570068 0.00400461 -0.0448993 0.035539 0.0597403 -0.00699048
internal_weight=7969 5566 5272 122 294 171 2403
internal_count=7969 5566 5272 122 294 171 2403
is_linear=0
shrinkage=0.02


Tree=608
num_leaves=8
num_cat=0
split_feature=17 20 8 21 32 17 14
split_gain=754.597 1053.58 960.113 840.312 816.379 754.461 828.268
threshold=35695.450000000004 610116.20000000007 54.410000000000004 220495.25000000003 1.0000000180025095e-35 26612.100000000002 41.875000000000007
decision_type=2 8 2 10 2 2 2
left_child=2 3 5 -2 -3 6 -1
right_child=1 4 -4 -5 -6 -7 -8
leaf_value=0.0028581188645814292 -0.060964330202801439 0.037376524900623001 -0.03402879056857621 0.0089965101505948015 0.0033952777149312409 -0.024592712815732713 -0.0286324224014913
leaf_weight=5426 118 604 371 153 530 499 351
leaf_count=5426 118 604 371 153 530 499 351
internal_value=-0.000168628 0.0131217 -0.00298561 -0.0220187 0.0215793 -0.00112489 0.000921705
internal_weight=8052 1405 6647 271 1134 6276 5777
internal_count=8052 1405 6647 271 1134 6276 5777
is_linear=0
shrinkage=0.02


Tree=609
num_leaves=8
num_cat=0
split_feature=33 41 54 33 67 54 56
split_gain=537.424 549.566 497.405 1349.05 1256.62 1112.06 1256.5
threshold=5.5000000000000009 33.735000000000007 82.955000000000013 2.5000000000000004 14.844944542193032 81.585000000000022 49.105000000000011
decision_type=2 2 2 2 2 2 2
left_child=2 -2 3 5 -4 6 -1
right_child=1 -3 4 -5 -6 -7 -8
leaf_value=0.005530365154098227 0.085894975089109857 0.012687083400468127 -0.0011522751236550102 -0.0074514057398055982 -0.029043048018138506 0.06957100476624456 0.071354502196075351
leaf_weight=1023 47 206 4076 1591 763 154 126
leaf_count=1023 47 206 4076 1591 763 154 126
internal_value=-0.000708545 0.027688 -0.00165488 0.00489893 -0.00557545 0.0199499 0.0130266
internal_weight=7986 253 7733 2894 4839 1303 1149
internal_count=7986 253 7733 2894 4839 1303 1149
is_linear=0
shrinkage=0.02


Tree=610
num_leaves=8
num_cat=0
split_feature=43 22 17 8 52 0 53
split_gain=657.667 1119.94 1029.12 854.896 794.371 791.497 753.544
threshold=1.0000000180025095e-35 22649.150000000005 77912.35000000002 32.585000000000008 70.720000000000013 46.500000000000007 71.260000000000005
decision_type=2 2 2 2 2 2 2
left_child=1 2 3 -1 6 -4 -5
right_child=-2 -3 5 4 -6 -7 -8
leaf_value=0.0011925230389748115 0.0027459436635874834 -0.048664401418037635 0.00096529297530651098 -0.02434821303479839 0.034213104941951691 0.11653302321831385 -0.086258892389359298
leaf_weight=1130 5995 262 47 315 62 43 103
leaf_count=1130 5995 262 47 315 62 43 103
internal_value=-0.00054453 -0.0105802 -0.00458523 -0.00833535 -0.0305466 0.0594082 -0.040443
internal_weight=7957 1962 1700 1610 480 90 418
internal_count=7957 1962 1700 1610 480 90 418
is_linear=0
shrinkage=0.02


Tree=611
num_leaves=8
num_cat=0
split_feature=12 58 49 54 32 8 41
split_gain=591.84 709.922 988.624 609.584 531.086 561.068 558.11
threshold=79.110000000000014 29.455000000000002 35.500000000000007 90.115000000000023 1.0000000180025095e-35 39.080000000000005 46.965000000000011
decision_type=2 2 2 2 2 2 2
left_child=-1 -2 4 -4 5 6 -3
right_child=1 2 3 -5 -6 -7 -8
leaf_value=-0.00064155090377983478 0.060397770451174844 0.10904758940881758 -0.06575176028336617 0.018158838887486543 -0.0066794207403588976 -0.010775812284222671 0.031170055610872806
leaf_weight=7468 130 62 89 52 117 51 95
leaf_count=7468 130 62 89 52 117 51 95
internal_value=0.000894614 0.0199883 0.00819373 -0.0352439 0.0272875 0.0461021 0.0643407
internal_weight=8064 596 466 141 325 208 157
internal_count=8064 596 466 141 325 208 157
is_linear=0
shrinkage=0.02


Tree=612
num_leaves=8
num_cat=0
split_feature=40 8 17 66 46 55 32
split_gain=683.812 610.082 1652.03 983.459 880.118 727.539 797.812
threshold=5.6100000000000003 54.410000000000004 20595.850000000002 0.31250000000000006 6.5000000000000009 54.735000000000007 1.0000000180025095e-35
decision_type=2 2 2 2 2 2 2
left_child=-1 5 4 -4 -3 6 -2
right_child=1 2 3 -5 -6 -7 -8
leaf_value=-0.044986857491091263 0.012384527213525521 -0.072619952451182052 0.080225895623627461 -0.0067116476442052302 0.0060049157383212128 -0.010093368978208606 -0.002497666113317757
leaf_weight=116 4033 199 71 163 78 1167 2238
leaf_count=116 4033 199 71 163 78 1167 2238
internal_value=0.00220411 0.00292062 -0.0181133 0.0207934 -0.0507662 0.00437687 0.0070756
internal_weight=8065 7949 511 234 277 7438 6271
internal_count=8065 7949 511 234 277 7438 6271
is_linear=0
shrinkage=0.02


Tree=613
num_leaves=8
num_cat=0
split_feature=33 54 33 48 16 26 14
split_gain=467.139 458.423 934.929 1100.94 1258.61 1173.66 1059.71
threshold=6.5000000000000009 82.955000000000013 2.5000000000000004 6.5000000000000009 0.47905000000000003 1.0000000180025095e-35 11.865
decision_type=2 2 2 2 2 2 2
left_child=1 2 3 4 -1 6 -5
right_child=-2 -3 -4 5 -6 -7 -8
leaf_value=0.0079738602351182818 0.062310302726765895 -0.0046750804935075914 -0.0047174545281859041 0.035828507551190894 0.055953122945748071 0.054245614952718214 -0.04399266895222928
leaf_weight=464 42 4923 1661 84 412 91 266
leaf_count=464 42 4923 1661 84 412 91 266
internal_value=-0.000556492 -0.000929874 0.00525887 0.0178113 0.0307289 -0.00790515 -0.0246008
internal_weight=7943 7901 2978 1317 876 441 350
internal_count=7943 7901 2978 1317 876 441 350
is_linear=0
shrinkage=0.02


Tree=614
num_leaves=8
num_cat=0
split_feature=9 53 37 24 17 66 42
split_gain=741.319 501.498 595.785 518.147 612.196 466.571 753.599
threshold=20.500000000000004 47.525000000000013 0.035100000000000013 3.5000000000000004 9990.0000000000018 0.68750000000000011 34.155000000000008
decision_type=2 2 2 2 2 2 2
left_child=5 -2 -3 -4 -5 -1 -7
right_child=1 2 3 4 -6 6 -8
leaf_value=-0.0033875924499184736 -0.0097789529451104105 0.11139317540412254 0.076699992076114373 0.04683278215619234 -0.051182879382371906 0.086205219735701888 0.004708622751383053
leaf_weight=7525 81 42 49 47 45 55 189
leaf_count=7525 81 42 49 47 45 55 189
internal_value=-0.00136979 0.031273 0.0492204 0.0275203 -0.00127669 -0.00249843 0.0244409
internal_weight=8033 264 183 141 92 7769 244
internal_count=8033 264 183 141 92 7769 244
is_linear=0
shrinkage=0.02


Tree=615
num_leaves=8
num_cat=0
split_feature=64 42 52 64 55 23 55
split_gain=949.965 1991.42 961.975 924.766 770.515 749.756 950.266
threshold=2.5000000000000004 79.600000000000009 10.180000000000001 1.0000000180025095e-35 45.735000000000007 11.050000000000002 58.455000000000005
decision_type=2 2 2 2 2 2 2
left_child=1 2 4 -4 -1 -5 -7
right_child=-2 -3 3 5 -6 6 -8
leaf_value=-0.11522763477431404 -0.0030265493334653889 0.085607772863490125 -0.071588939602521287 0.00094354616727806539 0.0034813319622202122 0.031770412510526411 -0.035152450606619062
leaf_weight=40 5648 134 49 1084 42 858 90
leaf_count=40 5648 134 49 1084 42 858 90
internal_value=0.00138476 0.0122146 0.00748085 0.0101822 -0.0577198 0.0123249 0.0252659
internal_weight=7945 2297 2163 2081 82 2032 948
internal_count=7945 2297 2163 2081 82 2032 948
is_linear=0
shrinkage=0.02


Tree=616
num_leaves=8
num_cat=0
split_feature=51 42 44 42 21 14 10
split_gain=577.233 809.367 897.422 1058.42 901.525 848.627 789.26
threshold=31.735000000000003 55.460000000000008 1.0000000180025095e-35 39.675000000000004 371772.75000000006 46.365000000000009 42236.55000000001
decision_type=2 2 2 2 10 2 2
left_child=-1 2 3 4 -2 -4 -5
right_child=1 -3 5 6 -6 -7 -8
leaf_value=-0.0025351968220345051 -0.048743262732233616 -0.0046097123590875169 0.027791526086441642 -0.0023162705925377932 0.04886975112816562 -0.03087761735526201 0.084219043114871689
leaf_weight=4919 228 1181 1401 116 41 102 61
leaf_count=4919 228 1181 1401 116 41 102 61
internal_value=0.00173697 0.0084443 0.016346 -0.00849442 -0.0332452 0.0237208 0.029001
internal_weight=8049 3130 1949 446 269 1503 177
internal_count=8049 3130 1949 446 269 1503 177
is_linear=0
shrinkage=0.02


Tree=617
num_leaves=8
num_cat=0
split_feature=33 16 8 58 9 42 8
split_gain=492.499 491.87 608.862 1326.59 1120.62 920.33 897.84
threshold=6.5000000000000009 0.59965000000000013 24.545000000000005 22.750000000000004 1.0000000180025095e-35 40.495000000000012 21.815000000000001
decision_type=2 2 2 2 2 2 2
left_child=1 2 3 5 -5 -1 -6
right_child=-2 -3 -4 4 6 -7 -8
leaf_value=-0.086820366193229956 0.064397919416427613 0.009766915751349305 -0.0074022636441145049 -0.027374635211808579 0.0088259031092216399 -0.0081976721074545032 0.042351298146140394
leaf_weight=91 45 2085 3208 279 1773 160 386
leaf_count=91 45 2085 3208 279 1773 160 386
internal_value=0.00182262 0.00142975 -0.00152379 0.00548999 0.0100194 -0.0378413 0.0149038
internal_weight=8027 7982 5897 2689 2438 251 2159
internal_count=8027 7982 5897 2689 2438 251 2159
is_linear=0
shrinkage=0.02


Tree=618
num_leaves=8
num_cat=0
split_feature=23 51 33 22 65 33 58
split_gain=850.044 1045.17 780.075 704.276 767.573 1193.95 743.738
threshold=22.550000000000004 10.290000000000001 1.5000000000000002 28048.750000000004 0.35416666666666669 2.5000000000000004 34.655000000000008
decision_type=2 2 2 2 2 2 2
left_child=3 -2 -3 -1 -5 6 -6
right_child=1 2 -4 4 5 -7 -8
leaf_value=-0.00037768767903402994 -0.030630490259654756 0.094565595686435702 0.02483136957215324 0.038092717994320194 -0.03017573619963693 -0.0081095615358270229 -0.13085841131913994
leaf_weight=6988 108 75 360 54 56 183 67
leaf_count=6988 108 75 360 54 56 183 67
internal_value=-1.69333e-06 0.0240282 0.0377925 -0.00179258 -0.0288758 -0.0411162 -0.0879885
internal_weight=7891 543 435 7348 360 306 123
internal_count=7891 543 435 7348 360 306 123
is_linear=0
shrinkage=0.02


Tree=619
num_leaves=8
num_cat=0
split_feature=8 17 9 64 16 22 15
split_gain=736.487 1354.18 1092.97 852.351 1088.42 566.538 520.181
threshold=54.410000000000004 5035.1000000000013 4.5000000000000009 3.5000000000000004 0.50305000000000011 7121.0500000000011 1.5000000000000002
decision_type=2 2 2 2 2 2 2
left_child=5 -2 3 4 -3 -1 -7
right_child=1 2 -4 -5 -6 6 -8
leaf_value=-0.027894444751666123 -0.10304272594635147 -0.12054014863876196 0.024298998969030743 0.0048787106939337469 -0.0098330012750294481 0.004765190239609929 -0.0082108909351625153
leaf_weight=259 69 73 197 105 67 5656 1576
leaf_count=259 69 73 197 105 67 5656 1576
internal_value=-0.000706884 -0.0238182 -0.0104364 -0.0382938 -0.0697249 0.000884497 0.00193372
internal_weight=8002 511 442 245 140 7491 7232
internal_count=8002 511 442 245 140 7491 7232
is_linear=0
shrinkage=0.02


Tree=620
num_leaves=8
num_cat=0
split_feature=16 49 54 12 16 0 55
split_gain=597.867 1142.03 536.906 527.48 552.066 518.544 513.312
threshold=0.22525000000000003 24.500000000000004 74.765000000000015 77.385000000000005 0.68950000000000011 59.500000000000007 57.045000000000009
decision_type=2 2 2 2 2 2 2
left_child=1 5 -3 6 -5 -1 -2
right_child=3 2 -4 4 -6 -7 -8
leaf_value=-0.015671138662947427 0.0018747995889839275 0.00018974246619188266 -0.083109236799535288 0.011848749345315213 0.068338117657252881 0.055808460207011266 -0.015793495194289554
leaf_weight=104 6252 41 121 590 74 60 730
leaf_count=104 6252 41 121 590 74 60 730
internal_value=0.000504886 -0.0258116 -0.0626529 0.00164307 0.0186079 0.0113574 1.75185e-05
internal_weight=7972 326 162 7646 664 164 6982
internal_count=7972 326 162 7646 664 164 6982
is_linear=0
shrinkage=0.02


Tree=621
num_leaves=8
num_cat=1
split_feature=64 16 21 34 64 2 45
split_gain=738.484 1151.78 1079.77 1054.73 1131.12 1442.33 1533.52
threshold=2.5000000000000004 0.26345000000000002 313644.15000000008 3.5000000000000004 1.5000000000000002 0 1.0000000180025095e-35
decision_type=2 2 10 2 2 1 2
left_child=1 2 -1 4 -3 -6 -7
right_child=-2 3 -4 -5 5 6 -8
leaf_value=-0.066820575588279307 -0.00246339823552875 -0.014372870925264028 0.037132231351630442 0.091573722298656193 -0.016698537585643349 0.045849415106306968 -0.0015363797992833106
leaf_weight=130 5720 476 53 65 322 841 403
leaf_count=130 5720 476 53 65 322 841 403
internal_value=0.00138005 0.0109647 -0.0365272 0.0151663 0.0125164 0.0207093 0.0303112
internal_weight=8010 2290 183 2107 2042 1566 1244
internal_count=8010 2290 183 2107 2042 1566 1244
cat_boundaries=0 1
cat_threshold=17
is_linear=0
shrinkage=0.02


Tree=622
num_leaves=8
num_cat=0
split_feature=66 48 8 14 12 8 14
split_gain=468.067 931.383 896.091 876.811 663.253 631.916 596.059
threshold=1.0000000180025095e-35 4.5000000000000009 30.015000000000004 16.855000000000004 41.090000000000011 12.685 20.470000000000002
decision_type=2 2 2 2 2 2 2
left_child=1 2 5 -3 -5 -1 -7
right_child=-2 3 -4 4 -6 6 -8
leaf_value=0.04395526647567749 0.0025507544024008511 -0.0045797804955925257 0.075812354475259788 -0.13887578056918251 -0.035675463820497195 -0.079820331554069673 0.015026488950911989
leaf_weight=45 7596 93 55 49 55 61 42
leaf_count=45 7596 93 55 49 55 61 42
internal_value=0.00143535 -0.0195161 0.0105029 -0.0499438 -0.0884387 -0.0154519 -0.0422398
internal_weight=7996 400 203 197 104 148 103
internal_count=7996 400 203 197 104 148 103
is_linear=0
shrinkage=0.02


Tree=623
num_leaves=8
num_cat=1
split_feature=7 22 0 16 56 21 12
split_gain=596.38 1225.51 887.797 954.188 871.519 713.54 610.859
threshold=0 10900.950000000003 49.500000000000007 0.35845000000000005 41.255000000000003 405000.60000000003 18.195000000000004
decision_type=1 2 2 2 2 8 2
left_child=1 4 3 -3 -1 -4 -5
right_child=-2 2 5 6 -6 -7 -8
leaf_value=0.063583136060256132 -0.0011935513320845189 -0.13128997079113075 -0.043967952084963895 -0.10742210732897123 -0.028849780249448731 0.044520082572475077 -0.025732553975141431
leaf_weight=93 7353 52 62 40 66 75 230
leaf_count=93 7353 52 62 40 66 75 230
internal_value=-0.00280343 -0.0214314 -0.038252 -0.0561611 0.025505 0.00433629 -0.0395678
internal_weight=7971 618 459 322 159 137 270
internal_count=7971 618 459 322 159 137 270
cat_boundaries=0 1
cat_threshold=32
is_linear=0
shrinkage=0.02


Tree=624
num_leaves=8
num_cat=0
split_feature=38 8 42 10 40 37 49
split_gain=577.748 1009.59 918.798 1235.94 1258.3 998.576 945.971
threshold=16347.400000000003 32.190000000000005 40.775000000000013 18502.500000000004 44.620000000000012 0.11650000000000001 17.500000000000004
decision_type=8 2 2 2 2 2 2
left_child=1 2 3 4 5 -1 -4
right_child=-2 -3 6 -5 -6 -7 -8
leaf_value=0.020323394036587374 -0.0065508185327783335 -0.01007901521616 -0.01999933791710291 0.044794019340086227 0.073038850798222588 -0.072694860092691466 0.013614943696974332
leaf_weight=76 4355 1269 487 577 52 106 1044
leaf_count=76 4355 1269 487 577 52 106 1044
internal_value=-0.00164966 0.00426221 0.0120378 0.0291794 -0.0094549 -0.0343472 0.00289219
internal_weight=7966 3611 2342 811 234 182 1531
internal_count=7966 3611 2342 811 234 182 1531
is_linear=0
shrinkage=0.02


Tree=625
num_leaves=8
num_cat=1
split_feature=16 54 32 5 44 65 41
split_gain=508.944 774.457 909.654 668.155 902.784 986.3 1023.45
threshold=0.60625000000000007 83.285000000000011 1.0000000180025095e-35 0 1.0000000180025095e-35 0.76388888888888895 35.225000000000001
decision_type=2 2 2 1 2 2 2
left_child=3 2 -2 -1 5 6 -5
right_child=1 -3 -4 4 -6 -7 -8
leaf_value=0.012120257766462764 0.045282173826988306 0.00081817273652585217 -0.0037997510650531387 -0.062290769290626047 -0.00084704044781031863 0.047103857945699198 -0.014877735895606956
leaf_weight=1078 411 1313 236 245 3950 72 689
leaf_count=1078 411 1313 236 245 3950 72 689
internal_value=0.000828422 0.00966921 0.0274872 -0.00204892 -0.00515407 -0.0220285 -0.0275802
internal_weight=7994 1960 647 6034 4956 1006 934
internal_count=7994 1960 647 6034 4956 1006 934
cat_boundaries=0 1
cat_threshold=1
is_linear=0
shrinkage=0.02


Tree=626
num_leaves=8
num_cat=1
split_feature=23 14 20 2 23 38 13
split_gain=838.337 812.184 810.036 515.827 1010.45 896.725 977.193
threshold=23.250000000000004 26.425000000000004 639024.50000000012 0 15.65 19956.500000000004 431.15000000000003
decision_type=2 2 8 1 2 8 2
left_child=3 2 -2 5 -5 6 -1
right_child=1 -3 -4 4 -6 -7 -8
leaf_value=0.011339969986439706 -0.021301325421248164 -0.019569805023175749 0.055699787564655212 -0.0016626156133988613 -0.024789430799351177 -0.0067286541542724409 0.074202551058045144
leaf_weight=1221 65 116 276 3945 930 1328 103
leaf_count=1221 65 116 276 3945 930 1328 103
internal_value=-0.000626545 0.0255251 0.0409264 -0.00223023 -0.00608291 0.00485466 0.0164911
internal_weight=7984 457 341 7527 4875 2652 1324
internal_count=7984 457 341 7527 4875 2652 1324
cat_boundaries=0 1
cat_threshold=130
is_linear=0
shrinkage=0.02


Tree=627
num_leaves=8
num_cat=0
split_feature=56 56 44 55 52 28 52
split_gain=787.233 646.015 518.209 984.624 1263.27 1532.73 1040.68
threshold=55.295000000000009 58.75500000000001 1.0000000180025095e-35 51.435000000000009 73.545000000000016 1.0000000180025095e-35 37.355000000000011
decision_type=2 2 2 2 2 2 2
left_child=2 -2 3 -1 5 6 -5
right_child=1 -3 -4 4 -6 -7 -8
leaf_value=-0.0031407443609826279 0.062469525355035839 -0.010465366018888278 0.00043002014242615093 -0.022514535561927316 0.060697035635619061 0.01688248417377472 -0.10566780744676005
leaf_weight=1185 133 73 6260 98 41 95 166
leaf_count=1185 133 73 6260 98 41 95 166
internal_value=-0.0011354 0.0369881 -0.0021594 -0.0123556 -0.0392787 -0.0513735 -0.0757925
internal_weight=8051 206 7845 1585 400 359 264
internal_count=8051 206 7845 1585 400 359 264
is_linear=0
shrinkage=0.02


Tree=628
num_leaves=8
num_cat=0
split_feature=16 49 10 12 38 23 8
split_gain=698.973 763.49 987.223 763.037 834.516 767.023 937.884
threshold=0.32955000000000007 38.500000000000007 15835.050000000001 46.885000000000012 6467.8000000000002 14.350000000000003 20.785000000000004
decision_type=2 2 2 2 10 2 2
left_child=1 3 -3 4 5 6 -1
right_child=-2 2 -4 -5 -6 -7 -8
leaf_value=0.022302246685261311 0.0029254403839004575 -0.094728586152195926 -0.017837554088212065 0.015170203957558992 -0.055309063853415039 0.043039127490219639 -0.054282193368632499
leaf_weight=110 6671 87 256 449 174 101 141
leaf_count=110 6671 87 256 449 174 101 141
internal_value=0.000293753 -0.0129871 -0.0384214 -0.00388913 -0.0201481 -0.00223612 -0.0209392
internal_weight=7989 1318 343 975 526 352 251
internal_count=7989 1318 343 975 526 352 251
is_linear=0
shrinkage=0.02


Tree=629
num_leaves=8
num_cat=0
split_feature=44 40 16 23 9 48 16
split_gain=634.221 840.789 898.541 1023.61 817.573 1331.55 820.007
threshold=1.0000000180025095e-35 59.725000000000001 0.74725000000000008 6.2500000000000009 1.5000000000000002 6.5000000000000009 0.61015000000000008
decision_type=2 2 2 2 2 2 2
left_child=1 2 3 -1 5 6 -5
right_child=-2 -3 -4 4 -6 -7 -8
leaf_value=0.01538011970964295 0.0017241830789656604 0.012162518858385048 0.061826968660541611 -0.12483350190851424 -0.02210359799833659 0.0092128567622132493 -0.028041179408629737
leaf_weight=211 6365 416 46 112 717 68 55
leaf_count=211 6365 416 46 112 717 68 55
internal_value=-0.00112514 -0.0122568 -0.0206746 -0.0241885 -0.0329929 -0.0650644 -0.0946976
internal_weight=7990 1625 1209 1163 952 235 167
internal_count=7990 1625 1209 1163 952 235 167
is_linear=0
shrinkage=0.02


Tree=630
num_leaves=8
num_cat=0
split_feature=23 17 42 42 9 14 23
split_gain=514.637 476.134 1331.05 549.799 1211.85 929.402 1016.04
threshold=1.7500000000000002 895.00000000000011 45.07500000000001 31.075000000000003 17.500000000000004 8.7450000000000028 23.450000000000003
decision_type=2 2 2 2 2 2 2
left_child=-1 2 -2 4 5 -3 -7
right_child=1 3 -4 -5 -6 6 -8
leaf_value=0.068243224679127995 -0.10423463310445509 -0.043006783829098845 0.021382299893976827 -0.00079772282797902091 0.075421212684820618 0.0080218616904442087 0.081344848459149577
leaf_weight=41 57 127 71 6259 109 1163 76
leaf_count=41 57 127 71 6259 109 1163 76
internal_value=0.00154076 0.00114976 -0.0363721 0.00179386 0.0127565 0.00749932 0.0128283
internal_weight=7903 7862 128 7734 1475 1366 1239
internal_count=7903 7862 128 7734 1475 1366 1239
is_linear=0
shrinkage=0.02


Tree=631
num_leaves=8
num_cat=0
split_feature=44 50 14 14 12 14 46
split_gain=632.62 1025.63 1348.37 938.862 758.913 724.898 999.695
threshold=1.0000000180025095e-35 1.0000000180025095e-35 19.415000000000003 40.695000000000007 19.135000000000002 16.655000000000005 7.5000000000000009
decision_type=2 2 2 2 2 2 2
left_child=1 2 4 -4 -1 6 -3
right_child=-2 5 3 -5 -6 -7 -8
leaf_value=-0.092486878457582661 0.0028290394004743375 -0.018432484588621161 0.06773234575907601 -0.027563681180504233 -0.0032223543598593096 -0.036662933721821361 0.051268768320218303
leaf_weight=40 6354 390 183 50 251 606 99
leaf_count=40 6354 390 183 50 251 606 99
internal_value=-1.61976e-05 -0.0111571 0.0117785 0.0471331 -0.0168474 -0.0221363 -0.0039451
internal_weight=7973 1619 524 233 291 1095 489
internal_count=7973 1619 524 233 291 1095 489
is_linear=0
shrinkage=0.02


Tree=632
num_leaves=8
num_cat=0
split_feature=38 42 10 55 48 52 53
split_gain=615.113 901.192 732.628 726.789 705.125 910.099 920.001
threshold=16347.400000000003 80.415000000000006 74207.300000000003 55.355000000000011 14.500000000000002 85.605000000000004 65.435000000000016
decision_type=8 2 2 2 2 2 2
left_child=-1 2 4 -4 5 -2 -7
right_child=1 -3 3 -5 -6 6 -8
leaf_value=0.0059446655140189732 -0.010616732448993168 0.024077257986507054 0.0042845477167799398 0.071258222705622515 -0.039931280429401098 0.091605519375330971 -0.020637668348275701
leaf_weight=3648 3031 380 483 70 310 66 47
leaf_count=3648 3031 380 483 70 310 66 47
internal_value=-0.000119289 -0.00516278 -0.00796229 0.0133248 -0.0113848 -0.00851114 0.046024
internal_weight=8035 4387 4007 553 3454 3144 113
internal_count=8035 4387 4007 553 3454 3144 113
is_linear=0
shrinkage=0.02


Tree=633
num_leaves=8
num_cat=0
split_feature=16 56 55 41 16 53 34
split_gain=858.822 491.484 473.913 572.819 569.039 621.461 559.81
threshold=0.17090000000000002 40.775000000000013 54.735000000000007 25.175000000000004 0.79410000000000014 70.085000000000022 1.5000000000000002
decision_type=2 2 2 2 2 2 2
left_child=1 -1 4 6 -2 -6 -4
right_child=2 -3 3 -5 5 -7 -8
leaf_value=-0.016861585212535547 0.0017943989539827027 -0.10748162544767062 -0.089988366275587511 -0.0057987970235749142 0.070326100617352102 -0.0087162928477577534 -0.009990269877016544
leaf_weight=56 6555 40 63 1105 96 64 75
leaf_count=56 6555 40 63 1105 96 64 75
internal_value=-0.000117577 -0.0580716 0.000617565 -0.0107012 0.00271916 0.0394031 -0.0483806
internal_weight=8054 96 7958 1243 6715 160 138
internal_count=8054 96 7958 1243 6715 160 138
is_linear=0
shrinkage=0.02


Tree=634
num_leaves=8
num_cat=0
split_feature=0 10 55 49 8 57 55
split_gain=569.812 926.131 722.073 651.297 516.162 1078.63 746.53
threshold=22.500000000000004 25755.450000000004 36.125000000000007 61.500000000000007 13.855000000000002 50.485000000000007 49.735000000000007
decision_type=2 2 2 2 2 2 2
left_child=1 2 -1 4 6 -6 -4
right_child=-2 -3 3 -5 5 -7 -8
leaf_value=0.047410373812427332 0.0024270213871353434 -0.050318518606977766 -0.013821700939110346 -0.080357810640335078 -0.00061370400672263283 -0.10628830990305653 0.048194095274043641
leaf_weight=93 7150 214 191 45 136 49 124
leaf_count=93 7150 214 191 45 136 49 124
internal_value=0.000581465 -0.0148303 -0.00262798 -0.01152 -0.00459033 -0.0306637 0.0109625
internal_weight=8002 852 638 545 500 185 315
internal_count=8002 852 638 545 500 185 315
is_linear=0
shrinkage=0.02


Tree=635
num_leaves=8
num_cat=0
split_feature=55 21 21 38 22 22 8
split_gain=564.815 882.552 799.398 756.147 626.511 612.631 600.55
threshold=54.735000000000007 211538.45000000004 216396.85000000003 23403.650000000005 38110.700000000004 27678.000000000004 47.245000000000012
decision_type=2 8 8 10 2 2 2
left_child=2 -2 -1 5 6 -3 -4
right_child=1 3 4 -5 -6 -7 -8
leaf_value=0.0219563684599208 -0.062413727423454829 -0.01524603058719601 0.0014182649909605573 0.046400030727441213 0.074116275966167447 0.052820849239027926 -0.018941033469255155
leaf_weight=723 122 998 5342 93 40 51 645
leaf_count=723 122 998 5342 93 40 51 645
internal_value=-0.000139903 -0.0123823 0.00216007 -0.00678866 -0.000230931 -0.0117019 -0.000789087
internal_weight=8014 1264 6750 1142 6027 1049 5987
internal_count=8014 1264 6750 1142 6027 1049 5987
is_linear=0
shrinkage=0.02


Tree=636
num_leaves=8
num_cat=0
split_feature=16 40 31 12 16 42 23
split_gain=627.73 536.78 738.26 542.607 910.684 573.427 1245.12
threshold=0.17090000000000002 84.560000000000016 1.0000000180025095e-35 85.185000000000016 0.60625000000000007 31.075000000000003 23.450000000000003
decision_type=2 2 2 2 2 2 2
left_child=-1 3 -3 5 -5 6 -2
right_child=1 2 -4 4 -6 -7 -8
leaf_value=-0.051164490239734343 0.0050975533881595179 0.059176169478011381 1.2479023205052163e-05 0.0056475700068253053 0.081005137702121463 -0.0043012963052318307 0.083587596811527429
leaf_weight=89 1365 142 198 265 80 5753 81
leaf_count=89 1365 142 198 265 80 5753 81
internal_value=0.000214034 0.000826091 0.0252215 -0.000289363 0.0240294 -0.00147067 0.00976718
internal_weight=7973 7884 340 7544 345 7199 1446
internal_count=7973 7884 340 7544 345 7199 1446
is_linear=0
shrinkage=0.02


Tree=637
num_leaves=8
num_cat=0
split_feature=45 32 54 51 12 51 12
split_gain=634.477 1072.94 829.687 1245.24 707.009 696.25 981.125
threshold=1.0000000180025095e-35 1.0000000180025095e-35 77.575000000000003 35.175000000000004 19.995000000000001 11.915000000000001 89.235000000000014
decision_type=2 2 2 2 2 2 2
left_child=1 5 3 -3 -2 -1 -7
right_child=4 2 -4 -5 -6 6 -8
leaf_value=-0.0059283050652558754 -0.026160515542574151 -0.069722623611516502 -5.6118138360964674e-05 0.0149815611232204 -0.0025721218395010482 0.017282071804345354 0.10048969395584979
leaf_weight=533 577 182 949 108 4024 1657 54
leaf_count=533 577 182 949 108 4024 1657 54
internal_value=-0.000683024 0.00575215 -0.00916298 -0.0384584 -0.00555547 0.0139894 0.0201933
internal_weight=8084 3483 1239 290 4601 2244 1711
internal_count=8084 3483 1239 290 4601 2244 1711
is_linear=0
shrinkage=0.02


Tree=638
num_leaves=8
num_cat=0
split_feature=16 23 32 54 54 40 54
split_gain=684.098 797.175 746.951 936.989 726.53 697.721 788.953
threshold=0.39065000000000005 28.250000000000004 1.0000000180025095e-35 82.955000000000013 60.395000000000003 18.925000000000004 61.605000000000011
decision_type=2 2 2 2 2 2 2
left_child=1 4 3 5 -1 -2 -7
right_child=2 -3 -4 -5 -6 6 -8
leaf_value=0.066571406697233521 -0.029262289379257709 0.074612854394026928 -0.0054376042989536947 0.0021043806390540947 -0.012179006663652365 -0.047631774211471731 0.030284828893993195
leaf_weight=43 91 40 2045 2395 2139 50 1189
leaf_count=43 91 40 2045 2395 2139 50 1189
internal_value=0.000634713 -0.00878257 0.00426573 0.00959294 -0.0104784 0.0230196 0.0269617
internal_weight=7992 2222 5770 3725 2182 1330 1239
internal_count=7992 2222 5770 3725 2182 1330 1239
is_linear=0
shrinkage=0.02


Tree=639
num_leaves=8
num_cat=0
split_feature=23 64 51 17 68 23 21
split_gain=570.653 673.018 1247.47 655.163 721.389 617.354 560.627
threshold=23.250000000000004 2.5000000000000004 26.405000000000005 7916.3500000000013 713184.90000000002 26.550000000000004 444999.45000000001
decision_type=2 2 2 2 2 2 8
left_child=-1 2 5 6 -5 -2 -3
right_child=1 3 -4 4 -6 -7 -8
leaf_value=-0.00032289482613834171 0.052224803505258433 -0.002785744196024992 0.11016146773245276 -0.047367695094638965 0.024706967652720561 -0.051966974515791825 0.085446515024685463
leaf_weight=7497 40 54 77 118 97 41 56
leaf_count=7497 40 54 77 118 97 41 56
internal_value=0.00104099 0.0219972 0.055171 0.00527807 -0.0150278 -0.000469357 0.0438946
internal_weight=7980 483 158 325 215 81 110
internal_count=7980 483 158 325 215 81 110
is_linear=0
shrinkage=0.02


Tree=640
num_leaves=8
num_cat=0
split_feature=16 50 17 66 0 41 56
split_gain=770.377 684.019 924.659 681.619 571.463 627.717 1508.8
threshold=0.50455000000000017 3.5000000000000004 4954.4500000000016 0.43750000000000006 19.500000000000004 29.600000000000005 37.165000000000006
decision_type=2 2 2 2 2 2 2
left_child=1 4 -3 -4 -1 6 -6
right_child=-2 2 3 -5 5 -7 -8
leaf_value=-0.054367890327634054 0.0066215323850341446 -0.041832792931132845 0.1120976848701636 0.010387776118737679 0.013596162315370749 -0.00276960448621341 -0.049109982851239825
leaf_weight=96 3670 40 55 49 251 3416 383
leaf_count=96 3670 40 55 49 251 3416 383
internal_value=-0.000100637 -0.00585232 0.0362706 0.0668514 -0.00735727 -0.00617728 -0.0243725
internal_weight=7960 4290 144 104 4146 4050 634
internal_count=7960 4290 144 104 4146 4050 634
is_linear=0
shrinkage=0.02


Tree=641
num_leaves=8
num_cat=1
split_feature=21 12 46 16 40 0 5
split_gain=361.802 611.488 726.012 591.211 912.264 911.359 822.481
threshold=322797.25000000006 92.915000000000006 4.5000000000000009 0.33955000000000007 39.395000000000003 46.500000000000007 0
decision_type=10 2 2 2 2 2 1
left_child=1 3 -3 -1 5 -5 -6
right_child=-2 2 -4 4 6 -7 -8
leaf_value=-0.018099227309662739 0.0063468993059135051 0.10037288573323463 0.00053548748907330742 -0.002574462501260524 0.015480878052167199 0.029402145812524341 -0.011304648619404284
leaf_weight=1038 1966 44 72 788 532 645 2889
leaf_count=1038 1966 44 72 788 532 645 2889
internal_value=-0.00109025 -0.00352716 0.0409876 -0.00443756 -0.00150048 0.0118705 -0.00711053
internal_weight=7974 6008 116 5892 4854 1433 3421
internal_count=7974 6008 116 5892 4854 1433 3421
cat_boundaries=0 1
cat_threshold=1
is_linear=0
shrinkage=0.02


Tree=642
num_leaves=8
num_cat=0
split_feature=64 33 16 42 45 42 68
split_gain=658.962 1569.98 1246.23 1357.51 946.706 903.757 1517.88
threshold=2.5000000000000004 3.5000000000000004 0.25915000000000005 80.415000000000006 1.0000000180025095e-35 52.385000000000012 187472.75000000003
decision_type=2 2 2 2 2 2 2
left_child=1 2 -1 4 -4 -6 -7
right_child=-2 -3 3 -5 5 6 -8
leaf_value=-0.05364322458108773 -0.0039552595957810114 0.052276229322936296 0.01182138768454309 0.076006250108165724 0.003393192533497708 -0.12208046836802712 -0.013060823128159559
leaf_weight=142 5726 284 1298 102 292 72 156
leaf_count=142 5726 284 1298 102 292 72 156
internal_value=-0.000297708 0.00861889 0.00249404 0.0067744 0.0026923 -0.0199909 -0.049369
internal_weight=8072 2346 2062 1920 1818 520 228
internal_count=8072 2346 2062 1920 1818 520 228
is_linear=0
shrinkage=0.02


Tree=643
num_leaves=8
num_cat=0
split_feature=50 23 23 22 40 38 22
split_gain=524.66 717 588.403 566.018 1064.3 749.417 576.029
threshold=3.5000000000000004 11.550000000000002 7.6500000000000012 7808.0000000000009 30.425000000000004 9182.8000000000011 11090.500000000002
decision_type=2 2 2 2 2 8 2
left_child=3 2 -2 4 -1 -6 -5
right_child=1 -3 -4 6 5 -7 -8
leaf_value=-0.089735755125036495 0.035111630828607653 0.065701908234763767 -0.042804481047723025 0.01247776481993464 0.028388861537083879 -0.029708300832104177 -0.0016303825810436332
leaf_weight=72 79 111 67 1435 138 230 5899
leaf_count=72 79 111 67 1435 138 230 5899
internal_value=0.000746588 0.0285835 -0.000877786 -0.000191451 -0.0220933 -0.00783336 0.00113669
internal_weight=8031 257 146 7774 440 368 7334
internal_count=8031 257 146 7774 440 368 7334
is_linear=0
shrinkage=0.02


Tree=644
num_leaves=8
num_cat=1
split_feature=0 16 41 7 52 12 38
split_gain=703.584 785.65 692.204 945.389 685.435 604.047 600.416
threshold=67.500000000000014 0.17090000000000002 15.475000000000003 0 15.630000000000001 77.385000000000005 17351.150000000005
decision_type=2 2 2 1 2 2 8
left_child=1 -1 3 -3 -2 6 -4
right_child=4 2 5 -5 -6 -7 -8
leaf_value=-0.068022104497526728 -0.051836400455898712 -0.069105748348477963 0.0047655816867433875 0.006574680846663088 0.03049117981089591 0.019533019255608901 -0.0073317944258549875
leaf_weight=66 40 123 3048 129 437 576 3544
leaf_count=66 40 123 3048 129 437 576 3544
internal_value=-0.000300888 -0.00180776 -0.00117338 -0.0334235 0.0231213 -1.70826e-05 -0.00173885
internal_weight=7963 7486 7420 252 477 7168 6592
internal_count=7963 7486 7420 252 477 7168 6592
cat_boundaries=0 1
cat_threshold=2
is_linear=0
shrinkage=0.02


Tree=645
num_leaves=8
num_cat=0
split_feature=42 50 34 16 9 52 51
split_gain=722.721 823.265 900.386 681.363 838.192 1243.31 847.69
threshold=52.155000000000008 3.5000000000000004 3.5000000000000004 0.50155000000000005 1.5000000000000002 19.875000000000004 6.3550000000000013
decision_type=2 2 2 2 2 2 2
left_child=1 2 3 4 5 -1 -7
right_child=-2 -3 -4 -5 -6 6 -8
leaf_value=0.055300258335314302 -0.0072177860748737378 0.050530472022334218 0.033027052998785743 0.009515953974678238 -0.0010409498911112052 0.0086445763286041172 -0.062224501223940597
leaf_weight=52 3699 147 363 1740 1679 87 280
leaf_count=52 3699 147 363 1740 1679 87 280
internal_value=-0.000724575 0.00480138 0.00314307 0.000277339 -0.00738922 -0.0325155 -0.0455341
internal_weight=8047 4348 4201 3838 2098 419 367
internal_count=8047 4348 4201 3838 2098 419 367
is_linear=0
shrinkage=0.02


Tree=646
num_leaves=8
num_cat=0
split_feature=12 65 8 14 33 17 49
split_gain=548.746 958.519 570.227 911.991 843.73 760.48 1019.4
threshold=14.375000000000002 0.35416666666666669 25.515000000000004 43.180000000000007 1.5000000000000002 5791.9000000000005 48.500000000000007
decision_type=2 2 2 2 2 2 2
left_child=1 -1 3 5 -5 6 -2
right_child=2 -3 -4 4 -6 -7 -8
leaf_value=-0.068162562293161089 0.030642293856231545 -0.0047329185760902285 -0.0023901770403888449 -0.097488722396001481 -0.0070745495529963244 0.0037947796560896963 -0.017949203730569879
leaf_weight=111 1108 539 3740 52 153 2137 201
leaf_count=111 1108 539 3740 52 153 2137 201
internal_value=0.00154466 -0.0160024 0.00309761 0.00871475 -0.031784 0.0111665 0.023141
internal_weight=8041 650 7391 3651 205 3446 1309
internal_count=8041 650 7391 3651 205 3446 1309
is_linear=0
shrinkage=0.02


Tree=647
num_leaves=8
num_cat=0
split_feature=42 14 33 55 46 33 52
split_gain=599.313 870.085 804.818 939.925 785.109 719.069 625.023
threshold=51.300000000000004 8.7450000000000028 1.0000000180025095e-35 45.175000000000004 7.5000000000000009 5.5000000000000009 31.455000000000002
decision_type=2 2 2 2 2 2 2
left_child=1 4 3 -2 -1 6 -3
right_child=2 5 -4 -5 -6 -7 -8
leaf_value=-0.028453851644821216 0.0080379811648366058 -0.0053315086436084994 -0.0010650833855551612 -0.081281563853675659 0.055977742707729344 0.057871065149231564 0.013930610592035871
leaf_weight=384 81 889 3615 105 45 121 2750
leaf_count=384 81 889 3615 105 45 121 2750
internal_value=0.00256776 0.00778125 -0.00318059 -0.0431922 -0.0190545 0.0108643 0.00922406
internal_weight=7990 4189 3801 186 429 3760 3639
internal_count=7990 4189 3801 186 429 3760 3639
is_linear=0
shrinkage=0.02


Tree=648
num_leaves=8
num_cat=0
split_feature=8 10 17 48 42 66 42
split_gain=505.258 948.548 1340.83 1080.28 787.154 466.34 676.796
threshold=8.5850000000000026 14237.750000000002 3890.5500000000006 7.5000000000000009 42.70000000000001 0.68750000000000011 45.875000000000007
decision_type=2 2 2 2 2 2 2
left_child=1 2 -1 -3 -4 -2 -7
right_child=5 3 4 -5 -6 6 -8
leaf_value=0.053375806159610989 -0.0021387127380840159 0.082425576532525677 -0.11902465343475342 -0.024595103810230889 -0.0097222152541221029 0.061554569745795769 -0.0048035134467207929
leaf_weight=74 7436 135 40 49 66 109 132
leaf_count=74 7436 135 40 49 66 109 132
internal_value=-0.000145821 0.0227148 -0.00989026 0.0540288 -0.054472 -0.00124382 0.0258502
internal_weight=8041 364 180 184 106 7677 241
internal_count=8041 364 180 184 106 7677 241
is_linear=0
shrinkage=0.02


Tree=649
num_leaves=8
num_cat=0
split_feature=43 17 0 55 40 66 49
split_gain=864.278 988.05 897.044 787.9 1232.88 1347.63 1102.06
threshold=1.0000000180025095e-35 77912.35000000002 44.500000000000007 42.57500000000001 68.375000000000014 0.43750000000000006 7.5000000000000009
decision_type=2 2 2 2 2 2 2
left_child=1 3 -3 4 5 -1 -5
right_child=-2 2 -4 6 -6 -7 -8
leaf_value=-0.061065437831215416 0.0018093715315313935 -0.011598304713080669 0.10324902193413842 0.05712843974977732 0.028383267606913516 0.0060681291777979242 -0.012337786709782781
leaf_weight=459 6034 53 49 95 108 160 1057
leaf_count=459 6034 53 49 95 108 160 1057
internal_value=-0.00195588 -0.0134003 0.0458201 -0.0167281 -0.0329588 -0.0438031 -0.00638711
internal_weight=8015 1981 102 1879 727 619 1152
internal_count=8015 1981 102 1879 727 619 1152
is_linear=0
shrinkage=0.02


Tree=650
num_leaves=8
num_cat=0
split_feature=16 16 22 13 52 68 22
split_gain=534.673 480.976 611.07 566.932 383.714 740.76 1438.55
threshold=0.17090000000000002 0.77885000000000015 19045.250000000004 363.35000000000008 67.595000000000013 1041138.9000000001 20651.600000000002
decision_type=2 2 2 2 2 2 2
left_child=-1 4 3 -3 5 -2 -7
right_child=1 2 -4 -5 -6 6 -8
leaf_value=-0.045367779770436191 0.0012087997270485726 0.02998603583494229 0.072493573456634708 -0.042028153547873863 0.0087743802957614969 -0.0052970669744207069 -0.053895119051418167
leaf_weight=99 4689 129 76 60 1406 1268 297
leaf_count=99 4689 129 76 60 1406 1268 297
internal_value=-0.000314448 0.000276613 0.0265121 0.00663041 -0.000647715 -0.00277127 -0.0146621
internal_weight=8024 7925 265 189 7660 6254 1565
internal_count=8024 7925 265 189 7660 6254 1565
is_linear=0
shrinkage=0.02


Tree=651
num_leaves=8
num_cat=0
split_feature=23 64 49 36 51 49 52
split_gain=454.536 862.48 782.235 1465.12 1137.08 680.84 927.399
threshold=11.050000000000002 1.5000000000000002 13.500000000000002 1.5000000000000002 21.605000000000004 10.500000000000002 35.445000000000007
decision_type=2 2 2 2 2 2 2
left_child=1 2 -1 4 -4 6 -2
right_child=5 -3 3 -5 -6 -7 -8
leaf_value=0.0264143504560343 0.031119260172829157 -0.002199644202991543 0.028304307287515599 -0.15371060576844722 -0.066902521402855228 0.0080091781692041234 -0.032727878894307338
leaf_weight=59 116 3848 81 42 118 3335 368
leaf_count=59 116 3848 81 42 118 3335 368
internal_value=-0.000187577 -0.00476859 -0.0371433 -0.0529237 -0.0284061 0.00478781 -0.0172639
internal_weight=7967 4148 300 241 199 3819 484
internal_count=7967 4148 300 241 199 3819 484
is_linear=0
shrinkage=0.02


Tree=652
num_leaves=8
num_cat=1
split_feature=12 2 40 16 48 49 15
split_gain=557.21 841.314 648.354 548.416 455.141 727.388 555.346
threshold=79.110000000000014 0 42.785000000000004 0.6331500000000001 18.500000000000004 43.500000000000007 1.0000000180025095e-35
decision_type=2 1 2 2 2 2 2
left_child=4 2 -2 -3 -1 6 -6
right_child=1 3 -4 -5 5 -7 -8
leaf_value=-0.00016603818098287311 0.074489778573930701 -0.020777890596408638 0.016153039561710446 0.050119195092055535 0.0092703956068941849 -0.075899812842224856 -0.050867133733145026
leaf_weight=6974 132 224 180 49 211 76 81
leaf_count=6974 132 224 180 49 211 76 81
internal_value=0.000184427 0.0188843 0.0403468 -0.00712396 -0.00131739 -0.022842 -0.0079871
internal_weight=7927 585 312 273 7342 368 292
internal_count=7927 585 312 273 7342 368 292
cat_boundaries=0 1
cat_threshold=163
is_linear=0
shrinkage=0.02


Tree=653
num_leaves=8
num_cat=2
split_feature=7 8 17 12 2 50 51
split_gain=1180.12 941.875 910.663 805.743 697.743 671.254 859.6
threshold=0 24.275000000000002 2537.6500000000001 49.82500000000001 1 1.0000000180025095e-35 28.105000000000004
decision_type=1 2 2 2 1 2 2
left_child=1 4 -3 5 -1 -4 -7
right_child=-2 2 3 -5 -6 6 -8
leaf_value=-0.035219058980739196 0.0016362825628482981 -0.11636984290420145 0.0025720611416687402 0.022296670461436369 0.021304473410196163 -0.12108134294612498 -0.0088561800618966423
leaf_weight=138 7374 64 54 72 189 74 43
leaf_count=138 7374 64 54 72 189 74 43
internal_value=-0.000636885 -0.0264928 -0.0517675 -0.0327497 -0.00313977 -0.0559021 -0.0818895
internal_weight=8008 634 307 243 327 171 117
internal_count=8008 634 307 243 327 171 117
cat_boundaries=0 1 2
cat_threshold=32 82
is_linear=0
shrinkage=0.02


Tree=654
num_leaves=8
num_cat=1
split_feature=9 22 2 16 55 46 52
split_gain=590.43 811.445 983.596 848.747 768.994 761.574 807.28
threshold=1.5000000000000002 10900.950000000003 0 0.35685000000000006 57.225000000000001 4.5000000000000009 34.120000000000012
decision_type=2 2 1 2 2 2 2
left_child=1 3 4 -1 5 6 -3
right_child=-2 2 -4 -5 -6 -7 -8
leaf_value=-0.056720637597498444 0.0032944572833310502 0.11527181159991484 -0.026172481310494367 0.021436805544022216 -0.060906227136651676 -0.0029738828400006664 0.019065128847831438
leaf_weight=58 5796 47 1128 476 55 320 114
leaf_count=58 5796 47 1128 476 55 320 114
internal_value=-5.30438e-05 -0.00886765 -0.0157418 0.0125004 0.0066098 0.0150131 0.0497764
internal_weight=7994 2198 1664 534 536 481 161
internal_count=7994 2198 1664 534 536 481 161
cat_boundaries=0 1
cat_threshold=104
is_linear=0
shrinkage=0.02


Tree=655
num_leaves=8
num_cat=0
split_feature=40 24 38 64 40 32 55
split_gain=469.868 924.335 1046.76 443.796 1163.22 903.737 803.633
threshold=8.9700000000000024 1.5000000000000002 5682.4000000000005 4.5000000000000009 25.215000000000003 1.0000000180025095e-35 54.735000000000007
decision_type=2 2 10 2 2 2 2
left_child=1 -1 -3 5 -5 6 -2
right_child=3 2 -4 4 -6 -7 -8
leaf_value=0.028359698578715325 0.0061538720877306399 -0.014479852507651691 -0.13848947239418827 0.10901646951631624 0.0075686282424344102 -0.012712356883014347 -0.01611942738459346
leaf_weight=59 4203 66 43 44 599 2178 761
leaf_count=59 4203 66 43 44 599 2178 761
internal_value=-0.00127549 -0.033876 -0.0673295 -0.000550681 0.0152982 -0.00198728 0.00272651
internal_weight=7953 168 109 7785 643 7142 4964
internal_count=7953 168 109 7785 643 7142 4964
is_linear=0
shrinkage=0.02


Tree=656
num_leaves=8
num_cat=1
split_feature=41 2 14 17 16 64 66
split_gain=670.478 864.665 834.076 681.113 572.179 712.49 1188.75
threshold=14.405000000000003 0 14.615 7190.6500000000005 0.26805000000000007 2.5000000000000004 0.43750000000000006
decision_type=2 1 2 2 2 2 2
left_child=1 2 -1 -3 -2 6 -6
right_child=4 3 -4 -5 5 -7 -8
leaf_value=-0.053012602509192708 -0.017215063183520059 -0.13118749459584556 0.048378157404561833 -0.034529233334156188 0.0077256134643069524 -0.00080851606957582081 0.056231411202042773
leaf_weight=48 592 40 79 99 1803 5121 223
leaf_count=48 592 40 79 99 1803 5121 223
internal_value=0.000515162 -0.0304073 0.00883167 -0.0616525 0.00159696 0.00316614 0.0131899
internal_weight=8005 266 127 139 7739 7147 2026
internal_count=8005 266 127 139 7739 7147 2026
cat_boundaries=0 1
cat_threshold=116
is_linear=0
shrinkage=0.02


Tree=657
num_leaves=8
num_cat=0
split_feature=14 58 62 53 64 51 51
split_gain=591.425 535.339 559.973 527.225 471.638 1044.13 1196.13
threshold=46.365000000000009 40.440000000000005 1.0000000180025095e-35 63.175000000000004 1.5000000000000002 6.3550000000000013 20.645000000000003
decision_type=2 2 2 2 2 2 2
left_child=4 2 3 -2 5 -1 -7
right_child=1 -3 -4 -5 -6 6 -8
leaf_value=-0.085915484210929358 0.013641298271127438 0.0033705686400463055 -0.099289381414138039 -0.06379951957529828 0.0033556194509896391 0.042831889473672578 -0.026523291197743513
leaf_weight=69 71 149 53 62 7185 140 312
leaf_count=69 71 149 53 62 7185 140 312
internal_value=0.000881724 -0.024934 -0.0471027 -0.0234625 0.00201944 -0.0162643 -0.00480801
internal_weight=8041 335 186 133 7706 521 452
internal_count=8041 335 186 133 7706 521 452
is_linear=0
shrinkage=0.02


Tree=658
num_leaves=8
num_cat=0
split_feature=31 54 14 15 47 9 10
split_gain=755.481 997.603 975.69 1339.3 1050.37 831.142 1073.84
threshold=1.0000000180025095e-35 84.985000000000014 34.925000000000004 1.5000000000000002 5.5000000000000009 2.5000000000000004 15617.250000000002
decision_type=2 2 2 2 2 2 2
left_child=1 2 5 4 -4 -1 -7
right_child=-2 -3 3 -5 -6 6 -8
leaf_value=-0.011831715886650438 0.0042608965986914594 -0.01779144742715915 -0.13773699450911137 0.046174293160438536 -0.021699016328099407 -0.01762496342909509 0.034998977945008176
leaf_weight=435 4679 1878 52 49 74 202 628
leaf_count=435 4679 1878 52 49 74 202 628
internal_value=-0.000914152 -0.00820737 0.00431018 -0.0392879 -0.073017 0.0104725 0.0221629
internal_weight=7997 3318 1440 175 126 1265 830
internal_count=7997 3318 1440 175 126 1265 830
is_linear=0
shrinkage=0.02


Tree=659
num_leaves=8
num_cat=0
split_feature=64 23 56 8 24 41 41
split_gain=449.757 438.499 1454.22 1005.84 1117.67 948.24 930.985
threshold=1.0000000180025095e-35 17.350000000000005 31.165000000000003 33.655000000000008 1.5000000000000002 65.945000000000007 53.935000000000009
decision_type=2 2 2 2 2 2 2
left_child=-1 -2 5 4 -4 -3 -5
right_child=1 2 3 6 -6 -7 -8
leaf_value=-0.05930590745682518 0.00080519437268756838 -0.083445169267285138 -0.019718734300282387 -0.055439773251884115 0.027618103045026172 0.017063916113514165 0.0082878215669487162
leaf_weight=49 6506 156 322 224 508 47 151
leaf_count=49 6506 156 322 224 508 47 151
internal_value=-0.00178087 -0.00138748 -0.0114863 -0.00304359 0.00924558 -0.0603238 -0.0300074
internal_weight=7963 7914 1408 1205 830 203 375
internal_count=7963 7914 1408 1205 830 203 375
is_linear=0
shrinkage=0.02


Tree=660
num_leaves=8
num_cat=0
split_feature=49 55 49 64 65 20 8
split_gain=494.205 1199.96 778.184 985.904 648.217 718.045 676.497
threshold=62.500000000000007 41.795000000000009 57.500000000000007 2.5000000000000004 0.69047619047619058 747323.50000000012 13.855000000000002
decision_type=2 2 2 2 2 10 2
left_child=2 -2 -1 -4 5 6 -3
right_child=1 4 3 -5 -6 -7 -8
leaf_value=0.0003343210319593727 0.021038088369558554 0.00084890352157147039 0.10448849098499005 0.008467118408446923 0.014361410993597891 0.00024845859483827517 -0.089454098405792964
leaf_weight=7253 196 41 60 128 68 74 167
leaf_count=7253 196 41 60 128 68 74 167
internal_value=3.67858e-05 -0.0182403 0.00138925 0.0410253 -0.0402227 -0.0534057 -0.0720519
internal_weight=7987 546 7441 188 350 282 208
internal_count=7987 546 7441 188 350 282 208
is_linear=0
shrinkage=0.02


Tree=661
num_leaves=8
num_cat=0
split_feature=40 12 38 56 51 8 12
split_gain=555.075 893.762 648.359 675.569 523.822 1097.79 1051.91
threshold=11.365000000000002 29.145000000000003 5618.8000000000011 38.925000000000004 32.095000000000006 6.9350000000000014 7.3150000000000004
decision_type=2 2 10 2 2 2 2
left_child=1 -1 3 -3 6 -6 -2
right_child=4 2 -4 -5 5 -7 -8
leaf_value=-0.093499986436218027 -0.047994578340269552 0.07197786575981549 -0.057671786275776953 -0.018892466194927692 0.093263655368049272 0.0060956851336837212 -0.00090396344371975791
leaf_weight=59 193 51 61 75 54 2916 4557
leaf_count=59 193 51 61 75 54 2916 4557
internal_value=0.00030238 -0.028968 -0.00670299 0.0192318 0.00125324 0.00783464 -0.00286579
internal_weight=7966 246 187 126 7720 2970 4750
internal_count=7966 246 187 126 7720 2970 4750
is_linear=0
shrinkage=0.02


Tree=662
num_leaves=8
num_cat=1
split_feature=7 38 57 60 16 16 42
split_gain=505.716 1233.53 834.118 599.533 641.168 1124.54 1044.45
threshold=0 8369.3500000000022 32.550000000000004 1.0000000180025095e-35 0.53735000000000011 0.41585000000000005 32.330000000000005
decision_type=1 10 2 2 2 2 2
left_child=1 -1 -3 -2 5 -5 -7
right_child=3 2 -4 4 -6 6 -8
leaf_value=-0.032407144337073278 -0.0020599066159927397 -0.020493161114661592 0.073120205724103896 0.01799284188504045 0.02305282313759581 -0.063588418568540736 -0.0038759653551564211
leaf_weight=477 4911 64 83 806 932 144 552
leaf_count=477 4911 64 83 806 932 144 552
internal_value=0.000480676 -0.0165879 0.0330299 0.00196095 0.0100693 0.00196324 -0.0165957
internal_weight=7969 624 147 7345 2434 1502 696
internal_count=7969 624 147 7345 2434 1502 696
cat_boundaries=0 1
cat_threshold=32
is_linear=0
shrinkage=0.02


Tree=663
num_leaves=8
num_cat=0
split_feature=16 6 0 65 52 23 37
split_gain=687.661 597.054 636.732 766.603 835.073 652.151 642.118
threshold=0.32955000000000007 2.5000000000000004 43.500000000000007 0.76388888888888895 31.455000000000002 16.850000000000005 0.046550000000000008
decision_type=2 2 2 2 2 2 2
left_child=1 2 5 4 6 -1 -4
right_child=-2 -3 3 -5 -6 -7 -8
leaf_value=-0.0084195198964428248 0.0042813580194121723 0.014744951320939104 -0.018434793750445048 0.036551790264115404 -0.022287436117668855 0.064289658277249723 -0.10519849044289074
leaf_weight=254 6641 270 55 62 515 56 97
leaf_count=254 6641 270 55 62 515 56 97
internal_value=0.0016685 -0.0115532 -0.0184251 -0.0285788 -0.0348598 0.00552703 -0.0753907
internal_weight=7950 1309 1039 729 667 310 152
internal_count=7950 1309 1039 729 667 310 152
is_linear=0
shrinkage=0.02


Tree=664
num_leaves=8
num_cat=0
split_feature=48 57 42 55 20 14 66
split_gain=533.352 673.513 621.954 928.76 469.92 447.394 802.689
threshold=18.500000000000004 50.485000000000007 38.880000000000003 44.855000000000011 666499.80000000016 43.180000000000007 0.31250000000000006
decision_type=2 2 2 2 8 2 2
left_child=5 2 3 -2 -4 -1 -7
right_child=1 -3 4 -5 -6 6 -8
leaf_value=0.0031624566108392543 -0.0092772236963113153 0.030809337486512961 -0.062614338457584379 -0.12904025343949335 0.0026716488253544358 -0.047059411563196998 0.007196896206510265
leaf_weight=7244 49 75 55 52 165 196 236
leaf_count=7244 49 75 55 52 165 196 236
internal_value=0.000805492 -0.0216813 -0.0342299 -0.0741157 -0.0146786 0.00197893 -0.0176762
internal_weight=8072 396 321 101 220 7676 432
internal_count=8072 396 321 101 220 7676 432
is_linear=0
shrinkage=0.02


Tree=665
num_leaves=8
num_cat=0
split_feature=9 64 16 33 25 41 49
split_gain=672.588 898.462 1264.32 1200.23 1249.19 1618.02 1415.91
threshold=1.5000000000000002 2.5000000000000004 0.25915000000000005 3.5000000000000004 1.0000000180025095e-35 61.155000000000008 56.500000000000007
decision_type=2 2 2 2 2 2 2
left_child=-1 2 -2 4 6 -6 -4
right_child=1 -3 3 -5 5 -7 -8
leaf_value=-0.010561378233604406 -0.040329856066316963 -0.0025481235298323848 0.01857202648820297 0.065841777180090988 -0.034482448340038684 0.053545853601260615 0.1027224867741267
leaf_weight=2208 146 4152 759 197 344 105 85
leaf_count=2208 146 4152 759 197 344 105 85
internal_value=-0.00118297 0.00240073 0.0149299 0.0204614 0.0133203 -0.0135338 0.0276019
internal_weight=7996 5788 1636 1490 1293 449 844
internal_count=7996 5788 1636 1490 1293 449 844
is_linear=0
shrinkage=0.02


Tree=666
num_leaves=8
num_cat=0
split_feature=64 41 23 21 23 51 64
split_gain=422.107 1377.01 1216.37 1331.47 1660.51 1456.2 946.416
threshold=2.5000000000000004 81.220000000000013 4.3500000000000005 335084.50000000006 11.15 35.525000000000013 1.5000000000000002
decision_type=2 2 2 10 2 2 2
left_child=1 2 6 4 -4 -5 -1
right_child=-2 -3 3 5 -6 -7 -8
leaf_value=-0.020031981807330561 -0.0014528573495385896 0.084937775682576086 -0.028920077430060032 0.0067918629983667487 0.011793716998397638 0.085505934692649305 0.076105910282415951
leaf_weight=53 5674 86 761 298 836 133 152
leaf_count=53 5674 86 761 298 836 133 152
internal_value=0.00148647 0.00866592 0.00554525 0.000798569 -0.00763687 0.0317838 0.0513656
internal_weight=7993 2319 2233 2028 1597 431 205
internal_count=7993 2319 2233 2028 1597 431 205
is_linear=0
shrinkage=0.02


Tree=667
num_leaves=8
num_cat=0
split_feature=12 51 64 10 18 55 10
split_gain=763.657 1166.25 688.68 527.52 754.377 970.013 1081.01
threshold=7.3150000000000004 12.735000000000001 1.0000000180025095e-35 19100.500000000004 211883.75000000003 48.605000000000011 13758.200000000003
decision_type=2 2 2 2 2 2 2
left_child=1 -1 -2 4 -4 6 -6
right_child=2 -3 3 -5 5 -7 -8
leaf_value=-0.098623149559686055 -0.068763353180339826 -0.009375563338679031 -0.010942269876488052 0.0049806330480640952 0.11314502979794594 -0.02017167358414123 0.007721971223751704
leaf_weight=71 51 261 1937 5423 68 109 85
leaf_count=71 51 261 1937 5423 68 109 85
internal_value=-0.000174785 -0.0296417 0.00111868 0.00163105 -0.006622 0.0249251 0.0566745
internal_weight=8005 332 7673 7622 2199 262 153
internal_count=8005 332 7673 7622 2199 262 153
is_linear=0
shrinkage=0.02


Tree=668
num_leaves=8
num_cat=0
split_feature=16 6 31 55 33 8 52
split_gain=398.006 744.127 704.27 1167.3 904.473 699.884 643.728
threshold=0.32955000000000007 3.5000000000000004 1.0000000180025095e-35 41.985000000000007 1.5000000000000002 22.265000000000004 42.435000000000009
decision_type=2 2 2 2 2 2 2
left_child=1 2 3 5 6 -1 -5
right_child=-2 -3 -4 4 -6 -7 -8
leaf_value=0.051160676163363172 0.0026446074659903004 0.037085776321701708 -0.0016641446746890958 0.037661870650032112 -0.084460576373942026 -0.028005974036209361 -0.051407576056295319
leaf_weight=78 6686 120 714 52 179 92 71
leaf_count=78 6686 120 714 52 179 92 71
internal_value=0.00067063 -0.00940659 -0.0142466 -0.0330634 -0.056355 0.00874147 -0.0137519
internal_weight=7992 1306 1186 472 302 170 123
internal_count=7992 1306 1186 472 302 170 123
is_linear=0
shrinkage=0.02


Tree=669
num_leaves=8
num_cat=0
split_feature=12 26 42 41 8 40 30
split_gain=626.832 907.91 832.915 786.693 689.89 779.22 704.609
threshold=14.375000000000002 1.0000000180025095e-35 38.165000000000006 32.395000000000003 11.305000000000001 57.595000000000006 1.0000000180025095e-35
decision_type=2 2 2 2 2 2 2
left_child=1 3 -3 -1 -5 6 -6
right_child=-2 2 -4 4 5 -7 -8
leaf_value=-0.094334670109184171 0.001380607997875506 0.074392797511357522 -0.010329091651194798 0.04449822727520511 -0.082275971718502386 0.0022755213580291037 0.0092148251701534411
leaf_weight=71 7391 60 159 48 136 137 43
leaf_count=71 7391 60 159 48 136 137 43
internal_value=-0.000284965 -0.0189756 0.0140248 -0.0355602 -0.0229731 -0.0337554 -0.0606446
internal_weight=8045 654 219 435 364 316 179
internal_count=8045 654 219 435 364 316 179
is_linear=0
shrinkage=0.02


Tree=670
num_leaves=8
num_cat=2
split_feature=5 8 10 7 14 64 54
split_gain=825.431 746.341 645.245 631.754 676.964 921.622 659.861
threshold=0 22.555000000000003 13156.85 1 18.385000000000002 3.5000000000000004 83.485000000000014
decision_type=1 2 2 1 2 2 2
left_child=1 -1 -3 -4 5 6 -5
right_child=-2 2 3 4 -6 -7 -8
leaf_value=0.031147525986350736 -0.00435403446988378 0.055233684516028517 0.028123959636325996 -0.10627411651130342 0.0085890391497657845 0.0080117640048265465 -0.029936253873109817
leaf_weight=531 6677 74 166 74 268 125 120
leaf_count=531 6677 74 166 74 268 125 120
internal_value=-0.00146015 0.0126712 0.000844408 -0.0048297 -0.0145371 -0.0342474 -0.0609934
internal_weight=8035 1358 827 753 587 319 194
internal_count=8035 1358 827 753 587 319 194
cat_boundaries=0 1 2
cat_threshold=1 8
is_linear=0
shrinkage=0.02


Tree=671
num_leaves=8
num_cat=0
split_feature=56 56 54 14 38 23 54
split_gain=495.29 1226.43 1060.01 832.373 783.858 1160.32 985.726
threshold=28.685000000000006 30.155000000000005 95.745000000000019 25.485000000000003 2876.8500000000004 9.5500000000000025 89.125000000000014
decision_type=2 2 2 2 10 2 2
left_child=4 2 3 -2 -1 -6 -7
right_child=1 -3 -4 -5 5 6 -8
leaf_value=0.041021176255130846 0.0046557128966148746 0.00029998089829617593 -0.11842990700218638 -0.081149525060103492 0.045831701247998985 -0.078657586585619665 0.023691302523497614
leaf_weight=284 147 7136 54 60 96 96 57
leaf_count=284 147 7136 54 60 96 96 57
internal_value=7.51499e-05 -0.00127158 -0.0434377 -0.0215427 0.0186033 -0.0072699 -0.0409845
internal_weight=7930 7397 261 207 533 249 153
internal_count=7930 7397 261 207 533 249 153
is_linear=0
shrinkage=0.02


Tree=672
num_leaves=8
num_cat=1
split_feature=24 44 64 3 52 34 17
split_gain=509.943 583.877 537.743 1343.24 831.147 843.375 931.617
threshold=5.5000000000000009 1.0000000180025095e-35 2.5000000000000004 0 79.035000000000011 2.5000000000000004 33777.05000000001
decision_type=2 2 2 1 2 2 2
left_child=2 -2 3 -1 5 6 -5
right_child=1 -3 -4 4 -6 -7 -8
leaf_value=0.043917454439166344 -0.077586158762757595 -0.010727504736648432 -0.0020002765672585848 -0.012526760535850315 0.052791882099174875 0.035378789358042381 0.033528604323934452
leaf_weight=365 60 278 5449 1306 118 217 198
leaf_count=365 60 278 5449 1306 118 217 198
internal_value=0.000304072 -0.0235539 0.00137247 0.00969663 0.0025519 -0.00102096 -0.00637262
internal_weight=7991 338 7653 2204 1839 1721 1504
internal_count=7991 338 7653 2204 1839 1721 1504
cat_boundaries=0 1
cat_threshold=4
is_linear=0
shrinkage=0.02


Tree=673
num_leaves=8
num_cat=0
split_feature=16 50 51 67 33 8 40
split_gain=817.58 1012.62 810.053 828.571 784.144 837.826 676.126
threshold=0.60625000000000007 3.5000000000000004 34.095000000000006 9.0087177867856028 1.5000000000000002 21.575000000000003 39.015000000000008
decision_type=2 2 2 2 2 2 2
left_child=1 -1 3 -2 5 -4 -5
right_child=2 -3 4 6 -6 -7 -8
leaf_value=-0.0057426075044628268 -0.0053350713096338934 0.039278651705902556 0.13998714218139649 0.079221035749490923 0.020408125923627524 0.015066009796328016 0.0124725950540644
leaf_weight=5805 1112 202 45 82 468 40 209
leaf_count=5805 1112 202 45 82 468 40 209
internal_value=-0.000539835 -0.00419725 0.0106744 0.0025583 0.031058 0.0853036 0.0323019
internal_weight=7963 6007 1956 1403 553 85 291
internal_count=7963 6007 1956 1403 553 85 291
is_linear=0
shrinkage=0.02


Tree=674
num_leaves=8
num_cat=1
split_feature=16 41 10 10 2 13 13
split_gain=519.057 610.572 966.018 613.763 652.504 783.757 559.094
threshold=0.72825000000000006 34.030000000000008 25415.550000000003 17286.950000000004 0 363.05000000000007 335.25000000000006
decision_type=2 2 2 2 1 2 2
left_child=-1 2 -2 6 5 -5 -3
right_child=1 3 -4 4 -6 -7 -8
leaf_value=-0.00056481367186168342 0.0026336263878303664 0.0057992929542386848 0.12539806612858587 0.0013070217865918364 0.018481791744177991 -0.094954773116919966 0.088659859829478799
leaf_weight=7350 52 69 46 79 183 54 58
leaf_count=7350 52 69 46 79 183 54 58
internal_value=0.00083242 0.0196465 0.0635477 0.00933387 -0.00571074 -0.0371118 0.0455661
internal_weight=7891 541 98 443 316 133 127
internal_count=7891 541 98 443 316 133 127
cat_boundaries=0 1
cat_threshold=113
is_linear=0
shrinkage=0.02


Tree=675
num_leaves=8
num_cat=0
split_feature=55 56 64 21 46 22 33
split_gain=743.05 692.286 609.223 602.97 652.429 665.448 678.459
threshold=55.055000000000007 55.295000000000009 2.5000000000000004 212558.60000000003 7.5000000000000009 20964.700000000001 2.5000000000000004
decision_type=2 2 2 8 2 2 2
left_child=1 -1 -3 -2 -5 6 -6
right_child=3 2 -4 4 5 -7 -8
leaf_value=0.0015345355903375339 -0.059688676464612844 0.098679835768761465 0.014408598211904367 -0.018220551023585396 0.069668874116170981 -0.048625307030354933 -0.003710692064596875
leaf_weight=6695 103 49 100 853 100 43 96
leaf_count=6695 103 49 100 853 100 43 96
internal_value=-4.35319e-05 0.00250007 0.0444261 -0.014561 -0.0100518 0.0188788 0.0345296
internal_weight=8039 6844 149 1195 1092 239 196
internal_count=8039 6844 149 1195 1092 239 196
is_linear=0
shrinkage=0.02


Tree=676
num_leaves=8
num_cat=2
split_feature=2 65 67 7 22 22 9
split_gain=761.039 839.431 931.426 867.554 727.655 711.226 935.979
threshold=0 0.29166666666666669 21.504085886997437 1 11090.500000000002 12431.850000000002 17.500000000000004
decision_type=1 2 2 1 2 2 2
left_child=1 -1 3 -3 -2 -6 -7
right_child=4 2 -4 -5 5 6 -8
leaf_value=-0.059130676524979726 0.015222435606978998 -0.032244169320574174 -0.068915629288910527 0.0066098747002700025 -0.020085537275549549 0.0004025526068073313 0.041781197472019888
leaf_weight=135 1597 289 87 930 628 4096 226
leaf_count=135 1597 289 87 930 628 4096 226
internal_value=0.000600537 -0.0124824 -0.00754854 -0.00290514 0.00350115 -0.000284928 0.00261205
internal_weight=7988 1441 1306 1219 6547 4950 4322
internal_count=7988 1441 1306 1219 6547 4950 4322
cat_boundaries=0 1 2
cat_threshold=9 20
is_linear=0
shrinkage=0.02


Tree=677
num_leaves=8
num_cat=0
split_feature=68 0 42 52 61 42 16
split_gain=565.599 1196.37 1466.77 934.077 1003.02 872.704 875.923
threshold=1041138.9000000001 70.500000000000014 42.995000000000012 63.135000000000012 1.0000000180025095e-35 24.000000000000004 0.49545000000000006
decision_type=2 2 2 2 2 2 2
left_child=-1 3 -3 4 5 6 -2
right_child=1 2 -4 -5 -6 -7 -8
leaf_value=0.0037100040833560276 -0.029797996973683096 0.11027607418493265 -0.026319628702155474 0.011543757176139945 -0.0011787848253671694 -0.02724868820030054 -0.14951785252959121
leaf_weight=6030 53 67 53 472 589 688 46
leaf_count=6030 53 67 53 472 589 688 46
internal_value=0.000671292 -0.0086252 0.0513067 -0.0126448 -0.0209538 -0.0356528 -0.0899394
internal_weight=7998 1968 120 1848 1376 787 99
internal_count=7998 1968 120 1848 1376 787 99
is_linear=0
shrinkage=0.02


Tree=678
num_leaves=8
num_cat=1
split_feature=41 3 13 49 21 17 42
split_gain=499.915 1431.93 838.082 694.362 537.631 401.017 831.855
threshold=14.405000000000003 0 360.95000000000005 23.500000000000004 416879.45000000001 1796.0500000000002 24.485000000000003
decision_type=2 1 2 2 8 2 2
left_child=1 2 3 -1 -3 6 -2
right_child=5 4 -4 -5 -6 -7 -8
leaf_value=-0.06439884161247926 -0.047902173974434845 -0.033190427354058707 0.08966105292240778 0.040638786077499392 -0.11750769605002706 0.001106880160892896 0.029583865270294524
leaf_weight=46 59 69 43 45 58 7245 427
leaf_count=46 59 69 43 45 58 7245 427
internal_value=0.00136697 -0.025593 0.0204787 -0.0130459 -0.0694301 0.00229309 0.0197851
internal_weight=7992 261 134 91 127 7731 486
internal_count=7992 261 134 91 127 7731 486
cat_boundaries=0 1
cat_threshold=5
is_linear=0
shrinkage=0.02


Tree=679
num_leaves=8
num_cat=1
split_feature=52 20 67 52 2 35 41
split_gain=510.37 728.14 666.273 869.26 563.4 773.619 1036.78
threshold=15.630000000000001 504783.00000000006 18.907723076012314 13.260000000000002 0 1.0000000180025095e-35 41.255000000000003
decision_type=2 8 2 2 1 2 2
left_child=1 -1 3 -3 5 6 -2
right_child=4 2 -4 -5 -6 -7 -8
leaf_value=0.048042506396218584 -0.046969352325304553 -0.023182283320526281 0.041529572885087199 -0.10012850745519002 0.0027662246201759729 0.018130419625782629 -0.0055171288458494751
leaf_weight=49 352 295 42 70 6139 279 750
leaf_count=49 352 295 42 70 6139 279 750
internal_value=-0.00108749 -0.0215144 -0.03037 -0.0390928 0.000164637 -0.0113069 -0.0189101
internal_weight=7976 456 407 365 7520 1381 1102
internal_count=7976 456 407 365 7520 1381 1102
cat_boundaries=0 1
cat_threshold=9
is_linear=0
shrinkage=0.02


Tree=680
num_leaves=8
num_cat=1
split_feature=2 49 48 22 47 53 22
split_gain=460.193 858.459 750.416 993.645 920.213 848.74 665.631
threshold=0 4.5000000000000009 10.500000000000002 9066.8000000000011 7.5000000000000009 60.07500000000001 18602.650000000005
decision_type=1 2 2 2 2 2 2
left_child=2 -2 3 4 -1 6 -4
right_child=1 -3 5 -5 -6 -7 -8
leaf_value=-0.090362161325780982 -0.056765043773502111 0.0022842461401365735 -0.035468446772707544 0.0022286188800182357 0.012031957491979762 -0.077430912865551579 0.058416864343815378
leaf_weight=90 95 6488 87 1083 54 127 40
leaf_count=90 95 6488 87 1083 54 127 40
internal_value=-0.000886094 0.00138756 -0.0108991 -0.00442352 -0.0528491 -0.041912 -0.00480559
internal_weight=8064 6583 1481 1227 144 254 127
internal_count=8064 6583 1481 1227 144 254 127
cat_boundaries=0 1
cat_threshold=9
is_linear=0
shrinkage=0.02


Tree=681
num_leaves=8
num_cat=0
split_feature=9 40 41 40 16 10 23
split_gain=466.789 1194.09 821.515 681.209 959.043 673.692 651.015
threshold=4.5000000000000009 45.705000000000005 15.475000000000003 48.705000000000005 0.72825000000000006 34755.700000000004 10.750000000000002
decision_type=2 2 2 2 2 2 2
left_child=1 2 5 4 -2 -1 -5
right_child=3 -3 -4 6 -6 -7 -8
leaf_value=-0.10584534910556517 0.0091886674399246811 0.0020493793275502856 -0.014927666533096585 -0.018851849085833764 0.084227931138495332 -0.013955701670003316 0.0069888703579996615
leaf_weight=71 1762 2856 1617 771 66 58 780
leaf_count=71 1762 2856 1617 771 66 58 780
internal_value=-0.001778 -0.00591987 -0.0189241 0.00386341 0.0121203 -0.066593 -0.00587582
internal_weight=7981 4602 1746 3379 1828 129 1551
internal_count=7981 4602 1746 3379 1828 129 1551
is_linear=0
shrinkage=0.02


Tree=682
num_leaves=8
num_cat=0
split_feature=23 17 65 14 38 23 13
split_gain=508.272 699.006 555.804 499.589 415.846 740.149 720.293
threshold=2.9500000000000006 9990.0000000000018 0.61250000000000016 14.795000000000002 7083.3500000000013 3.8500000000000001 431.15000000000003
decision_type=2 2 2 2 8 2 2
left_child=1 3 -3 -1 5 -2 -7
right_child=4 2 -4 -5 -6 6 -8
leaf_value=0.038458662055959193 -0.050519331179093574 0.10003521518253569 0.019148439496755602 -0.049609486748606477 -0.0029277041228238983 0.0061879030335607191 0.0503478130093723
leaf_weight=41 81 62 75 54 5416 2127 154
leaf_count=41 81 62 75 54 5416 2127 154
internal_value=0.00100543 0.0298581 0.0579876 -0.0115786 0.000126194 0.00712009 0.00927293
internal_weight=8010 232 137 95 7778 2362 2281
internal_count=8010 232 137 95 7778 2362 2281
is_linear=0
shrinkage=0.02


Tree=683
num_leaves=8
num_cat=1
split_feature=65 22 14 14 56 46 2
split_gain=463.076 605.551 522.635 926.876 687.646 972.504 819.86
threshold=0.61250000000000016 7121.0500000000011 22.235000000000003 23.305000000000003 37.165000000000006 2.5000000000000004 0
decision_type=2 2 2 2 2 2 1
left_child=2 -2 4 -4 6 -6 -1
right_child=1 -3 3 -5 5 -7 -8
leaf_value=-0.014102095790096183 -0.034305295933038001 0.0060922301404628641 -0.064304018432436424 -0.0097865894557908183 -0.043752412064823991 -0.0018104316893028897 0.023645931170633256
leaf_weight=320 150 3526 133 1335 253 1551 748
leaf_count=320 150 3526 133 1335 253 1551 748
internal_value=-0.00082049 0.00439944 -0.00524177 -0.0149273 -0.000273726 -0.00779721 0.0124116
internal_weight=8016 3676 4340 1468 2872 1804 1068
internal_count=8016 3676 4340 1468 2872 1804 1068
cat_boundaries=0 1
cat_threshold=73
is_linear=0
shrinkage=0.02


Tree=684
num_leaves=8
num_cat=0
split_feature=52 44 21 55 57 20 21
split_gain=580.815 520.413 773.407 1023.79 786.137 832.407 726.309
threshold=1.0000000180025095e-35 1.0000000180025095e-35 150068.75000000003 41.145000000000003 59.960000000000008 996435.15000000002 219427.00000000003
decision_type=2 2 10 2 2 8 10
left_child=-1 2 3 -2 5 -4 -7
right_child=1 -3 4 -5 -6 6 -8
leaf_value=-0.054584032721244374 0.0087427135725537761 0.0028241149156391565 -0.028799712421993414 -0.042921891614136384 0.060864715486405839 0.066680506377412782 0.0017907584609455382
leaf_weight=73 227 6357 319 459 78 77 437
leaf_count=73 227 6357 319 459 78 77 437
internal_value=-0.000273656 0.00025877 -0.00992975 -0.0258863 0.00216155 -0.00366562 0.0120603
internal_weight=8027 7954 1597 686 911 833 514
internal_count=8027 7954 1597 686 911 833 514
is_linear=0
shrinkage=0.02


Tree=685
num_leaves=8
num_cat=0
split_feature=40 43 47 52 31 52 21
split_gain=564.754 597.696 750.437 790.22 1129.19 764.833 1115.73
threshold=87.625000000000014 1.0000000180025095e-35 5.5000000000000009 31.705000000000002 1.0000000180025095e-35 20.625000000000004 412848.85000000003
decision_type=2 2 2 2 2 2 8
left_child=1 -1 3 4 5 -3 -7
right_child=-2 2 -4 -5 -6 6 -8
leaf_value=-0.009643230650136083 0.029302568404327021 0.00074958883073865151 -0.0029016380394414395 0.018174118766882862 0.014209482951418441 -0.011333927501212149 -0.1275724286503262
leaf_weight=1944 266 93 3361 1813 335 63 67
leaf_count=1944 266 93 3361 1813 335 63 67
internal_value=0.000927235 -7.45034e-05 0.00317629 0.01178 -0.008972 -0.0433441 -0.0737476
internal_weight=7942 7676 5732 2371 558 223 130
internal_count=7942 7676 5732 2371 558 223 130
is_linear=0
shrinkage=0.02


Tree=686
num_leaves=8
num_cat=0
split_feature=16 22 12 16 22 21 49
split_gain=516.321 424.335 394.234 538.018 535.718 490.997 408.072
threshold=0.17090000000000002 13387.950000000003 79.110000000000014 0.61205000000000009 11805.150000000001 160635.65000000002 96.500000000000014
decision_type=2 2 2 2 2 10 2
left_child=1 -1 6 -4 -5 -6 -2
right_child=2 -3 3 4 5 -7 -8
leaf_value=0.0042772455416295839 -0.00021011516269235601 -0.079287870667617902 0.0061965562900598839 -0.0096618672557499102 0.018029067710689878 0.10928897417907138 0.050911071960415159
leaf_weight=41 7270 53 444 41 41 59 58
leaf_count=41 7270 53 444 41 41 59 58
internal_value=0.000928421 -0.0444641 0.00149538 0.0172231 0.0505437 0.0745127 0.000228939
internal_weight=8007 94 7913 585 141 100 7328
internal_count=8007 94 7913 585 141 100 7328
is_linear=0
shrinkage=0.02


Tree=687
num_leaves=8
num_cat=1
split_feature=8 16 9 2 68 68 22
split_gain=491.511 993.952 1377.52 1260.34 789.591 709.514 738.605
threshold=24.545000000000005 0.50035000000000007 10.500000000000002 0 2077871.0000000002 1570806.6000000003 16847.400000000005
decision_type=2 2 2 1 2 2 2
left_child=-1 3 4 -2 -3 6 -5
right_child=1 2 -4 5 -6 -7 -8
leaf_value=0.0042407032812786325 0.0008696645412527976 0.00088507059218671509 0.050821394392830122 -0.047568811003283189 -0.082206944209781099 0.014856810870027184 -0.012833547849634492
leaf_weight=3756 1098 1710 224 652 42 128 398
leaf_count=3756 1098 1710 224 652 42 128 398
internal_value=-0.00102823 -0.00568205 0.0046907 -0.0146781 -0.00133513 -0.0288757 -0.0345257
internal_weight=8008 4252 1976 2276 1752 1178 1050
internal_count=8008 4252 1976 2276 1752 1178 1050
cat_boundaries=0 1
cat_threshold=146
is_linear=0
shrinkage=0.02


Tree=688
num_leaves=8
num_cat=0
split_feature=32 17 42 64 42 53 66
split_gain=452.55 709.758 628.082 1021.85 1000.88 1085.08 727.703
threshold=1.0000000180025095e-35 53854.30000000001 31.075000000000003 3.5000000000000004 24.485000000000003 50.225000000000001 0.31250000000000006
decision_type=2 2 2 2 2 2 2
left_child=1 -1 3 4 5 -2 -5
right_child=2 -3 -4 6 -6 -7 -8
leaf_value=0.0020126694721217852 0.031947428079751823 0.028201936702018333 -0.010127678859009682 -0.033676562631616787 0.035751094438135622 -0.079450000545252919 0.051469478675740477
leaf_weight=4702 47 449 2318 44 90 110 252
leaf_count=4702 47 449 2318 44 90 110 252
internal_value=0.00077948 0.00432066 -0.00559254 0.0136832 -0.016187 -0.046145 0.0384635
internal_weight=8012 5151 2861 543 247 157 296
internal_count=8012 5151 2861 543 247 157 296
is_linear=0
shrinkage=0.02


Tree=689
num_leaves=8
num_cat=0
split_feature=32 64 41 10 58 16 20
split_gain=524.16 837.783 960.99 893.012 1028.81 694.473 722.896
threshold=1.0000000180025095e-35 4.5000000000000009 47.535000000000004 14237.750000000002 25.225000000000005 0.56775000000000009 533742.00000000012
decision_type=2 2 2 2 2 2 10
left_child=-1 3 -3 4 -2 6 -6
right_child=1 2 -4 -5 5 -7 -8
leaf_value=0.0039994899905483813 -0.13166916497213685 0.045133288053185117 -0.00565448570058091 -0.0073209905487703246 -0.083297601556232961 0.017445316570608511 -0.0013861714013211138
leaf_weight=5134 41 236 388 1943 103 87 72
leaf_count=5134 41 236 388 1943 103 87 72
internal_value=0.000173843 -0.00666472 0.0137598 -0.0123572 -0.0440087 -0.028082 -0.0505715
internal_weight=8004 2870 624 2246 303 262 175
internal_count=8004 2870 624 2246 303 262 175
is_linear=0
shrinkage=0.02


Tree=690
num_leaves=8
num_cat=0
split_feature=43 22 64 22 40 58 64
split_gain=478.326 917.237 887.665 1163.69 826.537 951.576 881.399
threshold=1.0000000180025095e-35 22649.150000000005 2.5000000000000004 17403.750000000004 34.475000000000001 33.385000000000012 3.5000000000000004
decision_type=2 2 2 2 2 2 2
left_child=1 4 3 -2 6 -6 -1
right_child=2 -3 -4 -5 5 -7 -8
leaf_value=-0.033952221329660373 0.003150004994262148 -0.043467892832351182 -0.0012127707024889164 0.045310232708924016 -0.017558985565013969 0.018988697003544112 0.05119355770674619
leaf_weight=449 724 260 4859 406 448 764 50
leaf_count=449 724 260 4859 406 448 764 50
internal_value=-0.000307549 -0.00884087 0.00250583 0.0184307 -0.0034677 0.00546268 -0.0249973
internal_weight=7960 1971 5989 1130 1711 1212 499
internal_count=7960 1971 5989 1130 1711 1212 499
is_linear=0
shrinkage=0.02


Tree=691
num_leaves=8
num_cat=2
split_feature=51 3 41 62 17 10 2
split_gain=528.947 885.085 1245.1 1494.38 1173.28 1442.67 1121.01
threshold=11.915000000000001 0 71.350000000000009 1.0000000180025095e-35 7828.9500000000007 55404.000000000007 1
decision_type=2 1 2 2 2 2 1
left_child=1 2 3 6 -5 -6 -1
right_child=-2 -3 -4 4 5 -7 -8
leaf_value=-0.063492629164332196 0.0032318123916729022 0.0010802943940005543 0.041141628243706443 -0.015776771665550769 -0.18416374990905543 -0.031095678038657346 0.0091618732233635265
leaf_weight=116 6231 1180 83 59 64 42 237
leaf_count=116 6231 1180 83 59 64 42 237
internal_value=0.00048369 -0.00911301 -0.0285175 -0.040511 -0.0892853 -0.127647 -0.0167842
internal_weight=8012 1781 601 518 165 106 353
internal_count=8012 1781 601 518 165 106 353
cat_boundaries=0 1 2
cat_threshold=1 132
is_linear=0
shrinkage=0.02


Tree=692
num_leaves=8
num_cat=1
split_feature=7 22 0 22 13 18 56
split_gain=601.081 1353.83 937.477 901.44 703.58 676.22 671.058
threshold=0 10900.950000000003 49.500000000000007 19651.900000000005 355.15000000000003 124794.80000000002 41.57500000000001
decision_type=1 2 2 2 2 2 2
left_child=1 6 3 5 -5 -3 -1
right_child=-2 2 -4 4 -6 -7 -8
leaf_value=0.062414663694068499 0.0015061976730297833 -0.058311153797521477 0.0061731590552637911 0.022422733794559134 -0.073527470319829091 -0.14969910427280095 -0.016707531109844381
leaf_weight=97 7355 163 146 83 42 41 71
leaf_count=97 7355 163 146 83 42 41 71
internal_value=-0.000129411 -0.0184443 -0.0359018 -0.0543863 -0.0114045 -0.0798203 0.0294597
internal_weight=7998 643 475 329 125 204 168
internal_count=7998 643 475 329 125 204 168
cat_boundaries=0 1
cat_threshold=32
is_linear=0
shrinkage=0.02


Tree=693
num_leaves=8
num_cat=0
split_feature=21 21 50 42 40 55 22
split_gain=579.045 714.257 635.02 1460.82 515.094 499.726 845.369
threshold=389926.65000000008 380478.60000000003 3.5000000000000004 43.585000000000008 5.6100000000000003 46.915000000000006 19494.900000000005
decision_type=10 10 2 2 2 2 2
left_child=1 2 4 -4 -1 6 -2
right_child=5 -3 3 -5 -6 -7 -8
leaf_value=-0.048684102671528326 0.035456622209008783 -0.056226362007335551 0.089161302022015068 -0.012204710524266875 -0.0035935415998957195 -0.0044928698016232565 -0.017816492906429723
leaf_weight=98 495 98 91 137 6458 451 153
leaf_count=98 495 98 91 137 6458 451 153
internal_value=-0.00179563 -0.00395011 -0.00315409 0.0292979 -0.00430415 0.0116527 0.0228381
internal_weight=7981 6882 6784 228 6556 1099 648
internal_count=7981 6882 6784 228 6556 1099 648
is_linear=0
shrinkage=0.02


Tree=694
num_leaves=8
num_cat=0
split_feature=53 16 14 42 54 36 64
split_gain=512.705 672.971 683.082 678.729 646.522 564.071 552.39
threshold=38.57500000000001 0.21995000000000003 23.605000000000004 51.300000000000004 68.885000000000005 1.5000000000000002 4.5000000000000009
decision_type=2 2 2 2 2 2 2
left_child=1 -1 -3 5 -2 -4 -6
right_child=4 2 3 -5 6 -7 -8
leaf_value=0.086811841118092453 0.020388855186870395 0.023109836524162364 -0.082843963053325032 0.017816472965005405 -0.0055415235345607616 0.0083683224121729547 0.015125917406613999
leaf_weight=44 466 485 74 102 6266 40 559
leaf_count=44 466 485 74 102 6266 40 559
internal_value=-0.000659229 0.0150878 0.010003 -0.0192839 -0.00227751 -0.0518328 -0.00383893
internal_weight=8036 745 701 216 7291 114 6825
internal_count=8036 745 701 216 7291 114 6825
is_linear=0
shrinkage=0.02


Tree=695
num_leaves=8
num_cat=0
split_feature=9 40 13 21 16 10 67
split_gain=674.004 525.963 531.753 971.228 822.235 1124.53 730.823
threshold=1.5000000000000002 87.625000000000014 300.65000000000003 270894.00000000006 0.53575000000000006 28089.200000000001 19.808642026753144
decision_type=2 2 2 8 2 2 2
left_child=1 2 3 -1 -5 -6 -4
right_child=-2 -3 6 4 5 -7 -8
leaf_value=0.052654482031301145 0.0023688909851725063 0.03201939016851512 -0.015526800279967062 -0.039451112660441406 0.042649495183213343 -0.035436958285366617 -0.070248519283420643
leaf_weight=119 5778 105 1341 211 180 118 101
leaf_count=119 5778 105 1341 211 180 118 101
internal_value=-0.00120443 -0.0106808 -0.0129187 0.00243148 -0.00970823 0.0116548 -0.0195891
internal_weight=7953 2175 2070 628 509 298 1442
internal_count=7953 2175 2070 628 509 298 1442
is_linear=0
shrinkage=0.02


Tree=696
num_leaves=8
num_cat=1
split_feature=56 56 42 2 42 67 14
split_gain=467.196 832.202 594.306 476.98 921.344 862.471 1123.06
threshold=55.295000000000009 58.75500000000001 40.775000000000013 0 14.795000000000002 22.3538148286347 15.055000000000001
decision_type=2 2 2 1 2 2 2
left_child=3 2 -2 4 -1 -6 -7
right_child=1 -3 -4 -5 5 6 -8
leaf_value=-0.060862787016236979 0.1129713362565747 -0.018113482724247353 0.025365659571413339 0.0041341010665814125 -0.0003544479471183393 -0.11343902273103595 -0.0045640437632347595
leaf_weight=114 49 84 82 5444 2099 59 94
leaf_count=114 49 84 82 5444 2099 59 94
internal_value=0.00168902 0.0304326 0.0610828 0.000878783 -0.00659402 -0.00374732 -0.0488097
internal_weight=8025 215 131 7810 2366 2252 153
internal_count=8025 215 131 7810 2366 2252 153
cat_boundaries=0 1
cat_threshold=73
is_linear=0
shrinkage=0.02


Tree=697
num_leaves=8
num_cat=0
split_feature=17 0 17 43 54 17 40
split_gain=451.006 981.619 829.351 718.928 958.934 982.56 939.576
threshold=17461.800000000003 20.500000000000004 12265.250000000002 1.0000000180025095e-35 87.77500000000002 2350.5500000000006 21.175000000000004
decision_type=2 2 2 2 2 2 2
left_child=2 -2 3 4 -1 -6 -7
right_child=1 -3 -4 -5 5 6 -8
leaf_value=-0.032081713542873466 -0.051946831450127719 0.0079618387099582594 -0.021984379840962007 0.0041772048709205461 -0.050037109595592891 -0.06489669903516769 0.027104907780613776
leaf_weight=584 109 2734 878 3177 102 45 406
leaf_count=584 109 2734 878 3177 102 45 406
internal_value=-0.000819605 0.00557779 -0.00432464 -0.000709181 -0.0143212 0.00455432 0.0173142
internal_weight=8035 2843 5192 4314 1137 553 451
internal_count=8035 2843 5192 4314 1137 553 451
is_linear=0
shrinkage=0.02


Tree=698
num_leaves=8
num_cat=0
split_feature=64 42 51 58 57 10 46
split_gain=411.614 958.13 930.062 1293.19 892.22 731.211 826.284
threshold=2.5000000000000004 80.415000000000006 6.0050000000000008 54.915000000000006 47.500000000000007 34093.200000000004 4.5000000000000009
decision_type=2 2 2 2 2 2 2
left_child=1 2 3 4 5 6 -1
right_child=-2 -3 -4 -5 -6 -7 -8
leaf_value=-0.085285048234988656 -0.0015923699790359291 0.059521443018878718 0.010596641833053495 0.074570530017217002 0.015834365501461257 -0.11528946386256689 0.0098221606343257724
leaf_weight=63 5633 133 1872 40 78 66 77
leaf_count=63 5633 133 1872 40 78 66 77
internal_value=0.00133256 0.00839514 0.00517052 -0.025865 -0.0410563 -0.0624622 -0.0344411
internal_weight=7962 2329 2196 324 284 206 140
internal_count=7962 2329 2196 324 284 206 140
is_linear=0
shrinkage=0.02


Tree=699
num_leaves=8
num_cat=1
split_feature=54 67 2 48 20 38 48
split_gain=528.804 1027.18 910.354 807.105 897.094 955.024 927.882
threshold=73.02500000000002 8.6107871708661765 0 9.5000000000000018 816077.55000000016 7267.7500000000009 1.5000000000000002
decision_type=2 2 1 2 8 8 2
left_child=1 3 -3 4 6 -6 -1
right_child=-2 2 -4 -5 5 -7 -8
leaf_value=-0.091382137802739932 -0.0025359785638121792 0.0040628316587248406 0.076009462632101746 -0.043660487762659142 0.069566547510615223 0.004911447044012817 0.0047614250969886781
leaf_weight=55 6995 139 148 132 132 277 120
leaf_count=55 6995 139 148 132 132 277 120
internal_value=-0.000586058 0.012958 0.0445727 6.43663e-05 0.0102341 0.0263663 -0.0271542
internal_weight=7998 1003 287 716 584 409 175
internal_count=7998 1003 287 716 584 409 175
cat_boundaries=0 1
cat_threshold=29
is_linear=0
shrinkage=0.02


Tree=700
num_leaves=8
num_cat=1
split_feature=64 64 41 3 57 13 18
split_gain=610.211 792.532 1176.58 1025.44 980.998 1081.43 1221.8
threshold=1.0000000180025095e-35 2.5000000000000004 81.220000000000013 0 24.305000000000003 380.35000000000008 41919.250000000007
decision_type=2 2 2 1 2 2 2
left_child=-1 2 3 -2 5 6 -5
right_child=1 -3 -4 4 -6 -7 -8
leaf_value=-0.058343453716773255 0.026675958705478921 -0.00079706455699145643 0.080314787346124655 -0.028228426242437887 -0.0099648284153121668 0.10802655748029549 0.071236254800984888
leaf_weight=60 867 5673 95 122 1038 55 76
leaf_count=60 867 5673 95 122 1038 55 76
internal_value=0.00269241 0.00319094 0.0132122 0.0100793 -0.00132205 0.0335919 0.0107642
internal_weight=7986 7926 2253 2158 1291 253 198
internal_count=7986 7926 2253 2158 1291 253 198
cat_boundaries=0 1
cat_threshold=6
is_linear=0
shrinkage=0.02


Tree=701
num_leaves=8
num_cat=0
split_feature=8 64 64 13 17 17 10
split_gain=540.033 420.831 551.137 1247.13 956.039 1443.07 1242.79
threshold=7.370000000000001 1.0000000180025095e-35 2.5000000000000004 434.40000000000003 2956.3500000000004 895.00000000000011 16205.650000000001
decision_type=2 2 2 2 2 2 2
left_child=-1 -2 3 4 5 -3 -6
right_child=1 2 -4 -5 6 -7 -8
leaf_value=0.033020197125682563 -0.054518306404352186 -0.06284573610182162 -0.0038085395713714143 0.073339426861152995 -0.030226874126088436 0.04944418744308833 0.0082962477243188025
leaf_weight=188 53 49 5544 106 447 316 1289
leaf_count=188 53 49 5544 106 447 316 1289
internal_value=-2.8931e-05 -0.000845724 -0.000443811 0.00799792 0.004535 0.0337241 -0.00168133
internal_weight=7992 7804 7751 2207 2101 365 1736
internal_count=7992 7804 7751 2207 2101 365 1736
is_linear=0
shrinkage=0.02


Tree=702
num_leaves=8
num_cat=0
split_feature=56 56 22 12 40 16 50
split_gain=549.445 648.519 524.649 805.222 774.326 558.281 750.272
threshold=55.295000000000009 58.75500000000001 30018.300000000007 22.435000000000006 34.775000000000013 0.53735000000000011 3.5000000000000004
decision_type=2 2 2 2 2 2 2
left_child=2 -2 5 -4 -5 6 -1
right_child=1 -3 3 4 -6 -7 -8
leaf_value=-0.0066151926504664114 0.05787892453393486 -0.014280236010871283 -0.10539321087300778 -0.084616704024374489 0.0055562202628442947 0.006141996099370375 0.036327832374699727
leaf_weight=4439 128 77 41 43 182 2905 164
leaf_count=4439 128 77 41 43 182 2905 164
internal_value=-0.000842818 0.0310806 -0.00170407 -0.0290431 -0.0131417 -0.000716798 -0.00504742
internal_weight=7979 205 7774 266 225 7508 4603
internal_count=7979 205 7774 266 225 7508 4603
is_linear=0
shrinkage=0.02


Tree=703
num_leaves=8
num_cat=1
split_feature=7 12 52 9 12 33 0
split_gain=455.001 864.248 1311.88 1192.54 575.93 846.681 605.173
threshold=0 23.48 36.615000000000002 5.5000000000000009 50.635000000000012 1.5000000000000002 45.500000000000007
decision_type=1 2 2 2 2 2 2
left_child=1 -1 3 -3 5 -4 -6
right_child=-2 2 4 -5 6 -7 -8
leaf_value=-0.061070377088457577 0.0025164394829319142 0.0056109885643510259 -0.099533592930270559 0.13378299283268658 0.034413257241590854 -0.01438252159808245 -0.044289910020764732
leaf_weight=126 7361 80 67 41 104 139 56
leaf_count=126 7361 80 67 41 104 139 56
internal_value=0.00112844 -0.0152188 -0.00316502 0.0526266 -0.0220705 -0.0437796 0.00635976
internal_weight=7974 613 487 121 366 206 160
internal_count=7974 613 487 121 366 206 160
cat_boundaries=0 1
cat_threshold=32
is_linear=0
shrinkage=0.02


Tree=704
num_leaves=8
num_cat=2
split_feature=16 56 5 20 14 0 3
split_gain=446.949 528.971 343.135 865.242 800.139 588.19 560.275
threshold=0.17090000000000002 39.765000000000008 0 1395538.6500000001 15.285000000000002 61.500000000000007 1
decision_type=2 2 1 10 2 2 1
left_child=1 -1 3 4 6 -5 -2
right_child=2 -3 -4 5 -6 -7 -8
leaf_value=-0.0010354522012528918 -0.035853956220203272 -0.091403085564045194 -0.0023818045375087519 -0.01147492766511022 0.022142683889147339 -0.096148440505688396 0.0048343306891885304
leaf_weight=58 164 42 5939 109 1071 43 547
leaf_count=58 164 42 5939 109 1071 43 547
internal_value=-0.00054414 -0.041535 2.54283e-06 0.00728645 0.0112616 -0.0377278 -0.00516894
internal_weight=7973 100 7873 1934 1782 152 711
internal_count=7973 100 7873 1934 1782 152 711
cat_boundaries=0 1 2
cat_threshold=9 2
is_linear=0
shrinkage=0.02


Tree=705
num_leaves=8
num_cat=0
split_feature=13 0 42 41 21 23 23
split_gain=403.4 617.04 996.708 494.263 812.854 547.762 488.74
threshold=463.40000000000003 38.500000000000007 36.865000000000002 15.475000000000003 288168.95000000001 12.050000000000002 7.0500000000000007
decision_type=2 2 2 2 8 2 2
left_child=3 -2 -3 4 -1 6 -6
right_child=1 2 -4 -5 5 -7 -8
leaf_value=0.024014143435091808 -0.03102462705027742 0.12764022418939405 0.011612414260051754 -0.00040215753784753603 -0.019950772417916193 -0.010314186960458755 -0.11013550168524186
leaf_weight=82 47 40 90 7570 40 83 67
leaf_count=82 47 40 90 7570 40 83 67
internal_value=-0.000680283 0.0287566 0.0507184 -0.0013626 -0.0276027 -0.049924 -0.0788173
internal_weight=8019 177 130 7842 272 190 107
internal_count=8019 177 130 7842 272 190 107
is_linear=0
shrinkage=0.02


Tree=706
num_leaves=8
num_cat=1
split_feature=43 65 54 4 53 56 22
split_gain=690.915 837.827 1306.89 1497.84 1804.73 909.533 882.544
threshold=1.0000000180025095e-35 0.58571428571428574 89.735000000000014 0 70.305000000000021 45.975000000000001 22236.600000000002
decision_type=2 2 2 1 2 2 2
left_child=1 2 3 5 -5 -1 -3
right_child=-2 6 -4 4 -6 -7 -8
leaf_value=-0.093343496583638927 0.0027097621284069683 0.010710254844548295 0.0039826862246012517 0.019796211001954878 -0.079471059318318549 0.0051383838969833997 -0.043185616828553333
leaf_weight=231 6027 805 412 228 102 44 138
leaf_count=231 6027 805 412 228 102 44 138
internal_value=-0.000645939 -0.0109454 -0.0234906 -0.042079 -0.0112779 -0.0750941 0.00263688
internal_weight=7987 1960 1017 605 330 275 943
internal_count=7987 1960 1017 605 330 275 943
cat_boundaries=0 1
cat_threshold=10
is_linear=0
shrinkage=0.02


Tree=707
num_leaves=8
num_cat=0
split_feature=50 40 16 53 23 40 56
split_gain=477.739 841.257 563.318 609.836 456.771 441.512 411.98
threshold=3.5000000000000004 37.090000000000011 0.77885000000000015 70.085000000000022 29.750000000000004 52.875000000000007 42.385000000000012
decision_type=2 2 2 2 2 2 2
left_child=2 -2 4 6 -1 -5 -4
right_child=1 -3 3 5 -6 -7 -8
leaf_value=-0.00090962542848061715 0.078542410843074326 0.0026550205594135655 0.027269131210115222 0.037311253536422298 0.039785625434347563 -0.040771178384311497 0.098831513513778821
leaf_weight=7370 83 175 85 48 107 59 53
leaf_count=7370 83 175 85 48 107 59 53
internal_value=0.00158945 0.0280975 0.000686177 0.0302184 -0.000301056 -0.0056416 0.0572479
internal_weight=7980 258 7722 245 7477 107 138
internal_count=7980 258 7722 245 7477 107 138
is_linear=0
shrinkage=0.02


Tree=708
num_leaves=8
num_cat=0
split_feature=9 12 10 49 8 41 44
split_gain=495.276 903.924 709.282 689.268 627.33 652.682 810.172
threshold=8.5000000000000018 71.985000000000014 52559.05000000001 5.5000000000000009 54.410000000000004 16.360000000000003 1.0000000180025095e-35
decision_type=2 2 2 2 2 2 2
left_child=4 3 -3 -2 5 6 -1
right_child=1 2 -4 -5 -6 -7 -8
leaf_value=-0.092525343886193101 -0.063504894047470423 0.076127824294239727 0.0014244620364413344 0.0061707267662926236 -0.027474008905736706 -0.00010002237920137733 -0.0095972792255732183
leaf_weight=63 54 127 83 1522 390 5649 158
leaf_count=63 54 127 83 1522 390 5649 158
internal_value=-0.000425252 0.00884988 0.047322 0.00359008 -0.00307643 -0.00143346 -0.0347614
internal_weight=8046 1786 210 1576 6260 5870 221
internal_count=8046 1786 210 1576 6260 5870 221
is_linear=0
shrinkage=0.02


Tree=709
num_leaves=8
num_cat=0
split_feature=0 10 56 55 0 8 54
split_gain=597.99 730.324 1261.97 658.66 785.578 574.405 543.021
threshold=24.500000000000004 21221.600000000002 35.735000000000007 49.015000000000008 18.500000000000004 6.9350000000000014 76.095000000000013
decision_type=2 2 2 2 2 2 2
left_child=1 2 3 4 -1 -2 -3
right_child=5 6 -4 -5 -6 -7 -8
leaf_value=0.032127399733837915 0.054076955491720251 -0.10035758741696675 0.018336152463949561 -0.093038978006528772 -0.07019638277866222 0.002063524706439869 -0.025812089654436269
leaf_weight=63 81 40 438 64 49 6892 366
leaf_count=63 81 40 438 64 49 6892 366
internal_value=0.00061111 -0.0136537 0.000157164 -0.0443405 -0.013726 0.00270604 -0.034288
internal_weight=7993 1020 614 176 112 6973 406
internal_count=7993 1020 614 176 112 6973 406
is_linear=0
shrinkage=0.02


Tree=710
num_leaves=8
num_cat=0
split_feature=40 64 21 14 31 68 21
split_gain=534.049 700.897 592.925 589.454 1227.19 998.446 669.904
threshold=78.055000000000021 2.5000000000000004 286368.35000000003 34.32500000000001 1.0000000180025095e-35 345965.5500000001 388772.75000000006
decision_type=2 2 10 2 2 2 10
left_child=3 2 -2 -1 5 -5 -7
right_child=1 -3 -4 4 -6 6 -8
leaf_value=-0.0005590638004497804 0.02176892804522668 0.0051946911778924304 0.10715611010248012 -0.006691497451502759 0.0021305976971325437 -0.095920244677645441 -0.016085160112742223
leaf_weight=6452 88 509 50 154 507 149 61
leaf_count=6452 88 509 50 154 507 149 61
internal_value=-0.00110698 0.0162395 0.0553713 -0.0026496 -0.0180439 -0.0457921 -0.0736434
internal_weight=7970 647 138 7323 871 364 210
internal_count=7970 647 138 7323 871 364 210
is_linear=0
shrinkage=0.02


Tree=711
num_leaves=8
num_cat=0
split_feature=30 41 13 8 9 20 32
split_gain=457.757 857.866 779.397 661.766 601.947 614.31 721.692
threshold=1.0000000180025095e-35 72.595000000000013 455.35000000000008 7.6850000000000014 2.5000000000000004 721739.90000000014 1.0000000180025095e-35
decision_type=2 2 2 2 2 10 2
left_child=1 2 3 -1 -2 -6 -7
right_child=4 -3 -4 -5 5 6 -8
leaf_value=0.034903288394017941 -0.0045862763965415429 0.017976163293953278 0.040359272678826476 -0.007358265866865818 0.0070546845656499838 0.058813493104792565 0.0094688734109712458
leaf_weight=148 809 760 144 4835 857 246 229
leaf_count=148 809 760 144 4835 857 246 229
internal_value=0.00109764 -0.00178352 -0.00472725 -0.00606933 0.0090055 0.0172469 0.0353706
internal_weight=8028 5887 5127 4983 2141 1332 475
internal_count=8028 5887 5127 4983 2141 1332 475
is_linear=0
shrinkage=0.02


Tree=712
num_leaves=8
num_cat=1
split_feature=22 2 68 31 9 40 0
split_gain=469.118 875.587 1040.68 766.304 965.642 1037.58 820.204
threshold=11017.200000000003 0 1133805.2500000002 1.0000000180025095e-35 10.500000000000002 66.265000000000015 60.500000000000007
decision_type=2 1 2 2 2 2 2
left_child=1 2 -1 4 5 -3 -5
right_child=-2 3 -4 6 -6 -7 -8
leaf_value=0.033648544040452311 -0.0022469708169528162 -0.060580720001688369 -0.019291516228075973 -0.00020049154407298956 0.040693819265107851 0.018210790647154158 0.062989323644174477
leaf_weight=740 6131 242 182 483 69 89 94
leaf_count=740 6131 242 182 483 69 89 94
internal_value=0.000444438 0.00911685 0.0229036 -0.00413526 -0.0252846 -0.0394394 0.0105466
internal_weight=8030 1899 922 977 400 331 577
internal_count=8030 1899 922 977 400 331 577
cat_boundaries=0 1
cat_threshold=146
is_linear=0
shrinkage=0.02


Tree=713
num_leaves=8
num_cat=0
split_feature=23 53 23 41 8 17 9
split_gain=615.788 846.711 731.413 640.913 619.516 1075.05 954.973
threshold=4.3500000000000005 71.115000000000023 3.8500000000000001 57.680000000000007 54.410000000000004 20595.850000000002 8.5000000000000018
decision_type=2 2 2 2 2 2 2
left_child=1 2 -1 -3 -2 6 -6
right_child=4 3 -4 -5 5 -7 -8
leaf_value=-0.0087980698917638819 0.0006720943867335545 0.082945559076964867 0.046930560179549961 0.004228999856589497 -0.068349089796689383 0.010755819984409772 0.020948268974898383
leaf_weight=369 6817 115 121 64 211 214 59
leaf_count=369 6817 115 121 64 211 214 59
internal_value=0.000800737 0.019092 0.00529853 0.0556808 -0.000887238 -0.0226323 -0.0488099
internal_weight=7970 669 490 179 7301 484 270
internal_count=7970 669 490 179 7301 484 270
is_linear=0
shrinkage=0.02


Tree=714
num_leaves=8
num_cat=0
split_feature=22 23 22 22 55 56 24
split_gain=408.743 715.448 418.997 963.185 739.496 673.921 883.565
threshold=7483.3500000000013 6.9500000000000011 11017.200000000003 12431.850000000002 31.385000000000002 41.57500000000001 1.0000000180025095e-35
decision_type=2 2 2 2 2 2 2
left_child=1 -1 4 -4 -2 6 -6
right_child=2 -3 3 -5 5 -7 -8
leaf_value=-0.065067327538929368 0.066143732362467317 -0.0028593214867182423 -0.020602375565069744 0.0025798729244196389 -0.031106538118854648 -0.009197859553393431 0.026611863118633138
leaf_weight=96 87 278 823 5338 119 573 755
leaf_count=96 87 278 823 5338 119 573 755
internal_value=0.000802721 -0.0194749 0.00180028 -0.000531058 0.0111349 0.00761119 0.0186209
internal_weight=8069 374 7695 6161 1534 1447 874
internal_count=8069 374 7695 6161 1534 1447 874
is_linear=0
shrinkage=0.02


Tree=715
num_leaves=8
num_cat=0
split_feature=23 22 51 22 14 51 20
split_gain=483.832 1038.34 826.703 730.689 626.254 604.481 1158.56
threshold=23.250000000000004 25728.400000000005 33.155000000000008 28048.750000000004 29.030000000000005 16.240000000000006 558013.50000000012
decision_type=2 2 2 2 2 2 10
left_child=3 2 -2 -1 -4 6 -5
right_child=1 -3 4 5 -6 -7 -8
leaf_value=7.0334038486740048e-05 -0.010789800175064613 0.11095048366652595 0.071684711904131934 -0.011923112637902562 -0.017131232086648331 -0.010935104684800353 -0.13782066152376288
leaf_weight=7171 276 40 107 71 42 264 46
leaf_count=7171 276 40 107 71 42 264 46
internal_value=-0.000148028 0.0195412 0.00974787 -0.00137248 0.046906 -0.0281776 -0.0650411
internal_weight=8017 465 425 7552 149 381 117
internal_count=8017 465 425 7552 149 381 117
is_linear=0
shrinkage=0.02


Tree=716
num_leaves=8
num_cat=0
split_feature=16 20 54 41 65 9 52
split_gain=449.468 1169.98 994.037 688.114 816.503 483.838 586.288
threshold=0.74725000000000008 1244246.9000000001 98.575000000000003 42.635000000000012 0.45000000000000007 1.5000000000000002 67.595000000000013
decision_type=2 8 2 2 2 2 2
left_child=5 -2 3 -3 -5 -1 -7
right_child=1 2 -4 4 -6 6 -8
leaf_value=-0.010179912441519608 -0.027798564550725536 0.11361951608657837 -0.017557929803343381 0.1023765135884285 0.0029006543234714028 -0.0016640124250426078 0.014886416192255036
leaf_weight=1926 139 70 80 45 98 4595 1047
leaf_count=1926 139 70 80 45 98 4595 1047
internal_value=-0.000400714 0.0193218 0.0417672 0.0639406 0.0366054 -0.00153854 0.00141775
internal_weight=8000 432 293 213 143 7568 5642
internal_count=8000 432 293 213 143 7568 5642
is_linear=0
shrinkage=0.02


Tree=717
num_leaves=8
num_cat=0
split_feature=16 14 8 22 48 14 48
split_gain=389.329 757.44 857.584 1130.22 745.221 645.149 836.59
threshold=0.32955000000000007 9.3550000000000022 16.895000000000003 16934.600000000002 17.500000000000004 43.180000000000007 7.5000000000000009
decision_type=2 2 2 2 2 2 2
left_child=1 2 -1 -4 -3 -2 -7
right_child=5 4 3 -5 -6 6 -8
leaf_value=0.027224153438376059 0.0024063263085659994 -0.0009570466594600028 -0.12291389611514308 -0.00058771717327612421 -0.068338784839425779 -0.0062700812361522838 -0.074619246130113046
leaf_weight=40 6304 1060 74 49 65 263 94
leaf_count=40 6304 1060 74 49 65 263 94
internal_value=-0.00103168 -0.0110749 -0.0506955 -0.0761089 -0.00513537 0.000917166 -0.0250489
internal_weight=7949 1288 163 123 1125 6661 357
internal_count=7949 1288 163 123 1125 6661 357
is_linear=0
shrinkage=0.02


Tree=718
num_leaves=8
num_cat=0
split_feature=21 42 57 46 15 33 13
split_gain=425.791 568.183 759.742 553.884 500.081 556.346 445.983
threshold=197564.45000000004 52.565000000000005 40.205000000000005 4.5000000000000009 1.0000000180025095e-35 2.5000000000000004 376.25000000000006
decision_type=8 2 2 2 2 2 2
left_child=1 2 -1 -4 5 -3 -2
right_child=6 4 3 -5 -6 -7 -8
leaf_value=0.054089075022537861 -0.005093934781076421 0.058950920276462093 0.030456888108026412 -0.056933563933880244 -0.051564134303480391 -0.013930249657659304 0.0057279976185692699
leaf_weight=218 5258 58 58 49 67 121 2139
leaf_count=218 5258 58 58 49 67 121 2139
internal_value=-0.000674306 0.0158894 0.0330492 -0.0103181 -0.00698773 0.0106451 -0.00196279
internal_weight=7968 571 325 107 246 179 7397
internal_count=7968 571 325 107 246 179 7397
is_linear=0
shrinkage=0.02


Tree=719
num_leaves=8
num_cat=1
split_feature=68 1 20 61 8 9 64
split_gain=732.055 976.345 825.037 1043.07 563.434 1220.38 765.73
threshold=1820341.55 0 1283677.3500000003 1.0000000180025095e-35 53.770000000000003 5.5000000000000009 3.5000000000000004
decision_type=2 1 10 2 2 2 2
left_child=2 -2 4 -4 -1 6 -6
right_child=1 -3 3 -5 5 -7 -8
leaf_value=0.0019210444094563751 0.057762595307248747 -0.0047008511651619317 -0.05589060797260955 0.011693484683668143 -0.071189221477146306 0.01990113374559169 -0.005935589695304987
leaf_weight=6757 196 198 230 147 176 183 121
leaf_count=6757 196 198 230 147 176 183 121
internal_value=0.000299202 0.0267068 -0.00108394 -0.0297301 0.000427835 -0.0203953 -0.0451428
internal_weight=8008 394 7614 377 7237 480 297
internal_count=8008 394 7614 377 7237 480 297
cat_boundaries=0 1
cat_threshold=2
is_linear=0
shrinkage=0.02


Tree=720
num_leaves=8
num_cat=1
split_feature=58 3 12 15 52 55 51
split_gain=511.693 802.37 725.678 696.272 1060.62 595.983 701.869
threshold=33.645000000000003 0 79.110000000000014 3.5000000000000004 40.525000000000013 62.850000000000001 28.665000000000003
decision_type=2 1 2 2 2 2 2
left_child=1 -1 3 -3 -5 -2 -7
right_child=5 2 -4 4 -6 6 -8
leaf_value=-0.046212917384601988 0.003199256334495124 -0.011379916402604306 0.033457394338109431 -0.031112642981755881 0.061067206328524685 -0.094142204235900542 0.010682374437650044
leaf_weight=193 5029 2248 175 76 128 50 46
leaf_count=193 5029 2248 175 76 128 50 46
internal_value=-0.00152894 -0.00836357 -0.00530462 -0.00815512 0.0268029 0.00223626 -0.0458715
internal_weight=7945 2820 2627 2452 204 5125 96
internal_count=7945 2820 2627 2452 204 5125 96
cat_boundaries=0 1
cat_threshold=2
is_linear=0
shrinkage=0.02


Tree=721
num_leaves=8
num_cat=0
split_feature=40 67 17 40 10 10 33
split_gain=470.823 480.673 787.741 1401.93 704.634 910.371 1128.38
threshold=5.6100000000000003 7.0950384568260443 1044.3000000000002 42.615000000000002 23332.100000000002 37616.250000000007 1.5000000000000002
decision_type=2 2 2 2 2 2 2
left_child=-1 2 3 -2 -3 6 -6
right_child=1 4 -4 -5 5 -7 -8
leaf_value=-0.037951947017262379 -0.11559426632794467 0.025794625735266502 -0.00010904230006606316 0.0071845617480157465 0.042583760474667401 0.012025674038062501 -0.03202460087786986
leaf_weight=115 61 722 5197 84 94 1214 453
leaf_count=115 61 722 5197 84 94 1214 453
internal_value=0.00136554 0.00196724 -0.00141332 -0.0465986 0.0092285 0.00238269 -0.0189338
internal_weight=7940 7825 5342 145 2483 1761 547
internal_count=7940 7825 5342 145 2483 1761 547
is_linear=0
shrinkage=0.02


Tree=722
num_leaves=8
num_cat=0
split_feature=33 51 21 51 54 40 22
split_gain=606.924 824.993 942.376 680.287 629.218 575.797 565.73
threshold=1.0000000180025095e-35 22.415000000000003 371772.75000000006 15.285000000000002 77.145000000000024 5.6100000000000003 16679.000000000004
decision_type=2 2 8 2 2 2 2
left_child=1 2 -1 -4 -3 -2 -6
right_child=5 4 3 -5 6 -7 -8
leaf_value=-0.072401206493377682 -0.041466021203413243 0.011341584781805674 -0.0026751169746955937 0.084148079890895774 -0.042333589247588455 0.0021598258848840829 -0.13204456261247396
leaf_weight=46 118 40 108 49 82 7518 45
leaf_count=46 118 40 108 49 82 7518 45
internal_value=0.000239972 -0.0246017 0.00264061 0.0261834 -0.0568307 0.00145898 -0.0779186
internal_weight=8006 370 203 157 167 7636 127
internal_count=8006 370 203 157 167 7636 127
is_linear=0
shrinkage=0.02


Tree=723
num_leaves=8
num_cat=0
split_feature=8 48 47 13 58 40 56
split_gain=458.049 607.468 847.144 637.995 667.073 659.426 586.929
threshold=50.695000000000007 1.0000000180025095e-35 6.5000000000000009 309.45000000000005 29.785000000000004 26.045000000000005 36.475000000000001
decision_type=2 2 2 2 2 2 2
left_child=-1 2 -2 -3 6 -6 -5
right_child=1 3 -4 4 5 -7 -8
leaf_value=0.0023586530112403958 -0.10822842381149532 0.032469650902820904 0.0053009661301678303 -0.030539962247926364 -0.10180190026760101 -0.020069546871379299 0.059482593948200144
leaf_weight=7320 55 126 46 44 41 313 68
leaf_count=7320 55 126 46 44 41 313 68
internal_value=0.00088402 -0.0145975 -0.0587109 -0.00664273 -0.0174506 -0.0308217 0.0243228
internal_weight=8013 693 101 592 466 354 112
internal_count=8013 693 101 592 466 354 112
is_linear=0
shrinkage=0.02


Tree=724
num_leaves=8
num_cat=1
split_feature=16 49 15 16 10 5 12
split_gain=366.741 677.512 399.148 842.637 709.962 1247.3 926.834
threshold=0.17090000000000002 21.500000000000004 1.5000000000000002 0.80045000000000011 12706.300000000001 0 47.695000000000007
decision_type=2 2 2 2 2 1 2
left_child=1 -1 -2 4 6 -6 -4
right_child=2 -3 3 -5 5 -7 -8
leaf_value=0.024583218699528113 0.0016828653225414258 -0.077013336651360814 -0.04346397088856592 0.070681129962790246 -0.023164019128087007 0.025580234579880092 0.0011439748292877562
leaf_weight=40 6276 62 461 46 407 403 310
leaf_count=40 6276 62 461 46 407 403 310
internal_value=-0.00110554 -0.0378846 -0.000607198 -0.00941899 -0.011965 0.00112555 -0.0256364
internal_weight=8005 102 7903 1627 1581 810 771
internal_count=8005 102 7903 1627 1581 810 771
cat_boundaries=0 1
cat_threshold=2
is_linear=0
shrinkage=0.02


Tree=725
num_leaves=8
num_cat=1
split_feature=42 15 42 51 2 40 56
split_gain=407.91 1027.73 1672.1 1320.37 1065.9 1054.27 877.252
threshold=51.300000000000004 2.5000000000000004 49.035000000000004 23.150000000000002 0 28.205000000000002 46.905000000000008
decision_type=2 2 2 2 1 2 2
left_child=1 4 3 -3 -1 -5 -6
right_child=-2 2 -4 5 6 -7 -8
leaf_value=-0.0065330732111623891 -0.0029617130104669575 -0.06755222490678231 0.096965905547142017 -0.059166856195734835 0.022947751802328806 0.024558677946145718 -0.0058652699893787918
leaf_weight=1111 3854 211 40 82 2019 190 532
leaf_count=1111 3854 211 40 82 2019 190 532
internal_value=0.00173107 0.00605107 -0.02005 -0.0306349 0.00980103 -0.00129449 0.0168732
internal_weight=8039 4185 523 483 3662 272 2551
internal_count=8039 4185 523 483 3662 272 2551
cat_boundaries=0 1
cat_threshold=25
is_linear=0
shrinkage=0.02


Tree=726
num_leaves=8
num_cat=1
split_feature=7 58 67 20 55 55 56
split_gain=697.401 675.073 821.781 781.97 588.741 556.581 765.423
threshold=0 56.545000000000009 10.521962598394284 1062797.5000000002 37.205000000000005 55.685000000000009 30.865000000000006
decision_type=1 2 2 10 2 2 2
left_child=1 2 3 4 -1 -2 -7
right_child=5 -3 -4 -5 -6 6 -8
leaf_value=-0.063681269856599665 0.003951080481618666 0.030620041489601135 -0.08686044854146463 -0.082571828722953794 0.0014749202049820053 -0.05716102417188746 -0.0052625832038266322
leaf_weight=60 6431 88 76 60 377 126 870
leaf_count=60 6431 88 76 60 377 126 870
internal_value=2.53596e-05 -0.0194247 -0.0276449 -0.0178148 -0.00809019 0.00179203 -0.0120808
internal_weight=8088 661 573 497 437 7427 996
internal_count=8088 661 573 497 437 7427 996
cat_boundaries=0 1
cat_threshold=32
is_linear=0
shrinkage=0.02


Tree=727
num_leaves=8
num_cat=0
split_feature=15 17 0 16 17 20 0
split_gain=513.236 883.081 907.549 840.544 766.649 721.307 921.86
threshold=1.5000000000000002 5299.5000000000009 22.500000000000004 0.80045000000000011 976.75000000000011 1328843.7000000002 48.500000000000007
decision_type=2 2 2 2 2 10 2
left_child=1 4 -3 5 -1 6 -2
right_child=3 2 -4 -5 -6 -7 -8
leaf_value=-0.039994682883948425 -0.020062027153438858 -0.033743721046252173 0.0010788501261034731 0.075757555709944829 0.020842135532005823 -0.062413726121468366 0.011851626771755823
leaf_weight=84 987 315 4640 40 1282 101 566
leaf_count=84 987 315 4640 40 1282 101 566
internal_value=0.000141715 0.00276282 -0.00116668 -0.00961802 0.0169689 -0.0119048 -0.0084302
internal_weight=8015 6321 4955 1694 1366 1654 1553
internal_count=8015 6321 4955 1694 1366 1654 1553
is_linear=0
shrinkage=0.02


Tree=728
num_leaves=8
num_cat=0
split_feature=38 14 66 48 37 21 30
split_gain=364.391 932.412 940.856 1182.5 726.897 726.597 1035.08
threshold=17351.150000000005 40.695000000000007 0.18750000000000003 3.5000000000000004 0.05970000000000001 410709.40000000008 1.0000000180025095e-35
decision_type=8 2 2 2 2 10 2
left_child=4 5 3 -3 -1 -2 -7
right_child=1 2 -4 -5 -6 6 -8
leaf_value=0.027471176598893688 -0.0027744908587758977 -0.008472748345798916 -0.013148070929750597 -0.15548771198987962 0.0023926577530368393 0.045804690172797757 -0.026952073996151803
leaf_weight=535 3574 40 214 45 3222 280 104
leaf_count=535 3574 40 214 45 3222 280 104
internal_value=0.00145992 -0.00254538 -0.0362996 -0.0906184 0.00599563 4.71001e-05 0.0260066
internal_weight=8014 4257 299 85 3757 3958 384
internal_count=8014 4257 299 85 3757 3958 384
is_linear=0
shrinkage=0.02


Tree=729
num_leaves=8
num_cat=1
split_feature=33 38 53 48 64 42 2
split_gain=682.61 1020.39 833.895 987.17 726.998 647.743 555.476
threshold=1.0000000180025095e-35 8971.0000000000018 65.565000000000012 5.5000000000000009 2.5000000000000004 53.215000000000011 0
decision_type=2 8 2 2 2 2 1
left_child=1 -1 4 5 -3 -4 -2
right_child=6 2 3 -5 -6 -7 -8
leaf_value=-0.10528685972094536 0.011282674201826166 -0.011906829411983491 0.10329348096403025 -0.035933898715554059 -0.096852332262262225 0.0011005194857716561 -0.00081534905728959705
leaf_weight=49 2073 120 54 69 57 43 5561
leaf_count=49 2073 120 54 69 57 43 5561
internal_value=0.00116065 -0.0244097 -0.0115091 0.0203978 -0.0411714 0.0602661 0.00248879
internal_weight=8026 392 343 166 177 97 7634
internal_count=8026 392 343 166 177 97 7634
cat_boundaries=0 1
cat_threshold=160
is_linear=0
shrinkage=0.02


Tree=730
num_leaves=8
num_cat=0
split_feature=32 42 21 40 9 40 42
split_gain=595.55 709.715 851.665 1269.7 961.825 805.167 815.399
threshold=1.0000000180025095e-35 27.305000000000003 213872.75000000003 37.580000000000005 8.5000000000000018 43.830000000000005 24.485000000000003
decision_type=2 2 10 2 2 2 2
left_child=1 2 5 4 -4 6 -1
right_child=-2 -3 3 -5 -6 -7 -8
leaf_value=0.0099754980490445264 -0.007323387496874713 0.0072067627465368404 -0.04136840011880781 -0.1161501377190535 0.035597932097759653 0.078330585443311271 -0.068026261004534641
leaf_weight=281 2866 4306 208 60 89 49 61
leaf_count=281 2866 4306 208 60 89 49 61
internal_value=-4.78237e-05 0.00408113 -0.0138405 -0.0359531 -0.0180969 0.00654826 -0.00471683
internal_weight=7920 5054 748 357 297 391 342
internal_count=7920 5054 748 357 297 391 342
is_linear=0
shrinkage=0.02


Tree=731
num_leaves=8
num_cat=1
split_feature=16 56 7 41 50 8 8
split_gain=421.887 712.114 394.45 745.024 569.843 487.207 458.428
threshold=0.17090000000000002 38.785000000000004 0 30.580000000000002 1.0000000180025095e-35 22.555000000000003 21.195000000000004
decision_type=2 2 1 2 2 2 2
left_child=1 -1 3 5 6 -2 -5
right_child=2 -3 -4 4 -6 -7 -8
leaf_value=0.012825609500933852 -0.016095445132255554 -0.091805377720661885 0.0013377832251705458 -0.015119238169420334 -0.021184125164380441 -0.10809549109293866 0.046380497597915647
leaf_weight=49 45 48 7335 79 346 47 113
leaf_count=49 45 48 7335 79 346 47 113
internal_value=-0.000495708 -0.0409128 2.18599e-05 -0.0149744 -0.00595349 -0.0662447 0.0213344
internal_weight=8062 97 7965 630 538 92 192
internal_count=8062 97 7965 630 538 92 192
cat_boundaries=0 1
cat_threshold=32
is_linear=0
shrinkage=0.02


Tree=732
num_leaves=8
num_cat=0
split_feature=13 16 55 24 38 35 47
split_gain=553.193 974.986 451.083 554.426 983.596 1123.28 801.227
threshold=456.7000000000001 0.40825000000000006 37.865000000000002 1.5000000000000002 19956.500000000004 1.0000000180025095e-35 2.5000000000000004
decision_type=2 2 2 2 8 2 2
left_child=2 -2 3 4 -1 -6 -5
right_child=1 -3 -4 6 5 -7 -8
leaf_value=0.049468923402684072 0.087649419601861539 -0.0022018517400902598 -0.0043710962441860287 -0.055793423414832413 0.016624664759712998 -0.073691072731333615 0.0039961255759000782
leaf_weight=282 72 129 6162 94 285 63 945
leaf_count=282 72 129 6162 94 285 63 945
internal_value=-0.00102303 0.0313299 -0.0018729 0.00733603 0.0220594 -0.000537791 -0.00165443
internal_weight=8032 201 7831 1669 630 348 1039
internal_count=8032 201 7831 1669 630 348 1039
is_linear=0
shrinkage=0.02


Tree=733
num_leaves=8
num_cat=0
split_feature=14 48 51 22 68 47 65
split_gain=784.721 792.117 1036.41 781.932 556.469 938 766.791
threshold=46.365000000000009 7.5000000000000009 35.725000000000001 13761.800000000001 982380.15000000002 1.5000000000000002 0.61250000000000016
decision_type=2 2 2 2 2 2 2
left_child=4 3 -3 -2 -1 6 -6
right_child=1 2 -4 -5 5 -7 -8
leaf_value=0.0051315900553714012 0.029998155363968441 -0.0038789528553994997 -0.13594163551443705 -0.04051576366454053 -0.12321394540825668 -0.0039309353185476457 -0.012164481056147609
leaf_weight=5480 107 43 49 139 44 2022 53
leaf_count=5480 107 43 49 139 44 2022 53
internal_value=0.000432413 -0.0291589 -0.0775983 -0.00985847 0.00176693 -0.0069261 -0.0661081
internal_weight=7937 338 92 246 7599 2119 97
internal_count=7937 338 92 246 7599 2119 97
is_linear=0
shrinkage=0.02


Tree=734
num_leaves=8
num_cat=0
split_feature=9 0 54 60 48 8 38
split_gain=438.153 528.121 470.118 513.969 374.56 735.033 1364.23
threshold=20.500000000000004 72.500000000000014 80.115000000000023 1.0000000180025095e-35 4.5000000000000009 24.545000000000005 4004.2500000000005
decision_type=2 2 2 2 2 2 8
left_child=4 2 -2 -4 5 6 -1
right_child=1 -3 3 -5 -6 -7 -8
leaf_value=0.048087022927535243 0.076569860200772347 -0.024452687002944225 0.043777615240391567 -0.038855721804689852 -0.0050184225941080837 -0.0038716055573646073 0.0048459870291036626
leaf_weight=354 82 61 80 42 3515 2272 1568
leaf_count=354 82 61 80 42 3515 2272 1568
internal_value=0.000670267 0.0257133 0.04094 0.0149203 -0.000206704 0.00382718 0.0129144
internal_weight=7974 265 204 122 7709 4194 1922
internal_count=7974 265 204 122 7709 4194 1922
is_linear=0
shrinkage=0.02


Tree=735
num_leaves=8
num_cat=0
split_feature=17 40 22 17 17 65 0
split_gain=339.782 835.511 1042.19 986.17 1008.28 903.213 1119.4
threshold=5965.8500000000013 36.405000000000008 22833.650000000005 1044.3000000000002 1603.5500000000002 0.61250000000000016 30.500000000000004
decision_type=2 2 2 2 2 2 2
left_child=1 2 3 -1 -5 6 -6
right_child=-2 -3 -4 4 5 -7 -8
leaf_value=-0.097843290069891564 -0.0026949832741160803 0.01321645085289625 0.053873236520988188 0.072451576399803166 0.045031181534995204 0.0081668854670017554 -0.064577596477632018
leaf_weight=57 5410 1818 77 45 41 216 219
leaf_count=57 5410 1818 77 45 41 216 219
internal_value=0.000112207 0.00624634 -0.0130533 -0.0223547 -0.0132443 -0.0220147 -0.0467696
internal_weight=7883 2473 655 578 521 476 260
internal_count=7883 2473 655 578 521 476 260
is_linear=0
shrinkage=0.02


Tree=736
num_leaves=8
num_cat=2
split_feature=7 53 12 22 14 2 51
split_gain=491.205 1096.65 1180.23 888.594 806.075 693.2 932.38
threshold=0 64.805000000000021 50.635000000000012 15032.550000000001 27.385000000000002 1 33.705000000000005
decision_type=1 2 2 2 2 1 2
left_child=1 4 3 -3 5 6 -1
right_child=-2 2 -4 -5 -6 -7 -8
leaf_value=0.014852044849560177 0.0012113944325516553 -0.031682377813698412 0.004116368585941838 -0.13175149918734272 -0.049962920915674086 -0.006868262268714051 0.12843222106928409
leaf_weight=82 7297 72 97 74 83 186 41
leaf_count=82 7297 72 97 74 83 186 41
internal_value=-0.000270577 -0.0169312 -0.0501131 -0.0850855 0.00358376 0.0185334 0.052174
internal_weight=7932 635 243 146 392 309 123
internal_count=7932 635 243 146 392 309 123
cat_boundaries=0 1 2
cat_threshold=32 101
is_linear=0
shrinkage=0.02


Tree=737
num_leaves=8
num_cat=0
split_feature=16 41 22 40 0 17 17
split_gain=584.131 985.122 859.725 588.505 522.683 800.203 501.466
threshold=0.72825000000000006 31.225000000000005 19045.250000000004 62.270000000000003 28.500000000000004 5179.2500000000009 39070.350000000006
decision_type=2 2 2 2 2 2 2
left_child=-1 -2 4 -4 5 -3 -6
right_child=1 2 3 -5 6 -7 -8
leaf_value=-0.0015154276033638879 0.083943317925057756 0.020405470555698552 0.086999773797698521 -0.0052631503089945368 0.037262582173643186 -0.065455581506184482 -0.039933457270912499
leaf_weight=7388 77 69 73 42 124 104 41
leaf_count=7388 77 69 73 42 124 104 41
internal_value=-5.50687e-05 0.0201257 0.00848012 0.0544885 -0.00773971 -0.0315992 0.0174702
internal_weight=7918 530 453 115 338 173 165
internal_count=7918 530 453 115 338 173 165
is_linear=0
shrinkage=0.02


Tree=738
num_leaves=8
num_cat=0
split_feature=23 12 40 40 18 33 38
split_gain=497.286 673.705 921.996 655.693 475.798 1009.12 459.903
threshold=4.1500000000000012 37.515000000000008 58.885000000000012 45.285000000000004 190976.30000000002 2.5000000000000004 16347.400000000003
decision_type=2 2 2 2 2 2 10
left_child=1 2 3 -1 -3 -6 -2
right_child=6 4 -4 -5 5 -7 -8
leaf_value=-0.019092096958396049 0.00052109122122823202 0.016723363226345874 -0.064936110748443757 0.062984998621460467 0.1330381936751879 0.018725083952033244 -0.013492521134086631
leaf_weight=81 6310 248 75 67 47 81 1095
leaf_count=81 6310 248 75 67 47 81 1095
internal_value=-0.000136549 0.0173137 -0.010096 0.0189085 0.0334891 0.0641229 -0.00155885
internal_weight=8004 599 223 148 376 128 7405
internal_count=8004 599 223 148 376 128 7405
is_linear=0
shrinkage=0.02


Tree=739
num_leaves=8
num_cat=0
split_feature=68 68 21 26 16 24 47
split_gain=631.914 671.655 1103.75 834.296 602.882 607.445 545.827
threshold=1820341.55 1637445.2500000002 481233.60000000003 1.0000000180025095e-35 0.56585000000000008 5.5000000000000009 6.5000000000000009
decision_type=2 2 8 2 2 2 2
left_child=1 4 3 -3 -1 6 -6
right_child=-2 2 -4 -5 5 -7 -8
leaf_value=-0.0035646988200047297 0.024966182603404441 -0.041759976432436993 -0.092630190806216497 0.054089896017685532 0.019863503223985134 -0.04679382414399804 0.0006477548096856645
leaf_weight=5042 401 79 78 59 1187 72 1174
leaf_count=5042 401 79 78 59 1187 72 1174
internal_value=0.00064823 -0.000635077 -0.0349972 -0.00032227 0.000380593 0.00854712 0.0103301
internal_weight=8092 7691 216 138 7475 2433 2361
internal_count=8092 7691 216 138 7475 2433 2361
is_linear=0
shrinkage=0.02


Tree=740
num_leaves=8
num_cat=1
split_feature=64 15 54 2 26 66 48
split_gain=405.085 386.431 372.782 778.184 1015.4 623.094 871.002
threshold=1.0000000180025095e-35 6.5000000000000009 73.02500000000002 0 1.0000000180025095e-35 0.31250000000000006 7.5000000000000009
decision_type=2 2 2 1 2 2 2
left_child=-1 2 3 4 -2 6 -5
right_child=1 -3 -4 5 -6 -7 -8
leaf_value=-0.054193111311305657 -0.063450241396868862 -0.045218187767911602 -0.00094763658688443414 0.059437567876331969 0.032808092826441544 0.0055784172860646178 -0.013681412324309351
leaf_weight=50 107 69 6884 253 68 469 85
leaf_count=50 107 69 6884 253 68 469 85
internal_value=-0.00010247 0.000272278 0.000699788 0.0121948 -0.024797 0.0203744 0.0411183
internal_weight=7985 7935 7866 982 175 807 338
internal_count=7985 7935 7866 982 175 807 338
cat_boundaries=0 1
cat_threshold=9
is_linear=0
shrinkage=0.02


Tree=741
num_leaves=8
num_cat=0
split_feature=14 14 47 20 21 20 0
split_gain=434.406 1020.16 826.813 774.313 651.299 643.129 672.47
threshold=11.405000000000003 9.4450000000000021 4.5000000000000009 1002608.5000000001 284278.15000000008 444434.70000000007 56.500000000000007
decision_type=2 2 2 10 10 8 2
left_child=1 2 3 -1 -3 -2 -7
right_child=5 4 -4 -5 -6 6 -8
leaf_value=-0.015701937952116465 -0.026738519746363893 0.041432783563899324 0.0072802780016842251 -0.098453680592878109 -0.00041196465690930681 -0.0040805175367517078 0.012954333750569234
leaf_weight=218 404 454 723 53 220 4827 1142
leaf_count=218 404 454 723 53 220 4827 1142
internal_value=-9.71094e-05 0.00897379 -0.00391572 -0.0333763 0.0278718 -0.0024764 -0.000813264
internal_weight=8041 1668 994 271 674 6373 5969
internal_count=8041 1668 994 271 674 6373 5969
is_linear=0
shrinkage=0.02


Tree=742
num_leaves=8
num_cat=0
split_feature=32 57 23 21 23 22 23
split_gain=540.159 671.21 906.271 798.134 707.927 794.388 690.341
threshold=1.0000000180025095e-35 11.340000000000002 8.5500000000000025 226320.25000000003 11.250000000000002 26308.050000000003 13.65
decision_type=2 2 2 10 2 2 2
left_child=1 2 3 -1 5 -3 -4
right_child=-2 4 6 -5 -6 -7 -8
leaf_value=0.10009581235449502 -0.0060447893580001704 -0.0018074283315248907 -0.019713413239513315 0.012339972429550611 0.010613455744876033 -0.045358108803732783 0.037524957125888596
leaf_weight=96 2888 2259 176 73 2190 176 153
leaf_count=96 2888 2259 176 73 2190 176 153
internal_value=0.000865785 0.00476359 0.0267058 0.0636333 0.00237467 -0.00504174 0.00706831
internal_weight=8011 5123 498 169 4625 2435 329
internal_count=8011 5123 498 169 4625 2435 329
is_linear=0
shrinkage=0.02


Tree=743
num_leaves=8
num_cat=0
split_feature=40 64 21 14 64 0 40
split_gain=418.515 706.73 696.856 514.131 776.985 460.851 520.298
threshold=81.645000000000024 3.5000000000000004 281941.95000000007 34.32500000000001 1.5000000000000002 35.500000000000007 87.625000000000014
decision_type=2 2 10 2 2 2 2
left_child=3 2 5 -1 -5 6 -2
right_child=1 -3 -4 4 -6 -7 -8
leaf_value=0.00026202792601082793 -0.061397691541442687 -0.012062057149035767 0.079086016474578247 -0.08543473682552577 -0.010805508168039947 0.047341564792044023 0.027545335921374235
leaf_weight=6660 46 186 99 55 841 80 50
leaf_count=6660 46 186 99 55 841 80 50
internal_value=-0.000522599 0.017873 0.0379739 -0.00165601 -0.0158352 0.0133025 -0.0160029
internal_weight=8017 461 275 7556 896 176 96
internal_count=8017 461 275 7556 896 176 96
is_linear=0
shrinkage=0.02


Tree=744
num_leaves=8
num_cat=1
split_feature=46 64 66 54 4 48 48
split_gain=522.112 492.391 1198.37 1124.67 1090.46 879.591 994.483
threshold=1.0000000180025095e-35 2.5000000000000004 0.43750000000000006 97.25500000000001 0 6.5000000000000009 1.0000000180025095e-35
decision_type=2 2 2 2 1 2 2
left_child=-1 2 4 -4 -2 6 -6
right_child=1 -3 3 -5 5 -7 -8
leaf_value=-0.042232969474931388 0.025317618621758908 -0.0030533159128978862 0.025990426525933103 0.12725852858541267 -0.033987517359644871 -0.028865942950147938 0.014619679157664109
leaf_weight=113 584 5612 222 51 210 477 772
leaf_count=113 584 5612 222 51 210 477 772
internal_value=-0.000472734 0.00014873 0.00789761 0.0468572 0.00258987 -0.0066901 0.00410555
internal_weight=8041 7928 2316 273 2043 1459 982
internal_count=8041 7928 2316 273 2043 1459 982
cat_boundaries=0 1
cat_threshold=12
is_linear=0
shrinkage=0.02


Tree=745
num_leaves=8
num_cat=0
split_feature=52 67 52 22 15 52 54
split_gain=399.364 1196.64 996.695 659.459 1195.57 463.846 500.051
threshold=15.630000000000001 15.262510433463602 13.260000000000002 15432.1 1.5000000000000002 20.625000000000004 60.395000000000003
decision_type=2 2 2 2 2 2 2
left_child=1 2 3 4 -1 -2 -7
right_child=5 -3 -4 -5 -6 6 -8
leaf_value=0.040784767599482283 0.027637569250627641 0.054374088664333541 -0.10114181624806445 -0.046505733773393454 -0.073988159832358361 0.044676267402340673 -0.00058272372020721813
leaf_weight=128 247 72 64 154 45 94 7147
leaf_count=128 247 72 64 154 45 94 7147
internal_value=-0.000156039 -0.01808 -0.03194 -0.0170766 0.00969082 0.000963563 3.52347e-05
internal_weight=7951 463 391 327 173 7488 7241
internal_count=7951 463 391 327 173 7488 7241
is_linear=0
shrinkage=0.02


Tree=746
num_leaves=8
num_cat=0
split_feature=30 8 13 41 51 17 40
split_gain=567.823 708.898 860.866 712.6 847.199 722.207 1394.9
threshold=1.0000000180025095e-35 8.1600000000000019 322.45000000000005 67.855000000000018 10.785000000000002 1044.3000000000002 46.225000000000001
decision_type=2 2 2 2 2 2 2
left_child=1 2 -1 5 -5 6 -3
right_child=-2 3 -4 4 -6 -7 -8
leaf_value=0.074354546098038557 0.0063443764127327652 -0.11112579132248829 -0.0025648163572738049 0.041997094576119852 -0.0017050756896787788 -0.0091649709868851931 0.02262034617533738
leaf_weight=91 2139 72 147 222 811 4453 50
leaf_count=91 2139 72 147 222 811 4453 50
internal_value=-0.00246276 -0.00568789 0.0277703 -0.0071313 0.00784393 -0.0105175 -0.0575793
internal_weight=7985 5846 238 5608 1033 4575 122
internal_count=7985 5846 238 5608 1033 4575 122
is_linear=0
shrinkage=0.02


Tree=747
num_leaves=8
num_cat=2
split_feature=16 64 38 45 64 2 2
split_gain=637.104 692.709 1402.04 918.422 949.352 1209.69 1006.55
threshold=0.26805000000000007 2.5000000000000004 6389.8000000000002 1.0000000180025095e-35 1.5000000000000002 0 1
decision_type=2 2 10 2 2 1 1
left_child=-1 2 3 4 5 -2 -6
right_child=1 -3 -4 -5 6 -7 -8
leaf_value=-0.019004510951558813 0.02639632957789206 -0.0018611788697003432 0.037749264320415081 -0.022650334338235746 0.049167160262850979 -0.048249756626273489 0.003714624131937334
leaf_weight=618 140 5271 589 441 324 189 479
leaf_count=618 140 5271 589 441 324 189 479
internal_value=0.000423634 0.00205063 0.01157 0.00167879 0.0112148 -0.0172201 0.0228994
internal_weight=8051 7433 2162 1573 1132 329 803
internal_count=8051 7433 2162 1573 1132 329 803
cat_boundaries=0 1 2
cat_threshold=27 168
is_linear=0
shrinkage=0.02


Tree=748
num_leaves=8
num_cat=0
split_feature=30 42 41 12 42 16 16
split_gain=602.2 976.032 771.405 916.549 760.218 752.626 1389.03
threshold=1.0000000180025095e-35 19.215000000000003 67.855000000000018 22.085000000000004 20.205000000000002 0.42885000000000006 0.66865000000000008
decision_type=2 2 2 2 2 2 2
left_child=2 -2 3 5 -5 -1 -7
right_child=1 -3 -4 4 -6 6 -8
leaf_value=-0.053247574500943695 0.054855503294526077 0.0040703008690718646 0.011110392567883565 -0.029151708164545535 -0.0010966029683385924 0.0062452859507874927 -0.077916296213865283
leaf_weight=287 159 1982 1047 427 3660 361 95
leaf_count=287 159 1982 1047 427 3660 361 95
internal_value=-0.00110864 0.00796085 -0.00441663 -0.00779043 -0.00405977 -0.0281473 -0.0119433
internal_weight=8018 2141 5877 4830 4087 743 456
internal_count=8018 2141 5877 4830 4087 743 456
is_linear=0
shrinkage=0.02


Tree=749
num_leaves=8
num_cat=0
split_feature=48 57 54 18 65 36 52
split_gain=433.799 758.183 481.931 778.267 876.087 1253.52 801.782
threshold=19.500000000000004 55.345000000000006 82.855000000000004 187691.65000000002 0.58571428571428574 1.5000000000000002 15.630000000000001
decision_type=2 2 2 2 2 2 2
left_child=2 -2 3 6 5 -5 -1
right_child=1 -3 -4 4 -6 -7 -8
leaf_value=-0.051325359908310143 -0.032105541454788784 0.04868097509579225 -0.0018653323101929511 0.065393775032750179 0.0060904544500485769 -0.0067004799962668985 0.004066950736440568
leaf_weight=106 308 50 4746 309 579 138 1787
leaf_count=106 308 50 4746 309 579 138 1787
internal_value=0.00105747 -0.0203074 0.00206792 0.00845525 0.0224368 0.0433086 0.000838177
internal_weight=8023 358 7665 2919 1026 447 1893
internal_count=8023 358 7665 2919 1026 447 1893
is_linear=0
shrinkage=0.02


Tree=750
num_leaves=8
num_cat=0
split_feature=46 43 53 10 44 23 23
split_gain=537.869 1027.61 1031.45 752.093 998.462 705.712 644.296
threshold=4.5000000000000009 1.0000000180025095e-35 73.225000000000009 55404.000000000007 1.0000000180025095e-35 6.8500000000000005 7.7500000000000009
decision_type=2 2 2 2 2 2 2
left_child=1 6 3 -3 -5 -4 -1
right_child=-2 2 5 4 -6 -7 -8
leaf_value=-0.038225583058774923 -0.0041802876694857979 0.014174430865133482 0.082225205395532686 -0.077102218454348906 -0.0020162028611550404 0.0252703267797585 -0.00081381948331728682
leaf_weight=261 4715 1359 110 79 454 394 599
leaf_count=261 4715 1359 110 79 454 394 599
internal_value=0.000135425 0.00638182 0.0131073 0.00628988 -0.0137584 0.0383866 -0.0123232
internal_weight=7971 3256 2396 1892 533 504 860
internal_count=7971 3256 2396 1892 533 504 860
is_linear=0
shrinkage=0.02


Tree=751
num_leaves=8
num_cat=1
split_feature=51 40 62 2 68 17 23
split_gain=460.809 654.602 797.334 854.958 777.771 753.391 1134.48
threshold=31.735000000000003 72.590000000000018 1.0000000180025095e-35 0 1336377.9000000001 5965.8500000000013 11.950000000000001
decision_type=2 2 2 1 2 2 2
left_child=1 2 4 -4 -1 6 -5
right_child=-2 -3 3 5 -6 -7 -8
leaf_value=-0.0046239633842527824 0.0057780593330731631 0.013951242504838191 0.0076486206427780973 0.02895443178670255 0.03177549938848858 -0.043192136179794664 -0.052100926088250205
leaf_weight=2716 3096 686 315 168 252 612 110
leaf_count=2716 3096 686 315 168 252 612 110
internal_value=-0.000246912 -0.00408783 -0.00706642 -0.0207504 -0.0014852 -0.0305326 -0.0034717
internal_weight=7955 4859 4173 1205 2968 890 278
internal_count=7955 4859 4173 1205 2968 890 278
cat_boundaries=0 1
cat_threshold=192
is_linear=0
shrinkage=0.02


Tree=752
num_leaves=8
num_cat=0
split_feature=23 17 41 47 67 51 51
split_gain=447.697 753.639 550.077 910.648 1140.95 846.294 1335.46
threshold=2.9500000000000006 9990.0000000000018 58.930000000000007 5.5000000000000009 27.614134733146013 9.9350000000000005 7.9250000000000007
decision_type=2 2 2 2 2 2 2
left_child=1 -1 3 -2 5 6 -5
right_child=2 -3 -4 4 -6 -7 -8
leaf_value=-0.014031955409157384 0.0028644363398437653 0.056117622218493902 0.0057090274807247831 -0.020426474664743087 -0.07699740717763251 -0.0054962408297003027 -0.11346732184089518
leaf_weight=106 2570 135 2593 394 105 2026 69
leaf_count=106 2570 135 2593 394 105 2026 69
internal_value=-0.000958694 0.0256054 -0.00179997 -0.00557234 -0.0139205 -0.0111105 -0.0353563
internal_weight=7998 241 7757 5164 2594 2489 463
internal_count=7998 241 7757 5164 2594 2489 463
is_linear=0
shrinkage=0.02


Tree=753
num_leaves=8
num_cat=0
split_feature=14 33 20 38 22 23 22
split_gain=639.123 965.924 642.586 537.133 477.445 657.185 557.913
threshold=43.180000000000007 2.5000000000000004 835878.10000000021 38480.000000000007 6257.7500000000009 8.0500000000000025 10900.950000000003
decision_type=2 2 8 8 2 2 2
left_child=4 2 -2 -4 5 -1 -6
right_child=1 -3 3 -5 6 -7 -8
leaf_value=-0.093554918982234669 -0.12030336533052227 0.0035926188435791936 0.002438450623961056 -0.068826917374841451 0.01132684458018981 -0.0011512473162757345 -0.0018504327694133056
leaf_weight=46 43 236 80 84 1648 78 5772
leaf_count=46 43 236 80 84 1648 78 5772
internal_value=-0.000958533 -0.0241676 -0.0551551 -0.0350197 0.000419456 -0.0377276 0.00108193
internal_weight=7987 443 207 164 7544 124 7420
internal_count=7987 443 207 164 7544 124 7420
is_linear=0
shrinkage=0.02


Tree=754
num_leaves=8
num_cat=0
split_feature=42 47 23 42 53 41 21
split_gain=483.259 663.569 956.034 936.513 826.864 808.008 993.336
threshold=4.6300000000000017 5.5000000000000009 22.650000000000002 34.755000000000003 85.855000000000004 56.715000000000011 156755.40000000002
decision_type=2 2 2 2 2 2 10
left_child=-1 -2 4 -4 5 6 -3
right_child=1 2 3 -5 -6 -7 -8
leaf_value=-0.039683841403686637 0.0058851307335740866 -0.035450625086396195 0.10197072459350932 0.011545565855849919 0.025332376697578388 -0.0014621479565274811 -0.0074819301339797677
leaf_weight=127 3209 883 50 285 266 1932 1195
leaf_count=127 3209 883 50 285 266 1932 1195
internal_value=-0.00173446 -0.00109318 -0.00595082 0.026343 -0.00850866 -0.0107822 -0.0194232
internal_weight=7947 7820 4611 335 4276 4010 2078
internal_count=7947 7820 4611 335 4276 4010 2078
is_linear=0
shrinkage=0.02


Tree=755
num_leaves=8
num_cat=0
split_feature=20 14 42 58 52 22 38
split_gain=378.668 584.39 832.796 979.077 1043.83 722.782 641.707
threshold=1031729.5000000001 23.895000000000003 61.685000000000009 59.280000000000008 45.760000000000012 13074.250000000002 8076.1000000000013
decision_type=10 2 2 2 2 2 8
left_child=-1 2 3 4 -2 -6 -3
right_child=1 6 -4 -5 5 -7 -8
leaf_value=0.0010865007130298179 -0.068769270329287757 0.042990678301473864 0.0092200812311346754 0.040842095420641059 -0.052347005513748011 0.008866769703132894 -0.0097172473937273025
leaf_weight=6658 265 142 284 63 121 196 245
leaf_count=6658 265 142 284 63 121 196 245
internal_value=-0.000853449 -0.0106351 -0.019207 -0.0316984 -0.0398317 -0.0149488 0.00992428
internal_weight=7974 1316 929 645 582 317 387
internal_count=7974 1316 929 645 582 317 387
is_linear=0
shrinkage=0.02


Tree=756
num_leaves=8
num_cat=0
split_feature=16 12 64 40 41 16 10
split_gain=460.178 436.648 647.646 824.094 673.156 426.558 436.76
threshold=0.17090000000000002 79.555000000000021 2.5000000000000004 35.295000000000009 53.115000000000002 0.19185000000000002 66270.400000000009
decision_type=2 2 2 2 2 2 2
left_child=-1 5 3 -3 -4 -2 -7
right_child=1 2 4 -5 -6 6 -8
leaf_value=-0.041928258200486505 0.049183174062575871 -0.016759687602519988 0.027723934115612345 0.084064819600719681 -0.024100634403124047 -0.0038235853266623009 0.008780400640197767
leaf_weight=100 62 45 214 99 180 5988 1342
leaf_count=100 62 45 214 99 180 5988 1342
internal_value=-0.000333175 0.000217443 0.017528 0.0530521 0.00404242 -0.00105344 -0.00151159
internal_weight=8030 7930 538 144 394 7392 7330
internal_count=8030 7930 538 144 394 7392 7330
is_linear=0
shrinkage=0.02


Tree=757
num_leaves=8
num_cat=0
split_feature=21 10 14 8 8 12 10
split_gain=610.121 528.583 594.235 548.72 500.238 708.697 656.145
threshold=408995.65000000008 12980.500000000002 38.300000000000004 13.345000000000001 28.415000000000003 33.425000000000004 47202.600000000013
decision_type=10 2 2 2 2 2 2
left_child=-1 3 4 -2 -3 -6 -7
right_child=1 2 -4 -5 5 6 -8
leaf_value=-0.0029592859904610342 0.026304292005521281 0.042535308242558613 -0.028465946835803464 -0.057150900457531975 0.059198566454666104 -0.037831721311557466 0.022173170919219651
leaf_weight=7086 49 360 86 73 82 132 151
leaf_count=7086 49 360 86 73 82 132 151
internal_value=-0.000954674 0.0142047 0.0200507 -0.0239161 0.0259613 0.00926039 -0.00598587
internal_weight=8019 933 811 122 725 365 283
internal_count=8019 933 811 122 725 365 283
is_linear=0
shrinkage=0.02


Tree=758
num_leaves=8
num_cat=0
split_feature=22 51 40 8 31 33 48
split_gain=462.679 689.722 456.047 475.623 428.191 423.134 1006.67
threshold=7121.0500000000011 29.845000000000002 5.6100000000000003 19.355000000000004 1.0000000180025095e-35 1.0000000180025095e-35 5.5000000000000009
decision_type=2 2 2 2 2 2 2
left_child=1 4 3 -2 -1 6 -4
right_child=2 -3 5 -5 -6 -7 -8
leaf_value=-0.08106719991941562 -0.087817394707513902 0.012835219744287554 0.0083234998462973428 -0.0060979964602284322 -0.017403672356554802 0.0029792190085015016 -0.058894270782669386
leaf_weight=82 41 117 217 77 89 7213 145
leaf_count=82 41 117 217 77 89 7213 145
internal_value=0.000357519 -0.0243102 0.00129619 -0.0369076 -0.0493681 0.00191526 -0.0190363
internal_weight=7981 288 7693 118 171 7575 362
internal_count=7981 288 7693 118 171 7575 362
is_linear=0
shrinkage=0.02


Tree=759
num_leaves=8
num_cat=0
split_feature=64 64 56 42 10 12 12
split_gain=542.229 502.255 844.558 787.821 1020.26 749.779 995.087
threshold=1.0000000180025095e-35 2.5000000000000004 54.935000000000009 79.155000000000015 19632.150000000005 63.305000000000007 30.655000000000005
decision_type=2 2 2 2 2 2 2
left_child=-1 2 3 5 -5 6 -2
right_child=1 -3 -4 4 -6 -7 -8
leaf_value=-0.060304003044178607 0.019823862777935467 -0.0015796763878152889 0.076485007111850675 -0.014471594497801797 0.091438954039623863 0.027832645110750648 -0.013040285436918691
leaf_weight=52 549 5680 68 57 90 417 1096
leaf_count=52 549 5680 68 57 90 417 1096
internal_value=0.00116365 0.00160297 0.00952818 0.00729896 0.0512465 0.00404956 -0.00204541
internal_weight=8009 7957 2277 2209 147 2062 1645
internal_count=8009 7957 2277 2209 147 2062 1645
is_linear=0
shrinkage=0.02


Tree=760
num_leaves=8
num_cat=0
split_feature=57 8 37 42 64 64 17
split_gain=432.541 646.91 717.376 606.004 698.866 632.283 581.991
threshold=33.395000000000003 8.8050000000000015 0.12060000000000001 82.565000000000012 4.5000000000000009 2.5000000000000004 17694.450000000004
decision_type=2 2 2 2 2 2 2
left_child=-1 2 -2 4 6 -5 -3
right_child=1 3 -4 5 -6 -7 -8
leaf_value=0.00463428761922818 0.0084103911288695623 -0.01668005041760702 0.096001883500814442 0.080320781651189763 0.020824419142530356 0.0063427165055421975 0.00034495301042643061
leaf_weight=3683 153 2352 45 54 297 218 1218
leaf_count=3683 153 2352 45 54 297 218 1218
internal_value=-0.000402553 -0.00468027 0.0301918 -0.00638288 -0.00842046 0.0222143 -0.0108792
internal_weight=8020 4337 198 4139 3867 272 3570
internal_count=8020 4337 198 4139 3867 272 3570
is_linear=0
shrinkage=0.02


Tree=761
num_leaves=8
num_cat=1
split_feature=8 5 38 37 44 54 50
split_gain=728.995 964.602 786.002 842.066 818.404 759.732 878.088
threshold=24.545000000000005 0 3562.4000000000005 0.29705000000000004 1.0000000180025095e-35 84.985000000000014 1.0000000180025095e-35
decision_type=2 1 8 2 2 2 2
left_child=1 -1 3 4 -2 6 -3
right_child=2 5 -4 -5 -6 -7 -8
leaf_value=0.030210902909688937 -0.062379459557325941 -0.0098888149291759195 -0.00069203456039956021 -0.044967081168702301 0.014743670668170073 -0.0056069629064888007 0.024865490993704685
leaf_weight=613 64 416 3508 359 267 1771 944
leaf_count=613 64 416 3508 359 267 1771 944
internal_value=0.00117725 0.00758833 -0.00454272 -0.023974 -0.000874715 0.00301214 0.0142375
internal_weight=7942 3744 4198 690 331 3131 1360
internal_count=7942 3744 4198 690 331 3131 1360
cat_boundaries=0 1
cat_threshold=1
is_linear=0
shrinkage=0.02


Tree=762
num_leaves=8
num_cat=0
split_feature=55 51 22 53 33 53 21
split_gain=528.653 750.302 516.125 1062.49 1691.02 866.825 982.299
threshold=65.245000000000019 21.495000000000001 11320.400000000001 65.565000000000012 2.5000000000000004 64.225000000000009 451812.50000000006
decision_type=2 2 2 2 2 2 10
left_child=2 -2 3 -1 -5 -4 -7
right_child=1 -3 5 4 -6 6 -8
leaf_value=-0.0014958129280660049 -0.085033552584008895 0.00135994822672098 0.0049495164690237002 0.059650787610398243 0.0012814575703346839 -0.01434138399344894 0.034256541185701886
leaf_weight=1239 64 96 3366 362 433 2235 175
leaf_count=1239 64 96 3366 362 433 2235 175
internal_value=0.000700773 -0.034727 0.00144832 0.0100992 0.0280664 -0.00160417 -0.0107489
internal_weight=7970 160 7810 2034 795 5776 2410
internal_count=7970 160 7810 2034 795 5776 2410
is_linear=0
shrinkage=0.02


Tree=763
num_leaves=8
num_cat=0
split_feature=53 51 13 46 22 15 22
split_gain=526.171 637.21 558.068 753.762 537.114 495.969 462.035
threshold=87.290000000000006 37.675000000000004 332.65000000000003 5.5000000000000009 17695.650000000005 1.0000000180025095e-35 16100.750000000002
decision_type=2 2 2 2 2 2 2
left_child=6 2 3 -2 5 -4 -1
right_child=1 -3 4 -5 -6 -7 -8
leaf_value=-0.0062518415069922348 0.10681389653369001 -0.025195581448313437 0.018166792262126415 0.01096981552013984 0.056277426091688024 -0.059931603400212412 0.0038124960968863942
leaf_weight=4477 71 90 80 60 65 48 3073
leaf_count=4477 71 90 80 60 65 48 3073
internal_value=-0.000946336 0.02087 0.0338545 0.064933 0.0116526 -0.0122722 -0.00215564
internal_weight=7964 414 324 131 193 128 7550
internal_count=7964 414 324 131 193 128 7550
is_linear=0
shrinkage=0.02


Tree=764
num_leaves=8
num_cat=0
split_feature=52 23 16 38 38 23 23
split_gain=477.216 534.728 875.046 642.473 483.432 476.763 762.91
threshold=1.0000000180025095e-35 2.9500000000000006 0.51215000000000011 16946.700000000004 20666.900000000005 22.850000000000005 18.750000000000004
decision_type=2 2 2 8 8 2 2
left_child=-1 2 3 -2 -4 6 -3
right_child=1 5 4 -5 -6 -7 -8
leaf_value=-0.049449581745266917 0.0077748467054283409 0.00097217192207434957 0.034770913746045982 0.098031129753106225 -0.051951875888695147 0.019164109027631597 -0.022707286845503178
leaf_weight=70 52 6615 41 79 54 498 588
leaf_count=70 52 6615 41 79 54 498 588
internal_value=0.000763967 0.00123827 0.0312211 0.0638072 -0.014657 0.000338685 -0.000975256
internal_weight=7997 7927 226 131 95 7701 7203
internal_count=7997 7927 226 131 95 7701 7203
is_linear=0
shrinkage=0.02


Tree=765
num_leaves=8
num_cat=0
split_feature=49 47 52 42 66 64 42
split_gain=356.195 894.838 381.253 367.508 608.078 510.725 761.814
threshold=83.500000000000014 5.5000000000000009 46.145000000000003 81.935000000000016 0.43750000000000006 4.5000000000000009 57.215000000000011
decision_type=2 2 2 2 2 2 2
left_child=3 -2 -3 5 -5 -1 -7
right_child=1 2 -4 4 -6 6 -8
leaf_value=-0.002914851269595958 0.08024219440786462 0.028484065372210283 -0.047191240941936323 0.029027754411823592 -0.016561726306930983 0.035299780461776155 -0.012252904484300196
leaf_weight=6759 71 47 50 387 163 342 217
leaf_count=6759 71 47 50 387 163 342 217
internal_value=0.000422012 0.0288096 -0.010925 -0.000202041 0.0154892 -0.00139112 0.0168952
internal_weight=8036 168 97 7868 550 7318 559
internal_count=8036 168 97 7868 550 7318 559
is_linear=0
shrinkage=0.02


Tree=766
num_leaves=8
num_cat=0
split_feature=40 66 64 40 45 40 16
split_gain=489.847 570.793 428.153 861.515 572.651 1302.86 1739.55
threshold=87.625000000000014 0.31250000000000006 4.5000000000000009 25.215000000000003 1.0000000180025095e-35 39.685000000000009 0.61795000000000011
decision_type=2 2 2 2 2 2 2
left_child=2 -2 4 -4 -1 6 -6
right_child=1 -3 3 -5 5 -7 -8
leaf_value=0.0025536638335803669 0.054564766616407613 -0.0043343409240469899 0.09026996773702127 0.0065177944756620093 -0.038936621612645606 -0.0012257116563279553 0.024613981409189859
leaf_weight=3350 129 128 49 557 903 2682 209
leaf_count=3350 129 128 49 557 903 2682 209
internal_value=-0.00119074 0.0257069 -0.0020987 0.0139731 -0.00347084 -0.00878667 -0.0269356
internal_weight=8007 257 7750 606 7144 3794 1112
internal_count=8007 257 7750 606 7144 3794 1112
is_linear=0
shrinkage=0.02


Tree=767
num_leaves=8
num_cat=0
split_feature=55 47 52 47 13 17 65
split_gain=531.753 913.638 908.197 772.065 606.945 581.551 635.736
threshold=37.865000000000002 2.5000000000000004 32.835000000000008 4.5000000000000009 366.35000000000008 4801.3000000000011 0.35416666666666669
decision_type=2 2 2 2 2 2 2
left_child=1 2 -1 4 -3 6 -5
right_child=-2 3 -4 5 -6 -7 -8
leaf_value=-0.0994796718040417 -0.0034356365741377943 0.058276369746947339 -0.000672063601946612 0.094638934915556625 0.0045782607451190045 -0.0021737926669368529 0.016448937401654252
leaf_weight=53 6301 232 104 46 132 884 244
leaf_count=53 6301 232 104 46 132 884 244
internal_value=-0.000759856 0.00916795 -0.0360684 0.0138876 0.0391293 0.00592864 0.0302453
internal_weight=7996 1695 157 1538 364 1174 290
internal_count=7996 1695 157 1538 364 1174 290
is_linear=0
shrinkage=0.02


Tree=768
num_leaves=8
num_cat=0
split_feature=57 37 15 57 52 56 42
split_gain=309.359 680.346 771.547 844.542 811.106 898.053 860.804
threshold=18.535000000000004 0.067850000000000008 3.5000000000000004 11.340000000000002 56.720000000000006 36.07500000000001 53.435000000000009
decision_type=2 2 2 2 2 2 2
left_child=1 2 3 4 5 -1 -6
right_child=-2 -3 -4 -5 6 -7 -8
leaf_value=0.057933043656395934 0.0025783835003071126 0.004996337044507612 -0.09626892493051642 -0.037221189139969128 0.096660983589562502 -0.037096212777997489 -0.0034385146828074206
leaf_weight=46 6405 855 46 352 61 179 71
leaf_count=46 6405 855 46 352 61 179 71
internal_value=0.000607704 -0.00721588 -0.0209875 -0.0154633 0.00620768 -0.0168309 0.0446591
internal_weight=8015 1610 755 709 357 225 132
internal_count=8015 1610 755 709 357 225 132
is_linear=0
shrinkage=0.02


Tree=769
num_leaves=8
num_cat=0
split_feature=17 40 6 21 10 40 21
split_gain=521.622 1273.55 484.951 360.118 657.603 863.698 618.554
threshold=976.75000000000011 42.615000000000002 1.0000000180025095e-35 217840.55000000002 34399.100000000013 60.445000000000007 192377.45000000004
decision_type=2 2 2 8 2 2 10
left_child=1 -1 -3 4 5 6 -2
right_child=3 2 -4 -5 -6 -7 -8
leaf_value=-0.095673942617575336 0.025164409422504357 -0.026450140499594536 0.061268945561444507 -0.00018159516887965692 -0.0022303286094161683 -0.014374174927147702 0.088408141699864676
leaf_weight=70 148 50 42 7000 454 104 109
leaf_count=70 148 50 42 7000 454 104 109
internal_value=0.000540646 -0.0344351 0.0146895 0.00128723 0.013827 0.0337757 0.0531629
internal_weight=7977 162 92 7815 815 361 257
internal_count=7977 162 92 7815 815 361 257
is_linear=0
shrinkage=0.02


Tree=770
num_leaves=8
num_cat=0
split_feature=8 58 15 56 56 9 57
split_gain=519.05 936.338 1021.76 574.353 553.142 481.261 1051.07
threshold=8.5850000000000026 50.425000000000004 2.5000000000000004 38.655000000000008 35.345000000000006 17.500000000000004 11.065000000000003
decision_type=2 2 2 2 2 2 2
left_child=1 2 3 4 -1 -2 -7
right_child=5 -3 -4 -5 -6 6 -8
leaf_value=0.063906508635263898 -0.0018244624017905381 -0.032005558078703672 -0.025779997604233881 0.094633255217756548 -0.027718993606774704 -0.069976224471693466 0.031738985708843058
leaf_weight=59 7247 87 65 107 41 41 359
leaf_count=59 7247 87 65 107 41 41 359
internal_value=0.000470333 0.0238043 0.0419107 0.063273 0.026809 -0.000639953 0.020578
internal_weight=8006 359 272 207 100 7647 400
internal_count=8006 359 272 207 100 7647 400
is_linear=0
shrinkage=0.02


Tree=771
num_leaves=8
num_cat=0
split_feature=49 20 52 55 22 42 26
split_gain=515.686 709.698 895.616 699.192 847.788 700.412 566.346
threshold=9.5000000000000018 462099.95000000001 41.510000000000012 56.07500000000001 15432.1 37.290000000000006 1.0000000180025095e-35
decision_type=2 10 2 2 2 2 2
left_child=1 2 -1 4 5 -3 -6
right_child=-2 3 -4 -5 6 -7 -8
leaf_value=0.042441117064158124 0.0012157992229193634 -0.046558706737640829 -0.017251309073759151 -0.097265127897262577 -0.093123087687861358 0.030122839130910368 -0.017182298613978284
leaf_weight=145 7116 67 300 55 79 136 79
leaf_count=145 7116 67 300 55 79 136 79
internal_value=-0.000556783 -0.0151293 0.00245449 -0.0337446 -0.0228704 0.00430333 -0.0568445
internal_weight=7977 861 445 416 361 203 158
internal_count=7977 861 445 416 361 203 158
is_linear=0
shrinkage=0.02


Tree=772
num_leaves=8
num_cat=0
split_feature=16 49 57 42 42 42 48
split_gain=632.266 572.146 938.92 466.432 449.177 978.084 907.222
threshold=0.26345000000000002 30.500000000000004 48.115000000000002 69.845000000000013 40.775000000000013 41.865000000000002 1.5000000000000002
decision_type=2 2 2 2 2 2 2
left_child=1 3 -3 -1 6 -6 -2
right_child=4 2 -4 -5 5 -7 -8
leaf_value=0.0044970389011342446 0.028696700897391722 -0.068612276904175387 0.025223884819927864 -0.060689039814705942 -0.052092167152778097 -0.00056972833796032545 0.0010149817824073838
leaf_weight=312 639 165 54 46 147 4855 1791
leaf_count=312 639 165 54 46 147 4855 1791
internal_value=-0.000278109 -0.020353 -0.045428 -0.00459939 0.00129309 -0.00213439 0.00833823
internal_weight=8009 577 219 358 7432 5002 2430
internal_count=8009 577 219 358 7432 5002 2430
is_linear=0
shrinkage=0.02


Tree=773
num_leaves=8
num_cat=0
split_feature=23 51 42 49 57 58 25
split_gain=484.922 636.533 705.211 808.646 779.196 645.583 542.433
threshold=22.550000000000004 10.290000000000001 31.800000000000001 34.500000000000007 19.395000000000003 40.440000000000005 1.0000000180025095e-35
decision_type=2 2 2 2 2 2 2
left_child=-1 -2 -3 4 -4 6 -6
right_child=1 2 3 -5 5 -7 -8
leaf_value=-0.0011954796167355489 -0.026052670478820802 0.076503712188224396 -0.080380312914543964 0.056396754670364806 0.022638177971045174 0.064082251022585107 -0.060965249057401687
leaf_weight=7486 99 93 42 116 64 56 52
leaf_count=7486 99 93 42 116 64 56 52
internal_value=0.000109162 0.0186528 0.029298 0.0150512 -0.00813627 0.011277 -0.0158098
internal_weight=8008 522 423 330 214 172 116
internal_count=8008 522 423 330 214 172 116
is_linear=0
shrinkage=0.02


Tree=774
num_leaves=8
num_cat=0
split_feature=46 67 22 23 54 30 23
split_gain=465.217 424.984 367.004 830.202 740.657 451.356 878.479
threshold=11.500000000000002 9.6491714204899264 7121.0500000000011 7.9500000000000011 90.975000000000009 1.0000000180025095e-35 32.050000000000004
decision_type=2 2 2 2 2 2 2
left_child=2 -2 3 -1 -5 6 -4
right_child=1 -3 5 4 -6 -7 -8
leaf_value=-0.072057464049979189 -0.041672710629814827 0.023021850470039577 0.00031479660946643625 0.03010433809873753 -0.049537357844722768 0.010656484378152815 -0.088416438826256327
leaf_weight=82 174 49 5442 128 67 2010 40
leaf_count=82 174 49 5442 128 67 2010 40
internal_value=0.000895427 -0.0272642 0.00172073 -0.0206802 0.00218594 0.00256219 -0.000412619
internal_weight=7992 223 7769 277 195 7492 5482
internal_count=7992 223 7769 277 195 7492 5482
is_linear=0
shrinkage=0.02


Tree=775
num_leaves=8
num_cat=1
split_feature=16 56 46 2 22 51 22
split_gain=541.365 840.116 808.452 666.403 878.938 801.428 586.964
threshold=0.27935000000000004 32.305000000000007 1.5000000000000002 0 12900.900000000003 37.82500000000001 19133.350000000002
decision_type=2 2 2 1 2 2 2
left_child=1 -1 -3 5 -5 -4 -6
right_child=-2 2 3 4 6 -7 -8
leaf_value=0.028809759225394822 0.002481654922576273 -0.10144333905325485 -0.018181973765954117 0.0068480522333652719 -0.093084519161232587 0.0574418612129717 -0.020216188390807407
leaf_weight=134 7318 47 168 106 111 78 77
leaf_count=134 7318 47 168 106 111 78 77
internal_value=0.000849013 -0.0156249 -0.0259261 -0.0184829 -0.0378492 0.0062153 -0.0645364
internal_weight=8039 721 587 540 294 246 188
internal_count=8039 721 587 540 294 246 188
cat_boundaries=0 1
cat_threshold=146
is_linear=0
shrinkage=0.02


Tree=776
num_leaves=8
num_cat=0
split_feature=23 22 18 53 22 53 12
split_gain=467.698 800.883 772.752 779.495 494.103 814.815 946.046
threshold=23.250000000000004 23336.750000000004 54435.30000000001 73.225000000000009 11090.500000000002 66.00500000000001 20.355000000000004
decision_type=2 2 2 2 2 2 2
left_child=4 2 3 -2 5 6 -1
right_child=1 -3 -4 -5 -6 -7 -8
leaf_value=-0.04521721851849124 0.0050622112902461505 0.082353321640793953 0.039303851768543778 -0.07765703905801305 -0.0051375260547178248 0.024074956087619528 0.0044017794716843519
leaf_weight=178 178 62 171 56 5713 679 956
leaf_count=178 178 62 171 56 5713 679 956
internal_value=-0.00104142 0.0182722 0.00757752 -0.0159443 -0.00225119 0.00683313 -0.00355105
internal_weight=7993 467 405 234 7526 1813 1134
internal_count=7993 467 405 234 7526 1813 1134
is_linear=0
shrinkage=0.02


Tree=777
num_leaves=8
num_cat=0
split_feature=16 24 23 53 42 38 16
split_gain=381.776 449.193 332.868 480.699 383.793 773.118 592.686
threshold=0.17090000000000002 2.5000000000000004 2.9500000000000006 50.685000000000009 14.090000000000002 13597.550000000001 0.45900000000000002
decision_type=2 2 2 2 2 10 2
left_child=1 -1 3 -2 5 6 -4
right_child=2 -3 4 -5 -6 -7 -8
leaf_value=0.0031181347307782355 -0.02258813852360889 -0.080125513432117615 0.025276577636599542 0.041111394714783221 0.00029404223625244854 -0.073514127295683421 -0.031251026358031016
leaf_weight=51 62 47 135 165 7327 80 153
leaf_count=51 62 47 135 165 7327 80 153
internal_value=-0.000499452 -0.0387564 -2.04272e-06 0.0236014 -0.000713211 -0.0205031 -0.00477454
internal_weight=8020 98 7922 227 7695 368 288
internal_count=8020 98 7922 227 7695 368 288
is_linear=0
shrinkage=0.02


Tree=778
num_leaves=8
num_cat=0
split_feature=50 15 56 9 21 51 21
split_gain=472.946 500.699 639.386 397.927 696.119 950.335 718.714
threshold=3.5000000000000004 1.5000000000000002 40.865000000000002 1.0000000180025095e-35 221421.50000000003 36.290000000000006 261716.55000000002
decision_type=2 2 2 2 8 2 8
left_child=3 2 -2 4 -1 6 -6
right_child=1 -3 -4 -5 5 -7 -8
leaf_value=-0.065245967939328617 0.0073477923066719722 -0.024152304847394265 0.077414266761429235 0.001524444101062833 0.047847832453747588 0.045046557966739904 -0.01958826583650394
leaf_weight=84 110 57 96 6637 64 119 782
leaf_count=84 110 57 96 6637 64 119 782
internal_value=0.000623104 0.0267403 0.0410608 -0.000287378 -0.0117036 -0.00673061 -0.0142356
internal_weight=7949 263 206 7686 1049 965 846
internal_count=7949 263 206 7686 1049 965 846
is_linear=0
shrinkage=0.02


Tree=779
num_leaves=8
num_cat=0
split_feature=45 12 13 14 13 55 14
split_gain=462.775 811.109 815.532 1035.71 1229.86 981.788 1307.97
threshold=1.0000000180025095e-35 31.435000000000006 380.85000000000008 22.115000000000006 332.15000000000003 35.405000000000008 18.785000000000004
decision_type=2 2 2 2 2 2 2
left_child=1 -1 3 5 -5 -3 -7
right_child=-2 2 -4 4 -6 6 -8
leaf_value=0.023015477696676619 -0.002790955757905212 -0.03929362681919131 0.018726341787082365 0.00022793399101266496 -0.056086197879623337 0.0019906534307464565 0.062082991857381392
leaf_weight=915 4523 169 742 320 296 868 169
leaf_count=915 4523 169 742 320 296 868 169
internal_value=0.00142634 0.00690532 0.00112258 -0.00607809 -0.0270658 0.00470949 0.0120348
internal_weight=8002 3479 2564 1822 616 1206 1037
internal_count=8002 3479 2564 1822 616 1206 1037
is_linear=0
shrinkage=0.02


Tree=780
num_leaves=8
num_cat=0
split_feature=55 49 49 21 21 20 37
split_gain=440.93 836.422 673.953 1154.11 589.99 1018.41 670.342
threshold=37.995000000000012 5.5000000000000009 71.500000000000014 347883.25000000006 258628.25000000003 676794.00000000012 0.081650000000000014
decision_type=2 2 2 10 8 8 2
left_child=1 -1 -2 -4 5 -3 -7
right_child=2 4 3 -5 -6 6 -8
leaf_value=-0.070787640343297195 -0.0024195303088797131 -0.07678569894761611 -0.057803853280698335 0.037246940025816792 0.015992441825016503 -0.027913027459578795 0.032373714992776512
leaf_weight=48 5986 73 202 64 1346 132 155
leaf_count=48 5986 73 202 64 1346 132 155
internal_value=-0.00133196 0.0075159 -0.00381825 -0.0346692 0.00991947 -0.0126947 0.00464284
internal_weight=8006 1754 6252 266 1706 360 287
internal_count=8006 1754 6252 266 1706 360 287
is_linear=0
shrinkage=0.02


Tree=781
num_leaves=8
num_cat=0
split_feature=0 41 35 22 52 17 22
split_gain=447.878 971.258 640.907 716.148 901.926 911.434 520.601
threshold=21.500000000000004 26.045000000000005 1.0000000180025095e-35 23919.150000000005 39.335000000000008 1927.8500000000001 15804.550000000001
decision_type=2 2 2 2 2 2 2
left_child=1 -1 3 4 6 -6 -3
right_child=-2 2 -4 -5 5 -7 -8
leaf_value=0.062147419184446336 0.0006680828842002554 -0.043736640521623564 0.026445337030076489 0.026682711519846102 0.048296045602976595 -0.033442781177163122 -0.11970862791818732
leaf_weight=55 7275 98 92 77 61 320 63
leaf_count=55 7275 98 92 77 61 320 63
internal_value=-0.000867606 -0.0153624 -0.0217503 -0.029068 -0.0371598 -0.0198999 -0.0761751
internal_weight=8041 766 711 619 542 381 161
internal_count=8041 766 711 619 542 381 161
is_linear=0
shrinkage=0.02


Tree=782
num_leaves=8
num_cat=0
split_feature=17 42 67 17 52 22 56
split_gain=396.681 1014.2 624.599 537.354 399.445 392.169 883.574
threshold=1044.3000000000002 37.560000000000009 3.1056581001271413 1225.6000000000001 54.035000000000004 10900.950000000003 41.57500000000001
decision_type=2 2 2 2 2 2 2
left_child=1 -1 4 -2 -3 6 -5
right_child=3 2 -4 5 -6 -7 -8
leaf_value=-0.094162741871980524 0.05520220698679195 -0.066937106657028206 0.059091968911886214 0.018222094382715132 0.016221005161603293 -0.003738661690999161 -0.010392747829114642
leaf_weight=60 63 45 45 1086 40 5950 710
leaf_count=60 63 45 45 1086 40 5950 710
internal_value=-0.00147968 -0.0296558 0.0025014 -0.000775594 -0.0290768 -0.00126619 0.00691254
internal_weight=7999 190 130 7809 85 7746 1796
internal_count=7999 190 130 7809 85 7746 1796
is_linear=0
shrinkage=0.02


Tree=783
num_leaves=8
num_cat=0
split_feature=9 42 42 64 64 42 14
split_gain=385.057 598.167 336.172 913.458 434.448 963.807 492.946
threshold=23.500000000000004 31.800000000000001 82.565000000000012 2.5000000000000004 4.5000000000000009 30.335000000000004 7.5550000000000006
decision_type=2 2 2 2 2 2 2
left_child=2 -2 4 -4 6 -6 -1
right_child=1 -3 3 -5 5 -7 -8
leaf_value=-0.02412701211888919 0.08813331835410175 0.0054633849201833496 0.06723407696932554 0.0025441990775628342 0.073741564679269983 0.0041845336870195843 -0.0009049752016607438
leaf_weight=383 46 114 104 441 91 473 6355
leaf_count=383 46 114 104 441 91 473 6355
internal_value=0.000944913 0.0311815 0.000308928 0.0153877 -0.000826266 0.0159568 -0.00224187
internal_weight=8007 160 7847 545 7302 564 6738
internal_count=8007 160 7847 545 7302 564 6738
is_linear=0
shrinkage=0.02


Tree=784
num_leaves=8
num_cat=0
split_feature=66 55 12 23 35 49 67
split_gain=363.466 378.003 855.41 647.293 811.185 543.18 521.567
threshold=0.81250000000000011 55.055000000000007 79.110000000000014 16.450000000000003 1.0000000180025095e-35 61.500000000000007 14.317599912206219
decision_type=2 2 2 2 2 2 2
left_child=1 -1 3 5 -5 6 -3
right_child=-2 2 -4 4 -6 -7 -8
leaf_value=0.0005836862898343162 0.054533829495627829 0.0033021057678032694 0.046056531946125787 -0.065702282070065218 0.023924881230901786 -0.06121599815992846 -0.039881534230575631
leaf_weight=6752 42 674 90 178 49 67 129
leaf_count=6752 42 674 90 178 49 67 129
internal_value=-0.000921449 -0.00124897 -0.0116323 -0.0165527 -0.0462568 -0.00858234 -0.0038391
internal_weight=7981 7939 1187 1097 227 870 803
internal_count=7981 7939 1187 1097 227 870 803
is_linear=0
shrinkage=0.02


Tree=785
num_leaves=8
num_cat=0
split_feature=68 52 10 61 10 42 12
split_gain=330.498 1001.86 1008.85 782.862 1046.02 849.026 1007.42
threshold=1106880.9500000004 72.425000000000026 26608.600000000002 1.0000000180025095e-35 65732.800000000017 29.405000000000005 10.525
decision_type=2 2 2 2 2 2 2
left_child=-1 3 -3 4 5 -2 -7
right_child=1 2 -4 -5 -6 6 -8
leaf_value=0.0022462152150017614 -0.087318557285461104 0.093828909712178374 0.0044878482023776372 0.0027195301084939382 0.012980661977601882 -0.10805757176663194 -0.018046639148030699
leaf_weight=6247 114 65 184 652 203 51 480
leaf_count=6247 114 65 184 652 203 51 480
internal_value=9.39284e-05 -0.007578 0.0291977 -0.0137595 -0.0263714 -0.0387612 -0.0276191
internal_weight=7996 1749 249 1500 848 645 531
internal_count=7996 1749 249 1500 848 645 531
is_linear=0
shrinkage=0.02


Tree=786
num_leaves=8
num_cat=0
split_feature=40 38 8 41 9 38 38
split_gain=390.145 550.438 394.052 812.412 933.686 1016.5 937.241
threshold=5.6100000000000003 4555.6500000000005 24.545000000000005 43.015000000000008 10.500000000000002 4394.0500000000002 17076.750000000004
decision_type=2 10 2 2 2 8 8
left_child=1 -1 3 4 6 -6 -2
right_child=2 -3 -4 -5 5 -7 -8
leaf_value=-0.0011421115137636663 0.050703646802765116 -0.087952856371800101 -0.0033417508591929435 -0.0010289218630294646 0.047124829129378008 -0.040354781445601715 0.010800768224349819
leaf_weight=75 408 43 4203 2437 70 179 556
leaf_count=75 408 43 4203 2437 70 179 556
internal_value=0.000278473 -0.0350659 0.000831535 0.0056351 0.0189728 -0.0153186 0.0278636
internal_weight=7971 118 7853 3650 1213 249 964
internal_count=7971 118 7853 3650 1213 249 964
is_linear=0
shrinkage=0.02


Tree=787
num_leaves=8
num_cat=2
split_feature=5 34 2 55 67 55 14
split_gain=482.784 708.696 717.585 1045.26 922.68 1034.16 752.771
threshold=0 2.5000000000000004 1 40.645000000000003 2.3207028086760015 45.645000000000003 13.965000000000002
decision_type=1 2 1 2 2 2 2
left_child=1 2 -1 -4 5 -5 -6
right_child=-2 -3 3 4 6 -7 -8
leaf_value=0.033980777278883247 -0.0010449516582583787 -0.01319064890169511 -0.057893822932059004 0.060950541667364258 -0.014508702434026277 -0.042195749440363473 0.079251839301565236
leaf_weight=600 6679 333 92 49 47 135 109
leaf_count=600 6679 333 92 49 47 135 109
internal_value=0.00117944 0.011948 0.0201993 0.000108458 0.0164179 -0.0138417 0.0514302
internal_weight=8044 1365 1032 432 340 184 156
internal_count=8044 1365 1032 432 340 184 156
cat_boundaries=0 1 2
cat_threshold=1 166
is_linear=0
shrinkage=0.02


Tree=788
num_leaves=8
num_cat=0
split_feature=49 52 55 33 38 14 22
split_gain=388.251 1538.59 1164.55 680.461 540.586 465.899 392.366
threshold=62.500000000000007 28.745000000000001 41.045000000000009 2.5000000000000004 7131.6000000000013 22.375000000000004 17008.900000000005
decision_type=2 2 2 2 10 2 2
left_child=-1 6 4 5 -3 -4 -2
right_child=1 2 3 -5 -6 -7 -8
leaf_value=0.00063750767865149963 0.089847488340578596 0.036073502254881096 -0.049962440527448748 -0.022225748762101323 -0.041664246681791084 -0.12372756730107699 0.0071633696465028662
leaf_weight=7458 52 111 94 149 47 63 40
leaf_count=7458 52 111 94 149 47 63 40
internal_value=-0.000569043 -0.0166148 -0.0314809 -0.0539631 0.0123803 -0.0824676 0.0561202
internal_weight=8014 556 464 306 158 157 92
internal_count=8014 556 464 306 158 157 92
is_linear=0
shrinkage=0.02


Tree=789
num_leaves=8
num_cat=0
split_feature=16 6 66 22 54 49 55
split_gain=438.635 641.934 715.246 1035.66 699.537 780.984 855.675
threshold=0.60415000000000008 1.5000000000000002 0.43750000000000006 14920.900000000003 84.245000000000019 19.500000000000004 33.735000000000007
decision_type=2 2 2 2 2 2 2
left_child=-1 4 3 -3 -2 -6 -7
right_child=1 2 -4 -5 5 6 -8
leaf_value=-0.0035332007852976887 0.020008711811521501 0.0072289286030358391 -0.0081619118242899236 0.07383995165843614 0.014425949341824484 0.036337935705294554 -0.031325910250589784
leaf_weight=5985 483 185 169 186 355 82 555
leaf_count=5985 483 185 169 186 355 82 555
internal_value=-0.000815819 0.00724418 0.0257922 0.041162 0.000389516 -0.00921541 -0.0224005
internal_weight=8000 2015 540 371 1475 992 637
internal_count=8000 2015 540 371 1475 992 637
is_linear=0
shrinkage=0.02


Tree=790
num_leaves=8
num_cat=0
split_feature=12 68 6 13 38 42 17
split_gain=491.919 1125.52 812.932 827.146 741.507 473.904 437.85
threshold=7.3150000000000004 584609.45000000007 1.5000000000000002 319.55000000000007 1724.7 56.355000000000011 5100.5500000000002
decision_type=2 2 2 2 10 2 2
left_child=1 2 3 -1 -3 -6 -2
right_child=6 4 -4 -5 5 -7 -8
leaf_value=0.033448602252845037 0.0093299497149451991 -0.10415099745121184 0.074943901351813613 -0.076800899977485348 -0.056826691708543847 0.030399873967799876 -0.0014510683345344681
leaf_weight=54 2044 74 53 46 52 40 5691
leaf_count=54 2044 74 53 46 52 40 5691
internal_value=0.000391623 -0.0237521 0.0152112 -0.0185084 -0.0590588 -0.01929 0.00140204
internal_weight=8054 319 153 100 166 92 7735
internal_count=8054 319 153 100 166 92 7735
is_linear=0
shrinkage=0.02


Tree=791
num_leaves=8
num_cat=0
split_feature=32 23 33 23 52 58 38
split_gain=344.071 547.971 540.757 1085.73 514.426 482.892 670.919
threshold=1.0000000180025095e-35 29.750000000000004 1.5000000000000002 12.950000000000001 50.845000000000006 23.405000000000005 13597.550000000001
decision_type=2 2 2 2 2 2 10
left_child=1 -1 3 4 -2 -4 -7
right_child=2 -3 5 -5 -6 6 -8
leaf_value=0.0022268771347127262 -0.11852702506143471 0.054041625062026172 -0.027460533871025539 0.03900420002963232 -0.023189012103099774 0.0049612436366881577 -0.019979223813828169
leaf_weight=5049 53 78 297 41 42 1909 552
leaf_count=5049 53 78 297 41 42 1909 552
internal_value=-4.43377e-05 0.00306705 -0.00555224 -0.0437607 -0.0796445 -0.00359236 -0.000662047
internal_weight=8021 5127 2894 136 95 2758 2461
internal_count=8021 5127 2894 136 95 2758 2461
is_linear=0
shrinkage=0.02


Tree=792
num_leaves=8
num_cat=0
split_feature=44 57 66 57 0 37 54
split_gain=573.391 816 746.531 963.837 996.654 1425.92 973.644
threshold=1.0000000180025095e-35 10.070000000000002 0.56250000000000011 17.405000000000005 41.500000000000007 0.36035 81.245000000000019
decision_type=2 2 2 2 2 2 2
left_child=1 -1 3 -3 -5 6 -6
right_child=-2 2 -4 4 5 -7 -8
leaf_value=0.034536577028079621 0.0011448194903810954 -0.068097700376350143 0.025567103773845651 0.0053240765893089589 0.015108693133685654 -0.093674592138075635 -0.039899326094165681
leaf_weight=132 6422 151 147 527 216 116 306
leaf_count=132 6422 151 147 527 216 116 306
internal_value=-0.00152327 -0.0122359 -0.0165592 -0.0213438 -0.0150187 -0.031733 -0.01721
internal_weight=8017 1595 1463 1316 1165 638 522
internal_count=8017 1595 1463 1316 1165 638 522
is_linear=0
shrinkage=0.02


Tree=793
num_leaves=8
num_cat=0
split_feature=48 42 14 20 14 49 10
split_gain=422.451 415.634 606.538 915.492 732.856 921.069 1012.99
threshold=18.500000000000004 50.485000000000007 8.7450000000000028 972840.30000000016 11.625000000000002 32.500000000000007 12706.300000000001
decision_type=2 2 2 10 2 2 2
left_child=1 2 3 -1 -4 -6 -7
right_child=-2 -3 4 -5 5 6 -8
leaf_value=-0.0038157425148860565 -0.019761167899926105 -0.0035172902448448139 0.031571810334489532 -0.085897048449877542 0.012936130784879962 -0.055399945174862519 -0.0017370425140822137
leaf_weight=311 396 3663 470 61 1961 162 896
leaf_count=311 396 3663 470 61 1961 162 896
internal_value=0.000241205 0.00130639 0.00588132 -0.018236 0.00847515 0.00483319 -0.0101758
internal_weight=7920 7524 3861 372 3489 3019 1058
internal_count=7920 7524 3861 372 3489 3019 1058
is_linear=0
shrinkage=0.02


Tree=794
num_leaves=8
num_cat=1
split_feature=32 22 58 51 7 57 56
split_gain=452.582 712.849 850.847 799.328 846.655 878.721 902.417
threshold=1.0000000180025095e-35 11017.200000000003 33.525000000000013 9.7050000000000018 0 45.425000000000004 33.045000000000009
decision_type=2 2 2 2 1 2 2
left_child=1 2 -1 4 -3 6 -6
right_child=-2 3 -4 -5 5 -7 -8
leaf_value=-0.0051422734872796872 -0.0060155227205775635 -0.067153200876614277 0.02982695894346923 0.0042445165725948112 0.033563516408532536 0.026712295042398648 -0.03658140751556848
leaf_weight=431 2841 106 774 3174 86 190 389
leaf_count=431 2841 106 774 3174 86 190 389
internal_value=0.000386553 0.00392067 0.0173497 -0.000198004 -0.0183962 -0.00904397 -0.0236642
internal_weight=7991 5150 1205 3945 771 665 475
internal_count=7991 5150 1205 3945 771 665 475
cat_boundaries=0 1
cat_threshold=33
is_linear=0
shrinkage=0.02


Tree=795
num_leaves=8
num_cat=0
split_feature=54 67 18 67 20 20 20
split_gain=458.387 1003.29 756.107 680.753 629.785 763.053 927.113
threshold=82.955000000000013 15.537965575665924 509596.55000000005 14.844944542193032 1118314.55 660887.10000000021 765878.00000000012
decision_type=2 2 2 2 10 8 8
left_child=1 -1 -3 -2 5 -5 -7
right_child=3 2 -4 4 -6 6 -8
leaf_value=-0.00033875425172430701 -0.0021909581037760639 0.076107306231680355 0.016480536323478994 0.0084815922650690167 0.019307497776136166 -0.12540246420977066 -0.032822170598581918
leaf_weight=2573 4156 111 335 154 118 44 456
leaf_count=2573 4156 111 335 154 118 44 456
internal_value=-0.00164869 0.00448364 0.0319996 -0.00540623 -0.0225899 -0.0302385 -0.0421302
internal_weight=7947 3019 446 4928 772 654 500
internal_count=7947 3019 446 4928 772 654 500
is_linear=0
shrinkage=0.02


Tree=796
num_leaves=8
num_cat=0
split_feature=52 50 42 55 16 9 23
split_gain=430.924 405.692 606.766 661.457 436.189 583.732 1044.29
threshold=1.0000000180025095e-35 3.5000000000000004 43.585000000000008 46.425000000000004 0.59965000000000013 4.5000000000000009 17.350000000000005
decision_type=2 2 2 2 2 2 2
left_child=-1 4 3 -3 -2 6 -6
right_child=1 2 -4 -5 5 -7 -8
leaf_value=-0.044312767694978154 -0.0027095676160667687 0.10050030324441284 -0.00039166253552121936 0.000618600456082091 0.009109917138738835 0.025061056777931238 -0.035980242068269649
leaf_weight=80 5669 62 154 44 1170 575 244
leaf_count=80 5669 62 154 44 1170 575 244
internal_value=0.000479991 0.000960237 0.0252889 0.0609354 0.000118282 0.00816474 0.00122979
internal_weight=7998 7918 260 106 7658 1989 1414
internal_count=7998 7918 260 106 7658 1989 1414
is_linear=0
shrinkage=0.02


Tree=797
num_leaves=8
num_cat=0
split_feature=40 31 14 33 51 31 51
split_gain=425.03 502.388 454.409 648.122 677.101 806.574 784.541
threshold=87.625000000000014 1.0000000180025095e-35 34.32500000000001 2.5000000000000004 43.100000000000009 1.0000000180025095e-35 18.000000000000004
decision_type=2 2 2 2 2 2 2
left_child=2 -2 -1 4 6 -6 -4
right_child=1 -3 3 -5 5 -7 -8
leaf_value=0.00069604498241461856 0.057867804302799482 0.0021779135164494315 -0.063713408747315403 0.0011712982004742135 -0.12388094971903035 -0.012199741647793695 0.0038648086701177325
leaf_weight=6882 103 163 95 497 56 47 218
leaf_count=6882 103 163 95 497 56 47 218
internal_value=-0.000211176 0.0244119 -0.00106653 -0.0142839 -0.032543 -0.0758437 -0.0173254
internal_weight=8061 266 7795 913 416 103 313
internal_count=8061 266 7795 913 416 103 313
is_linear=0
shrinkage=0.02


Tree=798
num_leaves=8
num_cat=1
split_feature=5 68 8 21 68 21 52
split_gain=827.578 867.04 847.529 1028.92 791.224 774.51 692.798
threshold=0 1820341.55 36.275000000000013 291953.8000000001 1060371.3 217840.55000000002 12.215000000000002
decision_type=1 2 2 8 2 10 2
left_child=2 -2 6 5 -5 -4 -1
right_child=1 -3 3 4 -6 -7 -8
leaf_value=-0.049595496058464049 -0.0059150089905287218 0.027489671704419162 -0.0035968184757691163 0.031408899143852038 -0.049972307922487913 -0.11164138082775377 0.025646934602733706
leaf_weight=47 6303 322 47 169 61 57 972
leaf_count=47 6303 322 47 169 61 57 972
internal_value=-0.00135118 -0.00426548 0.0128189 -0.0145777 0.00922118 -0.0652184 0.0219513
internal_weight=7978 6625 1353 334 230 104 1019
internal_count=7978 6625 1353 334 230 104 1019
cat_boundaries=0 1
cat_threshold=1
is_linear=0
shrinkage=0.02


Tree=799
num_leaves=8
num_cat=0
split_feature=13 41 16 53 13 17 13
split_gain=389.971 492.334 368.028 602.72 575.289 443.226 506.298
threshold=463.40000000000003 36.595000000000006 0.77305000000000013 75.995000000000019 306.45000000000005 4600.7500000000009 354.85000000000008
decision_type=2 2 2 2 2 2 2
left_child=2 -2 -1 4 -4 -6 -7
right_child=1 -3 3 -5 5 6 -8
leaf_value=-0.0009253985014933434 0.087583971186644502 0.0091663295270736564 -0.011825307447518876 -0.026977244717510125 0.11243929293816506 0.081453396940174019 -0.0029419960037096221
leaf_weight=7526 40 116 62 71 41 47 62
leaf_count=7526 40 116 62 71 41 47 62
internal_value=0.00055826 0.031369 -7.69224e-05 0.0221115 0.0387944 0.0594237 0.0354251
internal_weight=7965 156 7809 283 212 150 109
internal_count=7965 156 7809 283 212 150 109
is_linear=0
shrinkage=0.02


Tree=800
num_leaves=8
num_cat=0
split_feature=64 45 9 16 38 68 52
split_gain=347.991 890.034 1081.8 1974.56 1184.23 1097.81 864.151
threshold=2.5000000000000004 1.0000000180025095e-35 4.5000000000000009 0.32955000000000007 22836.900000000005 751915.45000000007 47.225000000000001
decision_type=2 2 2 2 8 2 2
left_child=1 2 -1 4 -4 -5 -7
right_child=-2 -3 3 5 -6 6 -8
leaf_value=0.0024392334581959732 -0.00053533731712138903 -0.011171132444787719 -0.078217335142368491 0.077700535728536066 0.029818611324597625 0.054012309915604108 -0.01939828961461532
leaf_weight=954 5725 648 81 305 73 136 114
leaf_count=954 5725 648 81 305 73 136 114
internal_value=0.00211052 0.00865205 0.0163866 0.0350051 -0.0276782 0.0524902 0.0208131
internal_weight=8036 2311 1663 709 154 555 250
internal_count=8036 2311 1663 709 154 555 250
is_linear=0
shrinkage=0.02


Tree=801
num_leaves=8
num_cat=0
split_feature=49 16 9 67 13 56 13
split_gain=429.246 632.394 714.865 784.889 602.162 639.85 631.776
threshold=9.5000000000000018 0.67115000000000014 3.5000000000000004 8.1966782700151199 317.35000000000008 42.465000000000011 312.15000000000003
decision_type=2 2 2 2 2 2 2
left_child=1 2 -1 -4 5 -2 -7
right_child=4 -3 3 -5 -6 6 -8
leaf_value=-0.040700598539244653 0.018467546494499231 0.031474082023487428 0.017245232970733524 -0.042122630080351463 -0.0018992962424298483 -0.01052747048184577 0.045537053644657134
leaf_weight=340 1446 107 278 125 4928 687 86
leaf_count=340 1446 107 278 125 4928 687 86
internal_value=0.000396638 -0.0129967 -0.0195685 -0.00145966 0.00199749 0.0106364 -0.00403745
internal_weight=7997 850 743 403 7147 2219 773
internal_count=7997 850 743 403 7147 2219 773
is_linear=0
shrinkage=0.02


Tree=802
num_leaves=8
num_cat=1
split_feature=15 5 44 17 40 54 54
split_gain=387.077 833.394 711.17 638.716 724.466 560.621 1100.75
threshold=1.5000000000000002 0 1.0000000180025095e-35 5035.1000000000013 43.535000000000004 72.565000000000012 75.585000000000022
decision_type=2 1 2 2 2 2 2
left_child=-1 2 -2 4 -4 -3 -7
right_child=1 5 3 -5 -6 6 -8
leaf_value=0.0021024262825511271 0.084378819150229295 0.018373980906050084 -0.022012460604310037 -0.027110984763293936 0.080504667041958231 -0.087613883380976962 -0.014426676104605303
leaf_weight=6363 55 172 43 109 64 84 1137
leaf_count=6363 55 172 43 109 64 84 1137
internal_value=-0.00014469 -0.00871804 0.0226234 0.0063691 0.0401627 -0.0149295 -0.0197985
internal_weight=8027 1664 271 216 107 1393 1221
internal_count=8027 1664 271 216 107 1393 1221
cat_boundaries=0 1
cat_threshold=1
is_linear=0
shrinkage=0.02


Tree=803
num_leaves=8
num_cat=0
split_feature=32 64 42 8 38 42 12
split_gain=826.924 912.807 1106.15 812.961 836.552 920.587 783.649
threshold=1.0000000180025095e-35 4.5000000000000009 30.335000000000004 49.745000000000005 3211.5000000000005 40.495000000000012 48.335000000000008
decision_type=2 2 2 2 8 2 2
left_child=3 -2 -3 -1 -5 6 -6
right_child=1 2 -4 4 5 -7 -8
leaf_value=0.0059929096067663779 -0.015795505243662487 0.074052514746000886 0.00031741103757559652 -0.081084720549656999 -0.0039147555102388579 0.013417023693424042 -0.098520205470098973
leaf_weight=4687 2274 90 568 74 72 249 64
leaf_count=4687 2274 90 568 74 72 249 64
internal_value=-0.00133112 -0.00979949 0.0108852 0.00349867 -0.021761 -0.00946514 -0.0503499
internal_weight=8078 2932 658 5146 459 385 136
internal_count=8078 2932 658 5146 459 385 136
is_linear=0
shrinkage=0.02


Tree=804
num_leaves=8
num_cat=0
split_feature=67 58 21 8 58 21 58
split_gain=450.933 527.29 867.735 572.154 473.808 753.025 452.134
threshold=4.6974434707168671 61.175000000000004 272534.50000000006 7.370000000000001 60.120000000000012 204331.30000000002 63.865000000000002
decision_type=2 2 8 2 2 8 2
left_child=4 3 -3 -2 -1 -6 -7
right_child=1 2 -4 -5 5 6 -8
leaf_value=-0.0010150047926549607 0.068509993950525927 -0.024966616690731965 0.053903745891535348 0.0027411862937892417 0.055077855975386947 -0.05483334087610589 -0.013365977568584575
leaf_weight=4508 49 73 202 2662 42 168 280
leaf_count=4508 49 73 202 2662 42 168 280
internal_value=0.000617528 0.0067606 0.0328953 0.00405386 -0.00305567 -0.0216299 -0.0293498
internal_weight=7984 2986 275 2711 4998 490 448
internal_count=7984 2986 275 2711 4998 490 448
is_linear=0
shrinkage=0.02


Tree=805
num_leaves=8
num_cat=0
split_feature=0 17 22 55 17 66 55
split_gain=404.628 810.461 929.658 818.513 787.231 775.377 809.313
threshold=36.500000000000007 17257.700000000004 17403.750000000004 31.385000000000002 12265.250000000002 0.18750000000000003 32.930000000000007
decision_type=2 2 2 2 2 2 2
left_child=-1 2 4 -4 -2 -3 -7
right_child=1 5 3 -5 -6 6 -8
leaf_value=0.0076241108536306817 -0.0097637306793117353 0.044310836648202949 -0.058597404604751456 0.011616525872328427 -0.041065791165575273 0.048040271956277518 -0.0002625992517909012
leaf_weight=2734 1838 209 66 1035 386 147 1591
leaf_count=2734 1838 209 66 1035 386 147 1591
internal_value=0.00138777 -0.00185048 -0.007847 0.00716164 -0.0152765 0.00838398 0.00394895
internal_weight=8006 5272 3325 1101 2224 1947 1738
internal_count=8006 5272 3325 1101 2224 1947 1738
is_linear=0
shrinkage=0.02


Tree=806
num_leaves=8
num_cat=1
split_feature=16 52 31 55 68 52 5
split_gain=570.09 598.927 630.246 700.86 578.549 882.635 780.147
threshold=0.26805000000000007 77.660000000000011 1.0000000180025095e-35 43.225000000000001 1054345.2500000002 63.135000000000012 0
decision_type=2 2 2 2 2 2 1
left_child=1 2 3 -1 -2 6 -6
right_child=4 -3 -4 -5 5 -7 -8
leaf_value=-0.0044531796554501133 0.003239486462395455 0.045674414111014743 -0.0082505214123309335 -0.076973966708119276 -0.0081547604410508075 0.014763122628905407 -0.042573910080553862
leaf_weight=84 5595 47 347 144 958 432 359
leaf_count=84 5595 47 347 144 958 432 359
internal_value=-0.0014627 -0.0197681 -0.0254649 -0.0509247 0.000100066 -0.00992345 -0.0180463
internal_weight=7966 622 575 228 7344 1749 1317
internal_count=7966 622 575 228 7344 1749 1317
cat_boundaries=0 1
cat_threshold=3
is_linear=0
shrinkage=0.02


Tree=807
num_leaves=8
num_cat=0
split_feature=38 42 41 8 64 42 56
split_gain=607.983 933.516 796.802 700.077 1176.08 787.42 874.011
threshold=17351.150000000005 60.885000000000012 81.815000000000012 24.685000000000006 1.5000000000000002 37.085000000000008 35.985000000000007
decision_type=8 2 2 2 2 2 2
left_child=1 3 -2 -1 -5 -6 -7
right_child=2 -3 -4 4 5 6 -8
leaf_value=0.022741081216823441 -0.0083357369084445902 -0.010028959466072495 0.02912330711608235 -0.07803089154831 0.024595768588992276 -0.036995320208551882 0.0077866447357457427
leaf_weight=1193 3987 1160 236 65 539 252 538
leaf_count=1193 3987 1160 236 65 539 252 538
internal_value=-0.00101056 0.00485031 -0.00621039 0.0115286 0.00188584 0.0060723 -0.00664107
internal_weight=7970 3747 4223 2587 1394 1329 790
internal_count=7970 3747 4223 2587 1394 1329 790
is_linear=0
shrinkage=0.02


Tree=808
num_leaves=8
num_cat=1
split_feature=62 4 20 17 68 56 17
split_gain=369.6 1011.33 857.009 868.213 733.963 923.094 876.171
threshold=1.0000000180025095e-35 0 441858.40000000008 13608.050000000001 982380.15000000002 40.775000000000013 43393.55000000001
decision_type=2 1 10 2 2 2 2
left_child=-1 2 3 -2 5 -3 -6
right_child=1 4 -4 -5 6 -7 -8
leaf_value=0.0035185524941407586 0.020855436078354456 0.018869414452999278 0.021264361501910703 -0.087930504376926122 -0.035102738936009049 -0.025206679763820242 0.025147425367363863
leaf_weight=5598 52 426 676 58 753 335 107
leaf_count=5598 52 426 676 58 753 335 107
internal_value=0.000701086 -0.00584525 0.0126469 -0.0378336 -0.0148099 -0.000571219 -0.0275045
internal_weight=8005 2407 786 110 1621 761 860
internal_count=8005 2407 786 110 1621 761 860
cat_boundaries=0 1
cat_threshold=6
is_linear=0
shrinkage=0.02


Tree=809
num_leaves=8
num_cat=1
split_feature=0 11 58 48 57 49 58
split_gain=379.114 712.002 644.886 676.443 556.613 578.824 379.113
threshold=20.500000000000004 0 28.565000000000001 2.5000000000000004 9.4600000000000026 56.500000000000007 31.395000000000003
decision_type=2 9 2 2 2 2 2
left_child=1 2 3 -1 -4 6 -6
right_child=-2 -3 4 -5 5 -7 -8
leaf_value=0.085298112489960401 0.0027069940131623361 -0.081313330052154409 0.043390013575553894 -0.0027009441137313844 -0.071055696862547299 -0.092001278184829879 -0.0096090363940953862
leaf_weight=50 7321 51 48 95 41 42 337
leaf_count=50 7321 51 48 95 41 42 337
internal_value=0.00139173 -0.0130217 -0.00672806 0.0294753 -0.0181379 -0.0255974 -0.0171145
internal_weight=7985 664 613 145 468 420 378
internal_count=7985 664 613 145 468 420 378
cat_boundaries=0 1
cat_threshold=2
is_linear=0
shrinkage=0.02


Tree=810
num_leaves=8
num_cat=1
split_feature=68 22 56 2 53 56 54
split_gain=500.901 631.062 892.503 816.411 711.152 666.237 655.993
threshold=187472.75000000003 10900.950000000003 41.57500000000001 0 57.315000000000005 33.375000000000007 73.02500000000002
decision_type=2 2 2 1 2 2 2
left_child=1 2 -1 4 -3 -6 -5
right_child=-2 3 -4 6 5 -7 -8
leaf_value=0.032248697194955489 0.0020302481425864992 -0.0081695642293460914 -0.026062613194247328 0.038009469933037103 -0.12629358570142227 -0.043544652057726951 -0.012383186898529802
leaf_weight=282 6153 150 161 111 50 171 949
leaf_count=282 6153 150 161 111 50 171 949
internal_value=-0.000728274 -0.00976677 0.0110022 -0.0162122 -0.0411303 -0.064646 -0.00688787
internal_weight=8027 1874 443 1431 371 221 1060
internal_count=8027 1874 443 1431 371 221 1060
cat_boundaries=0 1
cat_threshold=136
is_linear=0
shrinkage=0.02


Tree=811
num_leaves=8
num_cat=0
split_feature=45 23 40 33 41 51 23
split_gain=556.892 697.528 976.572 973.709 724.94 722.603 686.33
threshold=1.0000000180025095e-35 14.250000000000002 42.615000000000002 1.5000000000000002 14.405000000000003 12.735000000000001 4.3500000000000005
decision_type=2 2 2 2 2 2 2
left_child=1 4 -3 -4 -1 6 -6
right_child=-2 2 3 -5 5 -7 -8
leaf_value=-0.054806055050147205 -0.0054263354517713452 0.042597201717438173 0.055014920921152476 -0.0089505635909080047 0.037690308531125385 0.0077145179099594001 -0.027715662824690984
leaf_weight=90 4489 413 112 506 70 1768 460
leaf_count=90 4489 413 112 506 70 1768 460
internal_value=-0.00079705 0.00528005 0.0189852 0.00299038 -0.000664331 0.00157049 -0.0188056
internal_weight=7908 3419 1031 618 2388 2298 530
internal_count=7908 3419 1031 618 2388 2298 530
is_linear=0
shrinkage=0.02


Tree=812
num_leaves=8
num_cat=1
split_feature=8 7 13 38 12 65 8
split_gain=469.771 399.583 774.657 911.528 637.571 594.291 626.102
threshold=6.9350000000000014 0 367.35000000000008 2356.5500000000006 74.465000000000018 0.69047619047619058 28.415000000000003
decision_type=2 1 2 8 2 2 2
left_child=-1 -2 -3 -4 5 6 -5
right_child=1 2 3 4 -6 -7 -8
leaf_value=0.032798127343483044 0.0026816182448867695 0.0002821506045208617 0.030759171504178087 -0.026623415300186647 0.016010085407269094 0.0030519877945383391 -0.066712354303301663
leaf_weight=160 4422 2311 123 512 124 160 228
leaf_count=160 4422 2311 123 512 124 160 228
internal_value=-0.000601459 -0.00129999 -0.00637742 -0.0197936 -0.0259858 -0.0318284 -0.03934
internal_weight=8040 7880 3458 1147 1024 900 740
internal_count=8040 7880 3458 1147 1024 900 740
cat_boundaries=0 1
cat_threshold=3
is_linear=0
shrinkage=0.02


Tree=813
num_leaves=8
num_cat=1
split_feature=0 22 55 54 55 41 1
split_gain=425.099 756.531 610.777 1292.35 844.855 613.946 571.176
threshold=22.500000000000004 11511.000000000002 49.735000000000007 93.095000000000013 45.375000000000007 46.965000000000011 0
decision_type=2 2 2 2 2 2 1
left_child=1 -1 4 -4 5 -3 -7
right_child=-2 2 3 -5 -6 6 -8
leaf_value=0.015681790899375322 -5.3781463765127618e-05 0.015004500366355245 -0.04222288511661363 0.057558521067208428 -0.088648472678995574 -0.0087452297704713848 -0.073845968887836261
leaf_weight=232 7163 109 111 89 102 106 108
leaf_count=232 7163 109 111 89 102 106 108
internal_value=-0.00165065 -0.0149199 -0.0263136 0.00250071 -0.0397446 -0.0231854 -0.0425357
internal_weight=8020 857 625 200 425 323 214
internal_count=8020 857 625 200 425 323 214
cat_boundaries=0 1
cat_threshold=2
is_linear=0
shrinkage=0.02


Tree=814
num_leaves=8
num_cat=1
split_feature=38 66 52 4 67 45 41
split_gain=306.364 719.577 486.47 498.123 621.868 485.551 478.289
threshold=16347.400000000003 1.0000000180025095e-35 17.585000000000004 0 8.0172247932228107 1.0000000180025095e-35 23.250000000000004
decision_type=8 2 2 1 2 2 2
left_child=1 -1 3 5 -5 -2 -4
right_child=2 -3 6 4 -6 -7 -8
leaf_value=-0.058169886300812906 -0.01132379215429811 0.008010898559930469 -0.022025548682917329 -0.024670700715706411 0.060640346718077762 -0.086187589635345646 0.0028271126122795288
leaf_weight=62 63 3575 333 108 44 77 3701
leaf_count=62 63 3575 333 108 44 77 3701
internal_value=0.00253018 0.0068044 -0.001067 -0.0257704 0.00109933 -0.0505639 0.00075084
internal_weight=7963 3637 4326 292 152 140 4034
internal_count=7963 3637 4326 292 152 140 4034
cat_boundaries=0 1
cat_threshold=1
is_linear=0
shrinkage=0.02


Tree=815
num_leaves=8
num_cat=0
split_feature=64 22 68 51 41 22 34
split_gain=422.95 361.292 2017.99 849.577 1349.34 575.539 804.389
threshold=1.0000000180025095e-35 20130.600000000002 1120126.5000000002 19.195000000000004 49.875000000000007 10900.950000000003 1.5000000000000002
decision_type=2 2 2 2 2 2 2
left_child=-1 5 -3 4 -4 -2 -7
right_child=1 2 3 -5 -6 6 -8
leaf_value=-0.052022627113295389 0.0080448304306154385 0.020103104860303769 -0.13936839771457016 -0.011441415381670846 -0.0033032876341524769 -0.015032124460325575 0.0022131462666104334
leaf_weight=56 1820 1353 59 241 54 1915 2476
leaf_count=56 1820 1353 59 241 54 1915 2476
internal_value=0.00043972 0.000843356 0.00897836 -0.0332286 -0.0772413 -0.00139785 -0.00531639
internal_weight=7974 7918 1707 354 113 6211 4391
internal_count=7974 7918 1707 354 113 6211 4391
is_linear=0
shrinkage=0.02


Tree=816
num_leaves=8
num_cat=0
split_feature=44 57 57 41 57 57 53
split_gain=568.167 1920.37 835.254 1004.99 730.135 984.049 879.145
threshold=1.0000000180025095e-35 11.340000000000002 18.265000000000004 54.485000000000007 34.005000000000003 58.535000000000004 63.745000000000012
decision_type=2 2 2 2 2 2 2
left_child=1 -1 3 -3 6 -6 -4
right_child=-2 2 4 -5 5 -7 -8
leaf_value=0.05125315360551657 0.0011638539918249864 -0.099503244099162877 0.032187216206455621 -0.00033913702186610966 -0.034783320112443519 0.020256827348692816 -0.023733605020543905
leaf_weight=167 6428 100 243 67 696 156 201
leaf_count=167 6428 100 243 67 696 156 201
internal_value=-0.00151285 -0.0120399 -0.0194147 -0.0608852 -0.0138574 -0.0246462 0.00688933
internal_weight=8058 1630 1463 167 1296 852 444
internal_count=8058 1630 1463 167 1296 852 444
is_linear=0
shrinkage=0.02


Tree=817
num_leaves=8
num_cat=0
split_feature=21 42 42 22 55 42 58
split_gain=396.08 653.192 740.906 746.106 616.634 723.035 625.854
threshold=349254.65000000008 20.205000000000002 50.725000000000001 9382.1000000000022 33.185000000000009 34.960000000000008 28.695000000000004
decision_type=10 2 2 2 2 2 2
left_child=-1 -2 3 -3 -5 6 -6
right_child=1 2 -4 4 5 -7 -8
leaf_value=-0.001866566847845286 -0.03237777113074275 -0.023615240674770003 -0.00043847357464475841 0.10068183947828682 -0.066089839659869046 0.045822143732679226 0.01762052583614452
leaf_weight=6454 133 93 762 50 42 362 144
leaf_count=6454 133 93 762 50 42 362 144
internal_value=0.000335435 0.00927387 0.0131844 0.0281023 0.0362744 0.0295406 -0.00251709
internal_weight=8040 1586 1453 691 598 548 186
internal_count=8040 1586 1453 691 598 548 186
is_linear=0
shrinkage=0.02


Tree=818
num_leaves=8
num_cat=0
split_feature=0 46 49 57 60 47 53
split_gain=453.609 863.634 734.049 646.952 574.528 545.191 419.925
threshold=68.500000000000014 1.5000000000000002 31.500000000000004 31.485000000000003 1.0000000180025095e-35 4.5000000000000009 64.225000000000009
decision_type=2 2 2 2 2 2 2
left_child=6 -2 3 -3 -4 -5 -1
right_child=1 2 4 5 -6 -7 -8
leaf_value=0.0028202267257758655 -0.060719424366640552 0.083121354301444822 -0.03915534391162101 0.063808845248201809 0.039811339785182288 -0.017220037452687947 -0.0066942432078413829
leaf_weight=4354 43 117 84 53 58 74 3226
leaf_count=4354 43 117 84 53 58 74 3226
internal_value=-9.30421e-05 0.0197928 0.0294236 0.0501258 -0.00664429 0.0177313 -0.00123081
internal_weight=8009 429 386 244 142 127 7580
internal_count=8009 429 386 244 142 127 7580
is_linear=0
shrinkage=0.02


Tree=819
num_leaves=8
num_cat=0
split_feature=33 41 9 8 10 16 38
split_gain=409.068 567.97 392.558 433.788 943.349 1202.79 1022.08
threshold=5.5000000000000009 38.945000000000007 20.500000000000004 36.495000000000012 40145.400000000009 0.24975000000000003 4282.1500000000005
decision_type=2 2 2 2 2 2 8
left_child=2 -2 3 -1 6 -6 -5
right_child=1 -3 -4 4 5 -7 -8
leaf_value=0.00080026379267509663 0.068026357638399773 0.0034465199827971543 0.023554922363844263 -0.064953508937712942 -0.081682622357020312 0.0085670238715043409 -0.013516122368616325
leaf_weight=5643 77 164 244 197 58 943 675
leaf_count=5643 77 164 244 197 58 943 675
internal_value=-0.000348532 0.0250432 -0.00115273 -0.00196997 -0.0102961 0.00295779 -0.0254408
internal_weight=8001 241 7760 7516 1873 1001 872
internal_count=8001 241 7760 7516 1873 1001 872
is_linear=0
shrinkage=0.02


Tree=820
num_leaves=8
num_cat=0
split_feature=17 8 49 40 41 68 56
split_gain=494.538 1181.9 1370.94 756.132 732.388 629.319 702.737
threshold=5236.8000000000002 47.650000000000006 49.500000000000007 63.645000000000003 16.995000000000001 280733.95000000007 41.495000000000012
decision_type=2 2 2 2 2 2 2
left_child=1 2 4 5 -1 -4 -7
right_child=-2 -3 3 -5 -6 6 -8
leaf_value=-0.042688665814595676 -0.0020566903251324513 -0.047428386475649668 -0.080312631570019763 0.031448217181281914 0.022217254011398731 0.025326094881790443 -0.062503931208541891
leaf_weight=68 5790 134 98 67 1695 77 61
leaf_count=68 5790 134 98 67 1695 77 61
internal_value=0.00101133 0.00907214 0.0128424 -0.0261573 0.0196001 -0.0428246 -0.0143253
internal_weight=7990 2200 2066 303 1763 236 138
internal_count=7990 2200 2066 303 1763 236 138
is_linear=0
shrinkage=0.02


Tree=821
num_leaves=8
num_cat=0
split_feature=12 22 57 56 57 62 13
split_gain=488.16 806.55 554.867 961.674 652.103 646.302 563.292
threshold=22.085000000000004 28469.050000000003 47.925000000000004 42.815000000000005 37.985000000000007 1.0000000180025095e-35 300.05000000000007
decision_type=2 2 2 2 2 2 2
left_child=1 2 4 5 -1 -4 -6
right_child=-2 -3 3 -5 6 -7 -8
leaf_value=-0.0097018662979961364 0.003167535542356706 -0.079184739740995255 0.01880796902129821 -0.086845401253464613 0.073131319416257043 -0.056645048215218326 0.0080522145482443148
leaf_weight=620 6828 60 132 81 73 63 172
leaf_count=620 6828 60 132 81 73 63 172
internal_value=0.00109767 -0.0106344 -0.00669988 -0.031117 0.00122508 -0.00637586 0.0285179
internal_weight=8029 1201 1141 276 865 195 245
internal_count=8029 1201 1141 276 865 195 245
is_linear=0
shrinkage=0.02


Tree=822
num_leaves=8
num_cat=0
split_feature=16 48 53 21 55 51 6
split_gain=548.206 855.708 795.385 558.316 790.1 616.882 521.673
threshold=0.79410000000000014 7.5000000000000009 73.845000000000013 216396.85000000003 54.735000000000007 52.375000000000007 1.5000000000000002
decision_type=2 2 2 8 2 2 2
left_child=3 2 -2 4 5 -1 -5
right_child=1 -3 -4 6 -6 -7 -8
leaf_value=0.016539653904220412 0.08912801489089299 -0.030367468387361558 -0.0099069780637236204 -0.0061660029827812421 -0.032461679577827453 0.077116003940372088 0.005348843876732407
leaf_weight=638 98 58 46 4525 115 71 2407
leaf_count=638 98 58 46 4525 115 71 2407
internal_value=0.000543967 0.0326656 0.058221 -0.000313126 0.0151995 0.0231034 -0.00216673
internal_weight=7958 202 144 7756 824 709 6932
internal_count=7958 202 144 7756 824 709 6932
is_linear=0
shrinkage=0.02


Tree=823
num_leaves=8
num_cat=1
split_feature=15 64 0 5 53 54 8
split_gain=427.646 253.89 314.235 269.172 549.616 618.458 522.697
threshold=6.5000000000000009 1.0000000180025095e-35 83.500000000000014 0 81.715000000000018 92.875000000000014 24.545000000000005
decision_type=2 2 2 1 2 2 2
left_child=1 -1 3 4 -3 6 -6
right_child=-2 2 -4 -5 5 -7 -8
leaf_value=-0.041255738501037864 -0.048120613786536204 0.014237569318574728 -0.044903870317442661 0.00014592242941639726 0.048793679718352606 -0.089052847027778631 -0.045044158863973741
leaf_weight=51 66 1201 53 6543 43 40 42
leaf_count=51 66 1201 53 6543 43 40 42
internal_value=0.000747613 0.00118205 0.0014811 0.00182183 0.00998371 -0.0290951 0.00250024
internal_weight=8039 7973 7922 7869 1326 125 85
internal_count=8039 7973 7922 7869 1326 125 85
cat_boundaries=0 1
cat_threshold=1
is_linear=0
shrinkage=0.02


Tree=824
num_leaves=8
num_cat=1
split_feature=68 20 1 24 54 48 53
split_gain=465.906 650.09 545.75 516.953 544.729 433.52 486.252
threshold=1820341.55 1625303.1500000001 0 1.5000000000000002 84.875000000000014 18.500000000000004 48.57500000000001
decision_type=2 10 1 2 2 2 2
left_child=1 5 3 -2 -5 -1 -7
right_child=2 -3 -4 4 -6 6 -8
leaf_value=-0.00044234535458152611 0.090653431420214481 -0.068738438955162948 -0.0031189126575865396 -0.01833690419390395 0.059569902945782099 0.016098801292402227 -0.03645305792193998
leaf_weight=7172 59 53 200 69 66 92 265
leaf_count=7172 59 53 200 69 66 92 265
internal_value=-0.000928118 -0.00203536 0.0201378 0.0435897 0.0205181 -0.0015205 -0.022875
internal_weight=7976 7582 394 194 135 7529 357
internal_count=7976 7582 394 194 135 7529 357
cat_boundaries=0 1
cat_threshold=2
is_linear=0
shrinkage=0.02


Tree=825
num_leaves=8
num_cat=1
split_feature=68 2 54 8 12 8 16
split_gain=398.16 601.948 605.772 626.5 436.645 398.003 393.536
threshold=1820341.55 0 95.235000000000014 24.545000000000005 41.475000000000001 32.025000000000013 0.17090000000000002
decision_type=2 1 2 2 2 2 2
left_child=6 4 3 -3 -2 -5 -1
right_child=1 2 -4 5 -6 -7 -8
leaf_value=-0.042069685058866407 0.0070351037569344049 0.025210536027256893 0.060746448853036816 -0.084000955785022063 0.087477911513347134 -0.013000429826689528 -0.00089276894702251244
leaf_weight=89 43 101 52 46 72 89 7559
leaf_count=89 43 101 52 46 72 89 7559
internal_value=-0.000373038 0.0188781 0.00207517 -0.0117584 0.0544114 -0.0393292 -0.00139912
internal_weight=8051 403 288 236 115 135 7648
internal_count=8051 403 288 236 115 135 7648
cat_boundaries=0 1
cat_threshold=136
is_linear=0
shrinkage=0.02


Tree=826
num_leaves=8
num_cat=1
split_feature=31 34 17 23 5 17 14
split_gain=300.578 754.018 614.726 1541.47 891.707 1166.58 887.64
threshold=1.0000000180025095e-35 3.5000000000000004 4223.1000000000013 12.050000000000002 0 2468.3500000000004 41.290000000000013
decision_type=2 2 2 2 1 2 2
left_child=1 2 3 4 -1 -6 -4
right_child=-2 -3 6 -5 5 -7 -8
leaf_value=-0.037326200184435832 0.0036509695504750323 0.04682504339160265 -0.0077140319875148031 0.042239178704793552 -0.028976204765734273 0.0650186161895593 -0.05634192577939226
leaf_weight=262 4670 107 2280 327 102 100 156
leaf_count=262 4670 107 2280 327 102 100 156
internal_value=0.000377778 -0.00420565 -0.00596753 0.00930974 -0.0140999 0.0171728 -0.0109372
internal_weight=8004 3334 3227 791 464 202 2436
internal_count=8004 3334 3227 791 464 202 2436
cat_boundaries=0 1
cat_threshold=10
is_linear=0
shrinkage=0.02


Tree=827
num_leaves=8
num_cat=0
split_feature=16 49 20 67 54 67 67
split_gain=357.927 709.819 321.098 505.872 843.212 1059.36 1005.22
threshold=0.17090000000000002 24.500000000000004 619445.35000000009 3.7978289395412328 80.00500000000001 17.389037012401136 23.887008173568699
decision_type=2 2 8 2 2 2 2
left_child=1 -1 -2 -4 5 -5 -6
right_child=2 -3 3 4 6 -7 -8
leaf_value=0.024786009451617366 -0.0085037647074902908 -0.08045103140786046 -0.0018823460315641985 0.011149644147658693 0.0083872966421937676 0.0615448754810351 -0.03232700271699513
leaf_weight=41 1250 56 4043 547 1505 237 284
leaf_count=41 1250 56 4043 547 1505 237 284
internal_value=0.000290093 -0.0369349 0.000772305 0.00252999 0.00945337 0.0266774 0.0018519
internal_weight=7963 97 7866 6616 2573 784 1789
internal_count=7963 97 7866 6616 2573 784 1789
is_linear=0
shrinkage=0.02


Tree=828
num_leaves=8
num_cat=1
split_feature=8 17 53 16 2 42 13
split_gain=516.881 966.68 1336.13 808.656 817.792 944.582 819.055
threshold=24.545000000000005 2468.3500000000004 69.095000000000013 0.39065000000000005 0 55.705000000000005 353.85000000000008
decision_type=2 2 2 2 1 2 2
left_child=-1 2 -2 4 -3 6 -6
right_child=1 3 -4 -5 5 -7 -8
leaf_value=0.0061839306513163592 -0.063571573169173112 -0.00076381089213685709 0.022508875625991378 0.0041256135398607561 -0.024371224461474279 -0.00039368646208606014 -0.095290174260463587
leaf_weight=3719 225 588 102 2913 133 168 132
leaf_count=3719 225 588 102 2913 133 168 132
internal_value=0.000739864 -0.00401339 -0.0367862 -0.00124603 -0.0165172 -0.0367993 -0.0608073
internal_weight=7980 4261 327 3934 1021 433 265
internal_count=7980 4261 327 3934 1021 433 265
cat_boundaries=0 1
cat_threshold=178
is_linear=0
shrinkage=0.02


Tree=829
num_leaves=8
num_cat=0
split_feature=54 16 22 15 43 22 8
split_gain=416.642 1053.77 691.455 390.129 384.101 1153.48 1114.1
threshold=63.410000000000004 0.37920000000000004 12665.250000000002 6.5000000000000009 1.0000000180025095e-35 22649.150000000005 15.575000000000001
decision_type=2 2 2 2 2 2 2
left_child=1 -1 -3 4 5 -2 -7
right_child=3 2 -4 -5 -6 6 -8
leaf_value=0.096046283836326296 -0.0026028497812293229 -0.059042244358496233 0.033332910371732111 -0.049629031200406716 0.0013950661896981219 -0.11959335726958054 -0.023740206670404471
leaf_weight=57 1632 50 74 62 5813 60 206
leaf_count=57 1632 50 74 62 5813 60 206
internal_value=-0.000868378 0.0287142 -0.00475987 -0.00157525 -0.00115696 -0.00895618 -0.0471688
internal_weight=7954 181 124 7773 7711 1898 266
internal_count=7954 181 124 7773 7711 1898 266
is_linear=0
shrinkage=0.02


Tree=830
num_leaves=8
num_cat=0
split_feature=64 8 21 51 22 23 68
split_gain=634.401 1297.03 1640.08 983.398 873.114 798.849 697.61
threshold=2.5000000000000004 49.745000000000005 343433.45000000007 12.555000000000001 25227.650000000005 4.3500000000000005 395475.30000000005
decision_type=2 2 8 2 2 2 2
left_child=1 3 -3 4 5 -1 -4
right_child=-2 2 6 -5 -6 -7 -8
leaf_value=0.071411058160493965 -0.0036750523242904541 -0.10963469010076406 -0.05332054136644887 0.020954659291481905 -0.09144342064857483 -0.010535576660745645 0.045667170753578346
leaf_weight=48 5693 76 41 1609 43 461 70
leaf_count=48 5693 76 41 1609 43 461 70
internal_value=-6.73405e-05 0.0086692 -0.0411881 0.0130687 -0.0098996 -0.00218831 0.00838184
internal_weight=8041 2348 187 2161 552 509 111
internal_count=8041 2348 187 2161 552 509 111
is_linear=0
shrinkage=0.02


Tree=831
num_leaves=8
num_cat=0
split_feature=49 41 64 14 42 22 33
split_gain=438.263 466.162 741.776 805.473 1043.74 719.896 540.473
threshold=92.500000000000014 72.595000000000013 2.5000000000000004 12.405000000000003 81.935000000000016 13761.800000000001 5.5000000000000009
decision_type=2 2 2 2 2 2 2
left_child=1 6 3 -3 5 -5 -1
right_child=-2 2 -4 4 -6 -7 -8
leaf_value=-0.0027976001104823706 0.044990166527303782 0.099094612043197847 0.0034707185111544805 0.037453172269742936 0.10085976139704388 -0.055773906943158827 0.029062992529562588
leaf_weight=6679 83 68 820 59 40 64 215
leaf_count=6679 83 68 820 59 40 64 215
internal_value=0.000602312 0.000110596 0.0124854 0.0437339 0.0183767 -0.011339 -0.00178364
internal_weight=8028 7945 1051 231 163 123 6894
internal_count=8028 7945 1051 231 163 123 6894
is_linear=0
shrinkage=0.02


Tree=832
num_leaves=8
num_cat=0
split_feature=32 66 10 68 42 40 67
split_gain=467.806 595.087 1346.03 1039.59 655.235 711.329 783.546
threshold=1.0000000180025095e-35 0.18750000000000003 31151.800000000003 272726.65000000008 31.075000000000003 46.665000000000006 8.7026012475287065
decision_type=2 2 2 2 2 2 2
left_child=-1 2 3 -2 5 6 -3
right_child=1 4 -4 -5 -6 -7 -8
leaf_value=0.0039021632308238624 -0.017397339471748898 -0.0094373184075421564 0.03681889265283661 -0.15293891133069992 -0.0089530475898017096 0.077173780024503216 0.046449541814205512
leaf_weight=5106 44 338 48 45 2191 61 137
leaf_count=5106 44 338 48 45 2191 61 137
internal_value=0.000274276 -0.00618913 -0.0461128 -0.0904193 -0.0041027 0.0156235 0.00699757
internal_weight=7970 2864 137 89 2727 536 475
internal_count=7970 2864 137 89 2727 536 475
is_linear=0
shrinkage=0.02


Tree=833
num_leaves=8
num_cat=0
split_feature=22 12 14 31 49 49 49
split_gain=431.745 671.997 556.701 1017.47 1052.66 527.43 523.722
threshold=7121.0500000000011 46.665000000000006 43.180000000000007 1.0000000180025095e-35 20.500000000000004 36.500000000000007 31.500000000000004
decision_type=2 2 2 2 2 2 2
left_child=1 5 -2 4 -4 -1 -6
right_child=2 -3 3 -5 6 -7 -8
leaf_value=0.031725583155254977 0.0028933224842965198 -0.051476781923964529 -0.11654724576407009 0.0046288705954749413 0.037914667573240073 -0.049091785449696619 -0.05081231980612784
leaf_weight=104 7281 152 67 257 40 41 61
leaf_count=104 7281 152 67 257 40 41 61
internal_value=0.000670913 -0.022788 0.00158924 -0.0205258 -0.0580281 0.00799911 -0.015542
internal_weight=8003 297 7706 425 168 145 101
internal_count=8003 297 7706 425 168 145 101
is_linear=0
shrinkage=0.02


Tree=834
num_leaves=8
num_cat=1
split_feature=31 41 55 68 33 21 2
split_gain=384.325 940.781 817.9 806.893 613.786 629.704 1298.34
threshold=1.0000000180025095e-35 20.735000000000003 41.985000000000007 951977.50000000012 4.5000000000000009 259373.25000000003 0
decision_type=2 2 2 2 2 8 1
left_child=1 2 -1 -4 5 6 -3
right_child=-2 4 3 -5 -6 -7 -8
leaf_value=0.0064660369585721926 0.0032150210194602713 0.013620143121018436 -0.11064932579381598 -0.0054917308384058432 0.045819640642404562 -5.3756396326648961e-05 -0.045890371234499842
leaf_weight=73 4640 236 85 44 95 2458 359
leaf_count=73 4640 236 85 44 95 2458 359
internal_value=-0.000510843 -0.00566854 -0.0469719 -0.0763249 -0.00294792 -0.00453785 -0.0229072
internal_weight=7990 3350 202 129 3148 3053 595
internal_count=7990 3350 202 129 3148 3053 595
cat_boundaries=0 1
cat_threshold=50
is_linear=0
shrinkage=0.02


Tree=835
num_leaves=8
num_cat=0
split_feature=33 40 31 49 49 16 13
split_gain=662.409 465.744 697.238 435.226 671.405 714.408 448.74
threshold=1.0000000180025095e-35 87.625000000000014 1.0000000180025095e-35 19.500000000000004 30.500000000000004 0.52875000000000016 358.15000000000003
decision_type=2 2 2 2 2 2 2
left_child=3 -2 -3 -1 6 -6 -5
right_child=1 2 -4 4 5 -7 -8
leaf_value=-0.054712372074874359 -0.00093056122213096434 0.066105362692049571 -0.00062406231075874533 0.064958056581517071 -0.077488040184533147 0.0079863453213172616 -0.01905024765626244
leaf_weight=137 7259 100 155 55 76 74 41
leaf_count=137 7259 100 155 55 76 74 41
internal_value=-0.00130498 1.08547e-05 0.0263124 -0.0267876 -0.0104559 -0.0364233 0.0299126
internal_weight=7897 7514 255 383 246 150 96
internal_count=7897 7514 255 383 246 150 96
is_linear=0
shrinkage=0.02


Tree=836
num_leaves=8
num_cat=0
split_feature=40 34 41 0 38 18 18
split_gain=320.628 921.367 674.187 832.187 738.941 658.551 784.15
threshold=45.705000000000005 3.5000000000000004 35.445000000000007 31.500000000000004 22125.600000000002 152626.55000000002 284197.20000000007
decision_type=2 2 2 2 8 2 2
left_child=1 5 3 -2 -5 -1 -7
right_child=2 -3 -4 4 -6 6 -8
leaf_value=-0.013075729982339676 0.070665670061734187 0.029762900992067434 0.0031190098496263292 0.03513984634578228 -0.026030824543936678 0.038092025587381409 -0.0024127101463644164
leaf_weight=1898 129 316 4174 195 126 237 908
leaf_count=1898 129 316 4174 195 126 237 908
internal_value=0.00222931 -0.00247139 0.00564301 0.0287629 0.0110979 -0.00586209 0.00610041
internal_weight=7983 3359 4624 450 321 3043 1145
internal_count=7983 3359 4624 450 321 3043 1145
is_linear=0
shrinkage=0.02


Tree=837
num_leaves=8
num_cat=0
split_feature=49 52 8 22 21 22 21
split_gain=552.38 911.563 407.446 677.492 606.05 564.017 542.822
threshold=4.5000000000000009 49.195000000000007 30.165000000000003 21826.150000000005 385213.65000000008 5995.1000000000013 173079.55000000002
decision_type=2 2 2 2 10 2 10
left_child=1 -1 5 -4 -5 -2 -7
right_child=2 -3 3 4 -6 6 -8
leaf_value=-0.096077497082371871 -0.056895824370242779 0.0090000810637768068 -0.0086986777906411013 0.026155209165379993 -0.044277331296886713 -0.0018105308060588068 0.011607184724505093
leaf_weight=57 54 69 2578 399 51 2264 2573
leaf_count=57 54 69 2578 399 51 2264 2573
internal_value=0.000346095 -0.0403878 0.00101929 -0.00474168 0.017774 0.00458709 0.00533152
internal_weight=8045 126 7919 3028 450 4891 4837
internal_count=8045 126 7919 3028 450 4891 4837
is_linear=0
shrinkage=0.02


Tree=838
num_leaves=8
num_cat=0
split_feature=33 57 37 52 40 58 17
split_gain=395.698 356.167 650.32 1124.77 816.639 775.582 840.11
threshold=6.5000000000000009 21.475000000000005 0.25835000000000002 21.575000000000003 19.550000000000001 35.525000000000013 53854.30000000001
decision_type=2 2 2 2 2 2 2
left_child=1 -1 5 -4 -5 -3 -7
right_child=-2 2 3 4 -6 6 -8
leaf_value=-0.0098069210150832174 0.053973075027018792 -0.003894521704166072 -0.057736979223496424 -0.059888503188543982 -0.0011293344823779796 0.009145067440265121 0.054268731219223244
leaf_weight=1982 45 2218 174 96 1499 1817 177
leaf_count=1982 45 2218 174 96 1499 1817 177
internal_value=-0.00212008 -0.00247074 -3.3491e-05 -0.0101929 -0.00484204 0.00424038 0.0132762
internal_weight=8008 7963 5981 1769 1595 4212 1994
internal_count=8008 7963 5981 1769 1595 4212 1994
is_linear=0
shrinkage=0.02


Tree=839
num_leaves=8
num_cat=1
split_feature=41 13 14 16 13 2 14
split_gain=349.998 1135.83 639.592 666.053 447.481 634.038 699.061
threshold=14.405000000000003 396.05000000000007 12.895000000000001 0.47565000000000007 333.75000000000006 0 18.175000000000004
decision_type=2 2 2 2 2 1 2
left_child=1 2 -1 -4 5 6 -2
right_child=4 -3 3 -5 -6 -7 -8
leaf_value=-0.095756027602380334 0.031529950541669662 0.068403628494428562 0.022048431700322686 -0.059578974756258951 -0.0025562300610373267 -0.0003817076500852903 0.0024883595278383944
leaf_weight=57 697 41 77 74 4561 1860 630
leaf_count=57 697 41 77 74 4561 1860 630
internal_value=0.000704525 -0.0223979 -0.0414819 -0.0185818 0.00146094 0.00720502 0.0176707
internal_weight=7997 249 208 151 7748 3187 1327
internal_count=7997 249 208 151 7748 3187 1327
cat_boundaries=0 1
cat_threshold=38
is_linear=0
shrinkage=0.02


Tree=840
num_leaves=8
num_cat=0
split_feature=56 56 14 8 48 8 22
split_gain=472.584 440.24 392.034 334.013 712.875 712.531 544.131
threshold=58.75500000000001 55.295000000000009 21.995000000000001 54.410000000000004 1.0000000180025095e-35 57.495000000000012 21114.150000000005
decision_type=2 2 2 2 2 2 2
left_child=1 3 -3 -1 -5 -6 -7
right_child=-2 2 -4 4 5 6 -8
leaf_value=0.0015785729929861914 -0.047165995908037925 0.0097618512946298763 0.081525243726372723 -0.069192070415834098 -0.052882192438313116 -0.0032357356352993934 0.061374338654568421
leaf_weight=7268 77 82 45 77 91 279 59
leaf_count=7268 77 82 45 77 91 279 59
internal_value=0.00060096 0.00109601 0.0373147 0.000480721 -0.0151496 -0.00476424 0.00877262
internal_weight=7978 7901 127 7774 506 429 338
internal_count=7978 7901 127 7774 506 429 338
is_linear=0
shrinkage=0.02


Tree=841
num_leaves=8
num_cat=0
split_feature=55 21 58 51 44 57 57
split_gain=459.26 895.015 607.49 972.194 747.322 588.32 613.839
threshold=55.055000000000007 211538.45000000004 36.355000000000011 20.825000000000003 1.0000000180025095e-35 35.57500000000001 49.335000000000008
decision_type=2 10 2 2 2 2 2
left_child=-1 2 4 -4 -2 -3 -7
right_child=1 5 3 -5 -6 6 -8
leaf_value=0.0016656864353572103 -0.06626696255969558 0.049728149152863041 -0.10851059085831923 -0.01309016118816873 -0.0030697620636473098 -0.033124321727928792 0.013130639951224581
leaf_weight=6814 89 97 80 89 370 171 325
leaf_count=6814 89 97 80 89 370 171 325
internal_value=-0.000360735 -0.0116302 -0.028174 -0.0600797 -0.0159057 0.0059791 -0.00298756
internal_weight=8035 1221 628 169 459 593 496
internal_count=8035 1221 628 169 459 593 496
is_linear=0
shrinkage=0.02


Tree=842
num_leaves=8
num_cat=0
split_feature=64 34 46 16 53 68 40
split_gain=448.07 1582.22 1028.73 1216.2 1214.28 1979.53 966.459
threshold=2.5000000000000004 3.5000000000000004 4.5000000000000009 0.25915000000000005 56.925000000000004 295721.00000000006 32.425000000000004
decision_type=2 2 2 2 2 2 2
left_child=1 2 4 -4 5 6 -1
right_child=-2 -3 3 -5 -6 -7 -8
leaf_value=-0.047214282982203426 -0.0024821869408246213 0.097731557311490178 -0.06086280029315453 0.021179983862286731 0.0084942939748410377 -0.068113815286744608 0.06320044492472611
leaf_weight=44 5592 71 72 1228 542 267 87
leaf_count=44 5592 71 72 1228 542 267 87
internal_value=0.000579621 0.00797774 0.00492154 0.0164203 -0.0109837 -0.0372854 0.0257422
internal_weight=7903 2311 2240 1300 940 398 131
internal_count=7903 2311 2240 1300 940 398 131
is_linear=0
shrinkage=0.02


Tree=843
num_leaves=8
num_cat=1
split_feature=46 50 21 7 47 33 23
split_gain=446.936 608.695 585.896 490.277 680.172 477.273 459.239
threshold=9.5000000000000018 1.0000000180025095e-35 275364.35000000003 0 6.5000000000000009 1.5000000000000002 8.5500000000000025
decision_type=2 2 8 1 2 2 2
left_child=-1 6 -3 5 -5 -4 -2
right_child=1 2 3 4 -6 -7 -8
leaf_value=0.0015819565189245438 -0.0023889078035370095 -0.040824848916686952 0.092818074729707517 -0.05792730713884036 0.015124377465580364 0.014710946329227039 -0.064792429019006892
leaf_weight=7272 72 117 40 73 143 111 134
leaf_count=7272 72 117 40 73 143 111 134
internal_value=0.000118556 -0.0152048 -0.0028165 0.00968645 -0.00986979 0.0354415 -0.0435549
internal_weight=7962 690 484 367 216 151 206
internal_count=7962 690 484 367 216 151 206
cat_boundaries=0 1
cat_threshold=28
is_linear=0
shrinkage=0.02


Tree=844
num_leaves=8
num_cat=0
split_feature=0 41 24 21 16 42 42
split_gain=471.31 605.067 549.363 1483.76 790.082 792.739 709.597
threshold=24.500000000000004 27.270000000000003 1.5000000000000002 273757.3000000001 0.76225000000000009 54.065000000000005 46.090000000000011
decision_type=2 2 2 10 2 2 2
left_child=1 -1 3 4 5 -3 -5
right_child=-2 2 -4 6 -6 -7 -8
leaf_value=0.034693657395867057 0.0014008366612964784 -0.095571700014221439 -0.001241323792303984 0.089191221759674394 0.015289418944945704 -0.032881678364777123 -0.0065435623217057039
leaf_weight=93 6974 152 450 42 60 183 89
leaf_count=93 6974 152 450 42 60 183 89
internal_value=-0.000497539 -0.0128311 -0.0175134 -0.0312915 -0.0504818 -0.0623133 0.0263007
internal_weight=8043 1069 976 526 395 335 131
internal_count=8043 1069 976 526 395 335 131
is_linear=0
shrinkage=0.02


Tree=845
num_leaves=8
num_cat=0
split_feature=57 9 17 57 26 41 33
split_gain=570.282 794.039 749.41 594.73 1089.07 1196.43 809.987
threshold=11.665000000000001 19.500000000000004 5100.5500000000002 18.775000000000002 1.0000000180025095e-35 53.935000000000009 1.5000000000000002
decision_type=2 2 2 2 2 2 2
left_child=1 2 -1 4 5 -2 -7
right_child=3 -3 -4 -5 -6 6 -8
leaf_value=0.057514963091830532 -0.063064469226955119 -0.066392158826192219 0.0098939769249409438 0.00013914777213092742 0.011340018487096114 -0.062293360531330111 0.020986122920506261
leaf_weight=164 281 40 621 6351 313 59 168
leaf_count=164 281 40 621 6351 313 59 168
internal_value=-0.000121976 0.0155735 0.0201439 -0.00193703 -0.0179013 -0.035853 -0.00153524
internal_weight=7997 825 785 7172 821 508 227
internal_count=7997 825 785 7172 821 508 227
is_linear=0
shrinkage=0.02


Tree=846
num_leaves=8
num_cat=1
split_feature=56 4 18 62 42 56 14
split_gain=350.278 889.067 863.856 747.151 878.261 906.583 937.948
threshold=41.82500000000001 0 1387964.9500000002 1.0000000180025095e-35 74.205000000000013 47.675000000000004 24.735000000000003
decision_type=2 1 2 2 2 2 2
left_child=-1 -2 3 -3 5 6 -5
right_child=1 2 -4 4 -6 -7 -8
leaf_value=0.0034870572548126428 0.011155888796275675 -0.0077606640902820124 0.035283786028467275 -0.087377621903344305 0.028997971136848648 -0.010919855485719759 -0.0083772921763109361
leaf_weight=4979 924 1407 138 217 72 202 84
leaf_count=4979 924 1407 138 217 72 202 84
internal_value=0.000220655 -0.00511908 -0.0122171 -0.0156663 -0.0347775 -0.044102 -0.0658281
internal_weight=8023 3044 2120 1982 575 503 301
internal_count=8023 3044 2120 1982 575 503 301
cat_boundaries=0 1
cat_threshold=6
is_linear=0
shrinkage=0.02


Tree=847
num_leaves=8
num_cat=0
split_feature=53 21 55 40 0 22 56
split_gain=652.359 475.111 1006.85 544.577 651.403 688.859 785.622
threshold=92.25500000000001 217840.55000000002 54.735000000000007 44.285000000000004 36.500000000000007 15920.550000000001 41.495000000000012
decision_type=2 8 2 2 2 2 2
left_child=1 2 3 4 -1 6 -6
right_child=-2 -3 -4 -5 5 -7 -8
leaf_value=0.0975840949623481 0.036751899649786889 -0.0016308020964023145 -0.039605059353013831 0.0079362630464541711 -0.041159895839191031 0.064950646061312275 0.051158988634124401
leaf_weight=64 194 6984 115 418 82 103 59
leaf_count=64 194 6984 115 418 82 103 59
internal_value=0.000992226 8.27577e-05 0.0142384 0.0229799 0.0429432 0.0269395 -0.00210093
internal_weight=8019 7825 841 726 308 244 141
internal_count=8019 7825 841 726 308 244 141
is_linear=0
shrinkage=0.02


Tree=848
num_leaves=8
num_cat=1
split_feature=52 18 18 17 52 68 4
split_gain=426.39 391.954 941.932 623.135 932.18 666.265 701.942
threshold=1.0000000180025095e-35 284197.20000000007 229455.20000000004 1044.3000000000002 33.815000000000005 1114371.9500000002 0
decision_type=2 2 2 2 2 2 1
left_child=-1 2 3 4 -2 -5 -7
right_child=1 -3 -4 5 -6 6 -8
leaf_value=-0.046363201938666311 -0.10705787012974421 -0.005911101186992067 0.043185622528567107 0.0069162500974766662 -0.0050134154426769951 0.01385861650812829 -0.021747761225872079
leaf_weight=72 46 2350 228 4143 122 308 714
leaf_count=72 46 2350 228 4143 122 308 714
internal_value=0.000473937 0.000929228 0.00382257 0.00210082 -0.0352408 0.00334832 -0.0110787
internal_weight=7983 7911 5561 5333 168 5165 1022
internal_count=7983 7911 5561 5333 168 5165 1022
cat_boundaries=0 1
cat_threshold=6
is_linear=0
shrinkage=0.02


Tree=849
num_leaves=8
num_cat=0
split_feature=23 41 6 65 23 12 51
split_gain=515.395 523.113 805.907 795.237 412.465 715.854 908.446
threshold=2.9500000000000006 53.935000000000009 1.0000000180025095e-35 0.61250000000000016 17.350000000000005 20.810000000000006 18.695000000000004
decision_type=2 2 2 2 2 2 2
left_child=1 3 -3 -1 -2 6 -6
right_child=4 2 -4 -5 5 -7 -8
leaf_value=0.097874118364170981 0.0014855674287488521 -0.059250406622886657 0.046752872387568152 -0.00042478326767209979 -0.11190641770928593 -0.0048823479157727567 -0.016350901018994956
leaf_weight=71 6344 50 55 58 54 1248 129
leaf_count=71 6344 50 55 58 54 1248 129
internal_value=0.000184534 0.0291133 -0.00412364 0.055311 -0.000704269 -0.0103838 -0.0467739
internal_weight=8009 234 105 129 7775 1431 183
internal_count=8009 234 105 129 7775 1431 183
is_linear=0
shrinkage=0.02


Tree=850
num_leaves=8
num_cat=0
split_feature=23 47 41 38 41 20 40
split_gain=384.631 300.333 657.08 780.605 909.731 1056.18 998.339
threshold=1.7500000000000002 5.5000000000000009 58.930000000000007 3053.1000000000008 47.335000000000008 852330.90000000014 48.335000000000008
decision_type=2 2 2 10 2 10 2
left_child=-1 -2 3 4 -3 -6 -7
right_child=1 2 -4 -5 5 6 -8
leaf_value=0.054512161641166762 0.004559523961668404 -0.0060983326796762239 0.0053522693590186965 0.0016529777683406219 -0.053133592643686729 0.08301267212750961 -0.026881819262954534
leaf_weight=47 3294 810 1994 1257 459 44 97
leaf_count=47 3294 810 1994 1257 459 44 97
internal_value=0.000295153 -5.92134e-05 -0.00332473 -0.00981003 -0.0199989 -0.0385592 0.00907997
internal_weight=8002 7955 4661 2667 1410 600 141
internal_count=8002 7955 4661 2667 1410 600 141
is_linear=0
shrinkage=0.02


Tree=851
num_leaves=8
num_cat=0
split_feature=62 9 40 68 51 29 49
split_gain=362.204 822.584 961.614 744.349 1131.02 661.217 635.81
threshold=1.0000000180025095e-35 1.5000000000000002 72.305000000000021 1272147.5000000002 13.335000000000003 1.0000000180025095e-35 21.500000000000004
decision_type=2 2 2 2 2 2 2
left_child=-1 2 3 -2 -5 -3 -7
right_child=1 5 -4 4 -6 6 -8
leaf_value=0.00076155611789215994 -0.026624635482745313 0.0053289499437916233 0.024132312926857802 -0.159622333753109 -0.032395061772120627 -0.04595035981539445 -0.0023961854125890466
leaf_weight=5578 296 1315 99 45 71 227 319
leaf_count=5578 296 1315 99 45 71 227 319
internal_value=-0.00202367 -0.00856122 -0.0309058 -0.0442618 -0.086307 -0.0023594 -0.0207565
internal_weight=7950 2372 511 412 116 1861 546
internal_count=7950 2372 511 412 116 1861 546
is_linear=0
shrinkage=0.02


Tree=852
num_leaves=8
num_cat=0
split_feature=16 47 20 40 8 53 21
split_gain=536.888 1106.08 902.291 636.665 467.067 637.868 455.161
threshold=0.72825000000000006 7.5000000000000009 580460.05000000016 57.395000000000003 27.210000000000004 64.585000000000022 298730.20000000001
decision_type=2 2 8 2 2 2 10
left_child=-1 2 -2 -3 5 -4 -5
right_child=1 3 4 6 -6 -7 -8
leaf_value=-0.002109331578557114 -0.043075152970057852 0.02896459181474734 0.11184087003835223 -0.063480528801117306 0.021534132835539906 0.034198117457857037 0.014171557853619256
leaf_weight=7441 42 74 83 101 127 94 40
leaf_count=7441 42 74 83 101 127 94 40
internal_value=-0.000682342 0.0180964 0.0400159 -0.0172864 0.0520068 0.0726792 -0.0417207
internal_weight=8002 561 346 215 304 177 141
internal_count=8002 561 346 215 304 177 141
is_linear=0
shrinkage=0.02


Tree=853
num_leaves=8
num_cat=1
split_feature=5 20 40 15 42 24 49
split_gain=449.013 628.125 605.95 572.974 852.005 981.791 774.888
threshold=0 1439280.8 45.285000000000004 1.5000000000000002 44.765000000000008 1.5000000000000002 32.500000000000007
decision_type=1 10 2 2 2 2 2
left_child=1 -1 -3 -2 5 6 -5
right_child=3 2 -4 4 -6 -7 -8
leaf_value=0.014335306940745631 0.00066260559257374856 -0.085200645648516135 0.0085385518232660908 -0.034222441813014204 -0.0010518057572254775 -0.010103003577408723 -0.11099306688549813
leaf_weight=1238 5255 47 57 146 845 323 84
leaf_count=1238 5255 47 57 146 845 323 84
internal_value=-0.000231343 0.0102563 -0.0357894 -0.0023648 -0.0137233 -0.0329028 -0.0640254
internal_weight=7995 1342 104 6653 1398 553 230
internal_count=7995 1342 104 6653 1398 553 230
cat_boundaries=0 1
cat_threshold=1
is_linear=0
shrinkage=0.02


Tree=854
num_leaves=8
num_cat=0
split_feature=52 17 22 38 17 21 22
split_gain=405.105 334.857 570.22 600.18 434.506 605.094 1020.97
threshold=2.8800000000000003 39070.350000000006 8490.9500000000025 3462.1500000000001 26612.100000000002 258628.25000000003 9204.2500000000018
decision_type=2 2 2 10 2 10 2
left_child=-1 4 3 -3 -2 6 -6
right_child=1 2 -4 -5 5 -7 -8
leaf_value=-0.037990794914799765 0.00040508637585539382 -0.077169580752566719 0.014238299796939014 0.01216142657212913 0.05125404196294938 0.0072161294393381986 -0.04326710086141887
leaf_weight=106 6036 54 1139 59 48 260 359
leaf_count=106 6036 54 1139 59 48 260 359
internal_value=-4.66646e-05 0.000482485 0.0099554 -0.0319888 -0.00129299 -0.0165483 -0.0316329
internal_weight=8061 7955 1252 113 6703 667 407
internal_count=8061 7955 1252 113 6703 667 407
is_linear=0
shrinkage=0.02


Tree=855
num_leaves=8
num_cat=1
split_feature=8 40 49 1 57 55 51
split_gain=376.972 666.035 883.872 1508.76 600.576 538.197 748.308
threshold=50.695000000000007 51.585000000000008 35.500000000000007 0 53.445000000000007 46.32500000000001 23.455000000000002
decision_type=2 2 2 1 2 2 2
left_child=-1 2 4 -4 5 6 -2
right_child=1 -3 3 -5 -6 -7 -8
leaf_value=0.0019878336497723436 -0.049920352608132275 0.0084995919350851976 -0.13699420436136964 0.0038093005247035266 0.055282368399995445 -0.060947960505019064 0.03835980098115073
leaf_weight=7277 62 312 64 54 42 87 85
leaf_count=7277 62 312 64 54 42 87 85
internal_value=0.000631034 -0.0132696 -0.0303987 -0.0750232 -0.0103246 -0.0230104 0.000708674
internal_weight=7983 706 394 118 276 234 147
internal_count=7983 706 394 118 276 234 147
cat_boundaries=0 1
cat_threshold=2
is_linear=0
shrinkage=0.02


Tree=856
num_leaves=8
num_cat=2
split_feature=22 4 49 23 49 4 47
split_gain=375.569 615.689 598.56 514.4 497.862 673.969 1130.4
threshold=7808.0000000000009 0 28.500000000000004 12.050000000000002 9.5000000000000018 1 4.5000000000000009
decision_type=2 1 2 2 2 1 2
left_child=1 2 3 -1 5 -2 -7
right_child=4 -3 -4 -5 -6 6 -8
leaf_value=4.2920550207297003e-05 -0.025986984018141205 -0.037209172212252666 -0.030253563394888921 0.080973405942582247 0.0020523095065876702 0.072917115323683807 -0.016587726414732679
leaf_weight=70 572 265 89 52 6720 80 164
leaf_count=70 572 265 89 52 6720 80 164
internal_value=-0.00083593 -0.0179703 0.0078534 0.0363677 0.000257532 -0.0144455 0.0131067
internal_weight=8012 476 211 122 7536 816 244
internal_count=8012 476 211 122 7536 816 244
cat_boundaries=0 1 2
cat_threshold=1 3
is_linear=0
shrinkage=0.02


Tree=857
num_leaves=8
num_cat=1
split_feature=50 42 29 48 42 8 4
split_gain=649.857 653.943 658.084 475.386 502.496 904.458 1279.59
threshold=3.5000000000000004 43.585000000000008 1.0000000180025095e-35 31.500000000000004 47.765000000000008 49.745000000000005 0
decision_type=2 2 2 2 2 2 1
left_child=3 2 -2 4 5 -1 -7
right_child=1 -3 -4 -5 -6 6 -8
leaf_value=0.0092743348860224156 0.1028159074669083 0.0038804967856252348 0.004172434471547604 -0.058456678639758723 -0.0041856604258850025 0.012599831607448993 -0.064363552661878723
leaf_weight=3232 70 149 43 50 4137 174 153
leaf_count=3232 70 149 43 50 4137 174 153
internal_value=0.00119135 0.0318692 0.0670464 0.000133814 0.000552176 0.00605761 -0.0253967
internal_weight=8008 262 113 7746 7696 3559 327
internal_count=8008 262 113 7746 7696 3559 327
cat_boundaries=0 1
cat_threshold=10
is_linear=0
shrinkage=0.02


Tree=858
num_leaves=8
num_cat=0
split_feature=32 55 21 12 23 68 57
split_gain=649.926 630.977 1008.96 830.785 730.958 756.568 971.808
threshold=1.0000000180025095e-35 54.735000000000007 211538.45000000004 80.110000000000014 11.050000000000002 179015.80000000002 36.515000000000008
decision_type=2 2 8 2 2 2 2
left_child=1 4 -3 -4 5 6 -1
right_child=-2 2 3 -5 -6 -7 -8
leaf_value=0.0029944480058634883 -0.0077789972216284224 -0.088316210252232852 -0.010882794285633095 0.075969413571218225 0.015733521412279503 0.0061342075554100123 -0.048637717624317921
leaf_weight=323 2860 59 703 42 2063 1663 260
leaf_count=323 2860 59 703 42 2063 1663 260
internal_value=-0.000151862 0.00411787 -0.0120973 -0.00551261 0.00715391 -0.000744095 -0.0202497
internal_weight=7973 5113 804 745 4309 2246 583
internal_count=7973 5113 804 745 4309 2246 583
is_linear=0
shrinkage=0.02


Tree=859
num_leaves=8
num_cat=1
split_feature=21 3 41 9 41 68 68
split_gain=365.591 516.655 1070.58 624.571 606.717 537.791 698.783
threshold=216396.85000000003 0 14.405000000000003 3.5000000000000004 21.23 1120126.5000000002 399844.30000000005
decision_type=8 1 2 2 2 2 2
left_child=-1 4 3 -3 -2 6 -6
right_child=1 2 -4 -5 5 -7 -8
leaf_value=0.012021680471799972 0.03203432146351446 -0.12000927815437316 -0.0051713782120561122 -0.026082330334790144 -0.0043825824236338618 -0.013997257327882663 0.016215138512257584
leaf_weight=847 270 45 3429 74 1392 730 1243
leaf_count=847 270 45 3429 74 1392 730 1243
internal_value=-0.00036609 -0.00183417 -0.00724656 -0.0650078 0.00346178 0.00113532 0.00534622
internal_weight=8030 7183 3548 119 3635 3365 2635
internal_count=8030 7183 3548 119 3635 3365 2635
cat_boundaries=0 1
cat_threshold=5
is_linear=0
shrinkage=0.02


Tree=860
num_leaves=8
num_cat=0
split_feature=42 64 57 16 58 42 33
split_gain=380.982 583.24 411.448 354.774 658.273 472.268 1091.03
threshold=82.565000000000012 2.5000000000000004 32.550000000000004 0.57745000000000013 69.185000000000016 44.345000000000006 1.5000000000000002
decision_type=2 2 2 2 2 2 2
left_child=3 2 -2 -1 5 6 -5
right_child=1 -3 -4 4 -6 -7 -8
leaf_value=-0.0052544148161546142 0.0053524678481949705 0.00465266138329917 0.087122245393137426 -0.027592786665511678 0.073236599586628093 -0.0048799869669268713 0.026078010791524397
leaf_weight=5205 40 438 62 191 49 1339 669
leaf_count=5205 40 438 62 191 49 1339 669
internal_value=-0.00120928 0.0149343 0.0568042 -0.00238818 0.00424521 0.00254523 0.0140675
internal_weight=7993 540 102 7453 2248 2199 860
internal_count=7993 540 102 7453 2248 2199 860
is_linear=0
shrinkage=0.02


Tree=861
num_leaves=8
num_cat=0
split_feature=43 51 44 12 8 10 22
split_gain=306.755 521.279 732.232 695.077 762.343 590.445 476.483
threshold=1.0000000180025095e-35 8.1750000000000025 1.0000000180025095e-35 68.085000000000022 22.265000000000004 41315.000000000007 14498.450000000003
decision_type=2 2 2 2 2 2 2
left_child=1 2 -1 4 6 -6 -4
right_child=-2 -3 3 -5 5 -7 -8
leaf_value=-0.085960250910123187 0.00093448190049812152 -0.0034688103751297468 -0.021710169826235092 0.047807997789299277 -0.028725228819043137 0.060052105499350507 -0.11421634106681897
leaf_weight=70 5980 1646 44 52 81 41 47
leaf_count=70 5980 1646 44 52 81 41 47
internal_value=-0.00132653 -0.00813695 -0.0306852 -0.0147628 -0.0307845 0.00229943 -0.0729484
internal_weight=7961 1981 335 265 213 122 91
internal_count=7961 1981 335 265 213 122 91
is_linear=0
shrinkage=0.02


Tree=862
num_leaves=8
num_cat=1
split_feature=9 12 2 24 0 52 16
split_gain=396.21 387.339 318.622 592.702 758.175 869.907 713.348
threshold=28.500000000000004 38.400000000000006 0 1.5000000000000002 38.500000000000007 75.385000000000005 0.6331500000000001
decision_type=2 2 1 2 2 2 2
left_child=2 -2 3 4 -1 -6 -5
right_child=1 -3 -4 6 5 -7 -8
leaf_value=0.027427678683413826 0.079515186485189654 -0.0019221429843851862 0.0043753762156335261 -0.018452647733219529 -0.017206172698586646 0.072372558377683166 0.01804037481503418
leaf_weight=431 47 42 5487 1231 449 43 255
leaf_count=431 47 42 5487 1231 449 43 255
internal_value=0.00220545 0.0430261 0.0017184 -0.00433013 0.00821201 -0.00872781 -0.0121509
internal_weight=7985 89 7896 2409 923 492 1486
internal_count=7985 89 7896 2409 923 492 1486
cat_boundaries=0 1
cat_threshold=13
is_linear=0
shrinkage=0.02


Tree=863
num_leaves=8
num_cat=0
split_feature=56 55 9 8 12 55 52
split_gain=533.845 458.812 1055.31 943.951 753.233 911.303 606.056
threshold=39.195000000000007 56.885000000000012 1.5000000000000002 14.465000000000002 73.935000000000016 58.665000000000006 42.845000000000006
decision_type=2 2 2 2 2 2 2
left_child=-1 -2 3 -3 5 -4 -7
right_child=1 2 4 -5 -6 6 -8
leaf_value=0.0046891722155859572 -0.0032249452899131225 -0.0039891995897270603 -0.072557763445308843 -0.11742189604740638 0.067609368848303958 -0.037280763813427521 0.028316367010812499
leaf_weight=3872 3641 48 82 72 43 86 143
leaf_count=3872 3641 48 82 72 43 86 143
internal_value=-0.000638156 -0.0056505 -0.0240541 -0.0740233 -0.00632034 -0.0174502 0.00341142
internal_weight=7987 4115 474 120 354 311 229
internal_count=7987 4115 474 120 354 311 229
is_linear=0
shrinkage=0.02


Tree=864
num_leaves=8
num_cat=0
split_feature=49 14 22 18 41 30 34
split_gain=513.291 1012.25 544.601 597.396 619.794 513.734 380.995
threshold=62.500000000000007 21.065000000000001 20870.850000000002 36961.150000000009 58.32500000000001 1.0000000180025095e-35 1.5000000000000002
decision_type=2 2 2 2 2 2 2
left_child=-1 2 3 4 6 -3 -2
right_child=1 5 -4 -5 -6 -7 -8
leaf_value=0.0010063021506581632 0.0099561017117601753 -0.071491860508258592 -0.050392205990277807 0.048045689805255587 0.037560875730549677 -0.0017429387758648586 -0.064053452936442282
leaf_weight=7480 42 153 60 115 66 58 71
leaf_count=7480 42 153 60 115 66 58 71
internal_value=-0.000387163 -0.0186822 0.00210776 0.0134855 -0.00942013 -0.0528033 -0.0372892
internal_weight=8045 565 354 294 179 211 113
internal_count=8045 565 354 294 179 211 113
is_linear=0
shrinkage=0.02


Tree=865
num_leaves=8
num_cat=0
split_feature=66 52 58 45 23 51 58
split_gain=536.157 1003.39 708.129 628.591 915.146 829.75 730.589
threshold=1.0000000180025095e-35 62.205000000000005 37.955000000000005 1.0000000180025095e-35 7.7500000000000009 19.905000000000005 34.785000000000004
decision_type=2 2 2 2 2 2 2
left_child=1 3 -3 6 -5 -6 -1
right_child=-2 2 -4 4 5 -7 -8
leaf_value=-0.0521548762852731 0.00094503135791918326 0.092747378322813254 -0.019542552131287597 -0.1383304357893613 0.017795369899762211 -0.080523413133947827 0.039257755012999121
leaf_weight=64 7594 40 42 44 62 68 66
leaf_count=64 7594 40 42 44 62 68 66
internal_value=-0.000230316 -0.02307 0.0374153 -0.0397265 -0.0640453 -0.0347105 -0.00601027
internal_weight=7980 386 82 304 174 130 130
internal_count=7980 386 82 304 174 130 130
is_linear=0
shrinkage=0.02


Tree=866
num_leaves=8
num_cat=0
split_feature=16 22 49 58 46 55 16
split_gain=406.169 365.993 420.889 714.696 654.333 870.459 511.675
threshold=0.81890000000000007 7808.0000000000009 9.5000000000000018 24.145000000000003 5.5000000000000009 55.355000000000011 0.26805000000000007
decision_type=2 2 2 2 2 2 2
left_child=1 -1 3 -3 -5 -6 -4
right_child=-2 2 6 4 5 -7 -8
leaf_value=-0.018717494502286366 0.036507114220113879 0.036421007416686239 -0.018238247303778064 -0.038689093194402682 0.013461335113655359 -0.081377462916904036 0.0026981751357138544
leaf_weight=469 108 93 501 383 272 40 6044
leaf_count=469 108 93 501 383 272 40 6044
internal_value=-0.00114079 -0.00168499 -0.000583619 -0.0143446 -0.0213494 0.000210738 0.00108286
internal_weight=7910 7802 7333 788 695 312 6545
internal_count=7910 7802 7333 788 695 312 6545
is_linear=0
shrinkage=0.02


Tree=867
num_leaves=8
num_cat=0
split_feature=32 22 22 47 14 38 9
split_gain=365.44 648.305 787.717 1173.92 992.517 819.682 805.288
threshold=1.0000000180025095e-35 11090.500000000002 12431.850000000002 4.5000000000000009 24.605000000000004 2053.2000000000003 8.5000000000000018
decision_type=2 2 2 2 2 10 2
left_child=1 -1 3 5 6 -3 -5
right_child=-2 2 -4 4 -6 -7 -8
leaf_value=0.017054564014222093 -0.0044751458523713114 -0.11829832336638826 0.0037883630771832788 -0.0053769502835838423 0.047196484650963939 -0.01880252532337023 -0.09095198794685562
leaf_weight=1229 2878 69 3385 185 102 64 53
leaf_count=1229 2878 69 3385 185 102 64 53
internal_value=0.00121553 0.0044363 0.000399764 -0.0236365 -0.00361395 -0.0728366 -0.0259129
internal_weight=7965 5087 3858 473 340 133 238
internal_count=7965 5087 3858 473 340 133 238
is_linear=0
shrinkage=0.02


Tree=868
num_leaves=8
num_cat=0
split_feature=49 52 66 32 56 51 22
split_gain=376.438 1183.16 348.929 433.289 613.982 956.396 1030.75
threshold=4.5000000000000009 61.455000000000005 0.68750000000000011 1.0000000180025095e-35 34.365000000000002 10.135000000000003 11511.000000000002
decision_type=2 2 2 2 2 2 2
left_child=1 -1 3 4 -2 6 -6
right_child=2 -3 -4 -5 5 -7 -8
leaf_value=-0.075172131717528998 -0.010379078963320401 0.049817787068693539 0.02270696831886183 -0.0081958187027616689 0.026061099572643558 0.010887453597933326 -0.027700682024369983
leaf_weight=87 1231 41 239 2605 186 3017 564
leaf_count=87 1231 41 239 2605 186 3017 564
internal_value=-0.00140257 -0.0347686 -0.000836149 -0.00159066 0.00185675 0.0058637 -0.0142835
internal_weight=7970 128 7842 7603 4998 3767 750
internal_count=7970 128 7842 7603 4998 3767 750
is_linear=0
shrinkage=0.02


Tree=869
num_leaves=8
num_cat=0
split_feature=44 50 12 41 55 23 31
split_gain=388.071 1055.86 1099.26 760.101 780.869 1071.4 768.854
threshold=1.0000000180025095e-35 1.0000000180025095e-35 16.425000000000004 22.365000000000006 52.625000000000007 19.650000000000002 1.0000000180025095e-35
decision_type=2 2 2 2 2 2 2
left_child=1 2 -1 -3 5 6 -5
right_child=-2 3 -4 4 -6 -7 -8
leaf_value=-0.063130868448660921 0.0015598752024247064 -0.067863762339284595 0.024822279215990336 -0.038469417623260567 -0.047680656522864323 0.060787094426764686 0.0044475819020912861
leaf_weight=60 6365 116 456 280 216 83 401
leaf_count=60 6365 116 456 280 216 83 401
internal_value=-0.00066171 -0.00941137 0.0140875 -0.0204884 -0.0145647 -0.00495293 -0.01335
internal_weight=7977 1612 516 1096 980 764 681
internal_count=7977 1612 516 1096 980 764 681
is_linear=0
shrinkage=0.02


Tree=870
num_leaves=8
num_cat=1
split_feature=67 23 10 10 4 47 21
split_gain=376.362 823.065 823.23 1003.74 779.134 692.636 772.985
threshold=5.0093417654063312 24.550000000000004 23139.400000000005 37856.80000000001 0 2.5000000000000004 373867.20000000007
decision_type=2 2 2 2 1 2 10
left_child=-1 2 5 4 -4 -2 -7
right_child=1 -3 3 -5 -6 6 -8
leaf_value=-0.0036429415591208735 -0.029511871133187807 0.051146623466238883 0.016309051264345256 0.0053859932024383607 -0.036599138259880121 0.018770120771482119 0.081057552701683452
leaf_weight=4998 94 144 138 1446 477 602 88
leaf_count=4998 94 144 138 1446 477 602 88
internal_value=-0.00028667 0.00532217 0.0029171 -0.00372527 -0.0250185 0.0202917 0.02724
internal_weight=7987 2989 2845 2061 615 784 690
internal_count=7987 2989 2845 2061 615 784 690
cat_boundaries=0 1
cat_threshold=2
is_linear=0
shrinkage=0.02


Tree=871
num_leaves=8
num_cat=1
split_feature=49 4 20 42 60 8 42
split_gain=459.307 665.896 685.798 731.816 887.612 612.735 958.232
threshold=9.5000000000000018 0 692728.55000000016 61.685000000000009 1.0000000180025095e-35 27.210000000000004 33.20000000000001
decision_type=2 1 10 2 2 2 2
left_child=1 2 5 4 -4 -1 -7
right_child=-2 -3 3 -5 -6 6 -8
leaf_value=-0.030885266151999224 0.0013871089373567107 0.011808672533934503 -0.11486867692667184 -0.00025636455251110927 -0.0080596245481417729 0.096885555328234382 -0.0093482539562903567
leaf_weight=233 7163 274 92 67 47 41 127
leaf_count=233 7163 274 92 67 47 41 127
internal_value=-0.000292241 -0.013877 -0.0252536 -0.0548807 -0.0802872 -0.0101673 0.0186287
internal_weight=8044 881 607 206 139 401 168
internal_count=8044 881 607 206 139 401 168
cat_boundaries=0 1
cat_threshold=3
is_linear=0
shrinkage=0.02


Tree=872
num_leaves=8
num_cat=0
split_feature=41 64 51 42 23 48 48
split_gain=337.114 703.792 442.336 482.725 370.771 719.674 1727.33
threshold=83.670000000000016 3.5000000000000004 20.045000000000005 78.125000000000014 3.6500000000000008 9.5000000000000018 3.5000000000000004
decision_type=2 2 2 2 2 2 2
left_child=4 2 -2 -4 5 6 -1
right_child=1 -3 3 -5 -6 -7 -8
leaf_value=0.039824151436692656 0.074810766733008557 -0.014123912289293494 -0.028014041371924547 0.049752551961250398 -0.0026764298795887431 0.065141969715294082 -0.054831714153988291
leaf_weight=189 87 154 53 67 7228 90 123
leaf_count=189 87 154 53 67 7228 90 123
internal_value=-0.000733923 0.0180171 0.0416979 0.015659 -0.00163231 0.0169433 0.00223163
internal_weight=7991 361 207 120 7630 402 312
internal_count=7991 361 207 120 7630 402 312
is_linear=0
shrinkage=0.02


Tree=873
num_leaves=8
num_cat=0
split_feature=46 14 14 54 52 10 8
split_gain=445.326 712.493 969.815 1128.46 945.268 827.321 736.622
threshold=3.5000000000000004 15.625000000000002 32.695000000000007 75.585000000000022 45.045000000000009 59741.700000000004 13.345000000000001
decision_type=2 2 2 2 2 2 2
left_child=1 -1 5 -4 -5 6 -3
right_child=-2 2 3 4 -6 -7 -8
leaf_value=-0.0062378552314350452 -0.0028379896844636381 -0.0040719534888349731 0.052170429088724539 -0.07516347299228196 0.0055582959637937379 -0.0069075789428981287 0.046674757619376152
leaf_weight=852 5822 140 73 114 112 219 603
leaf_count=852 5822 140 73 114 112 219 603
internal_value=1.67348e-05 0.00787056 0.01739 -0.0138975 -0.0359053 0.027136 0.0371495
internal_weight=7935 2113 1261 299 226 962 743
internal_count=7935 2113 1261 299 226 962 743
is_linear=0
shrinkage=0.02


Tree=874
num_leaves=8
num_cat=0
split_feature=22 53 53 56 13 34 56
split_gain=489.381 520.577 842.911 694.157 674.894 652.173 500.954
threshold=38110.700000000004 85.855000000000004 83.445000000000007 46.525000000000013 334.15000000000003 1.5000000000000002 59.970000000000006
decision_type=2 2 2 2 2 2 2
left_child=1 2 6 4 -3 -4 -1
right_child=-2 3 5 -5 -6 -7 -8
leaf_value=9.6408961304612887e-05 0.054248646017330801 0.064521031347974656 -0.088222369494346461 -0.026443721339902252 0.010296799457963492 -0.0065073652407702277 -0.062205556699862843
leaf_weight=7143 62 150 73 98 231 80 47
leaf_count=7143 62 150 73 98 231 80 47
internal_value=0.000426129 -3.487e-05 -0.0013582 0.020056 0.0322042 -0.0470536 -0.000353795
internal_weight=7884 7822 7343 479 381 153 7190
internal_count=7884 7822 7343 479 381 153 7190
is_linear=0
shrinkage=0.02


Tree=875
num_leaves=8
num_cat=0
split_feature=17 17 49 40 61 0 16
split_gain=529.603 1023.75 872.556 1047.17 829.52 759.829 622.443
threshold=17041.350000000002 13115.85 48.500000000000007 49.945000000000007 1.0000000180025095e-35 20.500000000000004 0.43875000000000003
decision_type=2 2 2 2 2 2 2
left_child=1 -1 3 4 -3 -2 -4
right_child=5 2 6 -5 -6 -7 -8
leaf_value=0.0017630374060416398 -0.043777688621055515 -0.078312687899531983 -0.029002603435516361 -0.0055752889092725057 0.0047365140181321362 0.011069957181554027 0.064557222408406875
leaf_weight=4511 100 227 45 255 60 2768 63
leaf_count=4511 100 227 45 255 60 2768 63
internal_value=0.00220211 -0.00162768 -0.0249931 -0.0353021 -0.0611667 0.0090847 0.0260156
internal_weight=8029 5161 650 542 287 2868 108
internal_count=8029 5161 650 542 287 2868 108
is_linear=0
shrinkage=0.02


Tree=876
num_leaves=8
num_cat=0
split_feature=44 24 64 42 55 58 68
split_gain=488.347 735.285 623.225 788.542 613.141 877.611 1251.31
threshold=1.0000000180025095e-35 5.5000000000000009 2.5000000000000004 81.485000000000014 30.065000000000001 33.645000000000003 1205743.4000000001
decision_type=2 2 2 2 2 2 2
left_child=1 -1 3 4 -2 6 -6
right_child=2 -3 -4 -5 5 -7 -8
leaf_value=-0.0073522880580397599 -0.050306913449894637 -0.071544391043980915 -0.0013411484868349607 0.077810343646839877 0.0058017132879424772 0.026012179248669842 -0.082148949743865371
leaf_weight=1530 59 70 4989 68 402 793 72
leaf_count=1530 59 70 4989 68 402 793 72
internal_value=-0.000512672 -0.0103748 0.00196562 0.0137627 0.0101983 0.0132025 -0.00827593
internal_weight=7983 1600 6383 1394 1326 1267 474
internal_count=7983 1600 6383 1394 1326 1267 474
is_linear=0
shrinkage=0.02


Tree=877
num_leaves=8
num_cat=0
split_feature=9 23 17 23 46 31 17
split_gain=372.16 729.599 622.403 1242.73 965.047 598.083 583.257
threshold=3.5000000000000004 17.350000000000005 7828.9500000000007 18.950000000000003 3.5000000000000004 1.0000000180025095e-35 9507.5000000000018
decision_type=2 2 2 2 2 2 2
left_child=1 -1 3 -3 -5 -6 -4
right_child=-2 2 6 4 5 -7 -8
leaf_value=0.00055783840775415841 0.0051598311011235862 -0.063514430962246043 -0.10545861197554547 -0.049409826442880452 0.088571391439065325 0.012392255812090762 -0.028826346655710124
leaf_weight=3256 4091 82 41 48 75 89 366
leaf_count=3256 4091 82 41 48 75 89 366
internal_value=0.000933095 -0.00343777 -0.0218691 0.000354873 0.0259533 0.04882 -0.0377322
internal_weight=8048 3957 701 294 212 164 407
internal_count=8048 3957 701 294 212 164 407
is_linear=0
shrinkage=0.02


Tree=878
num_leaves=8
num_cat=0
split_feature=14 34 38 14 17 22 13
split_gain=509.557 849.271 526.933 654.615 454.513 607.667 848.687
threshold=43.180000000000007 1.5000000000000002 8444.8500000000004 47.810000000000009 3890.5500000000006 17695.650000000005 364.75000000000006
decision_type=2 2 8 2 2 2 2
left_child=4 2 -2 -4 5 -1 -7
right_child=1 -3 3 -5 -6 6 -8
leaf_value=0.0044004101681429184 0.0042619632032968235 0.0062040149550139905 -0.12141002547923187 -0.032897731735150225 0.00070238106421978517 0.012219486861997975 0.068901564508883489
leaf_weight=1047 54 245 53 92 6072 312 157
leaf_count=1047 54 245 53 92 6072 312 157
internal_value=0.00192893 -0.018776 -0.0489285 -0.0682191 0.00315201 0.0129289 0.0317207
internal_weight=8032 444 199 145 7588 1516 469
internal_count=8032 444 199 145 7588 1516 469
is_linear=0
shrinkage=0.02


Tree=879
num_leaves=8
num_cat=0
split_feature=64 16 46 68 13 38 17
split_gain=591.243 1054.38 1087.28 810.278 931.718 878.811 832.115
threshold=2.5000000000000004 0.26345000000000002 4.5000000000000009 433782.90000000008 352.35000000000008 4348.2000000000007 3536.2500000000005
decision_type=2 2 2 2 2 8 2
left_child=1 -1 3 -3 5 -5 -6
right_child=-2 2 -4 4 6 -7 -8
leaf_value=-0.038576766139349419 -0.0046894840614370671 0.014560145238934752 0.02299013857114212 -0.062214523260340542 0.024252943134970135 0.021646846698380066 -0.074603842809796345
leaf_weight=180 5702 408 1269 61 40 201 165
leaf_count=180 5702 408 1269 61 40 201 165
internal_value=-0.00122463 0.00726831 0.011198 -0.00593732 -0.0238097 0.00132244 -0.0551965
internal_weight=8026 2324 2144 875 467 262 205
internal_count=8026 2324 2144 875 467 262 205
is_linear=0
shrinkage=0.02


Tree=880
num_leaves=8
num_cat=1
split_feature=48 35 53 4 40 23 23
split_gain=479.26 646.737 766.841 473.151 908.303 722.28 809.458
threshold=18.500000000000004 1.0000000180025095e-35 46.165000000000006 0 22.095000000000002 7.6500000000000012 5.9500000000000011
decision_type=2 2 2 1 2 2 2
left_child=3 2 -2 4 -1 6 -6
right_child=1 -3 -4 -5 5 -7 -8
leaf_value=0.057077480549191907 0.026073742262361681 0.023801445324444077 -0.050658813689581368 -0.00037855853116944928 0.0069448513117356184 0.015671318737954101 -0.045233247230707672
leaf_weight=154 63 98 237 5706 307 1147 188
leaf_count=154 63 98 237 5706 307 1147 188
internal_value=0.00131118 -0.0199376 -0.0343817 0.00245101 0.0113559 0.0069764 -0.0131264
internal_weight=7900 398 300 7502 1796 1642 495
internal_count=7900 398 300 7502 1796 1642 495
cat_boundaries=0 1
cat_threshold=2
is_linear=0
shrinkage=0.02


Tree=881
num_leaves=8
num_cat=0
split_feature=58 58 56 12 40 62 58
split_gain=414.85 1008.01 609.123 816.669 829.144 838.213 670.039
threshold=33.645000000000003 32.905000000000008 30.865000000000006 42.165000000000006 61.890000000000008 1.0000000180025095e-35 41.055000000000007
decision_type=2 2 2 2 2 2 2
left_child=1 -1 3 4 5 -2 -5
right_child=2 -3 -4 6 -6 -7 -8
leaf_value=-0.0053495230148239634 -0.036604703413322566 -0.055034886144272897 0.0035646557975513088 0.037037487590454353 0.016018326984010112 -0.12936809393866308 -0.021058210155596495
leaf_weight=2697 139 169 4569 132 66 53 184
leaf_count=2697 139 169 4569 132 66 53 184
internal_value=-0.0022796 -0.00837007 0.00111922 -0.018209 -0.0442476 -0.0648448 0.00340852
internal_weight=8009 2866 5143 574 258 192 316
internal_count=8009 2866 5143 574 258 192 316
is_linear=0
shrinkage=0.02


Tree=882
num_leaves=8
num_cat=1
split_feature=3 64 56 23 22 56 49
split_gain=315.923 1330.88 1588.49 880.519 1015.27 939.249 832.267
threshold=0 2.5000000000000004 50.725000000000001 10.750000000000002 18602.650000000005 33.995000000000012 28.500000000000004
decision_type=1 2 2 2 2 2 2
left_child=1 2 6 -3 5 -5 -1
right_child=-2 3 -4 4 -6 -7 -8
leaf_value=-0.0013022484662126028 -0.0019076783363026733 0.014588245403433626 0.15157470642526943 0.012794472415272783 0.021894865930080415 -0.067923581698217439 0.060839473049382913
leaf_weight=206 6789 438 40 77 121 209 143
leaf_count=206 6789 438 40 77 121 209 143
internal_value=-0.000211095 0.00903537 0.0394678 -0.00501783 -0.0260382 -0.0463454 0.0246595
internal_weight=8023 1234 389 845 407 286 349
internal_count=8023 1234 389 845 407 286 349
cat_boundaries=0 1
cat_threshold=4
is_linear=0
shrinkage=0.02


Tree=883
num_leaves=8
num_cat=1
split_feature=53 32 7 22 53 20 18
split_gain=368.964 638.623 795.772 600.731 483.992 555.172 482.979
threshold=85.855000000000004 1.0000000180025095e-35 0 18602.650000000005 83.445000000000007 884418.70000000007 454954.8000000001
decision_type=2 2 1 2 2 8 2
left_child=4 2 -2 6 -1 -6 -3
right_child=1 3 -4 -5 5 -7 -8
leaf_value=-0.0020453678363336384 -0.009597802861444368 -0.063704205719961063 0.056106508059039863 0.041103134996124675 0.021152759343385698 -0.063657264572371225 0.015655405764677086
leaf_weight=7351 116 85 187 51 41 99 44
leaf_count=7351 116 85 187 51 41 99 44
internal_value=-0.00166454 0.0151879 0.0327149 -0.0144026 -0.00276055 -0.0389471 -0.0370617
internal_weight=7974 483 303 180 7491 140 129
internal_count=7974 483 303 180 7491 140 129
cat_boundaries=0 1
cat_threshold=49
is_linear=0
shrinkage=0.02


Tree=884
num_leaves=8
num_cat=0
split_feature=43 47 17 13 34 0 47
split_gain=486.348 889.445 764.517 699.78 727.637 626.178 619.287
threshold=1.0000000180025095e-35 5.5000000000000009 77912.35000000002 431.15000000000003 3.5000000000000004 44.500000000000007 9.5000000000000018
decision_type=2 2 2 2 2 2 2
left_child=2 -2 3 4 6 -4 -1
right_child=1 -3 5 -5 -6 -7 -8
leaf_value=-0.023793842303700928 0.011909388676429395 -0.0038077376055795802 -0.0056708787355957361 0.036440081444231019 0.029422705144669017 0.090160196671431714 0.010878782058287351
leaf_weight=1382 2410 3564 53 108 132 50 239
leaf_count=1382 2410 3564 53 108 132 50 239
internal_value=-0.000301868 0.00253744 -0.00892285 -0.0118966 -0.0149697 0.0428694 -0.018664
internal_weight=7938 5974 1964 1861 1753 103 1621
internal_count=7938 5974 1964 1861 1753 103 1621
is_linear=0
shrinkage=0.02


Tree=885
num_leaves=8
num_cat=0
split_feature=47 14 68 12 44 0 52
split_gain=448.124 1232.18 1018.41 931.268 850.775 1076.14 1338.61
threshold=5.5000000000000009 8.7450000000000028 1211940.1500000001 45.745000000000012 1.0000000180025095e-35 46.500000000000007 25.625000000000004
decision_type=2 2 2 2 2 2 2
left_child=1 2 3 -1 -3 6 -6
right_child=-2 4 -4 -5 5 -7 -8
leaf_value=0.025965942811965941 -0.0025212140267846747 -0.008867097473965864 -0.10838772927261223 -0.050020940626290304 -0.045279270979635265 0.031178461048303498 0.012595332988805311
leaf_weight=120 4698 669 51 129 183 1085 1064
leaf_count=120 4698 669 51 129 183 1085 1064
internal_value=0.00144627 0.00708809 -0.0312353 -0.0136105 0.0109647 0.0166609 0.0039552
internal_weight=7999 3301 300 249 3001 2332 1247
internal_count=7999 3301 300 249 3001 2332 1247
is_linear=0
shrinkage=0.02


Tree=886
num_leaves=8
num_cat=0
split_feature=40 64 42 56 58 58 22
split_gain=375.306 424.176 668.863 584.047 1088.97 996.97 957.472
threshold=84.560000000000016 4.5000000000000009 30.680000000000003 30.575000000000003 41.885000000000012 21.940000000000001 21251.200000000001
decision_type=2 2 2 2 2 2 2
left_child=1 3 -3 4 5 -1 -6
right_child=-2 2 -4 -5 6 -7 -8
leaf_value=-0.062049669817250262 0.01973462342709072 0.063975368856664994 0.0053357752819133044 -0.0010953610979214515 -0.069432885077119144 0.0099968290843946098 0.028323631879745747
leaf_weight=88 334 87 512 6224 217 437 46
leaf_count=88 334 87 512 6224 217 437 46
internal_value=-0.000856636 -0.00177262 0.0143118 -0.00315585 -0.0193211 -0.00255098 -0.0521254
internal_weight=7945 7611 599 7012 788 525 263
internal_count=7945 7611 599 7012 788 525 263
is_linear=0
shrinkage=0.02


Tree=887
num_leaves=8
num_cat=0
split_feature=8 58 8 13 9 38 20
split_gain=430.444 721.675 608.783 677.645 523.023 852.275 681.634
threshold=8.5850000000000026 50.425000000000004 9.4650000000000016 375.35000000000008 18.500000000000004 8444.8500000000004 444434.70000000007
decision_type=2 2 2 2 2 10 10
left_child=1 -1 3 -2 -4 -6 -7
right_child=2 -3 4 -5 5 6 -8
leaf_value=0.036907730643965596 -0.075168153638585228 -0.028146005187357603 -0.0013070653239352543 0.018977490797334788 0.046928043493555976 -0.06887439477032628 0.022158498456338785
leaf_weight=276 84 86 7183 44 221 53 72
leaf_count=276 84 86 7183 44 221 53 72
internal_value=0.000121107 0.0212801 -0.00089246 -0.0433088 -0.000143079 0.0236958 -0.0176039
internal_weight=8019 362 7657 128 7529 346 125
internal_count=8019 362 7657 128 7529 346 125
is_linear=0
shrinkage=0.02


Tree=888
num_leaves=8
num_cat=3
split_feature=21 2 22 36 41 7 2
split_gain=702.53 586.842 1018.77 579.854 524.978 432.154 676.278
threshold=408995.65000000008 0 12008.900000000003 1.0000000180025095e-35 44.755000000000003 1 2
decision_type=10 1 2 2 2 1 1
left_child=5 2 4 -3 -2 6 -1
right_child=1 3 -4 -5 -6 -7 -8
leaf_value=0.0020884071626388299 -0.10448053787363337 0.056394976195361879 0.018745498908721063 0.0138732024285135 -0.017493822303117267 -1.1971326529927681e-05 -0.024878614601349817
leaf_weight=707 42 193 244 378 74 5606 774
leaf_count=707 42 193 244 378 74 5606 774
internal_value=-0.000415557 0.0158704 -0.00433325 0.0281223 -0.0520049 -0.00256468 -0.0121132
internal_weight=8018 931 360 571 116 7087 1481
internal_count=8018 931 360 571 116 7087 1481
cat_boundaries=0 1 2 3
cat_threshold=145 40 177
is_linear=0
shrinkage=0.02


Tree=889
num_leaves=8
num_cat=0
split_feature=68 23 49 23 24 42 22
split_gain=389.474 1268.48 1003.44 716.823 695.988 799.457 943.797
threshold=150225.00000000003 11.050000000000002 47.500000000000007 14.450000000000001 1.5000000000000002 50.275000000000013 15300.750000000002
decision_type=2 2 2 2 2 2 2
left_child=1 2 4 -3 5 6 -1
right_child=-2 3 -4 -5 -6 -7 -8
leaf_value=-0.024282837000237891 0.001710032105610689 0.029584166860312816 -0.072339192463399538 -0.0071039160079530714 0.00094280694619902183 -0.0087051500669070355 -0.12902724138715052
leaf_weight=78 6264 359 149 510 418 169 61
leaf_count=78 6264 359 149 510 418 169 61
internal_value=-0.000618631 -0.00896357 -0.0258948 0.00813515 -0.0159332 -0.0384855 -0.0731338
internal_weight=8008 1744 875 869 726 308 139
internal_count=8008 1744 875 869 726 308 139
is_linear=0
shrinkage=0.02


Tree=890
num_leaves=8
num_cat=0
split_feature=65 42 12 42 12 42 17
split_gain=489.07 1226.77 665.587 1062.55 822.413 927.958 794.237
threshold=1.0000000180025095e-35 80.790000000000006 51.270000000000003 29.045000000000005 56.035000000000004 50.725000000000001 12968.650000000003
decision_type=2 2 2 2 2 2 2
left_child=1 2 6 -4 -5 -6 -1
right_child=-2 -3 3 4 5 -7 -8
leaf_value=-0.021813489567108948 0.00050115927121056056 0.068812947335743141 -0.072879293472816548 0.091530964110906318 0.05076023971367824 -0.044644159893928607 -0.082839401524330752
leaf_weight=303 7245 57 55 47 71 83 117
leaf_count=303 7245 57 55 47 71 83 117
internal_value=-0.00107844 -0.0165889 -0.0242423 0.00121052 0.0227607 -0.000445961 -0.0395881
internal_weight=7978 733 676 256 201 154 420
internal_count=7978 733 676 256 201 154 420
is_linear=0
shrinkage=0.02


Tree=891
num_leaves=8
num_cat=0
split_feature=0 17 12 51 55 55 8
split_gain=639.667 811.848 844.599 1074.5 880.46 534.081 526.901
threshold=22.500000000000004 5299.5000000000009 60.805000000000007 10.540000000000001 50.085000000000008 49.615000000000002 6.9350000000000014
decision_type=2 2 2 2 2 2 2
left_child=1 -1 3 5 -5 -3 -2
right_child=6 2 -4 4 -6 -7 -8
leaf_value=0.0041754094031453129 0.04889091342687607 -0.058187922951247958 0.015360736666390529 -0.048483100324992645 0.034994087319978523 -0.1535784568094338 0.00019211842696435281
leaf_weight=370 85 67 99 176 66 43 7078
leaf_count=370 85 67 99 176 66 43 7078
internal_value=-0.00111752 -0.0177831 -0.0356461 -0.050006 -0.0254691 -0.100533 0.000803705
internal_weight=7984 821 451 352 242 110 7163
internal_count=7984 821 451 352 242 110 7163
is_linear=0
shrinkage=0.02


Tree=892
num_leaves=8
num_cat=2
split_feature=7 32 2 53 14 54 38
split_gain=334.715 638.831 953.119 836.17 807.278 748.88 785.708
threshold=0 1.0000000180025095e-35 1 85.855000000000004 17.975000000000005 76.205000000000013 2590.2000000000003
decision_type=1 2 1 2 2 2 8
left_child=1 3 -3 5 -5 6 -1
right_child=-2 2 -4 4 -6 -7 -8
leaf_value=-0.036904551107436422 -0.0061862931571772181 0.013855180546304953 -0.016847842624204353 0.0034936743857764191 0.086447437529642027 0.00054839479566469874 0.039194412981088347
leaf_weight=59 3170 583 1247 87 98 2304 385
leaf_count=59 3170 583 1247 87 98 2304 385
internal_value=-0.00116708 0.00218483 -0.00707171 0.00796994 0.0485553 0.00515444 0.0287838
internal_weight=7933 4763 1830 2933 185 2748 444
internal_count=7933 4763 1830 2933 185 2748 444
cat_boundaries=0 1 2
cat_threshold=10 81
is_linear=0
shrinkage=0.02


Tree=893
num_leaves=8
num_cat=0
split_feature=68 22 55 48 0 68 55
split_gain=396.097 449.381 617.188 578.841 520.595 446.439 730.215
threshold=1820341.55 18251.850000000002 54.605000000000011 5.5000000000000009 43.500000000000007 1651963.3 48.895000000000003
decision_type=2 2 2 2 2 2 2
left_child=5 2 3 -2 -3 -1 -7
right_child=1 4 -4 -5 -6 6 -8
leaf_value=-0.00013423666278220329 0.071599289716945749 -0.061013086375135646 -0.030802214528415719 0.0061164847272698599 0.021720901626992868 -0.0026866570467712313 -0.084918527386405249
leaf_weight=7416 139 47 46 88 69 126 61
leaf_count=7416 139 47 46 88 69 126 61
internal_value=9.88044e-05 0.019652 0.0334828 0.0468928 -0.0129366 -0.000913873 -0.0310238
internal_weight=7992 389 273 227 116 7603 187
internal_count=7992 389 273 227 116 7603 187
is_linear=0
shrinkage=0.02


Tree=894
num_leaves=8
num_cat=1
split_feature=53 20 2 55 53 17 12
split_gain=502.452 590.752 1019.66 581.36 578.217 760.185 525.267
threshold=39.905000000000008 941321.90000000014 0 41.145000000000003 41.345000000000006 8807.3000000000011 18.585000000000004
decision_type=2 8 1 2 2 2 2
left_child=1 -1 6 -4 5 -2 -3
right_child=4 2 3 -5 -6 -7 -8
leaf_value=-0.0069355870226332226 0.012045979461972675 0.002493199610617012 0.056237641842860099 -0.017792708271406065 0.00011906289984763135 -0.082912912242683018 0.065823453166465526
leaf_weight=306 58 67 48 208 6995 72 242
leaf_count=306 58 67 48 208 6995 72 242
internal_value=0.00108483 0.0153786 0.0274187 -0.00298617 -0.000672084 -0.0416696 0.0507343
internal_weight=7996 871 565 256 7125 130 309
internal_count=7996 871 565 256 7125 130 309
cat_boundaries=0 1
cat_threshold=30
is_linear=0
shrinkage=0.02


Tree=895
num_leaves=8
num_cat=0
split_feature=46 52 14 18 58 66 37
split_gain=358.716 681.499 607.816 641.873 559.743 825.792 987.938
threshold=3.5000000000000004 73.545000000000016 8.3050000000000015 196776.00000000003 27.735000000000003 0.18750000000000003 0.23670000000000005
decision_type=2 2 2 2 2 2 2
left_child=1 2 3 -1 5 -4 -7
right_child=-2 -3 4 -5 -6 6 -8
leaf_value=-0.067995829646305378 -0.0028164756659276448 0.04458414375015668 -0.069951988160610198 0.01340679623996434 0.012330255602228238 0.027537850742920852 -0.048555360547133858
leaf_weight=88 5874 170 80 64 1427 190 100
leaf_count=88 5874 170 80 64 1427 190 100
internal_value=-0.000271543 0.00677319 0.00336951 -0.0343856 0.0066496 -0.0151316 0.00092057
internal_weight=7993 2119 1949 152 1797 370 290
internal_count=7993 2119 1949 152 1797 370 290
is_linear=0
shrinkage=0.02


Tree=896
num_leaves=8
num_cat=1
split_feature=57 4 41 56 57 41 8
split_gain=347.65 619.737 670.45 359.52 355.554 505.454 378.888
threshold=5.5900000000000007 0 56.525000000000013 43.145000000000003 7.4900000000000011 43.015000000000008 24.545000000000005
decision_type=2 1 2 2 2 2 2
left_child=1 2 3 -1 5 -2 -6
right_child=4 -3 -4 -5 6 -7 -8
leaf_value=-0.11396446409070345 0.079269524031090291 0.0046430674547012505 0.0067892628687399401 -0.031970397136781528 0.0031409968295287864 0.00053959079997407066 -0.0058387707705726231
leaf_weight=56 48 173 49 41 3556 85 3976
leaf_count=56 48 173 49 41 3556 85 3976
internal_value=-0.0018766 -0.0221696 -0.0500363 -0.0825732 -0.00101815 0.030796 -0.00159998
internal_weight=7984 319 146 97 7665 133 7532
internal_count=7984 319 146 97 7665 133 7532
cat_boundaries=0 1
cat_threshold=1
is_linear=0
shrinkage=0.02


Tree=897
num_leaves=8
num_cat=0
split_feature=23 58 48 42 57 17 23
split_gain=511.05 733.339 650.09 793.392 549.249 472.757 396.216
threshold=23.250000000000004 22.245000000000001 7.5000000000000009 54.925000000000004 32.110000000000007 7575.1500000000005 18.450000000000003
decision_type=2 2 2 2 2 2 2
left_child=6 -2 4 -4 -3 -6 -1
right_child=1 2 3 -5 5 -7 -8
leaf_value=0.00038080381836507252 -0.054303108205397924 -0.016255975312346384 0.10845648797379959 0.0010878419245080072 0.074624937756856288 0.0082876996754096197 -0.015409183126519541
leaf_weight=6818 43 139 69 44 70 104 696
leaf_count=6818 43 139 69 44 70 104 696
internal_value=0.000178805 0.0203205 0.0283955 0.0684668 0.0130798 0.0363141 -0.00109105
internal_weight=7983 469 426 113 313 174 7514
internal_count=7983 469 426 113 313 174 7514
is_linear=0
shrinkage=0.02


Tree=898
num_leaves=8
num_cat=0
split_feature=8 21 58 67 49 21 58
split_gain=445.091 807.524 987.988 800.239 1029.04 741.495 686.195
threshold=26.195000000000004 270024.60000000003 20.215000000000003 22.3538148286347 38.500000000000007 274573.40000000008 60.845000000000006
decision_type=2 8 2 2 2 8 2
left_child=1 6 -3 -2 -5 -4 -1
right_child=3 2 5 4 -6 -7 -8
leaf_value=0.025749900181237406 -0.003073486310652432 -0.042908964631328657 -0.073774325505775562 -0.056973652710517249 0.023935150932306533 0.0031363412032809003 -0.033822751489662843
leaf_weight=824 3577 206 46 235 82 2983 81
leaf_count=824 3577 206 46 235 82 2983 81
internal_value=-0.000946328 0.00361713 -0.00106324 -0.0057965 -0.0359979 0.00184868 0.0202614
internal_weight=8034 4140 3235 3894 317 3029 905
internal_count=8034 4140 3235 3894 317 3029 905
is_linear=0
shrinkage=0.02


Tree=899
num_leaves=8
num_cat=0
split_feature=42 17 13 13 38 12 52
split_gain=601.127 1037.28 852.559 924.139 1609.65 1231.61 1125.52
threshold=37.085000000000008 1044.3000000000002 385.65000000000003 354.85000000000008 11082.300000000001 29.145000000000003 64.165000000000006
decision_type=2 2 2 2 8 2 2
left_child=1 -1 3 -3 5 -5 -6
right_child=-2 2 -4 4 6 -7 -8
leaf_value=-0.066936577320098875 -0.0034197044294970932 0.013162568715209691 0.033282569410573497 0.1120168516687725 -0.077285674729888953 -0.0059230126877119586 0.03105151389837265
leaf_weight=65 5733 1178 527 41 187 152 45
leaf_count=65 5733 1178 527 41 187 152 45
internal_value=-1.17976e-05 0.00887667 0.0113416 0.00404721 -0.0210777 0.0213276 -0.0560602
internal_weight=7928 2195 2130 1603 425 193 232
internal_count=7928 2195 2130 1603 425 193 232
is_linear=0
shrinkage=0.02


Tree=900
num_leaves=8
num_cat=0
split_feature=16 41 17 22 40 58 40
split_gain=345.903 731.718 830.883 964.686 826.17 732.716 463.728
threshold=0.72145000000000015 32.085000000000008 4882.1500000000005 16558.800000000007 60.895000000000003 30.895000000000003 45.935000000000009
decision_type=2 2 2 2 2 2 2
left_child=-1 -2 4 -4 6 -5 -3
right_child=1 2 3 5 -6 -7 -8
leaf_value=-0.0010443459307001469 0.063702888385494164 0.031212703850358091 -0.03402400438274656 -0.03938324118322796 -0.010831531531417346 0.057128628020936788 0.12771236384168586
leaf_weight=7383 96 42 247 40 61 105 42
leaf_count=7383 96 42 247 40 61 105 42
internal_value=0.00017589 0.0143048 0.00496762 -0.0102321 0.0450306 0.0300794 0.0839267
internal_weight=8016 633 537 392 145 145 84
internal_count=8016 633 537 392 145 145 84
is_linear=0
shrinkage=0.02


Tree=901
num_leaves=8
num_cat=1
split_feature=23 41 16 7 23 42 65
split_gain=371.363 793.683 848.279 673.036 586.039 523.712 517.72
threshold=4.3500000000000005 50.565000000000005 0.38355000000000006 0 4.4500000000000011 38.655000000000008 0.61250000000000016
decision_type=2 2 2 1 2 2 2
left_child=1 2 5 -3 -2 -1 -5
right_child=4 3 -4 6 -6 -7 -8
leaf_value=-0.063405320531792111 -0.069008288124994363 -0.044879467701245915 0.0576326919178001 0.040667485920282513 0.0003899074046162133 0.026068053875887204 -0.017714562879956288
leaf_weight=40 44 104 233 125 7293 58 110
leaf_count=40 44 104 233 125 7293 58 110
internal_value=0.00123299 0.015429 0.0372191 -0.00607866 -7.29858e-05 -0.0117568 0.0129984
internal_weight=8007 670 331 339 7337 98 235
internal_count=8007 670 331 339 7337 98 235
cat_boundaries=0 1
cat_threshold=21
is_linear=0
shrinkage=0.02


Tree=902
num_leaves=8
num_cat=0
split_feature=64 56 49 58 16 40 51
split_gain=481.205 793.862 639.923 866.274 637.333 631.273 523.582
threshold=1.5000000000000002 41.255000000000003 13.500000000000002 27.555000000000003 0.6331500000000001 47.975000000000001 9.7050000000000018
decision_type=2 2 2 2 2 2 2
left_child=1 4 -3 -4 6 -5 -1
right_child=-2 2 3 5 -6 -7 -8
leaf_value=-0.073216523373126979 -0.00026394983388317413 0.016026079144615395 0.011775753552404542 -0.052514007151085923 0.048917734603874566 -0.14635447042492719 -0.000940627903641703
leaf_weight=45 7519 47 43 86 77 47 203
leaf_count=45 7519 47 43 86 77 47 203
internal_value=-0.00158843 -0.0195946 -0.0482045 -0.0653258 0.000469023 -0.0897769 -0.015243
internal_weight=8067 548 223 176 325 133 248
internal_count=8067 548 223 176 325 133 248
is_linear=0
shrinkage=0.02


Tree=903
num_leaves=8
num_cat=0
split_feature=57 17 42 34 12 57 54
split_gain=436.583 616.862 958.834 727.531 700.34 876.634 700.782
threshold=5.5900000000000007 17041.350000000002 29.045000000000005 3.5000000000000004 51.57500000000001 27.715000000000003 87.135000000000005
decision_type=2 2 2 2 2 2 2
left_child=-1 3 4 -2 5 6 -3
right_child=1 2 -4 -5 -6 -7 -8
leaf_value=-0.02123386526528253 -0.0043448454982870036 0.041779693352415208 0.0042178156374915888 0.027075192506469434 0.0070672022184329244 0.029623525452558055 0.16000823179069831
leaf_weight=335 4594 42 2311 310 196 172 44
leaf_count=335 4594 42 2311 310 196 172 44
internal_value=0.000944389 0.00192639 0.00947162 -0.00233311 0.0358778 0.0572145 0.107737
internal_weight=8004 7669 2765 4904 454 258 86
internal_count=8004 7669 2765 4904 454 258 86
is_linear=0
shrinkage=0.02


Tree=904
num_leaves=8
num_cat=1
split_feature=68 1 10 10 68 10 20
split_gain=383.528 678.732 799.955 709.72 630.859 717.313 665.544
threshold=1820341.55 0 23982.800000000007 74207.300000000003 1651963.3 65069.100000000006 1359507.9500000004
decision_type=2 1 2 2 2 2 10
left_child=4 2 -2 -3 -1 6 -6
right_child=1 3 -4 -5 5 -7 -8
leaf_value=-0.00039052808893495148 0.11281379578205256 -0.028990493905213147 0.020202430373913532 0.054812771247191867 -0.12102969976181679 0.027239980827678336 -0.028409038465470077
leaf_weight=7409 47 148 143 50 42 50 105
leaf_count=7409 47 148 143 50 42 50 105
internal_value=-0.000346935 0.0189197 0.0454168 -0.00699923 -0.00134155 -0.0362138 -0.0579828
internal_weight=7994 388 190 198 7606 197 147
internal_count=7994 388 190 198 7606 197 147
cat_boundaries=0 1
cat_threshold=2
is_linear=0
shrinkage=0.02


Tree=905
num_leaves=8
num_cat=0
split_feature=52 14 38 23 46 40 51
split_gain=439.023 428.67 564.506 607.902 534.27 596.792 450.572
threshold=2.8800000000000003 43.180000000000007 26806.550000000007 7.4500000000000011 3.5000000000000004 50.45000000000001 28.815000000000001
decision_type=2 2 8 2 2 2 2
left_child=-1 -2 6 -4 -5 -6 -3
right_child=1 2 3 4 5 -7 -8
leaf_value=-0.038250345046367124 0.0033167379510833841 -0.037720205764407697 -0.089704343721048158 -0.066258287780500691 0.061711910306190963 -0.029633465595003489 0.022954760819966988
leaf_weight=104 7443 64 62 53 44 64 164
leaf_count=104 7443 64 62 53 44 64 164
internal_value=0.00161645 0.00216556 -0.0166608 -0.038921 -0.0172518 0.00866526 0.00547923
internal_weight=7998 7894 451 223 161 108 228
internal_count=7998 7894 451 223 161 108 228
is_linear=0
shrinkage=0.02


Tree=906
num_leaves=8
num_cat=0
split_feature=22 22 41 33 47 38 53
split_gain=276.414 624.165 969.02 930.197 861.86 846.031 518.339
threshold=11320.400000000001 12431.850000000002 65.945000000000007 2.5000000000000004 6.5000000000000009 15515.750000000002 65.565000000000012
decision_type=2 2 2 2 2 8 2
left_child=6 2 3 4 5 -2 -1
right_child=1 -3 -4 -5 -6 -7 -8
leaf_value=-0.0016247447842033581 -0.014595008181489033 0.00028513972114887473 0.029696136708921336 -0.0081140362786276173 -0.015569117154644907 -0.12444513955712319 0.018750602111823972
leaf_weight=1259 41 5273 122 299 101 95 822
leaf_count=1259 41 5273 122 299 101 95 822
internal_value=0.000186675 -0.00201424 -0.0203039 -0.0318537 -0.0610174 -0.0930205 0.00644922
internal_weight=8012 5931 658 536 237 136 2081
internal_count=8012 5931 658 536 237 136 2081
is_linear=0
shrinkage=0.02


Tree=907
num_leaves=8
num_cat=0
split_feature=64 41 34 17 47 22 0
split_gain=438.329 1117 772.271 767.796 1647.08 960.917 826.5
threshold=2.5000000000000004 81.220000000000013 2.5000000000000004 3100.4000000000005 7.5000000000000009 12900.900000000003 45.500000000000007
decision_type=2 2 2 2 2 2 2
left_child=1 2 3 4 5 -1 -7
right_child=-2 -3 -4 -5 -6 6 -8
leaf_value=-0.060879306731153465 -0.002485885153824426 0.074608940432469059 0.035023953616870822 -0.0056115078978101786 0.084689866521755072 -0.018205970801089124 0.070642484777057785
leaf_weight=76 5710 91 291 1593 122 87 73
leaf_count=76 5710 91 291 1593 122 87 73
internal_value=0.000498892 0.0077938 0.00492188 0.000353969 0.0266103 -0.00454796 0.0232434
internal_weight=8043 2333 2242 1951 358 236 160
internal_count=8043 2333 2242 1951 358 236 160
is_linear=0
shrinkage=0.02


Tree=908
num_leaves=8
num_cat=0
split_feature=68 46 68 8 57 21 21
split_gain=439.741 485.314 484.741 678.516 430.679 464.774 563.517
threshold=1820341.55 2.5000000000000004 1651963.3 22.555000000000003 50.720000000000006 339633.45000000001 278413.60000000003
decision_type=2 2 2 2 2 8 10
left_child=2 -2 -1 -4 5 6 -3
right_child=1 4 3 -5 -6 -7 -8
leaf_value=-0.00018857176276667915 -0.033643088664474158 0.040539707982841934 -0.081458799087665457 -0.0034261566530617454 -0.020669803321361542 0.059446662517214213 -0.045848855476598345
leaf_weight=7505 53 74 66 121 55 171 44
leaf_count=7505 53 74 66 121 55 171 44
internal_value=7.36007e-05 0.0204656 -0.000991483 -0.0323712 0.0291647 0.038839 0.00777271
internal_weight=8089 397 7692 187 344 289 118
internal_count=8089 397 7692 187 344 289 118
is_linear=0
shrinkage=0.02


Tree=909
num_leaves=8
num_cat=0
split_feature=48 57 15 51 48 12 41
split_gain=335.701 1205.83 483.311 450.574 379.265 306.051 656.752
threshold=19.500000000000004 51.705000000000005 1.5000000000000002 18.535000000000004 25.500000000000004 10.525 31.505000000000006
decision_type=2 2 2 2 2 2 2
left_child=5 2 3 -2 -5 6 -1
right_child=1 -3 -4 4 -6 -7 -8
leaf_value=-0.067443180100123096 0.020351587954449326 0.059100800919443815 -0.08722163390496683 -0.062509090315837124 0.0022322406942645711 0.0037424843781423038 -0.0021755765515279637
leaf_weight=70 68 62 53 99 55 7183 349
leaf_count=70 68 62 53 99 55 7183 349
internal_value=0.00189982 -0.0174867 -0.0355007 -0.0215037 -0.0400441 0.00277016 -0.0137462
internal_weight=7939 337 275 222 154 7602 419
internal_count=7939 337 275 222 154 7602 419
is_linear=0
shrinkage=0.02


Tree=910
num_leaves=8
num_cat=0
split_feature=67 54 67 67 54 55 23
split_gain=406.286 1048.91 962.429 898.31 849.875 733.505 673.552
threshold=7.4973940324057109 80.00500000000001 14.844944542193032 20.909217247113606 85.215000000000018 30.445000000000004 6.1500000000000012
decision_type=2 2 2 2 2 2 2
left_child=-1 3 4 6 -3 -4 -2
right_child=1 2 5 -5 -6 -7 -8
leaf_value=-0.0034360373043900894 0.053913165603469058 -0.019908513313278239 -0.092278339671237136 0.062177821607467272 0.024634887678789553 -0.012459588755114452 0.00081443392061134837
leaf_weight=5480 118 230 44 197 633 828 429
leaf_count=5480 118 230 44 197 633 828 429
internal_value=-0.000397273 0.00631352 -0.00221949 0.0260944 0.0127172 -0.0169903 0.0126536
internal_weight=7959 2479 1735 744 863 872 547
internal_count=7959 2479 1735 744 863 872 547
is_linear=0
shrinkage=0.02


Tree=911
num_leaves=8
num_cat=0
split_feature=56 23 58 53 17 56 54
split_gain=474.21 781.068 903.745 912.231 829.092 719.454 835.077
threshold=28.685000000000006 16.450000000000003 41.885000000000012 76.865000000000023 6211.6000000000013 30.155000000000005 94.00500000000001
decision_type=2 2 2 2 2 2 2
left_child=1 2 3 4 -1 6 -2
right_child=5 -3 -4 -5 -6 -7 -8
leaf_value=0.084416580175937617 -0.011558408152838652 -0.026340982223932562 -0.015208621062911475 0.13188383266329765 0.0089046438768624319 -0.00097437288900306662 -0.090632815963196514
leaf_weight=81 186 125 125 40 184 7182 71
leaf_count=81 186 125 125 40 184 7182 71
internal_value=-0.000827909 0.0169217 0.0296562 0.0479922 0.0331215 -0.00216262 -0.0347166
internal_weight=7994 555 430 305 265 7439 257
internal_count=7994 555 430 305 265 7439 257
is_linear=0
shrinkage=0.02


Tree=912
num_leaves=8
num_cat=0
split_feature=64 16 50 41 51 38 15
split_gain=411.384 378.244 744.244 606.394 813.392 704.459 558.543
threshold=1.0000000180025095e-35 0.50155000000000005 3.5000000000000004 68.115000000000023 9.2600000000000016 64265.900000000009 1.0000000180025095e-35
decision_type=2 2 2 2 2 10 2
left_child=-1 2 3 5 -5 6 -2
right_child=1 -3 -4 4 -6 -7 -8
leaf_value=-0.055352203335080834 -0.0030976021138744681 0.0037038879349311706 0.037982310524871277 0.057303902123306626 0.00035588677933341575 -0.072975653452532638 -0.020593528374754633
leaf_weight=51 2241 3709 150 117 565 65 1079
leaf_count=51 2241 3709 150 117 565 65 1079
internal_value=-0.0013344 -0.000952145 -0.00504683 -0.00667853 0.0104715 -0.0101442 -0.0088062
internal_weight=7977 7926 4217 4067 682 3385 3320
internal_count=7977 7926 4217 4067 682 3385 3320
is_linear=0
shrinkage=0.02


Tree=913
num_leaves=8
num_cat=0
split_feature=57 44 58 54 42 47 58
split_gain=376.694 679.927 775.757 1036.76 931.516 1356.7 677.682
threshold=34.005000000000003 1.0000000180025095e-35 37.485000000000007 97.495000000000019 37.965000000000011 7.5000000000000009 43.095000000000006
decision_type=2 2 2 2 2 2 2
left_child=-1 2 -2 4 6 -6 -4
right_child=1 -3 3 -5 5 -7 -8
leaf_value=0.0040546110804992336 -0.0056555050907142832 -0.00059589988648857297 -0.063177057238335305 0.030780787774682291 -0.13529698109055319 -0.020915744702021281 0.041677327190454187
leaf_weight=3801 528 3376 42 56 98 73 47
leaf_count=3801 528 3376 42 56 98 73 47
internal_value=-0.00050944 -0.00462026 -0.0206194 -0.0451448 -0.0617703 -0.088449 -0.00853299
internal_weight=8021 4220 844 316 260 171 89
internal_count=8021 4220 844 316 260 171 89
is_linear=0
shrinkage=0.02


Tree=914
num_leaves=8
num_cat=1
split_feature=50 42 2 68 23 53 42
split_gain=417.916 491.492 329.695 742.71 1030.43 815.632 762.664
threshold=3.5000000000000004 38.880000000000003 0 179015.80000000002 7.7500000000000009 79.645000000000024 20.205000000000002
decision_type=2 2 1 2 2 2 2
left_child=2 -2 3 4 -1 -6 -5
right_child=1 -3 -4 6 5 -7 -8
leaf_value=-0.073362086582928893 0.062547107636928556 0.0051867443716133036 0.0020975038824065156 -0.042274373234882034 0.00086030468677495342 -0.082108466912399633 0.003154277525102756
leaf_weight=139 86 177 5381 157 342 50 1684
leaf_count=139 86 177 5381 157 342 50 1684
internal_value=0.000205891 0.0247604 -0.000642475 -0.00682968 -0.0275776 -0.0106233 -0.000823875
internal_weight=8016 263 7753 2372 531 392 1841
internal_count=8016 263 7753 2372 531 392 1841
cat_boundaries=0 1
cat_threshold=13
is_linear=0
shrinkage=0.02


Tree=915
num_leaves=8
num_cat=0
split_feature=64 34 64 42 64 54 22
split_gain=469.64 332.029 1497.57 805.815 603.005 598.401 1358.79
threshold=1.0000000180025095e-35 2.5000000000000004 2.5000000000000004 26.055000000000003 4.5000000000000009 73.02500000000002 13651.800000000001
decision_type=2 2 2 2 2 2 2
left_child=-1 4 -3 -4 5 6 -2
right_child=1 2 3 -5 -6 -7 -8
leaf_value=-0.054778574822378946 -0.015769093255264259 0.049847990335411811 0.036237824907016866 -0.004546474822437324 0.024994858464038153 -0.0053313316949952149 0.040613122060894964
leaf_weight=56 314 287 218 1474 322 4999 365
leaf_count=56 314 287 218 1474 322 4999 365
internal_value=0.000505319 0.000927387 0.00802037 0.000799528 -0.00141684 -0.00293533 0.0146148
internal_weight=8035 7979 1979 1692 6000 5678 679
internal_count=8035 7979 1979 1692 6000 5678 679
is_linear=0
shrinkage=0.02


Tree=916
num_leaves=8
num_cat=2
split_feature=12 46 2 40 2 42 23
split_gain=482.199 698.348 953.561 1103.4 779.237 746.055 642.734
threshold=67.38000000000001 3.5000000000000004 0 30.425000000000004 1 44.765000000000008 26.850000000000005
decision_type=2 2 1 2 1 2 2
left_child=6 2 3 -2 5 -3 -1
right_child=1 4 -4 -5 -6 -7 -8
leaf_value=-0.0010238280329253188 -0.088907928272169465 0.052846951923343578 0.053789193286408077 0.032650490561863046 -0.015252345367668041 0.0020393124294683469 -0.040202374620211513
leaf_weight=6406 44 173 260 72 502 331 167
leaf_count=6406 44 173 260 72 502 331 167
internal_value=0.000210749 0.0109273 0.0339885 -0.0140641 0.0021825 0.019445 -0.00204904
internal_weight=7955 1382 376 116 1006 504 6573
internal_count=7955 1382 376 116 1006 504 6573
cat_boundaries=0 1 2
cat_threshold=88 58
is_linear=0
shrinkage=0.02


Tree=917
num_leaves=8
num_cat=0
split_feature=23 42 67 23 23 40 52
split_gain=445.515 1228.37 961.966 936.841 774.387 745.715 680.165
threshold=22.550000000000004 30.335000000000004 2.8791160539777048 25.050000000000004 17.350000000000005 48.940000000000005 47.225000000000001
decision_type=2 2 2 2 2 2 2
left_child=4 6 3 -3 -1 -5 -2
right_child=1 2 -4 5 -6 -7 -8
leaf_value=0.00058743400191655205 0.12081990082417765 0.025963975870609283 0.037417215189793046 -0.10753334556446702 -0.019397121973259459 -0.018000878045143925 0.016548614847660063
leaf_weight=6590 57 95 175 56 874 102 45
leaf_count=6590 57 95 175 56 874 102 45
internal_value=-0.000501539 0.0171292 0.00195351 -0.0228265 -0.00176408 -0.0520591 0.0777408
internal_weight=7994 530 428 253 7464 158 102
internal_count=7994 530 428 253 7464 158 102
is_linear=0
shrinkage=0.02


Tree=918
num_leaves=8
num_cat=0
split_feature=46 14 14 48 54 14 57
split_gain=375.726 568.095 446.512 512.865 825.761 887.709 623.522
threshold=11.500000000000002 16.855000000000004 34.32500000000001 5.5000000000000009 76.205000000000013 36.835000000000008 39.285000000000004
decision_type=2 2 2 2 2 2 2
left_child=2 -2 -1 4 -4 -6 -5
right_child=1 -3 3 6 5 -7 -8
leaf_value=0.003623946011944977 -0.060847998481896738 0.0024196990214763801 0.048249465917420187 -0.0039113446251716026 -0.067164225182035464 0.0029778917694982905 -0.056102800488678939
leaf_weight=6969 92 136 112 188 86 347 175
leaf_count=6969 92 136 112 188 86 347 175
internal_value=0.00116404 -0.0238673 0.00190326 -0.0112507 0.0010572 -0.011561 -0.0294929
internal_weight=8105 228 7877 908 545 433 363
internal_count=8105 228 7877 908 545 433 363
is_linear=0
shrinkage=0.02


Tree=919
num_leaves=8
num_cat=0
split_feature=58 38 41 24 17 44 31
split_gain=320.397 363.447 875.242 971.713 1244.9 719.551 1071.82
threshold=10.365000000000002 17351.150000000005 40.615000000000002 4.5000000000000009 2659.2500000000005 1.0000000180025095e-35 1.0000000180025095e-35
decision_type=2 8 2 2 2 2 2
left_child=-1 2 3 4 -2 6 -6
right_child=1 -3 -4 -5 5 -7 -8
leaf_value=0.042960825977118117 -0.034804269553926903 -0.004321327618279463 -0.002334846669982999 -0.031972666591405872 -0.055961654520178421 0.043033783573836325 0.034745711426649777
leaf_weight=64 118 4226 2520 130 78 692 135
leaf_count=64 118 4226 2520 130 78 692 135
internal_value=5.04727e-05 -0.000324156 0.00427444 0.0186674 0.0252269 0.0332023 0.00100726
internal_weight=7963 7899 3673 1153 1023 905 213
internal_count=7963 7899 3673 1153 1023 905 213
is_linear=0
shrinkage=0.02


Tree=920
num_leaves=8
num_cat=2
split_feature=3 41 49 4 16 41 10
split_gain=494.745 792.554 592.545 832.411 831.836 659.951 644.606
threshold=0 22.780000000000005 20.500000000000004 1 0.60815000000000008 42.160000000000004 14954.450000000003
decision_type=1 2 2 1 2 2 2
left_child=1 -1 3 -3 5 -5 -4
right_child=-2 2 6 4 -6 -7 -8
leaf_value=0.064469956483159743 -0.0019685793103747518 0.017155987740772073 -0.010620391323829867 0.0059478885987225708 0.028771548670227243 -0.081321769151696588 0.031683339684176991
leaf_weight=100 6826 213 205 46 54 128 464
leaf_count=100 6826 213 205 46 54 128 464
internal_value=0.000127861 0.0118328 0.006929 -0.0109941 -0.0362754 -0.0587288 0.0187377
internal_weight=8036 1210 1110 441 228 174 669
internal_count=8036 1210 1110 441 228 174 669
cat_boundaries=0 1 2
cat_threshold=4 10
is_linear=0
shrinkage=0.02


Tree=921
num_leaves=8
num_cat=0
split_feature=21 42 52 50 52 14 49
split_gain=567.917 892.309 970.272 898.137 542.894 745.839 707.641
threshold=216396.85000000003 37.965000000000011 68.805000000000021 1.5000000000000002 38.885000000000012 14.145000000000001 15.500000000000002
decision_type=8 2 2 2 2 2 2
left_child=1 2 3 -1 -3 -6 -7
right_child=-2 4 -4 -5 5 6 -8
leaf_value=-0.0042077119101917269 -0.0036746251927847634 0.028699511382305486 0.12640524806177361 0.077332329890307264 0.025881253824089515 -0.083551193736493584 -0.011712997709515647
leaf_weight=147 7121 171 42 80 127 72 198
leaf_count=147 7121 171 42 80 127 72 198
internal_value=-0.00184031 0.0136948 0.0433384 0.0255762 -0.000599897 -0.01342 -0.0320407
internal_weight=7958 837 269 227 568 397 270
internal_count=7958 837 269 227 568 397 270
is_linear=0
shrinkage=0.02


Tree=922
num_leaves=8
num_cat=0
split_feature=64 41 33 55 57 48 8
split_gain=379.322 864.877 538.867 458.824 431.56 960.494 720.609
threshold=4.5000000000000009 37.585000000000008 3.5000000000000004 47.765000000000008 38.565000000000005 4.5000000000000009 49.745000000000005
decision_type=2 2 2 2 2 2 2
left_child=4 3 -3 -2 -1 6 -6
right_child=1 2 -4 -5 5 -7 -8
leaf_value=0.0026366869686473221 0.084661380776919745 0.028875834835741 -0.013038668067805086 0.0054790171585520917 0.0070365711469120877 -0.019249368036755959 -0.036413816016101275
leaf_weight=4238 87 190 326 44 1578 1427 164
leaf_count=4238 87 190 326 44 1578 1427 164
internal_value=-0.000250697 0.0143747 0.00252397 0.059245 -0.00153706 -0.0071141 0.00285344
internal_weight=8054 647 516 131 7407 3169 1742
internal_count=8054 647 516 131 7407 3169 1742
is_linear=0
shrinkage=0.02


Tree=923
num_leaves=8
num_cat=0
split_feature=46 57 38 64 22 23 9
split_gain=371.583 1222.81 782.179 664.89 623.303 581.422 445.164
threshold=1.5000000000000002 24.305000000000003 14697.800000000001 2.5000000000000004 15859.400000000001 9.4500000000000011 21.500000000000004
decision_type=2 2 10 2 2 2 2
left_child=1 4 3 5 -1 -3 -2
right_child=6 2 -4 -5 -6 -7 -8
leaf_value=-0.099348321476679172 -0.00066468786231389776 -0.064502028495561886 -0.053885534450977664 0.038538263811526564 -0.014926856715570798 0.026554587730821574 0.0296515534659052
leaf_weight=84 7331 56 74 192 61 48 194
leaf_count=84 7331 56 74 192 61 48 194
internal_value=-0.000993762 -0.0173449 0.00215427 0.0168266 -0.0655145 -0.0231856 0.000136057
internal_weight=8040 515 370 296 145 104 7525
internal_count=8040 515 370 296 145 104 7525
is_linear=0
shrinkage=0.02


Tree=924
num_leaves=8
num_cat=1
split_feature=3 56 56 23 55 23 58
split_gain=404.484 751.397 777.115 868.755 679.727 623.307 529.82
threshold=0 30.155000000000005 29.525000000000002 16.450000000000003 53.675000000000004 23.250000000000004 34.375000000000007
decision_type=1 2 2 2 2 2 2
left_child=-1 2 3 4 -2 6 -3
right_child=1 5 -4 -5 -6 -7 -8
leaf_value=0.0032505575443796913 0.019022511230425889 -0.016949120372513747 -0.099357191359003394 -0.079232148314650003 -0.060334279516287018 0.029701796537110109 0.00019782923775864283
leaf_weight=4053 173 1040 55 69 52 214 2323
leaf_count=4053 173 1040 55 69 52 214 2323
internal_value=-0.00117748 -0.00574074 -0.0335527 -0.0197867 -0.000230639 -0.00300016 -0.00512212
internal_weight=7979 3926 349 294 225 3577 3363
internal_count=7979 3926 349 294 225 3577 3363
cat_boundaries=0 1
cat_threshold=5
is_linear=0
shrinkage=0.02


Tree=925
num_leaves=8
num_cat=0
split_feature=8 48 0 12 37 46 10
split_gain=364.001 711.784 690.53 496.227 688.64 714.624 580.729
threshold=47.245000000000012 1.0000000180025095e-35 47.500000000000007 35.015000000000008 0.075950000000000004 4.5000000000000009 84537.35000000002
decision_type=2 2 2 2 2 2 2
left_child=-1 2 -2 4 5 -3 -5
right_child=1 3 -4 6 -6 -7 -8
leaf_value=0.0027434086696000925 -0.08733905393722316 -0.0015056709025768524 0.005596974589607933 -0.028254617726119858 -0.0068480777026664833 0.10704118875035068 0.018470755845651422
leaf_weight=7072 81 42 50 355 150 52 147
leaf_count=7072 81 42 50 355 150 52 147
internal_value=0.0012342 -0.0108824 -0.0529656 -0.00318905 0.0199563 0.060915 -0.0145249
internal_weight=7949 877 131 746 244 94 502
internal_count=7949 877 131 746 244 94 502
is_linear=0
shrinkage=0.02


Tree=926
num_leaves=8
num_cat=0
split_feature=22 56 42 14 16 9 22
split_gain=343.485 332.147 976.04 431.814 354.454 305.9 336.875
threshold=38110.700000000004 54.585000000000008 34.960000000000008 11.515000000000002 0.84965000000000013 28.500000000000004 13720.000000000002
decision_type=2 2 2 2 2 2 2
left_child=1 4 -3 -4 5 -1 -7
right_child=-2 2 3 -5 -6 6 -8
leaf_value=-0.0014316235905460987 0.045258331381003644 0.093087067750593028 0.054093931584696595 -0.014017633058927415 0.048199121984889959 -0.0049159663418928785 0.074279452764325668
leaf_weight=7596 63 55 43 161 54 40 40
leaf_count=7596 63 55 43 161 54 40 40
internal_value=0.000498412 0.000117356 0.0221773 0.00128986 -0.000635639 -0.00101034 0.0367218
internal_weight=8052 7989 259 204 7730 7676 80
internal_count=8052 7989 259 204 7730 7676 80
is_linear=0
shrinkage=0.02


Tree=927
num_leaves=8
num_cat=0
split_feature=9 0 42 0 52 40 23
split_gain=421.203 667.668 421.832 437.308 339.296 396.822 339.433
threshold=21.500000000000004 69.500000000000014 32.045000000000009 56.500000000000007 92.180000000000021 47.445000000000007 10.950000000000001
decision_type=2 2 2 2 2 2 2
left_child=4 2 -2 -4 -1 -6 -7
right_child=1 -3 3 -5 5 6 -8
leaf_value=-0.00044036860982707464 0.10316477617952559 -0.02293433156527885 -0.017059947705039612 0.060588876825311909 0.079759548637602068 0.039508881724027341 -0.03048394612018384
leaf_weight=7653 40 68 47 64 40 56 46
leaf_count=7653 40 68 47 64 40 56 46
internal_value=0.000914568 0.0279541 0.0508713 0.0283924 0.000137461 0.030235 0.00799402
internal_weight=8014 219 151 111 7795 142 102
internal_count=8014 219 151 111 7795 142 102
is_linear=0
shrinkage=0.02


Tree=928
num_leaves=8
num_cat=0
split_feature=8 35 40 23 8 42 42
split_gain=459.112 665.556 783.582 655.537 458.877 398.78 663.378
threshold=8.8050000000000015 1.0000000180025095e-35 51.215000000000011 10.450000000000001 9.4650000000000016 42.500000000000007 27.305000000000003
decision_type=2 2 2 2 2 2 2
left_child=1 2 5 -4 -2 6 -1
right_child=4 -3 3 -5 -6 -7 -8
leaf_value=0.085790522148211798 -0.041603993573310703 -0.038555153184570375 -0.036664715594715541 0.040785179141689748 -0.00045747155854997253 0.096427518903435039 -0.016475772410631181
leaf_weight=43 105 59 85 80 7535 72 51
leaf_count=43 105 59 85 80 7535 72 51
internal_value=3.6569e-05 0.0210623 0.0321046 0.000981858 -0.00104981 0.0621066 0.0322758
internal_weight=8030 390 331 165 7640 166 94
internal_count=8030 390 331 165 7640 166 94
is_linear=0
shrinkage=0.02


Tree=929
num_leaves=8
num_cat=1
split_feature=42 2 57 21 53 58 42
split_gain=481.411 390.876 519.136 372.872 584.71 855.189 743.447
threshold=9.1200000000000028 0 23.865000000000006 408995.65000000008 68.25500000000001 32.645000000000003 34.475000000000001
decision_type=2 1 2 10 2 2 2
left_child=1 2 -1 -2 6 -6 -5
right_child=3 -3 -4 4 5 -7 -8
leaf_value=-0.041479959832183243 -0.0018171747742904149 -0.050732608788894663 0.042433111597783867 -0.044355312929799162 0.085290126321108453 0.012263508381022673 0.011336642697109867
leaf_weight=53 6824 124 55 115 87 219 472
leaf_count=53 6824 124 55 115 87 219 472
internal_value=-0.00108656 -0.0291632 0.00113942 -0.000224142 0.0118916 0.0340634 0.000143481
internal_weight=7949 232 108 7717 893 306 587
internal_count=7949 232 108 7717 893 306 587
cat_boundaries=0 1
cat_threshold=43
is_linear=0
shrinkage=0.02


Tree=930
num_leaves=8
num_cat=0
split_feature=52 21 52 40 64 58 52
split_gain=523.602 612.515 785.224 571.318 920.584 505.018 648.932
threshold=41.510000000000012 217840.55000000002 41.105000000000011 70.715000000000018 2.5000000000000004 34.095000000000006 19.875000000000004
decision_type=2 8 2 2 2 2 2
left_child=1 -1 3 5 -5 -3 -7
right_child=-2 2 -4 4 -6 6 -8
leaf_value=0.03087826590202632 -0.0059068326039014305 -0.015221919107297015 0.068059910991485562 0.098373865053571499 0.0068394153383805568 -0.019331853228135847 0.011952526865299747
leaf_weight=314 5109 883 64 53 185 350 1045
leaf_count=314 5109 883 64 53 185 350 1045
internal_value=-0.00205866 0.00473327 0.00149771 -0.000327071 0.0288279 -0.00342957 0.00406239
internal_weight=8003 2894 2580 2516 238 2278 1395
internal_count=8003 2894 2580 2516 238 2278 1395
is_linear=0
shrinkage=0.02


Tree=931
num_leaves=8
num_cat=0
split_feature=56 56 42 57 17 41 49
split_gain=357.707 738.201 431.557 418.421 290.922 670.569 687.561
threshold=58.75500000000001 55.295000000000009 36.865000000000002 40.555000000000007 5720.0500000000011 16.360000000000003 47.500000000000007
decision_type=2 2 2 2 2 2 2
left_child=1 4 -3 -4 5 -1 -7
right_child=-2 2 3 -5 -6 6 -8
leaf_value=-0.0460283544457828 -0.042017736729187301 0.09567207052629996 0.054580669342850649 -0.025576545361508718 -0.0026488762156267605 0.012781869857205164 -0.017064237363464869
leaf_weight=91 74 42 55 42 5378 1899 364
leaf_count=91 74 42 55 42 5378 1899 364
internal_value=0.000328589 0.000753134 0.0456203 0.020321 -8.24152e-05 0.00577416 0.00795413
internal_weight=7945 7871 139 97 7732 2354 2263
internal_count=7945 7871 139 97 7732 2354 2263
is_linear=0
shrinkage=0.02


Tree=932
num_leaves=8
num_cat=0
split_feature=24 17 14 17 20 14 18
split_gain=285.841 528.389 460.474 274.78 770.94 799.862 730.68
threshold=5.5000000000000009 3653.8000000000006 13.305000000000001 16791.950000000004 510337.80000000005 33.295000000000009 532756.95000000007
decision_type=2 2 2 2 8 2 2
left_child=3 -2 -3 -1 5 6 -5
right_child=1 2 -4 4 -6 -7 -8
leaf_value=-0.0022101630901392409 0.035477821850968948 -0.068293708451530516 -0.012422712992590209 -0.033697474843177658 0.0093490415138970974 -0.10107733814936617 0.035032911416901118
leaf_weight=4847 57 80 203 177 2492 41 89
leaf_count=4847 57 80 203 177 2492 41 89
internal_value=-0.000132377 -0.0179399 -0.0291281 0.000670689 0.00565448 -0.0240045 -0.0104791
internal_weight=7986 340 283 7646 2799 307 266
internal_count=7986 340 283 7646 2799 307 266
is_linear=0
shrinkage=0.02


Tree=933
num_leaves=8
num_cat=0
split_feature=16 12 17 67 13 68 68
split_gain=375.631 622.138 707.164 482.731 495.441 561.09 434.405
threshold=0.74725000000000008 30.655000000000005 3414.2000000000003 5.7799571919172612 346.95000000000005 400032.65000000008 172585.30000000002
decision_type=2 2 2 2 2 2 2
left_child=6 -2 -3 4 -4 -6 -1
right_child=1 2 3 -5 5 -7 -8
leaf_value=-0.011327221745718494 0.066073657970830618 0.060202386859502348 0.004329209656550966 0.032959375029633524 -0.0061350334428672531 -0.10079620131739864 0.00023632958962772224
leaf_weight=1661 78 69 111 75 48 49 5906
leaf_count=1661 78 69 111 75 48 49 5906
internal_value=-0.00127022 0.0168043 0.00511418 -0.00912921 -0.0247228 -0.0565505 -0.00230774
internal_weight=7997 430 352 283 208 97 7567
internal_count=7997 430 352 283 208 97 7567
is_linear=0
shrinkage=0.02


Tree=934
num_leaves=8
num_cat=0
split_feature=32 46 49 14 21 14 18
split_gain=397.6 560.597 682.053 741.253 893.491 861.042 738.39
threshold=1.0000000180025095e-35 7.5000000000000009 30.500000000000004 11.625000000000002 496978.35000000003 10.125000000000002 46838.200000000004
decision_type=2 2 2 2 10 2 2
left_child=1 2 -1 5 -5 6 -4
right_child=-2 -3 3 4 -6 -7 -8
leaf_value=0.0068709656750984699 -0.0056458421254615586 0.015925991536973088 -0.033993532460311365 -0.021054969445237545 0.05260078808133091 0.063170981710759286 0.036253920200408678
leaf_weight=2363 2908 1142 140 1196 65 102 97
leaf_count=2363 2908 1142 140 1196 65 102 97
internal_value=0.000251234 0.00361267 4.87944e-05 -0.0100167 -0.0170655 0.0160702 -0.00508745
internal_weight=8013 5105 3963 1600 1261 339 237
internal_count=8013 5105 3963 1600 1261 339 237
is_linear=0
shrinkage=0.02


Tree=935
num_leaves=8
num_cat=1
split_feature=55 32 16 4 57 8 20
split_gain=500.438 343.371 617.183 998.814 906.561 834.176 727.238
threshold=25.525000000000002 1.0000000180025095e-35 0.50455000000000017 0 12.575000000000001 44.32500000000001 877400.55000000016
decision_type=2 2 2 1 2 2 8
left_child=-1 2 3 4 -2 -5 -6
right_child=1 -3 -4 5 6 -7 -8
leaf_value=-0.045284676341283497 0.055165333531846938 -0.0055760730019122663 0.010613502418195007 -0.0097248830832155197 -0.018020556220549277 -0.057756109903256095 0.013809241109757722
leaf_weight=94 144 2867 2342 1202 430 160 840
leaf_count=94 144 2867 2342 1202 430 160 840
internal_value=-0.000594503 -4.03983e-05 0.00306299 -0.0033147 0.00843212 -0.0154449 0.00300382
internal_weight=8079 7985 5118 2776 1414 1362 1270
internal_count=8079 7985 5118 2776 1414 1362 1270
cat_boundaries=0 1
cat_threshold=10
is_linear=0
shrinkage=0.02


Tree=936
num_leaves=8
num_cat=0
split_feature=42 8 56 0 53 54 53
split_gain=416.065 468.567 381.945 564.672 1035.37 881.702 691.287
threshold=2.3100000000000005 25.515000000000004 38.525000000000013 24.500000000000004 76.865000000000023 86.545000000000016 57.315000000000005
decision_type=2 2 2 2 2 2 2
left_child=1 -1 3 4 5 6 -2
right_child=2 -3 -4 -5 -6 -7 -8
leaf_value=0.00082271259949832671 0.10847320585283969 -0.081674423043926567 -0.0044061241714136116 0.0076001059445491457 -0.068677950924081091 -0.019089526414229407 0.0060010691370282858
leaf_weight=56 40 49 4388 3045 108 262 65
leaf_count=56 40 49 4388 3045 108 262 65
internal_value=-0.00100925 -0.0396385 -0.000471619 0.00443239 -0.015742 0.000549639 0.0481943
internal_weight=8013 105 7908 3520 475 367 105
internal_count=8013 105 7908 3520 475 367 105
is_linear=0
shrinkage=0.02


Tree=937
num_leaves=8
num_cat=0
split_feature=48 35 45 14 31 37 14
split_gain=384.453 616.188 388.85 707.983 735.406 479.723 384.113
threshold=18.500000000000004 1.0000000180025095e-35 1.0000000180025095e-35 13.305000000000001 1.0000000180025095e-35 1.0000000180025095e-35 21.635000000000002
decision_type=2 2 2 2 2 2 2
left_child=-1 2 5 -4 -5 -2 -3
right_child=1 6 3 4 -6 -7 -8
leaf_value=0.00038330737490827347 -0.049589791653852446 0.047985232174396514 0.016013672174885869 -0.12670940789911483 -0.027623079807861994 0.023350634308285025 -0.026604287385940555
leaf_weight=7627 59 69 41 58 64 78 40
leaf_count=7627 59 69 41 58 64 78 40
internal_value=-0.000635317 -0.0194058 -0.034058 -0.0544765 -0.0778637 -0.00870172 0.0206466
internal_weight=8036 409 300 163 122 137 109
internal_count=8036 409 300 163 122 137 109
is_linear=0
shrinkage=0.02


Tree=938
num_leaves=8
num_cat=0
split_feature=0 15 13 53 12 37 38
split_gain=373.556 552.963 1105.08 1170.78 976.507 625.727 602.386
threshold=57.500000000000007 1.0000000180025095e-35 356.45000000000005 51.755000000000003 67.095000000000013 0.17755000000000001 3868.3500000000008
decision_type=2 2 2 2 2 2 8
left_child=-1 4 3 -3 6 -4 -2
right_child=1 2 5 -5 -6 -7 -8
leaf_value=-0.0031753172660426436 0.062741997729307455 -0.074994410970647421 0.0039146641232073306 0.0011147485414938051 -0.029244117067838218 0.07074720102020457 0.018035460860755678
leaf_weight=6542 154 135 195 191 137 74 530
leaf_count=6542 154 135 195 191 137 74 530
internal_value=-0.00115852 0.00813759 -0.00651461 -0.0310596 0.0187316 0.0232553 0.0284832
internal_weight=7958 1416 595 326 821 269 684
internal_count=7958 1416 595 326 821 269 684
is_linear=0
shrinkage=0.02


Tree=939
num_leaves=8
num_cat=0
split_feature=20 14 49 23 57 9 13
split_gain=384.022 664.534 769.097 569.636 501.491 476.533 534.521
threshold=453860.80000000005 18.575000000000003 31.500000000000004 13.65 33.395000000000003 3.5000000000000004 348.75000000000006
decision_type=8 2 2 2 2 2 2
left_child=1 5 3 -3 -4 -1 -7
right_child=-2 2 4 -5 -6 6 -8
leaf_value=-0.027379827142275614 0.0016767963388268823 -0.039653287078570396 -0.13341442567606768 0.037570898454697403 -0.037384778284307182 -0.010959842025916626 0.055906971317529683
leaf_weight=111 7441 98 40 56 53 89 95
leaf_count=111 7441 98 40 56 53 89 95
internal_value=0.000488909 -0.0156856 -0.0395414 -0.0112734 -0.0833874 0.00461471 0.0241295
internal_weight=7983 542 247 154 93 295 184
internal_count=7983 542 247 154 93 295 184
is_linear=0
shrinkage=0.02


Tree=940
num_leaves=8
num_cat=0
split_feature=56 56 42 14 40 54 65
split_gain=377.112 405.223 590.942 359.085 870.651 780.304 545.531
threshold=58.75500000000001 55.295000000000009 37.085000000000008 7.410000000000001 32.155000000000008 83.555000000000021 0.58571428571428574
decision_type=2 2 2 2 2 2 2
left_child=1 3 -3 4 -1 -6 -7
right_child=-2 2 -4 -5 5 6 -8
leaf_value=-0.079251823002448332 -0.044626559858259397 0.09360378515389231 0.0051693907530620843 0.00055687779319886922 0.029680507589773034 -0.061362480404221008 0.0046306389767904674
leaf_weight=72 71 40 94 7359 146 102 93
leaf_count=72 71 40 94 7359 146 102 93
internal_value=-0.000288079 0.000138057 0.0339852 -0.000466988 -0.0184991 -0.00471164 -0.0305599
internal_weight=7977 7906 134 7772 413 341 195
internal_count=7977 7906 134 7772 413 341 195
is_linear=0
shrinkage=0.02


Tree=941
num_leaves=8
num_cat=0
split_feature=64 33 37 21 53 21 37
split_gain=387.706 1607.82 697.905 1136.66 939.831 1041.84 998.475
threshold=2.5000000000000004 3.5000000000000004 0.27525000000000005 227385.75000000003 51.370000000000012 262420.10000000003 0.9285500000000001
decision_type=2 2 2 8 2 10 2
left_child=1 2 -1 -4 -5 -6 -7
right_child=-2 -3 3 4 5 6 -8
leaf_value=0.0072216277394973969 -0.0025187783386790316 0.052953226579511299 0.070404476292279305 0.018829099951481278 -0.08316151423903996 -0.049815526770990951 0.059334867249835624
leaf_weight=1618 5719 266 44 105 162 81 50
leaf_count=1618 5719 266 44 105 162 81 50
internal_value=0.000281474 0.00715717 0.0011298 -0.0210015 -0.0318548 -0.0500292 -0.00750528
internal_weight=8045 2326 2060 442 398 293 131
internal_count=8045 2326 2060 442 398 293 131
is_linear=0
shrinkage=0.02


Tree=942
num_leaves=8
num_cat=0
split_feature=56 56 53 56 64 58 23
split_gain=346.78 555.586 760.542 462.663 566.727 836.008 615.88
threshold=55.295000000000009 58.75500000000001 64.415000000000006 41.82500000000001 1.5000000000000002 33.955000000000005 4.5500000000000007
decision_type=2 2 2 2 2 2 2
left_child=3 2 -2 -1 5 -5 -6
right_child=1 -3 -4 4 6 -7 -8
leaf_value=0.0030744552041542111 0.0873017569657146 -0.018417324737096445 -0.0070062571715924053 0.015050199247068829 0.025442405512126592 -0.072047850933187635 -0.0077111319605817118
leaf_weight=4936 78 73 57 67 242 116 2427
leaf_count=4936 78 73 57 67 242 116 2427
internal_value=5.78197e-05 0.0252352 0.0486547 -0.000630372 -0.00703653 -0.0406073 -0.00466313
internal_weight=7996 208 135 7788 2852 183 2669
internal_count=7996 208 135 7788 2852 183 2669
is_linear=0
shrinkage=0.02


Tree=943
num_leaves=8
num_cat=0
split_feature=17 20 8 33 58 64 52
split_gain=501.428 568.587 505.801 485.24 466.665 539.127 671.861
threshold=38499.150000000001 616267.10000000009 53.770000000000003 3.5000000000000004 30.245000000000001 3.5000000000000004 42.435000000000009
decision_type=2 8 2 2 2 2 2
left_child=-1 -2 4 -4 -3 -6 -7
right_child=1 2 3 -5 5 6 -8
leaf_value=-0.0013583205536893809 -0.013826710490315265 -0.011130220410659124 0.093387709173248776 0.0094987862584767508 0.037494771376137846 0.044352934743259471 -0.017930639289078062
leaf_weight=6765 263 223 62 49 386 97 211
leaf_count=6765 263 223 62 49 386 97 211
internal_value=0.000824001 0.0122208 0.0189193 0.0583613 0.0138544 0.0219048 0.00207981
internal_weight=8056 1291 1028 111 917 694 308
internal_count=8056 1291 1028 111 917 694 308
is_linear=0
shrinkage=0.02


Tree=944
num_leaves=8
num_cat=0
split_feature=0 41 10 46 41 14 25
split_gain=370.612 932.246 908.164 684.615 695.292 596.043 979.323
threshold=23.500000000000004 26.045000000000005 21652.200000000004 4.5000000000000009 67.855000000000018 14.225000000000003 1.0000000180025095e-35
decision_type=2 2 2 2 2 2 2
left_child=1 -1 3 -3 5 -5 -7
right_child=-2 2 -4 4 -6 6 -8
leaf_value=0.061864828782072716 0.0032931672089401834 0.031965348399796728 -0.043921041089116326 0.0083932657253862637 0.024179905219565312 -0.078919295892640434 0.024175443999612561
leaf_weight=62 7066 172 293 94 121 138 47
leaf_count=62 7066 172 293 94 121 138 47
internal_value=0.00173163 -0.0101249 -0.0156107 -0.000854191 -0.015187 -0.0323852 -0.0527807
internal_weight=7993 927 865 572 400 279 185
internal_count=7993 927 865 572 400 279 185
is_linear=0
shrinkage=0.02


Tree=945
num_leaves=8
num_cat=0
split_feature=45 32 41 23 13 13 56
split_gain=486.815 807.551 732.976 711.929 1617.88 1154.14 819.482
threshold=1.0000000180025095e-35 1.0000000180025095e-35 15.475000000000003 10.850000000000003 403.35000000000008 356.05000000000007 47.525000000000013
decision_type=2 2 2 2 2 2 2
left_child=1 3 -3 6 5 -5 -1
right_child=-2 2 -4 4 -6 -7 -8
leaf_value=-0.0059026915059105572 -0.0045730386594317173 -0.076569523356728633 -0.0042605914784498615 0.028801553129853774 0.082823556274175647 -0.018804084820510356 0.039706409970258781
leaf_weight=969 4550 54 1150 643 155 293 183
leaf_count=969 4550 54 1150 643 155 293 183
internal_value=-0.000280134 0.00538487 -0.00780694 0.0124676 0.0240069 0.0138786 0.00148279
internal_weight=7997 3447 1204 2243 1091 936 1152
internal_count=7997 3447 1204 2243 1091 936 1152
is_linear=0
shrinkage=0.02


Tree=946
num_leaves=8
num_cat=0
split_feature=16 23 41 16 6 14 14
split_gain=496.084 363.62 649.649 632.802 462.913 829.467 529.256
threshold=0.17090000000000002 4.3500000000000005 53.520000000000003 0.42885000000000006 1.0000000180025095e-35 13.965000000000002 24.495000000000001
decision_type=2 2 2 2 2 2 2
left_child=-1 2 3 -2 5 -4 -6
right_child=1 -3 4 -5 6 -7 -8
leaf_value=-0.044196187804624872 -0.0020244984867724965 -0.0013252198513314 0.035143104432796946 0.052369047394225696 -0.0091398262155844897 -0.06630410384650183 0.066076281454075472
leaf_weight=98 136 7199 44 224 114 94 50
leaf_count=98 136 7199 44 224 114 94 50
internal_value=-0.000588595 -1.72088e-05 0.0141102 0.0320741 -0.00747732 -0.0338608 0.0150684
internal_weight=7959 7861 662 360 302 138 164
internal_count=7959 7861 662 360 302 138 164
is_linear=0
shrinkage=0.02


Tree=947
num_leaves=8
num_cat=0
split_feature=18 8 42 18 20 21 9
split_gain=293.387 582.575 674.942 537.269 894.663 673.325 514.709
threshold=775203.15000000002 24.135000000000002 36.265000000000008 951121.95000000007 941321.90000000014 253551.80000000002 6.5000000000000009
decision_type=2 2 2 2 8 10 2
left_child=-1 2 -2 4 -3 6 -5
right_child=1 3 -4 5 -6 -7 -8
leaf_value=0.0032091133215796587 0.056652633814584644 -0.10126033427066183 -0.0043779135585019866 -0.01085602768855851 -0.0070750398795629285 0.012450553481958759 -0.063046622118646548
leaf_weight=6928 100 68 232 241 92 317 107
leaf_count=6928 100 68 232 241 92 317 107
internal_value=0.00165127 -0.00765064 0.0145726 -0.0166277 -0.0489593 -0.00854138 -0.0275689
internal_weight=8085 1157 332 825 160 665 348
internal_count=8085 1157 332 825 160 665 348
is_linear=0
shrinkage=0.02


Tree=948
num_leaves=8
num_cat=0
split_feature=33 42 51 22 12 51 45
split_gain=366.013 345.867 342.084 336.495 260.298 584.938 289.155
threshold=6.5000000000000009 4.6300000000000017 31.925000000000004 38110.700000000004 1.0000000180025095e-35 31.575000000000003 1.0000000180025095e-35
decision_type=2 2 2 2 2 2 2
left_child=1 2 -1 4 5 -3 -6
right_child=-2 3 -4 -5 6 -7 -8
leaf_value=-0.0042696970525658001 0.055456476622157629 -0.065306013975387961 -0.065469525207334497 0.044146487875626639 0.0034062337775159581 0.014986930047694063 -0.0044187949412825911
leaf_weight=82 40 73 62 60 3312 65 4383
leaf_count=82 40 73 62 60 3312 65 4383
internal_value=-0.00142648 -0.00174389 -0.0319324 -0.00117327 -0.00154835 -0.0282852 -0.0010508
internal_weight=8077 8037 144 7893 7833 138 7695
internal_count=8077 8037 144 7893 7833 138 7695
is_linear=0
shrinkage=0.02


Tree=949
num_leaves=8
num_cat=0
split_feature=55 23 55 33 21 54 13
split_gain=320.365 681.592 622.018 515.609 510.349 657.984 681.483
threshold=49.015000000000008 28.550000000000004 49.415000000000006 2.5000000000000004 234379.85000000003 87.135000000000005 360.95000000000005
decision_type=2 2 2 2 8 2 2
left_child=-1 2 3 -2 5 6 -4
right_child=1 -3 4 -5 -6 -7 -8
leaf_value=0.0027288388782217249 -0.08433090453184601 -0.074815741506006034 -0.016456594915673285 -0.005676338479552471 0.0015325255989305359 0.0039221357777090059 -0.098290838323332172
leaf_weight=5304 64 51 96 66 2159 159 69
leaf_count=5304 64 51 96 66 2159 159 69
internal_value=-0.0001129 -0.00576529 -0.00427726 -0.0460878 -0.00200001 -0.0252049 -0.0525626
internal_weight=7968 2664 2613 130 2483 324 165
internal_count=7968 2664 2613 130 2483 324 165
is_linear=0
shrinkage=0.02


Tree=950
num_leaves=8
num_cat=1
split_feature=68 1 15 68 53 68 41
split_gain=350.766 765.506 475.514 428.849 623.648 720.383 671.582
threshold=1820341.55 0 1.0000000180025095e-35 1114371.9500000002 78.435000000000016 1173231.3500000003 59.055000000000007
decision_type=2 1 2 2 2 2 2
left_child=3 2 -2 -1 5 6 -5
right_child=1 -3 -4 4 -6 -7 -8
leaf_value=5.4002023942683721e-05 0.025067853799888067 -0.011189051584817878 0.095800024661815406 -0.077667606262633429 0.023815149189793463 -0.011002250013702331 0.014444826872812377
leaf_weight=6262 156 196 48 125 163 1021 40
leaf_count=6262 156 196 48 125 163 1021 40
internal_value=-0.00118904 0.016949 0.0436044 -0.0021528 -0.012359 -0.0174098 -0.0555692
internal_weight=8011 400 204 7611 1349 1186 165
internal_count=8011 400 204 7611 1349 1186 165
cat_boundaries=0 1
cat_threshold=2
is_linear=0
shrinkage=0.02


Tree=951
num_leaves=8
num_cat=2
split_feature=40 33 13 4 18 2 55
split_gain=314.299 536.756 324.371 733.092 1441.47 1097.4 1003.94
threshold=87.625000000000014 2.5000000000000004 376.75000000000006 0 698910.65000000014 1 43.755000000000003
decision_type=2 2 2 1 2 1 2
left_child=2 -2 -1 4 6 -5 -4
right_child=1 -3 3 5 -6 -7 -8
leaf_value=-0.0028342467556321986 0.053500672609119095 -0.0055488597220656544 0.0081459126378776447 0.015664543505611386 -0.027826851074974384 -0.016911245653672472 0.068494184709417122
leaf_weight=5507 113 127 193 801 150 824 257
leaf_count=5507 113 127 193 801 150 824 257
internal_value=0.000476018 0.0227781 -0.000230507 0.0062058 0.024789 -0.00085748 0.0429854
internal_weight=7972 240 7732 2225 600 1625 450
internal_count=7972 240 7732 2225 600 1625 450
cat_boundaries=0 1 2
cat_threshold=2 194
is_linear=0
shrinkage=0.02


Tree=952
num_leaves=8
num_cat=0
split_feature=17 49 66 21 17 16 23
split_gain=349.714 961.933 1371.51 1447.93 1047.7 842.077 1143.8
threshold=3833.6500000000005 30.500000000000004 0.31250000000000006 310560.45000000007 2072.0000000000005 0.28835000000000005 7.7500000000000009
decision_type=2 2 2 8 2 2 2
left_child=1 2 3 4 -1 -3 -7
right_child=-2 5 -4 -5 -6 6 -8
leaf_value=-0.090361478203535073 -0.001755719849868049 -0.074049978029646288 -0.0083196480947756966 0.058227123321956904 0.025236641064505367 -0.041820213424531787 0.017838910427566971
leaf_weight=45 6483 68 367 437 80 187 384
leaf_count=45 6483 68 367 437 80 187 384
internal_value=0.000295633 0.00875571 0.0217008 0.0412053 -0.0182535 -0.0100866 -0.00189261
internal_weight=8051 1568 929 562 125 639 571
internal_count=8051 1568 929 562 125 639 571
is_linear=0
shrinkage=0.02


Tree=953
num_leaves=8
num_cat=1
split_feature=22 46 30 42 23 41 4
split_gain=328.325 358.073 319.526 868.022 770.062 712.482 668.074
threshold=6257.7500000000009 5.5000000000000009 1.0000000180025095e-35 16.500000000000004 32.050000000000004 72.595000000000013 0
decision_type=2 2 2 2 2 2 1
left_child=1 -1 4 -4 5 6 -2
right_child=2 -3 3 -5 -6 -7 -8
leaf_value=0.0051831901166588066 -0.017760890594891405 -0.059709221890721573 0.055230811312794684 0.0029551026468457183 -0.082536661600073183 0.016034007575955803 -0.00068399348979403111
leaf_weight=59 1195 73 131 1944 43 749 3795
leaf_count=59 1195 73 131 1944 43 749 3795
internal_value=-0.000878599 -0.0315737 -0.00034316 0.00638023 -0.00275943 -0.00209036 -0.00482416
internal_weight=7989 132 7857 2075 5782 5739 4990
internal_count=7989 132 7857 2075 5782 5739 4990
cat_boundaries=0 1
cat_threshold=8
is_linear=0
shrinkage=0.02


Tree=954
num_leaves=8
num_cat=1
split_feature=38 8 17 17 44 2 34
split_gain=343.766 1063.19 1243.05 593.156 622.466 815.349 730.583
threshold=3408.3000000000006 21.965000000000003 2412.4500000000003 3890.5500000000006 1.0000000180025095e-35 0 1.5000000000000002
decision_type=8 2 2 2 2 1 2
left_child=1 -1 -3 -4 6 -6 -5
right_child=-2 2 3 4 5 -7 -8
leaf_value=0.012627847124916771 0.00226418667821752 -0.1122191282248093 0.043499949746841536 -0.123408213108778 0.026824395274859851 -0.026717184924322446 -0.02347899433056062
leaf_weight=538 6735 54 56 43 145 394 83
leaf_count=538 6735 54 56 43 145 394 83
internal_value=0.000437717 -0.00890416 -0.0238367 -0.0164899 -0.0218286 -0.0121975 -0.0609904
internal_weight=8048 1313 775 721 665 539 126
internal_count=8048 1313 775 721 665 539 126
cat_boundaries=0 1
cat_threshold=3
is_linear=0
shrinkage=0.02


Tree=955
num_leaves=8
num_cat=0
split_feature=57 38 56 49 57 10 47
split_gain=426.081 908.238 820.574 843.465 753.647 858.994 708.075
threshold=22.475000000000005 17076.750000000004 38.525000000000013 17.500000000000004 9.4600000000000026 36304.30000000001 2.5000000000000004
decision_type=2 8 2 2 2 2 2
left_child=1 6 3 -3 -4 -6 -1
right_child=-2 2 4 -5 5 -7 -8
leaf_value=-0.050404536221609564 0.0012798317650344266 0.03985319193478648 -0.00391531048135625 -0.019366021684187204 -0.075346828283575487 -0.020390183841232704 0.0095862374437571379
leaf_weight=81 5921 138 211 289 241 221 926
leaf_count=81 5921 138 211 289 241 221 926
internal_value=-0.00147013 -0.00918268 -0.0217048 1.24909e-05 -0.0353823 -0.0495578 0.00453557
internal_weight=8028 2107 1100 427 673 462 1007
internal_count=8028 2107 1100 427 673 462 1007
is_linear=0
shrinkage=0.02


Tree=956
num_leaves=8
num_cat=0
split_feature=14 49 23 67 23 47 42
split_gain=361.412 826.063 653.883 793.788 626.246 651.918 1026.03
threshold=12.405000000000003 29.500000000000004 15.950000000000001 21.709829573554007 30.050000000000004 5.5000000000000009 57.765000000000008
decision_type=2 2 2 2 2 2 2
left_child=1 2 3 -1 5 6 -2
right_child=4 -3 -4 -5 -6 -7 -8
leaf_value=0.013413315766081055 0.013428775505004134 0.025031988020560791 -0.027586965579672582 -0.05082613217480042 0.051135223034181089 -0.0062468355444312128 -0.019862889207331567
leaf_weight=814 1991 842 275 80 90 3430 450
leaf_count=814 1991 842 275 80 90 3430 450
internal_value=0.00267133 0.00999158 -0.0009021 0.00741411 0.000195472 -0.000628261 0.00726338
internal_weight=7972 2011 1169 894 5961 5871 2441
internal_count=7972 2011 1169 894 5961 5871 2441
is_linear=0
shrinkage=0.02


Tree=957
num_leaves=8
num_cat=0
split_feature=56 54 16 55 17 21 17
split_gain=632.623 624.418 804.091 758.328 715.481 520.978 620.785
threshold=38.525000000000013 99.975000000000009 0.53025000000000011 49.015000000000008 15338.350000000002 195088.85000000001 7190.6500000000005
decision_type=2 2 2 2 2 10 2
left_child=1 -1 3 4 -3 6 -4
right_child=-2 2 5 -5 -6 -7 -8
leaf_value=0.0088348995426460117 -0.0055750589812678239 -0.10991304550273918 0.04079054839909077 0.0050244920399416708 -0.019057859195063691 0.042266276918966839 -0.049636671278525946
leaf_weight=3141 4503 76 43 84 65 104 79
leaf_count=3141 4503 76 43 84 65 104 79
internal_value=-0.000584211 0.00567146 -0.0162157 -0.0425645 -0.0701165 0.0103701 -0.0174137
internal_weight=8095 3592 451 225 141 226 122
internal_count=8095 3592 451 225 141 226 122
is_linear=0
shrinkage=0.02


Tree=958
num_leaves=8
num_cat=0
split_feature=23 64 51 24 14 40 55
split_gain=312.592 738.966 948.854 597.617 462.117 604.347 412.985
threshold=4.3500000000000005 2.5000000000000004 28.295000000000005 1.5000000000000002 30.195000000000004 28.805000000000003 37.995000000000012
decision_type=2 2 2 2 2 2 2
left_child=1 2 3 -1 5 -3 -2
right_child=6 4 -4 -5 -6 -7 -8
leaf_value=0.033890613576427836 0.008899748191622708 0.055399039761692873 -0.0021043952377801092 0.12970531831527579 0.041864113470261123 -0.018382711310592621 -0.002699481681317565
leaf_weight=56 1554 46 92 53 82 343 5775
leaf_count=56 1554 46 92 53 82 343 5775
internal_value=0.000965296 0.0139682 0.0455636 0.0841249 0.000147784 -0.00906556 -0.000235655
internal_weight=8001 672 201 109 471 389 7329
internal_count=8001 672 201 109 471 389 7329
is_linear=0
shrinkage=0.02


Tree=959
num_leaves=8
num_cat=0
split_feature=42 9 58 54 16 47 14
split_gain=650.938 987.469 809.221 752.881 294.272 1111.76 967.729
threshold=10.480000000000002 4.5000000000000009 38.615000000000002 91.27500000000002 0.72825000000000006 7.5000000000000009 16.205000000000002
decision_type=2 2 2 2 2 2 2
left_child=1 3 -3 -1 -2 6 -6
right_child=4 2 -4 -5 5 -7 -8
leaf_value=-0.10409917803989215 -0.00083641352423916352 -0.036244187297952639 0.060874712616205216 -0.0031672582611441615 -0.003666402002175649 -0.02053289791292234 0.065496234897561748
leaf_weight=83 7245 72 57 45 136 217 193
leaf_count=83 7245 72 57 45 136 217 193
internal_value=-0.000807981 -0.0318155 0.00733903 -0.0700684 0.000234606 0.0143248 0.0372793
internal_weight=8048 257 129 128 7791 546 329
internal_count=8048 257 129 128 7791 546 329
is_linear=0
shrinkage=0.02


Tree=960
num_leaves=8
num_cat=1
split_feature=23 56 2 58 56 8 58
split_gain=282.921 877.334 971.64 713.68 892.434 927.399 912.558
threshold=17.350000000000005 30.435000000000006 0 21.625000000000004 36.225000000000001 33.815000000000005 52.505000000000003
decision_type=2 2 1 2 2 2 2
left_child=-1 -2 3 -3 -5 -6 -7
right_child=1 2 -4 4 5 6 -8
leaf_value=0.0027728439423309915 -0.049262743766683381 -0.05501019013779504 -0.021537487511754612 0.056213870952886186 0.02304109045075519 -0.069300388593758852 0.033372809706993828
leaf_weight=6629 168 51 528 185 345 100 48
leaf_count=6629 168 51 528 185 345 100 48
internal_value=0.00103417 -0.00703542 -0.00121885 0.0136514 0.019381 0.00513373 -0.0359986
internal_weight=8054 1425 1257 729 678 493 148
internal_count=8054 1425 1257 729 678 493 148
cat_boundaries=0 1
cat_threshold=150
is_linear=0
shrinkage=0.02


Tree=961
num_leaves=8
num_cat=0
split_feature=48 52 34 68 47 13 17
split_gain=288.705 850.926 592.377 531.24 738.383 654.767 501.239
threshold=11.500000000000002 23.245000000000001 1.5000000000000002 255797.25000000003 4.5000000000000009 304.45000000000005 10984.800000000001
decision_type=2 2 2 2 2 2 2
left_child=-1 2 -2 4 -3 -6 -5
right_child=1 3 -4 6 5 -7 -8
leaf_value=0.00076404195635866937 -0.098810543803607709 0.070740794511511926 -0.01410417725370355 -0.029568877428992772 0.050735612175834006 -0.021968053850095447 0.0024298281158139637
leaf_weight=6735 63 75 68 363 66 159 417
leaf_count=6735 63 75 68 363 66 159 417
internal_value=-0.000854774 -0.00982397 -0.0569759 -0.00386841 0.0185532 -2.31464e-06 -0.0125554
internal_weight=7946 1211 131 1080 300 225 780
internal_count=7946 1211 131 1080 300 225 780
is_linear=0
shrinkage=0.02


Tree=962
num_leaves=8
num_cat=0
split_feature=67 12 10 36 20 16 67
split_gain=442.437 678.119 692.43 692.114 681.86 813.897 572.659
threshold=4.6974434707168671 7.3150000000000004 22351.700000000004 2.5000000000000004 852330.90000000014 0.43215000000000003 11.054374228869358
decision_type=2 2 2 2 10 2 2
left_child=-1 -2 3 4 -3 -6 -4
right_child=1 2 6 -5 5 -7 -8
leaf_value=-0.00411574844641971 -0.038408183620047213 0.019708981748670341 0.013652955090301757 -0.033799483299255376 0.019905733960465744 0.11569771841168404 -0.0070848709554449298
leaf_weight=4907 129 525 934 70 73 69 1226
leaf_count=4907 129 525 934 70 73 69 1226
internal_value=-0.000408104 0.00560113 0.00762361 0.0242926 0.0305953 0.0688046 0.00189314
internal_weight=7933 3026 2897 737 667 142 2160
internal_count=7933 3026 2897 737 667 142 2160
is_linear=0
shrinkage=0.02


Tree=963
num_leaves=8
num_cat=1
split_feature=23 23 17 31 47 5 0
split_gain=493.887 859.62 859.221 1243.89 826.087 998.891 936.457
threshold=11.050000000000002 10.15 2897.4000000000001 1.0000000180025095e-35 4.5000000000000009 0 40.500000000000007
decision_type=2 2 2 2 2 1 2
left_child=1 -1 3 -2 -3 -6 -7
right_child=2 4 -4 -5 5 6 -8
leaf_value=-0.00021110332793224654 0.063072865153976462 -0.068667800064302148 0.0026798130022057894 0.00076489469512318179 0.011744076317241453 -0.10726726261557827 0.010701147875887282
leaf_weight=3688 240 139 3323 269 242 66 42
leaf_count=3688 240 139 3323 269 242 66 42
internal_value=0.00122514 -0.00353002 0.00640627 0.0304717 -0.0283056 -0.0115346 -0.0578294
internal_weight=8009 4177 3832 509 489 350 108
internal_count=8009 4177 3832 509 489 350 108
cat_boundaries=0 1
cat_threshold=3
is_linear=0
shrinkage=0.02


Tree=964
num_leaves=8
num_cat=1
split_feature=57 12 40 64 46 3 57
split_gain=382.833 579.89 953.193 765.6 565.632 865.191 559.651
threshold=18.775000000000002 65.52500000000002 41.895000000000003 2.5000000000000004 1.5000000000000002 0 11.950000000000001
decision_type=2 2 2 2 2 1 2
left_child=1 4 -3 -4 -1 -6 -7
right_child=-2 2 3 -5 5 6 -8
leaf_value=-0.064184355572905652 0.0024110682047401859 0.057719513550689515 0.047432535223440445 -0.032392661070222394 -0.0049100343232870557 -0.012895188366962691 -0.099185636149693848
leaf_weight=81 6330 124 62 166 1097 54 68
leaf_count=81 6330 124 62 166 1097 54 68
internal_value=0.000172479 -0.00838656 0.0142427 -0.0101338 -0.014545 -0.0109978 -0.0584041
internal_weight=7982 1652 352 228 1300 1219 122
internal_count=7982 1652 352 228 1300 1219 122
cat_boundaries=0 1
cat_threshold=3
is_linear=0
shrinkage=0.02


Tree=965
num_leaves=8
num_cat=0
split_feature=64 20 20 47 6 53 61
split_gain=318.408 279.305 752.354 755.156 732.634 647.189 609.67
threshold=1.0000000180025095e-35 1359507.9500000004 1328843.7000000002 1.5000000000000002 2.5000000000000004 62.605000000000011 1.0000000180025095e-35
decision_type=2 8 10 2 2 2 2
left_child=-1 2 3 5 6 -2 -3
right_child=1 4 -4 -5 -6 -7 -8
leaf_value=-0.046867979074779312 -0.076194824819266802 -0.0016343947727829953 -0.080582206793129441 -0.00042188616667190133 0.0230206423452195 0.0041936770165470283 0.032343663913891131
leaf_weight=52 95 3447 45 3407 677 66 220
leaf_count=52 95 3447 45 3407 677 66 220
internal_value=0.000233801 0.000570856 -0.00353519 -0.00245206 0.00398608 -0.0441068 0.000445369
internal_weight=8009 7957 3613 3568 4344 161 3667
internal_count=8009 7957 3613 3568 4344 161 3667
is_linear=0
shrinkage=0.02


Tree=966
num_leaves=8
num_cat=0
split_feature=6 17 10 57 17 41 41
split_gain=343.785 684.446 886.338 317.163 537.226 538.509 712.374
threshold=4.5000000000000009 6637.0000000000009 37616.250000000007 5.5900000000000007 5100.5500000000002 56.32500000000001 34.295000000000009
decision_type=2 2 2 2 2 2 2
left_child=3 -2 -3 4 -1 6 -6
right_child=1 2 -4 -5 5 -7 -8
leaf_value=0.02983832696676254 0.024297751517264876 -0.10918925182799162 -0.0063054651015305094 0.0024821915271794051 0.011543292118345989 0.0059116341601503954 -0.080565011352300639
leaf_weight=70 72 54 79 7479 46 96 109
leaf_count=70 72 54 79 7479 46 96 109
internal_value=0.00096318 -0.02429 -0.0505205 0.00164202 -0.017671 -0.0312446 -0.0537231
internal_weight=8005 205 133 7800 321 251 155
internal_count=8005 205 133 7800 321 251 155
is_linear=0
shrinkage=0.02


Tree=967
num_leaves=8
num_cat=0
split_feature=23 27 8 58 67 23 41
split_gain=340.437 665.038 854.221 1038.6 666.485 742.099 840.623
threshold=7.7500000000000009 1.0000000180025095e-35 12.225000000000003 31.125000000000004 28.15764974259999 7.0500000000000007 65.715000000000018
decision_type=2 2 2 2 2 2 2
left_child=1 4 -3 -4 5 -1 -7
right_child=-2 2 3 -5 -6 6 -8
leaf_value=-0.0027580541405609273 0.0028779992486033814 0.090881047264303808 -0.043256319446429131 0.025534871877217511 -0.063912516440386355 -0.051953775697616125 0.028703927117766759
leaf_weight=1502 5702 48 119 296 87 256 61
leaf_count=1502 5702 48 119 296 87 256 61
internal_value=0.000230539 -0.00613433 0.0152541 0.00552908 -0.0113563 -0.00867427 -0.0362282
internal_weight=8071 2369 463 415 1906 1819 317
internal_count=8071 2369 463 415 1906 1819 317
is_linear=0
shrinkage=0.02


Tree=968
num_leaves=8
num_cat=1
split_feature=49 2 6 41 41 53 0
split_gain=377.563 654.699 672.147 656.101 821.407 663.03 576.101
threshold=47.500000000000007 0 1.5000000000000002 25.700000000000003 41.735000000000007 58.505000000000003 57.500000000000007
decision_type=2 1 2 2 2 2 2
left_child=-1 6 3 -3 5 -5 -2
right_child=1 2 -4 4 -6 -7 -8
leaf_value=0.0015174617124881714 -0.0048086043146265819 0.029265906390021829 0.0036864856516455745 -0.041622565984725954 -0.0295676744911221 -0.1489167548102491 0.043449799892803037
leaf_weight=6618 560 46 217 52 275 46 115
leaf_count=6618 560 46 217 52 275 46 115
internal_value=-0.000427019 -0.0102113 -0.0244781 -0.0395133 -0.0482703 -0.0967693 0.00361901
internal_weight=7929 1311 636 419 373 98 675
internal_count=7929 1311 636 419 373 98 675
cat_boundaries=0 1
cat_threshold=216
is_linear=0
shrinkage=0.02


Tree=969
num_leaves=8
num_cat=0
split_feature=23 23 64 33 68 23 20
split_gain=439.919 348.999 371.112 687.192 552.346 378.651 536.771
threshold=31.750000000000004 29.750000000000004 4.5000000000000009 3.5000000000000004 1054345.2500000002 4.3500000000000005 1379898.8500000003
decision_type=2 2 2 2 2 2 10
left_child=1 2 5 4 -4 6 -1
right_child=-2 -3 3 -5 -6 -7 -8
leaf_value=0.0074262045342567227 -0.049104337198277045 0.055756706585486732 0.053941868109727543 -0.0021023273275544247 -0.02406187499023002 -0.0027889735152045619 0.071235677946744305
leaf_weight=602 68 40 202 385 41 6685 53
leaf_count=602 68 40 202 385 41 6685 53
internal_value=-0.000229577 0.000215825 -9.77856e-05 0.0145959 0.040561 -0.00136404 0.01309
internal_weight=8076 8008 7968 628 243 7340 655
internal_count=8076 8008 7968 628 243 7340 655
is_linear=0
shrinkage=0.02


Tree=970
num_leaves=8
num_cat=1
split_feature=64 41 51 45 57 4 41
split_gain=405.364 744.917 779.108 1090.65 1052.21 969.649 853.101
threshold=2.5000000000000004 81.220000000000013 14.525 1.0000000180025095e-35 60.295000000000009 0 64.875000000000014
decision_type=2 2 2 2 2 1 2
left_child=1 2 -1 4 -4 -5 -7
right_child=-2 -3 3 5 -6 6 -8
leaf_value=-0.013119977713571502 -0.0016795225499675861 0.063701700369517014 0.028626920994531371 0.014681543971661928 -0.043875489933737397 -0.023385393799251909 -0.12197147891256545
leaf_weight=619 5647 88 1088 242 82 177 40
leaf_count=619 5647 88 1088 242 82 177 40
internal_value=0.00121997 0.00821775 0.00590923 0.0131581 0.0233805 -0.01287 -0.0420037
internal_weight=7983 2336 2248 1629 1170 459 217
internal_count=7983 2336 2248 1629 1170 459 217
cat_boundaries=0 1
cat_threshold=5
is_linear=0
shrinkage=0.02


Tree=971
num_leaves=8
num_cat=1
split_feature=42 17 31 23 21 65 7
split_gain=514.497 1057.47 896.539 2215.37 1424.33 757.994 635.415
threshold=33.505000000000003 895.00000000000011 1.0000000180025095e-35 11.950000000000001 478624.60000000003 0.73214285714285732 0
decision_type=2 2 2 2 10 2 1
left_child=1 -1 3 5 6 -3 -4
right_child=-2 2 4 -5 -6 -7 -8
leaf_value=-0.084314010817071669 -0.001705989639046441 -0.023257326422940438 0.040426860011608924 0.038627836511053226 -0.070366704960664106 -0.10821240724336045 0.0046973823889707904
leaf_weight=41 6158 386 693 283 55 43 297
leaf_count=41 6158 386 693 283 55 43 297
internal_value=0.00104388 0.0104406 0.0128847 -0.00441143 0.0246341 -0.0329212 0.030239
internal_weight=7956 1798 1757 712 1045 429 990
internal_count=7956 1798 1757 712 1045 429 990
cat_boundaries=0 1
cat_threshold=38
is_linear=0
shrinkage=0.02


Tree=972
num_leaves=8
num_cat=0
split_feature=23 33 48 8 0 56 53
split_gain=388.787 302.315 792.213 1305.92 505.936 801.66 480.404
threshold=1.7500000000000002 1.0000000180025095e-35 4.5000000000000009 30.015000000000004 41.500000000000007 40.945000000000007 49.405000000000008
decision_type=2 2 2 2 2 2 2
left_child=-1 2 3 4 5 -2 -4
right_child=1 -3 6 -5 -6 -7 -8
leaf_value=0.053383346050977706 0.007398209696379947 0.001382007518033663 0.013369709216472177 0.088361138040963252 0.022758763441815974 -0.10992936818496041 -0.063395323795202657
leaf_weight=51 46 7565 40 56 59 41 141
leaf_count=51 46 7565 40 56 59 41 141
internal_value=0.000870106 0.000499794 -0.0167189 0.0104693 -0.0213436 -0.0508635 -0.0465273
internal_weight=7999 7948 383 202 146 87 181
internal_count=7999 7948 383 202 146 87 181
is_linear=0
shrinkage=0.02


Tree=973
num_leaves=8
num_cat=0
split_feature=64 33 55 54 48 68 52
split_gain=426.726 818.03 763.994 798.334 719.061 861.167 819.293
threshold=2.5000000000000004 3.5000000000000004 55.845000000000006 77.575000000000003 5.5000000000000009 1133805.2500000002 63.135000000000012
decision_type=2 2 2 2 2 2 2
left_child=1 4 3 -3 -1 -6 -7
right_child=-2 2 -4 -5 5 6 -8
leaf_value=0.013158967257637415 -0.0019809222447308128 -0.0091337735255559282 -0.032930710874497893 0.077887141884393274 -0.00074522866492913173 -0.080678391939545374 0.021259835517924763
leaf_weight=1275 5717 55 43 163 634 110 41
leaf_count=1275 5717 55 43 163 634 110 41
internal_value=0.000955951 0.00817866 0.0411892 0.0562198 0.00390664 -0.0111092 -0.0532055
internal_weight=8038 2321 261 218 2060 785 151
internal_count=8038 2321 261 218 2060 785 151
is_linear=0
shrinkage=0.02


Tree=974
num_leaves=8
num_cat=0
split_feature=43 49 47 54 68 49 58
split_gain=548.814 800.272 791.715 803.493 732.203 718.942 738.423
threshold=1.0000000180025095e-35 9.5000000000000018 5.5000000000000009 88.445000000000007 2037179.3500000003 34.500000000000007 67.200000000000003
decision_type=2 2 2 2 2 2 2
left_child=5 -2 3 4 -3 6 -1
right_child=1 2 -4 -5 -6 -7 -8
leaf_value=0.00064772100883985471 -0.019966961971386248 0.026716459754419827 -0.0023680411788693147 -0.0011623235363554902 -0.053324350826442241 -0.027706203650228006 -0.079245016686618333
leaf_weight=1286 623 1195 3212 889 43 660 43
leaf_count=1286 623 1195 3212 889 43 660 43
internal_value=-0.00164509 0.00139162 0.00390028 0.0133495 0.0237331 -0.0107283 -0.00222455
internal_weight=7951 5962 5339 2127 1238 1989 1329
internal_count=7951 5962 5339 2127 1238 1989 1329
is_linear=0
shrinkage=0.02


Tree=975
num_leaves=8
num_cat=0
split_feature=16 65 16 54 23 41 57
split_gain=347.734 416.924 656.049 632.016 574.888 597.926 687.538
threshold=0.79410000000000014 0.73214285714285732 0.19945000000000002 73.02500000000002 12.250000000000002 54.485000000000007 30.320000000000004
decision_type=2 2 2 2 2 2 2
left_child=1 3 -3 4 5 6 -1
right_child=-2 2 -4 -5 -6 -7 -8
leaf_value=0.053306824463334949 0.025751751392047006 -0.060454443810438664 0.010480486018052506 -0.0056079466184418914 0.033980652634226359 -0.029196697137220787 -0.010220897073232675
leaf_weight=116 197 49 1578 5411 320 176 153
leaf_count=116 197 49 1578 5411 320 176 153
internal_value=-0.0001562 -0.000826362 0.00816548 -0.00319986 0.0137589 -0.000998618 0.0176468
internal_weight=8000 7803 1627 6176 765 445 269
internal_count=8000 7803 1627 6176 765 445 269
is_linear=0
shrinkage=0.02


Tree=976
num_leaves=8
num_cat=0
split_feature=16 6 52 41 49 63 18
split_gain=439.502 372.11 604.659 736.107 669.079 578.293 511.422
threshold=0.32955000000000007 3.5000000000000004 25.625000000000004 33.255000000000003 49.500000000000007 1.0000000180025095e-35 260258.85000000001
decision_type=2 2 2 2 2 2 2
left_child=1 2 3 -1 -4 -6 -5
right_child=-2 -3 4 6 5 -7 -8
leaf_value=-0.10266955278813839 0.0017388611168280912 0.021447888974880064 -0.0011053684079241305 0.012435597465595319 -0.067201468547592402 0.018481311837832134 -0.070830346313507667
leaf_weight=59 6695 124 847 79 117 40 41
leaf_count=59 6695 124 847 79 117 40 41
internal_value=-0.000334208 -0.0109195 -0.0143882 -0.0477416 -0.00823458 -0.0454748 -0.0177088
internal_weight=8002 1307 1183 179 1004 157 120
internal_count=8002 1307 1183 179 1004 157 120
is_linear=0
shrinkage=0.02


Tree=977
num_leaves=8
num_cat=1
split_feature=53 20 57 2 51 60 57
split_gain=309.359 435.49 888.407 761.543 573.683 364.622 813.751
threshold=38.245000000000012 847894.15000000014 24.090000000000003 0 48.285000000000004 1.0000000180025095e-35 42.365000000000002
decision_type=2 8 2 1 2 2 2
left_child=1 2 -1 -3 5 6 -5
right_child=-2 3 -4 4 -6 -7 -8
leaf_value=-0.066374252352275342 -0.0012060676706861166 -0.011853418816797068 0.018857919935514961 0.061132892883894306 -0.023242866611480714 0.085804881693355831 -0.025550877699861304
leaf_weight=71 7340 168 133 137 45 84 59
leaf_count=71 7340 168 133 137 45 84 59
internal_value=6.25626e-06 0.0126907 -0.0116845 0.022793 0.039765 0.0515167 0.0350528
internal_weight=8037 697 204 493 325 280 196
internal_count=8037 697 204 493 325 280 196
cat_boundaries=0 1
cat_threshold=161
is_linear=0
shrinkage=0.02


Tree=978
num_leaves=8
num_cat=0
split_feature=12 26 41 53 20 9 49
split_gain=332.108 1073.39 1207.59 692.295 849.661 399.694 483.913
threshold=14.955000000000002 1.0000000180025095e-35 30.580000000000002 61.745000000000012 759338.65000000014 1.0000000180025095e-35 31.500000000000004
decision_type=2 2 2 2 8 2 2
left_child=1 2 -1 4 -3 -4 -7
right_child=-2 3 5 -5 -6 6 -8
leaf_value=-0.10650407202745953 0.0005764686275231102 -0.064241604292001875 0.029191106765989273 0.065024535385045143 0.029464499263119236 -0.044493747627783922 0.0051437484761772236
leaf_weight=68 7332 56 58 83 101 205 124
leaf_count=68 7332 56 58 83 101 205 124
internal_value=-0.000679743 -0.0138418 -0.0317737 0.0201088 -0.0049105 -0.0174518 -0.0259885
internal_weight=8027 695 455 240 157 387 329
internal_count=8027 695 455 240 157 387 329
is_linear=0
shrinkage=0.02


Tree=979
num_leaves=8
num_cat=0
split_feature=64 41 66 66 32 17 20
split_gain=366.66 823.602 456.6 429.626 494.228 609.223 679.853
threshold=4.5000000000000009 40.82500000000001 0.43750000000000006 0.68750000000000011 1.0000000180025095e-35 35695.450000000004 510337.80000000005
decision_type=2 2 2 2 2 2 8
left_child=3 -2 -3 4 5 -1 -7
right_child=1 2 -4 -5 -6 6 -8
leaf_value=-0.0013501047801548947 0.051753129426432752 0.026245572670439633 -0.01396926986388375 0.029030327987806546 -0.010000367881219347 -0.038078781929012248 0.024945062210509947
leaf_weight=4372 169 174 301 179 2128 72 649
leaf_count=4372 169 174 301 179 2128 72 649
internal_value=0.000113281 0.0145276 0.000882002 -0.00115012 -0.00191782 0.00146579 0.0184325
internal_weight=8044 644 475 7400 7221 5093 721
internal_count=8044 644 475 7400 7221 5093 721
is_linear=0
shrinkage=0.02


Tree=980
num_leaves=8
num_cat=0
split_feature=41 33 16 20 57 9 42
split_gain=364.227 539.416 557.413 670.016 680.072 447.227 578.245
threshold=67.855000000000018 1.5000000000000002 0.56775000000000009 2455266.1000000001 38.925000000000004 21.500000000000004 31.360000000000003
decision_type=2 2 2 8 2 2 2
left_child=5 2 3 -2 -5 -1 -7
right_child=1 -3 -4 4 -6 6 -8
leaf_value=-0.0042092226282402908 0.050471036338971723 0.0013818593396892843 0.064900037279352549 0.018902237040655953 -0.078100417709350597 0.075061585346093543 0.0030055288723795804
leaf_weight=6386 85 1143 115 65 45 60 143
leaf_count=6386 85 1143 115 65 45 60 143
internal_value=-0.00127282 0.00777429 0.0309477 0.00980264 -0.022451 -0.00327227 0.0255953
internal_weight=8042 1453 310 195 110 6589 203
internal_count=8042 1453 310 195 110 6589 203
is_linear=0
shrinkage=0.02


Tree=981
num_leaves=8
num_cat=0
split_feature=9 0 56 17 56 56 66
split_gain=444.51 517.496 546.3 673.52 544.713 1038.91 960.413
threshold=1.5000000000000002 31.500000000000004 45.775000000000013 2726.3000000000006 42.675000000000004 43.225000000000001 0.31250000000000006
decision_type=2 2 2 2 2 2 2
left_child=-1 -2 4 -4 -3 6 -6
right_child=1 2 3 -5 5 -7 -8
leaf_value=-0.0079697211423015932 0.02080359910229897 0.00047123426023452328 0.055787821490031031 0.0073516147327632383 -0.12701859402363419 -0.0058552707289301212 -0.022149035099853755
leaf_weight=2178 560 3432 125 1006 56 520 88
leaf_count=2178 560 3432 125 1006 56 520 88
internal_value=-0.000278714 0.00262026 0.000654151 0.0129268 -0.00274625 -0.0192556 -0.0658255
internal_weight=7965 5787 5227 1131 4096 664 144
internal_count=7965 5787 5227 1131 4096 664 144
is_linear=0
shrinkage=0.02


Tree=982
num_leaves=8
num_cat=0
split_feature=42 8 21 52 22 52 15
split_gain=348.326 1000.4 975.432 872.566 1040.17 1203.06 860.932
threshold=40.775000000000013 50.695000000000007 217840.55000000002 64.405000000000015 16355.400000000001 48.065000000000005 1.0000000180025095e-35
decision_type=2 2 8 2 2 2 2
left_child=1 2 3 4 5 -1 -4
right_child=-2 -3 6 -5 -6 -7 -8
leaf_value=0.035521356949339743 -0.0028301152047372469 -0.032559613743033566 0.014652654618453751 0.1182766940113571 0.082093375457306619 -0.086396397833526137 -0.011942599243665702
leaf_weight=87 5317 239 1402 49 79 45 740
leaf_count=87 5317 239 1402 49 79 45 740
internal_value=0.000118493 0.00604892 0.00995014 0.0461545 0.0270555 -0.00767777 0.00545834
internal_weight=7958 2641 2402 260 211 132 2142
internal_count=7958 2641 2402 260 211 132 2142
is_linear=0
shrinkage=0.02


Tree=983
num_leaves=8
num_cat=1
split_feature=64 3 49 58 49 57 17
split_gain=438.636 1097.18 1098.74 1030.15 978.363 1349 1222.25
threshold=2.5000000000000004 0 44.500000000000007 37.645000000000003 13.500000000000002 39.835000000000008 33777.05000000001
decision_type=2 1 2 2 2 2 2
left_child=1 2 3 -1 5 -3 -6
right_child=-2 4 -4 -5 6 -7 -8
leaf_value=0.046319097580104059 -0.0028457783339819482 0.054134178217905372 0.11435675281099976 -0.028735588995443883 -0.013742095398375691 -0.020488192968021166 0.036842919039772826
leaf_weight=231 5698 271 59 102 1298 146 219
leaf_count=231 5698 271 59 102 1298 146 219
internal_value=0.000142002 0.00745157 0.0372861 0.0232444 0.0011258 0.0280742 -0.0063424
internal_weight=8024 2326 392 333 1934 417 1517
internal_count=8024 2326 392 333 1934 417 1517
cat_boundaries=0 1
cat_threshold=4
is_linear=0
shrinkage=0.02


Tree=984
num_leaves=8
num_cat=0
split_feature=16 56 17 17 56 56 56
split_gain=271.542 374.235 371.945 571.196 311.896 499.393 800.888
threshold=0.79410000000000014 43.225000000000001 17257.700000000004 6829.3000000000002 41.82500000000001 36.655000000000008 37.165000000000006
decision_type=2 2 2 2 2 2 2
left_child=4 2 3 -2 5 -1 -7
right_child=1 -3 -4 -5 -6 6 -8
leaf_value=-0.0026570927778853328 0.02572770842734505 0.058698902050654089 0.047382053956389426 -0.072498228263523853 -0.0052898439930688882 0.049935345568804329 0.0064183808143540213
leaf_weight=2752 46 70 43 40 2979 181 1899
leaf_count=2752 46 70 43 40 2979 181 1899
internal_value=0.000389834 0.0231689 0.00241815 -0.0214319 -0.000204955 0.00293218 0.0103159
internal_weight=8010 199 129 86 7811 4832 2080
internal_count=8010 199 129 86 7811 4832 2080
is_linear=0
shrinkage=0.02


Tree=985
num_leaves=8
num_cat=0
split_feature=33 15 43 47 53 47 54
split_gain=394.401 387.557 306.623 889.976 1286.87 771.501 884.627
threshold=6.5000000000000009 6.5000000000000009 1.0000000180025095e-35 4.5000000000000009 71.115000000000023 5.5000000000000009 92.035000000000011
decision_type=2 2 2 2 2 2 2
left_child=1 2 3 4 -1 6 -4
right_child=-2 -3 5 -5 -6 -7 -8
leaf_value=-0.0060683390109779987 0.059244969893867773 -0.043212457365895574 0.021242541662538247 0.0048252178510652961 -0.06863102780695518 -0.0014060751878177532 -0.0054032610248283845
leaf_weight=465 43 71 1659 1296 179 3614 709
leaf_count=465 43 71 1659 1296 179 3614 709
internal_value=0.00208408 0.00173972 0.0021696 -0.00473142 -0.0238524 0.00440973 0.01327
internal_weight=8036 7993 7922 1940 644 5982 2368
internal_count=8036 7993 7922 1940 644 5982 2368
is_linear=0
shrinkage=0.02


Tree=986
num_leaves=8
num_cat=0
split_feature=49 9 42 42 57 22 9
split_gain=299.277 286.082 938.764 1368.3 868.942 777.252 524.573
threshold=96.500000000000014 12.500000000000002 32.870000000000012 41.205000000000005 16.115000000000006 13720.000000000002 11.500000000000002
decision_type=2 2 2 2 2 2 2
left_child=1 6 4 -4 -3 -6 -1
right_child=-2 2 3 -5 5 -7 -8
leaf_value=-0.00098578682689591155 0.040793956539160771 -0.039536503255367277 -0.065606490061011005 0.010195233583181829 0.012497360783815383 0.088155585319027868 -0.037182431335492837
leaf_weight=6842 66 41 110 550 95 128 159
leaf_count=6842 66 41 110 550 95 128 159
internal_value=-8.52767e-05 -0.000451229 0.00997778 -0.00283668 0.0414712 0.0569054 -0.0018338
internal_weight=7991 7925 924 660 264 223 7001
internal_count=7991 7925 924 660 264 223 7001
is_linear=0
shrinkage=0.02


Tree=987
num_leaves=8
num_cat=0
split_feature=23 40 12 22 12 22 64
split_gain=347.348 362.167 341.551 901.351 976.19 569.309 917.062
threshold=1.7500000000000002 5.6100000000000003 30.655000000000005 28469.050000000003 22.085000000000004 13857.050000000001 2.5000000000000004
decision_type=2 2 2 2 2 2 2
left_child=-1 -2 3 5 -5 -3 -7
right_child=1 2 -4 4 -6 6 -8
leaf_value=0.050645144226459361 -0.034719329886285108 -0.0021432766782068838 -0.0030696914984172188 -0.10043302601765072 0.022652562701183817 0.049237867524226514 0.0074369877206915047
leaf_weight=47 122 871 5938 58 41 295 707
leaf_count=47 122 871 5938 58 41 295 707
internal_value=-0.000880166 -0.00121299 -0.000674599 0.00652692 -0.0508198 0.0096853 0.019927
internal_weight=8079 8032 7910 1972 99 1873 1002
internal_count=8079 8032 7910 1972 99 1873 1002
is_linear=0
shrinkage=0.02


Tree=988
num_leaves=8
num_cat=0
split_feature=41 52 41 21 56 17 56
split_gain=359.209 666.647 646.979 1061 508.596 864.573 735.528
threshold=23.855000000000004 73.965000000000018 25.175000000000004 198641.90000000002 39.125000000000007 29026.550000000007 37.57500000000001
decision_type=2 2 2 10 2 2 2
left_child=1 4 3 -2 6 -6 -1
right_child=2 -3 -4 -5 5 -7 -8
leaf_value=-0.015568284438108537 -0.020033999290317298 0.057669013911972239 0.00052344908672932494 0.11059882631220601 -0.052254554039327862 0.024379750540504209 0.059565229113285358
leaf_weight=258 43 44 7249 50 266 72 60
leaf_count=258 43 44 7249 50 266 72 60
internal_value=-9.47282e-05 -0.0137315 0.00121388 0.0522582 -0.0189205 -0.0358127 -0.000689532
internal_weight=8042 700 7342 93 656 338 318
internal_count=8042 700 7342 93 656 338 318
is_linear=0
shrinkage=0.02


Tree=989
num_leaves=8
num_cat=0
split_feature=33 48 8 14 14 8 52
split_gain=392.476 647.519 1200.89 608.137 542.362 641.233 510.159
threshold=1.0000000180025095e-35 3.5000000000000004 30.015000000000004 20.470000000000002 16.855000000000004 16.185000000000006 37.105000000000011
decision_type=2 2 2 2 2 2 2
left_child=1 2 3 -1 5 -3 -6
right_child=-2 4 -4 -5 6 -7 -8
leaf_value=-0.056197115127221649 0.00095714345663082184 0.050294310787449711 0.090577274368932606 0.030979460755117098 -0.010387416431473362 -0.046444341427482223 -0.098936889657705293
leaf_weight=78 7607 41 47 48 40 63 77
leaf_count=78 7607 41 47 48 40 63 77
internal_value=-5.64065e-05 -0.0193919 0.00948073 -0.0230721 -0.0417033 -0.00774933 -0.07033
internal_weight=8001 394 173 126 221 104 117
internal_count=8001 394 173 126 221 104 117
is_linear=0
shrinkage=0.02


Tree=990
num_leaves=8
num_cat=0
split_feature=43 64 9 58 56 68 51
split_gain=404.277 606.739 988.492 1201.09 715.718 1049.38 751.262
threshold=1.0000000180025095e-35 2.5000000000000004 1.5000000000000002 37.785000000000004 46.635000000000012 1120126.5000000002 14.905000000000003
decision_type=2 2 2 2 2 2 2
left_child=-1 2 3 -2 6 -6 -4
right_child=1 -3 4 -5 5 -7 -8
leaf_value=-0.0069881307100179372 0.025618025946520989 0.00030971140495894702 -0.019499232136196906 -0.04601241624386853 0.097686979650693437 -0.016051577553153038 0.031410305836410288
leaf_weight=1997 181 4898 149 184 113 43 476
leaf_count=1997 181 4898 149 184 113 43 476
internal_value=0.000802753 0.00338059 0.0164471 -0.0106254 0.0290866 0.0668111 0.019215
internal_weight=8041 6044 1146 365 781 156 625
internal_count=8041 6044 1146 365 781 156 625
is_linear=0
shrinkage=0.02


Tree=991
num_leaves=8
num_cat=0
split_feature=56 56 50 43 42 17 56
split_gain=300.295 951.686 638.196 608.13 703.115 2219.36 693.772
threshold=36.365000000000002 37.165000000000006 1.5000000000000002 1.0000000180025095e-35 41.205000000000005 22772.100000000002 35.145000000000003
decision_type=2 2 2 2 2 2 2
left_child=2 -2 3 6 5 -5 -1
right_child=1 -3 -4 4 -6 -7 -8
leaf_value=-0.018667139109724312 0.037897622676108217 0.001498195153927673 0.0095615433862872336 0.045137335916250187 -0.014174007878850692 -0.051811620385558518 -0.080444608198908654
leaf_weight=389 300 4966 867 311 940 130 86
leaf_count=389 300 4966 867 311 940 130 86
internal_value=0.000818495 0.00360582 -0.00456864 -0.0111773 -0.00441963 0.0162978 -0.0305736
internal_weight=7989 5266 2723 1856 1381 441 475
internal_count=7989 5266 2723 1856 1381 441 475
is_linear=0
shrinkage=0.02


Tree=992
num_leaves=8
num_cat=0
split_feature=49 37 54 33 49 49 42
split_gain=260.596 467.148 255.795 372.186 421.771 473.822 444.657
threshold=4.5000000000000009 0.05970000000000001 67.045000000000016 3.5000000000000004 51.500000000000007 12.500000000000002 38.165000000000006
decision_type=2 2 2 2 2 2 2
left_child=1 -1 3 4 5 -2 -7
right_child=2 -3 -4 -5 -6 6 -8
leaf_value=0.013071260955785551 -0.017249452456393664 -0.063345658295396443 -0.00010327098210514199 -0.012585740062870143 -0.027914829197461192 0.09208389728036645 0.028027042122774348
leaf_weight=57 46 64 7501 122 41 68 124
leaf_count=57 46 64 7501 122 41 68 124
internal_value=0.000279003 -0.0282574 0.000733561 0.0161956 0.028781 0.0389214 0.0524752
internal_weight=8023 121 7902 401 279 238 192
internal_count=8023 121 7902 401 279 238 192
is_linear=0
shrinkage=0.02


Tree=993
num_leaves=8
num_cat=0
split_feature=45 13 12 40 40 18 13
split_gain=503.371 704.438 787.443 634.105 742.38 863.631 673.012
threshold=1.0000000180025095e-35 431.15000000000003 30.375000000000004 42.785000000000004 47.445000000000007 83541.800000000017 361.75000000000006
decision_type=2 2 2 2 2 2 2
left_child=1 2 3 -1 -5 -6 -7
right_child=-2 -3 -4 4 5 6 -8
leaf_value=0.03952960094738088 -0.0045886925074124863 0.038601289554266262 -0.0028780828409500714 -0.054959640136092072 0.038544733570926963 -0.044736707088181643 0.046017121175924942
leaf_weight=360 4582 235 2338 67 238 118 40
leaf_count=360 4582 235 2338 67 238 118 40
internal_value=-0.000265769 0.00556504 0.00305192 0.0198137 0.00422528 0.0147993 -0.0210543
internal_weight=7978 3396 3161 823 463 396 158
internal_count=7978 3396 3161 823 463 396 158
is_linear=0
shrinkage=0.02


Tree=994
num_leaves=8
num_cat=0
split_feature=53 40 16 6 22 22 55
split_gain=421.29 535.681 447.453 583.791 580.541 790.08 686.867
threshold=38.57500000000001 20.705000000000002 0.36255000000000004 2.5000000000000004 19133.350000000002 10900.950000000003 54.465000000000011
decision_type=2 2 2 2 2 2 2
left_child=1 -1 3 4 5 -2 -7
right_child=2 -3 -4 -5 -6 6 -8
leaf_value=-0.039503520289435982 0.0016697343787435933 0.019516648244261085 0.0010422908248240944 0.012532005763906645 0.0060516817410869988 -0.028317072139139855 -0.086418416682554761
leaf_weight=63 306 673 5695 334 324 556 93
leaf_count=63 306 673 5695 334 324 556 93
internal_value=-0.000137798 0.0142322 -0.00159376 -0.0108753 -0.0170129 -0.0248287 -0.0372399
internal_weight=8044 736 7308 1613 1279 955 649
internal_count=8044 736 7308 1613 1279 955 649
is_linear=0
shrinkage=0.02


Tree=995
num_leaves=8
num_cat=0
split_feature=22 20 52 66 49 20 43
split_gain=380.152 539.404 1027.14 475.039 427.074 483.543 492.27
threshold=20434.150000000005 1305302.1000000003 59.715000000000011 0.31250000000000006 20.500000000000004 1359507.9500000004 1.0000000180025095e-35
decision_type=2 10 2 2 2 10 2
left_child=4 -2 3 -3 -1 -6 -7
right_child=1 2 -4 -5 5 6 -8
leaf_value=-0.0070136032119319323 0.014017940679901799 -0.1001562482504933 0.052219364309310914 -0.017279742640345843 0.001539729427233191 -0.016583838957019998 0.041576879432878827
leaf_weight=2461 1483 49 45 62 3535 74 233
leaf_count=2461 1483 49 45 62 3535 74 233
internal_value=0.00171684 0.0102819 -0.0245665 -0.056605 -0.000516761 0.00364851 0.0275166
internal_weight=7942 1639 156 111 6303 3842 307
internal_count=7942 1639 156 111 6303 3842 307
is_linear=0
shrinkage=0.02


Tree=996
num_leaves=8
num_cat=1
split_feature=2 8 50 56 17 38 48
split_gain=404.211 650.298 815.196 914.794 703.47 898.701 733.751
threshold=0 24.685000000000006 2.5000000000000004 50.505000000000003 2596.9000000000005 4892.9000000000005 19.500000000000004
decision_type=1 2 2 2 2 10 2
left_child=-1 2 3 -2 5 -3 -6
right_child=1 4 -4 -5 6 -7 -8
leaf_value=0.003013488285480201 -0.005437940438038134 -0.090337362033497612 0.044438015600709722 0.06926541345598905 -0.007280853773173078 0.0057737093218671745 -0.070190370134913777
leaf_weight=4631 1315 97 167 64 1559 62 73
leaf_count=4631 1315 97 167 64 1559 62 73
internal_value=-0.000808283 -0.00609938 0.00338141 -0.00173321 -0.0143038 -0.0538267 -0.0103006
internal_weight=7968 3337 1546 1379 1791 159 1632
internal_count=7968 3337 1546 1379 1791 159 1632
cat_boundaries=0 1
cat_threshold=178
is_linear=0
shrinkage=0.02


Tree=997
num_leaves=8
num_cat=1
split_feature=13 48 53 41 51 2 36
split_gain=376.693 362.484 451.919 300.878 607.946 437.517 355.804
threshold=455.35000000000008 5.5000000000000009 66.305000000000021 81.220000000000013 10.785000000000002 0 1.0000000180025095e-35
decision_type=2 2 2 2 2 1 2
left_child=3 2 -2 -1 -5 -6 -7
right_child=1 -3 -4 4 5 6 -8
leaf_value=-0.0023772284028651574 0.072716312584649223 -0.007221595134053912 -0.00086163964311955336 0.054855823821994172 -0.023205871228467335 0.05331978594384542 -0.0013499422544629267
leaf_weight=7244 82 86 54 107 150 77 113
leaf_count=7244 82 86 54 107 150 77 113
internal_value=-0.000642384 0.0247503 0.044507 -0.00139095 0.0144421 0.00111293 0.0205509
internal_weight=7913 222 136 7691 447 340 190
internal_count=7913 222 136 7691 447 340 190
cat_boundaries=0 1
cat_threshold=162
is_linear=0
shrinkage=0.02


Tree=998
num_leaves=8
num_cat=0
split_feature=56 56 40 8 40 6 13
split_gain=398.018 684.934 614.784 367.694 928.034 573.988 998.765
threshold=55.295000000000009 58.75500000000001 45.935000000000009 54.410000000000004 51.585000000000008 1.0000000180025095e-35 337.25000000000006
decision_type=2 2 2 2 2 2 2
left_child=3 2 -2 -1 5 6 -5
right_child=1 -3 -4 4 -6 -7 -8
leaf_value=-0.00038099873920657433 0.097132888907058665 -0.019146891236305238 0.011953769528712981 0.065526131672110965 0.010875464550130595 -0.063769203481259265 -0.060032042638822038
leaf_weight=7292 61 82 73 42 236 176 50
leaf_count=7292 61 82 73 42 236 176 50
internal_value=-0.000779099 0.0256895 0.0528285 -0.00152845 -0.0179632 -0.0430925 -0.00228901
internal_weight=8012 216 134 7796 504 268 92
internal_count=8012 216 134 7796 504 268 92
is_linear=0
shrinkage=0.02


Tree=999
num_leaves=8
num_cat=2
split_feature=7 2 12 21 16 40 13
split_gain=484.207 816.041 767.043 717.272 949.262 689.71 593.628
threshold=0 1 51.57500000000001 274573.40000000008 0.30555000000000004 28.205000000000002 368.55000000000007
decision_type=1 1 2 10 2 2 2
left_child=1 2 -1 4 -3 -5 -7
right_child=-2 3 -4 5 -6 6 -8
leaf_value=-0.007417985233162545 0.0023085234664805775 -0.052110728440056375 0.03688686574339612 -0.092907231709984842 0.0042301162659124812 -0.047453537809848782 0.01191965280369354
leaf_weight=467 6284 149 229 81 533 195 99
leaf_count=467 6284 149 229 81 533 195 99
internal_value=-0.000288325 -0.00953625 0.00721552 -0.0205134 -0.00836863 -0.0427397 -0.0275955
internal_weight=8037 1753 696 1057 682 375 294
internal_count=8037 1753 696 1057 682 375 294
cat_boundaries=0 1 2
cat_threshold=36 164
is_linear=0
shrinkage=0.02


Tree=1000
num_leaves=8
num_cat=0
split_feature=12 46 67 0 16 16 67
split_gain=295.543 625.132 395.418 361.091 275.488 296.054 254.977
threshold=84.325000000000003 3.5000000000000004 12.343415286605568 40.500000000000007 0.56585000000000008 0.44655000000000006 42.196191958575483
decision_type=2 2 2 2 2 2 2
left_child=6 3 4 -2 5 -3 -1
right_child=1 2 -4 -5 -6 -7 -8
leaf_value=-0.0010101178963476197 0.10161244963606199 -0.0036986290527662885 0.046988220043732966 0.025346558144394779 0.020378015677134199 -0.061147153397401177 0.032135414893322806
leaf_weight=7496 40 91 54 66 70 55 89
leaf_count=7496 40 91 54 66 70 55 89
internal_value=0.000262711 0.0174512 0.00100639 0.0574069 -0.0112921 -0.0266483 -0.000600285
internal_weight=7961 376 270 106 216 146 7585
internal_count=7961 376 270 106 216 146 7585
is_linear=0
shrinkage=0.02


Tree=1001
num_leaves=8
num_cat=0
split_feature=16 42 13 21 38 12 21
split_gain=368.487 619.186 622.184 583.842 800.858 569.256 574.223
threshold=0.60625000000000007 45.07500000000001 373.55000000000007 298730.20000000001 1810.6500000000003 72.285000000000011 1.0000000180025095e-35
decision_type=2 2 2 10 10 2 10
left_child=-1 2 -2 4 -4 6 -3
right_child=1 5 3 -5 -6 -7 -8
leaf_value=-0.0027981829274085507 0.0092816835420671852 0.0083351371691209597 0.12050352007780277 0.0012105016880913785 0.027808834362127215 0.035011091099963906 -0.021093133709327163
leaf_weight=6070 523 510 66 71 87 143 543
leaf_count=6070 523 510 66 71 87 143 543
internal_value=-0.000371274 0.0071982 0.0214187 0.0489352 0.0703428 -0.00173589 -0.00686809
internal_weight=8013 1943 747 224 153 1196 1053
internal_count=8013 1943 747 224 153 1196 1053
is_linear=0
shrinkage=0.02


Tree=1002
num_leaves=8
num_cat=2
split_feature=3 15 54 8 2 40 42
split_gain=282.714 664.267 902.32 698.111 872.873 971.978 626.204
threshold=0 4.5000000000000009 75.790000000000006 8.5850000000000026 1 54.100000000000009 45.465000000000011
decision_type=1 2 2 2 1 2 2
left_child=-1 3 -3 4 -2 -6 -5
right_child=1 2 -4 6 5 -7 -8
leaf_value=-0.0051989395600006939 -0.0074201431161543333 -0.038382426880775616 0.063118594505389536 0.0084483442356970209 0.11386576060609645 0.0065562019982035201 -0.0052283422260452593
leaf_weight=2102 119 42 145 2320 78 58 3153
leaf_count=2102 119 42 145 2320 78 58 3153
internal_value=0.00107935 0.00331614 0.0399157 0.0020933 0.0341138 0.0653238 0.000571613
internal_weight=8017 5915 187 5728 255 136 5473
internal_count=8017 5915 187 5728 255 136 5473
cat_boundaries=0 1 2
cat_threshold=8 11
is_linear=0
shrinkage=0.02


Tree=1003
num_leaves=8
num_cat=0
split_feature=42 40 15 17 21 13 24
split_gain=301.777 777.79 704.039 1075.41 969.773 920.414 916.011
threshold=46.840000000000011 58.885000000000012 1.5000000000000002 9065.1500000000015 221421.50000000003 400.85000000000008 1.5000000000000002
decision_type=2 2 2 2 8 2 2
left_child=1 2 -1 4 -4 6 -6
right_child=-2 -3 3 -5 5 -7 -8
leaf_value=0.0079634917352588916 -0.0019555219758691338 0.039451812241750303 0.054530849289894101 0.026107629755186657 -0.0873523437751062 0.021767494243734024 -0.023898686116391961
leaf_weight=2630 4420 251 45 184 160 80 215
leaf_count=2630 4420 251 45 184 160 80 215
internal_value=0.00153574 0.00586099 0.00326125 -0.0147456 -0.0298892 -0.0387405 -0.0517654
internal_weight=7985 3565 3314 684 500 455 375
internal_count=7985 3565 3314 684 500 455 375
is_linear=0
shrinkage=0.02


Tree=1004
num_leaves=8
num_cat=0
split_feature=40 64 66 10 12 37 56
split_gain=324.852 415.518 311.489 489.544 290.646 647.365 1047.64
threshold=87.625000000000014 2.5000000000000004 0.31250000000000006 22351.700000000004 30.115000000000006 0.36930000000000002 35.445000000000007
decision_type=2 2 2 2 2 2 2
left_child=4 -2 3 -3 5 -1 -7
right_child=1 2 -4 -5 -6 6 -8
leaf_value=0.013380621369787956 0.075335768055915825 -0.0087054620595539318 -0.012457799054931716 0.081750300799806927 -0.0017651487460382787 -0.062449683887371064 0.0059453064655309593
leaf_weight=1490 45 46 107 43 5863 123 296
leaf_count=1490 45 46 107 43 5863 123 296
internal_value=0.0011591 0.0237868 0.010372 0.0370217 0.000442602 0.00721003 -0.0146321
internal_weight=8013 241 196 89 7772 1909 419
internal_count=8013 241 196 89 7772 1909 419
is_linear=0
shrinkage=0.02


Tree=1005
num_leaves=8
num_cat=0
split_feature=66 38 42 23 41 16 8
split_gain=290.131 761.456 555.239 910.219 757.534 1043.64 394.56
threshold=1.0000000180025095e-35 8971.0000000000018 52.155000000000008 13.450000000000001 60.555000000000007 0.57745000000000013 25.925000000000004
decision_type=2 8 2 2 2 2 2
left_child=1 -1 3 -3 -4 -6 -2
right_child=6 2 4 -5 5 -7 -8
leaf_value=-0.081175918392837054 0.0064791929931257083 -0.012166108681365502 -0.071568472703983047 0.078929537654812656 -0.058210808648003473 0.075301259229986039 -0.0026546366347949828
leaf_weight=55 3788 124 82 62 40 44 3770
leaf_count=55 3788 124 82 62 40 44 3770
internal_value=0.00103469 -0.0153104 -0.00402614 0.0194704 -0.0301531 0.0120256 0.00192441
internal_weight=7965 407 352 186 166 84 7558
internal_count=7965 407 352 186 166 84 7558
is_linear=0
shrinkage=0.02


Tree=1006
num_leaves=8
num_cat=0
split_feature=14 56 40 14 43 55 40
split_gain=465.496 489.186 389.359 339.218 504.949 524.619 452.124
threshold=46.365000000000009 34.615000000000002 59.515000000000008 37.375000000000007 1.0000000180025095e-35 44.275000000000013 71.345000000000013
decision_type=2 2 2 2 2 2 2
left_child=3 -2 -3 -1 5 -5 -6
right_child=1 2 -4 4 6 -7 -8
leaf_value=-0.00094673902153178519 -0.066119268224796371 -0.025756063345863028 0.029718744538517462 -0.065273420524138676 0.042515865294680912 0.022241776449195411 -0.023286373065068172
leaf_weight=7325 79 167 67 47 240 54 47
leaf_count=7325 79 167 67 47 240 54 47
internal_value=-0.00095385 -0.0246676 -0.00958282 2.38333e-05 0.0181261 -0.0196411 0.0315257
internal_weight=8026 313 234 7713 388 101 287
internal_count=8026 313 234 7713 388 101 287
is_linear=0
shrinkage=0.02


Tree=1007
num_leaves=8
num_cat=0
split_feature=41 31 45 17 51 41 54
split_gain=267.422 506.825 442.067 274.716 715.978 269.049 686.482
threshold=83.670000000000016 1.0000000180025095e-35 1.0000000180025095e-35 895.00000000000011 21.495000000000001 76.865000000000023 86.545000000000016
decision_type=2 2 2 2 2 2 2
left_child=3 2 -2 4 -1 -5 -7
right_child=1 -3 -4 5 -6 6 -8
leaf_value=0.027246942433443937 0.096289978408813467 -0.00024116599689315047 0.019246584595791226 0.0016491128577392359 -0.068427940326929101 -0.044682065681229503 0.011880978821612615
leaf_weight=50 45 224 82 7179 70 167 168
leaf_count=50 45 224 82 7179 70 167 168
internal_value=0.0011286 0.0180723 0.0491587 0.000338239 -0.0290681 0.000826881 -0.0165585
internal_weight=7985 351 127 7634 120 7514 335
internal_count=7985 351 127 7634 120 7514 335
is_linear=0
shrinkage=0.02


Tree=1008
num_leaves=8
num_cat=0
split_feature=30 42 57 42 21 22 64
split_gain=451.968 873.373 782.432 1166.39 759.816 845.72 713.638
threshold=1.0000000180025095e-35 21.795000000000005 56.600000000000009 19.780000000000005 465818.45000000001 9801.2500000000018 2.5000000000000004
decision_type=2 2 2 2 10 2 2
left_child=1 -1 3 -2 -3 -6 -5
right_child=2 4 -4 6 5 -7 -8
leaf_value=-0.027128235483447227 0.065157817311875241 -0.002337450803469743 -0.023620486173758601 0.029541868316553782 -0.050760032430939052 0.042455545528319434 0.00018877570661852069
leaf_weight=535 149 4965 272 440 41 271 1297
leaf_count=535 149 4965 272 440 41 271 1297
internal_value=-3.28544e-08 -0.00290246 0.00780552 0.0123883 -0.000423014 0.0295986 0.00768767
internal_weight=7970 5812 2158 1886 5277 312 1737
internal_count=7970 5812 2158 1886 5277 312 1737
is_linear=0
shrinkage=0.02


Tree=1009
num_leaves=8
num_cat=0
split_feature=58 53 40 55 23 49 20
split_gain=355.117 853.095 760.73 654.78 555.526 507.457 809.828
threshold=23.405000000000005 82.365000000000023 53.315000000000005 65.245000000000019 21.250000000000004 9.5000000000000018 462099.95000000001
decision_type=2 2 2 2 2 2 10
left_child=1 4 -3 5 -1 6 -2
right_child=3 2 -4 -5 -6 -7 -8
leaf_value=-0.0017040965082673215 0.0044772557701383319 -0.129114620944728 -0.0093954790630580293 -0.044778372608841613 -0.05757206574931175 0.0024230808474565583 -0.036569158680253351
leaf_weight=724 408 41 41 125 74 6202 357
leaf_count=724 408 41 41 125 74 6202 357
internal_value=-0.00179667 -0.0137423 -0.0732352 -0.000305771 -0.00721106 0.000523685 -0.0147908
internal_weight=7972 880 82 7092 798 6967 765
internal_count=7972 880 82 7092 798 6967 765
is_linear=0
shrinkage=0.02


Tree=1010
num_leaves=8
num_cat=1
split_feature=49 57 23 16 8 22 2
split_gain=305.354 607.903 384.185 384.9 783.109 837.99 657.188
threshold=4.5000000000000009 30.125000000000004 29.750000000000004 0.38705000000000006 24.685000000000006 24965.300000000003 0
decision_type=2 2 2 2 2 2 1
left_child=1 -1 3 4 6 -6 -2
right_child=2 -3 -4 -5 5 -7 -8
leaf_value=-0.075405544561724519 -0.016980580007392828 0.0082628776439715446 0.037921786585772811 0.0033420339372610538 -0.024086904361716739 0.041574444634072921 0.016427955721313014
leaf_weight=57 337 77 107 5600 966 80 703
leaf_count=57 337 77 107 5600 966 80 703
internal_value=0.000623462 -0.0287596 0.00114682 0.000610539 -0.00671279 -0.0188911 0.00556757
internal_weight=7927 134 7793 7686 2086 1046 1040
internal_count=7927 134 7793 7686 2086 1046 1040
cat_boundaries=0 1
cat_threshold=49
is_linear=0
shrinkage=0.02


Tree=1011
num_leaves=8
num_cat=0
split_feature=21 52 53 8 24 49 21
split_gain=468.811 791.004 722.352 677.487 594.437 504.372 472.642
threshold=201125.60000000001 48.065000000000005 77.105000000000004 18.870000000000001 2.5000000000000004 18.500000000000004 296874.70000000007
decision_type=8 2 2 2 2 2 10
left_child=1 5 3 -3 -5 -1 -2
right_child=6 2 -4 4 -6 -7 -8
leaf_value=0.0045998703413888025 -0.0045907002523645109 0.03102256097442781 0.051260599332196372 -0.0097652870485628093 -0.083506976398519978 0.058161651219879026 0.0061812281599398049
leaf_weight=109 4932 67 65 103 73 198 2427
leaf_count=109 4932 67 65 103 73 198 2427
internal_value=0.000370138 0.0170724 -0.00557933 -0.0215104 -0.0418132 0.0395231 -0.00103633
internal_weight=7974 615 308 243 176 307 7359
internal_count=7974 615 308 243 176 307 7359
is_linear=0
shrinkage=0.02


Tree=1012
num_leaves=8
num_cat=1
split_feature=68 42 52 42 49 68 11
split_gain=439.606 520.579 460.917 1146.68 631.984 536.204 897.927
threshold=525655.15000000014 6.330000000000001 63.135000000000012 24.000000000000004 4.5000000000000009 895530.30000000016 0
decision_type=2 2 2 2 2 2 9
left_child=1 -1 4 -4 -2 6 -5
right_child=2 -3 3 5 -6 -7 -8
leaf_value=-0.049101967074084971 -0.077785862824496108 0.0063230141566835863 0.078085681228514989 0.028244398336098035 -0.0067175324203126163 0.01216471276730299 -0.044285412558797498
leaf_weight=64 46 4004 80 98 2879 595 201
leaf_count=64 46 4004 80 98 2879 595 201
internal_value=0.000795657 0.00539183 -0.0040005 0.00788814 -0.00796602 0.00120713 -0.0204395
internal_weight=7967 4068 3899 974 2925 894 299
internal_count=7967 4068 3899 974 2925 894 299
cat_boundaries=0 1
cat_threshold=1
is_linear=0
shrinkage=0.02


Tree=1013
num_leaves=8
num_cat=0
split_feature=23 38 52 53 45 64 47
split_gain=332.993 351.285 784.74 578.678 522.431 1247.7 846.187
threshold=1.7500000000000002 17351.150000000005 48.065000000000005 63.375000000000007 1.0000000180025095e-35 3.5000000000000004 4.5000000000000009
decision_type=2 10 2 2 2 2 2
left_child=-1 -2 4 -4 -3 6 -6
right_child=1 2 3 -5 5 -7 -8
leaf_value=0.049550699153367211 -4.8053093895834442e-05 -0.0075790957899639026 0.02296858158290192 -0.018495815789171807 -0.16098744384151825 -0.0080015182379564193 -0.052108558859567937
leaf_weight=46 6857 248 302 235 42 157 94
leaf_count=46 6857 248 302 235 42 157 94
internal_value=-0.00139359 -0.00171994 -0.0123052 0.00481985 -0.0291922 -0.0470517 -0.0902493
internal_weight=7981 7935 1078 537 541 293 136
internal_count=7981 7935 1078 537 541 293 136
is_linear=0
shrinkage=0.02


Tree=1014
num_leaves=8
num_cat=0
split_feature=0 55 10 54 20 6 52
split_gain=299.722 816.935 723.603 696.21 675.865 609.165 673.852
threshold=56.500000000000007 52.875000000000007 19453.500000000004 99.975000000000009 426268.55000000005 1.5000000000000002 39.615000000000002
decision_type=2 2 2 2 10 2 2
left_child=-1 3 4 5 -3 6 -2
right_child=1 2 -4 -5 -6 -7 -8
leaf_value=-0.0031908497520068127 -0.019240517070874624 -0.0052053207457575905 0.0055381080426314747 -0.049851255650703731 -0.089771838719132302 0.033869950514511436 0.021352753617861008
leaf_weight=6447 271 68 186 60 82 509 397
leaf_count=6447 271 68 186 60 82 509 397
internal_value=-0.00128068 0.00653352 -0.020916 0.0140437 -0.0528396 0.017498 0.00486393
internal_weight=8020 1573 336 1237 150 1177 668
internal_count=8020 1573 336 1237 150 1177 668
is_linear=0
shrinkage=0.02


Tree=1015
num_leaves=8
num_cat=0
split_feature=54 33 56 42 67 43 17
split_gain=412.935 1200.76 1106.89 995.752 964.367 807.523 965.265
threshold=83.385000000000005 2.5000000000000004 48.615000000000002 40.495000000000012 17.067431192122921 1.0000000180025095e-35 2005.0500000000002
decision_type=2 2 2 2 2 2 2
left_child=1 2 5 -4 -2 -1 -7
right_child=4 -3 3 -5 -6 6 -8
leaf_value=-0.012790045715740016 0.00015259946539317247 -0.0048337113513427501 0.13541935538423472 0.031274857508639495 -0.027288978574189434 0.081134045140123845 0.015680737280764974
leaf_weight=343 4274 1780 53 112 577 97 817
leaf_count=343 4274 1780 53 112 577 97 817
internal_value=0.000542367 0.00611151 0.0197812 0.0677264 -0.00313616 0.0132443 0.0230307
internal_weight=8053 3202 1422 165 4851 1257 914
internal_count=8053 3202 1422 165 4851 1257 914
is_linear=0
shrinkage=0.02


Tree=1016
num_leaves=8
num_cat=1
split_feature=16 22 16 8 0 3 53
split_gain=358.219 653.495 521.219 566.629 323.569 318.717 671.343
threshold=0.77885000000000015 19045.250000000004 0.80045000000000011 13.195000000000002 29.500000000000004 0 80.415000000000006
decision_type=2 2 2 2 2 1 2
left_child=5 2 -2 -4 -5 6 -1
right_child=1 -3 3 4 -6 -7 -8
leaf_value=0.004677299456264522 0.04458886808753014 0.073755161157143964 0.037782566981183159 -0.086019549355544941 -0.009750289134681225 -0.0063447229953263271 -0.021989314438366631
leaf_weight=3450 70 65 40 42 45 3872 419
leaf_count=3450 70 65 40 42 45 3872 419
internal_value=-0.00151705 0.0212615 0.00254429 -0.021441 -0.0492438 -0.00230123 0.0017602
internal_weight=8003 262 197 127 87 7741 3869
internal_count=8003 262 197 127 87 7741 3869
cat_boundaries=0 1
cat_threshold=5
is_linear=0
shrinkage=0.02


Tree=1017
num_leaves=8
num_cat=0
split_feature=55 38 51 9 49 21 49
split_gain=512.289 595.033 820.402 1078.13 609.591 760.023 701.181
threshold=37.07500000000001 25338.950000000004 6.0050000000000008 5.5000000000000009 14.500000000000002 300375.20000000001 23.500000000000004
decision_type=2 8 2 2 2 10 2
left_child=1 2 -1 -4 -3 -6 -7
right_child=-2 4 3 -5 5 6 -8
leaf_value=-0.034101342565339546 -0.0030746027648474346 0.031019048830830908 0.052834821678587648 0.002070768315416689 -0.02580119414966835 -0.033178043538873846 0.055478905186411888
leaf_weight=87 6448 161 364 307 432 50 100
leaf_count=87 6448 161 364 307 432 50 100
internal_value=-0.000623721 0.00988004 0.0222868 0.029796 -0.00284153 -0.0123929 0.0258096
internal_weight=7949 1501 758 671 743 582 150
internal_count=7949 1501 758 671 743 582 150
is_linear=0
shrinkage=0.02


Tree=1018
num_leaves=8
num_cat=0
split_feature=17 49 8 41 33 14 38
split_gain=499.513 796.161 1614.35 1043.01 839.533 1221.45 1086.22
threshold=3890.5500000000006 46.500000000000007 44.32500000000001 16.360000000000003 1.5000000000000002 12.975000000000003 16347.400000000003
decision_type=2 2 2 2 2 2 8
left_child=1 2 3 -1 5 -5 -7
right_child=-2 -3 -4 4 -6 6 -8
leaf_value=-0.069318672488344474 -0.00242936207512037 -0.020105692353616984 -0.054757847073648509 0.11732598099349575 0.015292839721333169 0.091233296881703771 0.006032225175805035
leaf_weight=42 6410 283 111 83 789 80 205
leaf_count=42 6410 283 111 83 789 80 205
internal_value=6.29513e-05 0.0100679 0.016638 0.0234475 0.0270988 0.0518667 0.031109
internal_weight=8003 1593 1310 1199 1157 368 285
internal_count=8003 1593 1310 1199 1157 368 285
is_linear=0
shrinkage=0.02


Tree=1019
num_leaves=8
num_cat=0
split_feature=58 52 38 56 58 22 46
split_gain=372.33 746.492 644.236 562.606 922.062 561.347 518.808
threshold=53.750000000000007 61.945000000000007 2709.5500000000006 38.115000000000002 62.735000000000007 17087.050000000003 6.5000000000000009
decision_type=2 2 10 2 2 2 2
left_child=-1 2 3 4 -2 -4 -3
right_child=1 6 5 -5 -6 -7 -8
leaf_value=0.0021194872575095234 0.024299276743976164 0.032407079669929714 0.013724352305668383 -0.046205439322733195 -0.066187337388841888 -0.03019117030696097 -0.013848128887066932
leaf_weight=6516 137 242 339 376 61 171 156
leaf_count=6516 137 242 339 376 61 171 156
internal_value=6.01735e-05 -0.00897082 -0.0175524 -0.0319899 -0.00452151 -0.00115042 0.01433
internal_weight=7998 1482 1084 574 198 510 398
internal_count=7998 1482 1084 574 198 510 398
is_linear=0
shrinkage=0.02


Tree=1020
num_leaves=8
num_cat=1
split_feature=8 2 40 21 52 49 23
split_gain=323.565 781.342 617.792 624.533 418.225 409.175 767.622
threshold=8.5850000000000026 0 44.865000000000002 171578.70000000004 38.105000000000011 9.5000000000000018 14.15
decision_type=2 1 2 10 2 2 2
left_child=1 4 3 -3 -1 6 -2
right_child=5 2 -4 -5 -6 -7 -8
leaf_value=0.0042953453893246861 0.00011527146204396467 0.086675004302238928 -0.027189857520463861 -0.016760566850648601 0.080803465062583041 0.0017879147506155747 -0.041563485274019721
leaf_weight=41 552 44 156 42 94 6827 255
leaf_count=41 552 44 156 42 94 6827 255
internal_value=0.00109177 0.0190547 -0.00357291 0.0380146 0.0546475 0.000192791 -0.0132294
internal_weight=8011 377 242 86 135 7634 807
internal_count=8011 377 242 86 135 7634 807
cat_boundaries=0 1
cat_threshold=52
is_linear=0
shrinkage=0.02


Tree=1021
num_leaves=8
num_cat=0
split_feature=23 22 0 10 38 60 40
split_gain=313.724 796.786 774.74 959.176 823.405 572.56 707.284
threshold=7.3500000000000005 7035.6000000000013 31.500000000000004 14237.750000000002 25777.900000000005 1.0000000180025095e-35 30.690000000000001
decision_type=2 2 2 2 8 2 2
left_child=1 -1 4 -4 -3 -5 -7
right_child=-2 2 3 5 -6 6 -8
leaf_value=-0.06744969783557786 0.003047233779558537 0.047675714688720526 -0.045430219814897727 -0.012873673171360085 -0.0044702511748105399 0.068114910232948106 0.0030814685197070118
leaf_weight=76 5888 211 255 854 274 77 366
leaf_count=76 5888 211 255 854 274 77 366
internal_value=0.000674867 -0.00592746 -0.00347255 -0.0103672 0.0184709 -0.00332553 0.0150193
internal_weight=8001 2113 2037 1552 485 1297 443
internal_count=8001 2113 2037 1552 485 1297 443
is_linear=0
shrinkage=0.02


Tree=1022
num_leaves=8
num_cat=1
split_feature=65 42 2 36 21 20 42
split_gain=252.751 869.26 759.274 990.991 822.957 716.905 685.729
threshold=0.58571428571428574 36.655000000000008 0 2.5000000000000004 201125.60000000001 786768.15000000002 81.485000000000014
decision_type=2 2 1 2 10 10 2
left_child=6 2 3 4 -2 -6 -1
right_child=1 -3 -4 -5 5 -7 -8
leaf_value=-0.0062953106917391002 0.018048541934695097 -0.0026277307442482754 0.030410782197643607 0.067948857747195723 -0.073397855624438277 0.008606384874266737 0.024200344835408033
leaf_weight=3775 137 2844 702 58 121 63 315
leaf_count=3775 137 2844 702 58 121 63 315
internal_value=-0.00044305 0.00318038 0.0184027 -0.00461732 -0.0187117 -0.0458354 -0.00391994
internal_weight=8015 3925 1081 379 321 184 4090
internal_count=8015 3925 1081 379 321 184 4090
cat_boundaries=0 1
cat_threshold=137
is_linear=0
shrinkage=0.02


Tree=1023
num_leaves=8
num_cat=0
split_feature=44 57 58 54 56 16 54
split_gain=396.797 827.854 834.979 811.095 894.231 791.432 685.425
threshold=1.0000000180025095e-35 8.7700000000000014 60.420000000000009 97.375000000000014 52.055000000000007 0.64995000000000014 92.985000000000014
decision_type=2 2 2 2 2 2 2
left_child=1 -1 3 4 6 -5 -3
right_child=-2 2 -4 5 -6 -7 -8
leaf_value=0.04312463776539948 0.0031116518080693059 -0.012602974705308738 -0.063973909572681842 0.042842043394794561 0.058164472995454165 -0.043143529973246837 -0.059269165012934437
leaf_weight=113 6387 954 109 197 59 50 141
leaf_count=113 6387 954 109 197 59 50 141
internal_value=0.000867066 -0.00794849 -0.0119002 -0.00763572 -0.0146825 0.0249254 -0.0188541
internal_weight=8010 1623 1510 1401 1154 247 1095
internal_count=8010 1623 1510 1401 1154 247 1095
is_linear=0
shrinkage=0.02


Tree=1024
num_leaves=8
num_cat=1
split_feature=8 22 38 34 2 6 53
split_gain=439.133 606.503 589.03 745.711 850.199 800.948 630.425
threshold=25.925000000000004 6257.7500000000009 3309.1500000000005 2.5000000000000004 0 1.0000000180025095e-35 53.07500000000001
decision_type=2 2 8 2 1 2 2
left_child=1 -1 3 4 5 -2 -7
right_child=2 -3 -4 -5 -6 6 -8
leaf_value=-0.053065534227750677 -0.053077346964387734 0.0059194033396254469 -0.0010901634280031565 0.0097209975309669981 -0.067460629952575402 -0.035223229988054799 0.049700282997622781
leaf_weight=66 97 3999 3265 197 184 50 93
leaf_count=66 97 3999 3265 197 184 50 93
internal_value=0.000305083 0.0048977 -0.0044992 -0.0222709 -0.0370751 -0.00972761 0.0198199
internal_weight=7951 4065 3886 621 424 240 143
internal_count=7951 4065 3886 621 424 240 143
cat_boundaries=0 1
cat_threshold=147
is_linear=0
shrinkage=0.02


Tree=1025
num_leaves=8
num_cat=1
split_feature=40 64 42 41 2 48 12
split_gain=361.911 629.079 444.478 856.495 923.973 908.704 980.081
threshold=81.645000000000024 3.5000000000000004 31.075000000000003 34.600000000000009 0 11.500000000000002 56.035000000000004
decision_type=2 2 2 2 1 2 2
left_child=2 -2 3 4 -1 6 -5
right_child=1 -3 -4 5 -6 -7 -8
leaf_value=0.015264692108900068 0.037010575717431493 -0.010489122930387552 -0.003128180570486042 0.056038779541380521 -0.024427808309966475 -0.030426650144551929 -0.0018001977535349698
leaf_weight=487 267 186 6072 352 426 90 174
leaf_count=487 267 186 6072 352 426 90 174
internal_value=0.000339594 0.0176058 -0.000700324 0.00892001 -0.00338757 0.027042 0.0370689
internal_weight=8054 453 7601 1529 913 616 526
internal_count=8054 453 7601 1529 913 616 526
cat_boundaries=0 1
cat_threshold=114
is_linear=0
shrinkage=0.02


Tree=1026
num_leaves=8
num_cat=0
split_feature=45 64 34 51 41 53 65
split_gain=376.292 630.649 1186.65 1140.08 830.581 1152.14 1225.98
threshold=1.0000000180025095e-35 2.5000000000000004 1.0000000180025095e-35 14.135000000000003 58.735000000000007 72.425000000000026 0.45000000000000007
decision_type=2 2 2 2 2 2 2
left_child=1 3 -3 -1 -5 6 -6
right_child=-2 2 -4 4 5 -7 -8
leaf_value=-0.011747569572218914 -0.003287163121839532 -0.099884516566383599 -8.7435187746061121e-05 0.014646206384504999 -0.0014834338510540171 -0.020368972009336447 0.098953429711728144
leaf_weight=480 4533 44 1742 893 66 66 178
leaf_count=480 4533 44 1742 893 66 66 178
internal_value=0.000505488 0.00545901 -0.00281803 0.0142249 0.0245938 0.0525618 0.0723018
internal_weight=8002 3469 1786 1683 1203 310 244
internal_count=8002 3469 1786 1683 1203 310 244
is_linear=0
shrinkage=0.02


Tree=1027
num_leaves=8
num_cat=0
split_feature=57 65 47 54 9 57 42
split_gain=334.784 800.668 535.442 428.011 403.048 396.196 586.764
threshold=61.175000000000004 0.22500000000000003 4.5000000000000009 80.865000000000023 31.500000000000004 56.600000000000009 26.055000000000003
decision_type=2 2 2 2 2 2 2
left_child=4 -2 3 -3 5 -1 -7
right_child=1 2 -4 -5 -6 6 -8
leaf_value=-0.001052439314915364 -0.058447413252932685 0.10514527206950718 0.0077262503890356982 0.029405355817448776 -0.05801434199397381 -0.088314204038457675 -0.012481594610449284
leaf_weight=6990 51 40 354 108 47 42 331
leaf_count=6990 51 40 354 108 47 42 331
internal_value=-0.00140162 0.0135394 0.0213571 0.0526428 -0.00252504 -0.0021317 -0.0220756
internal_weight=7963 553 502 148 7410 7363 373
internal_count=7963 553 502 148 7410 7363 373
is_linear=0
shrinkage=0.02


Tree=1028
num_leaves=8
num_cat=0
split_feature=0 12 68 0 52 18 51
split_gain=495.852 678.548 992.004 730.306 709.042 573.607 579.812
threshold=36.500000000000007 7.3150000000000004 701242.75000000012 21.500000000000004 19.225000000000005 513920.20000000007 22.415000000000003
decision_type=2 2 2 2 2 2 2
left_child=1 2 -1 4 -3 -5 -7
right_child=-2 3 -4 5 -6 6 -8
leaf_value=0.0058107061523162288 -0.0039732180564398967 -0.0791210619532145 -0.10924145092769544 0.021104019401563427 -0.0026038547723407708 -0.03048239110690083 0.017642306137245659
leaf_weight=76 5288 47 44 1470 714 192 199
leaf_count=76 5288 47 44 1470 714 192 199
internal_value=-0.000395326 0.00649938 -0.0390573 0.00865472 -0.00781523 0.0153925 -0.00607576
internal_weight=8030 2742 120 2622 761 1861 391
internal_count=8030 2742 120 2622 761 1861 391
is_linear=0
shrinkage=0.02


Tree=1029
num_leaves=8
num_cat=0
split_feature=0 21 24 42 42 23 28
split_gain=345.912 720.524 1002.99 847.298 767.292 923.263 739.964
threshold=24.500000000000004 235442.50000000003 1.5000000000000002 53.625000000000007 35.730000000000011 11.050000000000002 1.0000000180025095e-35
decision_type=2 10 2 2 2 2 2
left_child=1 2 3 4 -1 -6 -4
right_child=-2 -3 6 -5 5 -7 -8
leaf_value=-0.018701542256629632 0.0017952958705017583 0.012911342076105732 0.024122032813562289 -0.014623029422608838 -0.157088095783256 -0.041392434369171824 -0.043745422780513764
leaf_weight=68 6923 345 220 202 59 57 85
leaf_count=68 6923 345 220 202 59 57 85
internal_value=0.000180186 -0.0105695 -0.0223014 -0.0435093 -0.0739957 -0.104297 0.00480764
internal_weight=7959 1036 691 386 184 116 305
internal_count=7959 1036 691 386 184 116 305
is_linear=0
shrinkage=0.02


Tree=1030
num_leaves=8
num_cat=1
split_feature=9 2 56 17 20 26 58
split_gain=311.066 498.894 701.223 636.547 809.138 812.05 795.939
threshold=1.5000000000000002 0 31.445000000000004 15338.350000000002 1249612.9500000002 1.0000000180025095e-35 21.255000000000006
decision_type=2 1 2 2 10 2 2
left_child=-1 3 -3 4 6 -6 -2
right_child=1 2 -4 -5 5 -7 -8
leaf_value=-0.0057402432050263135 -0.041590201769756863 -0.036605705598197064 -0.00039842293741687497 0.018100685536073063 -0.067765048146247869 0.010506697964443956 0.0086651698292438215
leaf_weight=2196 131 233 2119 1431 124 88 1729
leaf_count=2196 131 233 2119 1431 124 88 1729
internal_value=0.000670863 0.00307828 -0.0040382 0.00784456 0.000772542 -0.0357814 0.00502367
internal_weight=8051 5855 2352 3503 2072 212 1860
internal_count=8051 5855 2352 3503 2072 212 1860
cat_boundaries=0 1
cat_threshold=150
is_linear=0
shrinkage=0.02


Tree=1031
num_leaves=8
num_cat=0
split_feature=33 38 54 14 12 12 8
split_gain=361.932 659.304 833.364 1298.05 652.373 504.199 433.363
threshold=1.0000000180025095e-35 6027.7000000000007 84.455000000000013 22.375000000000004 45.745000000000012 30.655000000000005 30.165000000000003
decision_type=2 8 2 2 2 2 2
left_child=1 -1 3 -3 5 -4 -2
right_child=6 2 4 -5 -6 -7 -8
leaf_value=-0.093011489007208084 0.0025516276998251391 0.067756190312152006 -0.022899261941867217 -0.059612877345643939 0.00096193199791014196 -0.10781451995621939 -0.0072374903387137429
leaf_weight=40 4618 93 58 43 105 56 2967
leaf_count=40 4618 93 58 43 105 56 2967
internal_value=-0.00225848 -0.0208009 -0.0114857 0.0267992 -0.0353282 -0.0673894 -0.0012798
internal_weight=7980 395 355 136 219 114 7585
internal_count=7980 395 355 136 219 114 7585
is_linear=0
shrinkage=0.02


Tree=1032
num_leaves=8
num_cat=0
split_feature=47 57 40 40 18 14 14
split_gain=325.538 656.46 634.397 1320.27 998.512 499.147 994.445
threshold=5.5000000000000009 62.315000000000005 30.425000000000004 24.765000000000004 91298.35000000002 14.525 15.125000000000002
decision_type=2 2 2 2 2 2 2
left_child=1 -1 3 4 -2 -4 -7
right_child=2 -3 5 -5 -6 6 -8
leaf_value=0.0015836913633152996 -0.038535361008824043 0.038199816377004654 0.0063078211865817699 -0.076029525407909471 0.089180074619210292 -0.059768090300637178 -0.0049403976854689429
leaf_weight=3122 48 204 1607 132 41 134 2792
leaf_count=3122 48 204 1607 132 41 134 2792
internal_value=-0.000912557 0.00388351 -0.00426854 -0.0369741 0.0219139 -0.00263505 -0.00754898
internal_weight=8080 3326 4754 221 89 4533 2926
internal_count=8080 3326 4754 221 89 4533 2926
is_linear=0
shrinkage=0.02


Tree=1033
num_leaves=8
num_cat=0
split_feature=49 17 14 9 14 38 20
split_gain=400.285 743.336 835.264 915.435 1445.88 1251.09 1083.09
threshold=30.500000000000004 12461.700000000003 20.835000000000004 3.5000000000000004 14.525 1724.7 429593.40000000008
decision_type=2 2 2 2 2 10 8
left_child=1 2 3 4 5 -1 -5
right_child=-2 -3 -4 6 -6 -7 -8
leaf_value=0.039051772985508236 -0.0053348361961502149 -0.0046144161466431183 0.025327487328707581 0.10461786613149464 -0.043189699294701428 -0.028239780614513377 0.01090745455292364
leaf_weight=258 3143 2236 1005 48 350 186 745
leaf_count=258 3143 2236 1005 48 350 186 745
internal_value=0.000215096 0.00382985 0.0111092 0.0020539 -0.0130858 0.0108615 0.0171997
internal_weight=7971 4828 2592 1587 794 444 793
internal_count=7971 4828 2592 1587 794 444 793
is_linear=0
shrinkage=0.02


Tree=1034
num_leaves=8
num_cat=0
split_feature=68 13 68 13 13 55 55
split_gain=359.671 404.512 709.078 1293.22 807.628 759.749 735.629
threshold=1820341.55 333.75000000000006 1041138.9000000001 341.85000000000008 339.95000000000005 39.505000000000003 46.815000000000005
decision_type=2 2 2 2 2 2 2
left_child=1 -1 3 -3 -4 -6 -7
right_child=-2 2 4 -5 5 6 -8
leaf_value=0.0042186177643214291 0.018163274622091382 -0.037837155800726684 0.047192539744523927 0.0031081165857790201 0.0050985540554672479 -0.059525956030220095 -0.01708221599029431
leaf_weight=3165 397 337 62 3150 245 292 376
leaf_count=3165 397 337 62 3150 245 292 376
internal_value=-0.000275319 -0.00124635 -0.00512317 -0.000897537 -0.0201541 -0.0249596 -0.0359399
internal_weight=8024 7627 4462 3487 975 913 668
internal_count=8024 7627 4462 3487 975 913 668
is_linear=0
shrinkage=0.02


Tree=1035
num_leaves=8
num_cat=0
split_feature=19 41 42 33 17 10 17
split_gain=306.999 554.941 831.744 877.401 701.97 977.367 951.068
threshold=1.0000000180025095e-35 33.735000000000007 52.980000000000011 1.5000000000000002 4293.1500000000005 38698.400000000009 11209.85
decision_type=2 2 2 2 2 2 2
left_child=-1 -2 4 -4 -3 -6 -7
right_child=1 2 3 -5 5 6 -8
leaf_value=0.0048178920419062075 0.014043468700866198 0.015754293858524292 0.049500715945671486 -0.0041056542830077182 -0.060722406301447145 -0.078751439999227651 0.00016727966402803541
leaf_weight=5608 537 150 138 833 274 68 374
leaf_count=5608 537 150 138 833 274 68 374
internal_value=0.0022671 -0.00375598 -0.00898319 0.00372752 -0.0231746 -0.0313828 -0.0127191
internal_weight=7982 2374 1837 971 866 716 442
internal_count=7982 2374 1837 971 866 716 442
is_linear=0
shrinkage=0.02


Tree=1036
num_leaves=8
num_cat=0
split_feature=23 51 12 52 31 12 68
split_gain=385.151 1055.95 567.846 553.587 486.242 393.051 470.564
threshold=4.3500000000000005 17.855000000000004 62.065000000000005 57.615000000000002 1.0000000180025095e-35 22.710000000000004 831014.60000000009
decision_type=2 2 2 2 2 2 2
left_child=1 2 3 4 -1 -3 -7
right_child=-2 5 -4 -5 -6 6 -8
leaf_value=0.096773313719034193 -0.0021622713516418961 0.034276119184562533 0.097552416324615476 -0.033392722724896406 0.014580183475254438 -0.031037894419656879 0.01453157519039355
leaf_weight=45 7291 82 63 41 73 222 147
leaf_count=45 7291 82 63 41 73 222 147
internal_value=-0.00082285 0.0135968 0.0487816 0.0270723 0.0485847 -0.0040675 -0.0129326
internal_weight=7964 673 222 159 118 451 369
internal_count=7964 673 222 159 118 451 369
is_linear=0
shrinkage=0.02


Tree=1037
num_leaves=8
num_cat=1
split_feature=2 6 47 67 55 29 67
split_gain=337.884 620.269 672.203 698.891 716.818 734.048 568.953
threshold=0 1.0000000180025095e-35 11.500000000000002 7.2708081574682364 40.305000000000007 1.0000000180025095e-35 5.9183351010469201
decision_type=1 2 2 2 2 2 2
left_child=1 -1 3 6 -5 -6 -3
right_child=-2 2 -4 4 5 -7 -8
leaf_value=0.019294818450112508 -0.002596562894174518 -0.012765148506263242 0.04832655357945826 0.069856005208929636 0.019522957420236325 -0.047329176839734068 -0.081418328308142149
leaf_weight=902 5796 739 92 72 246 84 47
leaf_count=902 5796 739 92 72 246 84 47
internal_value=-7.07374e-05 0.0066108 -0.00231632 -0.00642426 0.0149063 0.00205363 -0.0173591
internal_weight=7978 2182 1280 1188 402 330 786
internal_count=7978 2182 1280 1188 402 330 786
cat_boundaries=0 1
cat_threshold=160
is_linear=0
shrinkage=0.02


Tree=1038
num_leaves=8
num_cat=0
split_feature=15 14 15 17 54 46 64
split_gain=343.447 695.152 658.646 372.788 789.926 1006.96 875.302
threshold=4.5000000000000009 11.065000000000003 6.5000000000000009 5791.9000000000005 99.545000000000016 5.5000000000000009 2.5000000000000004
decision_type=2 2 2 2 2 2 2
left_child=3 -2 -3 4 -1 -6 -7
right_child=1 2 -4 -5 5 6 -8
leaf_value=0.0014204382560724952 0.084680570698620991 0.028049739587691525 -0.047821748848144829 -0.0032508729067036641 -0.00037168758010931231 0.12557981170488128 0.031662097142802346
leaf_weight=1980 52 150 60 5369 173 61 112
leaf_count=1980 52 150 60 5369 173 61 112
internal_value=0.000419749 0.0227194 0.00576417 -0.000353773 0.0063261 0.0339788 0.0673749
internal_weight=7957 262 210 7695 2326 346 173
internal_count=7957 262 210 7695 2326 346 173
is_linear=0
shrinkage=0.02


Tree=1039
num_leaves=8
num_cat=0
split_feature=55 49 53 21 40 53 57
split_gain=409.156 506.702 451.144 414.165 669.62 684.211 753.253
threshold=56.745000000000012 9.5000000000000018 65.295000000000016 217840.55000000002 34.475000000000001 63.745000000000012 33.195000000000007
decision_type=2 2 2 8 2 2 2
left_child=3 2 -2 4 5 6 -1
right_child=1 -3 -4 -5 -6 -7 -8
leaf_value=0.062388308613987295 -0.088549222322180862 -0.0085577891406754744 -0.0031722757608994194 -0.0014379070143680293 0.0038755350909971944 0.094165447284777951 -0.041650951063998465
leaf_weight=54 59 806 41 6400 595 70 48
leaf_count=54 59 806 41 6400 595 70 48
internal_value=-0.00137436 -0.0139994 -0.0553626 0.000230249 0.0140688 0.048225 0.0137702
internal_weight=8073 906 100 7167 767 172 102
internal_count=8073 906 100 7167 767 172 102
is_linear=0
shrinkage=0.02


Tree=1040
num_leaves=8
num_cat=0
split_feature=46 14 37 49 12 22 67
split_gain=533.608 844.649 1059.89 670.767 622.345 716.249 699.446
threshold=3.5000000000000004 15.625000000000002 0.26970000000000005 14.500000000000002 41.70000000000001 7726.3500000000013 20.394156774708549
decision_type=2 2 2 2 2 2 2
left_child=1 2 3 -1 6 -6 -3
right_child=-2 4 -4 -5 5 -7 -8
leaf_value=-0.032807534419378073 -0.0041751888425034045 -0.0060588263562370726 -0.043066450904856328 0.017173248322856893 -0.044912661489251313 0.034807048755450001 0.072499588119983679
leaf_weight=133 5828 481 239 481 44 690 45
leaf_count=133 5828 481 239 481 44 690 45
internal_value=-0.00105371 0.00754538 -0.00779657 0.00616924 0.0179214 0.0297567 0.00128134
internal_weight=7941 2113 853 614 1260 734 526
internal_count=7941 2113 853 614 1260 734 526
is_linear=0
shrinkage=0.02


Tree=1041
num_leaves=8
num_cat=0
split_feature=53 27 51 13 33 22 47
split_gain=273.359 963.926 698.743 559.8 358.239 332.7 306.63
threshold=87.91500000000002 1.0000000180025095e-35 37.675000000000004 330.75000000000006 2.5000000000000004 20032.300000000003 5.5000000000000009
decision_type=2 2 2 2 2 2 2
left_child=6 2 3 4 -2 -5 -1
right_child=1 -3 -4 5 -6 -7 -8
leaf_value=0.0046095770565559944 0.10719482855412407 -0.061062530810182744 -0.023737470650974708 -0.00019349685003017557 0.030989721279877883 0.064266874220067022 -0.0035489841581503546
leaf_weight=3149 64 50 74 111 47 40 4427
leaf_count=3149 64 50 74 111 47 40 4427
internal_value=0.000684484 0.0169917 0.029332 0.0444849 0.0776544 0.0183946 -0.000157036
internal_weight=7962 386 336 262 111 151 7576
internal_count=7962 386 336 262 111 151 7576
is_linear=0
shrinkage=0.02


Tree=1042
num_leaves=8
num_cat=0
split_feature=16 24 54 33 42 18 52
split_gain=390.474 403.542 357.754 929.727 937.785 994.185 825.702
threshold=0.17090000000000002 2.5000000000000004 82.955000000000013 2.5000000000000004 79.155000000000015 178175.20000000004 41.105000000000011
decision_type=2 2 2 2 2 2 2
left_child=1 -1 3 4 5 -2 -7
right_child=2 -3 -4 -5 -6 6 -8
leaf_value=0.002150460771070077 0.0014635769916992438 -0.079252865140885115 -0.0026028758234250392 -0.0038411353020694002 0.071782746489875579 0.077874950988039579 0.015584031875644411
leaf_weight=47 850 45 4982 1651 116 141 212
leaf_count=47 850 45 4982 1651 116 141 212
internal_value=0.000185895 -0.0396992 0.000671998 0.00616055 0.0186469 0.0132474 0.0412052
internal_weight=8044 92 7952 2970 1319 1203 353
internal_count=8044 92 7952 2970 1319 1203 353
is_linear=0
shrinkage=0.02


Tree=1043
num_leaves=8
num_cat=1
split_feature=42 8 40 34 13 9 2
split_gain=273.349 672.097 331.926 921.085 790.751 990.093 719.456
threshold=2.3100000000000005 21.725000000000005 33.425000000000004 1.5000000000000002 351.95000000000005 10.500000000000002 0
decision_type=2 2 2 2 2 2 1
left_child=1 -1 3 4 6 -6 -2
right_child=2 -3 -4 -5 5 -7 -8
leaf_value=0.030608885359432961 -0.026743316527675177 -0.06960976512859697 -0.0016041842378607713 0.021297904971840996 -0.053594593120436386 0.02403731490976067 0.030745057783961059
leaf_weight=40 121 64 6329 939 229 88 234
leaf_count=40 121 64 6329 939 229 88 234
internal_value=2.87501e-05 -0.0314282 0.0004603 0.00855073 -0.00928691 -0.0320052 0.0111623
internal_weight=8044 104 7940 1611 672 317 355
internal_count=8044 104 7940 1611 672 317 355
cat_boundaries=0 1
cat_threshold=44
is_linear=0
shrinkage=0.02


Tree=1044
num_leaves=8
num_cat=0
split_feature=64 41 23 66 65 66 23
split_gain=286.237 634.498 406.727 374.111 350.636 328.602 285.873
threshold=4.5000000000000009 41.045000000000009 10.550000000000002 0.43750000000000006 0.61250000000000016 0.68750000000000011 11.050000000000002
decision_type=2 2 2 2 2 2 2
left_child=5 2 -2 -3 -4 6 -1
right_child=1 3 4 -5 -6 -7 -8
leaf_value=-0.0059410819607418827 0.072255096511604888 0.022792046907465925 -0.02823278732756351 -0.013481875967136981 0.046993934236607464 0.025738973375948181 0.0020352780459463116
leaf_weight=3781 91 176 42 301 48 168 3418
leaf_count=3781 91 176 42 301 48 168 3418
internal_value=-0.000370262 0.0122174 0.0435496 -1.94099e-07 0.0122499 -0.00150208 -0.00215522
internal_weight=8025 658 181 477 90 7367 7199
internal_count=8025 658 181 477 90 7367 7199
is_linear=0
shrinkage=0.02


Tree=1045
num_leaves=8
num_cat=0
split_feature=46 54 56 56 0 50 56
split_gain=331.841 440.707 285.03 520.389 356.287 265.713 464.203
threshold=1.0000000180025095e-35 86.155000000000015 58.75500000000001 55.295000000000009 48.500000000000007 3.5000000000000004 40.865000000000002
decision_type=2 2 2 2 2 2 2
left_child=1 -1 3 5 -5 -2 -7
right_child=2 -3 -4 4 -6 6 -8
leaf_value=0.0074068979138419743 0.00091679052972855671 -0.068717629209295999 -0.034978929161127791 0.066528573131987026 -0.00044324593884604316 -0.0039180894529701566 0.049869957089912695
leaf_weight=58 7495 57 78 79 51 134 117
leaf_count=58 7495 57 78 79 51 134 117
internal_value=0.00139731 -0.0316155 0.00189418 0.00228131 0.0412117 0.00160179 0.0216388
internal_weight=8069 115 7954 7876 130 7746 251
internal_count=8069 115 7954 7876 130 7746 251
is_linear=0
shrinkage=0.02


Tree=1046
num_leaves=8
num_cat=1
split_feature=21 7 42 16 51 6 56
split_gain=362.134 575.42 712.492 620.255 816.475 504.443 482.077
threshold=216396.85000000003 0 50.485000000000007 0.35455000000000009 33.915000000000006 2.5000000000000004 40.865000000000002
decision_type=8 1 2 2 2 2 2
left_child=1 2 -1 4 -3 -5 -7
right_child=-2 3 -4 5 -6 6 -8
leaf_value=0.025185074472001624 -0.0019565364583876976 0.027807279696752289 -0.060294395177314677 0.040296326930632453 -0.061450281194769425 -0.042885792276530124 0.037895092553687545
leaf_weight=65 7158 82 85 414 73 62 48
leaf_count=65 7158 82 85 414 73 62 48
internal_value=-0.00050461 0.0119686 -0.0222033 0.0196619 -0.0148368 0.0302821 -0.00752094
internal_weight=7987 829 150 679 155 524 110
internal_count=7987 829 150 679 155 524 110
cat_boundaries=0 1
cat_threshold=24
is_linear=0
shrinkage=0.02


Tree=1047
num_leaves=8
num_cat=0
split_feature=56 41 64 22 0 52 12
split_gain=378.927 518.594 823.166 521.398 702.011 737.122 747.508
threshold=38.585000000000008 78.865000000000023 2.5000000000000004 23133.600000000002 22.500000000000004 53.375000000000007 47.695000000000007
decision_type=2 2 2 2 2 2 2
left_child=1 3 -3 4 5 -1 -7
right_child=-2 2 -4 -5 -6 6 -8
leaf_value=1.7597455919885928e-05 -0.0036923345754679973 0.092608949897894227 0.011299577073275464 0.023212970233451286 0.0031357999370896007 -0.11416421227275379 -0.01885592531813662
leaf_weight=158 4379 62 201 434 2594 58 74
leaf_count=158 4379 62 201 434 2594 58 74
internal_value=0.000251935 0.00507358 0.0318377 0.00290742 -0.000183161 -0.0294207 -0.063372
internal_weight=7960 3581 263 3318 2884 290 132
internal_count=7960 3581 263 3318 2884 290 132
is_linear=0
shrinkage=0.02


Tree=1048
num_leaves=8
num_cat=0
split_feature=8 40 40 0 8 53 58
split_gain=396.206 580.23 842.546 736.586 434.774 422.813 378.418
threshold=8.5850000000000026 51.215000000000011 35.005000000000003 21.500000000000004 9.4650000000000016 69.295000000000016 39.925000000000004
decision_type=2 2 2 2 2 2 2
left_child=1 2 6 -3 -2 -4 -1
right_child=4 3 5 -5 -6 -7 -8
leaf_value=0.040458724737167363 -0.035517439205731666 -0.039416723834385853 0.1237359439778057 0.041279651880075659 5.4694194039216452e-05 0.032686604738235474 -0.037356376862525943
leaf_weight=45 135 101 50 74 7507 40 45
leaf_count=45 135 101 50 74 7507 40 45
internal_value=0.000369012 0.0208734 0.0455756 -0.00509489 -0.000596519 0.0871197 0.00163281
internal_weight=7997 355 180 175 7642 90 90
internal_count=7997 355 180 175 7642 90 90
is_linear=0
shrinkage=0.02


Tree=1049
num_leaves=8
num_cat=0
split_feature=15 38 41 57 48 23 23
split_gain=397.674 710.321 935.301 834.651 668.386 525.802 617.959
threshold=1.5000000000000002 17351.150000000005 41.255000000000003 21.695000000000004 9.5000000000000018 6.9500000000000011 25.050000000000004
decision_type=2 10 2 2 2 2 2
left_child=1 -1 3 -3 5 -2 -7
right_child=4 2 -4 -5 -6 6 -8
leaf_value=0.0036722023522940822 -0.02532011117455522 -0.098772132162277287 -0.0013592719101868627 -0.023270815670621552 -0.035145600173721273 0.0071130269155554654 -0.062408246350112474
leaf_weight=5408 333 77 636 222 334 966 49
leaf_count=5408 333 77 636 222 334 966 49
internal_value=-0.00140863 0.000886035 -0.0151629 -0.044019 -0.010039 -0.00371138 0.00346736
internal_weight=8025 6343 935 299 1682 1348 1015
internal_count=8025 6343 935 299 1682 1348 1015
is_linear=0
shrinkage=0.02


Tree=1050
num_leaves=8
num_cat=0
split_feature=64 9 48 41 22 58 21
split_gain=356.182 370.092 669.014 534.545 440.604 368.544 908.228
threshold=1.0000000180025095e-35 20.500000000000004 7.5000000000000009 55.555000000000007 13552.200000000003 19.905000000000005 300375.20000000001
decision_type=2 2 2 2 2 2 8
left_child=-1 5 3 4 -3 6 -2
right_child=1 2 -4 -5 -6 -7 -8
leaf_value=-0.048750382325341624 0.025606904843339218 0.020477845466562679 -0.030998488579114733 -0.0075427187802427909 0.10027678704261779 -0.00027429407016647475 -0.035877684574563244
leaf_weight=57 130 51 61 54 65 7330 334
leaf_count=57 130 51 61 54 65 7330 334
internal_value=-0.000997262 -0.000627937 0.0240475 0.0441207 0.0674887 -0.00137422 -0.0185621
internal_weight=8082 8025 231 170 116 7794 464
internal_count=8082 8025 231 170 116 7794 464
is_linear=0
shrinkage=0.02


Tree=1051
num_leaves=8
num_cat=1
split_feature=12 56 2 41 42 23 52
split_gain=320.566 619.686 591.956 540.88 891.756 570.826 716.552
threshold=42.165000000000006 24.075000000000003 0 31.505000000000006 52.385000000000012 13.250000000000002 51.07500000000001
decision_type=2 2 1 2 2 2 2
left_child=1 -1 3 -3 5 -5 -7
right_child=-2 2 -4 4 -6 6 -8
leaf_value=-0.069107115671038624 0.0026797238865862343 -0.021788165807095982 -0.012002119998245136 0.040418780309046616 -0.0055365713762485788 0.023785120191264757 -0.053862045698744414
leaf_weight=55 4543 256 1825 417 722 153 63
leaf_count=55 4543 256 1825 417 722 153 63
internal_value=-0.000821319 -0.00537471 -0.00425561 0.00457587 0.00965226 0.0268843 0.000431809
internal_weight=8034 3491 3436 1611 1355 633 216
internal_count=8034 3491 3436 1611 1355 633 216
cat_boundaries=0 1
cat_threshold=194
is_linear=0
shrinkage=0.02


Tree=1052
num_leaves=8
num_cat=1
split_feature=55 18 24 14 36 2 38
split_gain=345.739 605.184 340.893 709.005 473.148 468.181 690.516
threshold=25.525000000000002 162134.70000000004 5.5000000000000009 11.145000000000001 2.5000000000000004 0 2749.6000000000004
decision_type=2 2 2 2 2 1 10
left_child=1 -1 -2 -4 5 6 -5
right_child=2 -3 3 4 -6 -7 -8
leaf_value=0.0059972536377608781 0.0010670844733016893 -0.089728105141127362 -0.08446410115009971 -0.07334220945835114 -0.057554039032808667 0.030409925844229708 0.025232126741555699
leaf_weight=59 7637 42 51 53 53 126 52
leaf_count=59 7637 42 51 53 53 126 52
internal_value=-0.000281589 -0.0361641 0.000195402 -0.0193998 -0.00645658 0.00623806 -0.0234635
internal_weight=8073 101 7972 335 284 231 105
internal_count=8073 101 7972 335 284 231 105
cat_boundaries=0 1
cat_threshold=148
is_linear=0
shrinkage=0.02


Tree=1053
num_leaves=8
num_cat=0
split_feature=17 8 41 49 51 9 55
split_gain=316.088 887.382 835.892 884.77 832.031 808.138 553.188
threshold=5965.8500000000013 47.650000000000006 16.995000000000001 64.500000000000014 22.415000000000003 4.5000000000000009 40.395000000000003
decision_type=2 2 2 2 2 2 2
left_child=1 2 5 -4 -3 -1 -5
right_child=-2 4 3 6 -6 -7 -8
leaf_value=-0.095152498046899667 -0.0014245450826568813 0.013733323641952027 0.016005939391674256 0.026354877041733782 -0.076864884286484816 0.013395284397358246 -0.05704776941599058
leaf_weight=53 5537 69 2133 41 89 50 107
leaf_count=53 5537 69 2133 41 89 50 107
internal_value=0.00125652 0.00708776 0.0101555 0.012705 -0.0380922 -0.0442787 -0.0338368
internal_weight=8079 2542 2384 2281 158 103 148
internal_count=8079 2542 2384 2281 158 103 148
is_linear=0
shrinkage=0.02


Tree=1054
num_leaves=8
num_cat=1
split_feature=17 7 64 53 17 53 49
split_gain=349.632 673.385 862.783 643.124 798.501 683.614 582.677
threshold=3833.6500000000005 0 2.5000000000000004 61.105000000000011 2412.4500000000003 53.07500000000001 9.5000000000000018
decision_type=2 1 2 2 2 2 2
left_child=1 2 3 4 5 -1 -3
right_child=-2 6 -4 -5 -6 -7 -8
leaf_value=-0.020851856155527964 -0.0028731189563445791 0.047235093961935488 0.0036257200737861519 0.017307751166879836 0.11943629513543687 0.08546038675970502 -0.016824009404137207
leaf_weight=49 6522 59 641 196 71 40 509
leaf_count=49 6522 59 641 196 71 40 509
internal_value=-0.000835318 0.00763914 0.017409 0.0423151 0.0714962 0.0289332 -0.0096475
internal_weight=8087 1565 997 356 160 89 568
internal_count=8087 1565 997 356 160 89 568
cat_boundaries=0 1
cat_threshold=26
is_linear=0
shrinkage=0.02


Tree=1055
num_leaves=8
num_cat=0
split_feature=57 17 12 49 21 13 22
split_gain=321.638 543.301 623.012 534.852 676.618 537.557 662.971
threshold=59.600000000000009 43393.55000000001 29.145000000000003 43.500000000000007 181912.75000000003 391.05000000000007 15534.850000000002
decision_type=2 2 2 2 10 2 2
left_child=-1 2 -2 5 -5 6 -4
right_child=1 -3 3 4 -6 -7 -8
leaf_value=-0.0013277992970535588 0.04265674583040751 0.058729535611139402 -0.0062957719026664116 -0.093220114141702656 0.0097646018219929125 -0.036763231462829719 0.053925145910531283
leaf_weight=7394 138 85 174 50 46 86 120
leaf_count=7394 138 85 174 50 46 86 120
internal_value=-9.87503e-05 0.0128192 0.00604047 -0.00490824 -0.0458328 0.00589155 0.0187749
internal_weight=8093 699 614 476 96 380 294
internal_count=8093 699 614 476 96 380 294
is_linear=0
shrinkage=0.02


Tree=1056
num_leaves=8
num_cat=0
split_feature=14 48 47 42 56 16 56
split_gain=337.247 813.665 751.046 410.506 347.451 303.075 291.659
threshold=46.365000000000009 7.5000000000000009 5.5000000000000009 54.065000000000005 41.57500000000001 0.50895000000000012 58.75500000000001
decision_type=2 2 2 2 2 2 2
left_child=6 2 4 -4 -2 -3 -1
right_child=1 5 3 -5 -6 -7 -8
leaf_value=0.001710274004067418 0.070273107780860017 -0.099043627221475944 -0.059905308311184242 0.0048991789555222522 -0.0041517554240094292 -0.02481222022856985 -0.038189761880785225
leaf_weight=7590 60 50 73 77 40 44 69
leaf_count=7590 60 50 73 77 40 44 69
internal_value=0.000450841 -0.018777 0.000431536 -0.0275541 0.0417231 -0.067305 0.00132613
internal_weight=8003 344 250 150 100 94 7659
internal_count=8003 344 250 150 100 94 7659
is_linear=0
shrinkage=0.02


Tree=1057
num_leaves=8
num_cat=0
split_feature=57 41 42 42 16 57 64
split_gain=340.202 430.223 465.59 507.284 435.357 366.491 892.434
threshold=5.5900000000000007 56.32500000000001 40.775000000000013 32.330000000000005 0.47205000000000003 10.070000000000002 2.5000000000000004
decision_type=2 2 2 2 2 2 2
left_child=1 2 3 -1 -4 6 -2
right_child=5 -3 4 -5 -6 -7 -8
leaf_value=-0.040590442837174258 0.071922187553626477 0.0098396708485775416 -0.020220139080827888 0.045696585716112799 -0.1036204362830572 0.0008255793113436851 0.001368485092380537
leaf_weight=62 96 128 50 41 52 7291 248
leaf_count=62 96 128 50 41 52 7291 248
internal_value=0.000916403 -0.0187199 -0.0363619 -0.00571775 -0.0655932 0.00178453 0.0218062
internal_weight=7968 333 205 103 102 7635 344
internal_count=7968 333 205 103 102 7635 344
is_linear=0
shrinkage=0.02


Tree=1058
num_leaves=8
num_cat=0
split_feature=23 51 23 23 22 27 47
split_gain=497.182 569.622 553.291 841.776 778.656 760.704 912.114
threshold=4.3500000000000005 16.585000000000004 7.7500000000000009 8.4500000000000011 7035.6000000000013 1.0000000180025095e-35 4.5000000000000009
decision_type=2 2 2 2 2 2 2
left_child=1 -1 4 -4 -2 -6 -7
right_child=2 -3 3 -5 5 6 -8
leaf_value=0.04372129995285011 -0.083617044255390016 0.0036838995409592735 0.02932108387379766 -0.0011683370656713542 -0.016001765469576042 0.075801873289677038 -0.0025086787448342996
leaf_weight=200 54 467 384 5255 1311 78 209
leaf_count=200 54 467 384 5255 1311 78 209
internal_value=-0.000536847 0.0159251 -0.00205271 0.000932043 -0.0122131 -0.00954687 0.0197079
internal_weight=7958 667 7291 5639 1652 1598 287
internal_count=7958 667 7291 5639 1652 1598 287
is_linear=0
shrinkage=0.02


Tree=1059
num_leaves=8
num_cat=0
split_feature=20 22 0 16 37 46 20
split_gain=315.047 764.705 621.839 666.096 564.864 482.817 566.123
threshold=1202364.2500000002 18152.450000000004 39.500000000000007 0.56005000000000016 0.17755000000000001 1.5000000000000002 1493611.9500000002
decision_type=10 2 2 2 2 2 10
left_child=-1 5 -3 4 -4 -2 -7
right_child=1 2 3 -5 -6 6 -8
leaf_value=0.00041522003464463997 -0.062747844820437229 -0.078351382833151587 -0.07379673539063869 0.043518780227060676 0.012791101353672833 -0.015875458096506857 0.022303343636301709
leaf_weight=7065 41 100 73 49 47 288 326
leaf_count=7065 41 100 73 49 47 288 326
internal_value=-0.00102424 -0.0119735 -0.0400288 -0.0157528 -0.0407281 -0.000235611 0.00441179
internal_weight=7989 924 269 169 120 655 614
internal_count=7989 924 269 169 120 655 614
is_linear=0
shrinkage=0.02


Tree=1060
num_leaves=8
num_cat=0
split_feature=67 67 24 49 40 40 18
split_gain=438.535 361.64 563.353 539.082 521.076 521.044 409.335
threshold=39.462672191131851 22.3538148286347 3.5000000000000004 12.500000000000002 44.095000000000006 35.295000000000009 678317.25000000012
decision_type=2 2 2 2 2 2 2
left_child=1 6 3 -3 5 -5 -1
right_child=-2 2 -4 4 -6 -7 -8
leaf_value=-0.00099007998831207133 0.038692845590094213 -0.079637572914361951 0.024876713339645085 -0.013113433966475928 0.0064745830808367044 -0.092824445231152436 0.013358868944107106
leaf_weight=6501 112 63 96 84 170 51 901
leaf_count=6501 112 63 96 84 170 51 901
internal_value=0.000257261 -0.000314235 -0.0173455 -0.0285458 -0.0168781 -0.0454662 0.000764368
internal_weight=7978 7866 464 368 305 135 7402
internal_count=7978 7866 464 368 305 135 7402
is_linear=0
shrinkage=0.02


Tree=1061
num_leaves=8
num_cat=0
split_feature=8 10 55 12 47 8 38
split_gain=353.845 678.122 887.227 693.927 658.54 441.371 502.767
threshold=8.5850000000000026 13917.250000000002 44.695000000000007 39.675000000000004 8.5000000000000018 9.4650000000000016 24365.750000000004
decision_type=2 2 2 2 2 2 8
left_child=1 2 3 -1 -3 6 -2
right_child=5 4 -4 -5 -6 -7 -8
leaf_value=-0.11080652878019547 -0.07708451895099698 0.067712266601241411 0.032082974628398292 0.0032835964163144432 -0.014148631821675549 -0.0011061349438825255 -0.0021587032399007253
leaf_weight=40 61 132 90 40 53 7492 79
leaf_count=40 61 132 90 40 53 7492 79
internal_value=-0.000862899 0.0185148 -0.0102323 -0.0569239 0.0445051 -0.00177578 -0.0363373
internal_weight=7987 355 170 80 185 7632 140
internal_count=7987 355 170 80 185 7632 140
is_linear=0
shrinkage=0.02


Tree=1062
num_leaves=8
num_cat=0
split_feature=56 56 51 52 10 38 24
split_gain=424.928 1311.11 778.071 748.286 706.699 624.024 577.532
threshold=42.815000000000005 43.225000000000001 28.665000000000003 61.105000000000011 35237.950000000004 2210.7000000000003 1.5000000000000002
decision_type=2 2 2 2 2 8 2
left_child=-1 3 5 4 -2 6 -3
right_child=1 2 -4 -5 -6 -7 -8
leaf_value=0.0047754396621015813 -0.13612135655681293 -0.095890173677180432 0.010987527757375834 0.0061346445714726174 -0.030895644213472094 -0.0069980489543249452 -0.011789293205738068
leaf_weight=5367 55 59 1115 46 51 1288 70
leaf_count=5367 55 59 1115 46 51 1288 70
internal_value=0.00152749 -0.004964 -0.00148349 -0.0610482 -0.0891661 -0.0113007 -0.0523968
internal_weight=8051 2684 2532 152 106 1417 129
internal_count=8051 2684 2532 152 106 1417 129
is_linear=0
shrinkage=0.02


Tree=1063
num_leaves=8
num_cat=0
split_feature=22 22 8 14 42 42 23
split_gain=310.685 304.892 825.392 922.215 687.289 523.638 515.359
threshold=5647.7500000000009 28048.750000000004 34.520000000000003 12.335000000000003 57.215000000000011 54.065000000000005 10.950000000000001
decision_type=2 2 2 2 2 2 2
left_child=-1 -2 3 -3 6 -4 -5
right_child=1 2 5 4 -6 -7 -8
leaf_value=-0.04157202067882268 0.0025930034478621688 0.029062125324815901 0.076978278226322597 -0.11462109194199245 -0.0046966519553599687 -0.013130293456980816 -0.036231333427131175
leaf_weight=62 7431 72 49 70 82 47 73
leaf_count=62 7431 72 49 70 82 47 73
internal_value=0.00131502 0.00168121 -0.0153754 -0.0317664 -0.0514402 0.0343966 -0.0771799
internal_weight=7886 7824 393 297 225 96 143
internal_count=7886 7824 393 297 225 96 143
is_linear=0
shrinkage=0.02


Tree=1064
num_leaves=8
num_cat=0
split_feature=48 35 48 15 17 49 14
split_gain=413.981 578.046 734.408 635.941 688.201 384.471 444.216
threshold=18.500000000000004 1.0000000180025095e-35 24.500000000000004 1.0000000180025095e-35 6386.7500000000009 17.500000000000004 23.725000000000005
decision_type=2 2 2 2 2 2 2
left_child=-1 3 -3 5 -5 -2 -7
right_child=1 2 -4 4 -6 6 -8
leaf_value=0.0015347437238617569 0.025512511981520016 -0.024994296822696924 0.077670655271410941 -0.022398966157978234 -0.13298763832781052 -0.0075405982190912425 -0.081405385683562287
leaf_weight=7584 66 59 45 50 40 105 43
leaf_count=7584 66 59 45 50 40 105 43
internal_value=0.000473821 -0.0190267 0.0209532 -0.0328218 -0.075962 -0.0133586 -0.0309603
internal_weight=7992 408 104 304 90 214 148
internal_count=7992 408 104 304 90 214 148
is_linear=0
shrinkage=0.02


Tree=1065
num_leaves=8
num_cat=0
split_feature=67 16 16 10 56 21 21
split_gain=432.528 698.435 662.554 575.02 509.023 486.871 909.627
threshold=9.0087177867856028 0.59965000000000013 0.58755000000000013 20873.300000000003 47.385000000000012 296874.70000000007 317598.40000000008
decision_type=2 2 2 2 2 10 10
left_child=-1 2 5 -3 -5 -2 -7
right_child=1 3 -4 4 -6 6 -8
leaf_value=-0.0016149989368844911 -0.0021343713386619964 0.070529532573513076 -0.070295619307047072 0.028412742515844025 -0.035260762189072176 0.078191899924498542 0.008819443072830932
leaf_weight=5789 1166 106 43 292 56 87 434
leaf_count=5789 1166 106 43 292 56 87 434
internal_value=0.00124731 0.00882061 0.00299242 0.0307548 0.0178121 0.00506267 0.0210369
internal_weight=7973 2184 1730 454 348 1687 521
internal_count=7973 2184 1730 454 348 1687 521
is_linear=0
shrinkage=0.02


Tree=1066
num_leaves=8
num_cat=1
split_feature=16 49 2 63 14 48 20
split_gain=280.566 613.645 280.393 696.223 645.325 654.166 777.601
threshold=0.17090000000000002 24.500000000000004 0 1.0000000180025095e-35 15.285000000000002 4.5000000000000009 664228.00000000012
decision_type=2 2 1 2 2 2 10
left_child=1 -1 3 -2 5 6 -5
right_child=2 -3 -4 4 -6 -7 -8
leaf_value=0.02315071636935075 0.012749430948113934 -0.077148643182590612 -0.0020900779614267556 -0.11070389855106673 0.004188535105777701 -0.0010165197646595759 -0.0056179403148445429
leaf_weight=40 1659 51 5723 70 334 96 46
leaf_count=40 1659 51 5723 70 334 96 46
internal_value=-0.000165556 -0.0341515 0.000245824 0.00628063 -0.0131979 -0.0400552 -0.070986
internal_weight=8019 91 7928 2205 546 212 116
internal_count=8019 91 7928 2205 546 212 116
cat_boundaries=0 1
cat_threshold=160
is_linear=0
shrinkage=0.02


Tree=1067
num_leaves=8
num_cat=0
split_feature=56 51 67 40 40 8 13
split_gain=334.994 751.246 717.895 780.247 1184.19 1098.45 747.062
threshold=38.525000000000013 36.775000000000013 9.0087177867856028 42.410000000000004 33.675000000000004 45.155000000000008 321.45000000000005
decision_type=2 2 2 2 2 2 2
left_child=1 2 3 4 5 -1 -4
right_child=-2 -3 6 -5 -6 -7 -8
leaf_value=0.028624653724671729 -0.0018377613594796089 -0.0072471888253048461 0.058724329032658534 0.014850181265853347 -0.046021841514259573 -0.068043840130170188 0.014071525693404308
leaf_weight=266 4467 1111 234 1245 245 52 414
leaf_count=266 4467 1111 234 1245 245 52 414
internal_value=0.00181127 0.00637718 0.0125425 0.00603202 -0.0134273 0.0120086 0.0305223
internal_weight=8034 3567 2456 1808 563 318 648
internal_count=8034 3567 2456 1808 563 318 648
is_linear=0
shrinkage=0.02


end of trees

feature_importances:
digital_behavior_score=485
internet_activity=442
mobile_app_usage=411
online_payments_ratio=388
cyber_hygiene=383
insurance_products=379
marketing_response=281
financial_literacy=220
coverage_share=206
regional_risk=205
occupation_risk=200
active_policies=182
years_with_company=181
smartphone_age=167
two_factor_auth=166
smartphone_price=164
average_balance=162
crime_rate=148
car_value=141
cyber_protection=140
payment_discipline=138
natural_disaster_risk=121
customer_loyalty=113
health_index=113
days_since_last_policy=110
income=105
average_claim_cost=105
credit_score=100
password_manager=94
age=93
days_since_last_login=93
risk_tolerance=91
cyber_risk=88
region=85
house_value=82
mobile_sessions=79
policy_ratio=76
assets=76
security_training=67
late_payments=60
loan_to_income=60
website_visits=50
identity_protection=49
loan_amount=40
call_center_contacts=38
employment=33
bank_products=33
claim_frequency=30
education=24
children=24
family_status=21
gadget_insurance=20
city_type=19
property_insurance=13
expired_policies=12
number_of_claims=12
house_uncovered=11
car_insurance=8
gender=7
car_uncovered=7
life_insurance=5
health_insurance=5
house_covered=5
travel_insurance=3
wealth_segment=2
car_covered=2
family_life_covered=2
mortgage=1

parameters:
[boosting: gbdt]
[objective: regression]
[metric: l2]
[tree_learner: serial]
[device_type: cpu]
[data_sample_strategy: bagging]
[data: ]
[valid: ]
[num_iterations: 1068]
[learning_rate: 0.02]
[num_leaves: 8]
[num_threads: 4]
[seed: 352774]
[deterministic: 0]
[force_col_wise: 0]
[force_row_wise: 0]
[histogram_pool_size: -1]
[max_depth: -1]
[min_data_in_leaf: 40]
[min_sum_hessian_in_leaf: 0.001]
[bagging_fraction: 0.8]
[pos_bagging_fraction: 1]
[neg_bagging_fraction: 1]
[bagging_freq: 1]
[bagging_seed: 16914]
[bagging_by_query: 0]
[feature_fraction: 0.5]
[feature_fraction_bynode: 1]
[feature_fraction_seed: 3029]
[extra_trees: 0]
[extra_seed: 25569]
[early_stopping_round: 0]
[early_stopping_min_delta: 0]
[first_metric_only: 0]
[max_delta_step: 0]
[lambda_l1: 0]
[lambda_l2: 5]
[linear_lambda: 0]
[min_gain_to_split: 0]
[drop_rate: 0.1]
[max_drop: 50]
[skip_drop: 0.5]
[xgboost_dart_mode: 0]
[uniform_drop: 0]
[drop_seed: 29166]
[top_rate: 0.2]
[other_rate: 0.1]
[min_data_per_group: 100]
[max_cat_threshold: 32]
[cat_l2: 10]
[cat_smooth: 10]
[max_cat_to_onehot: 4]
[top_k: 20]
[monotone_constraints: ]
[monotone_constraints_method: basic]
[monotone_penalty: 0]
[feature_contri: ]
[forcedsplits_filename: ]
[refit_decay_rate: 0.9]
[cegb_tradeoff: 1]
[cegb_penalty_split: 0]
[cegb_penalty_feature_lazy: ]
[cegb_penalty_feature_coupled: ]
[path_smooth: 0]
[interaction_constraints: ]
[verbosity: -1]
[saved_feature_importance_type: 0]
[use_quantized_grad: 0]
[num_grad_quant_bins: 4]
[quant_train_renew_leaf: 0]
[stochastic_rounding: 1]
[linear_tree: 0]
[max_bin: 255]
[max_bin_by_feature: ]
[min_data_in_bin: 3]
[bin_construct_sample_cnt: 200000]
[data_random_seed: 5170]
[is_enable_sparse: 1]
[enable_bundle: 1]
[use_missing: 1]
[zero_as_missing: 0]
[feature_pre_filter: 1]
[pre_partition: 0]
[two_round: 0]
[header: 0]
[label_column: ]
[weight_column: ]
[group_column: ]
[ignore_column: ]
[categorical_feature: 1,2,3,4,5,7,11]
[forcedbins_filename: ]
[precise_float_parser: 0]
[parser_config_file: ]
[objective_seed: 32738]
[num_class: 1]
[is_unbalance: 0]
[scale_pos_weight: 1]
[sigmoid: 1]
[boost_from_average: 1]
[reg_sqrt: 0]
[alpha: 0.9]
[fair_c: 1]
[poisson_max_delta_step: 0.7]
[tweedie_variance_power: 1.5]
[lambdarank_truncation_level: 30]
[lambdarank_norm: 1]
[label_gain: ]
[lambdarank_position_bias_regularization: 0]
[eval_at: ]
[multi_error_top_k: 1]
[auc_mu_weights: ]
[num_machines: 1]
[local_listen_port: 12400]
[time_out: 120]
[machine_list_filename: ]
[machines: ]
[gpu_platform_id: -1]
[gpu_device_id: -1]
[gpu_device_id_list: ]
[gpu_use_dp: 0]
[num_gpu: 1]

end of parameters

pandas_categorical:[["F", "M"], ["FarEast", "Moscow", "NorthWest", "SPb", "Siberia", "South", "Ural", "Volga"], ["large_city", "metro", "rural", "town"], ["bachelor", "master", "phd", "secondary"], ["divorced", "married", "single", "widowed"], ["business_owner", "employed", "retired", "self_employed", "student", "unemployed"], ["affluent", "mass", "premium", "private"]]
