tree
version=v4
num_class=1
num_tree_per_iteration=1
label_index=0
max_feature_idx=68
objective=regression
feature_names=age gender region city_type education family_status children employment occupation_risk years_with_company income wealth_segment financial_literacy credit_score payment_discipline late_payments online_payments_ratio average_balance loan_amount mortgage house_value car_value smartphone_price smartphone_age bank_products life_insurance property_insurance health_insurance travel_insurance car_insurance gadget_insurance cyber_protection identity_protection insurance_products active_policies expired_policies number_of_claims claim_frequency average_claim_cost fraud_flag mobile_app_usage internet_activity digital_behavior_score password_manager two_factor_auth security_training website_visits mobile_sessions days_since_last_login days_since_last_policy call_center_contacts customer_loyalty marketing_response risk_tolerance health_index regional_risk crime_rate natural_disaster_risk cyber_risk car_covered car_uncovered house_covered house_uncovered family_life_covered cyber_hygiene policy_ratio coverage_share loan_to_income assets
feature_infos=[18:85] -1:1:0 -1:1:7:2:4:6:5:3:0 -1:0:3:1:2 -1:0:1:3:2 -1:1:2:0:3 [0:6] -1:1:2:3:4:5:0 [5:80] [0:40] [12000:346531] -1:1:0:2 [0:100] [300:563.89999999999998] [2.1000000000000001:87] [0:12] [0.058599999999999999:0.95999999999999996] [793:301551] [0:1483767] [0:1] [400000:2615010] [150000:497023] [3967:68081] [1:48] [0:9] [0:1] [0:1] [0:1] [0:1] [0:1] [0:1] [0:1] [0:1] [0:8] [0:7] [0:5] [0:8] [0:6] [1500:243251] [0:1] [0:100] [0:100] [0:100] [0:1] [0:1] [0:1] [0:19] [0:21] [0:53] [2:171] [0:8] [6:100] [0:100] [0:100] [45.490000000000002:100] [12.789999999999999:75] [12:68] [2:79] [5:82] [0:1] [0:1] [0:1] [0:1] [0:1] [0:5] [0:0.875] [0:1] [0:123.64725] [0:3112033]
tree_sizes=813 842 846 847 845 843 846 844 851 848 842 845 843 851 842 847 842 843 852 846 843 849 851 849 847 845 854 846 845 849 842 853 849 849 848 854 855 844 862 850 848 849 854 848 853 845 848 848 849 851 851 845 850 853 856 857 851 851 846 855 847 852 853 859 853 865 850 849 859 855 851 855 851 858 859 867 860 855 864 858 866 860 867 848 853 859 865 857 856 866 851 857 864 853 850 862 857 857 870 856 854 853 853 863 860 858 861 858 858 860 858 845 855 857 856 864 850 856 864 861 866 853 867 861 864 862 858 859 869 861 861 861 865 857 858 865 857 858 860 864 860 864 857 861 873 869 867 850 860 873 864 858 858 861 855 868 866 859 863 858 860 867 869 862 859 869 853 872 850 858 865 873 859 853 869 870 862 866 870 870 863 862 864 870 864 866 861 857 864 866 868 864 871 855 865 854 865 863 866 865 864 861 867 850 864 861 868 858 866 862 866 868 866 872 857 874 869 870 872 868 858 863 866 869 857 861 863 872 862 862 873 863 874 868 864 862 873 860 870 868 860 856 872 862 862 869 874 864 869 857 858 867 861 873 862 870 856 846 856 857 867 885 858 864 864 862 867 866 863 865 863 879 869 864 859 864 868 863 868 862 857 891 860 864 870 856 865 862 864 866 863 844 858 863 868 864 870 867 865 854 853 867 889 859 862 865 865 867 869 853 857 863 855 886 862 859 858 858 867 881 866 887 867 861 875 861 859 880 856 865 870 850 868 864 859 890 863 885 884 855 869 867 871 871 850 861 858 864 864 862 858 853 860 852 854 851 863 874 866 891 863 862 852 860 878 865 846 851 891 865 860 859 860 870 875 864 861 853 870 866 873 847 853 860 850 871 845 852 849 855 864 863 858 880 845 865 869 877 868 861 884 861 892 860 875 860 869 865 862 875 853 867 872 865 855 853 864 861 852 869 877 857 863 845 864 853 859 870 873 858 855 874 851 861 857 877 852 847 864 859 881 857 856 858 856 857 854 866 857 860 858 852 854 857 865 862 874 855 883 836 865 851 886 873 860 854 867 860 874 854 864 851 887 854 850 844 864 869 858 856 851 851 857 868 869 851 862 869 850 864 859 865 855 869 853 851 873 861 852 850 857 856 853 867 860 854 851 845 862 844 876 849 856 867 855 865 845 883 853 839 855 856 877 836 881 863 857 863 856 856 862 855 864 857 866 862 850 850 847 860 875 859 858 831 851 841 852 872 855 852 860 841 864 855 861 870 840 861 881 865 864 868 868 865 845 857 850 852 849 855 826 874 867 844 850 850 879 874 851 830 851 874 854 833 859 852 846 846 859 871 845 861 845 842 859 843 843 857 855 844 857 875 867 840 871 866 857 877 857 862 866 857 865 871 853 846 843 853 852 843 840 852 866 860 837 857 876 870 836 855 829 833 880 842 878 865 845 849 850 837 849 844 868 843 851 876 854 853 846 856 868 838 852 842 852 857 875 845 845 856 847 853 854 849 835 871 862 851 840 854 833 871 842 854 862 836 860 861 854 847 869 865 863 842 838 846 856 841 837 868 831 845 846 858 865 865 850 838 845 856 860 866 843 858 853 852 841 848 846 855 841 865 850 839 849 854 824 841 866 847 874 837 840 844 856 846 869 855 846 857 849 831 863 860 850 849 884 838 850 838 858 872 877 856 864 848 859 856 850 840 853 837 850 858 837 852 854 867 880 847 857 871 860 858 855 871 852 848 839 854 842 848 867 853 837 853 859 852 848 851 865 863 878 840 872 862 851 836 859 836 851 858 857 883 863 846 854 849 838 841 848 850 867 856 834 848 824 859 845 852 841 848 845 834 867 850 845 835 837 859 841 862 836 846 873 853 829 862 830 845 849 854 850 842 856 842 838 851 852 852 854 852 851 837 842 862 839 850 841 839 834 833 859 851 846 864 842 840 863 826 865 844 839 841 854 839 844 837 864 842 859 835 851 853 853 845 848 854 846 857 849 850 833 847 843 850 859 867 841 837 863 828 853 854 855 853 852 842 864 849 860 843 860 855 849 851 873 858 846 834 840 838 834 852 862 856 859 838 867 837 841 850 857 855 848 851 842 850 871 861 861 835 840 843 881 841 843 854 845 856 854 863 871 849 840 837 843 863 864 855 849 849 853 835 846 864 844 855 852 846 829 822 852 851 852 861 870 870 836 853 846 863 854 836 855 848 852 852 843 848 855 854 837 849 858 868 850 877 857 842 867 861 834 861 880 847 845 839 841 837 848 846 857 838 838 870 857 835 852 851 852 867 852 876 829 845 856 865 854 878 849 856 841 847 834 854 857 836 865 838 853 847 849 863 885 837 855 846 852 852 882 858 847 847 865 854 853 862 860 847 836 847 855 864 851 864 865 856 836 842 847 846 862 845 838 853 840 806

Tree=0
num_leaves=8
num_cat=0
split_feature=64 33 42 42 42 33 33
split_gain=1.30566e+06 362102 235838 222534 162983 120025 115527
threshold=2.5000000000000004 2.5000000000000004 48.815000000000005 47.495000000000012 39.165000000000006 1.5000000000000002 1.5000000000000002
decision_type=2 2 2 2 2 2 2
left_child=2 3 5 -2 -3 -1 -4
right_child=1 4 6 -5 -6 -7 -8
leaf_value=68.521603054907416 69.077206074017212 69.457067377101623 68.93921598292691 69.494200762526773 69.750760736403933 68.937543306394105 69.374298283683203
leaf_weight=437 825 1087 401 1331 2503 815 612
leaf_count=437 825 1087 401 1331 2503 815 612
internal_value=69.3789 69.5392 68.9727 69.3343 69.6621 68.7896 69.2008
internal_weight=8011 5746 2265 2156 3590 1252 1013
internal_count=8011 5746 2265 2156 3590 1252 1013
is_linear=0
shrinkage=1


Tree=1
num_leaves=8
num_cat=0
split_feature=64 33 42 42 42 33 33
split_gain=1.26887e+06 367739 253436 215058 148919 114607 109321
threshold=2.5000000000000004 2.5000000000000004 49.245000000000012 46.840000000000011 41.205000000000005 2.5000000000000004 1.5000000000000002
decision_type=2 2 2 2 2 2 2
left_child=2 3 5 -2 -3 -1 -4
right_child=1 4 6 -5 -6 -7 -8
leaf_value=-0.7161238280561173 -0.30430032092661946 0.10063352376570014 -0.40877500284651574 0.10867098791209637 0.3747873619874586 -0.3102673524153986 0.0021223462574588236
leaf_weight=852 810 1196 430 1319 2372 430 640
leaf_count=852 810 1196 430 1319 2372 430 640
internal_value=-0.00217613 0.159173 -0.392504 -0.0487931 0.28316 -0.581728 -0.164138
internal_weight=8049 5697 2352 2129 3568 1282 1070
internal_count=8049 5697 2352 2129 3568 1282 1070
is_linear=0
shrinkage=0.02


Tree=2
num_leaves=8
num_cat=0
split_feature=64 33 42 42 42 33 33
split_gain=1.22941e+06 349224 237555 198948 146051 122094 107047
threshold=2.5000000000000004 2.5000000000000004 49.245000000000012 47.495000000000012 41.035000000000004 2.5000000000000004 1.5000000000000002
decision_type=2 2 2 2 2 2 2
left_child=2 3 5 -2 -3 -1 -4
right_child=1 4 6 -5 -6 -7 -8
leaf_value=-0.70323017416285316 -0.28211972609111513 0.09600062119943413 -0.41197724822724219 0.11322734874945488 0.37077782672083304 -0.29027773438855375 0.0046777481818790654
leaf_weight=861 838 1153 399 1281 2375 444 633
leaf_count=861 838 1153 399 1281 2375 444 633
internal_value=-0.000173119 0.159484 -0.385477 -0.0434165 0.28124 -0.564376 -0.157622
internal_weight=7984 5647 2337 2119 3528 1305 1032
internal_count=7984 5647 2337 2119 3528 1305 1032
is_linear=0
shrinkage=0.02


Tree=3
num_leaves=8
num_cat=0
split_feature=64 64 42 42 34 34 34
split_gain=1.14335e+06 304773 223074 181016 104599 92757.1 78000.2
threshold=2.5000000000000004 3.5000000000000004 46.365000000000002 49.640000000000008 1.5000000000000002 1.5000000000000002 1.5000000000000002
decision_type=2 2 2 2 2 2 2
left_child=2 3 6 4 -2 -4 -1
right_child=1 -3 5 -5 -6 -7 -8
leaf_value=-0.70929821806374249 -0.35260544789284221 0.30170016615760303 -0.30968025133959365 0.16464973579786346 -0.0058845343413274909 0.060889959729291725 -0.37311985837538919
leaf_weight=663 592 2821 727 1481 835 426 508
leaf_count=663 592 2821 727 1481 835 426 508
internal_value=0.00200566 0.153789 -0.371689 0.0100313 -0.150453 -0.173094 -0.565665
internal_weight=8053 5729 2324 2908 1427 1153 1171
internal_count=8053 5729 2324 2908 1427 1153 1171
is_linear=0
shrinkage=0.02


Tree=4
num_leaves=8
num_cat=0
split_feature=64 33 41 41 40 33 33
split_gain=1.10829e+06 334804 189517 165300 136184 99727.3 94753
threshold=2.5000000000000004 2.5000000000000004 49.675000000000004 49.000000000000007 39.015000000000008 1.5000000000000002 2.5000000000000004
decision_type=2 2 2 2 2 2 2
left_child=2 3 6 -2 -3 -4 -1
right_child=1 4 5 -5 -6 -7 -8
leaf_value=-0.66227188320646446 -0.25374893724459369 0.078942752377560335 -0.4154371599228609 0.10091338331692008 0.34911112626501878 -0.021034456844028448 -0.28696726560698838
leaf_weight=825 904 1073 415 1242 2473 660 416
leaf_count=825 904 1073 415 1242 2473 660 416
internal_value=-0.00169619 0.14839 -0.370086 -0.0487303 0.267586 -0.174511 -0.538121
internal_weight=8008 5692 2316 2146 3546 1075 1241
internal_count=8008 5692 2316 2146 3546 1075 1241
is_linear=0
shrinkage=0.02


Tree=5
num_leaves=8
num_cat=0
split_feature=64 66 66 41 41 40 40
split_gain=1.05317e+06 322843 195637 163992 140524 120766 74923.5
threshold=2.5000000000000004 0.31250000000000006 0.18750000000000003 48.655000000000008 43.665000000000006 39.015000000000008 55.32500000000001
decision_type=2 2 2 2 2 2 2
left_child=2 3 6 -2 -4 -3 -1
right_child=1 5 4 -5 -6 -7 -8
leaf_value=-0.7439907604691447 -0.25229677332197914 0.083584799481759953 -0.44872370785086907 0.1017616895912927 -0.049090057831449131 0.33880472046263799 -0.34735629842981047
leaf_weight=536 899 1058 602 1238 841 2507 317
leaf_count=536 899 1058 602 1238 841 2507 317
internal_value=0.00126058 0.146897 -0.359954 -0.047426 -0.216786 0.263285 -0.599473
internal_weight=7998 5702 2296 2137 1443 3565 853
internal_count=7998 5702 2296 2137 1443 3565 853
is_linear=0
shrinkage=0.02


Tree=6
num_leaves=8
num_cat=0
split_feature=64 66 42 42 42 66 66
split_gain=1.01312e+06 313160 205064 195967 136784 100886 100153
threshold=2.5000000000000004 0.31250000000000006 47.985000000000007 46.840000000000011 33.775000000000013 0.31250000000000006 0.31250000000000006
decision_type=2 2 2 2 2 2 2
left_child=2 3 5 -2 -3 -1 -4
right_child=1 4 6 -5 -6 -7 -8
leaf_value=-0.65470408888776666 -0.28768754354232967 0.023550878753756277 -0.27935242261562965 0.10268292523029829 0.32229381101564258 -0.27189525862408948 0.12744282573692395
leaf_weight=823 834 787 763 1325 2782 429 350
leaf_count=823 834 787 763 1325 2782 429 350
internal_value=-0.00213811 0.141651 -0.349957 -0.0484296 0.256543 -0.525137 -0.151432
internal_weight=8093 5728 2365 2159 3569 1252 1113
internal_count=8093 5728 2365 2159 3569 1252 1113
is_linear=0
shrinkage=0.02


Tree=7
num_leaves=8
num_cat=0
split_feature=64 64 42 42 42 65 65
split_gain=963519 277878 197779 172268 73623.8 70260.5 60878.7
threshold=2.5000000000000004 3.5000000000000004 47.985000000000007 49.640000000000008 51.925000000000004 0.58571428571428574 0.58571428571428574
decision_type=2 2 2 2 2 2 2
left_child=2 3 5 6 -3 -1 -2
right_child=1 4 -4 -5 -6 -7 -8
leaf_value=-0.63169953581652083 -0.28175381237892122 0.17761823307840816 -0.14311557853121115 0.157572550813281 0.38182525404317197 -0.3116209327507618 -0.021053276551723645
leaf_weight=765 707 1384 1091 1465 1472 453 723
leaf_count=765 707 1384 1091 1465 1472 453 723
internal_value=0.00500658 0.143566 -0.339665 0.00541247 0.283351 -0.514416 -0.150478
internal_weight=8060 5751 2309 2895 2856 1218 1430
internal_count=8060 5751 2309 2895 2856 1218 1430
is_linear=0
shrinkage=0.02


Tree=8
num_leaves=8
num_cat=0
split_feature=64 64 40 40 65 31 65
split_gain=959338 262639 178436 157979 77677.4 61651.1 59770.5
threshold=2.5000000000000004 3.5000000000000004 45.705000000000005 44.095000000000006 0.58571428571428574 1.0000000180025095e-35 1.0000000180025095e-35
decision_type=2 2 2 2 2 2 2
left_child=2 3 5 -2 -4 -1 -5
right_child=1 -3 4 6 -6 -7 -8
leaf_value=-0.6248400495149099 -0.18571136964146231 0.27750699140766139 -0.28529851569981313 -0.22500198494828208 0.054809995396131378 -0.30157729419596169 0.1589041375691615
leaf_weight=765 1078 2791 796 176 402 363 1605
leaf_count=765 1078 2791 796 176 402 363 1605
internal_value=-0.00105617 0.139681 -0.342481 0.00488299 -0.171418 -0.522601 0.120442
internal_weight=7976 5650 2326 2859 1198 1128 1781
internal_count=7976 5650 2326 2859 1198 1128 1781
is_linear=0
shrinkage=0.02


Tree=9
num_leaves=8
num_cat=0
split_feature=66 42 42 31 66 31 42
split_gain=816516 393431 220077 174834 108453 96761.6 56624.8
threshold=0.31250000000000006 54.065000000000005 42.70000000000001 1.0000000180025095e-35 0.43750000000000006 1.0000000180025095e-35 26.455000000000002
decision_type=2 2 2 2 2 2 2
left_child=1 3 4 6 -2 -3 -1
right_child=2 5 -4 -5 -6 -7 -8
leaf_value=-0.78719955360734617 -0.15397342951255735 -0.10828259758507541 0.30024212889484175 -0.17222657914793299 0.16599216274147582 0.20803708596994264 -0.46639467735958806
leaf_weight=303 838 980 2599 837 847 632 977
leaf_count=303 838 980 2599 837 847 632 977
internal_value=-0.00326195 -0.219499 0.184998 -0.398432 0.00687913 0.0159934 -0.545103
internal_weight=8013 3729 4284 2117 1685 1612 1280
internal_count=8013 3729 4284 2117 1685 1612 1280
is_linear=0
shrinkage=0.02


Tree=10
num_leaves=8
num_cat=0
split_feature=64 66 41 41 40 66 66
split_gain=881654 266358 170003 151708 110347 90773.5 84660.2
threshold=2.5000000000000004 0.31250000000000006 52.095000000000006 48.655000000000008 37.090000000000011 0.31250000000000006 0.18750000000000003
decision_type=2 2 2 2 2 2 2
left_child=2 3 5 -2 -3 -1 -4
right_child=1 4 6 -5 -6 -7 -8
leaf_value=-0.59150258896729446 -0.24337446325647397 0.057227134815671585 -0.35689037596481515 0.099782582060784664 0.308566844714177 -0.23840119841114704 0.018198107543957211
leaf_weight=881 873 958 390 1243 2603 449 615
leaf_count=881 873 958 390 1243 2603 449 615
internal_value=0.00108565 0.135638 -0.325639 -0.042034 0.241125 -0.473637 -0.128405
internal_weight=8012 5677 2335 2116 3561 1330 1005
internal_count=8012 5677 2335 2116 3561 1330 1005
is_linear=0
shrinkage=0.02


Tree=11
num_leaves=8
num_cat=0
split_feature=34 42 42 42 34 42 34
split_gain=585447 310982 241968 113849 80239.7 68595.9 54127.6
threshold=1.5000000000000002 57.605000000000011 33.20000000000001 30.335000000000004 1.0000000180025095e-35 60.885000000000012 2.5000000000000004
decision_type=2 2 2 2 2 2 2
left_child=1 3 -2 -1 -5 6 -4
right_child=2 -3 5 4 -6 -7 -8
leaf_value=-0.57473231522559309 -0.1147713032013829 0.054807077097804136 0.06824582918426457 -0.52225405510130363 -0.17469339008358262 0.34310511372008234 0.27247683830488745
leaf_weight=584 1034 1291 1153 334 1280 1374 946
leaf_count=584 1034 1291 1153 334 1280 1374 946
internal_value=0.00287917 -0.191475 0.15338 -0.335925 -0.248008 0.233265 0.16072
internal_weight=7996 3489 4507 2198 1614 3473 2099
internal_count=7996 3489 4507 2198 1614 3473 2099
is_linear=0
shrinkage=0.02


Tree=12
num_leaves=8
num_cat=0
split_feature=33 42 42 33 33 33 33
split_gain=734044 344096 216857 107806 107152 71110.6 60016.4
threshold=2.5000000000000004 50.065000000000005 33.20000000000001 1.5000000000000002 1.5000000000000002 3.5000000000000004 3.5000000000000004
decision_type=2 2 2 2 2 2 2
left_child=1 3 6 -1 -3 -4 -2
right_child=2 4 5 -5 -6 -7 -8
leaf_value=-0.58099070665535069 -0.23047105428957662 -0.18291510459571794 0.15818316832540311 -0.26676183711903123 0.11805773428587102 0.34493462532336661 0.079283208843527145
leaf_weight=776 511 857 1572 1029 1044 1725 482
leaf_count=776 511 857 1572 1029 1044 1725 482
internal_value=0.000307946 -0.205717 0.178319 -0.403086 -0.0177493 0.256266 -0.0804731
internal_weight=7996 3706 4290 1805 1901 3297 993
internal_count=7996 3706 4290 1805 1901 3297 993
is_linear=0
shrinkage=0.02


Tree=13
num_leaves=8
num_cat=0
split_feature=64 64 66 66 64 66 66
split_gain=832244 248928 152275 133075 64087.9 60546.7 49109.6
threshold=2.5000000000000004 3.5000000000000004 0.18750000000000003 0.18750000000000003 1.5000000000000002 0.43750000000000006 0.43750000000000006
decision_type=2 2 2 2 2 2 2
left_child=2 3 -1 -2 -4 -3 -5
right_child=1 5 4 6 -6 -7 -8
leaf_value=-0.53212637578286315 -0.26912611877592513 0.17782049941978922 -0.45576479872910691 0.0051107478569230227 -0.1277262450128071 0.36551297107960579 0.20875516082483397
leaf_weight=857 592 1562 297 1562 1164 1251 675
leaf_count=857 592 1562 297 1562 1164 1251 675
internal_value=-0.00233812 0.128745 -0.320984 -0.00377778 -0.195739 0.261792 0.0668876
internal_weight=7960 5642 2318 2829 1461 2813 2237
internal_count=7960 5642 2318 2829 1461 2813 2237
is_linear=0
shrinkage=0.02


Tree=14
num_leaves=8
num_cat=0
split_feature=64 33 42 42 42 33 33
split_gain=791997 233816 164207 158749 107634 81578.4 77932.1
threshold=2.5000000000000004 2.5000000000000004 47.985000000000007 46.840000000000011 29.405000000000005 2.5000000000000004 2.5000000000000004
decision_type=2 2 2 2 2 2 2
left_child=2 3 6 -2 -3 -4 -1
right_child=1 4 5 -5 -6 -7 -8
leaf_value=-0.58205840688166888 -0.25494864551732038 -0.018353530680772383 -0.24826124361607682 0.097512771801287146 0.27621040996026108 0.12223481929099018 -0.24392555721605461
leaf_weight=812 820 595 733 1339 2965 347 426
leaf_count=812 820 595 733 1339 2965 347 426
internal_value=0.00114319 0.127543 -0.310316 -0.0366338 0.227022 -0.129208 -0.467155
internal_weight=8037 5719 2318 2159 3560 1080 1238
internal_count=8037 5719 2318 2159 3560 1080 1238
is_linear=0
shrinkage=0.02


Tree=15
num_leaves=8
num_cat=0
split_feature=66 40 40 66 66 66 66
split_gain=677602 291535 193205 115212 71839.3 59984 56668.3
threshold=0.31250000000000006 45.705000000000005 36.835000000000008 0.18750000000000003 0.18750000000000003 0.43750000000000006 0.43750000000000006
decision_type=2 2 2 2 2 2 2
left_child=1 4 5 -3 -1 -2 -4
right_child=2 3 6 -5 -6 -7 -8
leaf_value=-0.57498724842944826 -0.18600190999198371 -0.21118959546657437 0.16030435751670827 0.079731516456261753 -0.29195522545932606 0.097084096131870426 0.33200257195121319
leaf_weight=645 610 998 1476 1187 851 579 1641
leaf_count=645 610 998 1476 1187 851 579 1641
internal_value=-0.00178249 -0.200879 0.168451 -0.0533257 -0.415493 -0.04832 0.251085
internal_weight=7987 3681 4306 2185 1496 1189 3117
internal_count=7987 3681 4306 2185 1496 1189 3117
is_linear=0
shrinkage=0.02


Tree=16
num_leaves=8
num_cat=0
split_feature=64 64 42 42 33 33 33
split_gain=775142 233203 163488 132317 82451.5 73971.6 73080
threshold=2.5000000000000004 3.5000000000000004 47.985000000000007 49.640000000000008 2.5000000000000004 2.5000000000000004 1.5000000000000002
decision_type=2 2 2 2 2 2 2
left_child=2 3 6 4 -2 -4 -1
right_child=1 -3 5 -5 -6 -7 -8
leaf_value=-0.66540322159439003 -0.31171506479194783 0.25085274334422603 -0.23948518515259959 0.13037951421451754 -0.0055120463650767462 0.11725450845670141 -0.34526943904765206
leaf_weight=460 630 2823 732 1423 789 336 807
leaf_count=460 630 2823 732 1423 789 336 807
internal_value=-0.0041237 0.122271 -0.31038 -0.00566691 -0.142076 -0.127229 -0.463657
internal_weight=8000 5665 2335 2842 1419 1068 1267
internal_count=8000 5665 2335 2842 1419 1068 1267
is_linear=0
shrinkage=0.02


Tree=17
num_leaves=8
num_cat=0
split_feature=64 66 66 66 64 64 66
split_gain=721143 210856 131416 114724 54448.1 54084.4 45014.8
threshold=2.5000000000000004 0.18750000000000003 0.18750000000000003 0.43750000000000006 3.5000000000000004 1.5000000000000002 0.43750000000000006
decision_type=2 2 2 2 2 2 2
left_child=2 -2 -1 4 -3 -4 -7
right_child=1 3 5 -5 -6 6 -8
leaf_value=-0.48560954382484539 -0.18101106205461953 0.014087966130680031 -0.42157399462490547 0.2926888244546732 0.18651500267688362 -0.1750124621875381 0.13572883222428003
leaf_weight=876 773 1571 282 1944 1369 946 228
leaf_count=876 773 1571 282 1944 1369 946 228
internal_value=0.00306134 0.125061 -0.292523 0.17364 0.0945583 -0.175088 -0.114344
internal_weight=7989 5657 2332 4884 2940 1456 1174
internal_count=7989 5657 2332 4884 2940 1456 1174
is_linear=0
shrinkage=0.02


Tree=18
num_leaves=8
num_cat=0
split_feature=64 64 42 42 66 66 66
split_gain=700818 214140 160352 128426 100094 76440.9 59276.8
threshold=2.5000000000000004 3.5000000000000004 57.605000000000011 49.640000000000008 0.31250000000000006 0.31250000000000006 0.18750000000000003
decision_type=2 2 2 2 2 2 2
left_child=2 3 4 5 -1 -2 -5
right_child=1 -3 -4 6 -6 -7 -8
leaf_value=-0.51340152040911124 -0.30201763732543913 0.24300088508254677 -0.038536605312890382 -0.096738679759696994 -0.18017854893993998 -0.0031953566435167957 0.1976520521892276
leaf_weight=1074 634 2816 698 358 553 738 1121
leaf_count=1074 634 2816 698 358 553 738 1121
internal_value=-0.000501308 0.119461 -0.292528 -0.00277428 -0.401042 -0.141876 0.126307
internal_weight=7992 5667 2325 2851 1627 1372 1479
internal_count=7992 5667 2325 2851 1627 1372 1479
is_linear=0
shrinkage=0.02


Tree=19
num_leaves=8
num_cat=0
split_feature=64 64 40 40 64 34 34
split_gain=660555 206833 146484 121301 63881.8 53783 48596
threshold=2.5000000000000004 3.5000000000000004 55.135000000000012 45.085000000000008 1.5000000000000002 1.5000000000000002 1.0000000180025095e-35
decision_type=2 2 2 2 2 2 2
left_child=2 3 4 5 -1 -2 -5
right_child=1 -3 -4 6 -6 -7 -8
leaf_value=-0.62086385099449537 -0.33515160408346928 0.23754944869119418 -0.064473400344163961 -0.21501248175362972 -0.3208906963530207 -0.051946311101048914 0.13622884744654765
leaf_weight=388 449 2795 800 171 1143 661 1537
leaf_count=388 449 2795 800 171 1143 661 1537
internal_value=-0.0017206 0.115807 -0.284368 -0.00514785 -0.398686 -0.167493 0.100539
internal_weight=7944 5613 2331 2818 1531 1110 1708
internal_count=7944 5613 2331 2818 1531 1110 1708
is_linear=0
shrinkage=0.02


Tree=20
num_leaves=8
num_cat=0
split_feature=33 42 42 33 33 33 42
split_gain=564161 279773 169817 98046.7 69421.8 60783.5 55616.9
threshold=2.5000000000000004 46.090000000000011 29.405000000000005 1.5000000000000002 1.5000000000000002 3.5000000000000004 68.805000000000021
decision_type=2 2 2 2 2 2 2
left_child=1 4 -2 6 -1 -4 -3
right_child=2 3 5 -5 -6 -7 -8
leaf_value=-0.53773615037478439 -0.10691599980127886 -0.28462779019319251 0.1285206636546477 0.091014536493319143 -0.26476282982049609 0.2967858600725915 0.027944179709894316
leaf_weight=673 790 660 1642 1170 873 1826 345
leaf_count=673 790 660 1642 1170 873 1826 345
internal_value=6.11738e-05 -0.179711 0.157187 -0.0332821 -0.384943 0.217417 -0.17772
internal_weight=7979 3721 4258 2175 1546 3468 1005
internal_count=7979 3721 4258 2175 1546 3468 1005
is_linear=0
shrinkage=0.02


Tree=21
num_leaves=8
num_cat=0
split_feature=31 40 40 33 33 33 33
split_gain=569643 196402 185466 124517 110694 72956.2 41222.8
threshold=1.0000000180025095e-35 44.095000000000006 47.045000000000009 1.5000000000000002 3.5000000000000004 1.5000000000000002 3.5000000000000004
decision_type=2 2 2 2 2 2 2
left_child=1 5 4 -3 -2 -1 -4
right_child=2 3 6 -5 -6 -7 -8
leaf_value=-0.60886563922554449 -0.11268689456486232 -0.28066553094048696 0.1894116682337203 0.040269527850736217 0.18494099829433436 -0.28339786686848323 0.35411234383431539
leaf_weight=444 1303 781 1606 1254 804 762 1002
leaf_count=444 1303 781 1606 1254 804 762 1002
internal_value=0.000415215 -0.203528 0.140669 -0.0832862 0.00105247 -0.405241 0.253247
internal_weight=7956 3241 4715 2035 2107 1206 2608
internal_count=7956 3241 4715 2035 2107 1206 2608
is_linear=0
shrinkage=0.02


Tree=22
num_leaves=8
num_cat=0
split_feature=31 42 42 65 42 42 42
split_gain=556287 250146 193959 72358.4 52617.9 51134.9 47725.8
threshold=1.0000000180025095e-35 46.595000000000006 38.655000000000008 0.22500000000000003 28.425000000000004 63.540000000000006 60.115000000000009
decision_type=2 2 2 2 2 2 2
left_child=1 4 -2 -3 -1 -5 -4
right_child=2 3 6 5 -6 -7 -8
leaf_value=-0.56460994427856059 -0.050884358223002732 -0.31186278179485133 0.15571272741186382 -0.099399411230122303 -0.306070194864001 0.12849188203917253 0.31119930748513019
leaf_weight=495 1464 335 1760 816 937 752 1459
leaf_count=495 1464 335 1760 816 937 752 1459
internal_value=-0.000662517 -0.197903 0.139863 -0.0473647 -0.397093 0.00995641 0.22656
internal_weight=8018 3335 4683 1903 1432 1568 3219
internal_count=8018 3335 4683 1903 1432 1568 3219
is_linear=0
shrinkage=0.02


Tree=23
num_leaves=8
num_cat=0
split_feature=34 42 42 42 34 34 42
split_gain=399874 238281 173562 97924 65588.5 62005.9 32702.8
threshold=1.5000000000000002 59.07500000000001 44.605000000000011 30.335000000000004 1.0000000180025095e-35 2.5000000000000004 62.230000000000011
decision_type=2 2 2 2 2 2 2
left_child=1 3 5 -1 -5 -2 -4
right_child=2 -3 6 4 -6 -7 -8
leaf_value=-0.49820500946368967 -0.12814640112675632 0.064962552642334831 0.15817906587849961 -0.4386648034733599 -0.13660843402874312 0.10347599552757371 0.30018987114702006
leaf_weight=602 1028 1227 1357 363 1358 832 1281
leaf_count=602 1028 1227 1357 363 1358 832 1281
internal_value=-0.00177378 -0.160338 0.123411 -0.279225 -0.201406 -0.0245393 0.227576
internal_weight=8048 3550 4498 2323 1721 1860 2638
internal_count=8048 3550 4498 2323 1721 1860 2638
is_linear=0
shrinkage=0.02


Tree=24
num_leaves=8
num_cat=0
split_feature=64 64 42 42 42 64 65
split_gain=600930 177110 139518 111141 48485.8 47073.1 40488.3
threshold=2.5000000000000004 3.5000000000000004 47.985000000000007 47.495000000000012 54.230000000000011 1.5000000000000002 0.58571428571428574
decision_type=2 2 2 2 2 2 2
left_child=2 3 5 -2 -3 -1 -4
right_child=1 4 6 -5 -6 -7 -8
leaf_value=-0.61808710313986903 -0.13771208400286192 0.14163783276033864 -0.19091676637778129 0.11067379162942524 0.30819028598253645 -0.33736238193440155 0.067918861796670074
leaf_weight=339 1306 1486 722 1595 1343 908 359
leaf_count=339 1306 1486 722 1595 1343 908 359
internal_value=-0.0014322 0.108659 -0.272057 -0.00119149 0.221109 -0.415842 -0.105041
internal_weight=8058 5730 2328 2901 2829 1247 1081
internal_count=8058 5730 2328 2901 2829 1247 1081
is_linear=0
shrinkage=0.02


Tree=25
num_leaves=8
num_cat=0
split_feature=64 33 42 42 33 33 64
split_gain=565709 174347 147756 140000 82956.3 55657.3 54008.8
threshold=2.5000000000000004 3.5000000000000004 47.495000000000012 57.605000000000011 2.5000000000000004 1.5000000000000002 3.5000000000000004
decision_type=2 2 2 2 2 2 2
left_child=3 2 6 4 -1 -4 -2
right_child=1 -3 5 -5 -6 -7 -8
leaf_value=-0.46533561579563687 -0.21726286296249075 0.26328964438495156 -0.048475937249289974 -0.026185783101484728 -0.16505394361596845 0.1888631074281216 0.025578094254657506
leaf_weight=1068 927 1921 513 716 572 1691 602
leaf_count=1068 927 1921 513 716 572 1691 602
internal_value=0.000238662 0.108735 0.0289562 -0.259814 -0.361423 0.133636 -0.121879
internal_weight=8010 5654 3733 2356 1640 2204 1529
internal_count=8010 5654 3733 2356 1640 2204 1529
is_linear=0
shrinkage=0.02


Tree=26
num_leaves=8
num_cat=0
split_feature=64 64 42 42 64 42 45
split_gain=556426 166831 138326 99978.7 45727.7 45599.8 39219.5
threshold=2.5000000000000004 3.5000000000000004 40.775000000000013 49.640000000000008 1.5000000000000002 55.195000000000007 1.0000000180025095e-35
decision_type=2 2 2 2 2 2 2
left_child=2 3 -1 6 -4 -3 -2
right_child=1 5 4 -5 -6 -7 -8
leaf_value=-0.45216316409349089 -0.012700908144564553 0.13739170398076181 -0.35440731043487494 0.11195810075857029 -0.078332244710076382 0.29961298410526338 -0.22428947635544291
leaf_weight=927 662 1525 302 1440 1121 1291 741
leaf_count=927 662 1525 302 1440 1121 1291 741
internal_value=-0.00423328 0.103195 -0.262599 -0.00491994 -0.137959 0.212162 -0.124852
internal_weight=8009 5659 2350 2843 1423 2816 1403
internal_count=8009 5659 2350 2843 1423 2816 1403
is_linear=0
shrinkage=0.02


Tree=27
num_leaves=8
num_cat=0
split_feature=64 41 42 33 33 33 42
split_gain=532813 167079 133242 119314 82307.7 73287.6 41566.2
threshold=2.5000000000000004 49.000000000000007 41.035000000000004 2.5000000000000004 1.5000000000000002 1.5000000000000002 24.880000000000006
decision_type=2 2 2 2 2 2 2
left_child=2 3 -1 -2 -4 -3 -5
right_child=1 5 4 6 -6 -7 -8
leaf_value=-0.43750924319541085 -0.19878419900464209 -0.032830649016177472 -0.32388727726449679 -0.10056171449900397 -0.0065018134295527453 0.24193152796134759 0.14062481499626209
leaf_weight=955 919 454 529 366 843 2634 1252
leaf_count=955 919 454 529 366 843 2634 1252
internal_value=-0.00242677 0.102872 -0.256637 -0.0173956 -0.129607 0.201548 0.0859254
internal_weight=7952 5625 2327 2537 1372 3088 1618
internal_count=7952 5625 2327 2537 1372 3088 1618
is_linear=0
shrinkage=0.02


Tree=28
num_leaves=8
num_cat=0
split_feature=64 64 41 41 34 41 34
split_gain=478710 165639 110075 109114 53621 47515.9 40538.9
threshold=2.5000000000000004 3.5000000000000004 53.935000000000009 47.785000000000004 2.5000000000000004 33.495000000000012 1.5000000000000002
decision_type=2 2 2 2 2 2 2
left_child=2 3 4 6 -1 -3 -2
right_child=1 5 -4 -5 -6 -7 -8
leaf_value=-0.39748078008170135 -0.2752965625532065 0.023871944231566633 -0.066684107400661094 0.10040065914018548 -0.02935196577148004 0.24307580977001308 -0.047836871250383758
leaf_weight=1253 553 477 880 1599 182 2345 721
leaf_count=1253 553 477 880 1599 182 2345 721
internal_value=-0.00113575 0.0974442 -0.243334 -0.00948659 -0.351055 0.206132 -0.14726
internal_weight=8010 5695 2315 2873 1435 2822 1274
internal_count=8010 5695 2315 2873 1435 2822 1274
is_linear=0
shrinkage=0.02


Tree=29
num_leaves=8
num_cat=0
split_feature=64 64 42 40 64 34 34
split_gain=482733 157162 116780 98501.2 59750.6 45269.1 42866.6
threshold=2.5000000000000004 3.5000000000000004 57.375000000000007 37.755000000000003 1.5000000000000002 2.5000000000000004 1.0000000180025095e-35
decision_type=2 2 2 2 2 2 2
left_child=2 3 4 -2 -1 -6 -5
right_child=1 -3 -4 6 5 -7 -8
leaf_value=-0.54376132530919019 -0.19397877125944132 0.20412906704343323 -0.02961614663145562 -0.2093416383701005 -0.31558336444308333 0.025296318017421885 0.096937749922652333
leaf_weight=416 800 2814 711 198 1018 183 1855
leaf_count=416 800 2814 711 198 1018 183 1855
internal_value=-0.00139 0.0982184 -0.243555 -0.00641884 -0.337244 -0.263753 0.066962
internal_weight=7995 5667 2328 2853 1617 1201 2053
internal_count=7995 5667 2328 2853 1617 1201 2053
is_linear=0
shrinkage=0.02


Tree=30
num_leaves=8
num_cat=0
split_feature=64 33 42 42 33 33 33
split_gain=460450 159534 142244 115547 57328.8 50118.2 46223.8
threshold=2.5000000000000004 3.5000000000000004 47.495000000000012 47.985000000000007 2.5000000000000004 1.5000000000000002 1.5000000000000002
decision_type=2 2 2 2 2 2 2
left_child=3 2 -2 6 -5 -4 -1
right_child=1 -3 5 4 -6 -7 -8
leaf_value=-0.53659674151752002 -0.1284321833042873 0.24399939025136172 -0.051389174042985993 -0.18540363051779518 0.12856812417158606 0.17595072762319139 -0.27671824338912515
leaf_weight=436 1518 1933 502 726 337 1673 792
leaf_count=436 1518 1933 502 726 337 1673 792
internal_value=-0.000288279 0.0970449 0.0198996 -0.239 -0.0857301 0.123482 -0.37079
internal_weight=7917 5626 3693 2291 1063 2175 1228
internal_count=7917 5626 3693 2291 1063 2175 1228
is_linear=0
shrinkage=0.02


Tree=31
num_leaves=8
num_cat=0
split_feature=64 66 66 64 64 66 66
split_gain=454869 155404 97680.6 80735.1 47627 44122.7 19495.9
threshold=2.5000000000000004 0.43750000000000006 0.31250000000000006 3.5000000000000004 1.5000000000000002 0.18750000000000003 0.43750000000000006
decision_type=2 2 2 2 2 2 2
left_child=2 3 4 5 -1 -2 -4
right_child=1 -3 6 -5 -6 -7 -8
leaf_value=-0.50803681767373177 -0.20696136882515992 0.24144516839061067 -0.12697709303154373 0.12988672269850068 -0.25768964648617648 -0.0039359784792875434 0.081632203328227654
leaf_weight=427 583 1919 492 1548 1125 1576 276
leaf_count=427 583 1919 492 1548 1125 1576 276
internal_value=-0.00157108 0.0956026 -0.236916 0.0198809 -0.327978 -0.0591109 -0.051965
internal_weight=7946 5626 2320 3707 1552 2159 768
internal_count=7946 5626 2320 3707 1552 2159 768
is_linear=0
shrinkage=0.02


Tree=32
num_leaves=8
num_cat=0
split_feature=64 33 42 42 42 33 42
split_gain=427851 148686 117055 102830 78363.2 67301.4 45529.7
threshold=2.5000000000000004 2.5000000000000004 57.605000000000011 59.925000000000004 27.305000000000003 1.5000000000000002 32.330000000000005
decision_type=2 2 2 2 2 2 2
left_child=2 3 5 6 -3 -1 -2
right_child=1 4 -4 -5 -6 -7 -8
leaf_value=-0.49675476205328628 -0.33844359735675983 -0.054939913121452751 -0.014821073590310166 0.14215433151412535 0.2107653004710372 -0.22503877636100164 -0.074745831211333741
leaf_weight=581 348 518 698 799 3028 1012 1032
leaf_count=581 348 518 698 799 3028 1012 1032
internal_value=-0.000318451 0.0921165 -0.231003 -0.0378617 0.171928 -0.325383 -0.142225
internal_weight=8016 5725 2291 2179 3546 1593 1380
internal_count=8016 5725 2291 2179 3546 1593 1380
is_linear=0
shrinkage=0.02


Tree=33
num_leaves=8
num_cat=0
split_feature=64 41 42 66 66 66 66
split_gain=416700 148296 116267 98622.3 66114.7 51792.6 46918.1
threshold=2.5000000000000004 36.045000000000009 49.640000000000008 0.18750000000000003 0.43750000000000006 0.31250000000000006 0.43750000000000006
decision_type=2 2 2 2 2 2 2
left_child=2 4 5 -3 -2 -1 -5
right_child=1 3 -4 6 -6 -7 -8
leaf_value=-0.44196722000490274 -0.20738985453197495 -0.080516127887317004 -0.063375197978518955 0.12790495758079082 0.097137705163010374 -0.1762448180037767 0.27142636847298812
leaf_weight=843 803 650 1017 2299 437 464 1525
leaf_count=843 803 650 1017 2299 437 464 1525
internal_value=0.00129115 0.0931284 -0.224223 0.146738 -0.100109 -0.348664 0.185421
internal_weight=8038 5714 2324 4474 1240 1307 3824
internal_count=8038 5714 2324 4474 1240 1307 3824
is_linear=0
shrinkage=0.02


Tree=34
num_leaves=8
num_cat=0
split_feature=31 41 41 33 33 33 33
split_gain=413552 160514 138158 103640 56403.1 46870.6 37176.5
threshold=1.0000000180025095e-35 41.255000000000003 38.945000000000007 1.5000000000000002 3.5000000000000004 3.5000000000000004 1.5000000000000002
decision_type=2 2 2 2 2 2 2
left_child=1 6 4 -3 -2 -4 -1
right_child=2 3 5 -5 -6 -7 -8
leaf_value=-0.53265297823388014 -0.14868354763457992 -0.25000571407714062 0.12727303744445106 0.026372692226770456 0.11706114317411961 0.28116055318973393 -0.2812403149250467
leaf_weight=391 863 870 2044 1427 501 1305 648
leaf_count=391 863 870 2044 1427 501 1305 648
internal_value=-0.00202277 -0.172275 0.118541 -0.0786226 -0.0510039 0.187568 -0.377951
internal_weight=8049 3336 4713 2297 1364 3349 1039
internal_count=8049 3336 4713 2297 1364 3349 1039
is_linear=0
shrinkage=0.02


Tree=35
num_leaves=8
num_cat=0
split_feature=64 64 41 41 65 64 41
split_gain=387266 139811 105277 95949.8 40989.7 40330.4 37202.7
threshold=2.5000000000000004 3.5000000000000004 48.485000000000007 35.760000000000012 1.0000000180025095e-35 1.5000000000000002 45.725000000000001
decision_type=2 2 2 2 2 2 2
left_child=2 3 -1 -2 -5 -4 -3
right_child=1 6 5 4 -6 -7 -8
leaf_value=-0.34929728541466198 -0.21934756704294736 0.09407639243239331 -0.3095499350685455 -0.20581610612605417 0.082981117452153627 -0.017100557733331277 0.24539253139979536
leaf_weight=1171 656 1034 234 213 2015 898 1788
leaf_count=1171 656 1034 234 213 2015 898 1788
internal_value=0.00190935 0.0902643 -0.216724 -0.00769636 0.0549727 -0.0786493 0.190214
internal_weight=8009 5706 2303 2884 2228 1132 2822
internal_count=8009 5706 2303 2884 2228 1132 2822
is_linear=0
shrinkage=0.02


Tree=36
num_leaves=8
num_cat=0
split_feature=31 41 41 66 66 66 41
split_gain=398566 156745 130794 94960.5 49621.6 42351.8 36701
threshold=1.0000000180025095e-35 41.255000000000003 34.985000000000007 0.18750000000000003 0.43750000000000006 0.43750000000000006 56.715000000000011
decision_type=2 2 2 2 2 2 2
left_child=1 -1 5 -3 6 -2 -4
right_child=2 3 4 -5 -6 -7 -8
leaf_value=-0.37622397661565898 -0.17837878122467918 -0.24217929876211133 0.035537241127390463 0.024199855800339926 0.26696677532435137 0.084281152473185877 0.19801389344233455
leaf_weight=1013 650 859 1143 1405 1406 389 1083
leaf_count=1013 650 859 1143 1405 1406 389 1083
internal_value=-0.00110933 -0.170054 0.117471 -0.0771799 0.174024 -0.0801066 0.114852
internal_weight=7948 3277 4671 2264 3632 1039 2226
internal_count=7948 3277 4671 2264 3632 1039 2226
is_linear=0
shrinkage=0.02


Tree=37
num_leaves=8
num_cat=0
split_feature=31 42 42 33 33 42 33
split_gain=361734 173806 143950 91157.6 57330.9 53562.4 39493.2
threshold=1.0000000180025095e-35 57.375000000000007 38.655000000000008 1.5000000000000002 3.5000000000000004 27.665000000000003 1.5000000000000002
decision_type=2 2 2 2 2 2 2
left_child=1 3 4 -1 -2 -5 -3
right_child=2 6 -4 5 -6 -7 -8
leaf_value=-0.44070079511614757 -0.146814476045102 -0.11540032940539155 0.18786297906695559 -0.39773445945793123 0.10946409502536483 -0.093791597626054643 0.11533417240909993
leaf_weight=787 921 476 3229 301 556 979 770
leaf_count=787 921 476 3229 301 556 979 770
internal_value=0.000480028 -0.15948 0.113141 -0.271734 -0.0502975 -0.166535 0.0270795
internal_weight=8019 3313 4706 2067 1477 1280 1246
internal_count=8019 3313 4706 2067 1477 1280 1246
is_linear=0
shrinkage=0.02


Tree=38
num_leaves=8
num_cat=0
split_feature=33 33 44 31 31 47 44
split_gain=348471 140497 86119.3 55929.4 44854.3 32255.2 29001.8
threshold=1.5000000000000002 3.5000000000000004 1.0000000180025095e-35 1.0000000180025095e-35 1.0000000180025095e-35 5.5000000000000009 1.0000000180025095e-35
decision_type=2 2 2 2 2 2 2
left_child=4 2 -2 5 6 -4 -1
right_child=1 -3 3 -5 -6 -7 -8
leaf_value=-0.50334722100026552 -0.1798989300907812 0.1984234893115864 -0.17624949198088719 0.1133879780208486 -0.067948760287090182 0.025957087477237604 -0.26420383694704802
leaf_weight=264 841 2180 521 1976 382 786 986
leaf_count=264 841 2180 521 1976 382 786 986
internal_value=0.00129513 0.0687601 6.10107e-05 0.0463645 -0.258719 -0.0550116 -0.316515
internal_weight=7936 6304 4124 3283 1632 1307 1250
internal_count=7936 6304 4124 3283 1632 1307 1250
is_linear=0
shrinkage=0.02


Tree=39
num_leaves=8
num_cat=0
split_feature=31 42 42 33 42 33 33
split_gain=344487 174781 131763 86305.6 51725.5 47237.2 45143.9
threshold=1.0000000180025095e-35 57.605000000000011 33.20000000000001 1.5000000000000002 28.025000000000002 3.5000000000000004 3.5000000000000004
decision_type=2 2 2 2 2 2 2
left_child=1 3 5 -1 -5 -2 -4
right_child=2 -3 6 4 -6 -7 -8
leaf_value=-0.42704411907170442 -0.19116809493271977 0.029567106227368117 0.10879080586561267 -0.39054469258855146 -0.091675062448409131 0.081560959530614527 0.25443922711050615
leaf_weight=833 661 1245 2219 302 964 407 1391
leaf_count=833 661 1245 2219 302 964 407 1391
internal_value=-0.00326415 -0.158147 0.107502 -0.269293 -0.164225 -0.0873391 0.165186
internal_weight=8022 3344 4678 2099 1266 1068 3610
internal_count=8022 3344 4678 2099 1266 1068 3610
is_linear=0
shrinkage=0.02


Tree=40
num_leaves=8
num_cat=0
split_feature=64 41 42 33 33 33 64
split_gain=338815 123905 96505.3 83115.8 75090.8 49166.3 41167.2
threshold=2.5000000000000004 49.000000000000007 33.20000000000001 3.5000000000000004 1.5000000000000002 1.5000000000000002 3.5000000000000004
decision_type=2 2 2 2 2 2 2
left_child=2 3 -1 6 -4 -3 -2
right_child=1 5 4 -5 -6 -7 -8
leaf_value=-0.40995588172810488 -0.18243872037443268 -0.020086987779990531 -0.29385931386551045 0.13725833075736346 -0.019671133318258153 0.20179937715056795 0.019617961869637171
leaf_weight=640 1005 469 633 885 1071 2656 670
leaf_count=640 1005 469 633 885 1071 2656 670
internal_value=0.000689061 0.0841135 -0.201392 -0.0190491 -0.122088 0.16852 -0.101798
internal_weight=8029 5685 2344 2560 1704 3125 1675
internal_count=8029 5685 2344 2560 1704 3125 1675
is_linear=0
shrinkage=0.02


Tree=41
num_leaves=8
num_cat=0
split_feature=31 42 42 33 42 33 42
split_gain=335325 154395 123335 84088.1 46941.5 43305 38957.5
threshold=1.0000000180025095e-35 57.375000000000007 34.155000000000008 1.5000000000000002 20.675000000000004 3.5000000000000004 60.115000000000009
decision_type=2 2 2 2 2 2 2
left_child=1 3 5 -1 -5 -2 -4
right_child=2 -3 6 4 -6 -7 -8
leaf_value=-0.41629408046293542 -0.17256612523877515 0.027759904837234308 0.11181303788635351 -0.45716279243124264 -0.10816098379723318 0.086294293250325768 0.24515763156490014
leaf_weight=789 678 1238 2121 174 1159 412 1509
leaf_count=789 678 1238 2121 174 1159 412 1509
internal_value=0.00287468 -0.149707 0.111535 -0.253065 -0.155255 -0.0747744 0.167506
internal_weight=8080 3360 4720 2122 1333 1090 3630
internal_count=8080 3360 4720 2122 1333 1090 3630
is_linear=0
shrinkage=0.02


Tree=42
num_leaves=8
num_cat=0
split_feature=64 64 42 42 66 66 42
split_gain=321666 111296 92010.7 74841.6 63831.6 53361.5 33523.5
threshold=2.5000000000000004 3.5000000000000004 38.655000000000008 60.115000000000009 0.31250000000000006 0.18750000000000003 24.000000000000004
decision_type=2 2 2 2 2 2 2
left_child=2 3 -1 5 -4 -2 -7
right_child=1 -3 4 -5 -6 6 -8
leaf_value=-0.36539422630997015 -0.28868217251066597 0.16921265004487387 -0.19179114780986378 0.14243594542810958 0.090943289708225961 -0.22565144905934392 0.015743722642962619
leaf_weight=847 378 2789 1022 905 460 273 1333
leaf_count=847 378 2789 1022 905 460 273 1333
internal_value=-0.00197593 0.0792127 -0.199656 -0.00781429 -0.104022 -0.0765366 -0.0258634
internal_weight=8007 5678 2329 2889 1482 1984 1606
internal_count=8007 5678 2329 2889 1482 1984 1606
is_linear=0
shrinkage=0.02


Tree=43
num_leaves=8
num_cat=0
split_feature=64 40 66 40 66 66 66
split_gain=302922 118210 97652.3 89032.9 51429.2 34212.5 32840
threshold=2.5000000000000004 53.865000000000002 0.31250000000000006 45.705000000000005 0.31250000000000006 0.18750000000000003 0.56250000000000011
decision_type=2 2 2 2 2 2 2
left_child=3 2 -2 -1 -5 -3 -4
right_child=1 5 6 4 -6 -7 -8
leaf_value=-0.3172006289444344 -0.14511221929782439 0.012898549087214889 0.043792095103789168 -0.15639930699399318 0.12335196211817065 0.21593647190979767 0.24298721311452728
leaf_weight=1113 1158 394 1638 841 377 2126 411
leaf_count=1113 1158 394 1638 841 377 2126 411
internal_value=0.00368982 0.0819216 0.00132864 -0.188281 -0.0696593 0.18428 0.084242
internal_weight=8058 5727 3207 2331 1218 2520 2049
internal_count=8058 5727 3207 2331 1218 2520 2049
is_linear=0
shrinkage=0.02


Tree=44
num_leaves=8
num_cat=0
split_feature=64 40 64 64 40 41 41
split_gain=297894 171568 60452.7 55121.2 50752.5 43085.9 32687.4
threshold=3.5000000000000004 45.705000000000005 1.5000000000000002 1.5000000000000002 22.675000000000004 58.930000000000007 52.735000000000007
decision_type=2 2 2 2 2 2 2
left_child=1 3 -3 -1 -5 -4 -2
right_child=6 2 5 4 -6 -7 -8
leaf_value=-0.48232996052545707 0.096382199012115866 -0.27801046379308664 -0.035551991460746842 -0.36738112127793898 -0.12685072476155959 0.12594000979063985 0.23278847088608667
leaf_weight=278 1414 257 1401 454 1538 1243 1416
leaf_count=278 1414 257 1401 454 1538 1243 1416
internal_value=0.000131035 -0.0901294 0.0118198 -0.220157 -0.182453 0.0404632 0.164924
internal_weight=8001 5171 2901 2270 1992 2644 2830
internal_count=8001 5171 2901 2270 1992 2644 2830
is_linear=0
shrinkage=0.02


Tree=45
num_leaves=8
num_cat=0
split_feature=33 42 42 42 33 33 41
split_gain=299736 157885 107231 73799.2 55297.6 38829.2 29696.3
threshold=2.5000000000000004 64.565000000000012 25.265000000000004 32.330000000000005 1.5000000000000002 3.5000000000000004 60.905000000000008
decision_type=2 2 2 2 2 2 2
left_child=1 3 -2 -1 -5 6 -4
right_child=2 -3 5 4 -6 -7 -8
leaf_value=-0.38291879326561651 -0.13370352427367577 0.090756606778194165 0.027399046273123617 -0.26040255437204513 -0.051924353598544873 0.21485207182204047 0.1995645205201366
leaf_weight=709 601 952 1189 925 1131 1954 601
leaf_count=709 601 952 1189 925 1131 1954 601
internal_value=0.000720348 -0.131034 0.113453 -0.207424 -0.146123 0.153253 0.0855992
internal_weight=8062 3717 4345 2765 2056 3744 1790
internal_count=8062 3717 4345 2765 2056 3744 1790
is_linear=0
shrinkage=0.02


Tree=46
num_leaves=8
num_cat=0
split_feature=31 42 42 66 42 66 40
split_gain=297364 135399 108650 72195.4 44174.1 36567 36477.6
threshold=1.0000000180025095e-35 63.755000000000003 34.475000000000001 0.18750000000000003 32.330000000000005 0.56250000000000011 61.355000000000011
decision_type=2 2 2 2 2 2 2
left_child=1 3 5 -1 -5 -2 -4
right_child=2 -3 6 4 -6 -7 -8
leaf_value=-0.36297963093907532 -0.11965846394358566 0.06579873347275278 0.10631258141297746 -0.3048938929821764 -0.068229780171485024 0.18310004155927648 0.23957719055694152
leaf_weight=915 949 883 2269 443 1081 187 1298
leaf_count=915 949 883 2269 443 1081 187 1298
internal_value=-0.00140437 -0.146138 0.100876 -0.222844 -0.137796 -0.0692366 0.155074
internal_weight=8025 3322 4703 2439 1524 1136 3567
internal_count=8025 3322 4703 2439 1524 1136 3567
is_linear=0
shrinkage=0.02


Tree=47
num_leaves=8
num_cat=0
split_feature=31 42 40 66 66 40 42
split_gain=279372 129199 104385 69434.7 44625.1 41225.2 39225
threshold=1.0000000180025095e-35 57.375000000000007 29.540000000000003 0.18750000000000003 0.43750000000000006 56.135000000000012 28.025000000000002
decision_type=2 2 2 2 2 2 2
left_child=1 3 -2 -1 5 -4 -5
right_child=2 -3 4 6 -6 -7 -8
leaf_value=-0.38398502089752073 -0.11673492157327323 0.020832126999966342 0.011959809101094921 -0.33498359277776901 0.22369676654941587 0.1771280109502279 -0.082471352062523734
leaf_weight=797 763 1227 1365 326 1507 1081 980
leaf_count=797 763 1227 1365 326 1507 1081 980
internal_value=-0.00212168 -0.14225 0.09687 -0.237225 0.138195 0.0851677 -0.14654
internal_weight=8046 3330 4716 2103 3953 2446 1306
internal_count=8046 3330 4716 2103 3953 2446 1306
is_linear=0
shrinkage=0.02


Tree=48
num_leaves=8
num_cat=0
split_feature=66 40 42 42 66 40 66
split_gain=273099 138136 90815.6 65274.3 49171.3 36620.8 30130.8
threshold=0.31250000000000006 62.045000000000009 24.880000000000006 30.335000000000004 0.18750000000000003 56.285000000000004 0.43750000000000006
decision_type=2 2 2 2 2 2 2
left_child=1 3 -2 -1 -5 6 -4
right_child=2 -3 5 4 -6 -7 -8
leaf_value=-0.37764849634373215 -0.12423218069381417 0.071524303962953353 0.015574638576825919 -0.25501892140738092 -0.056985852032005846 0.21935747655062418 0.16379509132701231
leaf_weight=628 571 1040 1058 894 1143 1569 1137
leaf_count=628 571 1040 1058 894 1143 1569 1137
internal_value=0.00227848 -0.123717 0.109982 -0.1999 -0.14431 0.14563 0.0925499
internal_weight=8040 3705 4335 2665 2037 3764 2195
internal_count=8040 3705 4335 2665 2037 3764 2195
is_linear=0
shrinkage=0.02


Tree=49
num_leaves=8
num_cat=0
split_feature=64 42 40 33 33 33 33
split_gain=268053 95181.1 79039.7 77201.9 41929.2 39663.9 31654.2
threshold=2.5000000000000004 49.845000000000006 45.705000000000005 3.5000000000000004 2.5000000000000004 1.5000000000000002 1.5000000000000002
decision_type=2 2 2 2 2 2 2
left_child=2 3 -1 6 -4 -3 -2
right_child=1 5 4 -5 -6 -7 -8
leaf_value=-0.30424809272533254 -0.27750340958161257 -0.022381020700957023 -0.14737392210874889 0.12762373531118518 0.10916722115896806 0.17858092704219214 -0.055541020606928358
leaf_weight=1122 311 463 849 952 359 2550 1399
leaf_count=1122 311 463 849 952 359 2550 1399
internal_value=-0.00333868 0.0708213 -0.183729 -0.0163235 -0.0709979 0.147714 -0.096601
internal_weight=8005 5675 2330 2662 1208 3013 1710
internal_count=8005 5675 2330 2662 1208 3013 1710
is_linear=0
shrinkage=0.02


Tree=50
num_leaves=8
num_cat=0
split_feature=33 41 41 33 33 33 41
split_gain=260266 122661 83056.9 37942.6 34790.3 29874.6 22942.6
threshold=2.5000000000000004 49.000000000000007 38.725000000000001 1.0000000180025095e-35 1.5000000000000002 4.5000000000000009 74.77500000000002
decision_type=2 2 2 2 2 2 2
left_child=1 4 5 -3 -1 -2 -5
right_child=2 3 -4 6 -6 -7 -8
leaf_value=-0.34501579539190663 -0.080917301320775098 -0.27082577920491691 0.16102369847867898 -0.020460524961877037 -0.16425860178378315 0.17015037562666288 0.15752458067385705
leaf_weight=763 996 201 3083 1415 998 229 359
leaf_count=763 996 201 3083 1415 998 229 359
internal_value=-0.000145418 -0.122221 0.10574 -0.0138915 -0.243332 -0.0334821 0.0158994
internal_weight=8044 3736 4308 1975 1761 1225 1774
internal_count=8044 3736 4308 1975 1761 1225 1774
is_linear=0
shrinkage=0.02


Tree=51
num_leaves=8
num_cat=0
split_feature=33 42 42 42 33 42 33
split_gain=240465 125307 88934.4 61313.3 43009.6 33697 32513.4
threshold=2.5000000000000004 64.280000000000015 24.880000000000006 26.055000000000003 1.5000000000000002 60.885000000000012 3.5000000000000004
decision_type=2 2 2 2 2 2 2
left_child=1 3 -2 -1 -5 6 -4
right_child=2 -3 5 4 -6 -7 -8
leaf_value=-0.39684570698385363 -0.12813065694362297 0.080322429668256437 0.01722509673743669 -0.24185726126468926 -0.065962558439945543 0.21894038207215158 0.16323189589715117
leaf_weight=458 578 944 1174 991 1271 1318 1268
leaf_count=458 578 944 1174 991 1271 1318 1268
internal_value=0.00130997 -0.117899 0.102017 -0.186715 -0.143387 0.137519 0.0932172
internal_weight=8002 3664 4338 2720 2262 3760 2442
internal_count=8002 3664 4338 2720 2262 3760 2442
is_linear=0
shrinkage=0.02


Tree=52
num_leaves=8
num_cat=0
split_feature=64 40 66 40 34 42 66
split_gain=247111 144581 99426.5 42489.6 36411.3 35088.4 24775.1
threshold=3.5000000000000004 35.605000000000011 0.18750000000000003 59.065000000000005 1.5000000000000002 77.75500000000001 0.43750000000000006
decision_type=2 2 2 2 2 2 2
left_child=1 4 5 6 -1 -3 -4
right_child=-2 2 3 -5 -6 -7 -8
leaf_value=-0.3763215963769686 0.14858105582459299 -0.22261336336739143 -0.062906902137191065 0.14363642161242388 -0.16390287381681529 0.09586617667250838 0.11490521705014814
leaf_weight=618 2814 984 1258 1042 699 158 412
leaf_count=618 2814 984 1258 1042 699 158 412
internal_value=-0.00208674 -0.0841428 -0.0222045 0.0437436 -0.264626 -0.178325 -0.0188274
internal_weight=7985 5171 3854 2712 1317 1142 1670
internal_count=7985 5171 3854 2712 1317 1142 1670
is_linear=0
shrinkage=0.02


Tree=53
num_leaves=8
num_cat=0
split_feature=31 42 42 66 40 66 42
split_gain=245562 109807 87504.9 60476.8 41743.8 38074.3 37950.8
threshold=1.0000000180025095e-35 63.755000000000003 25.265000000000004 0.18750000000000003 59.065000000000005 0.43750000000000006 28.755000000000006
decision_type=2 2 2 2 2 2 2
left_child=1 3 -2 -1 5 -4 -5
right_child=2 -3 4 6 -6 -7 -8
leaf_value=-0.32898291881129821 -0.13238818069860961 0.060013386709903298 0.016628766019348633 -0.30919481673966759 0.20928005535018737 0.17691500891271464 -0.067913115624154974
leaf_weight=921 595 869 1588 333 1520 942 1161
leaf_count=921 595 869 1588 333 1520 942 1161
internal_value=-0.000268932 -0.132527 0.093279 -0.20179 0.126555 0.0765397 -0.122545
internal_weight=7929 3284 4645 2415 4050 2530 1494
internal_count=7929 3284 4645 2415 4050 2530 1494
is_linear=0
shrinkage=0.02


Tree=54
num_leaves=8
num_cat=0
split_feature=64 41 34 34 41 64 41
split_gain=231624 129042 61235.4 40928.1 25009.8 24226.2 23913.4
threshold=3.5000000000000004 53.520000000000003 1.5000000000000002 1.5000000000000002 22.780000000000005 1.5000000000000002 33.495000000000012
decision_type=2 2 2 2 2 2 2
left_child=1 2 -1 5 -4 -3 -2
right_child=6 3 4 -5 -6 -7 -8
leaf_value=-0.25528755173577666 0.015341494821337304 -0.28892771641658227 -0.26237611729056892 0.12948961182917232 -0.038436868510118419 -0.010594876511053229 0.17115178059149866
leaf_weight=1520 476 137 233 1000 1249 1054 2312
leaf_count=1520 476 137 233 1000 1249 1054 2312
internal_value=-0.00227042 -0.0811984 -0.166265 0.0354687 -0.0744084 -0.0436854 0.144625
internal_weight=7981 5193 3002 2191 1482 1191 2788
internal_count=7981 5193 3002 2191 1482 1191 2788
is_linear=0
shrinkage=0.02


Tree=55
num_leaves=8
num_cat=0
split_feature=33 40 40 40 33 33 33
split_gain=212617 114842 72715.9 53907.7 41282.9 28775.6 22636
threshold=2.5000000000000004 59.065000000000005 36.615000000000002 31.535000000000004 1.0000000180025095e-35 3.5000000000000004 1.0000000180025095e-35
decision_type=2 2 2 2 2 2 2
left_child=1 3 5 -1 -5 -2 -3
right_child=2 6 -4 4 -6 -7 -8
leaf_value=-0.34282077331793359 -0.13410766556120116 -0.19386562806937627 0.14620390943157913 -0.39437454921818677 -0.098081054435832746 0.060692889976249442 0.079996982628945265
leaf_weight=652 600 131 3128 208 1679 604 1083
leaf_count=652 600 131 3128 208 1679 604 1083
internal_value=1.86835e-05 -0.110094 0.0954309 -0.186479 -0.131697 -0.0365369 0.0497711
internal_weight=8085 3753 4332 2539 1887 1204 1214
internal_count=8085 3753 4332 2539 1887 1204 1214
is_linear=0
shrinkage=0.02


Tree=56
num_leaves=8
num_cat=0
split_feature=64 40 33 40 33 40 64
split_gain=221578 78331.9 67287.5 65693.1 50579.8 34686.9 29521.5
threshold=2.5000000000000004 55.930000000000007 3.5000000000000004 37.755000000000003 2.5000000000000004 29.845000000000002 1.5000000000000002
decision_type=2 2 2 2 2 2 2
left_child=3 2 5 -1 6 -2 -5
right_child=1 -3 -4 4 -6 -7 -8
leaf_value=-0.31233225758954719 -0.20228158672068428 0.15872369414571538 0.1278160506240924 -0.34235102567781101 0.08512535780416762 -0.014604803807549948 -0.10039805923191289
leaf_weight=784 509 2278 1193 270 469 1690 785
leaf_count=784 509 2278 1193 270 469 1690 785
internal_value=0.000904449 0.0681519 0.00718156 -0.164091 -0.0870579 -0.0584065 -0.163642
internal_weight=7978 5670 3392 2308 1524 2199 1055
internal_count=7978 5670 3392 2308 1524 2199 1055
is_linear=0
shrinkage=0.02


Tree=57
num_leaves=8
num_cat=0
split_feature=64 42 34 34 42 34 42
split_gain=206894 124809 57952 48264.4 44889.3 28961.7 21297.3
threshold=3.5000000000000004 41.625000000000007 1.0000000180025095e-35 1.5000000000000002 71.985000000000014 2.5000000000000004 23.475000000000005
decision_type=2 2 2 2 2 2 2
left_child=1 3 -3 -1 5 -4 -5
right_child=-2 2 4 6 -6 -7 -8
leaf_value=-0.2995983456643076 0.14043709553776715 -0.21205386065222598 -0.043631838188457193 -0.22506694177316092 0.18592480927765181 0.13413866568304678 -0.033292255369407761
leaf_weight=958 2790 427 1727 354 622 460 659
leaf_count=958 2790 427 1727 354 622 460 659
internal_value=0.00160899 -0.0728409 0.00363213 -0.198086 0.0367374 -0.00602001 -0.101086
internal_weight=7997 5207 3236 1971 2809 2187 1013
internal_count=7997 5207 3236 1971 2809 2187 1013
is_linear=0
shrinkage=0.02


Tree=58
num_leaves=8
num_cat=0
split_feature=33 40 41 33 40 33 33
split_gain=196649 103945 74611.9 48634.8 49771.9 24794 23469.8
threshold=2.5000000000000004 66.265000000000015 34.600000000000009 1.0000000180025095e-35 34.475000000000001 4.5000000000000009 3.5000000000000004
decision_type=2 2 2 2 2 2 2
left_child=1 3 6 -1 -5 -4 -2
right_child=2 -3 5 4 -6 -7 -8
leaf_value=-0.39790937545207833 -0.16175935020631652 0.094779588771954124 0.10990558968993391 -0.27485187895530017 -0.078629789479089912 0.24693976500876866 0.037078965413443583
leaf_weight=307 477 806 2684 711 1886 660 465
leaf_count=307 477 806 2684 711 1886 660 465
internal_value=0.000805627 -0.105724 0.0930343 -0.161441 -0.132776 0.13728 -0.0639291
internal_weight=7996 3710 4286 2904 2597 3344 942
internal_count=7996 3710 4286 2904 2597 3344 942
is_linear=0
shrinkage=0.02


Tree=59
num_leaves=8
num_cat=0
split_feature=64 40 40 64 33 33 64
split_gain=209982 74622.2 60864.8 53496.6 34209.6 27435.2 26322.2
threshold=2.5000000000000004 51.215000000000011 45.705000000000005 3.5000000000000004 1.5000000000000002 1.5000000000000002 1.5000000000000002
decision_type=2 2 2 2 2 2 2
left_child=2 3 6 -2 -4 -3 -1
right_child=1 5 4 -5 -6 -7 -8
leaf_value=-0.42681897489013665 -0.088095469116419065 -0.0067791990389174843 -0.19169056910401405 0.084160626519703394 0.026995185507033174 0.16540604060405448 -0.20577987915894005
leaf_weight=296 1524 439 470 1360 717 2342 850
leaf_count=296 1524 439 470 1360 717 2342 850
internal_value=-0.00132419 0.0644408 -0.160811 -0.00686006 -0.0600357 0.138262 -0.264478
internal_weight=7998 5665 2333 2884 1187 2781 1146
internal_count=7998 5665 2333 2884 1187 2781 1146
is_linear=0
shrinkage=0.02


Tree=60
num_leaves=8
num_cat=0
split_feature=66 42 42 64 42 66 42
split_gain=191134 108237 66198.1 53404.9 38509.9 28165.7 28279
threshold=0.31250000000000006 64.565000000000012 25.265000000000004 1.5000000000000002 26.055000000000003 0.56250000000000011 53.835000000000008
decision_type=2 2 2 2 2 2 2
left_child=1 3 -2 -1 -5 6 -4
right_child=2 -3 5 4 -6 -7 -8
leaf_value=-0.40236922831721389 -0.10607344423250824 0.077618689156188983 0.033478514883543628 -0.31896306063806146 -0.10026887451800442 0.23162826845581547 0.15731655855377655
leaf_weight=341 587 952 1517 381 2012 744 1437
leaf_count=341 587 952 1517 381 2012 744 1437
internal_value=-0.00022591 -0.105744 0.0905592 -0.169617 -0.135681 0.121873 0.0938847
internal_weight=7971 3686 4285 2734 2393 3698 2954
internal_count=7971 3686 4285 2734 2393 3698 2954
is_linear=0
shrinkage=0.02


Tree=61
num_leaves=8
num_cat=0
split_feature=31 41 41 33 33 33 42
split_gain=202646 89608.3 71837.6 38087.1 32862.7 30803.8 23773
threshold=1.0000000180025095e-35 52.945000000000007 41.965000000000011 1.5000000000000002 3.5000000000000004 1.5000000000000002 21.795000000000005
decision_type=2 2 2 2 2 2 2
left_child=1 3 4 -1 -2 -3 -5
right_child=2 5 -4 6 -6 -7 -8
leaf_value=-0.33517693092915685 -0.095514637010752801 -0.11931298162756848 0.14092063204058955 -0.35511395500103632 0.091567954437299218 0.064619217797552447 -0.10337993856668241
leaf_weight=664 986 590 3076 175 600 934 959
leaf_count=664 986 590 3076 175 600 934 959
internal_value=-0.000401282 -0.119665 0.0846197 -0.215093 -0.024674 -0.00674544 -0.143616
internal_weight=7984 3322 4662 1798 1586 1524 1134
internal_count=7984 3322 4662 1798 1586 1524 1134
is_linear=0
shrinkage=0.02


Tree=62
num_leaves=8
num_cat=0
split_feature=31 40 40 33 41 64 33
split_gain=186200 81979.2 75865.9 33151 29845.7 29835.4 25401.5
threshold=1.0000000180025095e-35 51.035000000000004 29.540000000000003 3.5000000000000004 55.955000000000005 1.5000000000000002 3.5000000000000004
decision_type=2 2 2 2 2 2 2
left_child=1 3 -2 -1 6 -3 -4
right_child=2 5 4 -5 -6 -7 -8
leaf_value=-0.24469802704981619 -0.097096763190400892 -0.25040446974214958 0.013696648309819776 0.010892119580879807 0.17750236902105684 0.020884726364414071 0.15507539368267553
leaf_weight=1466 783 178 1343 235 1816 1419 814
leaf_count=1466 783 178 1343 235 1816 1419 814
internal_value=0.00232889 -0.113055 0.0823754 -0.209459 0.117823 -0.0100401 0.0672848
internal_weight=8054 3298 4756 1701 3973 1597 2157
internal_count=8054 3298 4756 1701 3973 1597 2157
is_linear=0
shrinkage=0.02


Tree=63
num_leaves=8
num_cat=0
split_feature=31 33 33 47 47 47 43
split_gain=180714 61203.4 43893.9 26989.5 24984 16457.5 13088.8
threshold=1.0000000180025095e-35 1.5000000000000002 3.5000000000000004 4.5000000000000009 4.5000000000000009 8.5000000000000018 1.0000000180025095e-35
decision_type=2 2 2 2 2 2 2
left_child=1 5 4 -3 6 -1 -2
right_child=2 3 -4 -5 -6 -7 -8
leaf_value=-0.26246452873306614 -0.18011269170999528 -0.1586587140143772 0.15751493588690593 0.0013203470230275336 0.070126583027610156 -0.098085131608548828 -0.0091533601517222105
leaf_weight=961 245 588 1775 1461 1998 337 634
leaf_count=961 245 588 1775 1461 1998 337 634
internal_value=-0.00115841 -0.113137 0.0794423 -0.0448632 0.0310848 -0.220327 -0.0575534
internal_weight=7999 3347 4652 2049 2877 1298 879
internal_count=7999 3347 4652 2049 2877 1298 879
is_linear=0
shrinkage=0.02


Tree=64
num_leaves=8
num_cat=0
split_feature=31 42 42 64 42 42 34
split_gain=174186 85371.9 65423.6 41071.3 34503.8 29699.2 27492.9
threshold=1.0000000180025095e-35 64.565000000000012 25.625000000000004 1.5000000000000002 21.245000000000001 60.115000000000009 1.5000000000000002
decision_type=2 2 2 2 2 2 2
left_child=1 3 -2 -1 -5 -4 -6
right_child=2 -3 5 4 6 -7 -8
leaf_value=-0.35315088250007159 -0.11208076387726337 0.061056972407856409 0.065346155911287424 -0.36267472412626622 -0.17127523276846454 0.17865263312339419 -0.015230254393777965
leaf_weight=411 627 845 2531 231 1060 1463 786
leaf_count=411 627 845 2531 231 1060 1463 786
internal_value=-0.00225078 -0.11236 0.0772038 -0.171262 -0.134508 0.107022 -0.105054
internal_weight=7954 3333 4621 2488 2077 3994 1846
internal_count=7954 3333 4621 2488 2077 3994 1846
is_linear=0
shrinkage=0.02


Tree=65
num_leaves=8
num_cat=0
split_feature=31 41 40 44 44 40 40
split_gain=166551 82171.6 67195.6 29312.5 27870.2 23632.3 17322.2
threshold=1.0000000180025095e-35 52.945000000000007 29.195000000000004 1.0000000180025095e-35 1.0000000180025095e-35 68.375000000000014 32.775000000000013
decision_type=2 2 2 2 2 2 2
left_child=1 3 -2 -1 -4 -3 -5
right_child=2 5 4 6 -6 -7 -8
leaf_value=-0.34991821559724734 -0.0977089549518321 -0.055931830994244723 -0.00065694503374881562 -0.26347700065374374 0.13395218464738573 0.11353309302638401 -0.11047998051246107
leaf_weight=407 758 1002 765 425 3137 484 1001
leaf_count=407 758 1002 765 425 3137 484 1001
internal_value=-0.00295465 -0.111134 0.0741308 -0.200546 0.107595 -0.000540356 -0.15684
internal_weight=7979 3319 4660 1833 3902 1486 1426
internal_count=7979 3319 4660 1833 3902 1486 1426
is_linear=0
shrinkage=0.02


Tree=66
num_leaves=8
num_cat=0
split_feature=64 41 65 64 42 42 41
split_gain=172105 101047 48706.9 31482.3 27589.5 26440.7 18819.2
threshold=3.5000000000000004 42.375000000000007 0.22500000000000003 1.5000000000000002 26.455000000000002 71.985000000000014 33.255000000000003
decision_type=2 2 2 2 2 2 2
left_child=1 4 -3 -4 -1 -5 -2
right_child=6 2 3 5 -6 -7 -8
leaf_value=-0.28671548217362502 0.009939521457880799 -0.19730350175708466 -0.1884704373498273 0.015669426986725955 -0.12649415972020672 0.17192991675740921 0.1495594775280234
leaf_weight=686 464 438 241 2087 1181 542 2319
leaf_count=686 464 438 241 2087 1181 542 2319
internal_value=-0.000357614 -0.0685493 -0.00209571 0.0279869 -0.185974 0.0481496 0.126341
internal_weight=7958 5175 3308 2870 1867 2629 2783
internal_count=7958 5175 3308 2870 1867 2629 2783
is_linear=0
shrinkage=0.02


Tree=67
num_leaves=8
num_cat=0
split_feature=64 41 64 33 33 40 33
split_gain=166678 62481.6 49930.5 39193.1 34321.2 31689.9 21518
threshold=2.5000000000000004 49.000000000000007 1.5000000000000002 3.5000000000000004 3.5000000000000004 37.090000000000011 1.5000000000000002
decision_type=2 2 2 2 2 2 2
left_child=2 3 -1 -2 5 -4 -3
right_child=1 6 4 -5 -6 -7 -8
leaf_value=-0.3107764554558391 -0.071370385714296075 -0.0063650763408955313 -0.25860576214930736 0.093984747503014485 0.1385074212990994 -0.063324684877941254 0.14201265242573291
leaf_weight=535 1655 459 479 871 224 1077 2616
leaf_count=535 1655 459 479 871 224 1077 2616
internal_value=0.000420904 0.0594216 -0.142148 -0.0142806 -0.0907363 -0.124076 0.11989
internal_weight=7916 5601 2315 2526 1780 1556 3075
internal_count=7916 5601 2315 2526 1780 1556 3075
is_linear=0
shrinkage=0.02


Tree=68
num_leaves=8
num_cat=0
split_feature=31 41 40 40 40 40 65
split_gain=156508 77212.3 61155.9 28612.4 26449.4 24628.3 20044.9
threshold=1.0000000180025095e-35 52.945000000000007 29.540000000000003 31.265000000000004 71.715000000000018 61.630000000000003 0.22500000000000003
decision_type=2 2 2 2 2 2 2
left_child=1 3 -2 -1 -3 -4 -5
right_child=2 4 5 6 -6 -7 -8
leaf_value=-0.32024499867824802 -0.088470138107963128 -0.049482404069435743 0.070315292057021458 -0.30954189097792922 0.14072827204570021 0.17647034696486194 -0.10425440259096705
leaf_weight=512 769 1121 2612 231 390 1319 1044
leaf_count=512 769 1121 2612 231 390 1319 1044
internal_value=0.000134329 -0.105392 0.0742159 -0.194186 -8.5435e-05 0.106113 -0.142512
internal_weight=7998 3298 4700 1787 1511 3931 1275
internal_count=7998 3298 4700 1787 1511 3931 1275
is_linear=0
shrinkage=0.02


Tree=69
num_leaves=8
num_cat=0
split_feature=66 42 41 66 42 66 31
split_gain=153032 94359.9 46933 40580.6 39408.6 32491.6 20239.5
threshold=0.18750000000000003 33.20000000000001 58.930000000000007 0.43750000000000006 66.935000000000016 0.43750000000000006 1.0000000180025095e-35
decision_type=2 2 2 2 2 2 2
left_child=2 5 -1 4 6 -2 -3
right_child=1 3 -4 -5 -6 -7 -8
leaf_value=-0.25078976970641426 -0.17027596117268196 -0.076443467326692535 -0.026163169369166767 0.16173984026843155 0.15264689488884764 0.032160239860477419 0.044646496395673342
leaf_weight=1088 937 905 566 1704 902 476 1399
leaf_count=1088 937 905 566 1704 902 476 1399
internal_value=-0.00325721 0.0415697 -0.174233 0.083008 0.040975 -0.102208 -0.00297959
internal_weight=7977 6323 1654 4910 3206 1413 2304
internal_count=7977 6323 1654 4910 3206 1413 2304
is_linear=0
shrinkage=0.02


Tree=70
num_leaves=8
num_cat=0
split_feature=64 42 33 33 42 64 33
split_gain=154223 85745.9 48901.9 36404.1 31851.4 27180.5 17477.2
threshold=3.5000000000000004 49.640000000000008 3.5000000000000004 1.5000000000000002 20.675000000000004 1.5000000000000002 1.5000000000000002
decision_type=2 2 2 2 2 2 2
left_child=1 2 4 -3 -1 -6 -7
right_child=-2 3 -4 -5 5 6 -8
leaf_value=-0.34062799076596612 0.11965232085141811 -0.094245984456829662 0.031133497747514293 0.072425304786199629 -0.33501619962479157 -0.21369057646476033 -0.066510053630671084
leaf_weight=412 2848 748 530 1721 254 466 1050
leaf_count=412 2848 748 530 1721 254 466 1050
internal_value=0.00154791 -0.063427 -0.140954 0.0218427 -0.182729 -0.145119 -0.112305
internal_weight=8029 5181 2712 2469 2182 1770 1516
internal_count=8029 5181 2712 2469 2182 1770 1516
is_linear=0
shrinkage=0.02


Tree=71
num_leaves=8
num_cat=0
split_feature=33 41 41 33 41 33 33
split_gain=137651 87350.6 44970.9 38352.1 31813.7 28807.5 14884.2
threshold=1.5000000000000002 34.030000000000008 63.395000000000003 3.5000000000000004 59.930000000000007 3.5000000000000004 1.0000000180025095e-35
decision_type=2 2 2 2 2 2 2
left_child=2 5 6 4 -3 -2 -1
right_child=1 3 -4 -5 -6 -7 -8
leaf_value=-0.34431565079333321 -0.16734590496447435 -0.0097123925459829414 0.013184063201475199 0.15619255800559403 0.11783047838043205 0.030473303253770814 -0.18102924206851312
leaf_weight=305 881 1993 437 1754 1282 439 926
leaf_count=305 881 1993 437 1754 1282 439 926
internal_value=0.000348807 0.0428465 -0.161057 0.0808473 0.0403178 -0.101689 -0.222715
internal_weight=8017 6349 1668 5029 3275 1320 1231
internal_count=8017 6349 1668 5029 3275 1320 1231
is_linear=0
shrinkage=0.02


Tree=72
num_leaves=8
num_cat=0
split_feature=64 41 66 42 42 66 66
split_gain=137948 93338.1 60709.2 27348 26606.6 22954.1 19298.1
threshold=3.5000000000000004 35.760000000000012 0.18750000000000003 77.75500000000001 72.320000000000007 0.43750000000000006 0.43750000000000006
decision_type=2 2 2 2 2 2 2
left_child=1 5 3 -3 6 -1 -4
right_child=-2 2 4 -5 -6 -7 -8
leaf_value=-0.25435134790358854 0.11192182985310564 -0.17615459123493438 -0.026693378967389748 0.1030457594638521 0.17101539251944808 -0.037534503942377957 0.10478985443358553
leaf_weight=1014 2755 990 1724 160 474 244 597
leaf_count=1014 2755 990 1724 160 474 244 597
internal_value=-0.00239233 -0.0629713 -0.0150441 -0.137031 0.0353025 -0.212613 0.00727887
internal_weight=7958 5203 3945 1150 2795 1258 2321
internal_count=7958 5203 3945 1150 2795 1258 2321
is_linear=0
shrinkage=0.02


Tree=73
num_leaves=8
num_cat=0
split_feature=31 40 41 66 41 40 66
split_gain=134831 64708.5 56633.7 30979.2 22702.9 21795.2 17668.1
threshold=1.0000000180025095e-35 51.035000000000004 33.255000000000003 0.31250000000000006 67.365000000000023 53.865000000000002 0.56250000000000011
decision_type=2 2 2 2 2 2 2
left_child=1 3 6 -1 -3 -4 -2
right_child=2 4 5 -5 -6 -7 -8
leaf_value=-0.24190055484093051 -0.10855035170285478 -0.053426619405867293 0.056864255542080376 -0.063886157643849542 0.11018213814927132 0.15298415357798534 0.12826601130571771
leaf_weight=1132 773 1124 1926 603 480 1863 146
leaf_count=1132 773 1124 1926 603 480 1863 146
internal_value=0.00120855 -0.0959223 0.0701242 -0.180393 -0.00427614 0.104264 -0.0704372
internal_weight=8047 3339 4708 1735 1604 3789 919
internal_count=8047 3339 4708 1735 1604 3789 919
is_linear=0
shrinkage=0.02


Tree=74
num_leaves=8
num_cat=0
split_feature=64 40 34 40 64 64 34
split_gain=135219 85387.6 49289.5 45258.3 27012.1 19741.5 15869.1
threshold=3.5000000000000004 55.540000000000006 1.0000000180025095e-35 22.675000000000004 1.5000000000000002 1.5000000000000002 2.5000000000000004
decision_type=2 2 2 2 2 2 2
left_child=1 2 -1 -4 -5 -3 -6
right_child=-2 5 3 4 6 -7 -8
leaf_value=-0.33166564340056631 0.11079192364626068 -0.16402427229870317 -0.27116692207376092 -0.26021979488214192 -0.064928251292541081 0.066517041964494678 0.06482686427931604
leaf_weight=394 2812 158 476 234 1684 1700 481
leaf_count=394 2812 158 476 234 1684 1700 481
internal_value=-0.000546315 -0.0616603 -0.123127 -0.0940215 -0.0583821 0.0465247 -0.0360175
internal_weight=7939 5127 3269 2875 2399 1858 2165
internal_count=7939 5127 3269 2875 2399 1858 2165
is_linear=0
shrinkage=0.02


Tree=75
num_leaves=8
num_cat=0
split_feature=33 41 41 33 44 44 33
split_gain=126829 77241.4 46035.1 33758.2 27517.7 26865.8 15518.6
threshold=2.5000000000000004 43.845000000000006 47.965000000000011 1.0000000180025095e-35 1.0000000180025095e-35 1.0000000180025095e-35 4.5000000000000009
decision_type=2 2 2 2 2 2 2
left_child=1 -1 4 -3 -2 -5 -6
right_child=2 3 -4 5 6 -7 -8
leaf_value=-0.20991938068658286 -0.14019068729932535 -0.23393077272664883 0.1319635385323292 -0.1391211596505689 0.0099831101401149057 0.041828871456981227 0.17258948698225951
leaf_weight=1325 428 256 2325 401 1274 1708 283
leaf_count=1325 428 256 2325 401 1274 1708 283
internal_value=-0.00197781 -0.0879781 0.0716678 -0.0193613 0.000890253 0.00717581 0.0399963
internal_weight=8000 3690 4310 2365 1985 2109 1557
internal_count=8000 3690 4310 2365 1985 2109 1557
is_linear=0
shrinkage=0.02


Tree=76
num_leaves=8
num_cat=0
split_feature=42 34 34 42 34 44 34
split_gain=100763 69288.9 37433.3 36692.8 23882.7 20240.1 18928.7
threshold=33.20000000000001 1.5000000000000002 1.5000000000000002 68.115000000000023 1.0000000180025095e-35 1.0000000180025095e-35 2.5000000000000004
decision_type=2 2 2 2 2 2 2
left_child=2 3 -1 4 -2 -6 -3
right_child=1 6 -4 -5 5 -7 -8
leaf_value=-0.24277893903913172 -0.21287269821749047 0.056118909054501211 -0.054295419544769664 0.084939728142827228 -0.18708884406547829 -0.008906014545369375 0.14993479881816249
leaf_weight=720 421 1931 1016 734 313 1290 1561
leaf_count=720 421 1931 1016 734 313 1290 1561
internal_value=0.00163345 0.0390892 -0.132941 -0.0358092 -0.0797 -0.0441714 0.0982111
internal_weight=7986 6250 1736 2758 2024 1603 3492
internal_count=7986 6250 1736 2758 2024 1603 3492
is_linear=0
shrinkage=0.02


Tree=77
num_leaves=8
num_cat=0
split_feature=64 42 64 33 42 40 33
split_gain=125669 45590.8 45267.3 37662.9 33305.8 25037.8 17924.6
threshold=2.5000000000000004 54.230000000000011 1.5000000000000002 4.5000000000000009 34.475000000000001 20.705000000000002 1.5000000000000002
decision_type=2 2 2 2 2 2 2
left_child=2 3 -1 5 -4 -2 -7
right_child=1 -3 4 -5 -6 6 -8
leaf_value=-0.2801591464793608 -0.19791720846655711 0.11450427906880702 -0.21399779925825166 0.17499227586563898 -0.019532049476332542 -0.13802791414367302 0.016837669890373944
leaf_weight=557 301 2511 483 420 1271 345 2045
leaf_count=557 301 2511 483 420 1271 345 2045
internal_value=0.000164526 0.0512012 -0.123836 5.29678e-06 -0.0735383 -0.0275798 -0.00575889
internal_weight=7933 5622 2311 3111 1754 2691 2390
internal_count=7933 5622 2311 3111 1754 2691 2390
is_linear=0
shrinkage=0.02


Tree=78
num_leaves=8
num_cat=0
split_feature=64 64 64 34 45 45 34
split_gain=121949 42934.5 39565.7 23729.5 21035.6 11900.5 9906.25
threshold=2.5000000000000004 3.5000000000000004 1.5000000000000002 2.5000000000000004 1.0000000180025095e-35 1.0000000180025095e-35 2.5000000000000004
decision_type=2 2 2 2 2 2 2
left_child=2 4 -1 5 -2 -4 -3
right_child=1 6 3 -5 -6 -7 -8
leaf_value=-0.26926366399777563 0.054793820562775999 0.076761246290646318 -0.064637674428129316 0.10492341894229411 -0.05394366399534551 -0.18236974511245507 0.15498560707630998
leaf_weight=546 1310 1757 1037 248 1546 516 1042
leaf_count=546 1310 1757 1037 248 1546 516 1042
internal_value=0.000215405 0.0505142 -0.120827 -0.0752057 -0.00405898 -0.104215 0.106107
internal_weight=8002 5655 2347 1801 2856 1553 2799
internal_count=8002 5655 2347 1801 2856 1553 2799
is_linear=0
shrinkage=0.02


Tree=79
num_leaves=8
num_cat=0
split_feature=31 42 42 44 66 42 42
split_gain=118736 63954.6 46265.9 34691.6 24358.9 22847.1 21669.9
threshold=1.0000000180025095e-35 63.755000000000003 23.125000000000004 1.0000000180025095e-35 0.43750000000000006 60.115000000000009 19.780000000000005
decision_type=2 2 2 2 2 2 2
left_child=1 3 -2 -1 6 -4 -5
right_child=2 -3 5 4 -6 -7 -8
leaf_value=-0.2874978237130334 -0.11122351484446875 0.052724570829917987 0.052083561779695503 -0.35196419137478607 0.077962778945657188 0.14982065413455237 -0.10778934358064569
leaf_weight=529 526 895 2686 158 251 1489 1477
leaf_count=529 526 895 2686 158 251 1489 1477
internal_value=0.000212327 -0.0914713 0.0647958 -0.144909 -0.10426 0.0870787 -0.132387
internal_weight=8011 3310 4701 2415 1886 4175 1635
internal_count=8011 3310 4701 2415 1886 4175 1635
is_linear=0
shrinkage=0.02


Tree=80
num_leaves=8
num_cat=0
split_feature=31 44 44 65 52 52 65
split_gain=116552 41973.7 34982.7 33065.4 17345.5 11597.4 10968.6
threshold=1.0000000180025095e-35 1.0000000180025095e-35 1.0000000180025095e-35 1.0000000180025095e-35 52.425000000000004 45.045000000000009 0.76388888888888895
decision_type=2 2 2 2 2 2 2
left_child=1 -1 6 -3 -5 -4 -2
right_child=2 3 5 4 -6 -7 -8
leaf_value=-0.23634519559671965 -0.068925147055284589 -0.20260722747612633 0.048259230286341194 -0.073145687884289115 0.041419316566157161 0.1200210173436686 0.1425297370365074
leaf_weight=651 858 502 1564 1199 938 2154 106
leaf_count=651 858 502 1564 1199 938 2154 106
internal_value=-0.00195447 -0.0931027 0.0621256 -0.0573869 -0.02288 0.0899393 -0.0450584
internal_weight=7972 3290 4682 2639 2137 3718 964
internal_count=7972 3290 4682 2639 2137 3718 964
is_linear=0
shrinkage=0.02


Tree=81
num_leaves=8
num_cat=0
split_feature=64 64 33 33 44 46 33
split_gain=114616 73395 42093.8 24583.2 16323.4 13647.6 10895.6
threshold=3.5000000000000004 1.5000000000000002 3.5000000000000004 1.0000000180025095e-35 1.0000000180025095e-35 4.5000000000000009 4.5000000000000009
decision_type=2 2 2 2 2 2 2
left_child=1 -1 3 -3 -5 -6 -2
right_child=6 2 -4 4 5 -7 -8
leaf_value=-0.2743458143539646 0.081501581836039921 -0.23211518421453647 0.090322295316796017 -0.12654155175694881 -0.075273249758108979 0.016167276342626179 0.18010253543502525
leaf_weight=549 2262 302 917 762 1112 1568 562
leaf_count=549 2262 302 917 762 1112 1568 562
internal_value=-0.00109392 -0.0566973 -0.0307948 -0.0605404 -0.0451716 -0.0218432 0.101408
internal_weight=8034 5210 4661 3744 3442 2680 2824
internal_count=8034 5210 4661 3744 3442 2680 2824
is_linear=0
shrinkage=0.02


Tree=82
num_leaves=8
num_cat=0
split_feature=31 41 41 33 33 44 44
split_gain=110703 57463.6 46735.9 28333.1 22530 20041.4 15897
threshold=1.0000000180025095e-35 41.255000000000003 41.965000000000011 1.0000000180025095e-35 4.5000000000000009 1.0000000180025095e-35 1.0000000180025095e-35
decision_type=2 2 2 2 2 2 2
left_child=1 -1 4 -3 6 -5 -2
right_child=2 3 -4 5 -6 -7 -8
leaf_value=-0.21385289971291729 -0.17996978481095738 -0.21755939129269572 0.10661609961089338 -0.1348519912061428 0.14425022617439201 0.024223614963417756 -0.020065356761423084
leaf_weight=1025 323 288 3086 389 256 1612 1035
leaf_count=1025 323 288 3086 389 256 1612 1035
internal_value=-0.00133107 -0.0897787 0.061063 -0.033874 -0.0260956 -0.00696017 -0.0586193
internal_weight=8014 3314 4700 2289 1614 2001 1358
internal_count=8014 3314 4700 2289 1614 2001 1358
is_linear=0
shrinkage=0.02


Tree=83
num_leaves=8
num_cat=0
split_feature=33 42 42 42 33 44 33
split_gain=102948 71782.3 36319.7 34126.5 32086.3 25834.4 17198.1
threshold=1.5000000000000002 25.265000000000004 64.565000000000012 68.805000000000021 3.5000000000000004 1.0000000180025095e-35 4.5000000000000009
decision_type=2 2 2 2 2 2 2
left_child=3 6 4 -1 5 -3 -2
right_child=1 2 -4 -5 -6 -7 -8
leaf_value=-0.18558726284977811 -0.16737977281731042 -0.13334811078551373 0.14299892850085694 0.039508439465398677 0.10801683641720553 0.021765289961686359 0.11015914706929217
leaf_weight=1308 739 542 1629 337 1383 1995 98
leaf_count=1308 739 542 1629 337 1383 1995 98
internal_value=0.00134749 0.0377081 0.0637697 -0.139493 0.0307048 -0.01157 -0.134423
internal_weight=8031 6386 5549 1645 3920 2537 837
internal_count=8031 6386 5549 1645 3920 2537 837
is_linear=0
shrinkage=0.02


Tree=84
num_leaves=8
num_cat=0
split_feature=31 42 42 33 42 42 42
split_gain=98186.2 56526.7 42575.1 23045.7 19955 18891.3 17278.7
threshold=1.0000000180025095e-35 57.375000000000007 27.665000000000003 3.5000000000000004 20.205000000000002 66.935000000000016 80.415000000000006
decision_type=2 2 2 2 2 2 2
left_child=1 3 -2 4 -1 -4 -3
right_child=2 6 5 -5 -6 -7 -8
leaf_value=-0.3487226460560372 -0.079523243022300363 -0.015164195890156542 0.060855825204887026 0.022290465307592506 -0.14636155617620764 0.16070133169360643 0.16339961852138557
leaf_weight=223 726 934 2961 279 1533 1020 277
leaf_count=223 726 934 2961 279 1533 1020 277
internal_value=0.00259398 -0.0819572 0.0609265 -0.146217 -0.172977 0.0866074 0.0261838
internal_weight=7953 3246 4707 2035 1756 3981 1211
internal_count=7953 3246 4707 2035 1756 3981 1211
is_linear=0
shrinkage=0.02


Tree=85
num_leaves=8
num_cat=0
split_feature=33 40 40 42 33 41 44
split_gain=90905.4 61217.7 43917.2 31581.7 21910 19821.4 18231.3
threshold=2.5000000000000004 65.990000000000023 22.675000000000004 30.335000000000004 1.0000000180025095e-35 53.520000000000003 1.0000000180025095e-35
decision_type=2 2 2 2 2 2 2
left_child=1 3 -2 -1 -5 -4 -6
right_child=2 -3 5 4 6 -7 -8
leaf_value=-0.24031334074949123 -0.12735494472955947 0.079696598185154677 0.041074816923599926 -0.25425681263614258 -0.17537559746365464 0.13172856689671927 -0.027367029387265152
leaf_weight=626 432 827 2035 252 415 1841 1618
leaf_count=626 432 827 2035 252 415 1841 1618
internal_value=0.00031808 -0.0718003 0.062905 -0.114903 -0.0800954 0.0842472 -0.0579364
internal_weight=8046 3738 4308 2911 2285 3876 2033
internal_count=8046 3738 4308 2911 2285 3876 2033
is_linear=0
shrinkage=0.02


Tree=86
num_leaves=8
num_cat=0
split_feature=66 66 66 52 52 16 16
split_gain=99669.8 32281.3 28927 21387.9 18933.4 7825.94 7076.25
threshold=0.31250000000000006 1.0000000180025095e-35 0.56250000000000011 44.005000000000003 39.615000000000002 0.50895000000000012 0.39065000000000005
decision_type=2 2 2 2 2 2 2
left_child=1 -1 3 -2 6 -6 -3
right_child=2 4 -4 -5 5 -7 -8
leaf_value=-0.24859003669128346 -0.022250283637018715 -0.20381292902643863 0.16929424019196976 0.078294506570550898 -0.059859889158448254 0.015163342772458278 -0.091888285659246713
leaf_weight=393 1420 320 820 2083 1153 1067 807
leaf_count=393 1420 320 820 2083 1153 1067 807
internal_value=-0.00265418 -0.0781987 0.0627172 0.0375634 -0.0578506 -0.0238484 -0.124428
internal_weight=8063 3740 4323 3503 3347 2220 1127
internal_count=8063 3740 4323 3503 3347 2220 1127
is_linear=0
shrinkage=0.02


Tree=87
num_leaves=8
num_cat=0
split_feature=40 41 44 44 10 10 42
split_gain=85806.5 42210 25475.6 22714.7 14118.1 13390.6 10572.2
threshold=35.605000000000011 62.095000000000006 1.0000000180025095e-35 1.0000000180025095e-35 35060.000000000007 18502.500000000004 79.155000000000015
decision_type=2 2 2 2 2 2 2
left_child=3 2 -2 -1 -5 -4 -3
right_child=1 6 5 4 -6 -7 -8
leaf_value=-0.23763712714383356 -0.10484188930344973 0.078766085177426698 -0.047326207101823642 -0.13529888003107432 -0.010549792219422482 0.04618936520715871 0.17870116740465164
leaf_weight=473 789 1528 824 789 670 2344 591
leaf_count=473 789 1528 824 789 670 2344 591
internal_value=-0.00185495 0.0350724 -0.00352829 -0.11778 -0.0782435 0.0218296 0.106994
internal_weight=8008 6076 3957 1932 1459 3168 2119
internal_count=8008 6076 3957 1932 1459 3168 2119
is_linear=0
shrinkage=0.02


Tree=88
num_leaves=8
num_cat=0
split_feature=66 42 42 40 66 66 40
split_gain=95268.5 63556.4 36121.6 29822.5 17731.3 15695 15861
threshold=0.31250000000000006 39.675000000000004 23.475000000000005 71.715000000000018 1.0000000180025095e-35 0.56250000000000011 56.695000000000007
decision_type=2 2 2 2 2 2 2
left_child=1 -1 -2 4 -3 6 -4
right_child=2 3 5 -5 -6 -7 -8
leaf_value=-0.19891600564404677 -0.091975408491079449 -0.21836536016630922 0.027301716624851244 0.11058717143338194 -0.033800251543530155 0.16848370549412303 0.12100260598415748
leaf_weight=1144 522 231 1815 546 1796 723 1200
leaf_count=1144 522 231 1815 546 1796 723 1200
internal_value=-0.0012963 -0.0752363 0.0632315 -0.019967 -0.0553191 0.0849996 0.0647342
internal_weight=7977 3717 4260 2573 2027 3738 3015
internal_count=7977 3717 4260 2573 2027 3738 3015
is_linear=0
shrinkage=0.02


Tree=89
num_leaves=8
num_cat=0
split_feature=33 33 43 52 33 47 33
split_gain=89283.5 37699.9 31535.6 16875.9 16828.6 11385.3 11114.4
threshold=1.5000000000000002 3.5000000000000004 1.0000000180025095e-35 47.675000000000004 1.0000000180025095e-35 5.5000000000000009 4.5000000000000009
decision_type=2 2 2 2 2 2 2
left_child=4 2 5 -4 -1 -2 -3
right_child=1 6 3 -5 -6 -7 -8
leaf_value=-0.24724633758597059 -0.1658997491783952 0.064091277963076745 -0.020463946988206968 0.072622022660699864 -0.096181975978131884 -0.033704709018731592 0.15685637902890259
leaf_weight=386 501 1379 1460 1661 1262 544 834
leaf_count=386 501 1379 1460 1661 1262 544 834
internal_value=-0.00120413 0.0327168 -0.00274288 0.0291134 -0.132206 -0.0975706 0.0993259
internal_weight=8027 6379 4166 3121 1648 1045 2213
internal_count=8027 6379 4166 3121 1648 1045 2213
is_linear=0
shrinkage=0.02


Tree=90
num_leaves=8
num_cat=0
split_feature=64 40 40 33 64 33 42
split_gain=86821.3 71989.8 27206.5 25771.4 22456.4 15439.6 14280
threshold=3.5000000000000004 45.705000000000005 22.675000000000004 1.5000000000000002 1.5000000000000002 3.5000000000000004 77.75500000000001
decision_type=2 2 2 2 2 2 2
left_child=1 2 -1 6 -4 -6 -3
right_child=-2 3 4 -5 5 -7 -8
leaf_value=-0.25408994807181035 0.089353748658882653 -0.11029620241618657 -0.2814247551924503 0.057809138002549533 -0.098443541563258602 0.053938827994020104 0.099198995858896521
leaf_weight=545 2833 710 216 2015 1223 336 155
leaf_count=545 2833 710 216 2015 1223 336 155
internal_value=0.000364591 -0.0481566 -0.130942 0.0186428 -0.0925227 -0.0655342 -0.0724022
internal_weight=8033 5200 2320 2880 1775 1559 865
internal_count=8033 5200 2320 2880 1775 1559 865
is_linear=0
shrinkage=0.02


Tree=91
num_leaves=8
num_cat=0
split_feature=64 41 66 40 66 34 41
split_gain=91061 68920.3 30855.4 25997.9 22946.3 13767.4 12625.8
threshold=3.5000000000000004 52.095000000000006 0.43750000000000006 31.265000000000004 0.18750000000000003 1.0000000180025095e-35 28.075000000000006
decision_type=2 2 2 2 2 2 2
left_child=1 2 3 -1 -3 -5 -2
right_child=6 4 -4 5 -6 -7 -8
leaf_value=-0.25069768855624863 -0.03019986478265152 -0.067822833159296922 0.017363841629024615 -0.23760604225232004 0.069001775789909833 -0.078119357157866429 0.10421381873890841
leaf_weight=702 312 690 548 256 1662 1342 2528
leaf_count=702 312 690 548 256 1662 1342 2528
internal_value=-0.0015654 -0.0512957 -0.117379 -0.149451 0.0288032 -0.104331 0.0894201
internal_weight=8040 5200 2848 2300 2352 1598 2840
internal_count=8040 5200 2848 2300 2352 1598 2840
is_linear=0
shrinkage=0.02


Tree=92
num_leaves=8
num_cat=0
split_feature=31 41 40 42 40 44 44
split_gain=84550.7 48890.3 37681.1 24227 21477.8 17577.1 15109.5
threshold=1.0000000180025095e-35 43.845000000000006 22.675000000000004 71.985000000000014 59.065000000000005 1.0000000180025095e-35 1.0000000180025095e-35
decision_type=2 2 2 2 2 2 2
left_child=1 6 -2 -3 5 -4 -1
right_child=2 3 4 -5 -6 -7 -8
leaf_value=-0.31000587537458968 -0.11746732196276602 -0.058495218746724406 -0.056196865731346704 0.097492242744280505 0.13292834277695034 0.066181386881231971 -0.13953005053881143
leaf_weight=275 455 1608 597 524 1534 2138 895
leaf_count=275 455 1608 597 524 1534 2138 895
internal_value=0.000420853 -0.077157 0.0546707 -0.0200184 0.0731336 0.0394147 -0.180748
internal_weight=8026 3302 4724 2132 4269 2735 1170
internal_count=8026 3302 4724 2132 4269 2735 1170
is_linear=0
shrinkage=0.02


Tree=93
num_leaves=8
num_cat=0
split_feature=64 41 66 66 42 66 42
split_gain=82296.7 65357.2 39843.3 26649.3 19737.2 18175.7 16318.6
threshold=1.5000000000000002 34.985000000000007 0.18750000000000003 0.43750000000000006 69.845000000000013 0.56250000000000011 79.600000000000009
decision_type=2 2 2 2 2 2 2
left_child=-1 3 6 -2 5 -4 -3
right_child=1 2 4 -5 -6 -7 -8
leaf_value=-0.23625028305577542 -0.14891259047360172 -0.090186388687246252 0.03168062744268179 0.031224839010225831 0.14521247180042571 0.16155208376680544 0.13111836853166742
leaf_weight=548 1131 965 3120 460 1137 496 150
leaf_count=548 1131 965 3120 460 1137 496 150
internal_value=-0.000833351 0.016609 0.0474399 -0.0968955 0.0726718 0.0496933 -0.059962
internal_weight=8007 7459 5868 1591 4753 3616 1115
internal_count=8007 7459 5868 1591 4753 3616 1115
is_linear=0
shrinkage=0.02


Tree=94
num_leaves=8
num_cat=0
split_feature=41 66 66 42 42 42 66
split_gain=78566.6 46567.9 39078.4 22877.2 17903.9 17651.6 16951.8
threshold=41.495000000000012 0.18750000000000003 0.43750000000000006 19.780000000000005 77.75500000000001 72.320000000000007 0.43750000000000006
decision_type=2 2 2 2 2 2 2
left_child=2 4 3 -1 -2 6 -3
right_child=1 5 -4 -5 -6 -7 -8
leaf_value=-0.27231923053243967 -0.10513810230199225 0.016817045508874542 0.035016264455330695 -0.10195932893130703 0.11301361847190218 0.1480796361794457 0.11095928811635104
leaf_weight=399 961 2136 713 1502 174 956 1189
leaf_count=399 961 2136 713 1502 174 956 1189
internal_value=-0.00112841 0.0423282 -0.091076 -0.138337 -0.0713456 0.072514 0.0505978
internal_weight=8030 5416 2614 1901 1135 4281 3325
internal_count=8030 5416 2614 1901 1135 4281 3325
is_linear=0
shrinkage=0.02


Tree=95
num_leaves=8
num_cat=0
split_feature=64 40 66 40 42 66 66
split_gain=75700.8 63087.9 34961.6 16007.6 15652.6 15025.2 11589.3
threshold=3.5000000000000004 35.605000000000011 0.18750000000000003 65.520000000000024 79.600000000000009 0.43750000000000006 0.43750000000000006
decision_type=2 2 2 2 2 2 2
left_child=1 5 4 6 -3 -1 -4
right_child=-2 2 3 -5 -6 -7 -8
leaf_value=-0.19411723789930604 0.083267886145136069 -0.12533649939821676 -0.022371882607399578 0.11613416199188441 0.097992877847161777 -0.026174368089497971 0.087050536703033449
leaf_weight=1102 2818 985 1486 713 140 266 518
leaf_count=1102 2818 985 1486 713 140 266 518
internal_value=-0.000153701 -0.0453116 -0.00372209 0.0351048 -0.0972338 -0.161676 0.00605821
internal_weight=8028 5210 3842 2717 1125 1368 2004
internal_count=8028 5210 3842 2717 1125 1368 2004
is_linear=0
shrinkage=0.02


Tree=96
num_leaves=8
num_cat=0
split_feature=64 40 66 66 42 40 66
split_gain=80462.9 56520.4 46019.8 21311.1 19682.1 19520.1 11526
threshold=1.5000000000000002 58.175000000000004 0.31250000000000006 0.56250000000000011 12.335000000000003 22.675000000000004 1.0000000180025095e-35
decision_type=2 2 2 2 2 2 2
left_child=-1 2 5 4 -4 -2 -3
right_child=1 6 3 -5 -6 -7 -8
leaf_value=-0.23533911637244401 -0.25625461250284692 -0.097787331447738116 -0.22050480123685334 0.1425603941091157 0.01867527211246281 -0.070291646199867788 0.10227803837341626
leaf_weight=535 254 117 142 540 2152 1835 2468
leaf_count=535 254 117 142 540 2152 1835 2468
internal_value=0.000469385 0.0174179 -0.0223504 0.0301387 0.00342251 -0.0934606 0.0930516
internal_weight=8043 7508 4923 2834 2294 2089 2585
internal_count=8043 7508 4923 2834 2294 2089 2585
is_linear=0
shrinkage=0.02


Tree=97
num_leaves=8
num_cat=0
split_feature=33 44 52 44 33 33 52
split_gain=71168.4 39464.5 20476 17686 17039.8 10920.6 10587.7
threshold=1.5000000000000002 1.0000000180025095e-35 32.055000000000007 1.0000000180025095e-35 4.5000000000000009 4.5000000000000009 48.765000000000008
decision_type=2 2 2 2 2 2 2
left_child=3 4 -3 -1 6 -4 -2
right_child=1 2 5 -5 -6 -7 -8
leaf_value=-0.24719833717425424 -0.15443967460684821 -0.023790399801728201 0.06328617370569066 -0.082897024304798228 0.11945883595943452 0.15933453152811464 -0.031010979484206894
leaf_weight=326 582 1019 3528 1313 165 546 534
leaf_count=326 582 1019 3528 1313 165 546 534
internal_value=0.00110727 0.0313464 0.0563009 -0.116229 -0.0677006 0.0763382 -0.0957815
internal_weight=8013 6374 5093 1639 1281 4074 1116
internal_count=8013 6374 5093 1639 1281 4074 1116
is_linear=0
shrinkage=0.02


Tree=98
num_leaves=8
num_cat=0
split_feature=33 40 40 41 33 44 44
split_gain=72051.8 49257.6 31828.6 23807.7 17533.5 13793.6 12344.7
threshold=2.5000000000000004 62.045000000000009 22.675000000000004 35.225000000000001 1.0000000180025095e-35 1.0000000180025095e-35 1.0000000180025095e-35
decision_type=2 2 2 2 2 2 2
left_child=1 3 -2 -1 -5 -4 -6
right_child=2 -3 5 4 6 -7 -8
leaf_value=-0.20388815314049458 -0.10677776628311543 0.053467006696353805 -0.0028960236035756128 -0.24167512741767699 -0.15160663859061305 0.092580334877081297 -0.022440081930489863
leaf_weight=753 428 1033 750 211 373 3125 1375
leaf_count=753 428 1033 750 211 373 3125 1375
internal_value=0.000227277 -0.0638733 0.0560249 -0.108584 -0.0715257 0.0741211 -0.0503563
internal_weight=8048 3745 4303 2712 1959 3875 1748
internal_count=8048 3745 4303 2712 1959 3875 1748
is_linear=0
shrinkage=0.02


Tree=99
num_leaves=8
num_cat=0
split_feature=40 66 66 40 66 40 66
split_gain=64213.9 40731.2 29526.3 22209.9 17165.6 12824.4 12239
threshold=45.705000000000005 0.43750000000000006 0.18750000000000003 20.705000000000002 0.18750000000000003 72.590000000000018 0.43750000000000006
decision_type=2 2 2 2 2 2 2
left_child=1 3 -2 -1 -5 6 -4
right_child=2 -3 5 4 -6 -7 -8
leaf_value=-0.23535139197779895 -0.046592177672904737 0.045190089353372098 0.024379709745153889 -0.1760273213607319 -0.043922370985600791 0.14576059835879132 0.11222814478835208
leaf_weight=454 1022 937 1841 540 1434 795 966
leaf_count=454 1022 937 1841 540 1434 795 966
internal_value=-0.000232627 -0.0666458 0.0481177 -0.109809 -0.0804139 0.0750172 0.0547576
internal_weight=7989 3365 4624 2428 1974 3602 2807
internal_count=7989 3365 4624 2428 1974 3602 2807
is_linear=0
shrinkage=0.02


Tree=100
num_leaves=8
num_cat=0
split_feature=64 41 42 33 41 33 42
split_gain=73925.1 33999.9 27588.4 19609.9 16627.2 19267.9 12662.6
threshold=2.5000000000000004 33.495000000000012 34.475000000000001 2.5000000000000004 64.375000000000014 1.5000000000000002 81.485000000000014
decision_type=2 2 2 2 2 2 2
left_child=2 -2 -1 6 5 -3 -4
right_child=1 4 3 -5 -6 -7 -8
leaf_value=-0.20169981781141202 -0.06301412588343458 -0.085511691351914734 -0.11418276492368684 0.052838854136309406 0.12024676812322618 0.057739714369383306 0.13663652529093354
leaf_weight=660 1025 429 1051 517 1445 2805 83
leaf_count=660 1025 429 1051 517 1445 2805 83
internal_value=0.00242996 0.0410912 -0.0928763 -0.0488956 0.0639399 0.0386343 -0.0953055
internal_weight=8015 5704 2311 1651 4679 3234 1134
internal_count=8015 5704 2311 1651 4679 3234 1134
is_linear=0
shrinkage=0.02


Tree=101
num_leaves=8
num_cat=0
split_feature=31 42 40 42 33 41 33
split_gain=67617 37491.5 30926.9 21168.7 18694 15547.8 11605.2
threshold=1.0000000180025095e-35 68.115000000000023 22.675000000000004 17.205000000000002 1.5000000000000002 55.555000000000007 4.5000000000000009
decision_type=2 2 2 2 2 2 2
left_child=1 3 -2 -1 -5 6 -4
right_child=2 -3 5 4 -6 -7 -8
leaf_value=-0.29444269612991197 -0.11198155291240525 0.063491499819574956 0.013893476723540186 -0.15716869663691957 -0.042147171755438438 0.10882138007890019 0.13801255629859632
leaf_weight=208 427 679 2069 908 1498 1873 348
leaf_count=208 427 679 2069 908 1498 1873 348
internal_value=0.000922482 -0.0685659 0.0494545 -0.102924 -0.085791 0.0656345 0.0320122
internal_weight=8010 3293 4717 2614 2406 4290 2417
internal_count=8010 3293 4717 2614 2406 4290 2417
is_linear=0
shrinkage=0.02


Tree=102
num_leaves=8
num_cat=0
split_feature=64 40 34 40 64 34 40
split_gain=66889.9 48318.5 31311.7 23189.7 11793 10477.8 10331
threshold=1.5000000000000002 25.625000000000004 1.5000000000000002 68.985000000000014 3.5000000000000004 1.0000000180025095e-35 61.355000000000011
decision_type=2 2 2 2 2 2 2
left_child=-1 4 3 5 -2 -3 -4
right_child=1 2 6 -5 -6 -7 -8
leaf_value=-0.21306241100489653 -0.17625572551455762 -0.13387600316004508 0.049796488092799143 0.093451859552466668 -0.019148225227224643 -0.024169838015399389 0.12080089268239942
leaf_weight=539 571 430 2591 605 288 1763 1204
leaf_count=539 571 430 2591 605 288 1763 1204
internal_value=0.00104022 0.0166586 0.0350648 -0.0156842 -0.123997 -0.0459365 0.0724526
internal_weight=7991 7452 6593 2798 859 2193 3795
internal_count=7991 7452 6593 2798 859 2193 3795
is_linear=0
shrinkage=0.02


Tree=103
num_leaves=8
num_cat=0
split_feature=64 41 41 65 64 64 45
split_gain=64535.5 47802.4 25030.6 21032.8 14296.5 13396.5 9888.19
threshold=1.5000000000000002 33.735000000000007 61.895000000000003 1.0000000180025095e-35 3.5000000000000004 3.5000000000000004 1.0000000180025095e-35
decision_type=2 2 2 2 2 2 2
left_child=-1 4 3 -3 6 -5 -2
right_child=1 2 -4 5 -6 -7 -8
leaf_value=-0.20777380251256616 -0.074948661713754167 -0.13778706244510636 0.096861301438804809 -0.0062845362668172778 0.0032419729540391325 0.073169033337996597 -0.20479494004256754
leaf_weight=548 562 341 2093 2113 475 1413 410
leaf_count=548 562 341 2093 2113 475 1413 410
internal_value=0.000647635 0.0161973 0.0412378 0.0110456 -0.0867284 0.025614 -0.130487
internal_weight=7955 7407 5960 3867 1447 3526 972
internal_count=7955 7407 5960 3867 1447 3526 972
is_linear=0
shrinkage=0.02


Tree=104
num_leaves=8
num_cat=0
split_feature=64 41 66 42 66 66 42
split_gain=66531.8 46718.6 33812.3 24758.4 15010.7 14898 12581.7
threshold=1.5000000000000002 53.705000000000005 0.43750000000000006 19.215000000000003 0.18750000000000003 1.0000000180025095e-35 72.320000000000007
decision_type=2 2 2 2 2 2 2
left_child=-1 2 3 -2 -5 -3 -7
right_child=1 5 -4 4 -6 6 -8
leaf_value=-0.20935083459705164 -0.21718566315125165 -0.11924707503063874 0.059431043521769998 -0.12477912510743863 -0.015459105111132512 0.051722863358612779 0.1370173995031512
leaf_weight=568 376 154 1190 678 1907 2138 1026
leaf_count=568 376 154 1190 678 1907 2138 1026
internal_value=-0.00165641 0.0142677 -0.0304402 -0.066598 -0.0443174 0.0701615 0.0795541
internal_weight=8037 7469 4151 2961 2585 3318 3164
internal_count=8037 7469 4151 2961 2585 3318 3164
is_linear=0
shrinkage=0.02


Tree=105
num_leaves=8
num_cat=0
split_feature=64 41 33 42 44 42 33
split_gain=60326 46184.4 37170.6 23350.8 11398.9 11215.8 11580.5
threshold=1.5000000000000002 53.935000000000009 3.5000000000000004 19.215000000000003 1.0000000180025095e-35 77.75500000000001 2.5000000000000004
decision_type=2 2 2 2 2 2 2
left_child=-1 2 3 -2 -5 6 -3
right_child=1 5 -4 4 -6 -7 -8
leaf_value=-0.19836727244073871 -0.21125671659776679 0.0046275640937888376 0.065025748391766627 -0.13663782079378037 -0.024461708622019431 0.1409283254929575 0.090566195762640411
leaf_weight=552 377 1114 1240 432 2142 753 1432
leaf_count=552 377 1114 1240 432 2142 753 1432
internal_value=0.00244587 0.0173679 -0.0266857 -0.0652673 -0.0435169 0.0732886 0.0530466
internal_weight=8042 7490 4191 2951 2574 3299 2546
internal_count=8042 7490 4191 2951 2574 3299 2546
is_linear=0
shrinkage=0.02


Tree=106
num_leaves=8
num_cat=0
split_feature=31 40 40 40 33 40 33
split_gain=63192.5 33340 28204.7 16052.2 11075.1 11068.1 10086.4
threshold=1.0000000180025095e-35 41.895000000000003 29.540000000000003 72.305000000000021 2.5000000000000004 61.630000000000003 3.5000000000000004
decision_type=2 2 2 2 2 2 2
left_child=1 6 -2 4 -3 -4 -1
right_child=2 3 5 -5 -6 -7 -8
leaf_value=-0.17692066674215418 -0.063270128832376246 -0.083775744175475148 0.043818648384063269 0.083705460056499523 0.024466386736176321 0.11508355626888948 0.0019006558172654786
leaf_weight=1008 787 1187 2633 452 551 1307 144
leaf_count=1008 787 1187 2633 452 551 1307 144
internal_value=-0.00129652 -0.0678044 0.0457467 -0.0218697 -0.0494879 0.067575 -0.154656
internal_weight=8069 3342 4727 2190 1738 3940 1152
internal_count=8069 3342 4727 2190 1738 3940 1152
is_linear=0
shrinkage=0.02


Tree=107
num_leaves=8
num_cat=0
split_feature=31 41 42 34 42 42 42
split_gain=59778.7 36722.8 27978 14812 12221.8 11429.2 11255.7
threshold=1.0000000180025095e-35 58.930000000000007 23.125000000000004 1.0000000180025095e-35 21.795000000000005 70.475000000000009 79.155000000000015
decision_type=2 2 2 2 2 2 2
left_child=1 3 -2 -1 -5 -4 -3
right_child=2 6 5 4 -6 -7 -8
leaf_value=-0.22120342836662651 -0.090309189461219741 -0.0070916081696008161 0.045712079683830176 -0.22202186800792056 -0.067382918505282885 0.12811600847389409 0.1414320313567605
leaf_weight=402 537 825 3331 231 1617 843 266
leaf_count=402 537 825 3331 231 1617 843 266
internal_value=-0.000879944 -0.065535 0.0449937 -0.111628 -0.0872597 0.0624881 0.0296004
internal_weight=8052 3341 4711 2250 1848 4174 1091
internal_count=8052 3341 4711 2250 1848 4174 1091
is_linear=0
shrinkage=0.02


Tree=108
num_leaves=8
num_cat=0
split_feature=31 42 42 42 66 66 66
split_gain=56184.7 34257 24532.6 16594.6 11543.7 9873.63 8718.32
threshold=1.0000000180025095e-35 64.565000000000012 27.305000000000003 33.20000000000001 1.0000000180025095e-35 0.56250000000000011 0.56250000000000011
decision_type=2 2 2 2 2 2 2
left_child=1 3 5 -1 -5 -2 -4
right_child=2 -3 6 4 -6 -7 -8
leaf_value=-0.18024283863987631 -0.093630493770167245 0.047710569313158237 0.053982032471762614 -0.19955615158973788 -0.045132885602027981 0.10156145912077692 0.13634769225410764
leaf_weight=704 595 864 3369 218 1518 121 606
leaf_count=704 595 864 3369 218 1518 121 606
internal_value=0.00281152 -0.0603113 0.0472875 -0.098581 -0.0650422 -0.0601686 0.0666944
internal_weight=7995 3304 4691 2440 1736 716 3975
internal_count=7995 3304 4691 2440 1736 716 3975
is_linear=0
shrinkage=0.02


Tree=109
num_leaves=8
num_cat=0
split_feature=64 64 40 66 40 34 52
split_gain=60460.2 38482.7 33880.4 19943.6 18381 15104.8 7791.63
threshold=1.5000000000000002 3.5000000000000004 25.625000000000004 1.0000000180025095e-35 65.990000000000023 2.5000000000000004 35.125000000000007
decision_type=2 2 2 2 2 2 2
left_child=-1 2 -2 -4 5 6 -5
right_child=1 -3 3 4 -6 -7 -8
leaf_value=-0.20136135824889476 -0.16161607585175705 0.072339360110145232 -0.1631008679162565 -0.096646022202024132 0.09253843732928653 0.074153006304325739 -0.013749904221247959
leaf_weight=555 594 2820 276 616 860 629 1690
leaf_count=555 594 2820 276 616 860 629 1690
internal_value=-0.000908335 0.0140794 -0.0211786 -0.000514195 0.0115093 -0.0123504 -0.0360551
internal_weight=8040 7485 4665 4071 3795 2935 2306
internal_count=8040 7485 4665 4071 3795 2935 2306
is_linear=0
shrinkage=0.02


Tree=110
num_leaves=8
num_cat=0
split_feature=64 40 40 33 33 40 33
split_gain=52014.8 44939.1 18946.4 16156.1 13212.5 12339.1 9642.37
threshold=3.5000000000000004 45.705000000000005 19.550000000000001 1.0000000180025095e-35 1.5000000000000002 72.590000000000018 2.5000000000000004
decision_type=2 2 2 2 2 2 2
left_child=1 2 -1 -3 -4 6 -5
right_child=-2 3 4 5 -6 -7 -8
leaf_value=-0.22754902961710005 0.069880575894166144 -0.13974868006551797 -0.16473678455860938 -0.032583317288338735 -0.04500336831034276 0.10990617481198767 0.053531631318074736
leaf_weight=399 2776 242 496 1143 1420 587 946
leaf_count=399 2776 242 496 1143 1420 587 946
internal_value=-2.5629e-05 -0.0371408 -0.102842 0.01507 -0.0763472 0.0293053 0.00644839
internal_weight=8009 5233 2315 2918 1916 2676 2089
internal_count=8009 5233 2315 2918 1916 2676 2089
is_linear=0
shrinkage=0.02


Tree=111
num_leaves=8
num_cat=0
split_feature=33 42 42 42 33 33 33
split_gain=48588 34268.2 21456 18046.6 13400 10293.5 9880.84
threshold=2.5000000000000004 39.915000000000006 24.880000000000006 77.75500000000001 1.0000000180025095e-35 4.5000000000000009 4.5000000000000009
decision_type=2 2 2 2 2 2 2
left_child=1 -1 6 4 -3 -4 -2
right_child=2 3 5 -5 -6 -7 -8
leaf_value=-0.143880497054136 -0.1067823765487263 -0.17375056295625627 0.046592328362877626 0.10930640330965199 -0.017514088681344835 0.13042704158184465 0.10657651482898498
leaf_weight=1142 470 243 3035 405 1931 725 102
leaf_count=1142 470 243 3035 405 1931 725 102
internal_value=3.99301e-05 -0.0529288 0.0455463 -0.0124543 -0.0353361 0.062909 -0.068142
internal_weight=8053 3721 4332 2579 2174 3760 572
internal_count=8053 3721 4332 2579 2174 3760 572
is_linear=0
shrinkage=0.02


Tree=112
num_leaves=8
num_cat=0
split_feature=64 40 33 33 40 64 45
split_gain=50475.6 37164.8 28718.5 13322.5 13076.7 8916.02 9286.85
threshold=1.5000000000000002 50.305000000000007 3.5000000000000004 1.5000000000000002 20.705000000000002 3.5000000000000004 1.0000000180025095e-35
decision_type=2 2 2 2 2 2 2
left_child=-1 2 4 -3 -2 6 -6
right_child=1 3 -4 -5 5 -7 -8
leaf_value=-0.1857217630341757 -0.17294857627160809 -0.0175372238022421 0.052713422070941436 0.07686054491099395 -0.0278463967198323 0.016239407225451492 -0.12364895966169744
leaf_weight=547 397 749 1125 2930 860 611 766
leaf_count=547 397 749 1125 2930 860 611 766
internal_value=-0.00119298 0.0124931 -0.0317152 0.0576446 -0.0678069 -0.0488033 -0.0732192
internal_weight=7985 7438 3759 3679 2634 2237 1626
internal_count=7985 7438 3759 3679 2634 2237 1626
is_linear=0
shrinkage=0.02


Tree=113
num_leaves=8
num_cat=0
split_feature=64 40 42 65 64 45 52
split_gain=51577 37433.2 20484.8 15974.7 15234.3 10913.5 9428.6
threshold=1.5000000000000002 31.265000000000004 71.985000000000014 0.53571428571428581 3.5000000000000004 1.0000000180025095e-35 48.225000000000001
decision_type=2 2 2 2 2 2 2
left_child=-1 4 3 6 5 -2 -3
right_child=1 2 -4 -5 -6 -7 -8
leaf_value=-0.18588869501777439 -0.069254937263222738 -0.05913376076397911 0.10914748713253992 0.053090787371823406 0.015463435846114797 -0.21129155998958929 0.019766497456313422
leaf_weight=546 540 1190 1212 2474 443 365 1225
leaf_count=546 540 1190 1212 2474 443 365 1225
internal_value=0.000834204 0.0146362 0.0357177 0.0174213 -0.0805574 -0.127387 -0.0191537
internal_weight=7995 7449 6101 4889 1348 905 2415
internal_count=7995 7449 6101 4889 1348 905 2415
is_linear=0
shrinkage=0.02


Tree=114
num_leaves=8
num_cat=0
split_feature=41 33 33 41 41 41 33
split_gain=49770.7 42727.9 22041.5 19322.8 6993.65 6266.08 6068.28
threshold=58.930000000000007 1.5000000000000002 4.5000000000000009 28.885000000000002 14.405000000000003 72.595000000000013 2.5000000000000004
decision_type=2 2 2 2 2 2 2
left_child=1 -1 3 4 -3 6 -2
right_child=5 2 -4 -5 -6 -7 -8
leaf_value=-0.14805017516786761 0.0032503261743113401 -0.22173323609708437 0.11361728195931971 -0.00094855816081947878 -0.078956019234751887 0.10747736429494274 0.081198889542231131
leaf_weight=1079 753 178 523 2931 597 1062 847
leaf_count=1079 753 178 523 2931 597 1062 847
internal_value=-0.000635309 -0.036023 -0.00729895 -0.024493 -0.11296 0.0698626 0.0446388
internal_weight=7970 5308 4229 3706 775 2662 1600
internal_count=7970 5308 4229 3706 775 2662 1600
is_linear=0
shrinkage=0.02


Tree=115
num_leaves=8
num_cat=0
split_feature=33 44 42 42 42 31 42
split_gain=47621.4 29741.8 18500.8 16042 12002.2 11862.9 11850.1
threshold=1.5000000000000002 1.0000000180025095e-35 68.805000000000021 9.1200000000000028 68.805000000000021 1.0000000180025095e-35 58.305000000000007
decision_type=2 2 2 2 2 2 2
left_child=2 6 -1 -3 5 -5 -2
right_child=1 3 -4 4 -6 -7 -8
leaf_value=-0.13057021378779476 -0.097852658988149085 -0.16886671053590596 0.035795678822461041 -0.015356728227657233 0.11125608954343866 0.059953347965887742 0.039661093946117311
leaf_weight=1299 940 130 334 1234 1074 2582 338
leaf_count=1299 940 130 334 1234 1074 2582 338
internal_value=-0.000463104 0.0245048 -0.0965377 0.046432 0.0523223 0.0356117 -0.0614708
internal_weight=7931 6298 1633 5020 4890 3816 1278
internal_count=7931 6298 1633 5020 4890 3816 1278
is_linear=0
shrinkage=0.02


Tree=116
num_leaves=8
num_cat=0
split_feature=64 41 33 33 42 33 42
split_gain=50234.3 37453.9 20107.4 15023.6 12013.4 12096.6 10625.7
threshold=1.5000000000000002 34.600000000000009 1.5000000000000002 3.5000000000000004 72.320000000000007 4.5000000000000009 80.790000000000006
decision_type=2 2 2 2 2 2 2
left_child=-1 3 6 -2 5 -4 -3
right_child=1 2 4 -5 -6 -7 -8
leaf_value=-0.18663670484262115 -0.11524355374846389 -0.062434388904490143 0.023323403733894767 0.021629546403557392 0.1174129433215706 0.12870768459955328 0.12535842607056139
leaf_weight=543 1100 1013 3329 450 925 497 132
leaf_count=543 1100 1013 3329 450 925 497 132
internal_value=-0.00182614 0.0117674 0.0347706 -0.0755644 0.0528943 0.037163 -0.040334
internal_weight=7989 7446 5896 1550 4751 3826 1145
internal_count=7989 7446 5896 1550 4751 3826 1145
is_linear=0
shrinkage=0.02


Tree=117
num_leaves=8
num_cat=0
split_feature=64 41 41 41 66 64 66
split_gain=45116.1 24209.6 19078.5 11572.3 12783 9643.93 9369
threshold=2.5000000000000004 33.255000000000003 45.355000000000011 64.375000000000014 0.18750000000000003 1.5000000000000002 0.56250000000000011
decision_type=2 2 2 2 2 2 2
left_child=2 6 -1 4 -3 -4 -2
right_child=1 3 5 -5 -6 -7 -8
leaf_value=-0.13882467845802457 -0.083021471585644435 -0.07158673946380345 -0.12470524317510813 0.096510167020492491 0.044226435868233473 0.006363375443190631 0.091578393121146504
leaf_weight=1013 862 436 284 1453 2824 1005 139
leaf_count=1013 862 436 284 1453 2824 1005 139
internal_value=0.000564768 0.0306813 -0.0740946 0.0496521 0.0286514 -0.0228847 -0.0584417
internal_weight=8016 5714 2302 4713 3260 1289 1001
internal_count=8016 5714 2302 4713 3260 1289 1001
is_linear=0
shrinkage=0.02


Tree=118
num_leaves=8
num_cat=0
split_feature=31 40 41 44 42 66 66
split_gain=43131 28433.7 18954.5 13965.2 11258.6 9362.88 8864.47
threshold=1.0000000180025095e-35 51.035000000000004 33.255000000000003 1.0000000180025095e-35 80.415000000000006 0.43750000000000006 0.18750000000000003
decision_type=2 2 2 2 2 2 2
left_child=1 3 -2 -1 6 -5 -3
right_child=2 4 -4 5 -6 -7 -8
leaf_value=-0.21926294144915762 -0.041031584476058411 -0.080390550029976388 0.060042594930227948 -0.10083670341164906 0.12646927398193925 0.051406000004243606 0.024689459288065846
leaf_weight=366 921 524 3753 1178 258 184 813
leaf_count=366 921 524 3753 1178 258 184 813
internal_value=0.000956634 -0.0540835 0.0401036 -0.110168 0.00683175 -0.0801566 -0.0166398
internal_weight=7997 3323 4674 1728 1595 1362 1337
internal_count=7997 3323 4674 1728 1595 1362 1337
is_linear=0
shrinkage=0.02


Tree=119
num_leaves=8
num_cat=0
split_feature=64 42 66 42 66 44 66
split_gain=43645.2 32933.3 17984.9 15726.2 11651.9 12242.7 11288.2
threshold=3.5000000000000004 33.20000000000001 1.0000000180025095e-35 77.75500000000001 0.43750000000000006 1.0000000180025095e-35 0.56250000000000011
decision_type=2 2 2 2 2 2 2
left_child=1 6 -3 4 5 -4 -1
right_child=-2 2 3 -5 -6 -7 -8
leaf_value=-0.13799396602286859 0.061341853309185956 -0.15037201210347392 -0.10335040939657537 0.119903958185806 0.068876022778381438 -0.0029547163521916123 0.1049985805692443
leaf_weight=1224 2827 317 644 420 607 1934 78
leaf_count=1224 2827 317 644 420 607 1934 78
internal_value=-0.00189569 -0.036143 -0.00715867 0.0056254 -0.00960862 -0.0281857 -0.123091
internal_weight=8051 5224 3922 3605 3185 2578 1302
internal_count=8051 5224 3922 3605 3185 2578 1302
is_linear=0
shrinkage=0.02


Tree=120
num_leaves=8
num_cat=0
split_feature=33 41 44 42 33 44 33
split_gain=38692.3 37911.1 23386.1 15463.4 13660.7 8070.1 7003.54
threshold=3.5000000000000004 58.930000000000007 1.0000000180025095e-35 17.205000000000002 1.5000000000000002 1.0000000180025095e-35 4.5000000000000009
decision_type=2 2 2 2 2 2 2
left_child=1 2 -1 -4 -5 -3 -2
right_child=6 5 3 4 -6 -7 -8
leaf_value=-0.15714433964372343 0.041991887284637743 -0.044445908386642634 -0.18801590984517877 -0.095356897860071149 0.0037299056445315461 0.063008872445091998 0.11549191068319312
leaf_weight=851 1409 336 248 773 1954 1573 825
leaf_count=851 1409 336 248 773 1954 1573 825
internal_value=-0.00118605 -0.0286921 -0.0649868 -0.0384056 -0.0244805 0.0440292 0.0693322
internal_weight=7969 5735 3826 2975 2727 1909 2234
internal_count=7969 5735 3826 2975 2727 1909 2234
is_linear=0
shrinkage=0.02


Tree=121
num_leaves=8
num_cat=0
split_feature=40 66 34 40 40 66 34
split_gain=41860.2 24555.4 20980 12263.9 8976.05 8836.94 8646.01
threshold=36.615000000000002 0.18750000000000003 1.5000000000000002 66.52500000000002 68.00500000000001 0.56250000000000011 3.5000000000000004
decision_type=2 2 2 2 2 2 2
left_child=2 4 -1 5 -2 -3 -4
right_child=1 3 6 -5 -6 -7 -8
leaf_value=-0.15342824006096295 -0.082124536502061696 0.015292979665692326 -0.046299292315366926 0.1009288090617451 0.039943395447731019 0.11156257098879327 0.10241994386295909
leaf_weight=851 940 2883 1042 1279 320 435 179
leaf_count=851 940 2883 1042 1279 320 435 179
internal_value=-0.000345916 0.0269908 -0.0774986 0.0484238 -0.0510878 0.0280631 -0.0241681
internal_weight=7929 5857 2072 4597 1260 3318 1221
internal_count=7929 5857 2072 4597 1260 3318 1221
is_linear=0
shrinkage=0.02


Tree=122
num_leaves=8
num_cat=0
split_feature=44 41 34 34 34 41 41
split_gain=37998.8 23700.9 24270.2 13418.4 12650.6 10440.3 7762.78
threshold=1.0000000180025095e-35 63.395000000000003 1.0000000180025095e-35 2.5000000000000004 1.5000000000000002 28.075000000000006 67.855000000000018
decision_type=2 2 2 2 2 2 2
left_child=4 2 -2 5 -1 -4 -6
right_child=1 -3 3 -5 6 -7 -8
leaf_value=-0.14889125596055522 -0.14350516328246715 0.087834987485003319 -0.091464088669354113 0.070734108857924291 -0.06241069646015511 0.0080724790675164512 0.092109809589993416
leaf_weight=711 426 1635 498 1194 762 2598 152
leaf_count=711 426 1635 498 1194 762 2598 152
internal_value=0.000250742 0.0223435 -0.000430905 0.013927 -0.0858981 -0.00805991 -0.0363523
internal_weight=7976 6351 4716 4290 1625 3096 914
internal_count=7976 6351 4716 4290 1625 3096 914
is_linear=0
shrinkage=0.02


Tree=123
num_leaves=8
num_cat=0
split_feature=41 33 44 33 40 33 42
split_gain=36676.2 23632.2 17558.1 14542.8 12363.1 10566.1 9716.78
threshold=34.600000000000009 1.0000000180025095e-35 1.0000000180025095e-35 3.5000000000000004 65.990000000000023 3.5000000000000004 27.665000000000003
decision_type=2 2 2 2 2 2 2
left_child=3 -2 -3 6 5 -4 -1
right_child=1 2 4 -5 -6 -7 -8
leaf_value=-0.17973069864192179 -0.1408845601732 -0.038822065611094948 0.0060732957007298277 0.014229629498784957 0.1016152540133848 0.081553772241472353 -0.066644439863468297
leaf_weight=555 331 1141 2453 455 1274 1059 686
leaf_count=555 331 1141 2453 455 1274 1059 686
internal_value=-3.95633e-05 0.022328 0.0315538 -0.0823956 0.0483547 0.0289171 -0.117737
internal_weight=7954 6258 5927 1696 4786 3512 1241
internal_count=7954 6258 5927 1696 4786 3512 1241
is_linear=0
shrinkage=0.02


Tree=124
num_leaves=8
num_cat=0
split_feature=31 42 42 52 52 33 42
split_gain=42747.5 25893.3 16688.5 13637.9 7866.37 6977.56 6503.59
threshold=1.0000000180025095e-35 41.205000000000005 23.475000000000005 51.745000000000012 32.835000000000008 1.0000000180025095e-35 81.485000000000014
decision_type=2 2 2 2 2 2 2
left_child=1 -1 -2 5 -4 -3 -5
right_child=2 3 4 6 -6 -7 -8
leaf_value=-0.13556282365444874 -0.06907531090726822 -0.18256609664659279 -0.0058853881828557966 0.013771315814036211 0.062798211242247867 -0.044461100619080533 0.15575947966204573
leaf_weight=1136 537 168 834 896 3310 993 146
leaf_count=1136 537 168 834 896 3310 993 146
internal_value=-0.00360202 -0.0582254 0.0353819 -0.0181288 0.0489849 -0.0651425 0.0343148
internal_weight=8020 3339 4681 2203 4144 1161 1042
internal_count=8020 3339 4681 2203 4144 1161 1042
is_linear=0
shrinkage=0.02


Tree=125
num_leaves=8
num_cat=0
split_feature=40 66 66 66 41 42 42
split_gain=37058.7 24242.8 16987.1 12348.1 12196.8 8592.46 7458.55
threshold=45.705000000000005 0.31250000000000006 0.18750000000000003 0.56250000000000011 18.610000000000003 19.780000000000005 77.75500000000001
decision_type=2 2 2 2 2 2 2
left_child=1 5 6 4 -3 -1 -2
right_child=2 3 -4 -5 -6 -7 -8
leaf_value=-0.21658852484647562 -0.061911612079940531 -0.1920588648526205 0.056401140254820209 0.10153086609628104 -0.0083871681707916677 -0.088582261701404846 0.077769387079046126
leaf_weight=253 824 157 3638 360 1353 1233 183
leaf_count=253 824 157 3638 360 1353 1233 183
internal_value=-0.000277786 -0.0508745 0.0362936 -0.00290376 -0.028055 -0.111029 -0.0362689
internal_weight=8001 3356 4645 1870 1510 1486 1007
internal_count=8001 3356 4645 1870 1510 1486 1007
is_linear=0
shrinkage=0.02


Tree=126
num_leaves=8
num_cat=0
split_feature=64 40 34 40 52 16 16
split_gain=35631.5 27252.9 19073.5 19171.6 10963.1 7018.06 6507.97
threshold=1.5000000000000002 22.675000000000004 2.5000000000000004 65.990000000000023 33.815000000000005 0.50695000000000012 0.36255000000000004
decision_type=2 2 2 2 2 2 2
left_child=-1 -2 3 4 6 -6 -3
right_child=1 2 -4 -5 5 -7 -8
leaf_value=-0.15680293521451166 -0.10945190289135402 -0.176948936322288 0.080576385330982256 0.072424355282964301 -0.02816079695318734 0.034827405505164596 -0.049161329351332939
leaf_weight=531 667 201 1762 1233 1503 1328 737
leaf_count=531 667 201 1762 1233 1503 1328 737
internal_value=0.000686712 0.0120384 0.0240906 0.00413234 -0.0182752 0.00139579 -0.0773374
internal_weight=7962 7431 6764 5002 3769 2831 938
internal_count=7962 7431 6764 5002 3769 2831 938
is_linear=0
shrinkage=0.02


Tree=127
num_leaves=8
num_cat=0
split_feature=64 42 33 64 52 52 42
split_gain=37868.3 26332.7 19453.5 13211.4 12048 7619.53 6614.08
threshold=3.5000000000000004 23.475000000000005 2.5000000000000004 1.5000000000000002 39.615000000000002 49.665000000000006 72.320000000000007
decision_type=2 2 2 2 2 2 2
left_child=1 -1 3 -3 -5 -4 -6
right_child=-2 2 5 4 6 -7 -8
leaf_value=-0.14904153713471527 0.058691069458168967 -0.16434542390749399 -0.005512474311198807 -0.097179907770072169 -0.021043667863567338 0.074938193605688611 0.082049390829790139
leaf_weight=671 2791 347 959 762 1211 919 308
leaf_count=671 2791 347 959 762 1211 919 308
internal_value=-0.000629274 -0.0326356 -0.0151553 -0.0502447 -0.0325655 0.0339505 6.06032e-05
internal_weight=7968 5177 4506 2628 2281 1878 1519
internal_count=7968 5177 4506 2628 2281 1878 1519
is_linear=0
shrinkage=0.02


Tree=128
num_leaves=8
num_cat=0
split_feature=34 43 34 47 47 46 55
split_gain=27014.2 21015.9 9887.09 6681.58 6664.45 4905.67 4092.51
threshold=2.5000000000000004 1.0000000180025095e-35 1.0000000180025095e-35 3.5000000000000004 4.5000000000000009 1.5000000000000002 55.055000000000007
decision_type=2 2 2 2 2 2 2
left_child=1 4 -3 -4 -1 -2 -5
right_child=5 2 3 6 -6 -7 -8
leaf_value=-0.14340465713199407 -0.050494252411832273 -0.080878680203634076 -0.047936806124773933 0.03224982457960443 -0.054993152310808771 0.072092748642247476 -0.029124026020898405
leaf_weight=516 137 521 632 2807 1022 1853 510
leaf_count=516 137 521 632 2807 1022 1853 510
internal_value=-0.000225409 -0.021384 0.000583174 0.0114193 -0.0850238 0.0635479 0.0227838
internal_weight=7998 6008 4470 3949 1538 1990 3317
internal_count=7998 6008 4470 3949 1538 1990 3317
is_linear=0
shrinkage=0.02


Tree=129
num_leaves=8
num_cat=0
split_feature=44 31 42 42 31 52 42
split_gain=35974.7 24246.3 16326.5 12078.4 11768.6 9281.35 7174.62
threshold=1.0000000180025095e-35 1.0000000180025095e-35 42.275000000000006 9.1200000000000028 1.0000000180025095e-35 53.845000000000006 21.245000000000001
decision_type=2 2 2 2 2 2 2
left_child=4 2 -2 -3 -1 -4 -6
right_child=1 3 5 -5 6 -7 -8
leaf_value=-0.14871824551190321 -0.09336794339104032 -0.15967079614551322 -0.028964497413531489 0.060278516801286298 -0.16590230590164268 0.064500563566650376 -0.015868089215543193
leaf_weight=656 906 98 983 3643 146 741 828
leaf_count=656 906 98 983 3643 146 741 828
internal_value=0.00016489 0.0216268 -0.0248796 0.0543112 -0.0835304 0.0112785 -0.0390903
internal_weight=8001 6371 2630 3741 1630 1724 974
internal_count=8001 6371 2630 3741 1630 1724 974
is_linear=0
shrinkage=0.02


Tree=130
num_leaves=8
num_cat=0
split_feature=31 41 41 65 42 64 52
split_gain=36640.6 20980.4 13118.3 10093.5 8559.9 8514.82 8459.98
threshold=1.0000000180025095e-35 58.930000000000007 41.965000000000011 0.29166666666666669 77.75500000000001 4.5000000000000009 52.040000000000006
decision_type=2 2 2 2 2 2 2
left_child=1 3 5 -1 -3 -2 -5
right_child=2 4 -4 6 -6 -7 -8
leaf_value=-0.17713686199237902 -0.028329831104650989 -0.013281828557533853 0.059611140415375907 -0.1025498712330373 0.11313674579803093 0.11471183690681029 -0.014522557570243694
leaf_weight=403 1393 825 3064 1063 284 184 742
leaf_count=403 1393 825 3064 1063 284 184 742
internal_value=-0.000747059 -0.0514662 0.0355192 -0.0870508 0.0194548 -0.0113303 -0.0665037
internal_weight=7958 3317 4641 2208 1109 1577 1805
internal_count=7958 3317 4641 2208 1109 1577 1805
is_linear=0
shrinkage=0.02


Tree=131
num_leaves=8
num_cat=0
split_feature=41 33 31 41 33 42 40
split_gain=34281.8 26158 14704.9 9661.27 8876.92 8455.26 7763.05
threshold=53.935000000000009 3.5000000000000004 1.0000000180025095e-35 20.030000000000005 1.0000000180025095e-35 10.480000000000002 72.590000000000018
decision_type=2 2 2 2 2 2 2
left_child=1 2 3 -1 -2 -4 -6
right_child=4 -3 5 -5 6 -7 -8
leaf_value=-0.25045509115216275 -0.087338477703896203 0.043221410716124543 -0.20169785404387786 -0.089383207348349467 0.03814143349791755 -0.010103310234796832 0.10853565472833049
leaf_weight=163 177 1251 93 1498 2435 1552 844
leaf_count=163 177 1251 93 1498 2435 1552 844
internal_value=0.00145743 -0.034553 -0.0640038 -0.105894 0.0489212 -0.0215135 0.0563983
internal_weight=8013 4557 3306 1661 3456 1645 3279
internal_count=8013 4557 3306 1661 3456 1645 3279
is_linear=0
shrinkage=0.02


Tree=132
num_leaves=8
num_cat=0
split_feature=40 34 42 52 34 16 42
split_gain=28913.6 23148.6 16099.8 11977.1 8681.54 6227.9 6077.1
threshold=59.065000000000005 2.5000000000000004 20.205000000000002 32.835000000000008 1.0000000180025095e-35 0.48145000000000004 81.935000000000016
decision_type=2 2 2 2 2 2 2
left_child=1 2 -1 -4 -5 -6 -2
right_child=6 -3 3 4 5 -7 -8
leaf_value=-0.15755727612245338 0.039257286405201659 0.04495408127188464 -0.097628046338148103 -0.11009793851411705 -0.034081555534934499 0.030997958189034544 0.11596116055787979
leaf_weight=488 2037 1355 919 325 1136 1209 517
leaf_count=488 2037 1355 919 325 1136 1209 517
internal_value=-0.000455419 -0.0265467 -0.0503361 -0.0355582 -0.0140515 -0.00053427 0.0549805
internal_weight=7986 5432 4077 3589 2670 2345 2554
internal_count=7986 5432 4077 3589 2670 2345 2554
is_linear=0
shrinkage=0.02


Tree=133
num_leaves=8
num_cat=0
split_feature=41 66 66 41 66 42 16
split_gain=32978.4 19876.2 12297.8 9567.61 9624.84 9549 9003.52
threshold=33.495000000000012 0.18750000000000003 0.31250000000000006 71.350000000000009 0.56250000000000011 77.75500000000001 0.50305000000000011
decision_type=2 2 2 2 2 2 2
left_child=2 5 -1 4 6 -2 -3
right_child=1 3 -4 -5 -6 -7 -8
leaf_value=-0.14349770394682551 -0.071122630165561737 -0.015723309835679829 -0.031478066185737508 0.096704010669979981 0.10220582324854602 0.083309969501619674 0.046907367214557225
leaf_weight=712 1136 1995 873 893 553 182 1693
leaf_count=712 1136 1995 873 893 553 182 1693
internal_value=-0.000500424 0.0195913 -0.0820916 0.0373756 0.024784 -0.0495631 0.0130523
internal_weight=8037 6452 1585 5134 4241 1318 3688
internal_count=8037 6452 1585 5134 4241 1318 3688
is_linear=0
shrinkage=0.02


Tree=134
num_leaves=8
num_cat=0
split_feature=40 31 52 33 33 16 64
split_gain=33980.1 23793.8 12606.1 8470.9 7276.48 6939.56 6439.23
threshold=22.675000000000004 1.0000000180025095e-35 53.57500000000001 4.5000000000000009 1.0000000180025095e-35 0.50695000000000012 1.5000000000000002
decision_type=2 2 2 2 2 2 2
left_child=3 2 4 -1 -2 -3 -4
right_child=1 5 6 -5 -6 -7 -8
leaf_value=-0.14642989934142142 -0.16981404490299054 0.021985158278139991 -0.096390121247322269 0.08560022301237348 -0.04696667560053152 0.073043454668425864 0.038582418058881275
leaf_weight=687 217 2361 158 66 1543 1944 1068
leaf_count=687 217 2361 158 66 1543 1944 1068
internal_value=0.0017904 0.0150305 -0.0283236 -0.125662 -0.0625513 0.0450994 0.0208671
internal_weight=8044 7291 2986 753 1760 4305 1226
internal_count=8044 7291 2986 753 1760 4305 1226
is_linear=0
shrinkage=0.02


Tree=135
num_leaves=8
num_cat=0
split_feature=44 31 34 40 41 40 34
split_gain=33042.6 19305 13198.7 12525.1 12277.6 9493.61 8759.98
threshold=1.0000000180025095e-35 1.0000000180025095e-35 3.5000000000000004 37.355000000000011 60.905000000000008 18.925000000000004 1.0000000180025095e-35
decision_type=2 2 2 2 2 2 2
left_child=2 4 3 -1 6 -3 -2
right_child=1 5 -4 -5 -6 -7 -8
leaf_value=-0.1827960362111529 -0.13652940500936991 -0.073177729115707468 0.10506478748576982 -0.057844796278415885 0.045061749495180353 0.057839229777812612 -0.027301419884906798
leaf_weight=475 359 232 135 992 797 3488 1542
leaf_count=475 359 232 135 992 797 3488 1542
internal_value=-0.000225228 0.020068 -0.0813343 -0.0987862 -0.0206409 0.049581 -0.0482329
internal_weight=8020 6418 1602 1467 2698 3720 1901
internal_count=8020 6418 1602 1467 2698 3720 1901
is_linear=0
shrinkage=0.02


Tree=136
num_leaves=8
num_cat=0
split_feature=44 33 42 41 33 16 41
split_gain=30981.7 16963 13185.7 12431.9 11479.6 10127 9080.99
threshold=1.0000000180025095e-35 1.5000000000000002 9.1200000000000028 63.675000000000004 4.5000000000000009 0.46745000000000009 67.855000000000018
decision_type=2 2 2 2 2 2 2
left_child=4 3 -3 -2 6 -4 -1
right_child=1 2 5 -5 -6 -7 -8
leaf_value=-0.1152505500830044 -0.080162615630852502 -0.15477567067678025 0.011436194090565746 0.056086960700202505 0.082057281132922114 0.069014491643168724 0.019848843565831581
leaf_weight=1248 965 134 2241 366 161 2688 235
leaf_count=1248 965 134 2241 366 161 2688 235
internal_value=0.000877125 0.0207968 0.0374956 -0.0426269 -0.0764243 0.0428743 -0.0938476
internal_weight=8038 6394 5063 1331 1644 4929 1483
internal_count=8038 6394 5063 1331 1644 4929 1483
is_linear=0
shrinkage=0.02


Tree=137
num_leaves=8
num_cat=0
split_feature=44 65 42 33 40 33 41
split_gain=29924.1 16707.4 14646.5 14548 9863.29 10180.8 8102.7
threshold=1.0000000180025095e-35 0.22500000000000003 14.090000000000002 3.5000000000000004 65.725000000000009 2.5000000000000004 36.815000000000005
decision_type=2 2 2 2 2 2 2
left_child=3 -2 -3 6 5 -4 -1
right_child=1 2 4 -5 -6 -7 -8
leaf_value=-0.18813812927925649 -0.080573565402810465 -0.11624904461461923 -0.015516512918157661 0.026166206900356228 0.085418059877655314 0.047712822259747781 -0.075791412832504457
leaf_weight=369 596 256 1700 418 1291 2529 865
leaf_count=369 596 256 1700 418 1291 2529 865
internal_value=0.000143336 0.0198188 0.0302386 -0.0755787 0.0371313 0.0223072 -0.11001
internal_weight=8024 6372 5776 1652 5520 4229 1234
internal_count=8024 6372 5776 1652 5520 4229 1234
is_linear=0
shrinkage=0.02


Tree=138
num_leaves=8
num_cat=0
split_feature=31 40 40 40 33 40 33
split_gain=28041.3 16312.1 14018.7 9738.06 7597.62 6373.8 6313.16
threshold=1.0000000180025095e-35 31.265000000000004 21.625000000000004 72.305000000000021 3.5000000000000004 65.990000000000023 4.5000000000000009
decision_type=2 2 2 2 2 2 2
left_child=1 -1 -2 4 -3 6 -4
right_child=2 3 5 -5 -6 -7 -8
leaf_value=-0.13903583168666281 -0.080968732413554373 -0.054013222518512712 0.01655463798898657 0.062569921547377658 0.055329424942754314 0.085824307714379114 0.093044747503004135
leaf_weight=594 402 1999 2802 435 287 1007 506
leaf_count=594 402 1999 2802 435 287 1007 506
internal_value=9.53796e-06 -0.0445295 0.0313246 -0.0236814 -0.0401948 0.0418678 0.0283775
internal_weight=8032 3315 4717 2721 2286 4315 3308
internal_count=8032 3315 4717 2721 2286 4315 3308
is_linear=0
shrinkage=0.02


Tree=139
num_leaves=8
num_cat=0
split_feature=64 64 16 47 31 65 64
split_gain=30830.9 16015.6 11003.7 8099.9 6184.48 5285.72 5013.32
threshold=1.5000000000000002 3.5000000000000004 0.54935000000000012 6.5000000000000009 1.0000000180025095e-35 1.0000000180025095e-35 4.5000000000000009
decision_type=2 2 2 2 2 2 2
left_child=-1 2 3 4 -2 -4 -3
right_child=1 6 5 -5 -6 -7 -8
leaf_value=-0.14377597251248006 -0.10392203816840816 0.033859690851073307 -0.05674413159250255 0.0015054897946023525 -0.025962700861839185 0.043042809619981998 0.09754669142435797
leaf_weight=549 812 2178 244 1329 820 1456 639
leaf_count=549 812 2178 244 1329 820 1456 639
internal_value=0.000189857 0.0108482 -0.0119072 -0.0351703 -0.0649502 0.028596 0.0484535
internal_weight=8027 7478 4661 2961 1632 1700 2817
internal_count=8027 7478 4661 2961 1632 1700 2817
is_linear=0
shrinkage=0.02


Tree=140
num_leaves=8
num_cat=0
split_feature=33 52 43 47 52 33 52
split_gain=25903 20622.3 11848.7 6133.47 5076.22 4370.11 4253.39
threshold=3.5000000000000004 39.615000000000002 1.0000000180025095e-35 4.5000000000000009 66.070000000000007 4.5000000000000009 74.845000000000013
decision_type=2 2 2 2 2 2 2
left_child=1 3 6 -1 -4 -2 -3
right_child=5 2 4 -5 -6 -7 -8
leaf_value=-0.12194339084069819 0.035769685316038607 -0.074182016299841558 0.0070386573739966846 -0.047954164034623985 0.064678661552661193 0.093792140346617911 0.049259294969889955
leaf_weight=714 1368 803 1995 1222 877 843 126
leaf_count=714 1368 803 1995 1222 877 843 126
internal_value=-2.91402e-05 -0.022445 0.00463421 -0.0754853 0.0247215 0.0580539 -0.0572656
internal_weight=7948 5737 3801 1936 2872 2211 929
internal_count=7948 5737 3801 1936 2872 2211 929
is_linear=0
shrinkage=0.02


Tree=141
num_leaves=8
num_cat=0
split_feature=64 52 42 42 31 66 42
split_gain=29730.6 21772.2 11115.4 8629.18 8741.67 7945.67 7453.7
threshold=1.5000000000000002 33.585000000000008 19.780000000000005 72.320000000000007 1.0000000180025095e-35 0.56250000000000011 27.665000000000003
decision_type=2 2 2 2 2 2 2
left_child=-1 5 -3 4 -4 6 -2
right_child=1 2 3 -5 -6 -7 -8
leaf_value=-0.14146778133436502 -0.15019446158293812 -0.076269239846993478 -0.012579422454172276 0.088007219415086393 0.046085612098476086 0.075758475250857216 -0.043340253418529706
leaf_weight=551 331 371 1638 1035 2663 170 1207
leaf_count=551 331 371 1638 1035 2663 170 1207
internal_value=-0.000408152 0.0101621 0.0289108 0.0362883 0.0237549 -0.0523853 -0.066749
internal_weight=7966 7415 5707 5336 4301 1708 1538
internal_count=7966 7415 5707 5336 4301 1708 1538
is_linear=0
shrinkage=0.02


Tree=142
num_leaves=8
num_cat=0
split_feature=52 64 33 40 42 52 42
split_gain=25535.7 16562.2 11833 10080.4 8540.8 5759.01 5857.26
threshold=44.660000000000004 3.5000000000000004 1.5000000000000002 27.805000000000003 41.205000000000005 69.355000000000004 24.000000000000004
decision_type=2 2 2 2 2 2 2
left_child=1 3 4 -1 -2 6 -4
right_child=2 -3 5 -5 -6 -7 -8
leaf_value=-0.15176686945718962 -0.13012346948591177 0.022355221683835066 -0.058205422009599168 -0.050357333833551822 0.0046264616626077995 0.085891872068763711 0.039885612665268175
leaf_weight=500 262 1073 266 1801 636 1022 2441
leaf_count=500 262 1073 266 1801 636 1022 2441
internal_value=-0.000658081 -0.0424648 0.0298403 -0.0726746 -0.0351909 0.0455269 0.0301573
internal_weight=8001 3374 4627 2301 898 3729 2707
internal_count=8001 3374 4627 2301 898 3729 2707
is_linear=0
shrinkage=0.02


Tree=143
num_leaves=8
num_cat=0
split_feature=41 31 41 65 65 41 40
split_gain=26298.5 17921.7 11491.9 8517.23 7790.61 6982.12 5909.46
threshold=33.735000000000007 1.0000000180025095e-35 78.865000000000023 0.58571428571428574 0.22500000000000003 15.475000000000003 78.055000000000021
decision_type=2 2 2 2 2 2 2
left_child=3 2 4 -1 -2 -5 -6
right_child=1 -3 -4 5 6 -7 -8
leaf_value=-0.12177746411456554 -0.10963441686910817 0.045237642929675075 0.11322420361431292 -0.14508406634521054 -0.027948272499025949 -8.6365254707078431e-05 0.1043467126276395
leaf_weight=764 456 3717 222 161 1814 665 141
leaf_count=764 456 3717 222 161 1814 665 141
internal_value=-0.00124066 0.0169837 -0.0229124 -0.0738487 -0.0356559 -0.0290515 -0.0181649
internal_weight=7940 6350 2633 1590 2411 826 1955
internal_count=7940 6350 2633 1590 2411 826 1955
is_linear=0
shrinkage=0.02


Tree=144
num_leaves=8
num_cat=0
split_feature=44 31 40 33 33 43 43
split_gain=26441.4 15774.3 11826.1 10599.9 8478.72 7020.91 6468.08
threshold=1.0000000180025095e-35 1.0000000180025095e-35 65.990000000000023 3.5000000000000004 3.5000000000000004 1.0000000180025095e-35 1.0000000180025095e-35
decision_type=2 2 2 2 2 2 2
left_child=3 2 4 5 6 -1 -2
right_child=1 -3 -4 -5 -6 -7 -8
leaf_value=-0.18414020617740065 -0.11958316618776765 0.044636532644913615 0.061043952731383411 0.015215513100145144 0.061846820381034513 -0.073125053570121529 -0.033947853540691235
leaf_weight=311 479 3750 573 406 273 870 1327
leaf_count=311 479 3750 573 406 273 870 1327
internal_value=0.000133983 0.0182597 -0.0190516 -0.0728135 -0.0412204 -0.103012 -0.0569281
internal_weight=7989 6402 2652 1587 2079 1181 1806
internal_count=7989 6402 2652 1587 2079 1181 1806
is_linear=0
shrinkage=0.02


Tree=145
num_leaves=8
num_cat=0
split_feature=31 40 44 40 33 44 16
split_gain=24882 16311.1 13266.1 12426.9 8100.4 6621.66 5453.01
threshold=1.0000000180025095e-35 72.305000000000021 1.0000000180025095e-35 20.080000000000002 2.5000000000000004 1.0000000180025095e-35 0.56585000000000008
decision_type=2 2 2 2 2 2 2
left_child=1 2 -1 -2 6 -5 -4
right_child=3 -3 4 5 -6 -7 -8
leaf_value=-0.14146467659242551 -0.085873933907772551 0.071521384919633141 -0.089495561162358975 -0.0097314365981993351 0.017501458134022364 0.051775353955009804 -0.010439254733349532
leaf_weight=603 337 442 1014 875 752 3470 533
leaf_count=603 337 442 1014 875 752 3470 533
internal_value=0.000545716 -0.0410881 -0.0583331 0.0302937 -0.036269 0.0393921 -0.0623791
internal_weight=8026 3344 2902 4682 2299 4345 1547
internal_count=8026 3344 2902 4682 2299 4345 1547
is_linear=0
shrinkage=0.02


Tree=146
num_leaves=8
num_cat=0
split_feature=64 64 42 45 42 59 64
split_gain=26989.3 16366.9 14457.3 11236.5 5945.91 5516.54 4372.94
threshold=1.5000000000000002 3.5000000000000004 23.475000000000005 1.0000000180025095e-35 80.790000000000006 1.0000000180025095e-35 4.5000000000000009
decision_type=2 2 2 2 2 2 2
left_child=-1 2 -2 -4 5 -5 -3
right_child=1 6 3 4 -6 -7 -8
leaf_value=-0.1368072131628191 -0.10665731583920156 0.033031449123095455 0.030351493860520846 -0.068375977404848784 0.073665760043966633 0.015369104612840958 0.092279460432781624
leaf_weight=541 587 2188 2151 1285 173 414 645
leaf_count=541 587 2188 2151 1285 173 414 645
internal_value=-0.00108065 0.00886996 -0.0143784 -0.00079817 -0.0365758 -0.0479844 0.0466595
internal_weight=7984 7443 4610 4023 1872 1699 2833
internal_count=7984 7443 4610 4023 1872 1699 2833
is_linear=0
shrinkage=0.02


Tree=147
num_leaves=8
num_cat=0
split_feature=64 41 34 41 40 41 64
split_gain=23274.9 17859.1 15706.5 10082.1 8263.75 6048.71 5378.44
threshold=1.5000000000000002 62.315000000000005 1.5000000000000002 15.475000000000003 36.135000000000012 73.915000000000006 4.5000000000000009
decision_type=2 2 2 2 2 2 2
left_child=5 2 4 -4 -2 -1 -5
right_child=1 -3 3 6 -6 -7 -8
leaf_value=-0.14339302728115269 -0.10854036875680111 0.058644965135416838 -0.1307983998178916 0.016730944681499115 -0.025335251292533108 0.10212460262245601 0.09877645977660196
leaf_weight=516 684 2060 167 2651 1570 40 359
leaf_count=516 684 2060 167 2651 1570 40 359
internal_value=-0.000720684 0.00857914 -0.0104475 0.0181944 -0.0507691 -0.124977 0.026664
internal_weight=8047 7491 5431 3177 2254 556 3010
internal_count=8047 7491 5431 3177 2254 556 3010
is_linear=0
shrinkage=0.02


Tree=148
num_leaves=8
num_cat=0
split_feature=42 33 16 33 42 33 43
split_gain=23198.9 18424.7 14493 10053.3 9674.38 6683.01 4811.22
threshold=20.205000000000002 1.0000000180025095e-35 0.50455000000000017 3.5000000000000004 66.935000000000016 4.5000000000000009 1.0000000180025095e-35
decision_type=2 2 2 2 2 2 2
left_child=5 -2 3 4 6 -1 -3
right_child=1 2 -4 -5 -6 -7 -8
leaf_value=-0.13278391646968168 -0.12818346958127741 -0.10287185217975166 0.048746371989843419 0.039168610490821119 0.039931724616880195 0.073292591658731296 -0.03294629139776685
leaf_weight=606 360 536 3219 1189 592 67 1477
leaf_count=606 360 536 3219 1189 592 67 1477
internal_value=7.99795e-05 0.0103684 0.0175669 -0.00891643 -0.0308969 -0.111879 -0.0517741
internal_weight=8046 7373 7013 3794 2605 673 2013
internal_count=8046 7373 7013 3794 2605 673 2013
is_linear=0
shrinkage=0.02


Tree=149
num_leaves=8
num_cat=0
split_feature=41 52 66 44 66 52 44
split_gain=21397.9 13762.8 9899.38 10123.7 9388.75 6751.24 6282.74
threshold=36.045000000000009 53.845000000000006 0.56250000000000011 1.0000000180025095e-35 0.31250000000000006 63.135000000000012 1.0000000180025095e-35
decision_type=2 2 2 2 2 2 2
left_child=2 4 3 -1 6 -5 -2
right_child=1 -3 -4 5 -6 -7 -8
leaf_value=-0.16230579617246985 -0.11799131899217699 0.054217985821972146 0.072548309197280433 -0.068959100385164396 0.024129861908388853 0.046983160634189843 -0.021524945694249537
leaf_weight=395 334 2536 202 1039 1861 245 1345
leaf_count=395 334 2536 202 1039 1861 245 1345
internal_value=0.000450158 0.0187036 -0.0584053 -0.0743289 -0.00677896 -0.0467397 -0.0410082
internal_weight=7957 6076 1881 1679 3540 1284 1679
internal_count=7957 6076 1881 1679 3540 1284 1679
is_linear=0
shrinkage=0.02


Tree=150
num_leaves=8
num_cat=0
split_feature=41 31 41 31 16 41 64
split_gain=22694.4 13352.5 8692.2 8193.49 6665.86 4336.66 4645.97
threshold=33.735000000000007 1.0000000180025095e-35 68.115000000000023 1.0000000180025095e-35 0.56585000000000008 63.675000000000004 4.5000000000000009
decision_type=2 2 2 2 2 2 2
left_child=3 2 4 -1 -2 6 -3
right_child=1 5 -4 -5 -6 -7 -8
leaf_value=-0.12534094037610724 -0.064422390353591208 0.013717810178215805 0.048435629144463518 -0.032292065930293427 0.011412755654512734 0.071026481758521096 0.092080807546365939
leaf_weight=633 1368 2217 581 943 698 1164 346
leaf_count=633 1368 2217 581 943 698 1164 346
internal_value=-0.0021112 0.0147023 -0.019625 -0.0699433 -0.0388357 0.0390759 0.0244553
internal_weight=7950 6374 2647 1576 2066 3727 2563
internal_count=7950 6374 2647 1576 2066 3727 2563
is_linear=0
shrinkage=0.02


Tree=151
num_leaves=8
num_cat=0
split_feature=41 33 33 52 52 44 41
split_gain=21994.3 14195 10251 7342.39 6810.99 6800.24 5018.55
threshold=36.045000000000009 1.5000000000000002 3.5000000000000004 60.225000000000001 52.635000000000012 1.0000000180025095e-35 65.055000000000021
decision_type=2 2 2 2 2 2 2
left_child=2 5 3 -1 -3 -2 -7
right_child=1 4 -4 -5 -6 6 -8
leaf_value=-0.11830831992311405 -0.13727488334019822 0.009196592425292735 0.011526979986507938 -0.0068827300630628875 0.056814489396229101 -0.050358781120391598 0.044435795839253618
leaf_weight=1024 246 2641 525 308 2203 717 319
leaf_count=1024 246 2641 525 308 2203 717 319
internal_value=-0.00305728 0.015228 -0.0632569 -0.0926653 0.030889 -0.0438367 -0.0210969
internal_weight=7983 6126 1857 1332 4844 1282 1036
internal_count=7983 6126 1857 1332 4844 1282 1036
is_linear=0
shrinkage=0.02


Tree=152
num_leaves=8
num_cat=0
split_feature=33 40 34 40 40 33 40
split_gain=19661.7 12367.3 10302.7 9967.41 7927.77 5232.3 5286.96
threshold=1.5000000000000002 51.035000000000004 3.5000000000000004 68.00500000000001 20.080000000000002 1.0000000180025095e-35 30.425000000000004
decision_type=2 2 2 2 2 2 2
left_child=3 2 4 5 -2 -1 -7
right_child=1 -3 -4 -5 -6 6 -8
leaf_value=-0.15766502892897011 -0.10325035695242239 0.047365258328592022 0.090698982013596427 0.035836800674735804 -0.0084151772924090495 -0.15632555374495533 -0.03999714730602532
leaf_weight=307 403 2873 364 336 2605 191 803
leaf_count=307 403 2873 364 336 2605 191 803
internal_value=0.00073117 0.0169113 -0.00906776 -0.0608579 -0.0212711 -0.0858721 -0.0630205
internal_weight=7882 6245 3372 1637 3008 1301 994
internal_count=7882 6245 3372 1637 3008 1301 994
is_linear=0
shrinkage=0.02


Tree=153
num_leaves=8
num_cat=0
split_feature=31 42 42 33 42 33 42
split_gain=20160.4 11771.2 8564.51 9297.44 8469.44 5677.22 6009.14
threshold=1.0000000180025095e-35 80.790000000000006 20.205000000000002 1.0000000180025095e-35 10.480000000000002 4.5000000000000009 68.115000000000023
decision_type=2 2 2 2 2 2 2
left_child=1 2 -1 -4 -2 6 -6
right_child=4 -3 3 -5 5 -7 -8
leaf_value=-0.15593094257007642 -0.11763469484352296 0.092639060783488991 -0.13339575721709818 -0.023317523168302292 0.010190452349024309 0.084978164647276519 0.071770919992917265
leaf_weight=261 150 256 346 2475 3020 700 798
leaf_count=261 150 256 346 2475 3020 700 798
internal_value=0.00102187 -0.0364787 -0.0473362 -0.0370309 0.0278481 0.032803 0.0231384
internal_weight=8006 3338 3082 2821 4668 4518 3818
internal_count=8006 3338 3082 2821 4668 4518 3818
is_linear=0
shrinkage=0.02


Tree=154
num_leaves=8
num_cat=0
split_feature=44 34 41 40 34 34 40
split_gain=21640.9 13769.2 10283.4 9264.48 5931.61 5685.83 5404.16
threshold=1.0000000180025095e-35 1.0000000180025095e-35 35.445000000000007 31.265000000000004 2.5000000000000004 2.5000000000000004 72.590000000000018
decision_type=2 2 2 2 2 2 2
left_child=2 -2 -1 5 -4 -3 -5
right_child=1 3 4 6 -6 -7 -8
leaf_value=-0.1451137027166538 -0.07285572343487598 -0.057362028166631392 -0.058223589296964876 0.028841260964519 0.04728734376363114 0.048003537462991581 0.084943421277768758
leaf_weight=450 605 728 866 3986 278 280 828
leaf_count=450 605 728 866 3986 278 280 828
internal_value=0.00120843 0.0175771 -0.0646386 0.027029 -0.0324895 -0.0280013 0.0385689
internal_weight=8021 6427 1594 5822 1144 1008 4814
internal_count=8021 6427 1594 5822 1144 1008 4814
is_linear=0
shrinkage=0.02


Tree=155
num_leaves=8
num_cat=0
split_feature=44 41 10 41 42 41 16
split_gain=20980.4 11860.3 8142.35 7907.85 5245.99 4911.56 3929.77
threshold=1.0000000180025095e-35 62.095000000000006 40145.400000000009 34.985000000000007 17.205000000000002 71.760000000000005 0.49695000000000006
decision_type=2 2 2 2 2 2 2
left_child=3 2 4 -1 -2 -5 -6
right_child=1 -3 -4 5 6 -7 -8
leaf_value=-0.13978774724471094 -0.11822603343606547 0.0587300663387662 0.031157815026684632 -0.055916774874692925 -0.039312543767647402 0.055343741638950575 0.010912648648599133
leaf_weight=415 211 1821 1804 1009 1304 184 1186
leaf_count=415 211 1821 1804 1009 1304 184 1186
internal_value=-0.000673244 0.015733 -0.00169301 -0.0650654 -0.0236511 -0.0385974 -0.0154161
internal_weight=7934 6326 4505 1608 2701 1193 2490
internal_count=7934 6326 4505 1608 2701 1193 2490
is_linear=0
shrinkage=0.02


Tree=156
num_leaves=8
num_cat=0
split_feature=44 40 33 33 41 40 16
split_gain=25443.9 12233.5 12531.9 8445.57 8221.56 5045.63 4874.86
threshold=1.0000000180025095e-35 58.175000000000004 2.5000000000000004 4.5000000000000009 71.760000000000005 20.705000000000002 0.50035000000000007
decision_type=2 2 2 2 2 2 2
left_child=3 2 5 4 6 -2 -1
right_child=1 -3 -4 -5 -6 -7 -8
leaf_value=-0.13946540641631619 -0.14025748715432282 0.055478004190306809 0.028764585486093199 0.064586910099504943 0.040495831052177265 -0.029869640546470039 -0.060922831059425822
leaf_weight=696 179 2199 2291 162 178 1724 600
leaf_count=696 179 2199 2291 162 178 1724 600
internal_value=-0.000692281 0.0173281 -0.00271696 -0.0709487 -0.0860127 -0.0405933 -0.103477
internal_weight=8029 6393 4194 1636 1474 1903 1296
internal_count=8029 6393 4194 1636 1474 1903 1296
is_linear=0
shrinkage=0.02


Tree=157
num_leaves=8
num_cat=0
split_feature=44 52 33 33 42 52 42
split_gain=20834.4 13322.7 8660.83 7747.46 7324.4 6945.66 5124.23
threshold=1.0000000180025095e-35 32.615000000000002 2.5000000000000004 4.5000000000000009 39.915000000000006 53.845000000000006 57.605000000000011
decision_type=2 2 2 2 2 2 2
left_child=3 -2 4 5 -3 6 -1
right_child=1 2 -4 -5 -6 -7 -8
leaf_value=-0.14309417924248563 -0.041832353181450344 -0.059688785140902201 0.052873122845207336 0.06356950242745589 0.021378833485707602 -0.026203957964580044 -0.030363563409083569
leaf_weight=671 1354 599 2720 161 1697 568 216
leaf_count=671 1354 599 2720 161 1697 568 216
internal_value=-0.00254543 0.0137355 0.028762 -0.0665665 0.00014548 -0.0811348 -0.115966
internal_weight=7986 6370 5016 1616 2296 1455 887
internal_count=7986 6370 5016 1616 2296 1455 887
is_linear=0
shrinkage=0.02


Tree=158
num_leaves=8
num_cat=0
split_feature=41 66 66 52 16 41 65
split_gain=20554.7 9975.07 9821.65 8785.91 7828.24 6747.74 7889.01
threshold=41.255000000000003 0.56250000000000011 1.0000000180025095e-35 63.135000000000012 0.53185000000000016 15.475000000000003 0.58571428571428574
decision_type=2 2 2 2 2 2 2
left_child=1 3 -2 5 -4 -1 -7
right_child=2 -3 4 -5 -6 6 -8
leaf_value=-0.18204756920112541 -0.093308918476629421 0.069929797936316207 0.0076327564172712827 0.015946828015148639 0.057781829947273468 -0.10721609426151953 -0.018362502023215443
leaf_weight=225 279 257 3145 476 2058 849 756
leaf_count=225 279 257 3145 476 2058 849 756
internal_value=-0.00057987 -0.0472801 0.0212771 -0.060466 0.0275052 -0.080331 -0.0655506
internal_weight=8045 2563 5482 2306 5203 1830 1605
internal_count=8045 2563 5482 2306 5203 1830 1605
is_linear=0
shrinkage=0.02


Tree=159
num_leaves=8
num_cat=0
split_feature=33 42 41 16 33 16 41
split_gain=17336.8 14032.5 9370.56 7848.23 6043.41 5924.63 5263.78
threshold=2.5000000000000004 68.115000000000023 15.475000000000003 0.50455000000000017 4.5000000000000009 0.37075000000000008 32.655000000000008
decision_type=2 2 2 2 2 2 2
left_child=1 3 -2 6 5 -4 -1
right_child=2 -3 4 -5 -6 -7 -8
leaf_value=-0.148905296791084 -0.11100540896541761 0.044903209563651229 -0.023314295689453011 -0.015850780300452564 0.084406456942346914 0.038774994347849534 -0.060608775543829277
leaf_weight=352 178 785 817 1405 802 2444 1179
leaf_count=352 178 785 817 1405 802 2444 1179
internal_value=0.00148131 -0.0300043 0.0291092 -0.0500747 0.0353765 0.0232075 -0.0813281
internal_weight=7962 3721 4241 2936 4063 3261 1531
internal_count=7962 3721 4241 2936 4063 3261 1531
is_linear=0
shrinkage=0.02


Tree=160
num_leaves=8
num_cat=0
split_feature=64 40 34 40 55 33 16
split_gain=17870.6 14384.3 9617.58 9492.67 6999.79 5715.15 5214.89
threshold=1.5000000000000002 20.705000000000002 2.5000000000000004 65.990000000000023 54.735000000000007 4.5000000000000009 0.50455000000000017
decision_type=2 2 2 2 2 2 2
left_child=-1 5 3 4 6 -2 -3
right_child=1 2 -4 -5 -6 -7 -8
leaf_value=-0.11163873225080727 -0.11292112208831913 -0.025311595343447048 0.055195892948975443 0.049286423231764083 -0.075127338847174999 0.088220260303754086 0.024941474905143073
leaf_weight=539 494 1807 1763 1242 625 60 1513
leaf_count=539 494 1807 1763 1242 625 60 1513
internal_value=-0.000948305 0.00707145 0.014912 0.00117999 -0.0140085 -0.0905426 -0.00240705
internal_weight=8043 7504 6950 5187 3945 554 3320
internal_count=8043 7504 6950 5187 3945 554 3320
is_linear=0
shrinkage=0.02


Tree=161
num_leaves=8
num_cat=0
split_feature=40 33 43 16 31 40 33
split_gain=18071.5 12138.4 13748.8 8080.45 6160.01 5069.62 4757.48
threshold=22.675000000000004 3.5000000000000004 1.0000000180025095e-35 0.50035000000000007 1.0000000180025095e-35 71.345000000000013 4.5000000000000009
decision_type=2 2 2 2 2 2 2
left_child=6 2 4 5 -2 -4 -1
right_child=1 -3 3 -5 -6 -7 -8
leaf_value=-0.11038272726330388 -0.10704385760058291 0.051265781084516737 -0.031404716932798928 0.039868645630330074 -0.018921745698987729 0.055283736365129336 0.052695631957953668
leaf_weight=676 645 1982 1642 1996 625 318 77
leaf_count=676 645 1982 1642 1996 625 318 77
internal_value=-0.000574122 0.00918843 -0.00680347 0.0115906 -0.0639209 -0.0172351 -0.0934691
internal_weight=7961 7208 5226 3956 1270 1960 753
internal_count=7961 7208 5226 3956 1270 1960 753
is_linear=0
shrinkage=0.02


Tree=162
num_leaves=8
num_cat=0
split_feature=31 43 33 43 12 55 12
split_gain=15430.1 10546.1 6129.71 5101.25 4878.66 4024.33 3463.51
threshold=1.0000000180025095e-35 1.0000000180025095e-35 3.5000000000000004 1.0000000180025095e-35 62.635000000000012 54.735000000000007 41.945000000000007
decision_type=2 2 2 2 2 2 2
left_child=1 2 -1 -2 5 -3 -5
right_child=3 4 -4 6 -6 -7 -8
leaf_value=-0.11416120636067417 -0.013404226158493659 -0.014836872172331912 0.05273774299259279 0.011926027911930322 0.038495380071836574 -0.09290589322701473 0.051994288452472184
leaf_weight=733 1141 1627 97 1493 576 311 2052
leaf_count=733 1141 1627 97 1493 576 311 2052
internal_value=-7.73795e-05 -0.0328689 -0.0944572 0.0233332 -0.0123883 -0.0275718 0.0351598
internal_weight=8030 3344 830 4686 2514 1938 3545
internal_count=8030 3344 830 4686 2514 1938 3545
is_linear=0
shrinkage=0.02


Tree=163
num_leaves=8
num_cat=0
split_feature=52 64 64 40 34 44 55
split_gain=17530 8846.93 8108.34 6794.29 5394.86 4590.92 4199.08
threshold=45.045000000000009 3.5000000000000004 1.5000000000000002 27.805000000000003 2.5000000000000004 1.0000000180025095e-35 54.735000000000007
decision_type=2 2 2 2 2 2 2
left_child=1 3 -2 -1 5 -4 -5
right_child=2 -3 4 6 -6 -7 -8
leaf_value=-0.12106548521802639 -0.074637414525590237 0.012806050096887567 -0.033669597189239668 -0.023527296761403211 0.071117215917837331 0.030948988742218134 -0.10415209365853915
leaf_weight=492 291 1128 524 1512 1127 2620 308
leaf_count=492 291 1128 524 1512 1127 2620 308
internal_value=0.000985523 -0.0330772 0.0266788 -0.0554424 0.033661 0.0201429 -0.0374195
internal_weight=8002 3440 4562 2312 4271 3144 1820
internal_count=8002 3440 4562 2312 4271 3144 1820
is_linear=0
shrinkage=0.02


Tree=164
num_leaves=8
num_cat=0
split_feature=31 41 41 41 64 12 64
split_gain=17884.9 11633.7 9630.43 8189.93 6369.23 4509.28 4289.92
threshold=1.0000000180025095e-35 72.595000000000013 15.475000000000003 20.030000000000005 1.5000000000000002 68.085000000000022 4.5000000000000009
decision_type=2 2 2 2 2 2 2
left_child=1 3 -2 -1 -5 -6 -4
right_child=2 -3 6 4 5 -7 -8
leaf_value=-0.17512210251897881 -0.11697759583919913 0.062477756723526005 0.02356916597181577 -0.11364412341183674 -0.039373055955546576 0.037731683169726353 0.079749227515906573
leaf_weight=189 177 422 3890 398 1921 356 629
leaf_count=189 177 422 3890 398 1921 356 629
internal_value=0.000722093 -0.0350367 0.0257547 -0.0494889 -0.0403022 -0.0272618 0.0314684
internal_weight=7982 3286 4696 2864 2675 2277 4519
internal_count=7982 3286 4696 2864 2675 2277 4519
is_linear=0
shrinkage=0.02


Tree=165
num_leaves=8
num_cat=0
split_feature=44 34 33 31 64 33 47
split_gain=14821 8855.39 6825.16 6396.21 3902.01 3409.7 3252.1
threshold=1.0000000180025095e-35 2.5000000000000004 4.5000000000000009 1.0000000180025095e-35 1.0000000180025095e-35 1.0000000180025095e-35 3.5000000000000004
decision_type=2 2 2 2 2 2 2
left_child=2 3 4 5 -1 -2 -6
right_child=1 -3 -4 -5 6 -7 -8
leaf_value=-0.23381395251662643 -0.081667596121236544 0.05639487291974913 0.067494341585092071 0.024217368463439751 -0.11943365121228061 -0.012101294157390094 -0.043731842184016573
leaf_weight=49 324 1584 167 2474 284 1985 1123
leaf_count=49 324 1584 167 2474 284 1985 1123
internal_value=0.00173025 0.015489 -0.052127 0.00189738 -0.0660313 -0.0220182 -0.0593809
internal_weight=7990 6367 1623 4783 1456 2309 1407
internal_count=7990 6367 1623 4783 1456 2309 1407
is_linear=0
shrinkage=0.02


Tree=166
num_leaves=8
num_cat=0
split_feature=64 42 16 34 12 34 42
split_gain=15964.5 11607.4 8495.94 5389.51 5043.24 4636.3 3956.57
threshold=1.5000000000000002 23.475000000000005 0.46745000000000009 3.5000000000000004 70.955000000000013 1.5000000000000002 9.1200000000000028
decision_type=2 2 2 2 2 2 2
left_child=-1 3 5 6 -4 -3 -2
right_child=1 2 4 -5 -6 -7 -8
leaf_value=-0.10460705318417061 -0.15801693702661074 -0.040843092860692806 0.026545144597658825 0.095283519319998913 0.094009761114530924 0.010590026789504919 -0.052236923405950944
leaf_weight=545 190 1147 3172 73 512 1787 550
leaf_count=545 190 1147 3172 73 512 1787 550
internal_value=-0.000631939 0.00705895 0.0158332 -0.0640253 0.036036 -0.0095522 -0.0802749
internal_weight=7976 7431 6618 813 3684 2934 740
internal_count=7976 7431 6618 813 3684 2934 740
is_linear=0
shrinkage=0.02


Tree=167
num_leaves=8
num_cat=0
split_feature=52 34 40 40 34 16 31
split_gain=16640.9 12467.7 11215.3 4904.93 3798.99 3831.16 3783.82
threshold=61.455000000000005 2.5000000000000004 47.445000000000007 21.625000000000004 1.0000000180025095e-35 0.37305000000000005 1.0000000180025095e-35
decision_type=2 2 2 2 2 2 2
left_child=1 2 3 -1 -4 -6 -5
right_child=-2 -3 4 6 5 -7 -8
leaf_value=-0.12612547852245501 0.047479864852651044 0.032487790642460282 -0.068220226720598354 -0.083234031180317483 -0.045211598667693358 0.02195304235083401 -0.02361264686267139
leaf_weight=443 2133 1482 306 796 432 1522 921
leaf_count=443 2133 1482 306 796 432 1522 921
internal_value=-0.000332133 -0.0176371 -0.0344614 -0.0669931 -0.00328992 0.00702646 -0.0514145
internal_weight=8035 5902 4420 2160 2260 1954 1717
internal_count=8035 5902 4420 2160 2260 1954 1717
is_linear=0
shrinkage=0.02


Tree=168
num_leaves=8
num_cat=0
split_feature=41 34 52 41 64 10 16
split_gain=15977.7 13473.9 10738.1 6510.93 5826.83 4666.63 4630.44
threshold=58.930000000000007 2.5000000000000004 61.945000000000007 15.475000000000003 1.5000000000000002 14764.35 0.46745000000000009
decision_type=2 2 2 2 2 2 2
left_child=1 2 3 -1 -5 -4 -6
right_child=-2 -3 5 4 6 -7 -8
leaf_value=-0.17364252159465626 0.040336418889473973 0.035904927062539602 -0.065353746935356366 -0.13890761319306175 -0.068411000932349517 0.042739932640242839 -0.01463335537390641
leaf_weight=174 2699 1317 197 257 1195 763 1381
leaf_count=174 2699 1317 197 257 1195 763 1381
internal_value=0.00078968 -0.0194293 -0.0378218 -0.0563914 -0.0488967 0.0203345 -0.0396649
internal_weight=7983 5284 3967 3007 2833 960 2576
internal_count=7983 5284 3967 3007 2833 960 2576
is_linear=0
shrinkage=0.02


Tree=169
num_leaves=8
num_cat=0
split_feature=52 44 33 33 31 40 40
split_gain=16254 11584.2 7621.4 6465.22 6401.83 4646.66 4205.4
threshold=32.835000000000008 1.0000000180025095e-35 1.0000000180025095e-35 3.5000000000000004 1.0000000180025095e-35 11.365000000000002 71.345000000000013
decision_type=2 2 2 2 2 2 2
left_child=4 3 -3 -2 6 -4 -1
right_child=1 2 5 -5 -6 -7 -8
leaf_value=-0.11204485576683239 -0.065757722149859643 -0.077361295572885388 -0.10142353541388804 0.036311488016399274 -0.020788970526253305 0.037953669809846581 0.074053726963422911
leaf_weight=665 917 249 93 336 1020 4691 49
leaf_count=665 917 249 93 336 1020 4691 49
internal_value=0.000998743 0.0159585 0.029504 -0.0383517 -0.0531224 0.0351411 -0.0988472
internal_weight=8020 6286 5033 1253 1734 4784 714
internal_count=8020 6286 5033 1253 1734 4784 714
is_linear=0
shrinkage=0.02


Tree=170
num_leaves=8
num_cat=0
split_feature=52 41 43 33 16 42 33
split_gain=16591.7 8906.46 7637.12 6874.35 5448.17 4732.13 4383.78
threshold=45.045000000000009 29.290000000000003 1.0000000180025095e-35 2.5000000000000004 0.59345000000000014 63.755000000000003 2.5000000000000004
decision_type=2 2 2 2 2 2 2
left_child=1 -1 5 -3 -4 6 -2
right_child=2 3 4 -5 -6 -7 -8
leaf_value=-0.10750271511723249 -0.092785044836549507 -0.053001807378601613 0.021578359751493494 0.0089945751770234422 0.076936538065453239 0.052551609047112015 -0.0008988121191763433
leaf_weight=563 407 1369 2503 1490 992 247 419
leaf_count=563 407 1369 2503 1490 992 247 419
internal_value=-0.00187372 -0.0351442 0.0230612 -0.0207324 0.0373784 -0.0235302 -0.0464603
internal_weight=7990 3422 4568 2859 3495 1073 826
internal_count=7990 3422 4568 2859 3495 1073 826
is_linear=0
shrinkage=0.02


Tree=171
num_leaves=8
num_cat=0
split_feature=44 52 34 66 66 16 16
split_gain=15354.7 10924.5 8879.27 6707.34 6178.29 5297.77 4748.73
threshold=1.0000000180025095e-35 61.455000000000005 1.0000000180025095e-35 0.56250000000000011 0.56250000000000011 0.56585000000000008 0.49005000000000004
decision_type=2 2 2 2 2 2 2
left_child=3 2 -2 6 5 -4 -1
right_child=1 -3 4 -5 -6 -7 -8
leaf_value=-0.10596005820552183 -0.089740628815147758 0.05593981881864625 -0.019188386897169344 0.063815696023049803 0.074430344786615144 0.031700384759454296 -0.033206205392395688
leaf_weight=727 425 1708 2545 163 460 1200 717
leaf_count=727 425 1708 2545 163 460 1200 717
internal_value=-0.00122031 0.0127881 -0.00317363 -0.0563378 0.0056719 -0.00286171 -0.0700743
internal_weight=7945 6338 4630 1607 4205 3745 1444
internal_count=7945 6338 4630 1607 4205 3745 1444
is_linear=0
shrinkage=0.02


Tree=172
num_leaves=8
num_cat=0
split_feature=52 42 31 42 66 42 66
split_gain=15537.8 12319 10823 4390.63 4780.23 4949.49 3780.07
threshold=52.635000000000012 10.480000000000002 1.0000000180025095e-35 82.565000000000012 0.31250000000000006 26.455000000000002 0.43750000000000006
decision_type=2 2 2 2 2 2 2
left_child=1 -1 6 4 5 -2 -3
right_child=3 2 -4 -5 -6 -7 -8
leaf_value=-0.17644735997072375 -0.11172627532595975 -0.062153585721516358 0.01163278806844114 0.10549820566253297 0.04927929317950331 0.012072450043236562 0.022841554250845237
leaf_weight=193 139 1650 2557 309 1704 1250 237
leaf_count=193 139 1650 2557 309 1704 1250 237
internal_value=0.00173262 -0.0220745 -0.0151794 0.034167 0.0268821 -0.000672639 -0.0514464
internal_weight=8039 4637 4444 3402 3093 1389 1887
internal_count=8039 4637 4444 3402 3093 1389 1887
is_linear=0
shrinkage=0.02


Tree=173
num_leaves=8
num_cat=0
split_feature=40 33 33 55 40 40 40
split_gain=12801.6 11164.3 6193 6053.61 4768.17 3513.39 3489.65
threshold=59.265000000000008 2.5000000000000004 5.5000000000000009 54.735000000000007 22.675000000000004 11.365000000000002 81.645000000000024
decision_type=2 2 2 2 2 2 2
left_child=1 3 5 4 -1 -3 -2
right_child=6 2 -4 -5 -6 -7 -8
leaf_value=-0.11057443252707895 0.02700497581790114 -0.097228492079372689 0.12885083631668465 -0.11848683340891975 -0.021648440008116207 0.0081029028395960927 0.087385918362517107
leaf_weight=274 2024 128 161 397 1814 2658 470
leaf_count=274 2024 128 161 397 1814 2658 470
internal_value=0.00106882 -0.0161531 0.0101748 -0.0473335 -0.0335541 0.00309804 0.038536
internal_weight=7926 5432 2947 2485 2088 2786 2494
internal_count=7926 5432 2947 2485 2088 2786 2494
is_linear=0
shrinkage=0.02


Tree=174
num_leaves=8
num_cat=0
split_feature=44 43 31 31 42 33 42
split_gain=15100 8409.42 6800.94 4429.41 4223.54 4015.95 3857.85
threshold=1.0000000180025095e-35 1.0000000180025095e-35 1.0000000180025095e-35 1.0000000180025095e-35 17.990000000000006 2.5000000000000004 58.725000000000009
decision_type=2 2 2 2 2 2 2
left_child=2 5 -1 4 -3 -2 -4
right_child=1 3 6 -5 -6 -7 -8
leaf_value=-0.10339360955644537 -0.059572978127957719 -0.12517745009249021 -0.044403458753105446 0.042524905253684513 0.010151998666886264 0.0043057521733237637 0.046657908282443587
leaf_weight=670 758 92 687 2850 1879 812 250
leaf_count=670 758 92 687 2850 1879 812 250
internal_value=-0.000270366 0.0135173 -0.0549753 0.0266044 0.00353449 -0.0266263 -0.0199888
internal_weight=7998 6391 1607 4821 1971 1570 937
internal_count=7998 6391 1607 4821 1971 1570 937
is_linear=0
shrinkage=0.02


Tree=175
num_leaves=8
num_cat=0
split_feature=44 31 41 41 31 16 43
split_gain=16085.7 8741.15 7681.38 6679.32 6276.87 5681.52 3925.12
threshold=1.0000000180025095e-35 1.0000000180025095e-35 67.365000000000023 15.475000000000003 1.0000000180025095e-35 0.56385000000000007 1.0000000180025095e-35
decision_type=2 2 2 2 2 2 2
left_child=3 2 5 -1 6 -2 -5
right_child=1 -3 -4 4 -6 -7 -8
leaf_value=-0.22483292629983692 -0.053814080289945901 0.033258984543243608 0.056110217270764089 -0.1764951422197478 -0.013185723057211184 0.014447630078282363 -0.063651149488840084
leaf_weight=85 1423 3725 500 170 905 738 456
leaf_count=85 1423 3725 500 170 905 738 456
internal_value=-0.00077233 0.0135002 -0.0141696 -0.0570412 -0.047024 -0.0305226 -0.0954514
internal_weight=8002 6386 2661 1616 1531 2161 626
internal_count=8002 6386 2661 1616 1531 2161 626
is_linear=0
shrinkage=0.02


Tree=176
num_leaves=8
num_cat=0
split_feature=41 33 41 12 43 34 41
split_gain=13403.1 11659.7 6373.77 6255.31 4518.38 4488.38 4126.5
threshold=62.095000000000006 2.5000000000000004 15.475000000000003 45.745000000000012 1.0000000180025095e-35 3.5000000000000004 22.365000000000006
decision_type=2 2 2 2 2 2 2
left_child=1 3 -3 4 -1 -4 -5
right_child=-2 2 5 6 -6 -7 -8
leaf_value=-0.12992978918830694 0.042675135574017461 -0.10411333287453783 0.0074369581976941558 -0.12051710828969425 -0.051051052392293246 0.07512528483927762 -0.002671600342274556
leaf_weight=418 2189 176 2472 127 970 461 1196
leaf_count=418 2189 176 2472 127 970 461 1196
internal_value=0.000544364 -0.0153248 0.0111064 -0.0456009 -0.0751867 0.0181857 -0.0143952
internal_weight=8009 5820 3109 2711 1388 2933 1323
internal_count=8009 5820 3109 2711 1388 2933 1323
is_linear=0
shrinkage=0.02


Tree=177
num_leaves=8
num_cat=0
split_feature=52 31 43 40 33 42 33
split_gain=17131.8 9297.06 5164.01 4550.19 3723.75 3660.6 3260.86
threshold=45.045000000000009 1.0000000180025095e-35 1.0000000180025095e-35 45.705000000000005 2.5000000000000004 17.205000000000002 4.5000000000000009
decision_type=2 2 2 2 2 2 2
left_child=1 5 4 6 -2 -1 -3
right_child=2 3 -4 -5 -6 -7 -8
leaf_value=-0.17778436496728608 -0.050719767749726662 -0.048275329100817416 0.03805752122878759 0.026025995481684203 0.023990028569045495 -0.061101193689233203 0.054567885018057288
leaf_weight=114 513 881 3513 987 546 1348 139
leaf_count=114 513 881 3513 987 546 1348 139
internal_value=0.000983022 -0.0325051 0.0263998 -0.00452106 -0.0122691 -0.0707745 -0.0340626
internal_weight=8041 3469 4572 2007 1059 1462 1020
internal_count=8041 3469 4572 2007 1059 1462 1020
is_linear=0
shrinkage=0.02


Tree=178
num_leaves=8
num_cat=0
split_feature=44 52 43 43 52 40 52
split_gain=13980.5 10500.7 6001.44 5353.36 4131.42 3960.42 3758.86
threshold=1.0000000180025095e-35 32.835000000000008 1.0000000180025095e-35 1.0000000180025095e-35 67.205000000000013 58.645000000000003 46.815000000000005
decision_type=2 2 2 2 2 2 2
left_child=2 5 -1 4 -3 -2 -4
right_child=1 3 6 -5 -6 -7 -8
leaf_value=-0.11805268837279503 -0.052455621027122201 -0.031013154738709765 -0.066958687915962115 0.038689682148732779 0.058526919742962764 0.029327186092268677 0.0038051287756062147
leaf_weight=406 1086 889 559 3850 263 299 641
leaf_count=406 1086 889 559 3850 263 299 641
internal_value=0.000621195 0.0138915 -0.0520337 0.0273833 -0.0104067 -0.034758 -0.0293001
internal_weight=7993 6387 1606 5002 1152 1385 1200
internal_count=7993 6387 1606 5002 1152 1385 1200
is_linear=0
shrinkage=0.02


Tree=179
num_leaves=8
num_cat=0
split_feature=41 33 34 52 43 31 41
split_gain=15594.1 9789.18 7077.77 6716.63 5147.05 4202.1 4028.8
threshold=36.045000000000009 1.0000000180025095e-35 3.5000000000000004 53.375000000000007 1.0000000180025095e-35 1.0000000180025095e-35 20.030000000000005
decision_type=2 2 2 2 2 2 2
left_child=2 -2 4 5 -1 -3 -6
right_child=1 3 -4 -5 6 -7 -8
leaf_value=-0.11711280562220423 -0.095778047010159725 -0.027992457634977628 0.069537657071119072 0.043602993384517882 -0.10467138831430164 0.018339876241680715 -0.020351565119656887
leaf_weight=518 308 1283 169 2516 299 1992 905
leaf_count=518 308 1283 169 2516 299 1992 905
internal_value=-0.00237341 0.0131905 -0.0524739 0.0190638 -0.064615 0.000173917 -0.0416377
internal_weight=7990 6099 1891 5791 1722 3275 1204
internal_count=7990 6099 1891 5791 1722 3275 1204
is_linear=0
shrinkage=0.02


Tree=180
num_leaves=8
num_cat=0
split_feature=41 44 33 33 64 41 41
split_gain=13194.3 12111.3 9960.4 5373.35 5022.28 4217.79 3950.83
threshold=67.365000000000023 1.0000000180025095e-35 1.5000000000000002 4.5000000000000009 4.5000000000000009 20.030000000000005 35.225000000000001
decision_type=2 2 2 2 2 2 2
left_child=1 3 -3 6 5 -4 -1
right_child=-2 2 4 -5 -6 -7 -8
leaf_value=-0.13426330215503007 0.050412954482146444 -0.054769307265448014 -0.069236457192449155 0.048307121791359452 0.073793497544185765 0.011727409358514601 -0.05612901377400225
leaf_weight=385 1543 1070 274 139 484 3319 815
leaf_count=385 1543 1070 274 139 484 3319 815
internal_value=-0.00205627 -0.0145678 -0.000606958 -0.06803 0.0136575 0.00546552 -0.0816502
internal_weight=8029 6486 5147 1339 4077 3593 1200
internal_count=8029 6486 5147 1339 4077 3593 1200
is_linear=0
shrinkage=0.02


Tree=181
num_leaves=8
num_cat=0
split_feature=52 44 41 33 40 41 34
split_gain=14295.4 9083.49 5265.27 5714.66 5134.65 4479.22 4687.35
threshold=32.835000000000008 1.0000000180025095e-35 67.365000000000023 1.5000000000000002 58.645000000000003 71.760000000000005 2.5000000000000004
decision_type=2 2 2 2 2 2 2
left_child=4 5 3 -3 -1 6 -2
right_child=1 2 -4 -5 -6 -7 -8
leaf_value=-0.068484070290953894 -0.071432442619153352 -0.032083412084364923 0.066413745042312206 0.028027626695245229 0.01644436799644769 0.065712024649837983 0.023911839683509909
leaf_weight=1341 822 784 1052 3196 359 155 272
leaf_count=1341 822 784 1052 3196 359 155 272
internal_value=0.000810295 0.0147415 0.0267226 0.0161613 -0.0505536 -0.0334427 -0.0477262
internal_weight=7981 6281 5032 3980 1700 1249 1094
internal_count=7981 6281 5032 3980 1700 1249 1094
is_linear=0
shrinkage=0.02


Tree=182
num_leaves=8
num_cat=0
split_feature=52 41 16 64 41 42 65
split_gain=13219.6 6909.52 6399.45 5343.39 4379.06 4012.75 2945.82
threshold=44.005000000000003 29.290000000000003 0.50695000000000012 3.5000000000000004 36.595000000000006 69.175000000000026 1.0000000180025095e-35
decision_type=2 2 2 2 2 2 2
left_child=1 -1 4 5 -2 -3 -4
right_child=2 3 6 -5 -6 -7 -8
leaf_value=-0.09460845075784248 -0.0499034682009033 -0.049793953328066048 -0.021463875705416587 0.022611536008729748 0.013694081035430445 0.032312434354349447 0.05438369237996505
leaf_weight=558 549 1537 226 887 1979 278 1960
leaf_count=558 549 1537 226 887 1979 278 1960
internal_value=8.71551e-05 -0.0308524 0.0214936 -0.0175354 -0.000188498 -0.0371637 0.0465111
internal_weight=7974 3260 4714 2702 2528 1815 2186
internal_count=7974 3260 4714 2702 2528 1815 2186
is_linear=0
shrinkage=0.02


Tree=183
num_leaves=8
num_cat=0
split_feature=44 65 31 12 34 43 12
split_gain=13821.1 7958.62 4931.68 4629.14 2883.35 3080.43 2784.15
threshold=1.0000000180025095e-35 0.22500000000000003 1.0000000180025095e-35 45.970000000000006 3.5000000000000004 1.0000000180025095e-35 40.635000000000012
decision_type=2 2 2 2 2 2 2
left_child=2 6 -1 4 5 -3 -2
right_child=1 3 -4 -5 -6 -7 -8
leaf_value=-0.094182528392535408 -0.10309809436418409 -0.043075880136573687 -0.023429112438425857 0.037082436375226131 0.064669421124023227 0.0073568432203539782 -0.0162586949886377
leaf_weight=673 276 635 952 2933 257 1989 316
leaf_count=673 276 635 952 2933 257 1989 316
internal_value=-0.000930121 0.0122918 -0.0529309 0.0194179 0.00140138 -0.00490644 -0.057269
internal_weight=8031 6406 1625 5814 2881 2624 592
internal_count=8031 6406 1625 5814 2881 2624 592
is_linear=0
shrinkage=0.02


Tree=184
num_leaves=8
num_cat=0
split_feature=40 33 40 33 43 33 33
split_gain=11355.7 9771.33 7459.43 7597.24 6715.26 4553.72 3993.1
threshold=19.550000000000001 1.0000000180025095e-35 72.590000000000018 2.5000000000000004 1.0000000180025095e-35 4.5000000000000009 4.5000000000000009
decision_type=2 2 2 2 2 2 2
left_child=5 -2 3 4 -3 -1 -5
right_child=1 2 -4 6 -6 -7 -8
leaf_value=-0.10494019590741034 -0.093680581362354659 -0.074451260563668228 0.061843093042627036 0.012672861694498634 -0.0024917712954873718 0.077065995704560047 0.067158197768401179
leaf_weight=506 362 705 1028 2802 1927 58 662
leaf_count=506 362 705 1028 2802 1927 58 662
internal_value=0.000425401 0.00696781 0.0121443 0.00371951 -0.0218713 -0.0857105 0.0231673
internal_weight=8050 7486 7124 6096 2632 564 3464
internal_count=8050 7486 7124 6096 2632 564 3464
is_linear=0
shrinkage=0.02


Tree=185
num_leaves=8
num_cat=0
split_feature=44 42 66 66 42 66 42
split_gain=11250.2 7577.64 6550.36 6043.07 4503.82 4539.21 4466.51
threshold=1.0000000180025095e-35 9.1200000000000028 1.0000000180025095e-35 0.56250000000000011 72.320000000000007 0.56250000000000011 74.605000000000004
decision_type=2 2 2 2 2 2 2
left_child=3 -2 -3 6 5 -4 -1
right_child=1 2 4 -5 -6 -7 -8
leaf_value=-0.071280628626337841 -0.12271100507557758 -0.074332205971950074 0.0055106965460279926 0.064910234061294592 0.059024121144224583 0.067299799551343201 0.047319733031408885
leaf_weight=1324 158 304 4358 169 987 529 137
leaf_count=1324 158 304 4358 169 987 529 137
internal_value=-0.000144966 0.0119165 0.015456 -0.0469224 0.0201621 0.0122611 -0.0600358
internal_weight=7966 6336 6178 1630 5874 4887 1461
internal_count=7966 6336 6178 1630 5874 4887 1461
is_linear=0
shrinkage=0.02


Tree=186
num_leaves=8
num_cat=0
split_feature=16 52 41 41 64 40 65
split_gain=13291.1 7904.64 5711.08 3979.75 3894.76 3839.27 3099.69
threshold=0.38705000000000006 45.045000000000009 54.485000000000007 21.850000000000005 4.5000000000000009 58.175000000000004 0.58571428571428574
decision_type=2 2 2 2 2 2 2
left_child=2 5 4 -3 -1 6 -2
right_child=1 3 -4 -5 -6 -7 -8
leaf_value=-0.076515985405095202 -0.051548242329703203 -0.049466208110155147 0.00023985046941853134 0.042024061979096035 0.044590295683908258 0.029917217941628289 0.0016037266363676775
leaf_weight=1230 911 198 840 3221 113 674 842
leaf_count=1230 911 198 840 3221 113 674 842
internal_value=0.00136284 0.017088 -0.0406915 0.0366612 -0.0661985 -0.0105041 -0.0260864
internal_weight=8029 5846 2183 3419 1343 2427 1753
internal_count=8029 5846 2183 3419 1343 2427 1753
is_linear=0
shrinkage=0.02


Tree=187
num_leaves=8
num_cat=0
split_feature=52 41 34 16 34 41 41
split_gain=13497.9 9813.71 6910.97 5965.8 4074.47 3558.88 3247.34
threshold=61.945000000000007 29.600000000000005 2.5000000000000004 0.38165000000000004 3.5000000000000004 64.65000000000002 14.405000000000003
decision_type=2 2 2 2 2 2 2
left_child=1 4 3 -3 6 -5 -1
right_child=-2 2 -4 5 -6 -7 -8
leaf_value=-0.15817594009165717 0.043974785407010109 -0.059762749474799759 0.037470610591111564 -0.016248146143458937 0.055150633507304717 0.034284122640068138 -0.065200044075107752
leaf_weight=197 2086 975 1214 2029 85 763 655
leaf_count=197 2086 975 1214 2029 85 763 655
internal_value=0.000289914 -0.0151324 -0.00393288 -0.0173081 -0.0743312 -0.00240205 -0.0874954
internal_weight=8004 5918 4981 3767 937 2792 852
internal_count=8004 5918 4981 3767 937 2792 852
is_linear=0
shrinkage=0.02


Tree=188
num_leaves=8
num_cat=0
split_feature=44 16 34 41 41 66 66
split_gain=11032.7 7261.49 5395.25 4836.04 4622.34 4320.78 3925.5
threshold=1.0000000180025095e-35 0.39065000000000005 3.5000000000000004 35.225000000000001 23.855000000000004 1.0000000180025095e-35 0.18750000000000003
decision_type=2 2 2 2 2 2 2
left_child=2 -2 3 -1 -3 -6 -5
right_child=1 4 -4 6 5 -7 -8
leaf_value=-0.11456537388274109 -0.022144833086533932 -0.04141183903264372 0.070975093843580098 -0.10118854019179273 -0.053633575524790172 0.03615880534795933 -0.013386070318044686
leaf_weight=410 1758 375 142 263 222 4052 857
leaf_count=410 1758 375 142 263 222 4052 857
internal_value=0.000491712 0.0124366 -0.045181 -0.0561576 0.0255232 0.0314376 -0.0343621
internal_weight=8079 6407 1672 1530 4649 4274 1120
internal_count=8079 6407 1672 1530 4649 4274 1120
is_linear=0
shrinkage=0.02


Tree=189
num_leaves=8
num_cat=0
split_feature=52 41 33 16 40 33 65
split_gain=11665.4 7834.3 8570.67 5921.39 4733.97 4840.53 3595.66
threshold=32.615000000000002 67.365000000000023 1.5000000000000002 0.57745000000000013 58.645000000000003 4.5000000000000009 0.76388888888888895
decision_type=2 2 2 2 2 2 2
left_child=4 2 -2 6 5 -1 -4
right_child=1 -3 3 -5 -6 -7 -8
leaf_value=-0.075746491601039703 -0.051726023197141639 0.055787265488893789 -0.0096163104046216915 0.05183573224335418 0.017395874578351816 0.057989631283096969 0.064381905199177941
leaf_weight=1234 1000 1284 2532 1148 358 115 288
leaf_count=1234 1000 1284 2532 1148 358 115 288
internal_value=-0.0008058 0.0118522 0.000452295 0.0136506 -0.0470657 -0.0641737 -0.00195847
internal_weight=7959 6252 4968 3968 1707 1349 2820
internal_count=7959 6252 4968 3968 1707 1349 2820
is_linear=0
shrinkage=0.02


Tree=190
num_leaves=8
num_cat=0
split_feature=64 52 16 42 40 66 66
split_gain=11439.6 9875.03 6326.23 3688.03 3575.49 3259.85 2864.24
threshold=1.5000000000000002 32.835000000000008 0.56385000000000007 20.675000000000004 58.645000000000003 0.56250000000000011 1.0000000180025095e-35
decision_type=2 2 2 2 2 2 2
left_child=-1 4 3 -3 5 -2 -5
right_child=1 2 -4 6 -6 -7 -8
leaf_value=-0.088499612383769716 -0.063375642654480424 -0.064806191140936845 0.04711051224705555 -0.084740622898959742 0.019032682704293626 0.047105694635450342 0.011950970848018289
leaf_weight=549 1162 291 1951 122 344 114 3520
leaf_count=549 1162 291 1951 122 344 114 3520
internal_value=-0.000795425 0.00567576 0.0177162 0.00309357 -0.0379762 -0.0533597 0.00860025
internal_weight=8053 7504 5884 3933 1620 1276 3642
internal_count=8053 7504 5884 3933 1620 1276 3642
is_linear=0
shrinkage=0.02


Tree=191
num_leaves=8
num_cat=0
split_feature=52 64 40 16 34 40 45
split_gain=12030.3 9491.48 8990.41 6876.1 5540.98 4139.13 3167.57
threshold=63.135000000000012 3.5000000000000004 25.625000000000004 0.56385000000000007 2.5000000000000004 72.590000000000018 1.0000000180025095e-35
decision_type=2 2 2 2 2 2 2
left_child=1 2 6 4 5 -4 -1
right_child=-2 -3 3 -5 -6 -7 -8
leaf_value=-0.066683277315384634 0.043698989025711392 0.020943755245467065 -0.064773509419548306 0.021326876408939276 0.028508979524868982 0.025731739884985876 -0.16466102478847114
leaf_weight=365 1958 2112 1626 1126 396 228 214
leaf_count=365 1958 2112 1626 1126 396 228 214
internal_value=0.000658551 -0.0132564 -0.0315229 -0.0189581 -0.0391211 -0.0536041 -0.103996
internal_weight=8025 6067 3955 3376 2250 1854 579
internal_count=8025 6067 3955 3376 2250 1854 579
is_linear=0
shrinkage=0.02


Tree=192
num_leaves=8
num_cat=0
split_feature=52 41 33 16 34 41 16
split_gain=10266.8 8427.32 7288.33 6233.27 4249.73 3231.51 2524.85
threshold=58.635000000000012 58.930000000000007 4.5000000000000009 0.42885000000000006 1.0000000180025095e-35 27.605000000000004 0.50455000000000017
decision_type=2 2 2 2 2 2 2
left_child=1 2 3 5 -5 -1 -2
right_child=6 -3 -4 4 -6 -7 -8
leaf_value=-0.13835414192657133 0.014449206777168502 0.022097054093119101 0.052145196079810462 -0.099346179353375724 -0.0087859633984552557 -0.058924647851749307 0.054193476732638801
leaf_weight=256 1328 1696 370 229 1827 1052 1237
leaf_count=256 1328 1696 370 229 1827 1052 1237
internal_value=0.000746744 -0.0148289 -0.031608 -0.0408835 -0.0190892 -0.0749381 0.0336845
internal_weight=7995 5430 3734 3364 2056 1308 2565
internal_count=7995 5430 3734 3364 2056 1308 2565
is_linear=0
shrinkage=0.02


Tree=193
num_leaves=8
num_cat=0
split_feature=52 64 64 52 42 64 40
split_gain=12204.3 8236.64 5460.38 5305.27 5023.88 3636.67 3062.63
threshold=30.840000000000003 1.5000000000000002 3.5000000000000004 61.455000000000005 17.205000000000002 4.5000000000000009 7.5900000000000007
decision_type=2 2 2 2 2 2 2
left_child=2 -2 6 4 -3 -6 -1
right_child=1 3 -4 -5 5 -7 -8
leaf_value=-0.21598324812227682 -0.073471266783943237 -0.081773776460538877 0.0030609213232748794 0.043032414484153791 0.0029932065552658806 0.073024008393425627 -0.069293283370147743
leaf_weight=57 435 256 481 1974 3515 319 986
leaf_count=57 435 256 481 1974 3515 319 986
internal_value=-0.0018543 0.0100994 -0.0526965 0.01615 0.00313868 0.00890749 -0.0783021
internal_weight=8023 6499 1524 6064 4090 3834 1043
internal_count=8023 6499 1524 6064 4090 3834 1043
is_linear=0
shrinkage=0.02


Tree=194
num_leaves=8
num_cat=0
split_feature=40 41 31 16 16 10 10
split_gain=10311.5 8322.48 9345.6 4780.76 3838.44 3369.89 2637.68
threshold=8.9700000000000024 67.030000000000015 1.0000000180025095e-35 0.57345000000000013 0.62775000000000014 18502.500000000004 14089.200000000003
decision_type=2 2 2 2 2 2 2
left_child=-1 2 3 5 6 -2 -4
right_child=1 -3 4 -5 -6 -7 -8
leaf_value=-0.14211861614867582 -0.092287273064109943 0.046580373244166431 -0.039793011139143755 0.005673353587196007 0.058232507902022078 -0.03310263880477287 0.013597481489654296
leaf_weight=189 570 1570 428 832 685 1195 2547
leaf_count=189 570 1570 428 832 685 1195 2547
internal_value=0.00192048 0.00548713 -0.00485291 -0.0338354 0.0157301 -0.0524228 0.00586255
internal_weight=8016 7827 6257 2597 3660 1765 2975
internal_count=8016 7827 6257 2597 3660 1765 2975
is_linear=0
shrinkage=0.02


Tree=195
num_leaves=8
num_cat=0
split_feature=41 64 12 34 40 12 41
split_gain=10940.7 5754.26 4958.06 4896.85 3776.54 3437.89 2877.07
threshold=33.735000000000007 1.5000000000000002 43.755000000000003 3.5000000000000004 18.925000000000004 14.955000000000002 70.415000000000006
decision_type=2 2 2 2 2 2 2
left_child=3 6 -3 4 -1 -6 -2
right_child=1 2 -4 -5 5 -7 -8
leaf_value=-0.12281097139122109 -0.083414992194928803 -0.0044438081960505608 0.032049115295894326 0.064021087880734795 -0.16288501022891566 -0.032470271423899758 0.068722945436582722
leaf_weight=292 348 2746 3246 138 83 1077 54
leaf_count=292 348 2746 3246 138 83 1077 54
internal_value=-0.00127809 0.0104041 0.0153355 -0.048142 -0.0589853 -0.0424607 -0.0623854
internal_weight=7984 6394 5992 1590 1452 1160 402
internal_count=7984 6394 5992 1590 1452 1160 402
is_linear=0
shrinkage=0.02


Tree=196
num_leaves=8
num_cat=0
split_feature=41 33 16 41 33 64 42
split_gain=9644.83 8439.42 6856.95 5380.11 3133.83 2903.54 2760.55
threshold=67.365000000000023 1.5000000000000002 0.36255000000000004 14.405000000000003 1.0000000180025095e-35 4.5000000000000009 4.6300000000000017
decision_type=2 2 2 2 2 2 2
left_child=1 4 5 -4 -1 -3 -5
right_child=-2 2 3 6 -6 -7 -8
leaf_value=-0.10978031201870896 0.045438474961391626 -0.051433015981079626 -0.097760895520269162 -0.11726647494708077 -0.037916563600451057 0.045062289473561334 0.020725442101838906
leaf_weight=321 1506 1083 161 54 993 137 3720
leaf_count=321 1506 1083 161 54 993 137 3720
internal_value=-5.97258e-05 -0.0106787 0.000871117 0.0137196 -0.0558219 -0.0404574 0.0185985
internal_weight=7975 6469 5155 3935 1314 1220 3774
internal_count=7975 6469 5155 3935 1314 1220 3774
is_linear=0
shrinkage=0.02


Tree=197
num_leaves=8
num_cat=0
split_feature=44 42 16 41 34 34 41
split_gain=10739.8 6156.92 5683.27 5088.19 4435.16 4232.44 4028.37
threshold=1.0000000180025095e-35 9.1200000000000028 0.36255000000000004 15.475000000000003 1.0000000180025095e-35 3.5000000000000004 71.760000000000005
decision_type=2 2 2 2 2 2 2
left_child=3 -2 -3 -1 -4 6 -5
right_child=1 2 4 5 -6 -7 -8
leaf_value=-0.19773514561793384 -0.11109160857911436 -0.021973115009930422 -0.033091631379873476 -0.061122528002487152 0.030568076076801835 0.068536241700297554 0.043420712897587102
leaf_weight=80 156 1356 482 1220 4397 131 164
leaf_count=80 156 1356 482 1220 4397 131 164
internal_value=-0.000546824 0.0110466 0.014189 -0.0468897 0.0242516 -0.0383 -0.0486227
internal_weight=7986 6391 6235 1595 4879 1515 1384
internal_count=7986 6391 6235 1595 4879 1515 1384
is_linear=0
shrinkage=0.02


Tree=198
num_leaves=8
num_cat=0
split_feature=40 66 16 40 34 55 66
split_gain=9266.44 7366.87 6562.38 4513.33 5081.08 3641.48 3313.96
threshold=22.675000000000004 1.0000000180025095e-35 0.57745000000000013 72.590000000000018 2.5000000000000004 54.735000000000007 0.56250000000000011
decision_type=2 2 2 2 2 2 2
left_child=6 -2 3 4 5 -3 -1
right_child=1 2 -4 -5 -6 -7 -8
leaf_value=-0.079703924179780644 -0.079828398539311188 -0.013486834754568853 0.04095252469671104 0.046360926535721207 0.026173396163864635 -0.074179467355359852 0.058865556869751368
leaf_weight=694 369 2545 2082 674 1164 464 73
leaf_count=694 369 2545 2082 674 1164 464 73
internal_value=-0.000324072 0.00664196 0.0113011 -0.00146452 -0.00923526 -0.0229534 -0.0662196
internal_weight=8065 7298 6929 4847 4173 3009 767
internal_count=8065 7298 6929 4847 4173 3009 767
is_linear=0
shrinkage=0.02


Tree=199
num_leaves=8
num_cat=0
split_feature=43 41 41 66 12 31 40
split_gain=9685.62 6012 4926.6 4777.46 4348.27 3963.04 3940.56
threshold=1.0000000180025095e-35 23.250000000000004 34.985000000000007 0.31250000000000006 59.515000000000008 1.0000000180025095e-35 78.055000000000021
decision_type=2 2 2 2 2 2 2
left_child=2 -2 -1 -4 5 6 -3
right_child=1 4 3 -5 -6 -7 -8
leaf_value=-0.090781113554557327 -0.056692249340912139 -0.026300047584112116 -0.054590933007729964 0.017461405814686727 0.046916230331786032 0.024257022134483792 0.076450087884104401
leaf_weight=516 453 1491 741 723 1565 2359 161
leaf_count=516 453 1491 741 723 1565 2359 161
internal_value=0.000383452 0.0129902 -0.0379395 -0.0190694 0.018697 0.00764179 -0.0160858
internal_weight=8009 6029 1980 1464 5576 4011 1652
internal_count=8009 6029 1980 1464 5576 4011 1652
is_linear=0
shrinkage=0.02


Tree=200
num_leaves=8
num_cat=0
split_feature=52 31 40 52 40 64 64
split_gain=9757.42 7722.03 5312.07 5226.51 4415.51 3157.23 3073.48
threshold=65.310000000000016 1.0000000180025095e-35 72.305000000000021 35.125000000000007 5.6100000000000003 1.5000000000000002 4.5000000000000009
decision_type=2 2 2 2 2 2 2
left_child=1 2 3 -1 -3 -5 -6
right_child=-2 4 -4 5 6 -7 -8
leaf_value=-0.089351520816384616 0.042465153323456704 -0.14637706093592187 0.041465813593730624 -0.091047758818510544 0.0035719496029359642 -0.013138484259389129 0.058326603583281199
leaf_weight=786 1733 68 299 244 3131 1281 467
leaf_count=786 1733 68 299 244 3131 1281 467
internal_value=0.000525614 -0.0110798 -0.0373378 -0.0476011 0.00763995 -0.0258608 0.0107499
internal_weight=8009 6276 2610 2311 3666 1525 3598
internal_count=8009 6276 2610 2311 3666 1525 3598
is_linear=0
shrinkage=0.02


Tree=201
num_leaves=8
num_cat=0
split_feature=41 43 41 33 33 42 34
split_gain=10403.6 7342.97 4690.67 4624.49 4115.63 2874.03 2779.06
threshold=18.610000000000003 1.0000000180025095e-35 78.865000000000023 1.0000000180025095e-35 2.5000000000000004 14.795000000000002 2.5000000000000004
decision_type=2 2 2 2 2 2 2
left_child=-1 2 4 -3 -2 -6 -5
right_child=1 3 -4 6 5 -7 -8
leaf_value=-0.097549897602487209 -0.068668358026307899 -0.06542721400753275 0.10114637418568713 0.011194912307856849 -0.13944645891424087 0.0028887010908311269 0.043639453632234176
leaf_weight=416 865 263 98 4044 56 811 1427
leaf_count=416 865 263 98 4044 56 811 1427
internal_value=-0.000783413 0.00459941 -0.0302302 0.0157319 -0.0379335 -0.00705167 0.0196895
internal_weight=7980 7564 1830 5734 1732 867 5471
internal_count=7980 7564 1830 5734 1732 867 5471
is_linear=0
shrinkage=0.02


Tree=202
num_leaves=8
num_cat=0
split_feature=44 41 16 66 66 41 66
split_gain=9759.98 5964.11 5495.74 5042.71 4569.49 3874.49 3196.66
threshold=1.0000000180025095e-35 15.475000000000003 0.36455000000000004 0.18750000000000003 1.0000000180025095e-35 23.855000000000004 0.56250000000000011
decision_type=2 2 2 2 2 2 2
left_child=1 -1 -2 -3 -4 -6 -5
right_child=2 3 4 6 5 -7 -8
leaf_value=-0.20764553490726428 -0.025388463625519622 -0.1064168406635793 -0.062951780379789088 -0.03021741109961008 -0.038392098969410336 0.02844957486138288 0.068339510136842738
leaf_weight=82 1476 326 256 1082 373 4298 145
leaf_count=82 1476 326 256 1082 373 4298 145
internal_value=-0.00273641 -0.0462711 0.00840755 -0.0371113 0.0185474 0.0230766 -0.0183404
internal_weight=8038 1635 6403 1553 4927 4671 1227
internal_count=8038 1635 6403 1553 4927 4671 1227
is_linear=0
shrinkage=0.02


Tree=203
num_leaves=8
num_cat=0
split_feature=40 66 66 40 34 40 55
split_gain=9461.08 8789.85 4535.19 4315.97 3665.1 4092.54 3382.17
threshold=18.925000000000004 0.18750000000000003 0.56250000000000011 68.00500000000001 3.5000000000000004 76.460000000000022 52.875000000000007
decision_type=2 2 2 2 2 2 2
left_child=2 3 -1 -2 5 6 -3
right_child=1 4 -4 -5 -6 -7 -8
leaf_value=-0.10197292218638493 -0.053476141340166282 0.013734450376766046 0.084284675995508831 0.027225816034461899 0.061460947522579808 0.062771114806132816 -0.028818483085853722
leaf_weight=468 1232 3780 55 334 654 550 926
leaf_count=468 1232 3780 55 334 654 550 926
internal_value=4.98592e-05 0.00582478 -0.0817729 -0.036232 0.01699 0.0114033 0.00533961
internal_weight=7999 7476 523 1566 5910 5256 4706
internal_count=7999 7476 523 1566 5910 5256 4706
is_linear=0
shrinkage=0.02


Tree=204
num_leaves=8
num_cat=0
split_feature=44 42 16 52 33 55 33
split_gain=9763.83 6457.27 6597.63 4875.73 4140.08 3632.32 3113.99
threshold=1.0000000180025095e-35 9.1200000000000028 0.35085000000000005 48.225000000000001 1.0000000180025095e-35 57.045000000000009 4.5000000000000009
decision_type=2 2 2 2 2 2 2
left_child=3 -2 -3 6 -4 -6 -1
right_child=1 2 4 -5 5 -7 -8
leaf_value=-0.090020389635310616 -0.11028290215485237 -0.027153779185694758 -0.052321938705828151 -0.0087727353001114325 0.035075437329452695 -0.022522850689003057 0.049381238391829861
leaf_weight=741 165 1209 259 807 4234 485 67
leaf_count=741 165 1209 259 807 4234 485 67
internal_value=0.000175563 0.0113454 0.0146755 -0.0436563 0.0248516 0.0291381 -0.0782285
internal_weight=7967 6352 6187 1615 4978 4719 808
internal_count=7967 6352 6187 1615 4978 4719 808
is_linear=0
shrinkage=0.02


Tree=205
num_leaves=8
num_cat=0
split_feature=42 34 52 16 42 16 64
split_gain=9304.91 8918.86 6433.66 4873.17 3403.18 2876.84 2654.19
threshold=68.115000000000023 2.5000000000000004 32.835000000000008 0.50155000000000005 13.175000000000002 0.36455000000000004 4.5000000000000009
decision_type=2 2 2 2 2 2 2
left_child=1 2 5 6 -5 -1 -4
right_child=-2 -3 3 4 -6 -7 -8
leaf_value=-0.11896181629257953 0.041533049000783688 0.028851205873514463 -0.040433392458689515 -0.11879381277059255 0.018155633030504627 -0.04722426603911805 0.060225586287145111
leaf_weight=306 1634 1599 1775 71 1628 848 107
leaf_count=306 1634 1599 1775 71 1628 848 107
internal_value=-0.000945162 -0.0119275 -0.0257143 -0.012439 0.0121008 -0.0666777 -0.0345661
internal_weight=7968 6334 4735 3581 1699 1154 1882
internal_count=7968 6334 4735 3581 1699 1154 1882
is_linear=0
shrinkage=0.02


Tree=206
num_leaves=8
num_cat=0
split_feature=34 12 55 55 33 43 33
split_gain=7838.93 6231.75 3724.18 3621.68 2792.34 2787.52 2669.43
threshold=2.5000000000000004 43.755000000000003 54.735000000000007 49.015000000000008 1.0000000180025095e-35 1.0000000180025095e-35 1.5000000000000002
decision_type=2 2 2 2 2 2 2
left_child=1 2 4 -3 -1 -6 -4
right_child=-2 3 6 -5 5 -7 -8
leaf_value=-0.10076843177308055 0.03475039534796151 0.023882272140087042 -0.15954409638025466 -0.021093702102152348 -0.0533536248123304 -0.0032345644145017915 -0.051798270603348399
leaf_weight=165 1988 2070 132 1089 601 1662 306
leaf_count=165 1988 2070 132 1089 601 1662 306
internal_value=0.000363556 -0.0110021 -0.0323308 0.0083689 -0.0225462 -0.0166333 -0.0857038
internal_weight=8013 6025 2866 3159 2428 2263 438
internal_count=8013 6025 2866 3159 2428 2263 438
is_linear=0
shrinkage=0.02


Tree=207
num_leaves=8
num_cat=0
split_feature=52 64 64 41 33 12 64
split_gain=9997.18 6060.62 4422.69 4249.29 4629.23 3007.31 2973.45
threshold=32.615000000000002 1.0000000180025095e-35 3.5000000000000004 80.610000000000014 1.5000000000000002 44.045000000000009 4.5000000000000009
decision_type=2 2 2 2 2 2 2
left_child=2 -2 -1 4 5 -3 -6
right_child=1 3 -4 -5 6 -7 -8
leaf_value=-0.062738560065758328 -0.21268384265138751 -0.060866067773886319 0.0063496749134454534 0.075626600359662857 0.014297112060163923 0.0036660606083319044 0.066905943266736961
leaf_weight=1166 42 511 541 430 4164 655 475
leaf_count=1166 42 511 541 430 4164 655 475
internal_value=0.00195691 0.0136316 -0.0408878 0.0153253 0.0107973 -0.0247543 0.0197501
internal_weight=7984 6277 1707 6235 5805 1166 4639
internal_count=7984 6277 1707 6235 5805 1166 4639
is_linear=0
shrinkage=0.02


Tree=208
num_leaves=8
num_cat=0
split_feature=41 44 9 42 34 34 16
split_gain=8276.66 7668.18 5183.55 4763.57 4433.79 4254.18 3739.12
threshold=72.595000000000013 1.0000000180025095e-35 4.5000000000000009 10.480000000000002 1.5000000000000002 3.5000000000000004 0.36255000000000004
decision_type=2 2 2 2 2 2 2
left_child=1 5 3 -3 -5 -1 -4
right_child=-2 2 6 4 -6 -7 -8
leaf_value=-0.057877220930510315 0.054298745328163145 -0.1557429317418072 -0.012004273787635815 -0.034311287903385564 0.013889662718845171 0.063315788425970826 0.042473490194226513
leaf_weight=1306 1041 85 710 1398 1670 123 1716
leaf_count=1306 1041 85 710 1398 1670 123 1716
internal_value=0.00181863 -0.00601015 0.00458872 -0.0123149 -0.00809422 -0.0472612 0.026538
internal_weight=8049 7008 5579 3153 3068 1429 2426
internal_count=8049 7008 5579 3153 3068 1429 2426
is_linear=0
shrinkage=0.02


Tree=209
num_leaves=8
num_cat=0
split_feature=44 52 40 33 52 42 55
split_gain=10244.7 7105.48 4427.24 4331.34 3527.08 3399.47 2930.93
threshold=1.0000000180025095e-35 33.815000000000005 17.080000000000002 3.5000000000000004 72.425000000000026 12.335000000000003 53.675000000000004
decision_type=2 2 2 2 2 2 2
left_child=2 -2 -1 6 5 -3 -4
right_child=1 4 3 -5 -6 -7 -8
leaf_value=-0.15991404291447692 -0.028391598817373857 -0.083051199597971789 -0.039977782402508981 0.021751248359135486 0.059213288676998384 0.017258133493123703 -0.12159840620718561
leaf_weight=122 1484 135 902 378 820 3970 217
leaf_count=122 1484 135 902 378 820 3970 217
internal_value=-0.00145441 0.00990798 -0.0463258 -0.0365672 0.0214655 0.0138623 -0.0562764
internal_weight=8028 6409 1619 1497 4925 4105 1119
internal_count=8028 6409 1619 1497 4925 4105 1119
is_linear=0
shrinkage=0.02


Tree=210
num_leaves=8
num_cat=0
split_feature=52 40 33 34 40 64 64
split_gain=9622.67 6861.24 5880.75 4256.68 3399.09 3345.5 3162.69
threshold=60.225000000000001 21.625000000000004 1.0000000180025095e-35 2.5000000000000004 72.590000000000018 3.5000000000000004 4.5000000000000009
decision_type=2 2 2 2 2 2 2
left_child=1 5 -3 4 6 -1 -4
right_child=-2 2 3 -5 -6 -7 -8
leaf_value=-0.10771264629691307 0.035372367563582606 -0.096170866108740913 -0.023550723293679372 0.031997886210188793 0.041001510931268435 -0.0013852611179737484 0.061972239898851797
leaf_weight=415 2334 265 2945 1216 432 165 179
leaf_count=415 2334 265 2945 1216 432 165 179
internal_value=0.00128335 -0.0129003 -0.00536509 -0.000227059 -0.0112761 -0.0777347 -0.0185592
internal_weight=7951 5617 5037 4772 3556 580 3124
internal_count=7951 5617 5037 4772 3556 580 3124
is_linear=0
shrinkage=0.02


Tree=211
num_leaves=8
num_cat=0
split_feature=16 64 41 52 33 42 44
split_gain=9139.73 7191.84 4812.33 3965.91 3926.6 2939.65 3091.75
threshold=0.50455000000000017 3.5000000000000004 58.930000000000007 68.485000000000014 3.5000000000000004 10.480000000000002 1.0000000180025095e-35
decision_type=2 2 2 2 2 2 2
left_child=1 2 4 5 -1 -2 -7
right_child=3 -3 -4 -5 -6 6 -8
leaf_value=-0.071361693594931885 -0.090453946398240392 0.014036246765484406 -0.00056696802285094688 0.067115101202376362 -1.9751913797778959e-05 -0.026261260312822492 0.026176955042399107
leaf_weight=1550 102 1542 869 643 385 550 2380
leaf_count=1550 102 1542 869 643 385 550 2380
internal_value=-0.00100767 -0.020629 -0.0396834 0.0221927 -0.0572037 0.0125711 0.0163056
internal_weight=8021 4346 2804 3675 1935 3032 2930
internal_count=8021 4346 2804 3675 1935 3032 2930
is_linear=0
shrinkage=0.02


Tree=212
num_leaves=8
num_cat=0
split_feature=44 41 43 41 34 41 34
split_gain=8405.34 4704.53 3880.32 3848.37 3578.52 3047.48 3015.78
threshold=1.0000000180025095e-35 43.845000000000006 1.0000000180025095e-35 15.475000000000003 1.5000000000000002 70.035000000000011 3.5000000000000004
decision_type=2 2 2 2 2 2 2
left_child=3 2 -2 -1 -4 6 -5
right_child=1 -3 4 5 -6 -7 -8
leaf_value=-0.17085637971459108 -0.053306928139065235 0.02247301966830265 -0.031602813196430976 -0.054023663611272622 0.028903913020316349 0.036199855773485508 0.053104915881593683
leaf_weight=82 677 4096 666 1223 932 211 111
leaf_count=82 677 4096 666 1223 932 211 111
internal_value=-0.000692517 0.00967441 -0.0133675 -0.0411925 0.00366655 -0.0337818 -0.0449447
internal_weight=7998 6371 2275 1627 1598 1545 1334
internal_count=7998 6371 2275 1627 1598 1545 1334
is_linear=0
shrinkage=0.02


Tree=213
num_leaves=8
num_cat=0
split_feature=16 44 41 31 33 41 41
split_gain=7688.5 6250.18 4679.84 3847.17 3737.61 3073.32 2648.91
threshold=0.50035000000000007 1.0000000180025095e-35 54.900000000000006 1.0000000180025095e-35 1.0000000180025095e-35 14.405000000000003 57.680000000000007
decision_type=2 2 2 2 2 2 2
left_child=1 2 -1 6 -2 -6 -3
right_child=4 3 -4 -5 5 -7 -8
leaf_value=-0.099560592218846986 -0.058163914943113924 -0.052352795743860536 -0.0010825596461693447 0.012330454132365585 -0.077951615806498106 0.030046732638999308 0.0067456966887442802
leaf_weight=554 215 852 295 2032 104 3493 468
leaf_count=554 215 852 295 2032 104 3493 468
internal_value=0.00140597 -0.0172462 -0.0655493 -0.00493253 0.0219572 0.0268203 -0.0314533
internal_weight=8013 4201 849 3352 3812 3597 1320
internal_count=8013 4201 849 3352 3812 3597 1320
is_linear=0
shrinkage=0.02


Tree=214
num_leaves=8
num_cat=0
split_feature=16 12 64 43 42 33 33
split_gain=7068.39 5348.38 4188.94 3452.95 2624.11 2668 2616.67
threshold=0.50155000000000005 45.745000000000012 3.5000000000000004 1.0000000180025095e-35 59.265000000000008 4.5000000000000009 1.5000000000000002
decision_type=2 2 2 2 2 2 2
left_child=1 2 -1 4 5 -2 -5
right_child=3 -3 -4 6 -6 -7 -8
leaf_value=-0.060852399129098837 -0.050638480765325067 0.003452937787843171 -0.0016480925317771133 -0.0069456414490366896 0.037220315626832881 0.08683553674391338 0.039374357290453479
leaf_weight=1431 576 2149 717 621 262 58 2247
leaf_count=1431 576 2149 717 621 262 58 2247
internal_value=-0.00134215 -0.0188601 -0.0411398 0.018655 -0.0155522 -0.0374809 0.0293502
internal_weight=8061 4297 2148 3764 896 634 2868
internal_count=8061 4297 2148 3764 896 634 2868
is_linear=0
shrinkage=0.02


Tree=215
num_leaves=8
num_cat=0
split_feature=44 52 40 33 41 34 34
split_gain=7810.59 5660.34 3825.3 3597.63 2774.03 3852.56 2671.62
threshold=1.0000000180025095e-35 32.615000000000002 16.395000000000003 3.5000000000000004 67.365000000000023 1.0000000180025095e-35 1.0000000180025095e-35
decision_type=2 2 2 2 2 2 2
left_child=2 6 -1 -4 5 -3 -2
right_child=1 4 3 -5 -6 -7 -8
leaf_value=-0.14670074345013961 -0.11151690290162439 -0.049368677053390819 -0.048679816170296299 0.021813772792333107 0.048066164294124594 0.018157567149245876 -0.017038774083821741
leaf_weight=118 128 368 1109 388 1072 3610 1234
leaf_count=118 128 368 1109 388 1072 3610 1234
internal_value=-8.10677e-05 0.00982539 -0.0393214 -0.0303971 0.0195831 0.0118567 -0.0262932
internal_weight=8027 6412 1615 1497 5050 3978 1362
internal_count=8027 6412 1615 1497 5050 3978 1362
is_linear=0
shrinkage=0.02


Tree=216
num_leaves=8
num_cat=0
split_feature=52 16 40 31 44 9 34
split_gain=7723.27 7103.85 4798.66 4599.48 4474.32 3050.57 2701.49
threshold=73.135000000000005 0.36255000000000004 47.045000000000009 1.0000000180025095e-35 1.0000000180025095e-35 4.5000000000000009 2.5000000000000004
decision_type=2 2 2 2 2 2 2
left_child=1 3 4 -1 -3 6 -6
right_child=-2 2 -4 -5 5 -7 -8
leaf_value=-0.085397969004218852 0.052872339661539716 -0.068103609606279356 0.02044705005821448 -0.016333597583329158 -0.043270802901944676 0.026242994033637421 0.029816975891040261
leaf_weight=646 961 536 2989 954 802 814 266
leaf_count=646 961 536 2989 954 802 814 266
internal_value=-0.000144867 -0.00744862 0.00351594 -0.0443975 -0.0174124 -0.00283313 -0.0250132
internal_weight=7968 7007 5407 1600 2418 1882 1068
internal_count=7968 7007 5407 1600 2418 1882 1068
is_linear=0
shrinkage=0.02


Tree=217
num_leaves=8
num_cat=0
split_feature=43 16 33 52 40 44 41
split_gain=7778.13 5468.81 4792.98 4010.5 3421.13 2857.02 2661.27
threshold=1.0000000180025095e-35 0.49545000000000006 3.5000000000000004 31.190000000000001 59.065000000000005 1.0000000180025095e-35 68.705000000000013
decision_type=2 2 2 2 2 2 2
left_child=2 3 4 -2 5 -1 -5
right_child=1 -3 -4 6 -6 -7 -8
leaf_value=-0.13089738894201816 -0.053582700759603467 0.030888382600957286 0.01791533462085956 -0.0064135252664948407 -0.0018658554618773255 -0.053044575187050955 0.045182329464150239
leaf_weight=245 600 2870 511 2025 386 836 493
leaf_count=245 600 2870 511 2025 386 836 493
internal_value=-0.000370363 0.0109908 -0.034705 -0.00734428 -0.0530329 -0.0712107 0.00375796
internal_weight=7966 5988 1978 3118 1467 1081 2518
internal_count=7966 5988 1978 3118 1467 1081 2518
is_linear=0
shrinkage=0.02


Tree=218
num_leaves=8
num_cat=0
split_feature=64 40 31 45 40 40 55
split_gain=6783.61 4916.84 5208.48 4252.38 3816.54 2980.73 2241.47
threshold=1.5000000000000002 81.645000000000024 1.0000000180025095e-35 1.0000000180025095e-35 30.985000000000003 11.365000000000002 48.895000000000003
decision_type=2 2 2 2 2 2 2
left_child=-1 2 3 -2 -5 -4 -7
right_child=1 -3 5 4 -6 6 -8
leaf_value=-0.066475211766201053 0.013139280319563363 0.068244206079131176 -0.073875450048897714 -0.10790625227648859 -0.026677715317489064 0.027795890821395108 -0.0032690468618921521
leaf_weight=566 933 457 143 272 1445 2795 1389
leaf_count=566 933 457 143 272 1445 2795 1389
internal_value=-4.23136e-05 0.00505695 0.000872215 -0.0211857 -0.0398216 0.0143901 0.0174914
internal_weight=8000 7434 6977 2650 1717 4327 4184
internal_count=8000 7434 6977 2650 1717 4327 4184
is_linear=0
shrinkage=0.02


Tree=219
num_leaves=8
num_cat=0
split_feature=43 33 55 33 31 34 46
split_gain=6674.33 4113.45 3437.44 3369.44 2513.89 2081.33 1974.48
threshold=1.0000000180025095e-35 1.0000000180025095e-35 55.055000000000007 3.5000000000000004 1.0000000180025095e-35 1.5000000000000002 2.5000000000000004
decision_type=2 2 2 2 2 2 2
left_child=3 -2 -3 4 6 -4 -1
right_child=1 2 5 -5 -6 -7 -8
leaf_value=-0.15030952351424715 -0.063373916413964462 0.019825195916666281 -0.059916896958509595 0.012128856180623027 -0.021345067327930213 0.0028938693311670429 -0.059091707266367921
leaf_weight=111 289 4888 358 500 735 503 633
leaf_count=111 289 4888 358 500 735 503 633
internal_value=-0.000836909 0.00961327 0.0133342 -0.0326647 -0.0477977 -0.0234177 -0.0736134
internal_weight=8017 6038 5749 1979 1479 861 744
internal_count=8017 6038 5749 1979 1479 861 744
is_linear=0
shrinkage=0.02


Tree=220
num_leaves=8
num_cat=0
split_feature=41 33 42 55 33 52 52
split_gain=7042.98 4383.87 4139.09 4095.34 3471.26 3277.02 3146.88
threshold=41.255000000000003 5.5000000000000009 80.415000000000006 55.055000000000007 2.5000000000000004 75.385000000000005 17.585000000000004
decision_type=2 2 2 2 2 2 2
left_child=1 3 4 5 6 -1 -2
right_child=2 -3 -4 -5 -6 -7 -8
leaf_value=-0.028030580513097113 -0.10503226408472768 0.10648045896934835 0.060561568582556957 -0.09200558680790076 0.022627351139213166 0.067313071928727319 -0.0054252931529897097
leaf_weight=1944 130 90 643 381 2557 151 2120
leaf_count=1944 130 90 643 381 2557 151 2120
internal_value=0.000246577 -0.0270437 0.0131085 -0.0321019 0.00670473 -0.0210146 -0.0114005
internal_weight=8016 2566 5450 2476 4807 2095 2250
internal_count=8016 2566 5450 2476 4807 2095 2250
is_linear=0
shrinkage=0.02


Tree=221
num_leaves=8
num_cat=0
split_feature=40 16 55 34 64 40 34
split_gain=6307.55 5543.97 4125.65 3475.18 2798.74 2662.91 2491.89
threshold=20.705000000000002 0.57745000000000013 53.95000000000001 1.0000000180025095e-35 3.5000000000000004 72.590000000000018 3.5000000000000004
decision_type=2 2 2 2 2 2 2
left_child=4 2 3 -2 -1 6 -5
right_child=1 -3 -4 5 -6 -7 -8
leaf_value=-0.087821999371348408 -0.05636225868216993 0.033095761863490239 -0.04376202535686715 -0.0031996285911312246 0.0064054663666610516 0.050354356136807381 0.053585568923933964
leaf_weight=422 348 2272 877 3044 178 536 339
leaf_count=422 348 2272 877 3044 178 536 339
internal_value=0.00205171 0.00711286 -0.00438425 0.00375084 -0.0600459 0.00915379 0.00256132
internal_weight=8016 7416 5144 4267 600 3919 3383
internal_count=8016 7416 5144 4267 600 3919 3383
is_linear=0
shrinkage=0.02


Tree=222
num_leaves=8
num_cat=0
split_feature=41 34 41 12 55 9 31
split_gain=6664.26 5223.95 3737.15 3352.98 3257.49 3064.88 2884.67
threshold=53.935000000000009 3.5000000000000004 20.030000000000005 77.385000000000005 55.475000000000001 6.5000000000000009 1.0000000180025095e-35
decision_type=2 2 2 2 2 2 2
left_child=1 2 5 4 6 -1 -4
right_child=-2 -3 3 -5 -6 -7 -8
leaf_value=-0.11878827616626964 0.020823813013161094 0.054895981053251247 -0.035514484919513194 0.046028915369766762 -0.069521099213274595 -0.0082737890373576779 0.0040495568112720081
leaf_weight=268 3454 377 1336 315 484 160 1635
leaf_count=268 3454 377 1336 315 484 160 1635
internal_value=-0.000130042 -0.0159551 -0.0223756 -0.0159603 -0.0216704 -0.0780471 -0.0137714
internal_weight=8029 4575 4198 3770 3455 428 2971
internal_count=8029 4575 4198 3770 3455 428 2971
is_linear=0
shrinkage=0.02


Tree=223
num_leaves=8
num_cat=0
split_feature=66 44 12 55 41 41 55
split_gain=6435.41 5373.38 3899 3359.12 3313.32 2389.58 2330.28
threshold=1.0000000180025095e-35 1.0000000180025095e-35 45.970000000000006 51.095000000000006 63.395000000000003 32.935000000000009 55.185000000000009
decision_type=2 2 2 2 2 2 2
left_child=-1 3 4 5 6 -2 -3
right_child=1 2 -4 -5 -6 -7 -8
leaf_value=-0.078489575142138876 -0.062662478358979576 -0.0063132317859474884 0.030134982542233936 -0.074304654906318449 0.032364160002489324 0.0067862344718410015 -0.065167012766949708
leaf_weight=375 251 1857 3077 432 813 874 310
leaf_count=375 251 1857 3077 432 813 874 310
internal_value=0.00183805 0.00584321 0.0143628 -0.0272392 -0.00194605 -0.00891725 -0.0148632
internal_weight=7989 7614 6057 1557 2980 1125 2167
internal_count=7989 7614 6057 1557 2980 1125 2167
is_linear=0
shrinkage=0.02


Tree=224
num_leaves=8
num_cat=0
split_feature=52 41 64 34 41 34 9
split_gain=7715.34 6165.5 5197.46 3898.04 2901.52 2326.54 2244.51
threshold=65.310000000000016 48.285000000000004 4.5000000000000009 3.5000000000000004 15.475000000000003 1.0000000180025095e-35 6.5000000000000009
decision_type=2 2 2 2 2 2 2
left_child=1 2 3 4 6 -6 -1
right_child=-2 -3 -4 -5 5 -7 -8
leaf_value=-0.16549105953425169 0.038914010516494353 0.0099161465163236737 0.067230916710003558 0.045174851720480039 -0.094712219257205729 -0.03000219407440791 -0.034880256509902528
leaf_weight=127 1703 3292 202 211 245 2136 93
leaf_count=127 1703 3292 202 211 245 2136 93
internal_value=0.00120507 -0.00900138 -0.029646 -0.0367121 -0.0434289 -0.0368452 -0.11228
internal_weight=8009 6306 3014 2812 2601 2381 220
internal_count=8009 6306 3014 2812 2601 2381 220
is_linear=0
shrinkage=0.02


Tree=225
num_leaves=8
num_cat=0
split_feature=41 66 66 41 12 12 12
split_gain=7356.8 6381.36 4195.95 4357.78 2920.76 1894.62 1849.75
threshold=58.930000000000007 0.56250000000000011 0.18750000000000003 15.475000000000003 45.745000000000012 78.085000000000022 19.995000000000001
decision_type=2 2 2 2 2 2 2
left_child=1 2 4 -4 -1 -5 -2
right_child=6 -3 3 5 -6 -7 -8
leaf_value=-0.086782101234942163 -0.015865306301855706 0.05103205820174387 -0.1017545902736485 -0.010286605038631371 -0.020859386133961381 0.041719761219251819 0.033243420801848507
leaf_weight=567 350 542 195 3213 515 302 2338
leaf_count=567 350 542 195 3213 515 302 2338
internal_value=-0.000119572 -0.0137136 -0.0210822 -0.0109408 -0.0556451 -0.00576543 0.0268315
internal_weight=8022 5334 4792 3710 1082 3515 2688
internal_count=8022 5334 4792 3710 1082 3515 2688
is_linear=0
shrinkage=0.02


Tree=226
num_leaves=8
num_cat=0
split_feature=43 16 40 64 33 16 33
split_gain=7568.19 4795.12 3714.49 3179.23 3102.39 3077.59 2858.86
threshold=1.0000000180025095e-35 0.55135000000000012 31.265000000000004 4.5000000000000009 2.5000000000000004 0.73325000000000007 4.5000000000000009
decision_type=2 2 2 2 2 2 2
left_child=2 3 -1 6 5 -4 -2
right_child=1 -3 4 -5 -6 -7 -8
leaf_value=-0.080988619668625472 -0.014035330284053401 0.035549111909115971 -0.060203461400723017 0.050065126830522617 0.010809425915976334 0.070113823675527806 0.047474960849425804
leaf_weight=486 3095 2159 670 418 762 77 330
leaf_count=486 3095 2159 670 418 762 77 330
internal_value=0.000517099 0.0117364 -0.0331813 -0.00167044 -0.0175675 -0.0463936 -0.00804823
internal_weight=7997 6002 1995 3843 1509 747 3425
internal_count=7997 6002 1995 3843 1509 747 3425
is_linear=0
shrinkage=0.02


Tree=227
num_leaves=8
num_cat=0
split_feature=52 40 16 33 31 40 16
split_gain=6673.44 5546.25 5004.34 4441.42 3419.33 2256.44 2332.94
threshold=66.865000000000023 7.5900000000000007 0.57745000000000013 4.5000000000000009 1.0000000180025095e-35 71.345000000000013 0.38705000000000006
decision_type=2 2 2 2 2 2 2
left_child=1 -1 3 4 5 6 -3
right_child=-2 2 -4 -5 -6 -7 -8
leaf_value=-0.13295663315987757 0.037605941257381537 -0.083705778287569435 0.021023123176949893 0.039017894069353735 -0.0083475331212252701 0.017387172850812305 -0.033259834248765982
leaf_weight=136 1520 623 1899 487 2237 198 910
leaf_count=136 1520 623 1899 487 2237 198 910
internal_value=-4.47342e-05 -0.00888493 -0.00612686 -0.0177105 -0.0247132 -0.0457779 -0.0539662
internal_weight=8010 6490 6354 4455 3968 1731 1533
internal_count=8010 6490 6354 4455 3968 1731 1533
is_linear=0
shrinkage=0.02


Tree=228
num_leaves=8
num_cat=0
split_feature=12 16 16 66 44 44 12
split_gain=5746 4379.92 3037.71 2640.77 2358.76 2320.44 2187.71
threshold=43.755000000000003 0.35685000000000006 0.60815000000000008 0.18750000000000003 1.0000000180025095e-35 1.0000000180025095e-35 83.555000000000021
decision_type=2 2 2 2 2 2 2
left_child=1 5 4 -3 -2 -1 -4
right_child=2 3 6 -5 -6 -7 -8
leaf_value=-0.12385390610330635 -0.029351271390562369 -0.042572050455145373 0.034674747469128561 0.0028120719644684285 0.013692145815234215 -0.04168615740489974 0.13259173359356674
leaf_weight=175 629 660 964 2239 2585 628 97
leaf_count=175 629 660 964 2239 2585 628 97
internal_value=-0.000839768 -0.0190669 0.0149482 -0.0075758 0.00523577 -0.0602488 0.0442066
internal_weight=7977 3702 4275 2899 3214 803 1061
internal_count=7977 3702 4275 2899 3214 803 1061
is_linear=0
shrinkage=0.02


Tree=229
num_leaves=8
num_cat=0
split_feature=31 41 43 33 55 41 41
split_gain=7385.82 5936.94 4970.01 3246.61 2787.33 2664.91 2192.54
threshold=1.0000000180025095e-35 78.865000000000023 1.0000000180025095e-35 3.5000000000000004 55.055000000000007 15.475000000000003 26.520000000000007
decision_type=2 2 2 2 2 2 2
left_child=1 2 3 -1 -4 -2 -6
right_child=5 -3 4 -5 6 -7 -8
leaf_value=-0.088124418642739177 -0.059887755342980444 0.071100131437424732 -0.0063774366304520658 0.041359870927722267 -0.19071307105869054 0.018406894457120598 -0.046358207820899902
leaf_weight=705 176 241 1917 84 45 4552 310
leaf_count=705 176 241 1917 84 45 4552 310
internal_value=-0.000591421 -0.0235236 -0.0310774 -0.0741654 -0.0159842 0.0154322 -0.0670514
internal_weight=8030 3302 3061 789 2272 4728 355
internal_count=8030 3302 3061 789 2272 4728 355
is_linear=0
shrinkage=0.02


Tree=230
num_leaves=8
num_cat=0
split_feature=44 33 31 9 12 15 55
split_gain=6836.41 3829.52 3245.22 3219.18 2567.99 2469.63 2199.85
threshold=1.0000000180025095e-35 1.0000000180025095e-35 1.0000000180025095e-35 4.5000000000000009 65.815000000000012 1.5000000000000002 48.315000000000005
decision_type=2 2 2 2 2 2 2
left_child=2 -2 -1 5 6 -3 -5
right_child=1 3 -4 4 -6 -7 -8
leaf_value=-0.070203652146126033 -0.058235538367135735 0.008236596812111939 -0.012758727001825254 0.034373713480016763 0.068844501140098949 -0.034106300403173383 -0.0084619904134825442
leaf_weight=676 317 2828 938 1359 521 679 737
leaf_count=676 317 2828 938 1359 521 679 737
internal_value=-0.000219266 0.00900913 -0.0369612 0.0125346 0.0292979 1.58579e-06 0.0193274
internal_weight=8055 6441 1614 6124 2617 3507 2096
internal_count=8055 6441 1614 6124 2617 3507 2096
is_linear=0
shrinkage=0.02


Tree=231
num_leaves=8
num_cat=0
split_feature=52 55 41 33 33 52 33
split_gain=6563.79 5373.56 4520.97 3237.01 3223.91 2463.76 1955.95
threshold=63.135000000000012 55.055000000000007 53.935000000000009 1.5000000000000002 5.5000000000000009 28.075000000000003 1.0000000180025095e-35
decision_type=2 2 2 2 2 2 2
left_child=1 2 4 -3 5 -1 -4
right_child=-2 3 6 -5 -6 -7 -8
leaf_value=-0.055786877277946227 0.031214438243380861 -0.12378578494346448 -0.055138685703277589 -0.034421709916749137 0.095847643584012987 -0.012318351180945857 0.02382462815545603
leaf_weight=680 1962 209 129 698 90 2205 2042
leaf_count=680 1962 209 129 698 90 2205 2042
internal_value=-0.000528857 -0.0108353 -0.00290266 -0.0555796 -0.0189034 -0.0226428 0.0190167
internal_weight=8015 6053 5146 907 2975 2885 2171
internal_count=8015 6053 5146 907 2975 2885 2171
is_linear=0
shrinkage=0.02


Tree=232
num_leaves=8
num_cat=0
split_feature=52 66 16 64 45 66 64
split_gain=7287.22 4074.6 3769.11 3381.37 3414.14 2702.69 2221.84
threshold=45.045000000000009 0.56250000000000011 0.59965000000000013 3.5000000000000004 1.0000000180025095e-35 1.0000000180025095e-35 1.5000000000000002
decision_type=2 2 2 2 2 2 2
left_child=1 3 5 4 6 -2 -1
right_child=2 -3 -4 -5 -6 -7 -8
leaf_value=-0.082304999290122874 -0.084377350553647798 0.042584110329727518 0.044796439730750065 0.00096481322029862431 -0.073736869920275463 0.0073068088251162996 -0.010908005383881656
leaf_weight=205 129 328 1210 923 925 3196 1040
leaf_count=205 129 328 1210 923 925 3196 1040
internal_value=-0.00196862 -0.0239878 0.0146498 -0.0311049 -0.0447164 0.00362839 -0.0229463
internal_weight=7956 3421 4535 3093 2170 3325 1245
internal_count=7956 3421 4535 3093 2170 3325 1245
is_linear=0
shrinkage=0.02


Tree=233
num_leaves=8
num_cat=0
split_feature=44 16 52 16 37 37 52
split_gain=6637 4253.52 3404.83 2520.09 2588.43 1866.4 1806.56
threshold=1.0000000180025095e-35 0.38165000000000004 48.985000000000007 0.72825000000000006 1.0000000180025095e-35 0.32665000000000005 39.135000000000012
decision_type=2 2 2 2 2 2 2
left_child=2 -2 -1 4 6 -6 -3
right_child=1 3 -4 -5 5 -7 -8
leaf_value=-0.063057687583522995 -0.017472104870395803 -0.030001549676473595 -0.0046712886426361075 0.064258334386092367 0.049728506959352069 0.01325853193433039 0.011266161017202425
leaf_weight=832 1624 613 766 460 1018 1255 1349
leaf_count=832 1624 613 766 460 1018 1255 1349
internal_value=0.00117756 0.0103905 -0.0351721 0.0200365 0.0151631 0.0296655 -0.00167086
internal_weight=7917 6319 1598 4695 4235 2273 1962
internal_count=7917 6319 1598 4695 4235 2273 1962
is_linear=0
shrinkage=0.02


Tree=234
num_leaves=8
num_cat=0
split_feature=52 66 42 55 64 52 66
split_gain=5832.34 4630.37 5155.67 4162.72 3519.03 2403.25 2272.56
threshold=67.205000000000013 0.56250000000000011 14.090000000000002 55.055000000000007 1.5000000000000002 15.630000000000001 0.18750000000000003
decision_type=2 2 2 2 2 2 2
left_child=1 2 -1 4 -4 -6 -5
right_child=-2 -3 3 6 5 -7 -8
leaf_value=-0.090619686303194613 0.036944429298116269 0.043106426014159399 -0.059957302069549606 -0.1045621113309806 -0.052474029023899603 0.0084478741910726692 -0.029082898827834575
leaf_weight=315 1497 661 363 215 272 3989 605
leaf_count=315 1497 661 363 215 272 3989 605
internal_value=0.00146404 -0.00683151 -0.0125956 -0.00800202 -0.000617581 0.00450199 -0.0493869
internal_weight=7917 6420 5759 5444 4624 4261 820
internal_count=7917 6420 5759 5444 4624 4261 820
is_linear=0
shrinkage=0.02


Tree=235
num_leaves=8
num_cat=0
split_feature=31 42 33 55 12 42 42
split_gain=4811.05 3829.27 3467.78 2816.99 2502.99 2238.6 2118.47
threshold=1.0000000180025095e-35 80.790000000000006 3.5000000000000004 37.865000000000002 71.660000000000011 9.1200000000000028 42.065000000000005
decision_type=2 2 2 2 2 2 2
left_child=1 2 3 -1 6 -2 -5
right_child=5 -3 -4 4 -6 -7 -8
leaf_value=0.0077297351133535832 -0.061909053663149582 0.055010158008367602 0.031977705220190382 -0.077441884194849181 0.016571853454806842 0.016418038632658064 -0.033430947209295278
leaf_weight=565 146 263 385 714 251 4507 1156
leaf_count=565 146 263 385 714 251 4507 1156
internal_value=0.000763044 -0.0175597 -0.0238538 -0.031901 -0.0424514 0.0138965 -0.0503968
internal_weight=7987 3334 3071 2686 2121 4653 1870
internal_count=7987 3334 3071 2686 2121 4653 1870
is_linear=0
shrinkage=0.02


Tree=236
num_leaves=8
num_cat=0
split_feature=42 34 44 34 55 42 51
split_gain=6334.01 5555.3 4701.15 3025.37 2555.14 2464.42 2481.62
threshold=79.155000000000015 2.5000000000000004 1.0000000180025095e-35 1.0000000180025095e-35 51.435000000000009 9.1200000000000028 31.925000000000004
decision_type=2 2 2 2 2 2 2
left_child=1 2 4 -4 -1 -5 -7
right_child=-2 -3 3 5 -6 6 -8
leaf_value=-0.034069152834383144 0.054672947171449618 0.023920494648653864 -0.050501813057482352 -0.095620395915125903 -0.1013671120081823 -0.010725806249984687 0.023155519991303036
leaf_weight=844 739 1791 552 101 308 2262 1393
leaf_count=844 739 1791 552 101 308 2262 1393
internal_value=-0.000903564 -0.00660153 -0.0166261 -0.00700423 -0.0524223 -0.000552977 0.0022011
internal_weight=7990 7251 5460 4308 1152 3756 3655
internal_count=7990 7251 5460 4308 1152 3756 3655
is_linear=0
shrinkage=0.02


Tree=237
num_leaves=8
num_cat=0
split_feature=52 64 16 10 66 16 40
split_gain=5771.3 4601.31 3696.5 3100.61 2439.73 2688.52 2054.44
threshold=32.615000000000002 1.5000000000000002 0.56585000000000008 14569.450000000003 0.56250000000000011 0.32955000000000007 31.535000000000004
decision_type=2 2 2 2 2 2 2
left_child=4 -2 3 -3 5 -1 -7
right_child=1 2 -4 -5 -6 6 -8
leaf_value=-0.095749391601891456 -0.056764249875588285 -0.036740805553733956 0.035686700003603418 0.010027212287675282 0.041886472419369963 -0.066893234699079887 -0.011344238746348401
leaf_weight=282 399 681 1927 3265 155 374 905
leaf_count=282 399 681 1927 3265 155 374 905
internal_value=-0.000357224 0.00853891 0.01302 0.00191971 -0.032803 -0.0403294 -0.0277849
internal_weight=7988 6272 5873 3946 1716 1561 1279
internal_count=7988 6272 5873 3946 1716 1561 1279
is_linear=0
shrinkage=0.02


Tree=238
num_leaves=8
num_cat=0
split_feature=52 66 41 42 44 66 9
split_gain=6000.32 5341.92 4824.39 3888.84 3793.59 2341.51 2213.98
threshold=58.860000000000007 0.56250000000000011 23.855000000000004 77.75500000000001 1.0000000180025095e-35 1.0000000180025095e-35 12.500000000000002
decision_type=2 2 2 2 2 2 2
left_child=1 2 -1 4 -4 -6 -7
right_child=-2 -3 3 -5 5 6 -8
leaf_value=-0.078620520048191977 0.025631892632723963 0.046808939829355439 -0.0559399476925437 0.045500007776240324 -0.073379090231960847 -0.0099622323390099899 0.042671406563299583
leaf_weight=476 2473 554 831 422 201 2675 358
leaf_count=476 2473 554 831 422 201 2675 358
internal_value=-0.000224752 -0.0118277 -0.0184136 -0.0119462 -0.0179585 -0.00812756 -0.00368962
internal_weight=7990 5517 4963 4487 4065 3234 3033
internal_count=7990 5517 4963 4487 4065 3234 3033
is_linear=0
shrinkage=0.02


Tree=239
num_leaves=8
num_cat=0
split_feature=52 16 66 16 40 9 64
split_gain=6417.67 4858.33 3150.96 3011.18 2928.74 3368.32 2862.75
threshold=66.070000000000007 0.38705000000000006 0.56250000000000011 0.72825000000000006 70.715000000000018 3.5000000000000004 4.5000000000000009
decision_type=2 2 2 2 2 2 2
left_child=1 2 6 4 5 -3 -1
right_child=-2 3 -4 -5 -6 -7 -8
leaf_value=-0.054284141082549309 0.035193940413834689 -0.029108281914969981 0.036501650212025179 0.05114467615085478 0.037697383985554771 0.0094991743897954607 0.051136008758829642
leaf_weight=1456 1635 1856 201 439 585 1754 107
leaf_count=1456 1635 1856 201 439 585 1754 107
internal_value=-0.000106527 -0.00914795 -0.0373446 0.00161419 -0.00362381 -0.0103628 -0.0469272
internal_weight=8033 6398 1764 4634 4195 3610 1563
internal_count=8033 6398 1764 4634 4195 3610 1563
is_linear=0
shrinkage=0.02


Tree=240
num_leaves=8
num_cat=0
split_feature=16 44 12 42 10 16 42
split_gain=5764.63 4022.92 3098.92 3012.15 2902.98 2330.94 2268.12
threshold=0.50155000000000005 1.0000000180025095e-35 65.815000000000012 57.605000000000011 18502.500000000004 0.79410000000000014 9.1200000000000028
decision_type=2 2 2 2 2 2 2
left_child=1 3 5 -1 -3 6 -2
right_child=2 4 -4 -5 -6 -7 -8
leaf_value=-0.075454099407821759 -0.1049507226825577 -0.037598086292367605 0.054838009078072937 0.0071383857684649103 0.0053238768612802615 0.080946954675885141 0.0079933182370539643
leaf_weight=648 68 835 748 241 2521 167 2774
leaf_count=648 68 835 748 241 2521 167 2774
internal_value=0.00051432 -0.015447 0.0185454 -0.0531493 -0.0053955 0.00944755 0.00511136
internal_weight=8002 4245 3757 889 3356 3009 2842
internal_count=8002 4245 3757 889 3356 3009 2842
is_linear=0
shrinkage=0.02


Tree=241
num_leaves=8
num_cat=0
split_feature=16 55 33 42 41 33 16
split_gain=5821.31 3678.43 3423.09 3204.66 2707.51 2691.85 2515.52
threshold=0.38535000000000003 55.055000000000007 4.5000000000000009 4.6300000000000017 68.705000000000013 1.5000000000000002 0.77305000000000013
decision_type=2 2 2 2 2 2 2
left_child=2 3 4 -2 -1 -3 -5
right_child=1 5 -4 6 -6 -7 -8
leaf_value=-0.046676296990887378 -0.097830741013935282 -0.089945650164622304 0.040246947222727945 0.016805989135642008 0.021913029856677424 -0.0071602429910247109 0.081855375836807409
leaf_weight=1590 89 199 259 4694 266 688 246
leaf_count=1590 89 199 259 4694 266 688 246
internal_value=0.00113551 0.0113173 -0.0273043 0.0179422 -0.0368137 -0.0261334 0.0201248
internal_weight=8031 5916 2115 5029 1856 887 4940
internal_count=8031 5916 2115 5029 1856 887 4940
is_linear=0
shrinkage=0.02


Tree=242
num_leaves=8
num_cat=0
split_feature=40 31 42 44 65 51 55
split_gain=4856.69 4106.81 4673.48 2964.05 2369.92 2006.88 1688.47
threshold=18.925000000000004 1.0000000180025095e-35 79.600000000000009 1.0000000180025095e-35 1.0000000180025095e-35 34.365000000000002 55.685000000000009
decision_type=2 2 2 2 2 2 2
left_child=-1 2 3 -2 -5 -6 -3
right_child=1 6 -4 4 5 -7 -8
leaf_value=-0.057435083705021199 -0.06229409535963696 0.021886866901620443 0.060303118807765149 -0.054249124424373435 -0.016377391735402771 0.027747983599458879 -0.014201369208200181
leaf_weight=537 559 3796 307 406 1181 627 597
leaf_count=537 559 3796 307 406 1181 627 597
internal_value=0.000375595 0.00456542 -0.0131289 -0.0213525 -0.0108983 -0.00104074 0.016972
internal_weight=8010 7473 3080 2773 2214 1808 4393
internal_count=8010 7473 3080 2773 2214 1808 4393
is_linear=0
shrinkage=0.02


Tree=243
num_leaves=8
num_cat=0
split_feature=41 16 44 21 9 10 41
split_gain=6595.84 4603.36 3504.21 2393.71 2263.68 2386.1 2591.93
threshold=20.030000000000005 0.55135000000000012 1.0000000180025095e-35 314798.50000000006 12.500000000000002 20214.450000000001 46.725000000000001
decision_type=2 2 2 10 2 2 2
left_child=-1 2 3 -2 5 6 -4
right_child=1 -3 4 -5 -6 -7 -8
leaf_value=-0.070615649697591668 -0.05952998107087544 0.02645943666481719 -0.072363489551369176 0.010999244407597761 0.040911023149745811 0.0069363051197178774 -0.0040752575856862665
leaf_weight=480 699 2677 361 263 520 2344 568
leaf_count=480 699 2677 361 263 520 2344 568
internal_value=0.000847015 0.00550685 -0.00630458 -0.0402909 0.0023569 -0.00382147 -0.0308567
internal_weight=7912 7432 4755 962 3793 3273 929
internal_count=7912 7432 4755 962 3793 3273 929
is_linear=0
shrinkage=0.02


Tree=244
num_leaves=8
num_cat=0
split_feature=42 55 33 42 42 33 51
split_gain=4899.74 4616.39 3674.36 2752.28 2356.37 2177.22 2166.29
threshold=9.1200000000000028 55.475000000000001 1.0000000180025095e-35 82.565000000000012 68.50500000000001 5.5000000000000009 35.725000000000001
decision_type=2 2 2 2 2 2 2
left_child=-1 2 -2 5 -3 6 -4
right_child=1 4 3 -5 -6 -7 -8
leaf_value=-0.092175218477653337 -0.057799344620701056 -0.051428592543508456 -0.0037154233631463379 0.058199535524725392 0.0216760344709362 0.073833545930064387 0.022479816351068851
leaf_weight=228 327 884 3943 444 217 183 1852
leaf_count=228 327 884 3943 444 217 183 1852
internal_value=-0.00179207 0.000890071 0.00709201 0.0104386 -0.0369873 0.0068456 0.00466837
internal_weight=8078 7850 6749 6422 1101 5978 5795
internal_count=8078 7850 6749 6422 1101 5978 5795
is_linear=0
shrinkage=0.02


Tree=245
num_leaves=8
num_cat=0
split_feature=44 33 57 40 52 64 41
split_gain=4951.7 3370.62 3439.71 2936.69 2836.09 2915.37 2843.74
threshold=1.0000000180025095e-35 4.5000000000000009 11.665000000000001 76.460000000000022 63.135000000000012 4.5000000000000009 32.395000000000003
decision_type=2 2 2 2 2 2 2
left_child=1 2 -1 -4 5 6 -2
right_child=4 -3 3 -5 -6 -7 -8
leaf_value=0.047797987583833627 -0.038893321709678172 0.052517976239759324 -0.060478503963622955 0.048937089465282579 0.030449016497320056 0.047274383732734564 0.0022777094573608156
leaf_weight=151 824 166 1218 103 1568 457 3520
leaf_count=151 824 166 1218 103 1568 457 3520
internal_value=-0.000838681 -0.0317973 -0.0414513 -0.0517949 0.00714205 -0.000493731 -0.00556763
internal_weight=8007 1638 1472 1321 6369 4801 4344
internal_count=8007 1638 1472 1321 6369 4801 4344
is_linear=0
shrinkage=0.02


Tree=246
num_leaves=8
num_cat=0
split_feature=12 55 42 31 44 42 51
split_gain=4378.22 4201.12 3360.81 2596.09 2684.41 2338.47 2031.04
threshold=67.38000000000001 55.055000000000007 9.1200000000000028 1.0000000180025095e-35 1.0000000180025095e-35 28.425000000000004 34.365000000000002
decision_type=2 2 2 2 2 2 2
left_child=1 2 -1 4 -4 -3 -6
right_child=-2 5 3 -5 6 -7 -8
leaf_value=-0.087767036728122666 0.031836662277165091 -0.11164038409193644 -0.057699112878816509 0.014230588159755047 -0.017231375216454764 -0.030466222094884698 0.028039222083289732
leaf_weight=165 1407 168 442 3167 1257 835 573
leaf_count=165 1407 168 442 3167 1257 835 573
internal_value=-0.000132666 -0.00695965 -0.000198217 0.00253648 -0.0137597 -0.044549 -0.00301871
internal_weight=8014 6607 5604 5439 2272 1003 1830
internal_count=8014 6607 5604 5439 2272 1003 1830
is_linear=0
shrinkage=0.02


Tree=247
num_leaves=8
num_cat=0
split_feature=52 31 41 40 40 55 57
split_gain=5521.02 5395.73 3751.85 2956.54 2607.92 2048.02 1965.77
threshold=67.205000000000013 1.0000000180025095e-35 48.105000000000011 8.9700000000000024 27.395000000000003 55.185000000000009 41.805000000000007
decision_type=2 2 2 2 2 2 2
left_child=1 2 6 -3 -4 -5 -1
right_child=-2 3 4 5 -6 -7 -8
leaf_value=-0.034008020891123113 0.035869761370131786 -0.094401508474021886 -0.11334567978631618 0.01737184106587867 0.0001909305189389649 -0.02384197232715056 -0.086114900093288885
leaf_weight=781 1489 104 81 3240 1371 562 467
leaf_count=781 1489 104 81 3240 1371 562 467
internal_value=0.00114708 -0.00670066 -0.0284146 0.00832612 -0.00650996 0.0112564 -0.0537722
internal_weight=8095 6606 2700 3906 1452 3802 1248
internal_count=8095 6606 2700 3906 1452 3802 1248
is_linear=0
shrinkage=0.02


Tree=248
num_leaves=8
num_cat=0
split_feature=16 41 66 66 16 44 41
split_gain=5438.74 3397.28 3590.94 2225.81 2096.21 2329.48 1970.72
threshold=0.36255000000000004 14.405000000000003 1.0000000180025095e-35 0.56250000000000011 0.57745000000000013 1.0000000180025095e-35 19.275000000000002
decision_type=2 2 2 2 2 2 2
left_child=3 -2 -3 6 5 -4 -1
right_child=1 2 4 -5 -6 -7 -8
leaf_value=-0.12189899047712485 -0.072223250515342965 -0.054837134864279317 -0.025925796979213166 0.032454610556802328 0.031021475379613084 0.014326086427941134 -0.0318522478200867
leaf_weight=100 192 299 716 199 2202 2840 1488
leaf_count=100 192 299 716 199 2202 2840 1488
internal_value=0.000733377 0.00953488 0.012184 -0.0299855 0.0157088 0.00619635 -0.0378875
internal_weight=8036 6249 6057 1787 5758 3556 1588
internal_count=8036 6249 6057 1787 5758 3556 1588
is_linear=0
shrinkage=0.02


Tree=249
num_leaves=8
num_cat=0
split_feature=12 10 40 40 40 64 12
split_gain=4494.35 5436.1 3580.43 2561.61 2420.93 2444.44 1898.13
threshold=43.755000000000003 12980.500000000002 5.6100000000000003 56.285000000000004 36.135000000000012 4.5000000000000009 77.385000000000005
decision_type=2 2 2 2 2 2 2
left_child=1 3 -3 -1 5 -2 -6
right_child=4 2 -4 -5 6 -7 -8
leaf_value=-0.095919859095578139 -0.019150805492161298 -0.17510441690062481 -0.00096531164124835579 -0.018253074436095255 0.016647156613744468 0.092412251213017632 0.059241594876402084
leaf_weight=426 1040 43 2942 285 2676 80 493
leaf_count=426 1040 43 2942 285 2676 80 493
internal_value=0.000512034 -0.0156403 -0.00376247 -0.0651325 0.0144331 -0.0108067 0.0233564
internal_weight=7985 3696 2985 711 4289 1120 3169
internal_count=7985 3696 2985 711 4289 1120 3169
is_linear=0
shrinkage=0.02


Tree=250
num_leaves=8
num_cat=0
split_feature=31 40 40 34 43 55 41
split_gain=4737.03 4464.36 4217.06 3112.81 3173.24 2430.46 2124.81
threshold=1.0000000180025095e-35 81.645000000000024 5.6100000000000003 3.5000000000000004 1.0000000180025095e-35 47.675000000000004 72.595000000000013
decision_type=2 2 2 2 2 2 2
left_child=1 3 -2 4 -1 -6 -7
right_child=2 -3 -4 -5 5 6 -8
leaf_value=-0.062128349032918431 -0.13345831424384921 0.075164757927053988 0.015829418129374571 0.085040201179537117 0.0016941120029929655 -0.05180892956613322 0.046977484620298549
leaf_weight=776 72 189 4576 97 1346 783 94
leaf_count=776 72 189 4576 97 1346 783 94
internal_value=0.000388785 -0.0179794 0.0133759 -0.0237775 -0.0274328 -0.0152091 -0.0410144
internal_weight=7933 3285 4648 3096 2999 2223 877
internal_count=7933 3285 4648 3096 2999 2223 877
is_linear=0
shrinkage=0.02


Tree=251
num_leaves=8
num_cat=0
split_feature=44 9 33 40 65 55 12
split_gain=4791.86 3456.74 3159.64 2742.77 2630.51 2537.16 2104.52
threshold=1.0000000180025095e-35 4.5000000000000009 3.5000000000000004 63.365000000000002 0.69047619047619058 51.705000000000005 55.185000000000009
decision_type=2 2 2 2 2 2 2
left_child=2 3 5 4 6 -1 -2
right_child=1 -3 -4 -5 -6 -7 -8
leaf_value=-0.029275250169225799 -0.039973981345532927 0.025774295987035768 0.01640456774777569 0.022348533526308181 0.024045469132200487 -0.096269086548232741 0.0026516494201067522
leaf_weight=873 1358 2692 427 1104 537 304 701
leaf_count=873 1358 2692 427 1104 537 304 701
internal_value=0.000794142 0.00855369 -0.0300584 -0.00399333 -0.0152172 -0.0469127 -0.0254905
internal_weight=7996 6392 1604 3700 2596 1177 2059
internal_count=7996 6392 1604 3700 2596 1177 2059
is_linear=0
shrinkage=0.02


Tree=252
num_leaves=8
num_cat=0
split_feature=43 40 64 12 45 40 40
split_gain=5296.84 3432.1 3381.33 3131.99 2551.31 2524.99 2325.03
threshold=1.0000000180025095e-35 28.490000000000006 1.0000000180025095e-35 59.07500000000001 1.0000000180025095e-35 7.5900000000000007 59.065000000000005
decision_type=2 2 2 2 2 2 2
left_child=1 -1 -3 5 -4 -2 -6
right_child=3 2 4 -5 6 -7 -8
leaf_value=-0.079882734636740962 -0.1146550337285609 -0.17940693585590151 0.022173378019105822 0.03282342968753714 -0.054766414448748461 0.0031891030221209123 0.010483742311386995
leaf_weight=392 69 43 625 1758 570 4229 350
leaf_count=392 69 43 625 1758 570 4229 350
internal_value=0.00108956 -0.0272669 -0.0140686 0.0103755 -0.00890305 0.00116621 -0.0300205
internal_weight=8036 1980 1588 6056 1545 4298 920
internal_count=8036 1980 1588 6056 1545 4298 920
is_linear=0
shrinkage=0.02


Tree=253
num_leaves=8
num_cat=0
split_feature=64 12 34 40 40 55 52
split_gain=4575.31 4328.65 4201.63 4176.39 2456.27 2423.96 2587.76
threshold=1.0000000180025095e-35 65.815000000000012 2.5000000000000004 47.045000000000009 85.520000000000024 48.605000000000011 25.625000000000004
decision_type=2 2 2 2 2 2 2
left_child=-1 2 3 5 -5 6 -2
right_child=1 -3 -4 4 -6 -7 -8
leaf_value=-0.18402928369695493 -0.077748475863677335 0.029264466602902221 0.020406858683893473 -0.0061375043255360723 0.067512197039066218 -0.066838882716316467 -0.0088030012489135473
leaf_weight=50 266 1524 1555 2542 190 758 1117
leaf_count=50 266 1524 1555 2542 190 758 1117
internal_value=-0.00224226 -0.000984309 -0.00817309 -0.0173047 -0.000901478 -0.0381849 -0.022296
internal_weight=8002 7952 6428 4873 2732 2141 1383
internal_count=8002 7952 6428 4873 2732 2141 1383
is_linear=0
shrinkage=0.02


Tree=254
num_leaves=8
num_cat=0
split_feature=16 52 15 16 40 41 26
split_gain=5057.16 3174.33 2498.31 2496.91 1703 1678.34 1703.51
threshold=0.35085000000000005 44.660000000000004 1.5000000000000002 0.72145000000000015 14.215000000000002 14.405000000000003 1.0000000180025095e-35
decision_type=2 2 2 2 2 2 2
left_child=2 4 -1 5 -2 -3 -7
right_child=1 3 -4 -5 -6 6 -8
leaf_value=-0.017085346136176165 -0.07168438054430179 -0.068328083777219384 -0.077388660062996439 0.069874372044751124 -0.0035506954703622136 0.0072102189418067099 0.037192098104692775
leaf_weight=1237 151 88 350 372 2485 2132 1174
leaf_count=1237 151 88 350 372 2485 2132 1174
internal_value=0.0013171 0.0092433 -0.030586 0.0210145 -0.00758197 0.0155643 0.0178972
internal_weight=7989 6402 1587 3766 2636 3394 3306
internal_count=7989 6402 1587 3766 2636 3394 3306
is_linear=0
shrinkage=0.02


Tree=255
num_leaves=8
num_cat=0
split_feature=16 43 31 55 40 66 66
split_gain=5496.79 3952.97 3126.53 3185.54 2245.92 2379.57 1823.5
threshold=0.32955000000000007 1.0000000180025095e-35 1.0000000180025095e-35 43.845000000000006 68.375000000000014 0.31250000000000006 1.0000000180025095e-35
decision_type=2 2 2 2 2 2 2
left_child=2 4 3 -1 5 -2 -3
right_child=1 6 -4 -5 -6 -7 -8
leaf_value=-0.017116541995920918 -0.055780695728184407 -0.039386703740498977 -0.013054639904313759 -0.11836993845198242 0.03486930629010257 -0.0036391279438444013 0.018184687902547046
leaf_weight=215 702 226 797 296 248 695 4813
leaf_count=215 702 226 797 296 248 695 4813
internal_value=-0.000564177 0.00678025 -0.0379778 -0.0763469 -0.0200984 -0.029946 0.0155661
internal_weight=7992 6684 1308 511 1645 1397 5039
internal_count=7992 6684 1308 511 1645 1397 5039
is_linear=0
shrinkage=0.02


Tree=256
num_leaves=8
num_cat=0
split_feature=12 15 40 40 14 12 64
split_gain=4417.49 2823.61 2035.19 1936.02 1677.99 1640.41 1702.78
threshold=41.945000000000007 1.0000000180025095e-35 20.080000000000002 11.365000000000002 17.895000000000003 77.385000000000005 1.5000000000000002
decision_type=2 2 2 2 2 2 2
left_child=1 3 -2 -1 -3 6 -4
right_child=2 4 5 -5 -6 -7 -8
leaf_value=-0.106151595271152 -0.032896441880841593 -0.01584836254434057 -0.038583136304780156 0.0014937013021431326 -0.062076946126072237 0.04774858116278019 0.016475126877160851
leaf_weight=64 334 622 236 2123 639 629 3374
leaf_count=64 334 622 236 2123 639 629 3374
internal_value=0.00142428 -0.015656 0.0143057 -0.00189136 -0.0394269 0.0180593 0.0128274
internal_weight=8021 3448 4573 2187 1261 4239 3610
internal_count=8021 3448 4573 2187 1261 4239 3610
is_linear=0
shrinkage=0.02


Tree=257
num_leaves=8
num_cat=0
split_feature=44 31 65 12 33 42 21
split_gain=4373.77 2902.64 2288.45 1796.49 1793.64 2015.55 1711.65
threshold=1.0000000180025095e-35 1.0000000180025095e-35 0.22500000000000003 40.635000000000012 5.5000000000000009 9.1200000000000028 inf
decision_type=2 2 2 2 2 2 8
left_child=1 -1 3 -2 5 -4 -3
right_child=2 6 4 -5 -6 -7 -8
leaf_value=-0.06268628105897725 -0.068764240744489211 0.01474321654538757 -0.064452017529590705 0.0010719799381711925 0.0679567078588353 0.010366715439508329 -0.039517007404501051
leaf_weight=648 265 555 143 324 205 5444 393
leaf_count=648 265 555 143 324 205 5444 393
internal_value=-0.000676413 -0.0302347 0.00673451 -0.0306627 0.0105607 0.0083958 -0.00784005
internal_weight=7977 1596 6381 589 5792 5587 948
internal_count=7977 1596 6381 589 5792 5587 948
is_linear=0
shrinkage=0.02


Tree=258
num_leaves=8
num_cat=0
split_feature=40 55 66 40 52 66 64
split_gain=4678.45 3470.7 2572.16 2528.37 2271.91 1750.44 2605
threshold=7.5900000000000007 48.605000000000011 0.56250000000000011 55.770000000000003 58.635000000000012 0.43750000000000006 2.5000000000000004
decision_type=2 2 2 2 2 2 2
left_child=-1 4 3 -3 5 -2 -7
right_child=1 2 -4 -5 -6 6 -8
leaf_value=-0.1108801737102057 -0.0067418389194535827 -0.039434564557898871 0.039400919419084052 0.0016543822852915092 0.030892504224277119 0.11185157151446362 0.012489934953435458
leaf_weight=146 2469 1492 291 998 1618 116 841
leaf_count=146 2469 1492 291 998 1618 116 841
internal_value=-0.000613676 0.00151318 -0.0164076 -0.0229957 0.0114002 0.00216299 0.0250525
internal_weight=7971 7825 2781 2490 5044 3426 957
internal_count=7971 7825 2781 2490 5044 3426 957
is_linear=0
shrinkage=0.02


Tree=259
num_leaves=8
num_cat=0
split_feature=12 55 43 42 10 15 33
split_gain=3661.31 3865.66 2794.75 2605.12 1628.35 1611.27 1586.83
threshold=65.815000000000012 55.055000000000007 1.0000000180025095e-35 28.025000000000002 14764.35 1.5000000000000002 1.5000000000000002
decision_type=2 2 2 2 2 2 2
left_child=1 2 4 -3 -1 -4 -5
right_child=-2 3 5 6 -6 -7 -8
leaf_value=-0.062296685120539354 0.027038295065048568 -0.11877993436565824 0.013824338409257175 -0.077255012355297095 -0.012629647311921954 -0.017159774926826535 -0.013199886863495434
leaf_weight=348 1532 152 3284 203 1063 839 615
leaf_count=348 1532 152 3284 203 1063 839 615
internal_value=-0.000725949 -0.00728149 -0.000811301 -0.0440015 -0.0250559 0.00750615 -0.029469
internal_weight=8036 6504 5534 970 1411 4123 818
internal_count=8036 6504 5534 970 1411 4123 818
is_linear=0
shrinkage=0.02


Tree=260
num_leaves=8
num_cat=0
split_feature=41 44 9 41 40 34 34
split_gain=4449.47 4017.83 3592.41 2836.26 2735.94 2807.05 2180.82
threshold=67.365000000000023 1.0000000180025095e-35 4.5000000000000009 15.475000000000003 65.725000000000009 2.5000000000000004 3.5000000000000004
decision_type=2 2 2 2 2 2 2
left_child=1 3 4 -1 5 -3 -5
right_child=-2 2 -4 6 -6 -7 -8
leaf_value=-0.14813084496875828 0.030043345866870942 -0.035813852302799591 0.019172456269538601 -0.038903221204766858 0.026565369964702254 0.015475477450543883 0.054951379784476874
leaf_weight=84 1517 1809 2226 1146 524 555 104
leaf_count=84 1517 1809 2226 1146 524 555 104
internal_value=-0.000717542 -0.00797223 0.000102905 -0.0388137 -0.0146032 -0.0237653 -0.0309067
internal_weight=7965 6448 5114 1334 2888 2364 1250
internal_count=7965 6448 5114 1334 2888 2364 1250
is_linear=0
shrinkage=0.02


Tree=261
num_leaves=8
num_cat=1
split_feature=42 66 12 66 64 52 2
split_gain=4055.87 4232.02 3767.2 3121.79 1958.97 1994.27 2063.44
threshold=79.155000000000015 0.56250000000000011 43.755000000000003 0.18750000000000003 4.5000000000000009 58.080000000000005 0
decision_type=2 2 2 2 2 2 1
left_child=1 2 3 -1 5 6 -4
right_child=-2 -3 4 -5 -6 -7 -8
leaf_value=-0.062045537084540803 0.043516787038727973 0.039971994035880413 0.0039698339815935702 -0.014971296217092693 0.062046677430220153 0.018412362858341271 -0.038668480131560032
leaf_weight=741 751 741 1123 2325 213 1369 747
leaf_count=741 751 741 1123 2325 213 1369 747
internal_value=-0.00057071 -0.00515872 -0.0103161 -0.0264308 0.00401419 0.000108161 -0.0133054
internal_weight=8010 7259 6518 3066 3452 3239 1870
internal_count=8010 7259 6518 3066 3452 3239 1870
cat_boundaries=0 1
cat_threshold=150
is_linear=0
shrinkage=0.02


Tree=262
num_leaves=8
num_cat=0
split_feature=43 12 33 33 12 33 64
split_gain=4621.62 2476.75 2396.75 1897.73 1821.2 1559.89 1398.79
threshold=1.0000000180025095e-35 70.565000000000012 2.5000000000000004 5.5000000000000009 14.955000000000002 5.5000000000000009 4.5000000000000009
decision_type=2 2 2 2 2 2 2
left_child=2 3 -1 4 -2 -4 -6
right_child=1 -3 5 -5 6 -7 -8
leaf_value=-0.049064413641343001 -0.035503302320365651 0.039848860997493775 -0.01052291436170622 0.067616680658152961 0.0015195520760682166 0.10405832307338715 0.039531314052711361
leaf_weight=960 484 870 959 173 4071 45 423
leaf_count=960 484 870 959 173 4071 45 423
internal_value=4.59539e-05 0.00873805 -0.0265558 0.00344991 0.00115432 -0.0048971 0.00513739
internal_weight=7985 6021 1964 5151 4978 1004 4494
internal_count=7985 6021 1964 5151 4978 1004 4494
is_linear=0
shrinkage=0.02


Tree=263
num_leaves=8
num_cat=0
split_feature=43 12 15 65 12 10 33
split_gain=3815.26 3009.32 2397.69 2127.58 1497.35 1569.26 1402.89
threshold=1.0000000180025095e-35 70.565000000000012 1.5000000000000002 0.53571428571428581 45.970000000000006 14383.050000000001 5.5000000000000009
decision_type=2 2 2 2 2 2 2
left_child=3 2 6 4 5 -1 -2
right_child=1 -3 -4 -5 -6 -7 -8
leaf_value=-0.11408672297722039 0.0066616722967901745 0.042944842991551553 -0.024894766506743649 -0.0023528791761134194 -0.018320757394267386 -0.041456028857059429 0.066537432586031453
leaf_weight=182 4008 839 1038 940 488 356 158
leaf_count=182 4008 839 1038 940 488 356 158
internal_value=3.789e-05 0.00791321 0.00222954 -0.0241276 -0.0439689 -0.0668505 0.00900956
internal_weight=8009 6043 5204 1966 1026 538 4166
internal_count=8009 6043 5204 1966 1026 538 4166
is_linear=0
shrinkage=0.02


Tree=264
num_leaves=8
num_cat=0
split_feature=44 52 55 16 9 31 55
split_gain=4330.89 3217.92 2835.57 2492.96 2407.24 1876.51 1765.64
threshold=1.0000000180025095e-35 32.615000000000002 53.675000000000004 0.72145000000000015 4.5000000000000009 1.0000000180025095e-35 57.695000000000007
decision_type=2 2 2 2 2 2 2
left_child=2 5 -1 4 -3 6 -2
right_child=1 3 -4 -5 -6 -7 -8
leaf_value=-0.016384783626002868 -0.033488384469873733 -0.0019881561166935013 -0.083199079715281357 0.06200543691668952 0.02725622682332186 0.00084599109915204057 -0.14225344155278222
leaf_weight=1317 550 2657 311 403 1948 786 63
leaf_count=1317 550 2657 311 403 1948 786 63
internal_value=-0.000286635 0.007119 -0.0293641 0.0146094 0.0103989 -0.0196511 -0.045727
internal_weight=8035 6407 1628 5008 4605 1399 613
internal_count=8035 6407 1628 5008 4605 1399 613
is_linear=0
shrinkage=0.02


Tree=265
num_leaves=8
num_cat=0
split_feature=16 12 33 15 52 16 16
split_gain=4417.99 2772.62 2944.5 2638.99 1729.2 1410.03 1320.5
threshold=0.38705000000000006 45.970000000000006 1.5000000000000002 1.5000000000000002 31.705000000000002 0.75145000000000006 0.72145000000000015
decision_type=2 2 2 2 2 2 2
left_child=3 2 5 4 -1 -2 -3
right_child=1 6 -4 -5 -6 -7 -8
leaf_value=-0.050591612882188608 -0.051384010754714049 0.017349252700299741 0.0054440973273396295 -0.065374083167602459 -0.0021817625757948912 0.048758736508233209 0.061360989954882587
leaf_weight=376 608 2609 2217 497 1312 58 301
leaf_count=376 608 2609 2217 497 1312 58 301
internal_value=-0.000898031 0.00824381 -0.00565437 -0.0250989 -0.0130826 -0.0423645 0.0219991
internal_weight=7978 5793 2883 2185 1688 666 2910
internal_count=7978 5793 2883 2185 1688 666 2910
is_linear=0
shrinkage=0.02


Tree=266
num_leaves=8
num_cat=0
split_feature=16 44 9 12 29 42 38
split_gain=4575.3 3979.19 2630.27 2211.36 2081.57 1913.36 1656.72
threshold=0.57745000000000013 1.0000000180025095e-35 4.5000000000000009 30.375000000000004 1.0000000180025095e-35 14.795000000000002 2120.8500000000008
decision_type=2 2 2 2 2 2 10
left_child=1 4 5 6 -1 -3 -2
right_child=3 2 -4 -5 -6 -7 -8
leaf_value=-0.05887137914952513 -0.041444559025083802 -0.10133329565129659 0.014598416146042098 0.033667647298399619 0.0028129649801988794 -0.012312825230457625 0.025598228675935322
leaf_weight=863 319 96 2090 1799 292 2289 266
leaf_count=863 319 96 2090 1799 292 2289 266
internal_value=-0.000488339 -0.0103215 -0.00176263 0.0227064 -0.0433318 -0.0161005 -0.0110016
internal_weight=8014 5630 4475 2384 1155 2385 585
internal_count=8014 5630 4475 2384 1155 2385 585
is_linear=0
shrinkage=0.02


Tree=267
num_leaves=8
num_cat=0
split_feature=52 41 44 34 9 34 57
split_gain=4132.13 3404.73 2924.58 3122.79 2237.22 1883.25 1661.02
threshold=53.57500000000001 58.930000000000007 1.0000000180025095e-35 1.0000000180025095e-35 12.500000000000002 3.5000000000000004 35.57500000000001
decision_type=2 2 2 2 2 2 2
left_child=1 2 5 -4 -5 -1 -2
right_child=6 -3 3 4 -6 -7 -8
leaf_value=-0.066135684212241128 0.032022505063735662 0.014350230183444746 -0.080470040169517698 -0.012682167499297348 0.044856369820246746 0.052845102909762985 0.0035144549087160089
leaf_weight=686 1662 1461 238 2063 306 54 1607
leaf_count=686 1662 1461 238 2063 306 54 1607
internal_value=0.000701775 -0.0110898 -0.0221994 -0.0121863 -0.00517118 -0.0571569 0.0180351
internal_weight=8077 4808 3347 2607 2369 740 3269
internal_count=8077 4808 3347 2607 2369 740 3269
is_linear=0
shrinkage=0.02


Tree=268
num_leaves=8
num_cat=0
split_feature=16 34 55 43 52 56 34
split_gain=5246.71 2356.18 2104.1 2009.73 1934.47 1691.05 1901.19
threshold=0.50455000000000017 3.5000000000000004 47.375000000000007 1.0000000180025095e-35 31.190000000000001 51.035000000000004 1.5000000000000002
decision_type=2 2 2 2 2 2 2
left_child=1 3 -2 5 -5 6 -1
right_child=2 -3 -4 4 -6 -7 -8
leaf_value=-0.08323006884420299 0.028607950485955606 0.028364513651597211 -0.0022461765796382518 -0.045365060972017153 -0.004229415675219254 0.040069290790064577 -0.025640091506540778
leaf_weight=433 2236 427 1459 565 2319 82 495
leaf_count=433 2236 427 1459 565 2319 82 495
internal_value=-0.00104732 -0.0160015 0.0164384 -0.0208966 -0.0123528 -0.0451121 -0.0528133
internal_weight=8016 4321 3695 3894 2884 1010 928
internal_count=8016 4321 3695 3894 2884 1010 928
is_linear=0
shrinkage=0.02


Tree=269
num_leaves=8
num_cat=0
split_feature=44 12 33 33 55 55 52
split_gain=3629.02 2758.18 2231.42 2120.11 2054.34 1891.54 1677.21
threshold=1.0000000180025095e-35 66.475000000000009 5.5000000000000009 1.0000000180025095e-35 51.435000000000009 56.885000000000012 72.425000000000026
decision_type=2 2 2 2 2 2 2
left_child=2 3 4 -2 -1 -5 -6
right_child=1 -3 -4 5 6 -7 -8
leaf_value=-0.018772023665278414 -0.055384457681108924 0.03299542769443041 0.10106352334770445 0.0063329748124345822 -0.084366298697868769 -0.033409362926267325 0.046011547290760541
leaf_weight=1171 267 1163 47 4367 366 533 41
leaf_count=1171 267 1163 47 4367 366 533 41
internal_value=-0.00161009 0.00523877 -0.0282233 -0.00103462 -0.0323811 0.00198033 -0.0708334
internal_weight=7955 6330 1625 5167 1578 4900 407
internal_count=7955 6330 1625 5167 1578 4900 407
is_linear=0
shrinkage=0.02


Tree=270
num_leaves=8
num_cat=0
split_feature=52 34 23 46 68 51 68
split_gain=3570.28 2684.5 1701.08 1706.54 1639.56 1402.95 1488.5
threshold=63.135000000000012 1.5000000000000002 3.6500000000000008 2.5000000000000004 895530.30000000016 32.300000000000004 971458.90000000014
decision_type=2 2 2 2 2 2 2
left_child=1 2 -1 -4 -2 6 -5
right_child=4 -3 3 5 -6 -7 -8
leaf_value=0.043126307151300447 0.0082400704073118218 0.0015888509879588909 -0.067321744103896977 -0.022734079505064845 0.047340738391723002 -0.00044038551122556812 -0.07341243066500093
leaf_weight=134 1322 3440 387 1048 632 781 296
leaf_count=134 1322 3440 387 1048 632 781 296
internal_value=-0.00251257 -0.0100647 -0.0251897 -0.0289124 0.0209753 -0.0217757 -0.0341261
internal_weight=8040 6086 2646 2512 1954 2125 1344
internal_count=8040 6086 2646 2512 1954 2125 1344
is_linear=0
shrinkage=0.02


Tree=271
num_leaves=8
num_cat=2
split_feature=44 33 16 11 2 40 31
split_gain=3680.59 2698.34 2625.43 2593.09 2219.32 2058.42 1733.67
threshold=1.0000000180025095e-35 4.5000000000000009 0.72825000000000006 0 1 30.985000000000003 1.0000000180025095e-35
decision_type=2 2 2 9 1 2 2
left_child=1 4 3 6 -1 -6 -2
right_child=2 -3 -4 -5 5 -7 -8
leaf_value=-0.070881368694312732 -0.021624073042161226 0.046848037879345779 0.052376650002110621 0.020746583281016411 -0.071688661951202534 -0.0024656725989295244 0.0053568849723467735
leaf_weight=474 1730 172 459 2113 217 762 2109
leaf_count=474 1730 172 459 2113 217 762 2109
internal_value=-0.000264174 -0.0271012 0.00655404 0.00297934 -0.0359856 -0.0179135 -0.00681408
internal_weight=8036 1625 6411 5952 1453 979 3839
internal_count=8036 1625 6411 5952 1453 979 3839
cat_boundaries=0 1 2
cat_threshold=2 21
is_linear=0
shrinkage=0.02


Tree=272
num_leaves=8
num_cat=0
split_feature=43 12 42 9 42 31 44
split_gain=4028.13 2739.07 2292.34 2132.39 1774.74 1689 1538.1
threshold=1.0000000180025095e-35 22.085000000000004 68.50500000000001 3.5000000000000004 33.775000000000013 1.0000000180025095e-35 1.0000000180025095e-35
decision_type=2 2 2 2 2 2 2
left_child=2 -2 6 4 5 -3 -1
right_child=1 3 -4 -5 -6 -7 -8
leaf_value=-0.0696823667816895 -0.025505881318457484 -0.080397252225066509 0.027863273598660122 0.025059001492454047 0.0072356484151913205 -0.0031963183238229039 -0.024154892858590432
leaf_weight=381 888 192 270 2627 2100 268 1335
leaf_count=381 888 192 270 2627 2100 268 1335
internal_value=-0.00122785 0.00685834 -0.0259179 0.0124182 -0.000576925 -0.0359373 -0.0344363
internal_weight=8061 6075 1986 5187 2560 460 1716
internal_count=8061 6075 1986 5187 2560 460 1716
is_linear=0
shrinkage=0.02


Tree=273
num_leaves=8
num_cat=0
split_feature=16 41 33 42 16 44 57
split_gain=4469.07 3765.45 3507.86 3323.24 3400.94 2694.61 2255.05
threshold=0.72825000000000006 72.595000000000013 4.5000000000000009 9.1200000000000028 0.32955000000000007 1.0000000180025095e-35 9.1450000000000014
decision_type=2 2 2 2 2 2 2
left_child=1 2 3 -1 -5 6 -6
right_child=-2 -3 -4 4 5 -7 -8
leaf_value=-0.097456991896427494 0.053925856817679127 0.032699381672464181 0.033294068165621644 -0.045803376669129953 0.070206413433985107 0.0027541339485175876 -0.043688661453231178
leaf_weight=184 558 944 668 986 71 3697 882
leaf_count=184 558 944 668 986 71 3697 882
internal_value=-0.000404251 -0.00451691 -0.00995287 -0.0149409 -0.012163 -0.00498826 -0.0348812
internal_weight=7990 7432 6488 5820 5636 4650 953
internal_count=7990 7432 6488 5820 5636 4650 953
is_linear=0
shrinkage=0.02


Tree=274
num_leaves=8
num_cat=0
split_feature=41 40 66 55 14 13 40
split_gain=4307.71 3554.89 3280.36 2887.36 2239.9 2190.18 1850.86
threshold=15.475000000000003 81.645000000000024 0.31250000000000006 54.735000000000007 43.180000000000007 407.35000000000008 18.335000000000004
decision_type=2 2 2 2 2 2 2
left_child=5 2 3 4 6 -1 -2
right_child=1 -3 -4 -5 -6 -7 -8
leaf_value=-0.093899682351585592 -0.072785124033689502 0.056231504907663606 0.012937607750411783 -0.056362622160733081 -0.077853592138714595 0.059280796887973948 0.0024360369974946554
leaf_weight=259 133 483 3892 536 158 40 2519
leaf_count=259 133 483 3892 536 158 40 2519
internal_value=0.00107898 0.00398404 0.000461101 -0.014049 -0.00589198 -0.0727693 -0.00146624
internal_weight=8020 7721 7238 3346 2810 299 2652
internal_count=8020 7721 7238 3346 2810 299 2652
is_linear=0
shrinkage=0.02


Tree=275
num_leaves=8
num_cat=0
split_feature=52 64 41 34 38 52 10
split_gain=3789.28 2887.47 2365.09 2372.64 2108.23 1908.48 1763.06
threshold=33.585000000000008 1.0000000180025095e-35 67.365000000000023 3.5000000000000004 4636.0000000000009 67.205000000000013 14569.450000000003
decision_type=2 2 2 2 8 2 2
left_child=4 -2 3 5 -1 -3 -7
right_child=1 2 -4 -5 -6 6 -8
leaf_value=0.016121047673567299 -0.14068984733178067 -0.0090786043466509463 0.03331260769161408 0.047148280745286542 -0.036166798506898863 -0.028407100585021383 0.035679754364617761
leaf_weight=389 47 3366 1262 430 1440 214 803
leaf_count=389 47 3366 1262 430 1440 214 803
internal_value=0.000187969 0.00773704 0.00900011 0.00259726 -0.0250324 -0.00182222 0.0221214
internal_weight=7951 6122 6075 4813 1829 4383 1017
internal_count=7951 6122 6075 4813 1829 4383 1017
is_linear=0
shrinkage=0.02


Tree=276
num_leaves=8
num_cat=0
split_feature=52 41 66 43 34 41 45
split_gain=3483.84 3900.37 3532.12 2467.68 2132.04 1763.16 1843.43
threshold=63.135000000000012 58.32500000000001 0.68750000000000011 1.0000000180025095e-35 1.5000000000000002 32.935000000000009 1.0000000180025095e-35
decision_type=2 2 2 2 2 2 2
left_child=1 2 3 -1 5 6 -5
right_child=-2 -3 -4 4 -6 -7 -8
leaf_value=-0.048027787562459706 0.022674226312992093 0.014727675618530807 0.081726937789414367 -0.01733027001359733 0.0029779615315801105 -0.017179057675660254 -0.10977757637921851
leaf_weight=1105 1947 2007 129 155 1548 917 196
leaf_count=1105 1947 2007 129 155 1548 917 196
internal_value=-0.000564329 -0.00804682 -0.0193371 -0.0227619 -0.01278 -0.0319538 -0.06977
internal_weight=8004 6057 4050 3921 2816 1268 351
internal_count=8004 6057 4050 3921 2816 1268 351
is_linear=0
shrinkage=0.02


Tree=277
num_leaves=8
num_cat=0
split_feature=44 33 52 40 43 52 55
split_gain=3601.89 2315.45 2100.4 2008.05 1932.04 1717.01 1929.35
threshold=1.0000000180025095e-35 4.5000000000000009 72.425000000000026 17.080000000000002 1.0000000180025095e-35 83.715000000000018 52.505000000000003
decision_type=2 2 2 2 2 2 2
left_child=1 3 4 -1 -2 6 -5
right_child=2 -3 -4 5 -6 -7 -8
leaf_value=-0.11419353806381595 -0.017615868376232999 0.043358050410802651 0.0376511442994759 -0.018104134780579342 0.0098029551163727139 0.079696903968679497 -0.076090312866087001
leaf_weight=111 1356 168 801 978 4197 53 297
leaf_count=111 1356 168 801 978 4197 53 297
internal_value=0.000711137 -0.0259918 0.00747974 -0.0342103 0.00309766 -0.0271217 -0.031856
internal_weight=7961 1607 6354 1439 5553 1328 1275
internal_count=7961 1607 6354 1439 5553 1328 1275
is_linear=0
shrinkage=0.02


Tree=278
num_leaves=8
num_cat=0
split_feature=40 44 9 8 40 55 15
split_gain=3686.44 3617.23 3136.26 2213.31 2096.81 1881.66 1799.58
threshold=81.645000000000024 1.0000000180025095e-35 4.5000000000000009 54.410000000000004 17.770000000000007 55.475000000000001 1.5000000000000002
decision_type=2 2 2 2 2 2 2
left_child=1 4 3 6 -1 -6 -3
right_child=-2 2 -4 -5 5 -7 -8
leaf_value=-0.10491829274222254 0.054875475498728774 0.0038180007342750177 0.020790682664415083 -0.07080694072263341 -0.012789393226122499 -0.075785202752219311 -0.032242580797685785
leaf_weight=131 465 2484 2595 208 1229 220 707
leaf_count=131 465 2484 2595 208 1229 220 707
internal_value=0.000523245 -0.00284767 0.00425407 -0.00838296 -0.0297178 -0.0225817 -0.00420955
internal_weight=8039 7574 5994 3399 1580 1449 3191
internal_count=8039 7574 5994 3399 1580 1449 3191
is_linear=0
shrinkage=0.02


Tree=279
num_leaves=8
num_cat=0
split_feature=55 40 34 33 48 8 42
split_gain=3616.03 2883.04 2628.69 2158.67 2113.08 1906.18 1791.42
threshold=55.055000000000007 7.5900000000000007 1.5000000000000002 1.0000000180025095e-35 5.5000000000000009 47.245000000000012 57.605000000000011
decision_type=2 2 2 2 2 2 2
left_child=1 -1 6 4 -3 -5 -2
right_child=2 3 -4 5 -6 -7 -8
leaf_value=-0.086872644011128805 -0.086342770171771652 -1.1924772305571618e-05 -0.0038205564344695898 0.01400079306059141 -0.10239382631526106 -0.020626906263648506 -0.011072169448118754
leaf_weight=127 392 196 652 5649 132 712 188
leaf_count=127 392 196 652 5649 132 712 188
internal_value=-6.41524e-06 0.00569908 -0.0314674 0.00752026 -0.0421332 0.0101117 -0.0622479
internal_weight=8048 6816 1232 6689 328 6361 580
internal_count=8048 6816 1232 6689 328 6361 580
is_linear=0
shrinkage=0.02


Tree=280
num_leaves=8
num_cat=0
split_feature=16 43 12 57 33 64 14
split_gain=4216.56 3033.85 1983.19 1792.54 1778.63 1729.36 1635.33
threshold=0.36255000000000004 1.0000000180025095e-35 66.475000000000009 42.365000000000002 4.5000000000000009 2.5000000000000004 32.975000000000009
decision_type=2 2 2 2 2 2 2
left_child=4 3 -3 -2 -1 -4 -5
right_child=1 2 5 6 -6 -7 -8
leaf_value=-0.034326218313939984 -0.00060995996677064084 0.0095031612903289549 0.10082265676495558 -0.031303680859884976 0.02820737764257308 0.029015826485253721 -0.13149305260800698
leaf_weight=1564 994 3849 162 467 202 725 72
leaf_count=1564 994 3849 162 467 202 725 72
internal_value=0.000138751 0.00783144 0.0157444 -0.0165862 -0.027114 0.0426221 -0.0457726
internal_weight=8035 6269 4736 1533 1766 887 539
internal_count=8035 6269 4736 1533 1766 887 539
is_linear=0
shrinkage=0.02


Tree=281
num_leaves=8
num_cat=1
split_feature=43 9 47 30 31 34 2
split_gain=3177.72 2639.42 1921.49 1776.77 1704.24 1676.23 1638.85
threshold=1.0000000180025095e-35 12.500000000000002 4.5000000000000009 1.0000000180025095e-35 1.0000000180025095e-35 3.5000000000000004 0
decision_type=2 2 2 2 2 2 1
left_child=2 3 5 4 -2 -1 -5
right_child=1 -3 -4 6 -6 -7 -8
leaf_value=-0.060638301093710524 -0.021169656183394565 0.042910939739370831 -0.0090898778883435095 -0.047528260719767818 0.0055989783483263124 0.049542822977227549 0.026346196405685109
leaf_weight=606 1656 681 1301 119 2223 57 1338
leaf_count=606 1656 681 1301 119 2223 57 1338
internal_value=-0.00123009 0.00598244 -0.0232858 0.00123373 -0.00584147 -0.0508658 0.0200257
internal_weight=7981 6017 1964 5336 3879 663 1457
internal_count=7981 6017 1964 5336 3879 663 1457
cat_boundaries=0 1
cat_threshold=1
is_linear=0
shrinkage=0.02


Tree=282
num_leaves=8
num_cat=0
split_feature=16 41 9 66 42 65 17
split_gain=4439.68 3718.84 3136.93 2389.09 2379.98 2047.4 1822.01
threshold=0.72145000000000015 36.045000000000009 3.5000000000000004 0.31250000000000006 81.935000000000016 0.22500000000000003 3155.0000000000005
decision_type=2 2 2 2 2 2 2
left_child=1 2 6 -4 5 -3 -1
right_child=-2 4 3 -5 -6 -7 -8
leaf_value=-0.13458093541331198 0.051116933664840873 -0.040127782234548735 -0.043213451688851018 0.020300089412825555 0.044615611721062126 0.0034997506014140894 -0.046858991071201041
leaf_weight=109 623 469 399 568 509 4659 648
leaf_count=109 623 469 399 568 509 4659 648
internal_value=7.11848e-05 -0.00428085 -0.0299407 -0.00599412 0.00358644 -0.000525566 -0.0602902
internal_weight=7984 7361 1724 967 5637 5128 757
internal_count=7984 7361 1724 967 5637 5128 757
is_linear=0
shrinkage=0.02


Tree=283
num_leaves=8
num_cat=0
split_feature=16 10 41 12 38 40 41
split_gain=3724.73 3151.32 2041.2 1856.19 1704.53 2024.63 1640.07
threshold=0.50155000000000005 19100.500000000004 58.930000000000007 77.385000000000005 16347.400000000003 39.885000000000012 74.365000000000023
decision_type=2 2 2 2 8 2 2
left_child=1 2 -1 6 -3 -6 -2
right_child=3 4 -4 -5 5 -7 -8
leaf_value=-0.057412101008757724 0.0050656205286385538 0.013177435039467911 -0.001519510120463868 0.061472499996714954 -0.047937138459174397 -0.00019002198396272181 0.047826759491518545
leaf_weight=839 3043 1491 379 302 537 1031 402
leaf_count=839 3043 1491 379 302 537 1031 402
internal_value=-0.000215107 -0.0129623 -0.0400976 0.014333 -0.0021101 -0.0166426 0.0101175
internal_weight=8024 4277 1218 3747 3059 1568 3445
internal_count=8024 4277 1218 3747 3059 1568 3445
is_linear=0
shrinkage=0.02


Tree=284
num_leaves=8
num_cat=0
split_feature=16 34 52 44 40 34 12
split_gain=3843.05 3470.14 3390.26 3513.22 2744.1 1889.42 2243.36
threshold=0.72825000000000006 3.5000000000000004 75.385000000000005 1.0000000180025095e-35 47.045000000000009 1.0000000180025095e-35 38.665000000000006
decision_type=2 2 2 2 2 2 2
left_child=1 2 3 4 -1 6 -5
right_child=-2 -3 -4 5 -6 -7 -8
leaf_value=-0.072514488232806096 0.049377344133189088 0.038417328297864047 0.03263519237274002 -0.091077791550406462 -0.013317007049734361 -0.0026578126956454773 -0.0045731150944916046
leaf_weight=653 541 649 673 217 603 4392 262
leaf_count=653 541 649 673 217 603 4392 262
internal_value=-0.00184194 -0.00559248 -0.00981797 -0.0145039 -0.0442595 -0.00679383 -0.0442981
internal_weight=7990 7449 6800 6127 1256 4871 479
internal_count=7990 7449 6800 6127 1256 4871 479
is_linear=0
shrinkage=0.02


Tree=285
num_leaves=8
num_cat=0
split_feature=16 12 15 8 33 41 52
split_gain=3886.68 2380.34 1921.66 2242.99 1778.21 1860.59 2042.46
threshold=0.38895000000000007 43.755000000000003 1.5000000000000002 24.685000000000006 1.5000000000000002 36.045000000000009 18.125000000000004
decision_type=2 2 2 2 2 2 2
left_child=2 4 3 -1 5 -2 -7
right_child=1 -3 -4 -5 -6 6 -8
leaf_value=0.012620083965857645 -0.10969141270167061 0.020237462465413265 -0.057434397313954985 -0.033281578842937254 0.0032604322910863436 -0.14390060339836364 -0.0049704479858193587
leaf_weight=772 107 3152 489 939 2037 42 430
leaf_count=772 107 3152 489 939 2037 42 430
internal_value=-8.1279e-05 0.00854609 -0.0226688 -0.0125944 -0.0055525 -0.0363201 -0.0187117
internal_weight=7968 5768 2200 1711 2616 579 472
internal_count=7968 5768 2200 1711 2616 579 472
is_linear=0
shrinkage=0.02


Tree=286
num_leaves=8
num_cat=0
split_feature=41 16 64 42 64 55 44
split_gain=3880.31 2819.08 2345.05 2148.69 1986.02 1945.48 1691.03
threshold=18.610000000000003 0.32410000000000005 1.0000000180025095e-35 79.155000000000015 2.5000000000000004 49.015000000000008 1.0000000180025095e-35
decision_type=2 2 2 2 2 2 2
left_child=-1 -2 -3 5 -5 -4 -7
right_child=1 2 3 4 -6 6 -8
leaf_value=-0.057561271349230489 -0.024112611462335003 -0.13266208384347999 0.014972117396757741 0.11188875843957068 0.026560541392225804 -0.046666466177294627 -0.00015508241257875373
leaf_weight=421 1163 41 3817 135 519 389 1515
leaf_count=421 1163 41 3817 135 519 389 1515
internal_value=0.00117379 0.00447222 0.0096684 0.010687 0.0448895 0.00674138 -0.00975501
internal_weight=8000 7579 6416 6375 654 5721 1904
internal_count=8000 7579 6416 6375 654 5721 1904
is_linear=0
shrinkage=0.02


Tree=287
num_leaves=8
num_cat=0
split_feature=12 41 10 43 40 49 22
split_gain=3520.34 2627.23 1932.15 1411.66 2138.89 1591.45 1543.91
threshold=42.635000000000012 32.655000000000008 12355.400000000001 1.0000000180025095e-35 42.785000000000004 39.500000000000007 7121.0500000000011
decision_type=2 2 2 2 2 2 2
left_child=1 -1 -3 4 5 -2 -5
right_child=3 2 -4 6 -6 -7 -8
leaf_value=-0.04961526361953484 -0.015821735450718289 -0.040293474800167199 0.0022840995303012742 -0.051783658364566706 0.017956862717272308 -0.097914603659669863 0.021967328169765273
leaf_weight=656 348 515 2364 113 609 126 3261
leaf_count=656 348 515 2364 113 609 126 3261
internal_value=0.00123936 -0.0136546 -0.0053889 0.0130543 -0.00678894 -0.0384382 0.0194243
internal_weight=7992 3535 2879 4457 1083 474 3374
internal_count=7992 3535 2879 4457 1083 474 3374
is_linear=0
shrinkage=0.02


Tree=288
num_leaves=8
num_cat=0
split_feature=41 44 38 51 58 56 52
split_gain=3286.79 2687.33 1850.42 2506.42 2137.6 1838.74 1717.13
threshold=68.115000000000023 1.0000000180025095e-35 89407.400000000009 35.175000000000004 33.645000000000003 41.335000000000008 48.985000000000007
decision_type=2 2 8 2 2 2 2
left_child=1 6 3 -3 -5 -6 -1
right_child=-2 2 -4 4 5 -7 -8
leaf_value=-0.050852196524110285 0.028215621153786678 -0.0021394666688350312 -0.01285913164511745 -0.00071523323084749099 0.029628079985180557 0.096237601636651363 -0.0061474266932381475
leaf_weight=728 1441 1976 2122 413 419 277 650
leaf_count=728 1441 1976 2122 413 419 277 650
internal_value=0.000910378 -0.00508172 0.00149898 0.01138 0.0353701 0.0566352 -0.0298635
internal_weight=8026 6585 5207 3085 1109 696 1378
internal_count=8026 6585 5207 3085 1109 696 1378
is_linear=0
shrinkage=0.02


Tree=289
num_leaves=8
num_cat=0
split_feature=52 64 12 41 55 55 38
split_gain=3199.72 2163.82 2013.34 1995.03 1786.77 1533.04 1652.34
threshold=32.835000000000008 1.0000000180025095e-35 67.095000000000013 14.405000000000003 46.515000000000008 38.355000000000011 23403.650000000005
decision_type=2 2 2 2 2 2 8
left_child=4 -2 3 -3 -1 6 -5
right_child=1 2 -4 5 -6 -7 -8
leaf_value=-0.0050293937214822542 -0.12697029066582521 -0.071946318150616029 0.029601993831713309 0.04799659020612064 -0.045355152924687954 -0.0021617369454186562 -0.00032160838514138382
leaf_weight=957 43 137 1333 576 810 3665 552
leaf_count=957 43 137 1333 576 810 3665 552
internal_value=0.000156858 0.00682456 0.00784371 0.00193656 -0.0235907 0.00412116 0.0244544
internal_weight=8073 6306 6263 4930 1767 4793 1128
internal_count=8073 6306 6263 4930 1767 4793 1128
is_linear=0
shrinkage=0.02


Tree=290
num_leaves=8
num_cat=0
split_feature=16 9 15 42 9 42 31
split_gain=3468.75 2784.1 2371.3 1760.56 1688.59 1867.25 1674.63
threshold=0.50155000000000005 17.500000000000004 1.5000000000000002 82.565000000000012 12.500000000000002 10.480000000000002 1.0000000180025095e-35
decision_type=2 2 2 2 2 2 2
left_child=1 2 3 6 5 -2 -1
right_child=4 -3 -4 -5 -6 -7 -8
leaf_value=-0.029159168440688044 -0.069911517523896863 0.048579331059375258 -0.044299909213860011 0.050778766594129832 0.063177727071574818 0.015397430727412733 0.0017747911355203046
leaf_weight=1132 101 300 821 198 284 3338 1820
leaf_count=1132 101 300 821 198 284 3338 1820
internal_value=0.00261776 -0.00967772 -0.0141345 -0.00621455 0.0167171 0.0127941 -0.0101167
internal_weight=7994 4271 3971 3150 3723 3439 2952
internal_count=7994 4271 3971 3150 3723 3439 2952
is_linear=0
shrinkage=0.02


Tree=291
num_leaves=8
num_cat=0
split_feature=16 31 8 51 12 33 54
split_gain=3686.86 2431.88 2004.3 1563.55 1551.99 1507.63 1444.5
threshold=0.57545000000000013 1.0000000180025095e-35 39.385000000000012 30.685000000000006 10.525 3.5000000000000004 84.565000000000012
decision_type=2 2 2 2 2 2 2
left_child=1 2 6 4 -2 -4 -1
right_child=3 -3 5 -5 -6 -7 -8
leaf_value=0.0025471575848597995 -0.077584689254077466 0.00056807656633189754 -0.07965036679710949 0.040740930578955309 0.011832425500718637 0.019487011007180338 -0.033189200868736009
leaf_weight=832 77 3307 378 861 1468 71 985
leaf_count=832 77 3307 378 861 1468 71 985
internal_value=-0.0014429 -0.0103745 -0.0263102 0.0192239 0.00714014 -0.0639319 -0.0168635
internal_weight=7979 5573 2266 2406 1545 449 1817
internal_count=7979 5573 2266 2406 1545 449 1817
is_linear=0
shrinkage=0.02


Tree=292
num_leaves=8
num_cat=0
split_feature=55 45 64 40 64 38 57
split_gain=3210.9 2286.95 2448.33 2246.16 3299.82 1932.09 1539.04
threshold=55.055000000000007 1.0000000180025095e-35 1.0000000180025095e-35 30.690000000000001 3.5000000000000004 12122.750000000002 17.175000000000004
decision_type=2 2 2 2 2 10 2
left_child=1 2 -1 4 5 6 -3
right_child=-2 3 -4 -5 -6 -7 -8
leaf_value=-0.11525332734269916 -0.029038325455055147 0.034485803768038753 0.022053611744175923 0.0027417038466558408 0.0094801746060982454 -0.18853836983442307 -0.083744281067250723
leaf_weight=48 1204 53 2890 3278 287 54 201
leaf_count=48 1204 53 2890 3278 287 54 201
internal_value=0.00100047 0.00632792 0.0196183 -0.00376629 -0.0393445 -0.0842649 -0.0588847
internal_weight=8015 6811 2938 3873 595 308 254
internal_count=8015 6811 2938 3873 595 308 254
is_linear=0
shrinkage=0.02


Tree=293
num_leaves=8
num_cat=0
split_feature=12 40 40 31 44 26 12
split_gain=2978.17 3130.8 2692.08 2662.27 3082.44 1787.08 1802.04
threshold=77.385000000000005 8.9700000000000024 87.625000000000014 1.0000000180025095e-35 1.0000000180025095e-35 1.0000000180025095e-35 10.525
decision_type=2 2 2 2 2 2 2
left_child=1 -1 3 4 -3 6 -6
right_child=-2 2 -4 -5 5 -7 -8
leaf_value=-0.090763606626049056 0.040268228196701256 -0.060073855923517494 0.062629821320048407 0.0062080259715865203 -0.10199216321255397 0.015770492752955393 -0.015309223587524786
leaf_weight=158 655 578 243 3979 98 790 1458
leaf_count=158 655 578 243 3979 98 790 1458
internal_value=-0.000419459 -0.00409325 -0.00211483 -0.00443766 -0.0189102 -0.00866229 -0.0210779
internal_weight=7959 7304 7146 6903 2924 2346 1556
internal_count=7959 7304 7146 6903 2924 2346 1556
is_linear=0
shrinkage=0.02


Tree=294
num_leaves=8
num_cat=0
split_feature=16 9 16 55 12 31 43
split_gain=3606.67 2769.46 1635.88 1614.76 1642.81 1606.97 1566.41
threshold=0.50155000000000005 3.5000000000000004 0.77305000000000013 49.875000000000007 80.110000000000014 1.0000000180025095e-35 1.0000000180025095e-35
decision_type=2 2 2 2 2 2 2
left_child=1 -1 6 -3 5 -5 -2
right_child=2 3 -4 4 -6 -7 -8
leaf_value=-0.032973662791185264 -0.014654738795228455 0.010536052410524551 0.058565668603347942 -0.067490786987285681 0.080453428061945095 -0.0067607802061708331 0.016881103053414486
leaf_weight=1740 822 1734 289 296 51 417 2648
leaf_count=1740 822 1734 289 296 51 417 2648
internal_value=-0.000999104 -0.0136411 0.013253 -0.000135913 -0.0242684 -0.0322671 0.00940032
internal_weight=7997 4238 3759 2498 764 713 3470
internal_count=7997 4238 3759 2498 764 713 3470
is_linear=0
shrinkage=0.02


Tree=295
num_leaves=8
num_cat=0
split_feature=44 33 51 15 52 40 38
split_gain=3377.48 1889.13 1839.86 2112.27 1779.65 1472.87 1584.32
threshold=1.0000000180025095e-35 4.5000000000000009 35.525000000000013 1.5000000000000002 67.205000000000013 47.045000000000009 2876.8500000000004
decision_type=2 2 2 2 2 2 8
left_child=1 4 3 -2 5 6 -1
right_child=2 -3 -4 -5 -6 -7 -8
leaf_value=-0.14271729164405003 0.0061021646825747608 0.038414254882118921 0.021968706528304797 -0.028375707540616302 0.015615134899359775 -0.019767529943352007 -0.050738145323344704
leaf_weight=85 3463 160 2057 889 246 576 544
leaf_count=85 3463 160 2057 889 246 576 544
internal_value=-0.000103811 -0.0259449 0.00640691 -0.000965246 -0.0331493 -0.0431279 -0.0641953
internal_weight=8020 1611 6409 4352 1451 1205 629
internal_count=8020 1611 6409 4352 1451 1205 629
is_linear=0
shrinkage=0.02


Tree=296
num_leaves=8
num_cat=0
split_feature=16 43 41 55 46 65 16
split_gain=3597.56 3686.36 2252.22 1959.95 1839.2 1797.26 1788.3
threshold=0.72825000000000006 1.0000000180025095e-35 67.855000000000018 55.685000000000009 1.5000000000000002 0.22500000000000003 0.48145000000000004
decision_type=2 2 2 2 2 2 2
left_child=1 3 5 4 -1 -3 -7
right_child=-2 2 -4 -5 -6 6 -8
leaf_value=-0.091798986047506331 0.047904815039755355 -0.042286540339849611 0.02932379413593636 -0.079171508187783582 -0.013466592682480894 -0.010721213294479382 0.015577431678704774
leaf_weight=126 573 402 1129 257 1456 2175 1963
leaf_count=126 573 402 1129 257 1456 2175 1963
internal_value=-0.000176553 -0.00387549 0.00411116 -0.02844 -0.019975 -0.00218404 0.00175818
internal_weight=8081 7508 5669 1839 1582 4540 4138
internal_count=8081 7508 5669 1839 1582 4540 4138
is_linear=0
shrinkage=0.02


Tree=297
num_leaves=8
num_cat=0
split_feature=42 34 43 12 17 9 8
split_gain=2642.43 3036.05 2783.37 2247.37 1722.99 1473.71 1578.29
threshold=83.080000000000013 3.5000000000000004 1.0000000180025095e-35 14.955000000000002 57757.000000000007 16.500000000000004 53.770000000000003
decision_type=2 2 2 2 2 2 2
left_child=1 2 4 -4 -1 6 -5
right_child=-2 -3 3 5 -6 -7 -8
leaf_value=-0.035881833501666453 0.042102458429549419 0.036612176572095249 -0.043962261312875617 0.0036137985855663945 0.038505272253909532 0.047342793149644874 -0.044517982090274764
leaf_weight=1599 520 656 436 4078 131 280 287
leaf_count=1599 520 656 436 4078 131 280 287
internal_value=-0.00127028 -0.0043169 -0.00828294 -0.000813758 -0.0301543 0.00327927 0.000401805
internal_weight=7987 7467 6811 5081 1730 4645 4365
internal_count=7987 7467 6811 5081 1730 4645 4365
is_linear=0
shrinkage=0.02


Tree=298
num_leaves=8
num_cat=0
split_feature=64 45 64 9 57 33 13
split_gain=3079.24 2641.3 2982.27 2626.48 1683 1573.5 1286.43
threshold=1.0000000180025095e-35 1.0000000180025095e-35 3.5000000000000004 4.5000000000000009 38.925000000000004 4.5000000000000009 431.15000000000003
decision_type=2 2 2 2 2 2 2
left_child=-1 3 4 5 -3 -2 -5
right_child=1 2 -4 6 -6 -7 -8
leaf_value=-0.143808797678705 -0.0066392675747015987 -0.010299264385354698 0.0068564210574066651 0.028109521093027424 -0.045620209429866422 0.055929021295943973 0.090035737549133646
leaf_weight=54 1749 1267 2373 1337 940 172 146
leaf_count=54 1749 1267 2373 1337 940 172 146
internal_value=0.000146789 0.00120983 -0.00870386 0.0145417 -0.0254122 -0.000906458 0.0344882
internal_weight=8038 7984 4580 3404 2207 1921 1483
internal_count=8038 7984 4580 3404 2207 1921 1483
is_linear=0
shrinkage=0.02


Tree=299
num_leaves=8
num_cat=0
split_feature=52 41 10 9 41 8 17
split_gain=2899 1937.42 2753.5 1772.32 1961.45 1964.48 1545.24
threshold=23.245000000000001 67.855000000000018 14383.050000000001 4.5000000000000009 15.475000000000003 53.770000000000003 20835.050000000003
decision_type=2 2 2 2 2 2 2
left_child=-1 2 -2 4 -4 -6 -7
right_child=1 -3 3 -5 5 6 -8
leaf_value=-0.034175998913113584 -0.02878251244850934 0.025887870401480377 -0.090373374324979147 0.020123072942825403 0.003663269612320772 -0.1203573028151142 -0.0031502982785741054
leaf_weight=872 1119 1349 98 2023 2309 90 86
leaf_count=872 1119 1349 98 2023 2309 90 86
internal_value=0.000123959 0.00437321 -0.000714524 0.00612824 -0.00485018 -0.00130274 -0.0647548
internal_weight=7946 7074 5725 4606 2583 2485 176
internal_count=7946 7074 5725 4606 2583 2485 176
is_linear=0
shrinkage=0.02


Tree=300
num_leaves=8
num_cat=0
split_feature=16 40 64 34 51 42 40
split_gain=3438.14 1876.06 1948.56 1921.08 1560.49 1715.2 1535.3
threshold=0.50155000000000005 67.185000000000016 4.5000000000000009 3.5000000000000004 30.865000000000006 13.175000000000002 5.6100000000000003
decision_type=2 2 2 2 2 2 2
left_child=1 2 3 6 -2 -6 -1
right_child=4 -3 -4 -5 5 -7 -8
leaf_value=-0.11329691968950226 0.0044306574092822107 0.016867408033762431 0.032131166857877147 0.028231634331228089 -0.076420414685680157 0.036086246920425169 -0.024749726665025906
leaf_weight=76 2356 735 279 269 52 1287 2892
leaf_count=76 2356 735 279 269 52 1287 2892
internal_value=0.00015015 -0.0121086 -0.0181813 -0.0225606 0.0142509 0.031449 -0.0272038
internal_weight=7946 4251 3516 3237 3695 1339 2968
internal_count=7946 4251 3516 3237 3695 1339 2968
is_linear=0
shrinkage=0.02


Tree=301
num_leaves=8
num_cat=0
split_feature=41 16 52 18 41 34 44
split_gain=2910.43 2161.26 2195.94 2602.45 1909.5 1892.53 1624.78
threshold=20.030000000000005 0.72825000000000006 15.630000000000001 336080.90000000008 84.475000000000009 1.0000000180025095e-35 1.0000000180025095e-35
decision_type=2 2 2 2 2 2 2
left_child=-1 2 3 -2 5 -4 -7
right_child=1 -3 4 -5 -6 6 -8
leaf_value=-0.047055382682892034 -0.078695790180356509 0.042783351217754763 -0.033916810044446931 0.039897568771995386 0.052908010610584484 -0.016867890384291876 0.0095876303186115536
leaf_weight=481 268 515 565 98 290 1157 4621
leaf_count=481 268 515 565 98 290 1157 4621
internal_value=0.000378887 0.00344461 0.000521512 -0.0468315 0.0031677 0.000853703 0.00428011
internal_weight=7995 7514 6999 366 6633 6343 5778
internal_count=7995 7514 6999 366 6633 6343 5778
is_linear=0
shrinkage=0.02


Tree=302
num_leaves=8
num_cat=1
split_feature=44 43 58 51 36 22 2
split_gain=2558.7 1626.72 1597.55 1727.34 1768.2 1420.75 1346.74
threshold=1.0000000180025095e-35 1.0000000180025095e-35 33.645000000000003 32.095000000000006 1.0000000180025095e-35 23133.600000000002 0
decision_type=2 2 2 2 2 2 1
left_child=1 5 -2 -4 -5 -1 -3
right_child=2 6 3 4 -6 -7 -8
leaf_value=-0.043744852599254591 -0.0086000432170887618 0.0074289162808271669 0.002028903033020613 -0.00055780700831869839 0.044034911779068923 -0.16321391682423975 -0.03479163767323034
leaf_weight=369 2282 671 2535 542 1029 41 531
leaf_count=369 2282 671 2535 542 1029 41 531
internal_value=-0.000881489 -0.0233571 0.00480402 0.012255 0.0286973 -0.0575143 -0.0115162
internal_weight=8000 1612 6388 4106 1571 410 1202
internal_count=8000 1612 6388 4106 1571 410 1202
cat_boundaries=0 1
cat_threshold=170
is_linear=0
shrinkage=0.02


Tree=303
num_leaves=8
num_cat=0
split_feature=33 12 43 42 8 51 21
split_gain=2751.64 2238.39 2011.56 1759 1528.57 1320.42 1287.52
threshold=1.0000000180025095e-35 22.085000000000004 1.0000000180025095e-35 61.195000000000007 49.745000000000005 32.095000000000006 225279.60000000003
decision_type=2 2 2 2 2 2 8
left_child=-1 5 3 4 6 -2 -3
right_child=1 2 -4 -5 -6 -7 -8
leaf_value=-0.051979332209088423 -0.041607930221664376 0.03760850689999045 0.013087916941843738 0.024076007220446304 -0.09976498187687248 0.0022343567039500526 -0.026230281256754029
leaf_weight=388 665 141 4931 386 95 465 957
leaf_count=388 665 141 4931 386 95 465 957
internal_value=-0.0003683 0.00228507 0.00679915 -0.0128191 -0.0248073 -0.0236363 -0.0178991
internal_weight=8028 7640 6510 1579 1193 1130 1098
internal_count=8028 7640 6510 1579 1193 1130 1098
is_linear=0
shrinkage=0.02


Tree=304
num_leaves=8
num_cat=0
split_feature=52 41 9 41 12 10 23
split_gain=2670.25 2434.62 2795.22 2192.65 1531.98 1627.43 1926.19
threshold=22.785000000000004 67.855000000000018 4.5000000000000009 16.360000000000003 71.660000000000011 14237.750000000002 7.4500000000000011
decision_type=2 2 2 2 2 2 2
left_child=-1 2 3 -2 5 6 -4
right_child=1 -3 4 -5 -6 -7 -8
leaf_value=-0.034507399192225251 -0.092730135155619065 0.027407609608722853 -0.10049857876053801 -0.010961745357738546 0.050410363118176343 0.015299797051411249 -0.0017082884767356471
leaf_weight=828 132 1355 106 3169 380 1709 274
leaf_count=828 132 1355 106 3169 380 1709 274
internal_value=-0.000624156 0.00333487 -0.00233709 -0.0143668 0.0137429 0.00696843 -0.0302129
internal_weight=7953 7125 5770 3301 2469 2089 380
internal_count=7953 7125 5770 3301 2469 2089 380
is_linear=0
shrinkage=0.02


Tree=305
num_leaves=8
num_cat=0
split_feature=42 33 55 42 40 51 41
split_gain=3185.17 2850.12 2297.41 2313.6 1491.89 1957.75 1806.56
threshold=9.1200000000000028 1.0000000180025095e-35 55.055000000000007 28.025000000000002 76.460000000000022 31.735000000000003 18.610000000000003
decision_type=2 2 2 2 2 2 2
left_child=-1 -2 4 -4 5 6 -3
right_child=1 2 3 -5 -6 -7 -8
leaf_value=-0.07298501363234676 -0.050059048848803085 -0.0722819696236532 -0.096441882416396077 -0.0099819174973006415 0.039290781448065359 0.021608982789277777 0.00035831842265511506
leaf_weight=225 386 138 137 979 626 2172 3235
leaf_count=225 386 138 137 979 626 2172 3235
internal_value=0.000352179 0.00254882 0.00536793 -0.0209785 0.0101457 0.00682295 -0.00271621
internal_weight=7898 7673 7287 1116 6171 5545 3373
internal_count=7898 7673 7287 1116 6171 5545 3373
is_linear=0
shrinkage=0.02


Tree=306
num_leaves=8
num_cat=0
split_feature=31 41 16 14 44 9 57
split_gain=2983.41 3954.09 2642.56 2231.27 1879.81 2244.1 1790.54
threshold=1.0000000180025095e-35 82.410000000000011 0.36255000000000004 43.180000000000007 1.0000000180025095e-35 4.5000000000000009 57.935000000000009
decision_type=2 2 2 2 2 2 2
left_child=1 2 -1 4 -4 -6 -7
right_child=-2 -3 3 -5 5 6 -8
leaf_value=-0.053826472852235699 0.010733169482893823 0.083284948568486575 -0.039822449124742136 -0.086886002920834079 -0.012313623322937022 0.04368398237582416 -0.063395402084503852
leaf_weight=677 4678 154 478 135 1174 619 65
leaf_count=677 4678 154 478 135 1174 619 65
internal_value=0.000463515 -0.0140799 -0.0189675 -0.00932751 -0.00466932 0.00445699 0.0331221
internal_weight=7980 3302 3148 2471 2336 1858 684
internal_count=7980 3302 3148 2471 2336 1858 684
is_linear=0
shrinkage=0.02


Tree=307
num_leaves=8
num_cat=0
split_feature=40 9 40 44 12 31 55
split_gain=2106.53 2234.53 2961.16 1612.39 1381.36 1270.62 1301.05
threshold=87.625000000000014 4.5000000000000009 27.805000000000003 1.0000000180025095e-35 42.865000000000002 1.0000000180025095e-35 51.095000000000006
decision_type=2 2 2 2 2 2 2
left_child=1 2 -1 5 -4 -3 -7
right_child=-2 3 4 -5 -6 6 -8
leaf_value=-0.053392533447793857 0.057124135402246166 -0.050192461961485225 -0.017336914216928276 0.018655950768540815 0.0067893861800833021 0.027323490265636675 -0.05024902114272118
leaf_weight=548 255 259 1697 2645 2142 305 115
leaf_count=548 255 259 1697 2645 2142 305 115
internal_value=0.00113203 -0.000755421 -0.0101222 0.0116034 -0.00388414 -0.0158047 0.00574212
internal_weight=7966 7711 4387 3324 3839 679 420
internal_count=7966 7711 4387 3324 3839 679 420
is_linear=0
shrinkage=0.02


Tree=308
num_leaves=8
num_cat=0
split_feature=16 16 41 66 31 55 40
split_gain=3254.59 2285.74 2706.47 1853.03 1650.82 2162.08 1577.72
threshold=0.32955000000000007 0.72825000000000006 14.405000000000003 1.0000000180025095e-35 1.0000000180025095e-35 43.655000000000008 78.055000000000021
decision_type=2 2 2 2 2 2 2
left_child=4 2 -2 -4 5 -1 -5
right_child=1 -3 3 6 -6 -7 -8
leaf_value=-0.0094170308093141225 -0.070402047176079216 0.043761941744282627 -0.046268391914108892 0.0029912516149399986 -0.011349217927083374 -0.092425313464447156 0.03958702923136051
leaf_weight=219 198 551 276 5132 795 293 514
leaf_count=219 198 551 276 5132 795 293 514
internal_value=-0.000724189 0.00493564 0.00140713 0.00386541 -0.029521 -0.0573543 0.00635493
internal_weight=7978 6671 6120 5922 1307 512 5646
internal_count=7978 6671 6120 5922 1307 512 5646
is_linear=0
shrinkage=0.02


Tree=309
num_leaves=8
num_cat=0
split_feature=16 16 31 52 66 14 38
split_gain=3672.56 2283.65 1886.24 1951.29 1438.38 1343.6 1184.84
threshold=0.38705000000000006 0.72825000000000006 1.0000000180025095e-35 78.115000000000023 1.0000000180025095e-35 11.865 5234.1000000000013
decision_type=2 2 2 2 2 2 8
left_child=2 4 3 -1 5 -2 -6
right_child=1 -3 -4 -5 6 -7 -8
leaf_value=-0.052053024509505746 0.040587498275563121 0.046956612503227711 -0.0059848476123914428 0.063293240629136563 0.024065179953829865 -0.065238140165513631 0.0016450025269802175
leaf_weight=819 59 567 1284 59 1253 199 3767
leaf_count=819 59 567 1284 59 1253 199 3767
internal_value=0.000757833 0.00899609 -0.0214838 -0.0439875 0.00487753 -0.0407262 0.00725949
internal_weight=8007 5845 2162 878 5278 258 5020
internal_count=8007 5845 2162 878 5278 258 5020
is_linear=0
shrinkage=0.02


Tree=310
num_leaves=8
num_cat=0
split_feature=16 41 9 44 16 41 16
split_gain=3307.99 1979.97 1664.04 1536.64 1249.51 2042.8 1239.05
threshold=0.57745000000000013 26.915000000000003 12.500000000000002 1.0000000180025095e-35 0.72825000000000006 14.405000000000003 0.32955000000000007
decision_type=2 2 2 2 2 2 2
left_child=1 2 3 -1 5 -2 -3
right_child=4 6 -4 -5 -6 -7 -8
leaf_value=-0.11129867113678527 -0.10805943584000623 -0.020649195732356528 0.034688135551081765 -0.033490957676413212 0.047328299273417251 0.016847461426932275 0.0032888162846364233
leaf_weight=128 49 1121 103 465 559 1798 3726
leaf_count=128 49 1121 103 465 559 1798 3726
internal_value=0.00169177 -0.00680922 -0.038227 -0.051076 0.0212501 0.013251 -0.00226307
internal_weight=7949 5543 696 593 2406 1847 4847
internal_count=7949 5543 696 593 2406 1847 4847
is_linear=0
shrinkage=0.02


Tree=311
num_leaves=8
num_cat=0
split_feature=40 52 58 9 34 40 14
split_gain=2387.44 1902.67 1919.38 2105.02 1990.37 2393.84 1985.73
threshold=11.365000000000002 75.385000000000005 43.815000000000005 12.500000000000002 1.5000000000000002 89.695000000000007 43.180000000000007
decision_type=2 2 2 2 2 2 2
left_child=-1 2 3 4 5 6 -2
right_child=1 -3 -4 -5 -6 -7 -8
leaf_value=-0.059404585057636725 -0.027652898997663433 0.031839265608498153 0.013030938133040411 0.030466285714183052 -0.00063010816560969132 0.10213148814660532 -0.11541992667903034
leaf_weight=251 1604 797 2562 482 2129 49 106
leaf_count=251 1604 797 2562 482 2129 49 106
internal_value=0.000686329 0.00267493 -0.000698743 -0.00875374 -0.0136488 -0.0293594 -0.0334141
internal_weight=7980 7729 6932 4370 3888 1759 1710
internal_count=7980 7729 6932 4370 3888 1759 1710
is_linear=0
shrinkage=0.02


Tree=312
num_leaves=8
num_cat=0
split_feature=16 43 38 8 16 22 8
split_gain=2806.6 1914.68 1873.82 1700.47 1680.63 1609.27 1794.98
threshold=0.36255000000000004 1.0000000180025095e-35 16347.400000000003 24.685000000000006 0.59965000000000013 24519.600000000002 16.565000000000001
decision_type=2 2 8 2 2 2 2
left_child=3 2 5 -1 -3 6 -2
right_child=1 4 -4 -5 -6 -7 -8
leaf_value=-0.0012647250793310992 0.081533040773394877 0.0053155641109041687 -0.033536901432480518 -0.040615357139489217 0.030803410022020736 -0.07917918156989863 0.0026920738828978149
leaf_weight=868 146 3138 781 885 1541 66 493
leaf_count=868 146 3138 781 885 1541 66 493
internal_value=0.00110407 0.00745532 -0.0122935 -0.0211899 0.0137338 0.0113105 0.021199
internal_weight=7918 6165 1486 1753 4679 705 639
internal_count=7918 6165 1486 1753 4679 705 639
is_linear=0
shrinkage=0.02


Tree=313
num_leaves=8
num_cat=1
split_feature=41 34 45 41 9 16 2
split_gain=2255.91 1930.34 1990.65 1688.94 1571.53 1400.74 1140.75
threshold=15.475000000000003 1.0000000180025095e-35 1.0000000180025095e-35 67.365000000000023 4.5000000000000009 0.52475000000000016 0
decision_type=2 2 2 2 2 2 1
left_child=4 3 5 -2 -1 6 -3
right_child=1 2 -4 -5 -6 -7 -8
leaf_value=-0.1000825012690269 -0.044302574460309135 -0.016484629000900579 -0.0039214453118029428 0.033378354440310169 -0.0066775328410814882 0.034103795924697256 0.017457499005978282
leaf_weight=144 572 582 4033 135 141 1215 1169
leaf_count=144 572 582 4033 135 141 1215 1169
internal_value=-2.20908e-05 0.00203742 0.00522561 -0.0293393 -0.0547835 0.0176489 0.00616649
internal_weight=7991 7706 6999 707 285 2966 1751
internal_count=7991 7706 6999 707 285 2966 1751
cat_boundaries=0 1
cat_threshold=21
is_linear=0
shrinkage=0.02


Tree=314
num_leaves=8
num_cat=0
split_feature=33 40 33 41 8 57 17
split_gain=2448.41 2569.19 2306.31 2422.54 1946.77 2270.42 1585.59
threshold=5.5000000000000009 81.645000000000024 1.0000000180025095e-35 14.405000000000003 47.245000000000012 34.005000000000003 35017.80000000001
decision_type=2 2 2 2 2 2 2
left_child=1 2 -1 -4 5 -5 -6
right_child=-2 -3 3 4 6 -7 -8
leaf_value=-0.056158572945788618 0.05916067074405075 0.041566640422180556 -0.066292017844617371 0.01418124362356509 -0.050939475336096052 -0.010630853752794021 0.011162974398017307
leaf_weight=369 241 443 245 2782 547 3129 232
leaf_count=369 241 443 245 2782 547 3129 232
internal_value=-0.00296107 -0.00493052 -0.00777716 -0.00516426 -0.00287781 0.00104902 -0.032491
internal_weight=7988 7747 7304 6935 6690 5911 779
internal_count=7988 7747 7304 6935 6690 5911 779
is_linear=0
shrinkage=0.02


Tree=315
num_leaves=8
num_cat=0
split_feature=33 55 9 21 23 64 13
split_gain=2365.42 2038.24 1553.92 1403.29 1148.56 1856.03 1174.29
threshold=1.0000000180025095e-35 55.055000000000007 4.5000000000000009 211538.45000000004 21.050000000000004 2.5000000000000004 301.25000000000006
decision_type=2 2 2 10 2 2 2
left_child=-1 2 -2 -3 6 -6 -4
right_child=1 3 4 -5 5 -7 -8
leaf_value=-0.045803389519162997 -0.00060139417717542081 -0.042637265693769494 -0.016585474734971847 0.0013905642548322887 0.13529615575837534 0.021567514703080461 0.020881892308478704
leaf_weight=406 3735 584 394 569 81 180 2099
leaf_count=406 3735 584 394 569 81 180 2099
internal_value=0.000938009 0.00344959 0.0078063 -0.0209976 0.0191893 0.0587423 0.0149391
internal_weight=8048 7642 6489 1153 2754 261 2493
internal_count=8048 7642 6489 1153 2754 261 2493
is_linear=0
shrinkage=0.02


Tree=316
num_leaves=8
num_cat=0
split_feature=16 41 17 9 52 45 40
split_gain=2977.96 2217.43 2562.09 2073.72 2009.11 1738.27 1521.95
threshold=0.72825000000000006 36.045000000000009 2468.3500000000004 3.5000000000000004 15.630000000000001 1.0000000180025095e-35 45.475000000000001
decision_type=2 2 2 2 2 2 2
left_child=1 2 5 6 -3 -1 -4
right_child=-2 4 3 -5 -6 -7 -8
leaf_value=-0.029462354925150671 0.045487019543434808 -0.048199690192733027 -0.060201102076372241 0.0057114421691942694 0.0057479530114846102 -0.15443741930107918 0.0058775992220758801
leaf_weight=91 538 286 471 883 5406 88 196
leaf_count=91 538 286 471 883 5406 88 196
internal_value=0.000273968 -0.00303226 -0.0228337 -0.0144068 0.00299738 -0.0934297 -0.0408844
internal_weight=7959 7421 1729 1550 5692 179 667
internal_count=7959 7421 1729 1550 5692 179 667
is_linear=0
shrinkage=0.02


Tree=317
num_leaves=8
num_cat=0
split_feature=16 41 43 33 41 64 17
split_gain=2461.71 2237.88 2027.09 1883.17 1708.34 1453.78 1424.65
threshold=0.77305000000000013 23.855000000000004 1.0000000180025095e-35 3.5000000000000004 81.220000000000013 2.5000000000000004 73204.400000000009
decision_type=2 2 2 2 2 2 2
left_child=1 -1 3 4 6 -5 -3
right_child=-2 2 -4 5 -6 -7 -8
leaf_value=-0.035055498260755873 0.059891618856232301 -0.039066844601314842 0.0081974311577141159 0.069854080494062429 0.076745956247222843 -0.0069885230165878396 0.075057489820148635
leaf_weight=705 268 1135 5356 142 53 296 41
leaf_count=705 268 1135 5356 142 53 296 41
internal_value=0.00086741 -0.0012169 0.0022025 -0.0170259 -0.0296858 0.0184312 -0.0347871
internal_weight=7996 7728 7023 1667 1229 438 1176
internal_count=7996 7728 7023 1667 1229 438 1176
is_linear=0
shrinkage=0.02


Tree=318
num_leaves=8
num_cat=0
split_feature=16 41 9 42 57 43 55
split_gain=3226.05 2341.95 2872.42 1846.64 1422.44 1213.8 1197.86
threshold=0.50035000000000007 43.845000000000006 3.5000000000000004 9.1200000000000028 35.57500000000001 1.0000000180025095e-35 47.375000000000007
decision_type=2 2 2 2 2 2 2
left_child=1 2 -1 -2 -3 -4 -5
right_child=3 4 5 6 -6 -7 -8
leaf_value=-0.064676376023894463 -0.071189000326044416 0.013673603173294758 -0.044362449529484434 0.024459642637158285 -0.015761626139723428 0.0043328486696200099 0.0012060442376658721
leaf_weight=630 97 1321 285 2203 1296 694 1481
leaf_count=630 97 1321 285 2203 1296 694 1481
internal_value=-0.000591966 -0.0125929 -0.0315402 0.0128203 -0.000905674 -0.00999639 0.0151258
internal_weight=8007 4226 1609 3781 2617 979 3684
internal_count=8007 4226 1609 3781 2617 979 3684
is_linear=0
shrinkage=0.02


Tree=319
num_leaves=8
num_cat=1
split_feature=16 12 34 45 42 4 52
split_gain=2719.77 1725.89 1485.11 1420.55 1863.72 1360.57 1322.13
threshold=0.38705000000000006 77.385000000000005 1.5000000000000002 1.0000000180025095e-35 41.205000000000005 0 38.685000000000009
decision_type=2 2 2 2 2 1 2
left_child=2 6 3 -1 -5 -6 -2
right_child=1 -3 -4 4 5 -7 -8
leaf_value=-0.0098672649992543361 -0.010097909294681642 0.04364994304739242 -0.0043542225537755233 -0.11396913575571636 0.0015905805725839224 -0.079759999903983303 0.011285249017108376
leaf_weight=404 1691 487 1257 167 207 125 3634
leaf_count=404 1691 487 1257 167 207 125 3634
internal_value=0.000685723 0.00780759 -0.0184511 -0.0379424 -0.0603492 -0.0320869 0.00449174
internal_weight=7972 5812 2160 903 499 332 5325
internal_count=7972 5812 2160 903 499 332 5325
cat_boundaries=0 1
cat_threshold=3
is_linear=0
shrinkage=0.02


Tree=320
num_leaves=8
num_cat=0
split_feature=12 55 40 9 40 43 34
split_gain=2397.76 2836.74 2242.69 1506.84 1427.15 1416.03 1387.89
threshold=78.595000000000013 55.055000000000007 11.365000000000002 7.5000000000000009 87.625000000000014 1.0000000180025095e-35 1.5000000000000002
decision_type=2 2 2 2 2 2 2
left_child=1 2 -1 4 -4 -5 -3
right_child=-2 6 3 5 -6 -7 -8
leaf_value=-0.06808578223283876 0.035959142792256336 -0.058173501445603758 -0.0059401283484323969 -0.014346645296587572 0.05019993790686525 0.029846570905357424 -0.013588360348360487
leaf_weight=182 611 518 4355 380 184 1186 608
leaf_count=182 611 518 4355 380 184 1186 608
internal_value=-0.00195827 -0.00510566 0.000139955 0.00222793 -0.00361161 0.0191113 -0.0342656
internal_weight=8024 7413 6287 6105 4539 1566 1126
internal_count=8024 7413 6287 6105 4539 1566 1126
is_linear=0
shrinkage=0.02


Tree=321
num_leaves=8
num_cat=1
split_feature=16 16 43 10 47 51 2
split_gain=2630.11 1672.67 1784.64 1600.13 1581.99 2168.56 1395.09
threshold=0.32955000000000007 0.77885000000000015 1.0000000180025095e-35 14569.450000000003 4.5000000000000009 12.345000000000001 0
decision_type=2 2 2 2 2 2 1
left_child=3 2 4 -1 -2 -6 -5
right_child=1 -3 -4 6 5 -7 -8
leaf_value=-0.070164283288691606 -0.04547857329424821 0.055242541776710299 0.0085123912335571938 0.0091503780466155159 -0.052092494002131458 0.014604127022533272 -0.036834283678027345
leaf_weight=262 494 246 4875 497 255 775 541
leaf_count=262 494 246 4875 497 255 775 541
internal_value=-0.000499248 0.00459545 0.00260678 -0.0264588 -0.0162503 -0.00208003 -0.0151437
internal_weight=7945 6645 6399 1300 1524 1030 1038
internal_count=7945 6645 6399 1300 1524 1030 1038
cat_boundaries=0 1
cat_threshold=146
is_linear=0
shrinkage=0.02


Tree=322
num_leaves=8
num_cat=0
split_feature=16 31 52 66 12 47 10
split_gain=2546.31 1961.74 2040.3 1911.85 1499.01 1445.7 1424.74
threshold=0.59965000000000013 1.0000000180025095e-35 32.055000000000007 0.43750000000000006 30.895000000000003 5.5000000000000009 14089.200000000003
decision_type=2 2 2 2 2 2 2
left_child=1 2 5 -4 -2 -1 -3
right_child=4 6 3 -5 -6 -7 -8
leaf_value=-0.08737605505364035 -0.011149902094112317 -0.027680108088659831 -0.018973404519828575 0.040892699154055849 0.028179481527102423 -0.020912275403110005 0.0076690132049588768
leaf_weight=272 512 533 1659 240 1562 256 2991
leaf_count=272 512 533 1659 240 1562 256 2991
internal_value=-0.000589924 -0.00724141 -0.0210585 -0.0113199 0.0184669 -0.0556497 0.00229087
internal_weight=8025 5951 2427 1899 2074 528 3524
internal_count=8025 5951 2427 1899 2074 528 3524
is_linear=0
shrinkage=0.02


Tree=323
num_leaves=8
num_cat=0
split_feature=57 40 64 16 8 9 41
split_gain=2681.63 1981.38 2136.06 1834.78 1695.01 1313.36 1644.78
threshold=38.565000000000005 65.725000000000009 4.5000000000000009 0.57745000000000013 54.410000000000004 14.500000000000002 41.735000000000007
decision_type=2 2 2 2 2 2 2
left_child=3 2 -2 4 5 6 -1
right_child=1 -3 -4 -5 -6 -7 -8
leaf_value=-0.021739121183999639 -0.026355418129962213 0.015627612304509552 0.041983088169322169 0.029362106462217118 -0.050991771434482996 0.042947864750278224 0.011935130498621209
leaf_weight=856 2490 734 193 1366 222 331 1774
leaf_count=856 2490 734 193 1366 222 331 1774
internal_value=-3.37849e-05 -0.0134118 -0.0213706 0.0100189 0.00168462 0.00571332 0.00095454
internal_weight=7966 3417 2683 4549 3183 2961 2630
internal_count=7966 3417 2683 4549 3183 2961 2630
is_linear=0
shrinkage=0.02


Tree=324
num_leaves=8
num_cat=0
split_feature=64 16 34 9 38 31 21
split_gain=2282.34 2179.72 2033.11 1607.57 1623.11 1349.97 1320.19
threshold=1.0000000180025095e-35 0.56585000000000008 3.5000000000000004 1.5000000000000002 16347.400000000003 1.0000000180025095e-35 299455.8000000001
decision_type=2 2 2 2 8 2 10
left_child=-1 2 3 4 -2 6 -5
right_child=1 -3 -4 5 -6 -7 -8
leaf_value=-0.12365630066394806 -0.0013996849098559202 0.015173819027860762 0.031464182586294617 -0.030467631556796885 -0.051869012119047445 0.0052892885480212148 0.0092897059473552208
leaf_weight=55 413 2599 491 1134 662 2192 470
leaf_count=55 413 2599 491 1134 662 2192 470
internal_value=-0.000766946 0.000159139 -0.00712594 -0.0110441 -0.0325756 -0.00491172 -0.0188254
internal_weight=8016 7961 5362 4871 1075 3796 1604
internal_count=8016 7961 5362 4871 1075 3796 1604
is_linear=0
shrinkage=0.02


Tree=325
num_leaves=8
num_cat=0
split_feature=10 41 55 9 42 52 41
split_gain=2134.44 2153.58 1612.02 1524.38 1671.64 1362.78 1475.57
threshold=19100.500000000004 50.565000000000005 53.675000000000004 12.500000000000002 9.1200000000000028 75.385000000000005 15.475000000000003
decision_type=2 2 2 2 2 2 2
left_child=1 2 -1 4 -2 6 -6
right_child=3 -3 -4 -5 5 -7 -8
leaf_value=-0.022369724531887011 -0.064959627883442755 0.0033487371245091348 -0.078902304169103391 0.034971213544379001 -0.067980530065794784 0.034893673380546567 0.0031333204157346591
leaf_weight=910 136 1157 257 669 115 534 4255
leaf_count=910 136 1157 257 669 115 534 4255
internal_value=0.000144289 -0.0159938 -0.035103 0.00672196 0.00294126 0.00488857 0.00118635
internal_weight=8033 2324 1167 5709 5040 4904 4370
internal_count=8033 2324 1167 5709 5040 4904 4370
is_linear=0
shrinkage=0.02


Tree=326
num_leaves=8
num_cat=0
split_feature=9 41 8 52 57 34 41
split_gain=2220.53 3065.42 2237.41 1731.77 1455.73 1458.56 1714.98
threshold=4.5000000000000009 15.475000000000003 54.410000000000004 82.050000000000011 11.665000000000001 3.5000000000000004 80.610000000000014
decision_type=2 2 2 2 2 2 2
left_child=1 -1 4 -2 -3 6 -6
right_child=3 2 -4 -5 5 -7 -8
leaf_value=-0.096962536362563675 0.010815858668804475 0.03391163105607576 -0.059447010415657003 0.07512405291331227 -0.011880001637456812 0.038201465304625239 0.042768591190066173
leaf_weight=142 3203 434 270 172 3297 290 242
leaf_count=142 3203 434 270 172 3297 290 242
internal_value=0.00184799 -0.00707451 -0.00415496 0.0141995 -0.000587461 -0.0045369 -0.00808801
internal_weight=8050 4675 4533 3375 4263 3829 3539
internal_count=8050 4675 4533 3375 4263 3829 3539
is_linear=0
shrinkage=0.02


Tree=327
num_leaves=8
num_cat=1
split_feature=41 55 9 66 4 17 55
split_gain=2468.62 2636.53 2149.57 1476.43 1235.06 1228.62 1284.79
threshold=72.595000000000013 48.605000000000011 3.5000000000000004 0.68750000000000011 0 73204.400000000009 35.985000000000007
decision_type=2 2 2 2 1 2 2
left_child=1 2 5 4 -3 6 -1
right_child=-2 3 -4 -5 -6 -7 -8
leaf_value=0.01499598834091697 0.028372046990795447 -0.0019207020146857615 0.01779295583785126 0.065803848401104148 -0.033412708446956346 0.050084265330734186 -0.022404449199444173
leaf_weight=477 1051 727 2357 71 1641 124 1552
leaf_count=477 1051 727 2357 71 1641 124 1552
internal_value=-0.000120232 -0.00444684 0.00461399 -0.0211766 -0.0239177 -0.0098215 -0.0135967
internal_weight=8000 6949 4510 2439 2368 2153 2029
internal_count=8000 6949 4510 2439 2368 2153 2029
cat_boundaries=0 1
cat_threshold=6
is_linear=0
shrinkage=0.02


Tree=328
num_leaves=8
num_cat=0
split_feature=40 52 43 41 31 55 40
split_gain=2314.26 1711.4 1875.59 1700.19 1121.31 1343.21 1101.87
threshold=8.9700000000000024 75.385000000000005 1.0000000180025095e-35 79.385000000000005 1.0000000180025095e-35 55.685000000000009 38.035000000000004
decision_type=2 2 2 2 2 2 2
left_child=-1 2 3 4 -2 -6 -7
right_child=1 -3 -4 -5 5 6 -8
leaf_value=-0.07061734865601782 -0.04336359034671243 0.028462688921203207 0.0039017073510327245 0.070297973915934564 -0.00078944567927813282 0.017305503818723891 -0.10590263749737489
leaf_weight=179 703 816 5274 75 841 40 90
leaf_count=179 703 816 5274 75 841 40 90
internal_value=-0.000505555 0.00113941 -0.00205326 -0.01997 -0.0242116 -0.0101945 -0.0687556
internal_weight=8018 7839 7023 1749 1674 971 130
internal_count=8018 7839 7023 1749 1674 971 130
is_linear=0
shrinkage=0.02


Tree=329
num_leaves=8
num_cat=0
split_feature=33 9 42 40 33 45 40
split_gain=2369.19 2459.13 2049.83 1403.26 1411.82 1382.41 1583.62
threshold=1.0000000180025095e-35 3.5000000000000004 2.3100000000000005 76.115000000000009 5.5000000000000009 1.0000000180025095e-35 22.675000000000004
decision_type=2 2 2 2 2 2 2
left_child=-1 2 -2 4 -4 -3 -7
right_child=1 5 3 -5 -6 6 -8
leaf_value=-0.048741849330440172 -0.14318705132474072 0.025834020804339428 -0.015724423314739215 0.024562417073301167 0.060306425428774103 -0.051554469009400299 0.007166674318241425
leaf_weight=395 41 1692 3129 439 96 197 2024
leaf_count=395 41 1692 3129 439 96 197 2024
internal_value=-0.00129702 0.00119339 -0.0104772 -0.00879904 -0.0133713 0.0122429 0.00185408
internal_weight=8013 7618 3705 3664 3225 3913 2221
internal_count=8013 7618 3705 3664 3225 3913 2221
is_linear=0
shrinkage=0.02


Tree=330
num_leaves=8
num_cat=0
split_feature=16 31 66 48 64 8 12
split_gain=2664.95 1849.25 1749.68 2085.05 1541.94 1465.18 1819.45
threshold=0.32955000000000007 1.0000000180025095e-35 1.0000000180025095e-35 5.5000000000000009 1.0000000180025095e-35 47.245000000000012 42.165000000000006
decision_type=2 2 2 2 2 2 2
left_child=1 -1 3 -2 -4 6 -6
right_child=2 -3 4 -5 5 -7 -8
leaf_value=-0.056323493028613163 0.0013249316389967755 -0.0071902858955720933 -0.10538155441482863 -0.10082340422877692 -0.0010108899384494721 -0.018257113568087471 0.021955885794503211
leaf_weight=493 200 801 43 128 2455 724 3144
leaf_count=493 200 801 43 128 2455 724 3144
internal_value=0.000162914 -0.0260542 0.00524655 -0.0394532 0.0075788 0.00842966 0.0118937
internal_weight=7988 1294 6694 328 6366 6323 5599
internal_count=7988 1294 6694 328 6366 6323 5599
is_linear=0
shrinkage=0.02


Tree=331
num_leaves=8
num_cat=0
split_feature=12 40 10 41 8 9 40
split_gain=2325.91 1988.97 1700.19 1292.7 1487.94 1198.23 1628.83
threshold=42.865000000000002 7.5900000000000007 12706.300000000001 23.855000000000004 21.725000000000005 10.500000000000002 36.615000000000002
decision_type=2 2 2 2 2 2 2
left_child=1 -1 -3 4 -4 6 -2
right_child=5 2 3 -5 -6 -7 -8
leaf_value=-0.11437099004718099 -0.017010414634091357 -0.038528638715108178 0.026134223047597906 0.0012425047189542607 -0.07845221938618592 0.034563867906934338 0.013258098298921703
leaf_weight=69 951 654 76 2625 170 666 2774
leaf_count=69 951 654 76 2625 170 666 2774
internal_value=0.00019729 -0.011725 -0.00955662 -0.00290142 -0.046264 0.00995784 0.00551804
internal_weight=7985 3594 3525 2871 246 4391 3725
internal_count=7985 3594 3525 2871 246 4391 3725
is_linear=0
shrinkage=0.02


Tree=332
num_leaves=8
num_cat=0
split_feature=16 33 52 55 31 41 16
split_gain=2281.19 2170.75 1961.73 1667.35 1812.75 2053.27 1911.42
threshold=0.77305000000000013 5.5000000000000009 75.385000000000005 37.865000000000002 1.0000000180025095e-35 41.255000000000003 0.53735000000000011
decision_type=2 2 2 2 2 2 2
left_child=1 2 3 -1 5 -5 -7
right_child=-2 -3 -4 4 -6 6 -8
leaf_value=0.011534590605590542 0.054788046518252011 0.056973779898479363 0.026855431362148751 -0.054397568865212888 -0.002495042858914622 -0.03040578020728749 0.015903069947547754
leaf_weight=1463 289 237 742 704 3021 947 566
leaf_count=1463 289 237 742 704 3021 947 566
internal_value=0.000113569 -0.00197815 -0.00389229 -0.00731446 -0.0125851 -0.0262977 -0.0130867
internal_weight=7969 7680 7443 6701 5238 2217 1513
internal_count=7969 7680 7443 6701 5238 2217 1513
is_linear=0
shrinkage=0.02


Tree=333
num_leaves=8
num_cat=0
split_feature=40 33 9 44 34 42 21
split_gain=2077.57 2191.3 2062.8 1747.51 1652.18 1638.08 1272.33
threshold=81.645000000000024 1.0000000180025095e-35 4.5000000000000009 1.0000000180025095e-35 2.5000000000000004 22.215000000000003 314798.50000000006
decision_type=2 2 2 2 2 2 10
left_child=1 -1 4 -4 5 6 -3
right_child=-2 2 3 -5 -6 -7 -8
leaf_value=-0.049478956249452408 0.040554149882130436 -0.035307655839493912 -0.016356115551743971 0.020208520808942469 0.013506896797637431 -0.011580624189789506 -0.13095221473620489
leaf_weight=367 480 216 659 2467 972 2764 73
leaf_count=367 480 216 659 2467 972 2764 73
internal_value=0.000433565 -0.00215326 0.000308444 0.0124864 -0.00915329 -0.016378 -0.0612832
internal_weight=7998 7518 7151 3126 4025 3053 289
internal_count=7998 7518 7151 3126 4025 3053 289
is_linear=0
shrinkage=0.02


Tree=334
num_leaves=8
num_cat=0
split_feature=57 44 59 41 51 57 10
split_gain=1771.81 2060.36 1725.28 1872.72 1291.08 1222.22 1139.56
threshold=33.395000000000003 1.0000000180025095e-35 1.0000000180025095e-35 28.885000000000002 35.175000000000004 47.225000000000001 15445.900000000003
decision_type=2 2 2 2 2 2 2
left_child=6 2 -2 -4 -3 -5 -1
right_child=1 4 3 5 -6 -7 -8
leaf_value=-0.010607420741359286 -0.050138787494071427 -0.0088554545126230382 -0.10280549295743306 -0.011542853002126019 0.017135287148400211 0.089437224634669049 0.017199350585196119
leaf_weight=732 669 2260 40 91 1149 94 2963
leaf_count=732 669 2260 40 91 1149 94 2963
internal_value=0.00153354 -0.00718596 -0.0341197 0.0135649 -8.30355e-05 0.0407693 0.0116838
internal_weight=7998 4303 894 225 3409 185 3695
internal_count=7998 4303 894 225 3409 185 3695
is_linear=0
shrinkage=0.02


Tree=335
num_leaves=8
num_cat=1
split_feature=45 64 64 65 32 4 55
split_gain=2319.68 2391.34 2090.13 1532.65 1469.85 1416.36 1338.21
threshold=1.0000000180025095e-35 4.5000000000000009 1.0000000180025095e-35 0.53571428571428581 1.0000000180025095e-35 0 43.435000000000009
decision_type=2 2 2 2 2 1 2
left_child=2 3 -1 5 -4 -2 -7
right_child=1 -3 4 -5 -6 6 -8
leaf_value=-0.10073422999093026 -0.056870286562813899 0.025258355629660049 0.022765059866173113 -0.0031310018107561224 -0.0046085531477070276 0.003484612415055495 -0.03385525680052888
leaf_weight=61 515 623 2180 1775 1222 648 934
leaf_count=61 515 623 2180 1775 1222 648 934
internal_value=-0.00149797 -0.0109704 0.0107954 -0.0168246 0.0129401 -0.0283805 -0.0184813
internal_weight=7958 4495 3463 3872 3402 2097 1582
internal_count=7958 4495 3463 3872 3402 2097 1582
cat_boundaries=0 1
cat_threshold=8
is_linear=0
shrinkage=0.02


Tree=336
num_leaves=8
num_cat=0
split_feature=12 16 41 41 12 16 10
split_gain=2616.86 2050.88 1938.49 1473.76 1450.42 1247.62 1185.72
threshold=22.085000000000004 0.60625000000000007 27.270000000000003 15.475000000000003 82.590000000000018 0.42315000000000008 14089.200000000003
decision_type=2 2 2 2 2 2 2
left_child=2 3 -1 -2 -3 -4 -5
right_child=1 4 5 6 -6 -7 -8
leaf_value=-0.09182109186377424 -0.049650761204219497 0.02086392419293016 -0.044500695662671015 -0.018903600882357086 0.097834460207394183 0.00098298231158685644 0.0070942213114068902
leaf_weight=149 221 1582 375 844 100 660 4042
leaf_count=149 221 1582 375 844 100 660 4042
internal_value=0.00180831 0.00659755 -0.0255652 0.000281707 0.0257165 -0.0156313 0.00258866
internal_weight=7973 6789 1184 5107 1682 1035 4886
internal_count=7973 6789 1184 5107 1682 1035 4886
is_linear=0
shrinkage=0.02


Tree=337
num_leaves=8
num_cat=1
split_feature=7 12 12 66 66 66 9
split_gain=1993.75 2252.09 1506.86 1650.64 1446.04 1354.26 1060.71
threshold=0 50.635000000000012 77.385000000000005 1.0000000180025095e-35 0.18750000000000003 0.68750000000000011 2.5000000000000004
decision_type=1 2 2 2 2 2 2
left_child=1 4 3 -2 -1 6 -5
right_child=2 -3 -4 5 -6 -7 -8
leaf_value=-0.10970211404439521 -0.044576319232114456 0.023616754814301651 0.031924395064377914 -0.0099086208721334851 -0.033202774196550877 0.051811469106249647 0.0070010529055669502
leaf_weight=141 313 192 639 2427 329 207 3801
leaf_count=141 313 192 639 2427 329 207 3801
internal_value=-0.000315051 -0.0331665 0.00269067 -9.52164e-05 -0.0570658 0.00210128 0.000408831
internal_weight=8049 662 7387 6748 470 6435 6228
internal_count=8049 662 7387 6748 470 6435 6228
cat_boundaries=0 1
cat_threshold=32
is_linear=0
shrinkage=0.02


Tree=338
num_leaves=8
num_cat=1
split_feature=16 33 41 2 44 38 13
split_gain=2053.54 1475.89 1525.06 1621.71 1187.69 1253.49 1027.51
threshold=0.50155000000000005 4.5000000000000009 45.725000000000001 0 1.0000000180025095e-35 45495.350000000006 428.15000000000003
decision_type=2 2 2 1 2 10 2
left_child=1 2 4 -4 -1 6 -6
right_child=-2 -3 3 -5 5 -7 -8
leaf_value=-0.061066704238535927 0.010141091866940861 0.021233446674287376 -0.037983974075820895 0.0050358147578601978 -0.021358611658888096 -0.12236713353706444 0.045430787440278744
leaf_weight=361 3771 523 423 1744 1082 41 96
leaf_count=361 3771 523 423 1744 1082 41 96
internal_value=-0.000606831 -0.0100995 -0.0144954 -0.00358148 -0.0294054 -0.019818 -0.0157467
internal_weight=8041 4270 3747 2167 1580 1219 1178
internal_count=8041 4270 3747 2167 1580 1219 1178
cat_boundaries=0 1
cat_threshold=65
is_linear=0
shrinkage=0.02


Tree=339
num_leaves=8
num_cat=0
split_feature=64 12 66 55 64 42 22
split_gain=2053.91 1845.63 1940.71 1787.2 1399.13 1238.14 1222.19
threshold=1.0000000180025095e-35 68.410000000000011 0.68750000000000011 55.055000000000007 2.5000000000000004 28.025000000000002 11017.200000000003
decision_type=2 2 2 2 2 2 2
left_child=-1 2 3 -2 6 -5 -3
right_child=1 4 -4 5 -6 -7 -8
leaf_value=-0.1252293539946934 -0.0019299848183123218 0.12444713362941036 0.057482070161257781 -0.080628434013841413 0.0089605775413527985 -0.020846987169494402 0.034437189602386557
leaf_weight=48 5510 76 191 163 947 832 264
leaf_count=48 5510 76 191 163 947 832 264
internal_value=-0.00113673 -0.000312668 -0.00453244 -0.00639606 0.0215745 -0.0309945 0.056069
internal_weight=8031 7983 6696 6505 1287 995 340
internal_count=8031 7983 6696 6505 1287 995 340
is_linear=0
shrinkage=0.02


Tree=340
num_leaves=8
num_cat=1
split_feature=12 9 65 2 8 9 9
split_gain=2104.55 1660.12 1489.18 1334.9 1317.62 1282.49 1207.94
threshold=42.165000000000006 21.500000000000004 0.53571428571428581 0 47.245000000000012 11.500000000000002 3.5000000000000004
decision_type=2 2 2 1 2 2 2
left_child=1 2 6 5 -5 -2 -1
right_child=3 -3 -4 4 -6 -7 -8
leaf_value=-0.043816226440362156 -0.022288536602089397 0.056721252332952686 -0.0014824531641883462 0.017683437205255632 -0.020251724979646758 0.054433591969463291 -0.010653813394410174
leaf_weight=921 796 128 1618 3217 409 93 844
leaf_count=921 796 128 1618 3217 409 93 844
internal_value=-0.00104692 -0.012651 -0.0153556 0.0079808 0.0133457 -0.013848 -0.0280333
internal_weight=8026 3511 3383 4515 3626 889 1765
internal_count=8026 3511 3383 4515 3626 889 1765
cat_boundaries=0 1
cat_threshold=65
is_linear=0
shrinkage=0.02


Tree=341
num_leaves=8
num_cat=0
split_feature=40 55 16 9 33 40 45
split_gain=2379.28 2487.57 1522.93 1513.76 1596.17 1381.11 1268.63
threshold=7.5900000000000007 48.605000000000011 0.59965000000000013 3.5000000000000004 2.5000000000000004 72.590000000000018 1.0000000180025095e-35
decision_type=2 2 2 2 2 2 2
left_child=-1 2 3 4 5 -2 -5
right_child=1 -3 -4 6 -6 -7 -8
leaf_value=-0.079416177500696752 -0.044674834285572333 -0.014949835604974005 0.027368732550526624 0.030930416552156111 0.0060425352777726121 0.029533110573266942 -0.0002483864302854561
leaf_weight=148 646 2782 1282 920 887 115 1198
leaf_count=148 646 2782 1282 920 887 115 1198
internal_value=-0.00130651 0.000219629 0.00858618 0.00216453 -0.0121896 -0.0333412 0.0133358
internal_weight=7978 7830 5048 3766 1648 761 2118
internal_count=7978 7830 5048 3766 1648 761 2118
is_linear=0
shrinkage=0.02


Tree=342
num_leaves=8
num_cat=0
split_feature=16 33 9 41 16 16 45
split_gain=2505.39 2669.37 2293.48 2521.3 1875.35 1398.46 1759.27
threshold=0.72825000000000006 1.0000000180025095e-35 3.5000000000000004 28.885000000000002 0.38705000000000006 0.32955000000000007 1.0000000180025095e-35
decision_type=2 2 2 2 2 2 2
left_child=1 -1 3 4 -3 -4 -7
right_child=-2 2 5 -5 -6 6 -8
leaf_value=-0.057950774492015245 0.04007353504244545 -0.12719409357915576 -0.013668961648118389 -0.0069297572456723487 -0.032771008101793439 0.033023085557038687 0.0019382348375143472
leaf_weight=348 542 112 840 2947 320 1288 1669
leaf_count=348 542 112 840 2947 320 1288 1669
internal_value=-0.00125538 -0.00425719 -0.00161478 -0.0135901 -0.0584263 0.00904608 0.015511
internal_weight=8066 7524 7176 3379 432 3797 2957
internal_count=8066 7524 7176 3379 432 3797 2957
is_linear=0
shrinkage=0.02


Tree=343
num_leaves=8
num_cat=1
split_feature=52 34 41 41 9 5 9
split_gain=2062.73 1868.14 1771.46 1308.43 1618.15 1594.24 1414.21
threshold=67.205000000000013 2.5000000000000004 74.365000000000023 17.840000000000003 6.5000000000000009 0 25.500000000000004
decision_type=2 2 2 2 2 1 2
left_child=1 2 3 4 -1 -5 -7
right_child=-2 -3 -4 5 -6 6 -8
leaf_value=-0.10008383868383122 0.020472219944710806 0.013246868583775405 0.023401417421738326 0.013717744493302726 0.0059786900319159031 -0.020317324890811842 0.081173717379570007
leaf_weight=149 1519 1618 516 731 91 3377 51
leaf_count=149 1519 1618 516 731 91 3377 51
internal_value=-0.000481757 -0.00536574 -0.0115002 -0.015616 -0.0605672 -0.0129525 -0.0186371
internal_weight=8052 6533 4915 4399 240 4159 3428
internal_count=8052 6533 4915 4399 240 4159 3428
cat_boundaries=0 1
cat_threshold=1
is_linear=0
shrinkage=0.02


Tree=344
num_leaves=8
num_cat=0
split_feature=16 33 41 8 17 14 38
split_gain=2717.85 1502.39 1425.94 1427.2 1406.75 1293.21 1962.63
threshold=0.35085000000000005 4.5000000000000009 6.4150000000000009 53.770000000000003 45305.500000000007 41.875000000000007 61035.600000000006
decision_type=2 2 2 2 2 2 8
left_child=1 -1 -2 5 -5 -4 -7
right_child=2 -3 3 4 -6 6 -8
leaf_value=-0.029685323045414408 -0.075907211957207649 0.031658989203610141 0.012594051693083079 -0.044196922347112429 0.041731494087149809 0.015176742591850813 -0.076882774211064792
leaf_weight=1403 78 176 5534 361 92 205 162
leaf_count=1403 78 176 5534 361 92 205 162
internal_value=0.000699984 -0.0227694 0.00647471 0.0075449 -0.0264806 0.0101771 -0.0259471
internal_weight=8011 1579 6432 6354 453 5901 367
internal_count=8011 1579 6432 6354 453 5901 367
is_linear=0
shrinkage=0.02


Tree=345
num_leaves=8
num_cat=0
split_feature=43 41 16 46 33 54 37
split_gain=2407.03 1741.17 1474.47 1444.47 1355.99 1136.5 1001.7
threshold=1.0000000180025095e-35 79.385000000000005 0.32955000000000007 1.5000000000000002 3.5000000000000004 89.435000000000016 0.9285500000000001
decision_type=2 2 2 2 2 2 2
left_child=1 3 6 -1 -5 -4 -2
right_child=2 -3 5 4 -6 -7 -8
leaf_value=-0.082380167391104028 -0.010281552881019245 0.057577374453571716 0.0176923400317851 -0.029088772238969437 0.011537005054258389 -0.0015504975878677029 -0.076881579187246835
leaf_weight=153 881 105 2917 1329 433 2116 96
leaf_count=153 881 105 2917 1329 433 2116 96
internal_value=-0.00110764 -0.0199673 0.00524255 -0.024358 -0.0191009 0.00960866 -0.0171838
internal_weight=8030 2020 6010 1915 1762 5033 977
internal_count=8030 2020 6010 1915 1762 5033 977
is_linear=0
shrinkage=0.02


Tree=346
num_leaves=8
num_cat=0
split_feature=52 64 31 40 8 18 9
split_gain=1983.72 1504.48 1380.18 2284.92 1398.52 1448.02 1359.2
threshold=30.840000000000003 1.0000000180025095e-35 1.0000000180025095e-35 71.345000000000013 39.080000000000005 108169.05000000002 1.5000000000000002
decision_type=2 2 2 2 2 2 2
left_child=2 -2 3 4 5 -1 -3
right_child=1 6 -4 -5 -6 -7 -8
leaf_value=-0.065367760856556947 -0.10495619245603972 -0.010472234961408504 -0.0059478838037267251 0.082442734438293391 -0.11341408766891437 0.0074468663924157951 0.0098129923788957355
leaf_weight=290 46 1835 900 48 126 172 4684
leaf_count=290 46 1835 900 48 126 172 4684
internal_value=-0.00153523 0.00325593 -0.0219572 -0.0443887 -0.0553502 -0.0384698 0.00409936
internal_weight=8101 6565 1536 636 588 462 6519
internal_count=8101 6565 1536 636 588 462 6519
is_linear=0
shrinkage=0.02


Tree=347
num_leaves=8
num_cat=0
split_feature=55 16 10 10 42 16 16
split_gain=1994.91 1664.56 1619.71 1076.57 1369.95 911.164 836.16
threshold=55.685000000000009 0.60625000000000007 14569.450000000003 20381.900000000005 41.625000000000007 0.38535000000000003 0.26805000000000007
decision_type=2 2 2 2 2 2 2
left_child=1 2 -1 4 -2 -6 -4
right_child=3 -3 6 -5 5 -7 -8
leaf_value=-0.024965443123715014 -0.098136314993554893 0.020887143491239053 -0.02288906547068446 -0.0096688299466770652 -0.084255425115781171 -0.00019002128531461331 0.0064611340532290716
leaf_weight=979 149 1705 427 673 65 196 3837
leaf_count=979 149 1705 427 673 65 196 3837
internal_value=-0.000188889 0.00375185 -0.00183506 -0.0253718 -0.0507206 -0.0223161 0.00349862
internal_weight=8031 6948 5243 1083 410 261 4264
internal_count=8031 6948 5243 1083 410 261 4264
is_linear=0
shrinkage=0.02


Tree=348
num_leaves=8
num_cat=0
split_feature=9 64 12 62 65 10 12
split_gain=1835.69 1574.82 1391.67 1906.45 2666.28 1386.12 1804.06
threshold=12.500000000000002 1.0000000180025095e-35 47.345000000000006 1.0000000180025095e-35 0.22500000000000003 67549.35000000002 7.3150000000000004
decision_type=2 2 2 2 2 2 2
left_child=1 -1 3 4 -3 6 -5
right_child=-2 2 -4 5 -6 -7 -8
leaf_value=-0.11094148684006472 0.028409047333195103 -0.064499643627921918 0.0087690814841322896 -0.13044751845037236 0.0063785962832880331 0.017443025017541552 -0.032779507580111104
leaf_weight=47 939 228 3379 80 2384 184 770
leaf_count=47 939 228 3379 80 2384 184 770
internal_value=0.00221287 -0.001283 -0.000470954 -0.00903461 8.02635e-05 -0.0319494 -0.0426809
internal_weight=8011 7072 7025 3646 2612 1034 850
internal_count=8011 7072 7025 3646 2612 1034 850
is_linear=0
shrinkage=0.02


Tree=349
num_leaves=8
num_cat=0
split_feature=16 33 40 9 40 33 38
split_gain=1937.58 1786.66 1882.17 2394.76 2205.28 1819.11 1302.84
threshold=0.72825000000000006 5.5000000000000009 72.305000000000021 4.5000000000000009 19.550000000000001 1.0000000180025095e-35 5234.1000000000013
decision_type=2 2 2 2 2 2 10
left_child=1 2 3 4 6 -5 -1
right_child=-2 -3 -4 5 -6 -7 -8
leaf_value=-0.043357539752782399 0.037016691480401528 0.052648924948577182 0.022963354919356697 -0.066969456677325068 -0.013682069276842596 0.010217804351204654 -0.14451654948971487
leaf_weight=172 564 233 960 123 3226 2677 72
leaf_count=172 564 233 960 123 3226 2677 72
internal_value=0.00144121 -0.00127031 -0.00304314 -0.00704012 -0.018132 0.00671375 -0.0755103
internal_weight=8027 7463 7230 6270 3470 2800 244
internal_count=8027 7463 7230 6270 3470 2800 244
is_linear=0
shrinkage=0.02


Tree=350
num_leaves=8
num_cat=0
split_feature=64 8 44 57 33 58 17
split_gain=1806.14 1319.19 1234.45 1341.85 1111.02 1432.38 1034.96
threshold=1.0000000180025095e-35 47.245000000000012 1.0000000180025095e-35 34.005000000000003 1.5000000000000002 34.515000000000008 5035.1000000000013
decision_type=2 2 2 2 2 2 2
left_child=-1 2 3 4 -2 -6 -3
right_child=1 6 -4 -5 5 -7 -8
leaf_value=-0.11396590470183979 -0.042854146771672846 -0.073020105946947023 0.0079351358493360922 -0.03175953430635918 0.082964808832982503 0.0032532003374083096 -0.012728007141520422
leaf_weight=50 133 130 5781 724 111 407 751
leaf_count=50 133 130 5781 724 111 407 751
internal_value=0.000254838 0.00103585 0.00388359 -0.0131176 0.00769873 0.0209641 -0.0219866
internal_weight=8087 8037 7156 1375 651 518 881
internal_count=8087 8037 7156 1375 651 518 881
is_linear=0
shrinkage=0.02


Tree=351
num_leaves=8
num_cat=0
split_feature=43 40 33 42 44 17 38
split_gain=2050.05 1664.4 1372.43 1264.54 1077.67 997.896 984.223
threshold=1.0000000180025095e-35 59.065000000000005 2.5000000000000004 8.1000000000000014 1.0000000180025095e-35 2350.5500000000006 2548.3000000000006
decision_type=2 2 2 2 2 2 8
left_child=1 2 4 -4 -1 -5 -6
right_child=-2 -3 3 5 6 -7 -8
leaf_value=-0.096311493873736775 0.0040606288472585066 0.011832790678951162 -0.10343533999269658 -0.073738197243376963 0.033491477221250537 0.0043872640534216726 -0.046290186682577346
leaf_weight=154 6014 502 50 68 67 624 492
leaf_count=154 6014 502 50 68 67 624 492
internal_value=-0.00172774 -0.0194808 -0.0302881 -0.0111275 -0.0500116 -0.0037637 -0.0365157
internal_weight=7971 1957 1455 742 713 692 559
internal_count=7971 1957 1455 742 713 692 559
is_linear=0
shrinkage=0.02


Tree=352
num_leaves=8
num_cat=0
split_feature=8 16 15 9 41 16 8
split_gain=1766.13 1811.39 1412.41 1261.15 2209.42 1089.4 1069.43
threshold=54.410000000000004 0.35685000000000006 1.5000000000000002 4.5000000000000009 16.360000000000003 0.77305000000000013 25.515000000000004
decision_type=2 2 2 2 2 2 2
left_child=1 2 6 4 -3 -6 -1
right_child=-2 3 -4 -5 5 -7 -8
leaf_value=0.012885119471906896 -0.033675918555094136 -0.081328306606700346 -0.049145949567665631 0.020708217426108941 0.0017060409321704904 0.047978611860750461 -0.023736243633719966
leaf_weight=658 535 119 366 2248 3283 212 610
leaf_count=658 535 119 366 2248 3283 212 610
internal_value=0.00125916 0.00377331 -0.0148189 0.00896399 0.00164026 0.00457738 -0.00475645
internal_weight=8031 7496 1634 5862 3614 3495 1268
internal_count=8031 7496 1634 5862 3614 3495 1268
is_linear=0
shrinkage=0.02


Tree=353
num_leaves=8
num_cat=0
split_feature=55 52 21 9 49 54 52
split_gain=1628.52 1537.67 1514.25 1283.71 1262.03 1189.59 1532.37
threshold=55.685000000000009 84.410000000000011 212558.60000000003 2.5000000000000004 45.500000000000007 90.115000000000023 32.835000000000008
decision_type=2 2 10 2 2 2 2
left_child=1 3 4 -1 5 -2 -7
right_child=2 -3 -4 -5 -6 6 -8
leaf_value=-0.0097651037076824081 -0.057239265601477907 0.047958982260039439 0.0012958633409446058 0.008277434345188921 -0.11468744079934226 -0.091447524283236506 0.038514435709322864
leaf_weight=2569 291 290 533 4069 85 43 144
leaf_count=2569 291 290 533 4069 85 43 144
internal_value=-0.000309323 0.00327921 -0.0229049 0.00129262 -0.0456259 -0.032285 0.00702693
internal_weight=8024 6928 1096 6638 563 478 187
internal_count=8024 6928 1096 6638 563 478 187
is_linear=0
shrinkage=0.02


Tree=354
num_leaves=8
num_cat=0
split_feature=12 51 10 14 12 42 46
split_gain=1615.39 1672.81 1417.97 1337.1 1128.84 1087.37 1469.92
threshold=43.755000000000003 74.030000000000015 12490.300000000001 17.975000000000005 29.485000000000003 12.335000000000003 2.5000000000000004
decision_type=2 2 2 2 2 2 2
left_child=1 2 3 -1 -5 6 -4
right_child=-2 -3 5 4 -6 -7 -8
leaf_value=-0.0083877470614388584 0.0081570405182497582 0.07788832484974581 -0.14498306093021082 -0.026175505689683458 -0.099538693486348445 -0.003457095471633398 -0.0034632703396555498
leaf_weight=315 4319 80 47 163 179 2835 68
leaf_count=315 4319 80 47 163 179 2835 68
internal_value=-0.000139211 -0.00985543 -0.0119066 -0.0383636 -0.0654542 -0.00595942 -0.0649328
internal_weight=8006 3687 3607 657 342 2950 115
internal_count=8006 3687 3607 657 342 2950 115
is_linear=0
shrinkage=0.02


Tree=355
num_leaves=8
num_cat=0
split_feature=16 9 41 34 64 41 64
split_gain=2210.28 1558.7 1860.43 1785.12 1723.02 1285.11 1738.32
threshold=0.59965000000000013 12.500000000000002 33.255000000000003 3.5000000000000004 1.5000000000000002 79.385000000000005 2.5000000000000004
decision_type=2 2 2 2 2 2 2
left_child=1 2 3 -1 -3 -4 -7
right_child=-2 4 5 -5 -6 6 -8
leaf_value=-0.042510957175246937 0.018666230923419853 -0.069557229019792194 -0.0069168926115065078 0.045674143190522799 0.030101478837379094 0.11750511359227332 0.0098796499847447049
leaf_weight=907 2063 72 3740 98 720 71 291
leaf_count=907 2063 72 3740 98 720 71 291
internal_value=0.000872961 -0.00536025 -0.00941208 -0.0337283 0.0206621 -0.00342074 0.0323018
internal_weight=7962 5899 5107 1005 792 4102 362
internal_count=7962 5899 5107 1005 792 4102 362
is_linear=0
shrinkage=0.02


Tree=356
num_leaves=8
num_cat=0
split_feature=55 12 34 40 45 32 55
split_gain=1859.81 2445.34 1529.37 1450.04 1461.16 1517.7 1360.32
threshold=55.055000000000007 78.085000000000022 1.5000000000000002 8.9700000000000024 1.0000000180025095e-35 1.0000000180025095e-35 42.875000000000007
decision_type=2 2 2 2 2 2 2
left_child=3 2 -2 -1 5 6 -5
right_child=1 -3 -4 4 -6 -7 -8
leaf_value=-0.05593959259054361 -0.05610998771386666 0.070692825192965353 -0.0087384818752564881 0.0097407941825953387 -0.002288855571982374 -0.00303690830930127 0.044289471288385215
leaf_weight=151 518 98 574 893 3844 1011 934
leaf_count=151 518 98 574 893 3844 1011 934
internal_value=0.000322549 -0.0226977 -0.0313629 0.0043453 0.00574843 0.0166196 0.0274755
internal_weight=8023 1190 1092 6833 6682 2838 1827
internal_count=8023 1190 1092 6833 6682 2838 1827
is_linear=0
shrinkage=0.02


Tree=357
num_leaves=8
num_cat=0
split_feature=45 55 52 43 52 30 41
split_gain=1795.52 1544.62 1210.45 1125.27 1405.39 1096.48 1211.78
threshold=1.0000000180025095e-35 38.115000000000002 67.205000000000013 1.0000000180025095e-35 59.925000000000004 1.0000000180025095e-35 67.855000000000018
decision_type=2 2 2 2 2 2 2
left_child=2 -2 5 4 -3 6 -1
right_child=1 3 -4 -5 -6 -7 -8
leaf_value=-0.0071137455870473459 0.014728403483637638 -0.049364010756278658 0.037730112382320817 -0.0070309011415630443 0.0075910733279878975 0.027445286723491464 0.035618924086739778
leaf_weight=1807 987 614 596 2609 239 734 306
leaf_count=1807 987 614 596 2609 239 734 306
internal_value=0.00109826 -0.00729059 0.0119331 -0.0135803 -0.0334547 0.00647596 -0.000855818
internal_weight=7892 4449 3443 3462 853 2847 2113
internal_count=7892 4449 3443 3462 853 2847 2113
is_linear=0
shrinkage=0.02


Tree=358
num_leaves=8
num_cat=0
split_feature=34 9 8 46 54 44 15
split_gain=1550.26 1205.29 1582.72 1665.08 1517.22 1515.2 1329.34
threshold=3.5000000000000004 8.5000000000000018 54.410000000000004 4.5000000000000009 81.00500000000001 1.0000000180025095e-35 1.0000000180025095e-35
decision_type=2 2 2 2 2 2 2
left_child=1 2 6 -4 -3 -6 -1
right_child=-2 4 3 -5 5 -7 -8
leaf_value=0.0027218631959715685 0.027923633609232217 0.035121721195616934 -0.10305401356931587 -0.013302869357578797 -0.050584333902267818 0.0093754154946852145 -0.017926602853330351
leaf_weight=3454 701 667 132 213 212 751 1946
leaf_count=3454 701 667 132 213 212 751 1946
internal_value=-0.000389977 -0.00309831 -0.00740492 -0.0486241 0.0120568 -0.00401755 -0.00472893
internal_weight=8076 7375 5745 345 1630 963 5400
internal_count=8076 7375 5745 345 1630 963 5400
is_linear=0
shrinkage=0.02


Tree=359
num_leaves=8
num_cat=1
split_feature=40 7 38 52 40 45 32
split_gain=1746.32 1320.93 1673.08 1318.38 1132.23 1000.35 1406.14
threshold=87.625000000000014 0 3006.2000000000003 31.455000000000002 59.515000000000008 1.0000000180025095e-35 1.0000000180025095e-35
decision_type=2 1 10 2 2 2 2
left_child=1 2 -1 4 -3 6 -5
right_child=-2 3 -4 5 -6 -7 -8
leaf_value=-0.058124279658141445 0.048676138708057509 -0.026442271883129875 0.0070476844731499171 0.024405241199728749 0.019872686122508011 -0.003980357947243514 -0.0073303991532140331
leaf_weight=376 259 1181 267 1542 253 3291 871
leaf_count=376 259 1181 267 1542 253 3291 871
internal_value=-0.00191386 -0.00362799 -0.0307422 -0.00112109 -0.0182303 0.00319044 0.0129584
internal_weight=8040 7781 643 7138 1434 5704 2413
internal_count=8040 7781 643 7138 1434 5704 2413
cat_boundaries=0 1
cat_threshold=32
is_linear=0
shrinkage=0.02


Tree=360
num_leaves=8
num_cat=0
split_feature=16 34 44 57 9 16 64
split_gain=2294.78 1928.97 2107.66 1810.66 1801.22 1657.48 1263.02
threshold=0.77305000000000013 3.5000000000000004 1.0000000180025095e-35 34.005000000000003 10.500000000000002 0.32410000000000005 2.5000000000000004
decision_type=2 2 2 2 2 2 2
left_child=1 2 3 -1 5 -4 -3
right_child=-2 6 4 -5 -6 -7 -8
leaf_value=-0.0058156102230311488 0.052252984745908025 0.099714787116362946 -0.037011206521214791 -0.050766197412240643 0.02369053199761368 -0.0026727053249936505 0.016717119967820597
leaf_weight=678 286 79 648 759 878 4054 607
leaf_count=678 286 79 648 759 878 4054 607
internal_value=-0.00288254 -0.0049622 -0.00809677 -0.0296515 -0.00252428 -0.00743931 0.0269275
internal_weight=7989 7703 7017 1437 5580 4702 686
internal_count=7989 7703 7017 1437 5580 4702 686
is_linear=0
shrinkage=0.02


Tree=361
num_leaves=8
num_cat=0
split_feature=16 52 64 23 51 45 31
split_gain=1891.23 1374.93 1363.52 1301.06 1186.4 1401.18 1159.51
threshold=0.51055000000000017 2.8800000000000003 1.5000000000000002 9.3500000000000032 34.095000000000006 1.0000000180025095e-35 1.0000000180025095e-35
decision_type=2 2 2 2 2 2 2
left_child=1 -1 3 -3 -2 6 -6
right_child=4 2 -4 -5 5 -7 -8
leaf_value=-0.10092437023296952 0.0030174638254845945 -0.09870397896786047 -0.0044831118938219736 -0.01336523093086564 0.094418249892986431 0.0081086107812915875 0.029246458773015967
leaf_weight=59 2528 118 4068 175 172 629 304
leaf_count=59 2528 118 4068 175 172 629 304
internal_value=-9.0832e-05 -0.00887349 -0.00751398 -0.0488132 0.0105919 0.0278289 0.0535326
internal_weight=8053 4420 4361 293 3633 1105 476
internal_count=8053 4420 4361 293 3633 1105 476
is_linear=0
shrinkage=0.02


Tree=362
num_leaves=8
num_cat=0
split_feature=43 9 41 41 33 9 40
split_gain=1959.91 1768.79 1755.53 975.532 950.856 1048.09 898.081
threshold=1.0000000180025095e-35 14.500000000000002 79.385000000000005 20.030000000000005 4.5000000000000009 4.5000000000000009 30.690000000000001
decision_type=2 2 2 2 2 2 2
left_child=2 3 6 4 5 -2 -1
right_child=1 -3 -4 -5 -6 -7 -8
leaf_value=-0.04570565221138824 -0.084078592495194504 0.042662166624531608 0.063218442941030781 0.004810426025122984 0.05106420303278781 -0.0019078410461417631 -0.013400547858608294
leaf_weight=452 135 480 99 5223 42 112 1426
leaf_count=452 135 480 99 5223 42 112 1426
internal_value=0.000345737 0.006044 -0.0168965 0.00281941 -0.0326333 -0.0475961 -0.0212765
internal_weight=7969 5992 1977 5512 289 247 1878
internal_count=7969 5992 1977 5512 289 247 1878
is_linear=0
shrinkage=0.02


Tree=363
num_leaves=8
num_cat=0
split_feature=16 42 8 10 42 52 8
split_gain=2174.32 1934.31 1552.09 1663.51 1373.09 1372.45 1222.04
threshold=0.49815000000000004 10.480000000000002 38.855000000000011 19100.500000000004 38.405000000000008 69.355000000000004 11.630000000000001
decision_type=2 2 2 2 2 2 2
left_child=2 -2 3 -1 -4 -3 -5
right_child=1 5 4 6 -6 -7 -8
leaf_value=-0.025269998584618338 -0.068476963489016218 0.0073591408395857561 -0.070451952233831855 0.053296695414261935 -0.016947891502206727 0.040200864061981492 0.0008683134981609797
leaf_weight=1026 116 3071 279 190 606 606 2022
leaf_count=1026 116 3071 279 190 606 606 2022
internal_value=-0.000675448 0.0102458 -0.0107229 -0.00428629 -0.0341163 0.012819 0.0054817
internal_weight=7916 3793 4123 3238 885 3677 2212
internal_count=7916 3793 4123 3238 885 3677 2212
is_linear=0
shrinkage=0.02


Tree=364
num_leaves=8
num_cat=0
split_feature=16 44 65 0 55 43 16
split_gain=1794.82 1269.57 1398.99 1314.47 1364.88 1298.79 1250.62
threshold=0.26805000000000007 1.0000000180025095e-35 0.76388888888888895 51.500000000000007 54.465000000000011 1.0000000180025095e-35 0.60625000000000007
decision_type=2 2 2 2 2 2 2
left_child=-1 2 5 6 -5 -2 -3
right_child=1 3 -4 4 -6 -7 -8
leaf_value=-0.033482105557957005 -0.053141215523488453 -0.0069293650572422915 0.052211681452603881 0.030008431429387979 -0.019529115210623102 -0.0086613015209695728 0.016062841301983728
leaf_weight=615 350 2964 111 1314 264 1019 1384
leaf_count=615 350 2964 111 1314 264 1019 1384
internal_value=-0.000793778 0.00194144 -0.0145978 0.0060809 0.0216853 -0.0201851 0.000399265
internal_weight=8021 7406 1480 5926 1578 1369 4348
internal_count=8021 7406 1480 5926 1578 1369 4348
is_linear=0
shrinkage=0.02


Tree=365
num_leaves=8
num_cat=0
split_feature=45 10 41 12 17 17 32
split_gain=1841.61 1651.42 1595.84 1612.38 1265.01 1392.68 1220.97
threshold=1.0000000180025095e-35 12163.050000000001 58.930000000000007 41.945000000000007 5867.0500000000011 3155.0000000000005 1.0000000180025095e-35
decision_type=2 2 2 2 2 2 2
left_child=6 2 4 -4 5 -2 -1
right_child=1 -3 3 -5 -6 -7 -8
leaf_value=0.019237563033551272 -0.070997469438612459 -0.0040116159156607387 -0.045750597068754423 0.053175019916938987 -0.1094631532824611 0.018868323929350953 -0.0056208528501771812
leaf_weight=2200 170 3881 132 122 141 111 1229
leaf_count=2200 170 3881 132 122 141 111 1229
internal_value=-0.000730635 -0.00905769 -0.0377857 0.00187411 -0.0613992 -0.0357896 0.0103328
internal_weight=7986 4557 676 254 422 281 3429
internal_count=7986 4557 676 254 422 281 3429
is_linear=0
shrinkage=0.02


Tree=366
num_leaves=8
num_cat=0
split_feature=40 33 8 55 0 58 38
split_gain=1607.87 1631.45 1698.37 1737.03 1235.72 1668.09 1257.91
threshold=82.190000000000012 5.5000000000000009 50.695000000000007 55.055000000000007 28.500000000000004 38.875000000000007 53722.950000000004
decision_type=2 2 2 2 2 2 8
left_child=1 2 3 -1 5 6 -5
right_child=-2 -3 -4 4 -6 -7 -8
leaf_value=0.0021950302898330566 0.035552444238753783 0.048619249383649053 -0.036557876257836817 0.034245644143370335 -0.015759233672782088 -0.17820980316027998 -0.085269602755474488
leaf_weight=5678 445 229 620 56 813 41 81
leaf_count=5678 445 229 620 56 813 41 81
internal_value=-0.00117115 -0.00336705 -0.00503252 -0.0020765 -0.0264387 -0.0734527 -0.036931
internal_weight=7963 7518 7289 6669 991 178 137
internal_count=7963 7518 7289 6669 991 178 137
is_linear=0
shrinkage=0.02


Tree=367
num_leaves=8
num_cat=0
split_feature=16 55 53 16 0 34 42
split_gain=1904.13 1428.72 1496.27 1229.32 1164.54 1017.08 1544.56
threshold=0.39065000000000005 53.95000000000001 36.990000000000002 0.72825000000000006 22.500000000000004 3.5000000000000004 34.960000000000008
decision_type=2 2 2 2 2 2 2
left_child=1 -1 -3 4 -2 -6 -7
right_child=3 2 -4 -5 5 6 -8
leaf_value=-0.0084705203983393602 -0.023251942929020074 0.04415346447694099 -0.066069731856546091 0.034009251193091783 0.0032401278563481623 0.10448965548351406 0.014309402288022367
leaf_weight=1833 602 54 336 554 4247 95 325
leaf_count=1833 602 54 336 554 4247 95 325
internal_value=-0.000204721 -0.0159307 -0.0504423 0.00580737 0.0028127 0.00619608 0.0356966
internal_weight=8046 2223 390 5823 5269 4667 420
internal_count=8046 2223 390 5823 5269 4667 420
is_linear=0
shrinkage=0.02


Tree=368
num_leaves=8
num_cat=1
split_feature=55 9 42 45 38 32 7
split_gain=1758.69 1643.19 2475.95 1393.59 1294.55 1279.82 1097.61
threshold=49.015000000000008 4.5000000000000009 2.3100000000000005 1.0000000180025095e-35 1500.5000000000002 1.0000000180025095e-35 0
decision_type=2 2 2 2 10 2 1
left_child=1 2 -1 5 6 -3 -4
right_child=-2 3 4 -5 -6 -7 -8
leaf_value=-0.14500935076425472 -0.012910844637902732 0.054304588480561328 -0.061516372578750762 0.0058072872855237491 0.012749774687302609 0.0072181165014325111 -0.0071519746222200673
leaf_weight=43 2667 641 153 1252 1531 362 1385
leaf_count=43 2667 641 153 1252 1531 362 1385
internal_value=0.000349233 0.00694439 -0.00247812 0.0199246 -0.000248491 0.0374304 -0.013187
internal_weight=8034 5367 3112 2255 3069 1003 1538
internal_count=8034 5367 3112 2255 3069 1003 1538
cat_boundaries=0 1
cat_threshold=32
is_linear=0
shrinkage=0.02


Tree=369
num_leaves=8
num_cat=0
split_feature=16 31 16 40 33 40 51
split_gain=1843.71 1800.11 1997.51 1522.29 1448.06 1380.05 1463.89
threshold=0.56385000000000007 1.0000000180025095e-35 0.23030000000000003 79.035000000000011 4.5000000000000009 11.365000000000002 30.865000000000006
decision_type=2 2 2 2 2 2 2
left_child=1 2 -1 4 -4 -2 -7
right_child=5 -3 3 -5 -6 6 -8
leaf_value=-0.092116874526772238 -0.077454013773240155 0.0035816131916083516 -0.023253436417691203 0.045613297208563081 0.070260635061540469 0.0052418327496274175 0.036517067081360696
leaf_weight=139 59 3163 1801 149 64 1645 938
leaf_count=139 59 3163 1801 149 64 1645 938
internal_value=0.000764286 -0.00602172 -0.0201057 -0.0149199 -0.0198651 0.0144041 0.0166478
internal_weight=7958 5316 2153 2014 1865 2642 2583
internal_count=7958 5316 2153 2014 1865 2642 2583
is_linear=0
shrinkage=0.02


Tree=370
num_leaves=8
num_cat=0
split_feature=45 64 42 8 64 64 42
split_gain=1766.92 2129.96 1498.74 1458.66 1448.98 1498.54 1360.84
threshold=1.0000000180025095e-35 4.5000000000000009 30.335000000000004 53.770000000000003 1.5000000000000002 2.5000000000000004 81.935000000000016
decision_type=2 2 2 2 2 2 2
left_child=3 6 -3 4 -1 -6 -2
right_child=1 2 -4 -5 5 -7 -8
leaf_value=-0.019453597196367581 -0.018169105127688264 0.097995327315048175 0.011879738943486137 -0.036539977760910988 0.036844944594336883 0.0067598616125225178 0.023687168753315366
leaf_weight=450 3570 90 556 245 1120 1617 336
leaf_count=450 3570 90 556 245 1120 1617 336
internal_value=-0.000810422 -0.00897589 0.0245378 0.0100171 0.0136478 0.0191156 -0.0145429
internal_weight=7984 4552 646 3432 3187 2737 3906
internal_count=7984 4552 646 3432 3187 2737 3906
is_linear=0
shrinkage=0.02


Tree=371
num_leaves=8
num_cat=0
split_feature=64 41 8 40 13 64 33
split_gain=1445.09 1424.49 1281.48 1338.05 1221.48 1145.46 1836.44
threshold=1.0000000180025095e-35 15.475000000000003 54.410000000000004 52.215000000000011 400.85000000000008 2.5000000000000004 2.5000000000000004
decision_type=2 2 2 2 2 2 2
left_child=-1 4 5 -4 -2 6 -3
right_child=1 2 3 -5 -6 -7 -8
leaf_value=-0.10075747021457605 -0.061631507101384077 0.0037188471979246181 -0.060453153245724166 0.0060373602209855687 0.046211709828617477 -0.0009632329869744508 0.044286244353847357
leaf_weight=52 237 1400 255 225 47 5197 651
leaf_count=52 237 1400 255 225 47 5197 651
internal_value=-0.000411228 0.000302479 0.00193156 -0.0295448 -0.0432935 0.00403502 0.0166716
internal_weight=8064 8012 7728 480 284 7248 2051
internal_count=8064 8012 7728 480 284 7248 2051
is_linear=0
shrinkage=0.02


Tree=372
num_leaves=8
num_cat=0
split_feature=45 41 16 51 40 33 41
split_gain=1957.15 1650.76 1368.53 1480.7 1264.04 1154.08 1136.89
threshold=1.0000000180025095e-35 14.405000000000003 0.58165000000000011 36.290000000000006 87.625000000000014 2.5000000000000004 37.82500000000001
decision_type=2 2 2 2 2 2 2
left_child=1 -1 -3 -4 5 6 -2
right_child=4 2 3 -5 -6 -7 -8
leaf_value=-0.053738827805419068 -0.047659656874676964 0.0071887144467124202 0.02092413668292769 0.07683255835892816 0.044899585017727485 0.0001533295755754601 -0.0119949363422277
leaf_weight=138 465 2317 763 250 175 2397 1518
leaf_count=138 465 2317 763 250 175 2397 1518
internal_value=0.00155101 0.012862 0.0156984 0.0350315 -0.00706537 -0.00919043 -0.0204569
internal_weight=8023 3468 3330 1013 4555 4380 1983
internal_count=8023 3468 3330 1013 4555 4380 1983
is_linear=0
shrinkage=0.02


Tree=373
num_leaves=8
num_cat=0
split_feature=64 9 16 30 23 64 21
split_gain=1610.49 1510.21 1686.83 1305.41 1022.3 1136.36 1254.5
threshold=1.0000000180025095e-35 12.500000000000002 0.57745000000000013 1.0000000180025095e-35 2.9500000000000006 4.5000000000000009 255166.55000000002
decision_type=2 2 2 2 2 2 10
left_child=-1 2 3 4 -2 6 -6
right_child=1 -3 -4 -5 5 -7 -8
leaf_value=-0.10476337694515615 0.04682465683705736 0.024159591899251414 0.011387138958490702 0.0072566585922823812 -0.031283316591989081 0.02196304496563271 -0.0054865725096017127
leaf_weight=54 96 919 2221 1325 1917 261 1245
leaf_count=54 96 919 2221 1325 1917 261 1245
internal_value=-0.000655444 0.000113819 -0.00302888 -0.00964362 -0.0160083 -0.0178362 -0.0211509
internal_weight=8038 7984 7065 4844 3519 3423 3162
internal_count=8038 7984 7065 4844 3519 3423 3162
is_linear=0
shrinkage=0.02


Tree=374
num_leaves=8
num_cat=1
split_feature=42 64 16 21 9 2 57
split_gain=1567.53 1478.4 1274.11 1325.03 1066.85 2006.69 1169.78
threshold=82.565000000000012 2.5000000000000004 0.50155000000000005 259373.25000000003 5.5000000000000009 0 11.665000000000001
decision_type=2 2 2 10 2 1 2
left_child=2 -2 3 4 6 -6 -1
right_child=1 -3 -4 -5 5 -7 -8
leaf_value=0.021844269258050334 0.0995568599544953 0.016601399855415137 0.0067261050389131691 0.0041384853950555515 -0.044865351244807242 0.015397649220006273 -0.037505940460796111
leaf_weight=146 102 452 3473 1601 308 686 1201
leaf_count=146 102 452 3473 1601 308 686 1201
internal_value=0.000332053 0.0326287 -0.0021013 -0.00987713 -0.0194507 -0.00370146 -0.031016
internal_weight=7969 554 7415 3942 2341 994 1347
internal_count=7969 554 7415 3942 2341 994 1347
cat_boundaries=0 1
cat_threshold=13
is_linear=0
shrinkage=0.02


Tree=375
num_leaves=8
num_cat=0
split_feature=16 55 9 41 12 48 41
split_gain=1577.57 1252.37 1412.85 1316.52 1244.19 1536.64 1420.39
threshold=0.32955000000000007 38.355000000000011 12.500000000000002 64.110000000000014 21.640000000000004 1.0000000180025095e-35 28.565000000000001
decision_type=2 2 2 2 2 2 2
left_child=-1 -2 3 4 5 -3 -7
right_child=1 2 -4 -5 -6 6 -8
leaf_value=-0.019896540942566973 0.020038648286515783 -0.12366980384410724 0.029764572745443529 0.014490507158793096 -0.0053326338320062476 -0.10311391898283834 -0.0078497186940305868
leaf_weight=1303 1521 69 544 1137 2998 71 361
leaf_count=1303 1521 69 544 1137 2998 71 361
internal_value=0.000195791 0.00411464 -0.000575933 -0.0041644 -0.0102383 -0.0392514 -0.0245072
internal_weight=8004 6701 5180 4636 3499 501 432
internal_count=8004 6701 5180 4636 3499 501 432
is_linear=0
shrinkage=0.02


Tree=376
num_leaves=8
num_cat=0
split_feature=42 34 41 33 42 40 13
split_gain=1470.76 1751.59 1572.11 1363.01 1295.39 1210.67 1172.79
threshold=82.565000000000012 3.5000000000000004 15.475000000000003 1.0000000180025095e-35 26.905000000000005 13.320000000000002 402.75000000000006
decision_type=2 2 2 2 2 2 2
left_child=1 2 6 -4 -3 -5 -1
right_child=-2 4 3 5 -6 -7 -8
leaf_value=-0.070881787427093668 0.030896417323050433 0.094077540021207121 -0.042773093566082533 -0.047917991931048731 0.016046093590695806 -0.00026019387277244983 0.042410639471477933
leaf_weight=225 542 97 340 216 534 6054 40
leaf_count=225 542 97 340 216 534 6054 40
internal_value=-0.000766466 -0.00307185 -0.00600544 -0.00407001 0.0286867 -0.00193887 -0.0533123
internal_weight=8048 7506 6875 6610 631 6270 265
internal_count=8048 7506 6875 6610 631 6270 265
is_linear=0
shrinkage=0.02


Tree=377
num_leaves=8
num_cat=0
split_feature=45 9 8 12 41 38 41
split_gain=1534.76 1279.24 1957.28 1248.61 1660.2 1341.61 1246.57
threshold=1.0000000180025095e-35 4.5000000000000009 53.770000000000003 20.355000000000004 31.835000000000004 1563.5500000000002 15.475000000000003
decision_type=2 2 2 2 2 10 2
left_child=1 2 6 4 5 -2 -1
right_child=3 -3 -4 -5 -6 -7 -8
leaf_value=-0.07715378996352075 -0.17944624442965368 0.024040974624442841 -0.07444863855922805 -0.0031440003085537521 -0.019736704163739526 -0.02220701852109697 0.0083381643352679856
leaf_weight=66 47 1530 128 4016 516 40 1750
leaf_count=66 47 1530 128 4016 516 40 1750
internal_value=0.000358288 0.0103929 -0.000382817 -0.0071919 -0.0339035 -0.112288 0.00502776
internal_weight=8093 3474 1944 4619 603 87 1816
internal_count=8093 3474 1944 4619 603 87 1816
is_linear=0
shrinkage=0.02


Tree=378
num_leaves=8
num_cat=0
split_feature=12 40 66 55 43 40 58
split_gain=1696.35 1842.54 1491.11 1574.49 1024.75 1688.13 1367.99
threshold=77.385000000000005 7.5900000000000007 1.0000000180025095e-35 55.055000000000007 1.0000000180025095e-35 34.205000000000005 25.225000000000005
decision_type=2 2 2 2 2 2 2
left_child=1 -1 -3 4 5 6 -4
right_child=-2 2 3 -5 -6 -7 -8
leaf_value=-0.074570613232513905 0.030209262826906193 -0.041645905373449157 -0.14197625303969663 -0.022126389454349506 0.0094419641681500171 0.0033531153255526584 -0.030245242958538841
leaf_weight=136 668 348 46 1037 4339 1054 352
leaf_count=136 668 348 46 1037 4339 1054 352
internal_value=-0.00017681 -0.00297153 -0.0015636 0.00050824 0.00457704 -0.0099433 -0.0447602
internal_weight=7980 7312 7176 6828 5791 1452 398
internal_count=7980 7312 7176 6828 5791 1452 398
is_linear=0
shrinkage=0.02


Tree=379
num_leaves=8
num_cat=0
split_feature=52 33 55 12 65 42 54
split_gain=1385.82 1489.11 1456.4 1121.05 1263.22 1120.89 1257.72
threshold=63.135000000000012 5.5000000000000009 54.735000000000007 19.605000000000004 0.45000000000000007 14.090000000000002 80.655000000000015
decision_type=2 2 2 2 2 2 2
left_child=1 2 3 4 -1 -5 -7
right_child=-2 -3 -4 5 -6 6 -8
leaf_value=-0.082410533334326547 0.014408728187417751 0.051984121873346938 -0.02990213660346893 -0.039352309079284213 -0.013113897190467343 0.021329494910046477 -0.0032412488519876458
leaf_weight=122 1940 173 911 246 631 1193 2734
leaf_count=122 1940 173 911 246 631 1193 2734
internal_value=-0.000266657 -0.00501184 -0.00674416 -0.00243542 -0.0248108 0.00162698 0.00424083
internal_weight=7950 6010 5837 4926 753 4173 3927
internal_count=7950 6010 5837 4926 753 4173 3927
is_linear=0
shrinkage=0.02


Tree=380
num_leaves=8
num_cat=1
split_feature=52 52 18 7 12 40 51
split_gain=1718.3 1219.58 1167.86 1022.63 968.345 906.974 793.209
threshold=67.205000000000013 15.630000000000001 1019945.9500000001 0 13.215000000000002 87.625000000000014 24.085000000000004
decision_type=2 2 2 1 2 2 2
left_child=1 2 -1 4 -3 -5 -6
right_child=-2 3 -4 5 6 -7 -8
leaf_value=-0.046329703027616444 0.019433470501049443 -0.10674281675041768 0.057621610097739161 -0.00063566053858821832 -0.045798258239808293 0.049715162148179656 0.0057139781436749875
leaf_weight=409 1505 52 44 5391 225 142 247
leaf_count=409 1505 52 44 5391 225 142 247
internal_value=0.000210423 -0.00424512 -0.0357141 -0.00186406 -0.0281596 0.000699009 -0.0190643
internal_weight=8015 6510 453 6057 524 5533 472
internal_count=8015 6510 453 6057 524 5533 472
cat_boundaries=0 1
cat_threshold=32
is_linear=0
shrinkage=0.02


Tree=381
num_leaves=8
num_cat=0
split_feature=12 9 42 41 64 52 12
split_gain=1765.12 1293.95 1326.11 1143.91 1173.53 1139.2 1095.21
threshold=19.995000000000001 12.500000000000002 9.1200000000000028 79.385000000000005 2.5000000000000004 54.035000000000004 71.985000000000014
decision_type=2 2 2 2 2 2 2
left_child=-1 2 5 -4 -5 -2 -3
right_child=1 6 3 4 -6 -7 -8
leaf_value=-0.024935533037927091 -0.089255350859475752 0.017516549187521366 -0.00088245354246128341 0.093888829809795959 0.015154700036142688 0.0193005367120107 0.08536776714463222
leaf_weight=1020 114 702 5535 92 358 55 106
leaf_count=1020 114 702 5535 92 358 55 106
internal_value=-0.000431035 0.00317443 4.16018e-05 0.00162263 0.0321063 -0.0543871 0.0268881
internal_weight=7982 6962 6154 5985 450 169 808
internal_count=7982 6962 6154 5985 450 169 808
is_linear=0
shrinkage=0.02


Tree=382
num_leaves=8
num_cat=0
split_feature=16 15 8 42 58 64 16
split_gain=1631.8 1357.66 1374.79 1070.46 1055.64 1028.21 1015.9
threshold=0.36255000000000004 2.5000000000000004 25.365000000000006 82.565000000000012 19.445000000000004 3.5000000000000004 0.77305000000000013
decision_type=2 2 2 2 2 2 2
left_child=1 2 4 6 -1 -5 -2
right_child=3 -3 -4 5 -6 -7 -8
leaf_value=-0.08134306822337356 -0.0015357349491997552 -0.063947863233057747 -0.030991251156468121 0.060584293755547462 0.012810900377511897 6.0840954588288529e-05 0.039066833287365592
leaf_weight=46 5521 230 774 235 722 211 253
leaf_count=46 5521 230 774 235 722 211 253
internal_value=-0.00223318 -0.0191361 -0.0122671 0.00259376 0.0066818 0.0322691 0.000275614
internal_weight=7992 1772 1542 6220 768 446 5774
internal_count=7992 1772 1542 6220 768 446 5774
is_linear=0
shrinkage=0.02


Tree=383
num_leaves=8
num_cat=0
split_feature=12 55 40 41 66 54 8
split_gain=1472.04 1599.03 1339.11 1111.8 1070.59 1142.93 886.015
threshold=77.385000000000005 55.185000000000009 10.345000000000001 72.190000000000012 1.0000000180025095e-35 83.385000000000005 24.275000000000002
decision_type=2 2 2 2 2 2 2
left_child=1 2 -1 -3 5 -4 -6
right_child=-2 3 4 -5 6 -7 -8
leaf_value=-0.05453384694773139 0.028771392762916681 -0.03272225026319156 0.019361750388864018 0.028152310479459146 0.01359948829066899 -0.061766315257985788 -0.0020858665424281033
leaf_weight=160 667 920 104 134 2659 193 3134
leaf_count=160 667 920 104 134 2659 193 3134
internal_value=0.000444281 -0.00216046 0.00168891 -0.0248866 0.00320955 -0.0335076 0.00511927
internal_weight=7971 7304 6250 1054 6090 297 5793
internal_count=7971 7304 6250 1054 6090 297 5793
is_linear=0
shrinkage=0.02


Tree=384
num_leaves=8
num_cat=0
split_feature=52 64 48 54 51 21 14
split_gain=1346.38 1600.33 1138.67 1345.62 1425.52 1282.18 1044.92
threshold=32.615000000000002 1.0000000180025095e-35 11.500000000000002 82.785000000000011 54.405000000000008 453759.60000000003 14.875000000000002
decision_type=2 2 2 2 2 8 2
left_child=2 -2 3 4 -1 -4 -7
right_child=1 -3 5 -5 -6 6 -8
leaf_value=0.0047924841046333311 -0.11005565924303871 0.0046995026255542945 -0.0098231669542563228 -0.023961164257265126 0.11148442866546768 -0.01394078129149498 -0.13635854305801812
leaf_weight=480 44 6189 132 907 51 42 86
leaf_count=480 44 6189 132 907 51 42 86
internal_value=-0.000501351 0.00380186 -0.0162623 -0.00920658 0.0159841 -0.0543759 -0.0982244
internal_weight=7931 6233 1698 1438 531 260 128
internal_count=7931 6233 1698 1438 531 260 128
is_linear=0
shrinkage=0.02


Tree=385
num_leaves=8
num_cat=0
split_feature=9 41 30 38 52 43 54
split_gain=1344.8 1750.2 1385.71 1361.18 1161.03 1064.78 1306.8
threshold=12.500000000000002 79.385000000000005 1.0000000180025095e-35 8444.8500000000004 81.355000000000004 1.0000000180025095e-35 83.485000000000014
decision_type=2 2 2 8 2 2 2
left_child=1 2 4 -2 5 -1 -7
right_child=3 -3 -4 -5 -6 6 -8
leaf_value=-0.030673381067640709 0.047823090788562984 0.032266007824041196 0.0091414324062695316 8.6486742656585004e-05 0.029189542102543427 0.0073865956293904115 -0.018091061556503637
leaf_weight=1123 440 516 1795 516 261 1312 2071
leaf_count=1123 440 516 1795 516 261 1312 2071
internal_value=-9.0247e-06 -0.00302116 -0.00581841 0.0221918 -0.0114552 -0.0138392 -0.00821396
internal_weight=8034 7078 6562 956 4767 4506 3383
internal_count=8034 7078 6562 956 4767 4506 3383
is_linear=0
shrinkage=0.02


Tree=386
num_leaves=8
num_cat=0
split_feature=52 17 9 41 68 22 14
split_gain=1727.03 1151.33 1187.23 1641.81 1312.21 1831.89 1245.76
threshold=30.840000000000003 1044.3000000000002 3.5000000000000004 17.840000000000003 1301761.4500000004 20032.300000000003 12.895000000000001
decision_type=2 2 2 2 2 2 2
left_child=1 -1 3 -3 5 6 -5
right_child=-2 2 -4 4 -6 -7 -8
leaf_value=-0.11175654373489893 0.0045375377255161093 -0.15087389048026956 0.00081543646596446819 0.017641188980868229 -0.099357868432998653 0.050232612494040617 -0.056671872898960543
leaf_weight=47 6470 41 793 125 81 127 302
leaf_count=47 6470 41 793 125 81 127 302
internal_value=3.26309e-05 -0.0191452 -0.0158131 -0.0351824 -0.0265922 -0.0151596 -0.0349651
internal_weight=7986 1516 1469 676 635 554 427
internal_count=7986 1516 1469 676 635 554 427
is_linear=0
shrinkage=0.02


Tree=387
num_leaves=8
num_cat=0
split_feature=16 12 15 14 40 33 0
split_gain=1661.65 1628.87 1529.06 1628.76 1741.32 1281.97 1068.75
threshold=0.17090000000000002 41.945000000000007 1.5000000000000002 12.035000000000002 22.675000000000004 2.5000000000000004 58.500000000000007
decision_type=2 2 2 2 2 2 2
left_child=-1 2 -2 -4 -5 6 -6
right_child=1 -3 3 4 5 -7 -8
leaf_value=-0.082231777975655562 -0.0026401555296417106 0.0080256934407631052 0.016860274131200753 -0.15751941691474483 -0.075947781016285992 -0.00050889909658248403 0.01889075979337854
leaf_weight=94 2545 4543 191 50 307 219 54
leaf_count=94 2545 4543 191 50 307 219 54
internal_value=-0.000802521 0.000216623 -0.0103193 -0.0339638 -0.0493838 -0.0387951 -0.0616971
internal_weight=8003 7909 3366 821 630 580 361
internal_count=8003 7909 3366 821 630 580 361
is_linear=0
shrinkage=0.02


Tree=388
num_leaves=8
num_cat=0
split_feature=12 55 33 57 41 53 23
split_gain=1330.91 1416.07 1069.5 1256.93 1179.06 1096.25 1048.11
threshold=71.660000000000011 55.055000000000007 1.5000000000000002 35.785000000000004 40.82500000000001 56.585000000000008 4.2500000000000009
decision_type=2 2 2 2 2 2 2
left_child=1 -1 3 -3 5 -4 -2
right_child=6 2 4 -5 -6 -7 -8
leaf_value=0.00031320879276385395 0.081739908141248374 0.028542179498407573 0.002929985844921843 -0.081591316026648833 0.0028266019897554913 -0.080631458514634477 0.014041872539279019
leaf_weight=5929 97 49 102 204 569 157 928
leaf_count=5929 97 49 102 204 569 157 928
internal_value=-0.000415486 -0.00353229 -0.0245282 -0.0601213 -0.0133569 -0.0482909 0.0208141
internal_weight=8035 7010 1081 253 828 259 1025
internal_count=8035 7010 1081 253 828 259 1025
is_linear=0
shrinkage=0.02


Tree=389
num_leaves=8
num_cat=0
split_feature=14 9 66 41 64 41 52
split_gain=1535.83 1450.53 1287.58 1188.47 1456.18 978.768 920.561
threshold=43.180000000000007 3.5000000000000004 0.31250000000000006 81.220000000000013 2.5000000000000004 15.475000000000003 73.135000000000005
decision_type=2 2 2 2 2 2 2
left_child=1 3 -2 5 -5 -1 -3
right_child=2 6 -4 4 -6 -7 -8
leaf_value=-0.067664648264094643 -0.069624041551980403 0.0083704722916861426 -0.0022281454545099379 0.13514684223094764 0.012188067998627691 -0.0064937268544366386 0.038770843676063198
leaf_weight=103 213 3357 237 44 186 3445 448
leaf_count=103 213 3357 237 44 186 3445 448
internal_value=0.00114785 0.00328726 -0.0345434 -0.00548798 0.0380856 -0.00836227 0.011996
internal_weight=8033 7583 450 3778 230 3548 3805
internal_count=8033 7583 450 3778 230 3548 3805
is_linear=0
shrinkage=0.02


Tree=390
num_leaves=8
num_cat=0
split_feature=44 9 29 16 58 12 14
split_gain=1313.45 1301.97 1214.94 1500.2 1219.29 1146.1 1093.04
threshold=1.0000000180025095e-35 4.5000000000000009 1.0000000180025095e-35 0.58570000000000011 33.645000000000003 33.425000000000004 45.515000000000008
decision_type=2 2 2 2 2 2 2
left_child=2 6 3 -1 -4 -5 -2
right_child=1 -3 4 5 -6 -7 -8
leaf_value=-0.039762793426799517 -0.00080767188061966349 0.015075984795042028 0.062055911780468057 -0.049826589831554323 -0.010174680465944243 0.030600329020032378 -0.052437461213165414
leaf_weight=864 3539 2684 135 92 278 259 167
leaf_count=864 3539 2684 135 92 278 259 167
internal_value=0.000393559 0.00448127 -0.0156155 -0.0256628 0.0138957 0.00911603 -0.00320173
internal_weight=8018 6390 1628 1215 413 351 3706
internal_count=8018 6390 1628 1215 413 351 3706
is_linear=0
shrinkage=0.02


Tree=391
num_leaves=8
num_cat=0
split_feature=31 14 41 65 41 12 41
split_gain=1210.16 1732.57 1631.66 1131.6 1135.44 1085.59 1028.88
threshold=1.0000000180025095e-35 43.180000000000007 81.220000000000013 0.76388888888888895 34.030000000000008 79.555000000000021 6.4150000000000009
decision_type=2 2 2 2 2 2 2
left_child=1 2 3 4 -1 -6 -2
right_child=6 -3 -4 -5 5 -7 -8
leaf_value=-0.03728056527655603 -0.072653763930299389 -0.070468177603242185 0.05118271780617082 0.060053378756750715 -0.0097744977232622886 0.048884810691893987 0.0063076755563637159
leaf_weight=596 62 178 176 83 2180 129 4552
leaf_count=596 62 178 176 83 2180 129 4552
internal_value=-0.00146752 -0.0106242 -0.00715165 -0.0106674 -0.0127877 -0.00639875 0.00516914
internal_weight=7956 3342 3164 2988 2905 2309 4614
internal_count=7956 3342 3164 2988 2905 2309 4614
is_linear=0
shrinkage=0.02


Tree=392
num_leaves=8
num_cat=0
split_feature=12 16 55 8 58 24 58
split_gain=1529.51 1673.42 1241.98 1223.19 1507.91 943.767 836.561
threshold=78.595000000000013 0.38705000000000006 51.57500000000001 24.545000000000005 22.245000000000001 1.0000000180025095e-35 29.345000000000002
decision_type=2 2 2 2 2 2 2
left_child=1 2 3 4 -1 -4 -3
right_child=-2 6 5 -5 -6 -7 -8
leaf_value=-0.093313660689822914 0.030579406621665518 -0.009987290732625392 -0.12197837176030142 -0.026065357466073889 0.017313160788573298 -0.034423524582363883 0.0084031900904809505
leaf_weight=48 627 1299 52 767 706 441 4100
leaf_count=48 627 1299 52 767 706 441 4100
internal_value=0.000712712 -0.00183236 -0.0173671 -0.0083607 0.00970228 -0.0447905 0.00397329
internal_weight=8040 7413 2014 1521 754 493 5399
internal_count=8040 7413 2014 1521 754 493 5399
is_linear=0
shrinkage=0.02


Tree=393
num_leaves=8
num_cat=1
split_feature=57 45 9 42 54 2 54
split_gain=1883.58 1321.45 1260.53 1493.66 914.727 940.338 895.408
threshold=41.805000000000007 1.0000000180025095e-35 4.5000000000000009 14.795000000000002 82.955000000000013 0 77.725000000000009
decision_type=2 2 2 2 2 1 2
left_child=1 2 3 -1 5 -3 -5
right_child=-2 4 -4 6 -6 -7 -8
leaf_value=-0.075252097372351029 -0.013580296311029968 0.025779328587873095 0.035089425485905094 -0.025785792138034461 -0.011178284148493582 -0.012274983332638281 0.019321543097035425
leaf_weight=82 2874 697 984 213 1765 400 917
leaf_count=82 2874 697 984 213 1765 400 917
internal_value=-0.000664332 0.0066808 0.0183324 0.00463946 -0.00227583 0.0120334 0.0107429
internal_weight=7932 5058 2196 1212 2862 1097 1130
internal_count=7932 5058 2196 1212 2862 1097 1130
cat_boundaries=0 1
cat_threshold=134
is_linear=0
shrinkage=0.02


Tree=394
num_leaves=8
num_cat=0
split_feature=12 55 33 51 41 68 12
split_gain=1631.72 1819.11 1324.51 1343.87 1076.15 969.923 1096.61
threshold=77.385000000000005 56.745000000000012 1.0000000180025095e-35 39.895000000000003 65.715000000000018 920651.50000000012 35.015000000000008
decision_type=2 2 2 2 2 2 2
left_child=1 2 3 4 -1 -3 -7
right_child=-2 5 -4 -5 -6 6 -8
leaf_value=-0.040084355954551003 0.029452446097927468 -0.015616332195376652 0.0029335415425870543 -0.12438227086459908 0.05635630821933349 -0.1149109356413887 -0.02967972768352211
leaf_weight=201 685 584 6171 55 55 94 168
leaf_count=201 685 584 6171 55 55 94 168
internal_value=4.88913e-05 -0.00271788 0.0008908 -0.0390473 -0.018682 -0.0302101 -0.0618381
internal_weight=8013 7328 6482 311 256 846 262
internal_count=8013 7328 6482 311 256 846 262
is_linear=0
shrinkage=0.02


Tree=395
num_leaves=8
num_cat=0
split_feature=16 34 40 31 51 57 48
split_gain=1614.71 1491.41 1368.16 1310.63 1142.28 1105.69 1482.8
threshold=0.60815000000000008 3.5000000000000004 82.190000000000012 1.0000000180025095e-35 35.865000000000002 39.285000000000004 7.5000000000000009
decision_type=2 2 2 2 2 2 2
left_child=1 2 3 5 -2 -1 -7
right_child=4 -3 -4 -5 -6 6 -8
leaf_value=-0.012457223146096525 0.0046531031905252436 0.02444267659978544 0.031220733070353602 -0.0040805677823960067 0.039845412189009215 -0.024665497394423645 -0.080594767949647372
leaf_weight=1318 1455 534 294 2980 490 663 265
leaf_count=1318 1455 534 294 2980 490 663 265
internal_value=-0.00223287 -0.00732612 -0.0104187 -0.0127889 0.0135985 -0.0243083 -0.040983
internal_weight=7999 6054 5520 5226 1945 2246 928
internal_count=7999 6054 5520 5226 1945 2246 928
is_linear=0
shrinkage=0.02


Tree=396
num_leaves=8
num_cat=0
split_feature=45 64 41 16 32 64 8
split_gain=1108.02 1349.28 1974.01 1868.31 1340.25 1402.03 1242.6
threshold=1.0000000180025095e-35 4.5000000000000009 38.035000000000004 0.34145000000000009 1.0000000180025095e-35 1.5000000000000002 32.745000000000012
decision_type=2 2 2 2 2 2 2
left_child=4 2 3 -2 5 -1 -5
right_child=1 -3 -4 6 -6 -7 -8
leaf_value=-0.011634448229403786 -0.087610051694702221 0.02202729259005615 -0.0013996405640808989 -0.00029926288558035786 -0.006556297480745623 0.027658759678675128 -0.053998077708784641
leaf_weight=457 203 625 2930 480 1248 1721 264
leaf_count=457 203 625 2930 480 1248 1721 264
internal_value=0.00138971 -0.00513074 -0.00953155 -0.034552 0.00995304 0.0194063 -0.0195869
internal_weight=7928 4502 3877 947 3426 2178 744
internal_count=7928 4502 3877 947 3426 2178 744
is_linear=0
shrinkage=0.02


Tree=397
num_leaves=8
num_cat=1
split_feature=12 64 33 42 52 37 2
split_gain=1293.99 1352.03 1497.64 1408.19 1526.59 1569.85 1113.48
threshold=79.110000000000014 4.5000000000000009 4.5000000000000009 77.75500000000001 33.815000000000005 1.4166500000000002 0
decision_type=2 2 2 2 2 2 1
left_child=1 2 3 4 5 6 -1
right_child=-2 -3 -4 -5 -6 -7 -8
leaf_value=-0.010592146421601969 0.026325230285764764 0.025215218589309116 0.024713178127435582 0.018735987475662543 -0.0064141981146609997 -0.13049060433730483 -0.046693012113971533
leaf_weight=856 594 570 552 630 4131 55 582
leaf_count=856 594 570 552 630 4131 55 582
internal_value=-0.00194732 -0.00424044 -0.00672404 -0.00951633 -0.012695 -0.0299939 -0.0257114
internal_weight=7970 7376 6806 6254 5624 1493 1438
internal_count=7970 7376 6806 6254 5624 1493 1438
cat_boundaries=0 1
cat_threshold=226
is_linear=0
shrinkage=0.02


Tree=398
num_leaves=8
num_cat=0
split_feature=8 55 32 45 64 55 21
split_gain=1214.89 1214.68 1126.02 1307.68 1406.4 1142.58 989.06
threshold=50.695000000000007 55.055000000000007 1.0000000180025095e-35 1.0000000180025095e-35 1.0000000180025095e-35 40.395000000000003 398236.40000000008
decision_type=2 2 2 2 2 2 10
left_child=1 2 3 4 -1 -5 -3
right_child=-2 6 -4 5 -6 -7 -8
leaf_value=-0.079403739319163918 -0.023658357765976565 -0.022916443762422647 -0.0041548530645455772 0.023003394849881342 0.029624670764611137 -0.0067587878256291402 0.031753112081583448
leaf_weight=44 701 958 2225 785 1689 1483 149
leaf_count=44 701 958 2225 785 1689 1483 149
internal_value=0.00140096 0.003811 0.00724502 0.0135819 0.026636 0.00357044 -0.0154483
internal_weight=8034 7333 6226 4001 1733 2268 1107
internal_count=8034 7333 6226 4001 1733 2268 1107
is_linear=0
shrinkage=0.02


Tree=399
num_leaves=8
num_cat=0
split_feature=16 64 12 33 8 17 64
split_gain=1855.88 1316.34 1268.05 1530.07 1127.42 1708.29 1070.62
threshold=0.26805000000000007 1.0000000180025095e-35 42.865000000000002 1.5000000000000002 47.245000000000012 3966.1000000000008 2.5000000000000004
decision_type=2 2 2 2 2 2 2
left_child=-1 -2 3 -3 6 -6 -4
right_child=1 2 4 -5 5 -7 -8
leaf_value=-0.033842033883648932 -0.094049506671726707 -0.031405471298412806 0.031856926357188418 0.0013471742563261194 -0.1237982491210655 -0.0045880703657998571 0.007695023549373058
leaf_weight=601 51 730 1021 2548 49 443 2591
leaf_count=601 51 730 1021 2548 49 443 2591
internal_value=-0.000186317 0.00255586 0.00328648 -0.00598346 0.010689 -0.0175866 0.0145594
internal_weight=8034 7433 7382 3278 4104 492 3612
internal_count=8034 7433 7382 3278 4104 492 3612
is_linear=0
shrinkage=0.02


Tree=400
num_leaves=8
num_cat=1
split_feature=8 9 54 10 41 38 4
split_gain=1227.98 1873.55 1777.4 1603.25 1749.22 1203.58 1188.67
threshold=25.515000000000004 10.500000000000002 82.955000000000013 40382.400000000001 29.600000000000005 4348.2000000000007 0
decision_type=2 2 2 2 2 8 1
left_child=2 3 -1 4 -2 -6 -7
right_child=1 -3 -4 -5 5 6 -8
leaf_value=0.023811362095752072 -0.074844323370133095 0.024281412210749208 -0.0034957014995035565 -0.00059560190338422264 -0.055513263226109708 -0.031809430109442406 0.008715838069370551
leaf_weight=1568 263 594 2418 1746 284 515 630
leaf_count=1568 263 594 2418 1746 284 515 630
internal_value=-0.000604766 -0.00838178 0.00726264 -0.0140522 -0.0278956 -0.0190241 -0.00977155
internal_weight=8018 4032 3986 3438 1692 1429 1145
internal_count=8018 4032 3986 3438 1692 1429 1145
cat_boundaries=0 1
cat_threshold=1
is_linear=0
shrinkage=0.02


Tree=401
num_leaves=8
num_cat=0
split_feature=64 41 8 17 21 43 65
split_gain=1513.97 1256.15 1224.43 1272.39 1107.62 1016.3 1331.86
threshold=1.0000000180025095e-35 11.815000000000001 54.410000000000004 20835.050000000003 233400.55000000002 1.0000000180025095e-35 0.58571428571428574
decision_type=2 2 2 2 8 2 2
left_child=-1 -2 5 -4 -5 6 -3
right_child=1 2 3 4 -6 -7 -8
leaf_value=-0.10123235534491209 -0.049216592800415432 -0.025489072658080422 -0.055577877941475791 -0.080274122538773904 0.029197350268168422 0.0088496288154375092 0.0094929928768293145
leaf_weight=53 187 900 279 41 184 5535 835
leaf_count=53 187 900 279 41 184 5535 835
internal_value=0.000580366 0.00132129 0.00256781 -0.0274232 0.00793778 0.00466439 -0.00867442
internal_weight=8014 7961 7774 504 225 7270 1735
internal_count=8014 7961 7774 504 225 7270 1735
is_linear=0
shrinkage=0.02


Tree=402
num_leaves=8
num_cat=1
split_feature=16 9 30 2 41 22 55
split_gain=1818.03 1456.68 1544.84 1444.77 1502.22 1219.18 1257.34
threshold=0.72825000000000006 1.5000000000000002 1.0000000180025095e-35 0 24.235000000000003 18152.450000000004 59.205000000000005
decision_type=2 2 2 1 2 2 2
left_child=1 5 3 4 -3 6 -1
right_child=-2 2 -4 -5 -6 -7 -8
leaf_value=-0.00076032566041092707 0.035784832668909132 -0.083198560969904065 0.020240432211281953 0.0046003869161233201 -0.013434347334421344 -0.041188191003778435 -0.074174253534119911
leaf_weight=1228 547 135 1552 2853 1075 573 96
leaf_count=1228 547 135 1552 2853 1075 573 96
internal_value=0.000752572 -0.00182047 0.00330096 -0.00318657 -0.0213526 -0.0169484 -0.00634242
internal_weight=8059 7512 5615 4063 1210 1897 1324
internal_count=8059 7512 5615 4063 1210 1897 1324
cat_boundaries=0 1
cat_threshold=73
is_linear=0
shrinkage=0.02


Tree=403
num_leaves=8
num_cat=0
split_feature=40 9 38 14 34 22 15
split_gain=1174.36 1138.61 1397.9 1002.39 1389.59 859.612 816.554
threshold=5.6100000000000003 10.500000000000002 2500.2000000000003 42.570000000000007 1.5000000000000002 7121.0500000000011 1.5000000000000002
decision_type=2 2 8 2 2 2 2
left_child=-1 3 -3 5 -5 -2 -7
right_child=1 2 -4 4 -6 6 -8
leaf_value=-0.059526247409346505 -0.036763383740239207 0.06988302909885534 0.011198307559821158 -0.070280941556651558 0.0030806452422260456 0.0066548034678961896 -0.011395219995372867
leaf_weight=118 222 187 1072 186 224 4786 1263
leaf_count=118 222 187 1072 186 224 4786 1263
internal_value=0.00180168 0.00274999 0.0201567 -0.000542844 -0.0306462 0.00144817 0.00287975
internal_weight=8058 7940 1259 6681 410 6271 6049
internal_count=8058 7940 1259 6681 410 6271 6049
is_linear=0
shrinkage=0.02


Tree=404
num_leaves=8
num_cat=1
split_feature=55 52 34 41 5 41 41
split_gain=1360.79 1541.42 1481.01 1415.82 1366.27 1561.46 1315.88
threshold=38.355000000000011 72.825000000000003 2.5000000000000004 23.250000000000004 0 72.595000000000013 30.580000000000002
decision_type=2 2 2 2 1 2 2
left_child=-1 2 3 -2 -5 -6 -3
right_child=1 6 -4 4 5 -7 -8
leaf_value=0.013810095882216107 -0.053718052793168623 0.097389369349926702 0.0086500811610482082 0.014436234436657059 -0.023074884488279955 0.018276576456390893 0.01160232879487152
leaf_weight=1816 351 75 1335 642 2679 419 696
leaf_count=1816 351 75 1335 642 2679 419 696
internal_value=-0.00139175 -0.00585412 -0.00961731 -0.0155817 -0.0119357 -0.0174056 0.0205211
internal_weight=8013 6197 5426 4091 3740 3098 771
internal_count=8013 6197 5426 4091 3740 3098 771
cat_boundaries=0 1
cat_threshold=1
is_linear=0
shrinkage=0.02


Tree=405
num_leaves=8
num_cat=0
split_feature=40 9 66 34 57 46 20
split_gain=1107.89 1535.55 1291.27 870.504 1032.66 1175.04 1005.38
threshold=72.590000000000018 3.5000000000000004 1.0000000180025095e-35 3.5000000000000004 11.665000000000001 2.5000000000000004 2197420.1500000004
decision_type=2 2 2 2 2 2 8
left_child=1 3 -3 4 5 -1 -7
right_child=-2 2 -4 -5 -6 6 -8
leaf_value=-0.074621613370047676 0.019343195125683655 -0.051845709036474362 0.0088701444151247488 0.022897387730100981 -0.018999602423536648 -0.0090392662169330798 0.070424476773352243
leaf_weight=40 1064 141 3504 255 2792 110 143
leaf_count=40 1064 141 3504 255 2792 110 143
internal_value=0.00038124 -0.00251894 0.00645366 -0.0123059 -0.0152481 0.0202192 0.0363694
internal_weight=8049 6985 3645 3340 3085 293 253
internal_count=8049 6985 3645 3340 3085 293 253
is_linear=0
shrinkage=0.02


Tree=406
num_leaves=8
num_cat=0
split_feature=16 41 9 34 42 54 42
split_gain=1574.46 1461.69 1301.31 1118.24 1112.7 1185.81 1156.94
threshold=0.50155000000000005 59.425000000000004 3.5000000000000004 2.5000000000000004 9.1200000000000028 83.065000000000012 41.035000000000004
decision_type=2 2 2 2 2 2 2
left_child=1 2 3 -1 -2 -6 -7
right_child=4 -3 -4 -5 5 6 -8
leaf_value=-0.045012087643462151 -0.058686453973760412 0.0075967896929372818 -0.0067037795914357649 -0.00050889243035052425 0.025178585724786894 0.022971534880169869 -0.0076675472808864029
leaf_weight=892 93 1312 1741 302 1271 691 1685
leaf_count=892 93 1312 1741 302 1271 691 1685
internal_value=-0.00160476 -0.00993224 -0.0177676 -0.0338049 0.00785224 0.00962703 0.00127259
internal_weight=7987 4247 2935 1194 3740 3647 2376
internal_count=7987 4247 2935 1194 3740 3647 2376
is_linear=0
shrinkage=0.02


Tree=407
num_leaves=8
num_cat=0
split_feature=33 16 8 31 10 47 21
split_gain=1196.55 1203.5 1306.74 1091.19 1064.18 1536.92 1208.89
threshold=5.5000000000000009 0.57745000000000013 38.595000000000006 1.0000000180025095e-35 41018.200000000004 6.5000000000000009 181912.75000000003
decision_type=2 2 2 2 2 2 10
left_child=1 2 -1 4 6 -6 -4
right_child=-2 -3 3 -5 5 -7 -8
leaf_value=-0.0022595414096089283 0.043064328755583033 0.0097927544538721507 -0.031754216816690238 -0.0098162342094900937 -0.068218379672064761 0.035540918228834609 -0.12205580330320767
leaf_weight=4239 237 2358 121 655 111 108 121
leaf_count=4239 237 2358 121 655 111 108 121
internal_value=-0.000727044 -0.00209966 -0.00734057 -0.0265441 -0.0499512 -0.0173983 -0.0784618
internal_weight=7950 7713 5355 1116 461 219 242
internal_count=7950 7713 5355 1116 461 219 242
is_linear=0
shrinkage=0.02


Tree=408
num_leaves=8
num_cat=2
split_feature=45 9 16 7 10 33 4
split_gain=1227.83 1144.18 1172.84 1220.06 1165.96 1081.87 907.507
threshold=1.0000000180025095e-35 4.5000000000000009 0.44655000000000006 0 15445.900000000003 4.5000000000000009 1
decision_type=2 2 2 1 2 2 1
left_child=1 5 3 -3 -4 -1 -5
right_child=-2 2 4 6 -6 -7 -8
leaf_value=-0.0052250939837122853 -0.0062590974092486601 -0.02697465497766011 0.089596398585034834 -0.0083824443437305156 0.027405032861143448 0.047455077258902689 0.048765703682968418
leaf_weight=1765 4495 287 147 189 629 166 253
leaf_count=1765 4495 287 147 189 629 166 253
internal_value=0.00061829 0.00961136 0.0226532 0.00437717 0.0396843 -0.000585536 0.024856
internal_weight=7931 3436 1505 729 776 1931 442
internal_count=7931 3436 1505 729 776 1931 442
cat_boundaries=0 1 2
cat_threshold=12 1
is_linear=0
shrinkage=0.02


Tree=409
num_leaves=8
num_cat=1
split_feature=12 51 51 43 47 3 53
split_gain=1348.64 914.364 973.677 861.545 1291.05 1160.07 1032.21
threshold=22.085000000000004 32.095000000000006 33.515000000000008 1.0000000180025095e-35 4.5000000000000009 0 73.625000000000014
decision_type=2 2 2 2 2 1 2
left_child=1 -1 -3 4 5 6 -2
right_child=3 2 -4 -5 -6 -7 -8
leaf_value=-0.033078268570915517 0.034753823401589022 0.087370632254347505 -0.0066644189585376226 0.0087997102734536856 0.0049630442739363456 -0.050743041101064701 -0.071607190271218618
leaf_weight=693 148 44 431 5112 1112 387 43
leaf_count=693 148 44 431 5112 1112 387 43
internal_value=0.00129657 -0.0185108 0.00286557 0.00470888 -0.00765474 -0.0317642 0.00912714
internal_weight=7970 1168 475 6802 1690 578 191
internal_count=7970 1168 475 6802 1690 578 191
cat_boundaries=0 1
cat_threshold=1
is_linear=0
shrinkage=0.02


Tree=410
num_leaves=8
num_cat=0
split_feature=16 8 55 0 17 37 33
split_gain=1499.83 1118.49 1203.38 1377.74 1120.91 1033.66 950.852
threshold=0.35085000000000005 54.410000000000004 55.475000000000001 54.500000000000007 20595.850000000002 0.9285500000000001 3.5000000000000004
decision_type=2 2 2 2 2 2 2
left_child=5 2 3 -2 -3 -1 -7
right_child=1 4 -4 -5 -6 6 -8
leaf_value=-0.012931276245089789 0.0041046012835612598 -0.055698266975776928 -0.016653612636170732 0.030888178959928302 0.0095328686513527425 -0.10414695573325204 -0.0060494337220427024
leaf_weight=1458 4196 243 847 936 181 96 66
leaf_count=1458 4196 243 847 936 181 96 66
internal_value=-0.00121905 0.00313363 0.0053677 0.00901483 -0.0280654 -0.0183796 -0.065559
internal_weight=8023 6403 5979 5132 424 1620 162
internal_count=8023 6403 5979 5132 424 1620 162
is_linear=0
shrinkage=0.02


Tree=411
num_leaves=8
num_cat=2
split_feature=38 45 64 52 3 2 0
split_gain=1473.07 996.964 1244.8 1451.24 1406.36 1697.73 1171.23
threshold=17351.150000000005 1.0000000180025095e-35 3.5000000000000004 33.815000000000005 0 1 27.500000000000004
decision_type=8 2 2 2 1 1 2
left_child=-1 -2 3 6 5 -5 -3
right_child=1 2 -4 4 -6 -7 -8
leaf_value=0.01022256380685823 0.0039220938888817041 0.0042250528528883649 -0.00060357782290657003 0.0025049759303767457 -0.0016851392610710157 -0.098871669577399526 -0.089428742958151786
leaf_weight=3707 1896 69 1176 121 697 144 225
leaf_count=3707 1896 69 1176 121 697 144 225
internal_value=0.000976808 -0.00694498 -0.0154077 -0.0292115 -0.0171455 -0.0549283 -0.0677457
internal_weight=8035 4328 2432 1256 962 265 294
internal_count=8035 4328 2432 1256 962 265 294
cat_boundaries=0 1 2
cat_threshold=8 52
is_linear=0
shrinkage=0.02


Tree=412
num_leaves=8
num_cat=0
split_feature=12 40 64 66 32 17 8
split_gain=1562.51 1052.13 1244.64 1129.46 1528.57 1184.59 1540.97
threshold=77.385000000000005 84.560000000000016 4.5000000000000009 0.68750000000000011 1.0000000180025095e-35 35017.80000000001 33.655000000000008
decision_type=2 2 2 2 2 2 2
left_child=1 2 3 4 5 6 -1
right_child=-2 -3 -4 -5 -6 -7 -8
leaf_value=-1.9629981261313582e-05 0.02672716205098799 0.030604598149085886 0.023165894354556325 0.045192891974610828 -0.024895467332527663 0.021942295001881718 -0.028482668321317451
leaf_weight=2857 695 321 531 148 1889 626 1032
leaf_count=2857 695 321 531 148 1889 626 1032
internal_value=-0.00183633 -0.00453376 -0.00614668 -0.00853815 -0.00981419 -0.00348388 -0.00759957
internal_weight=8099 7404 7083 6552 6404 4515 3889
internal_count=8099 7404 7083 6552 6404 4515 3889
is_linear=0
shrinkage=0.02


Tree=413
num_leaves=8
num_cat=0
split_feature=64 12 40 33 41 54 40
split_gain=1338.52 1368.15 1240.68 1121.27 1172.03 1230.09 1164.35
threshold=1.0000000180025095e-35 79.555000000000021 5.6100000000000003 1.0000000180025095e-35 67.365000000000023 83.485000000000014 87.625000000000014
decision_type=2 2 2 2 2 2 2
left_child=-1 2 -2 4 5 -4 -5
right_child=1 -3 3 6 -6 -7 -8
leaf_value=-0.091615995442807033 -0.067733004406631533 0.030707579268886991 0.0023915312347704905 -6.7211187448803621e-05 0.036572279593387207 -0.081390375843414894 0.045320149307760106
leaf_weight=58 106 568 109 6685 72 190 229
leaf_count=58 106 568 109 6685 72 190 229
internal_value=0.00020919 0.000935451 -0.00137176 -0.000360377 -0.0339958 -0.0513108 0.00146774
internal_weight=8017 7959 7391 7285 371 299 6914
internal_count=8017 7959 7391 7285 371 299 6914
is_linear=0
shrinkage=0.02


Tree=414
num_leaves=8
num_cat=0
split_feature=8 17 45 12 22 9 13
split_gain=1252.67 1683.81 1327.54 1321.29 1987.26 1156.35 989.309
threshold=54.410000000000004 20595.850000000002 1.0000000180025095e-35 31.675000000000004 26939.100000000002 5.5000000000000009 337.25000000000006
decision_type=2 2 2 2 2 2 2
left_child=2 5 -1 4 -4 6 -2
right_child=1 -3 3 -5 -6 -7 -8
leaf_value=0.011351200311990049 -0.037757219623116886 0.010422621085657224 -0.016766333192059783 0.0010906842095047495 -0.12088054393288455 -0.0096739918745315824 -0.13495960506446222
leaf_weight=3209 80 222 1071 3116 74 106 97
leaf_count=3209 80 222 1071 3116 74 106 97
internal_value=-0.00042437 -0.0307512 0.00164504 -0.00566951 -0.0239914 -0.0626703 -0.0932706
internal_weight=7975 505 7470 4261 1145 283 177
internal_count=7975 505 7470 4261 1145 283 177
is_linear=0
shrinkage=0.02


Tree=415
num_leaves=8
num_cat=0
split_feature=64 9 38 10 8 0 38
split_gain=974.549 938.88 1044.12 889.554 981.73 970.713 1037.23
threshold=1.0000000180025095e-35 21.500000000000004 8551.5500000000011 14569.450000000003 8.3950000000000014 36.500000000000007 15953.100000000002
decision_type=2 2 10 2 2 2 8
left_child=-1 3 -3 5 -5 6 -2
right_child=1 2 -4 4 -6 -7 -8
leaf_value=-0.080516909732151837 0.039867868786178796 0.077384670428705948 -0.011283045877581057 0.052875912987077847 0.0020488518795094917 -0.027127610825516596 -0.012751553373053571
leaf_weight=54 219 127 87 151 5966 893 448
leaf_count=54 219 127 87 151 5966 893 448
internal_value=0.000465652 0.00107047 0.0419029 -9.42865e-05 0.00334569 -0.0135506 0.00469338
internal_weight=7945 7891 214 7677 6117 1560 667
internal_count=7945 7891 214 7677 6117 1560 667
is_linear=0
shrinkage=0.02


Tree=416
num_leaves=8
num_cat=0
split_feature=64 52 41 17 41 38 43
split_gain=1117.21 1055.82 1473.35 1262.48 1091.17 1316.51 1299.51
threshold=1.0000000180025095e-35 72.425000000000026 30.580000000000002 3414.2000000000003 72.595000000000013 16347.400000000003 1.0000000180025095e-35
decision_type=2 2 2 2 2 8 2
left_child=-1 4 -3 -4 5 -2 -7
right_child=1 2 3 -5 -6 6 -8
leaf_value=-0.088675283795053308 0.0061324251257974015 0.094548029121277591 0.068449557342921657 0.0030645555388768139 0.019939242663368769 -0.034048888333533471 -0.0052271327353904133
leaf_weight=50 2791 93 134 790 866 832 2489
leaf_count=50 2791 93 134 790 866 832 2489
internal_value=0.00115743 0.00177431 0.0207598 0.0128642 -0.00100559 -0.00398711 -0.0124881
internal_weight=8045 7995 1017 924 6978 6112 3321
internal_count=8045 7995 1017 924 6978 6112 3321
is_linear=0
shrinkage=0.02


Tree=417
num_leaves=8
num_cat=0
split_feature=33 43 64 45 51 22 32
split_gain=1178.77 1309.67 989.684 1366.8 1408.23 1035.52 1067.38
threshold=5.5000000000000009 1.0000000180025095e-35 2.5000000000000004 1.0000000180025095e-35 12.555000000000001 21958.350000000002 1.0000000180025095e-35
decision_type=2 2 2 2 2 2 2
left_child=1 -1 3 4 -3 6 -6
right_child=-2 2 -4 -5 5 -7 -8
leaf_value=-0.015416071046189046 0.042816806018514474 -0.011462786745855477 -0.00042242398346810817 -0.02758578252627622 0.040130527155364255 0.09490493867798408 -0.058851770017451302
leaf_weight=1908 248 241 4698 194 539 128 43
leaf_count=1908 248 241 4698 194 539 128 43
internal_value=0.000334097 -0.0010519 0.00364781 0.0202774 0.0301346 0.0442356 0.0323784
internal_weight=7999 7751 5843 1145 951 710 582
internal_count=7999 7751 5843 1145 951 710 582
is_linear=0
shrinkage=0.02


Tree=418
num_leaves=8
num_cat=0
split_feature=16 57 48 8 38 33 58
split_gain=1226.54 999.481 1171.72 1305.81 1506.66 1276.4 965.705
threshold=0.26805000000000007 41.805000000000007 4.5000000000000009 30.485000000000003 4052.7000000000003 1.5000000000000002 43.975000000000001
decision_type=2 2 2 2 8 2 2
left_child=-1 -2 3 4 -3 6 -4
right_child=1 2 5 -5 -6 -7 -8
leaf_value=-0.026873536431947006 0.0079086620656004906 0.074010649626586766 -0.075993175231629892 -0.018669828931693125 0.0072674415287689491 -0.010878610832990783 0.02758572620815701
leaf_weight=619 4661 163 226 569 702 946 40
leaf_count=619 4661 163 226 569 702 946 40
internal_value=4.15451e-05 0.00233843 -0.0074701 0.00476399 0.0201976 -0.0219052 -0.0601958
internal_weight=7926 7307 2646 1434 865 1212 266
internal_count=7926 7307 2646 1434 865 1212 266
is_linear=0
shrinkage=0.02


Tree=419
num_leaves=8
num_cat=0
split_feature=16 9 16 42 45 64 56
split_gain=1502.48 1479.19 996.278 1012.73 992.319 1119.09 902.525
threshold=0.32955000000000007 3.5000000000000004 0.72145000000000015 4.6300000000000017 1.0000000180025095e-35 3.5000000000000004 41.115000000000002
decision_type=2 2 2 2 2 2 2
left_child=6 2 3 -2 5 -3 -1
right_child=1 4 -4 -5 -6 -7 -8
leaf_value=-0.0064588566848978717 -0.097555531011177948 0.032698502930067173 0.022324220342048447 -0.0084740182788870921 0.0027250886622607433 -0.015737673554389753 -0.040597841943436366
leaf_weight=753 47 1217 431 2984 1736 223 524
leaf_count=753 47 1217 431 2984 1736 223 524
internal_value=-0.000748318 0.00307773 -0.00596146 -0.0100137 0.0129248 0.0251691 -0.020571
internal_weight=7915 6638 3462 3031 3176 1440 1277
internal_count=7915 6638 3462 3031 3176 1440 1277
is_linear=0
shrinkage=0.02


Tree=420
num_leaves=8
num_cat=1
split_feature=44 38 47 38 38 7 8
split_gain=913.006 956.123 1310.68 1106.27 1006.06 886.678 1065.83
threshold=1.0000000180025095e-35 3053.1000000000008 3.5000000000000004 8776.0500000000011 2590.2000000000003 0 28.245000000000001
decision_type=2 10 2 10 10 1 2
left_child=1 4 -3 -4 -1 6 -2
right_child=5 2 3 -5 -6 -7 -8
leaf_value=-0.022476839354566312 -0.0010041988955727264 -0.047417822924908253 0.048848692828796773 -0.0069208506966893226 -0.11799933834278838 0.0053084720854413249 -0.061521197026983526
leaf_weight=839 330 155 246 326 42 5890 175
leaf_count=839 330 155 246 326 42 5890 175
internal_value=-0.000274319 -0.0137217 0.00325597 0.0172794 -0.0276709 0.00311505 -0.0219427
internal_weight=8003 1608 727 572 881 6395 505
internal_count=8003 1608 727 572 881 6395 505
cat_boundaries=0 1
cat_threshold=32
is_linear=0
shrinkage=0.02


Tree=421
num_leaves=8
num_cat=0
split_feature=12 41 43 41 55 40 38
split_gain=1205.42 1511.74 892.375 822.13 816.828 1407.67 1650.16
threshold=14.375000000000002 29.290000000000003 1.0000000180025095e-35 71.760000000000005 55.685000000000009 34.775000000000013 9554.2000000000025
decision_type=2 2 2 2 2 2 8
left_child=1 -1 4 -3 5 6 -2
right_child=2 3 -4 -5 -6 -7 -8
leaf_value=-0.10372610493167037 0.016860570554347601 -0.025321192451090237 0.0060555538380537349 0.035108278298431689 -0.044892930099304687 0.0074081817982316802 -0.061051210000098326
leaf_weight=82 165 480 5570 106 230 1108 304
leaf_count=82 165 480 5570 106 230 1108 304
internal_value=-0.000242395 -0.0258662 0.00209383 -0.0141857 -0.010101 -0.0049009 -0.0337522
internal_weight=8045 668 7377 586 1807 1577 469
internal_count=8045 668 7377 586 1807 1577 469
is_linear=0
shrinkage=0.02


Tree=422
num_leaves=8
num_cat=0
split_feature=42 64 34 42 8 43 49
split_gain=1073.48 1302.89 1060.82 1539.96 1073.85 904.101 880.392
threshold=81.935000000000016 2.5000000000000004 3.5000000000000004 28.755000000000006 54.410000000000004 1.0000000180025095e-35 34.500000000000007
decision_type=2 2 2 2 2 2 2
left_child=2 -2 4 -4 5 6 -1
right_child=1 -3 3 -5 -6 -7 -8
leaf_value=-0.0065079234552145749 0.084912083877169572 0.0094621525628661562 0.086694610393964325 0.0060500780086003656 -0.037306972522948623 0.00047203926930410993 -0.037677223512350963
leaf_weight=1111 110 457 112 502 407 4720 535
leaf_count=1111 110 457 112 502 407 4720 535
internal_value=-0.00168383 0.024714 -0.00372537 0.0213419 -0.0060119 -0.00398339 -0.0167223
internal_weight=7954 567 7387 614 6773 6366 1646
internal_count=7954 567 7387 614 6773 6366 1646
is_linear=0
shrinkage=0.02


Tree=423
num_leaves=8
num_cat=0
split_feature=16 47 56 9 8 17 9
split_gain=1437.47 1615.43 1326.68 1249.05 1302.14 1546.93 1346.75
threshold=0.72825000000000006 7.5000000000000009 39.445000000000007 21.500000000000004 50.695000000000007 4600.7500000000009 4.5000000000000009
decision_type=2 2 2 2 2 2 2
left_child=3 2 -2 4 -1 -6 -7
right_child=1 -3 -4 -5 5 6 -8
leaf_value=0.00062858341523997668 0.014415902890652031 -0.0095991599262924866 0.09442286127821152 0.045931243264182867 -0.1127292034870539 -0.045293677786779077 0.01603516729781404
leaf_weight=6616 149 219 188 219 73 310 259
leaf_count=6616 149 219 188 219 73 310 259
internal_value=0.00173138 0.0326086 0.0597768 -0.000584958 -0.00201917 -0.0290991 -0.0174812
internal_weight=8033 556 337 7477 7258 642 569
internal_count=8033 556 337 7477 7258 642 569
is_linear=0
shrinkage=0.02


Tree=424
num_leaves=8
num_cat=0
split_feature=52 45 64 54 64 41 40
split_gain=1416.9 1311.11 1401.62 1279.27 1032.55 1212.79 990.881
threshold=30.840000000000003 1.0000000180025095e-35 1.0000000180025095e-35 73.02500000000002 2.5000000000000004 54.695000000000007 58.175000000000004
decision_type=2 2 2 2 2 2 2
left_child=6 2 -2 -3 5 -4 -1
right_child=1 3 4 -5 -6 -7 -8
leaf_value=-0.024987604242529923 -0.090931139965446633 0.027914627291640993 0.014746301794026178 -0.0073030444584650843 0.0055153070069364693 0.054722947700758175 0.014320318575709968
leaf_weight=1191 44 467 799 3274 1455 490 323
leaf_count=1191 44 467 799 3274 1455 490 323
internal_value=0.000817783 0.0048622 0.0152312 -0.00287533 0.0170958 0.0300957 -0.016582
internal_weight=8043 6529 2788 3741 2744 1289 1514
internal_count=8043 6529 2788 3741 2744 1289 1514
is_linear=0
shrinkage=0.02


Tree=425
num_leaves=8
num_cat=0
split_feature=16 37 51 10 0 52 51
split_gain=1326.11 1100.59 1632.68 1329.57 1025.62 996.556 1083.83
threshold=0.36255000000000004 0.9285500000000001 24.715000000000003 14237.750000000002 29.500000000000004 17.585000000000004 44.565000000000005
decision_type=2 2 2 2 2 2 2
left_child=1 3 -3 -1 -5 6 -2
right_child=5 2 -4 4 -6 -7 -8
leaf_value=-0.047039965077545667 -0.041339452915795077 -0.10988164554483124 0.010987237554330091 -0.074987760771893799 0.0026130872107766137 0.0059452723873594472 0.039908636013818222
leaf_weight=314 338 107 73 67 1262 5753 77
leaf_count=314 338 107 73 67 1262 5753 77
internal_value=-0.00065256 -0.0156148 -0.0618905 -0.0103726 -0.00156547 0.00377871 -0.0259689
internal_weight=7991 1823 180 1643 1329 6168 415
internal_count=7991 1823 180 1643 1329 6168 415
is_linear=0
shrinkage=0.02


Tree=426
num_leaves=8
num_cat=0
split_feature=16 52 33 16 14 48 21
split_gain=1567.94 1138.24 1286.19 1147.32 1416.23 1238.07 927.405
threshold=0.77885000000000015 59.07500000000001 5.5000000000000009 0.32955000000000007 43.180000000000007 7.5000000000000009 312532.10000000003
decision_type=2 2 2 2 2 2 10
left_child=1 2 3 6 -5 -6 -1
right_child=-2 -3 -4 4 5 -7 -8
leaf_value=-0.040426757484788731 0.048691241093424723 0.010948346116153293 0.050189075444359334 -0.00032692453946556399 -0.020837138818945 -0.12392855066416869 0.0051179028436169026
leaf_weight=647 263 2384 155 4041 162 62 245
leaf_count=647 263 2384 155 4041 162 62 245
internal_value=0.00113644 -0.00051924 -0.00567129 -0.00739723 -0.00306926 -0.0514542 -0.0279585
internal_weight=7959 7696 5312 5157 4265 224 892
internal_count=7959 7696 5312 5157 4265 224 892
is_linear=0
shrinkage=0.02


Tree=427
num_leaves=8
num_cat=0
split_feature=16 44 12 12 40 45 54
split_gain=1502.26 1553.61 1312.47 1200.02 1567.63 1113.84 1338.86
threshold=0.57745000000000013 1.0000000180025095e-35 41.70000000000001 67.38000000000001 18.925000000000004 1.0000000180025095e-35 84.455000000000013
decision_type=2 2 2 2 2 2 2
left_child=1 2 -1 4 -2 -6 -7
right_child=3 -3 -4 -5 5 6 -8
leaf_value=-0.049958077254527736 -0.065498790833613152 -0.00056216191415117635 -0.006918772986844182 0.042430517791224878 0.027855391619937688 0.026588855977804617 -0.019922581201244186
leaf_weight=520 110 4454 620 444 829 384 676
leaf_count=520 110 4454 620 444 829 384 676
internal_value=-0.000190597 -0.00590443 -0.0266832 0.0128783 0.00622496 0.0105635 -0.00302743
internal_weight=8037 5594 1140 2443 1999 1889 1060
internal_count=8037 5594 1140 2443 1999 1889 1060
is_linear=0
shrinkage=0.02


Tree=428
num_leaves=8
num_cat=1
split_feature=16 12 10 2 54 9 13
split_gain=1389.6 901.067 985.414 1355.89 1275.22 913.11 851.008
threshold=0.50155000000000005 41.945000000000007 12355.400000000001 0 87.685000000000016 2.5000000000000004 354.35000000000008
decision_type=2 2 2 1 2 2 2
left_child=1 2 3 4 -1 6 -4
right_child=-2 -3 5 -5 -6 -7 -8
leaf_value=-0.048959210900699393 0.009357321648232551 0.00079295949903480933 -0.01588473448605645 -0.079300545627251279 0.081952542628882075 -0.00094205564604487907 -0.073050036107987368
leaf_weight=63 3711 2378 339 195 48 1079 148
leaf_count=63 3711 2378 339 195 48 1079 148
internal_value=0.00042184 -0.00738224 -0.0177416 -0.0502857 0.00804967 -0.0112426 -0.0338232
internal_weight=7961 4250 1872 306 111 1566 487
internal_count=7961 4250 1872 306 111 1566 487
cat_boundaries=0 1
cat_threshold=38
is_linear=0
shrinkage=0.02


Tree=429
num_leaves=8
num_cat=0
split_feature=12 42 54 16 41 23 22
split_gain=1332.36 1249.98 1280.38 1137.93 1376.74 967.307 1187.83
threshold=19.995000000000001 9.1200000000000028 82.465000000000018 0.60625000000000007 32.395000000000003 17.550000000000004 28469.050000000003
decision_type=2 2 2 2 2 2 2
left_child=5 2 -2 -3 -5 6 -1
right_child=1 3 -4 4 -6 -7 -8
leaf_value=-0.0074597629517240242 -0.10012544270879344 -0.00090045179725548497 -0.00067900844160936967 0.062012878180038734 0.010549052341442022 -0.064897607467323551 -0.1088987456505396
leaf_weight=822 90 5146 114 239 1430 170 44
leaf_count=822 90 5146 114 239 1430 170 44
internal_value=-0.000846682 0.00228333 -0.0458982 0.00375818 0.0180819 -0.0219619 -0.0132093
internal_weight=8055 7019 204 6815 1669 1036 866
internal_count=8055 7019 204 6815 1669 1036 866
is_linear=0
shrinkage=0.02


Tree=430
num_leaves=8
num_cat=0
split_feature=8 17 16 17 47 51 31
split_gain=1336.34 1164.03 1114.59 1363.95 1556.57 1068.7 928.069
threshold=54.410000000000004 20595.850000000002 0.72145000000000015 3784.5500000000006 6.5000000000000009 10.540000000000001 1.0000000180025095e-35
decision_type=2 2 2 2 2 2 2
left_child=2 -2 6 -4 -5 -6 -1
right_child=1 -3 3 4 5 -7 -8
leaf_value=-0.0092465220755349759 -0.058351878101724042 0.0009350501932948828 0.08915570559409948 0.048889934583143752 -0.088627783877508984 0.0033808391931894667 0.005581349937473095
leaf_weight=2884 283 245 112 237 65 180 4058
leaf_count=2884 283 245 112 237 65 180 4058
internal_value=-0.000486264 -0.0310911 0.00167722 0.0278532 0.0128396 -0.022314 -0.000580996
internal_weight=8064 528 7536 594 482 245 6942
internal_count=8064 528 7536 594 482 245 6942
is_linear=0
shrinkage=0.02


Tree=431
num_leaves=8
num_cat=1
split_feature=12 66 14 32 7 54 49
split_gain=1065.89 1344.29 1395.82 1243.82 948.913 1016.22 1189.97
threshold=47.345000000000006 0.18750000000000003 43.775000000000006 1.0000000180025095e-35 0 82.955000000000013 24.500000000000004
decision_type=2 2 2 2 1 2 2
left_child=1 2 3 4 -1 6 -6
right_child=-2 -3 -4 -5 5 -7 -8
leaf_value=-0.067137745164208493 0.0075108461100615465 -0.0010562269565001421 -0.13355869262168804 -0.095284416535321409 -0.022506338781285509 -0.02248702948881541 0.067010836556882544
leaf_weight=103 3796 3264 43 80 102 469 131
leaf_count=103 3796 3264 43 80 102 469 131
internal_value=-0.000161377 -0.00710951 -0.0282806 -0.0224438 -0.0146615 -0.00551403 0.0281735
internal_weight=7988 4192 928 885 805 702 233
internal_count=7988 4192 928 885 805 702 233
cat_boundaries=0 1
cat_threshold=32
is_linear=0
shrinkage=0.02


Tree=432
num_leaves=8
num_cat=0
split_feature=16 14 38 34 52 18 64
split_gain=1497.62 1192.24 1432.41 1603.18 1265.22 1180.66 1102.35
threshold=0.26805000000000007 43.180000000000007 37592.350000000013 1.5000000000000002 17.585000000000004 332083.00000000006 2.5000000000000004
decision_type=2 2 8 2 2 2 2
left_child=-1 4 -3 -4 5 -2 -6
right_child=1 2 3 -5 6 -7 -8
leaf_value=-0.028651189900621647 -0.04505035202479226 0.0048357458090111287 -0.12365649829892551 -0.0074076639162866699 0.020764643437672325 0.02525159962132181 0.0025999488997087605
leaf_weight=619 343 226 97 90 1884 128 4574
leaf_count=619 343 226 97 90 1884 128 4574
internal_value=0.00109623 0.00362201 -0.0291857 -0.0693578 0.00559713 -0.0258804 0.00791112
internal_weight=7961 7342 413 187 6929 471 6458
internal_count=7961 7342 413 187 6929 471 6458
is_linear=0
shrinkage=0.02


Tree=433
num_leaves=8
num_cat=0
split_feature=38 41 64 23 41 51 64
split_gain=1099.77 1143.69 1077.61 1153.29 1111.96 1011.24 1264.32
threshold=17351.150000000005 63.215000000000011 4.5000000000000009 4.3500000000000005 36.815000000000005 12.555000000000001 2.5000000000000004
decision_type=8 2 2 2 2 2 2
left_child=-1 2 3 4 -2 -5 -7
right_child=1 -3 -4 5 -6 6 -8
leaf_value=0.0068033251361916507 0.083533211212332661 0.0094174323626564221 0.031093460192417051 -0.043557925881658965 -0.0040198353810770677 0.0067162588604926824 -0.025925705176116629
leaf_weight=3777 77 1110 193 616 197 732 1336
leaf_count=3777 77 1110 193 616 197 732 1336
internal_value=-0.0010495 -0.00801015 -0.0141545 -0.0171543 0.0216406 -0.0211476 -0.0143833
internal_weight=8038 4261 3151 2958 274 2684 2068
internal_count=8038 4261 3151 2958 274 2684 2068
is_linear=0
shrinkage=0.02


Tree=434
num_leaves=8
num_cat=0
split_feature=52 44 66 23 67 14 64
split_gain=968.468 1343.2 1365.33 971.64 1171.2 887.15 1132.62
threshold=59.07500000000001 1.0000000180025095e-35 0.56250000000000011 23.250000000000004 8.1313889992493333 34.32500000000001 3.5000000000000004
decision_type=2 2 2 2 2 2 2
left_child=1 2 -1 5 -5 -3 -7
right_child=-2 3 -4 4 -6 6 -8
leaf_value=-0.031343855469396963 0.010621438654731436 0.0014863744440076377 0.04156998787755551 0.0098587833314053141 0.10153635926917196 -0.052493436546371064 0.0094855654490466172
leaf_weight=1007 2450 3658 110 188 75 284 197
leaf_count=1007 2450 3658 110 188 75 284 197
internal_value=0.000169541 -0.00447569 -0.0240102 0.000502774 0.0374092 -0.00188464 -0.0272727
internal_weight=7969 5519 1117 4402 263 4139 481
internal_count=7969 5519 1117 4402 263 4139 481
is_linear=0
shrinkage=0.02


Tree=435
num_leaves=8
num_cat=0
split_feature=64 50 9 30 42 12 62
split_gain=1209.61 1116.73 952.414 963.098 1273.4 977.343 860.618
threshold=1.0000000180025095e-35 3.5000000000000004 1.5000000000000002 1.0000000180025095e-35 19.215000000000003 16.425000000000004 1.0000000180025095e-35
decision_type=2 2 2 2 2 2 2
left_child=-1 2 6 4 -4 -6 -2
right_child=1 -3 3 -5 5 -7 -8
leaf_value=-0.088387256591550778 -0.0050107483832759472 0.040276108539766736 -0.040210001422413467 0.016763175275525097 -0.028201916430838147 0.004956348569306033 -0.034102421867193811
leaf_weight=57 1604 265 314 1527 393 3331 541
leaf_count=57 1604 265 314 1527 393 3331 541
internal_value=-0.000388636 0.000295306 -0.00110408 0.00326108 -0.00185926 0.00142398 -0.0124103
internal_weight=8032 7975 7710 5565 4038 3724 2145
internal_count=8032 7975 7710 5565 4038 3724 2145
is_linear=0
shrinkage=0.02


Tree=436
num_leaves=8
num_cat=0
split_feature=16 47 17 52 16 33 0
split_gain=1451.45 1052.49 1075.58 974.68 1044.83 941.154 816.693
threshold=0.72825000000000006 7.5000000000000009 3474.5500000000006 83.715000000000018 0.17090000000000002 5.5000000000000009 23.500000000000004
decision_type=2 2 2 2 2 2 2
left_child=3 -2 -3 4 -1 6 -6
right_child=1 2 -4 -5 5 -7 -8
leaf_value=-0.069862594281105292 0.054194927974983917 0.07713803794648913 -0.024254986233688495 0.029975577474944743 -0.024811734192281217 0.03847037149808738 -0.001725964699176375
leaf_weight=89 326 49 181 358 676 210 6145
leaf_count=89 326 49 181 358 676 210 6145
internal_value=0.000331665 0.0313593 -0.00147223 -0.00199469 -0.0036221 -0.00273456 -0.00403039
internal_weight=8034 556 230 7478 7120 7031 6821
internal_count=8034 556 230 7478 7120 7031 6821
is_linear=0
shrinkage=0.02


Tree=437
num_leaves=8
num_cat=0
split_feature=8 12 55 64 51 41 12
split_gain=1033.18 1321.68 1167.94 1024.82 1746.23 1885.09 1033.2
threshold=47.245000000000012 77.385000000000005 55.055000000000007 2.5000000000000004 8.4750000000000032 68.365000000000023 62.635000000000012
decision_type=2 2 2 2 2 2 2
left_child=1 2 3 4 5 6 -1
right_child=-2 -3 -4 -5 -6 -7 -8
leaf_value=-0.06390708661888278 -0.017717718122257437 0.033643995670263646 -0.017849559758494539 0.00021561478585112979 0.028760082586109639 0.087859874730016663 0.03659525262621733
leaf_weight=211 914 579 979 3921 1345 46 47
leaf_count=211 914 579 979 3921 1345 46 47
internal_value=0.00224357 0.00481377 0.00224115 0.0057852 0.0189879 -0.0240133 -0.0452509
internal_weight=8042 7128 6549 5570 1649 304 258
internal_count=8042 7128 6549 5570 1649 304 258
is_linear=0
shrinkage=0.02


Tree=438
num_leaves=8
num_cat=0
split_feature=64 45 64 41 17 52 48
split_gain=999.087 1133.98 1142.96 1653 1520.06 1041.04 1131.83
threshold=1.0000000180025095e-35 1.0000000180025095e-35 4.5000000000000009 33.255000000000003 2828.2500000000005 15.630000000000001 17.500000000000004
decision_type=2 2 2 2 2 2 2
left_child=-1 -2 3 4 -3 -5 -7
right_child=1 2 -4 5 -6 6 -8
leaf_value=-0.080164390971263252 0.010425460690534679 -0.11087598785758018 0.019946435484037336 -0.051752033780921594 -0.024718267358283499 0.0028287476242702218 -0.048578772813818616
leaf_weight=55 3438 91 639 160 598 2912 177
leaf_count=55 3438 91 639 160 598 2912 177
internal_value=0.0011458 0.00175339 -0.00476488 -0.00879487 -0.0368144 -0.00280546 -0.000190653
internal_weight=8070 8015 4577 3938 689 3249 3089
internal_count=8070 8015 4577 3938 689 3249 3089
is_linear=0
shrinkage=0.02


Tree=439
num_leaves=8
num_cat=0
split_feature=40 45 64 41 51 31 47
split_gain=937.458 931.072 1125.11 1137.11 1610.85 1173.67 956.557
threshold=87.625000000000014 1.0000000180025095e-35 4.5000000000000009 26.915000000000003 44.105000000000011 1.0000000180025095e-35 3.5000000000000004
decision_type=2 2 2 2 2 2 2
left_child=1 -1 3 4 6 -6 -3
right_child=-2 2 -4 -5 5 -7 -8
leaf_value=0.0067499465986140192 0.037174899017051705 -0.012638356163438443 0.018183369871291693 -0.0073750078221349906 -0.042552208920319877 0.09904494924750179 -0.085661417686965613
leaf_weight=3397 260 108 596 3317 40 45 221
leaf_count=3397 260 108 596 3317 40 45 221
internal_value=0.000186867 -0.00108144 -0.00723033 -0.0113089 -0.0423633 0.0337489 -0.0622384
internal_weight=7984 7724 4327 3731 414 85 329
internal_count=7984 7724 4327 3731 414 85 329
is_linear=0
shrinkage=0.02


Tree=440
num_leaves=8
num_cat=1
split_feature=44 41 7 8 31 28 49
split_gain=1269.17 1679.69 1144.99 1183.87 925.166 1261.63 869.555
threshold=1.0000000180025095e-35 15.475000000000003 0 26.625000000000004 1.0000000180025095e-35 1.0000000180025095e-35 6.5000000000000009
decision_type=2 2 1 2 2 2 2
left_child=1 -1 3 -2 5 -3 -6
right_child=2 4 -4 -5 6 -7 -8
leaf_value=-0.10088294528341957 -0.00099770220090644518 -0.045898705029947043 0.0053070274385283688 -0.064177454565808881 -0.084699886984295314 0.018872983961233072 0.0054450743308157032
leaf_weight=85 292 488 5908 195 40 156 872
leaf_count=85 292 488 5908 195 40 156 872
internal_value=-0.00116943 -0.0168318 0.00285964 -0.026159 -0.0119319 -0.0301841 0.00105107
internal_weight=8036 1641 6395 487 1556 644 912
internal_count=8036 1641 6395 487 1556 644 912
cat_boundaries=0 1
cat_threshold=32
is_linear=0
shrinkage=0.02


Tree=441
num_leaves=8
num_cat=0
split_feature=40 8 12 33 40 8 40
split_gain=1107.48 925.662 841.854 884.527 1139.5 1024.3 814.912
threshold=5.6100000000000003 8.5850000000000026 77.385000000000005 1.0000000180025095e-35 52.215000000000011 29.185000000000006 87.625000000000014
decision_type=2 2 2 2 2 2 2
left_child=-1 -2 3 4 -3 -6 -5
right_child=1 2 -4 6 5 -7 -8
leaf_value=-0.057525544917398648 0.03243814278514804 -0.068295882467306057 0.021880446510971884 -0.0016969874479425015 -0.030170651078224184 0.076053345430981023 0.037364844201781634
leaf_weight=124 365 173 641 6403 102 50 216
leaf_count=124 365 173 641 6403 102 50 216
internal_value=0.000606192 0.00154849 4.16483e-05 -0.00198858 -0.0339454 0.00608073 -0.000395028
internal_weight=8074 7950 7585 6944 325 152 6619
internal_count=8074 7950 7585 6944 325 152 6619
is_linear=0
shrinkage=0.02


Tree=442
num_leaves=8
num_cat=0
split_feature=14 33 64 48 52 64 51
split_gain=1149.14 1679.14 1070.84 974.563 842.062 1008.68 1706.35
threshold=43.180000000000007 2.5000000000000004 1.0000000180025095e-35 5.5000000000000009 32.615000000000002 2.5000000000000004 7.5150000000000006
decision_type=2 2 2 2 2 2 2
left_child=2 3 -1 -2 -4 6 -6
right_child=1 -3 4 -5 5 -7 -8
leaf_value=-0.085033623640026368 -0.0328167299402412 0.0052464557246863844 -0.010056997179480196 -0.12082833843872599 -0.022900143788458831 0.0010818362459500536 0.029020855972085213
leaf_weight=51 123 245 1611 87 307 4284 1358
leaf_count=51 123 245 1611 87 307 4284 1358
internal_value=0.000251698 -0.0304459 0.00210564 -0.0712407 0.0027493 0.0062228 0.0194075
internal_weight=8066 455 7611 210 7560 5949 1665
internal_count=8066 455 7611 210 7560 5949 1665
is_linear=0
shrinkage=0.02


Tree=443
num_leaves=8
num_cat=0
split_feature=55 9 41 8 56 34 8
split_gain=1171.16 1298.57 1226.12 1146.36 1114.42 1036.3 1155.81
threshold=37.995000000000012 10.500000000000002 80.610000000000014 7.6850000000000014 45.360000000000007 1.5000000000000002 24.835000000000004
decision_type=2 2 2 2 2 2 2
left_child=-1 2 3 -2 -3 -5 -7
right_child=1 4 -4 5 -6 6 -8
leaf_value=0.014383472986370495 0.043860108123222989 0.0046410202683507453 0.028702721630929143 -0.02278724423154576 0.0531778556612134 0.011429961589768665 -0.01514630646750002
leaf_weight=1747 145 783 334 2111 245 1119 1563
leaf_count=1747 145 783 334 2111 245 1119 1563
internal_value=-8.18764e-05 -0.00410137 -0.0081127 -0.0106294 0.0164101 -0.0123218 -0.00405736
internal_weight=8047 6300 5272 4938 1028 4793 2682
internal_count=8047 6300 5272 4938 1028 4793 2682
is_linear=0
shrinkage=0.02


Tree=444
num_leaves=8
num_cat=0
split_feature=9 12 64 20 64 16 33
split_gain=1184.62 1249.68 1351.6 1218.72 1072.13 2321.79 1289.81
threshold=1.5000000000000002 43.270000000000003 2.5000000000000004 941321.90000000014 2.5000000000000004 0.29515000000000008 3.5000000000000004
decision_type=2 2 2 10 2 2 2
left_child=1 2 3 -1 5 -2 -7
right_child=4 -3 -4 -5 -6 6 -8
leaf_value=-0.04512392076378835 -0.0408841334052127 0.00076083792082450009 -0.0133587493211095 -0.15228359725039739 -0.0014771103623315133 0.019671757849629479 0.075745822544752928
leaf_weight=286 227 1166 693 47 4210 1183 187
leaf_count=286 227 1166 693 47 4210 1183 187
internal_value=-0.000909691 -0.0134198 -0.0294609 -0.0622775 0.00382005 0.0177454 0.0275733
internal_weight=7999 2192 1026 333 5807 1597 1370
internal_count=7999 2192 1026 333 5807 1597 1370
is_linear=0
shrinkage=0.02


Tree=445
num_leaves=8
num_cat=0
split_feature=16 37 14 14 8 38 13
split_gain=1398.92 1054.96 1095.51 1006.5 948.597 1136.36 968.835
threshold=0.27935000000000004 1.0000000180025095e-35 43.180000000000007 57.565000000000005 47.245000000000012 3518.9000000000001 369.05000000000007
decision_type=2 2 2 2 2 10 2
left_child=-1 2 -2 -4 -3 6 -6
right_child=1 4 3 -5 5 -7 -8
leaf_value=-0.027577713010846997 -0.0039009888256114119 0.012483389141288973 -0.080566927664880217 0.02270825150112311 -0.019358259704831529 -0.00028461951944958329 -0.13575935972997777
leaf_weight=726 3213 3343 136 49 68 393 47
leaf_count=726 3213 3343 136 49 68 393 47
internal_value=-0.00120776 0.00145043 -0.00666679 -0.0533352 0.00861215 -0.0167367 -0.0706053
internal_weight=7975 7249 3398 185 3851 508 115
internal_count=7975 7249 3398 185 3851 508 115
is_linear=0
shrinkage=0.02


Tree=446
num_leaves=8
num_cat=0
split_feature=16 50 41 16 42 66 65
split_gain=1191.05 1416.11 1299.18 1114.71 1006.93 1401 849.044
threshold=0.72825000000000006 3.5000000000000004 32.395000000000003 0.17090000000000002 9.1200000000000028 0.43750000000000006 0.69047619047619058
decision_type=2 2 2 2 2 2 2
left_child=1 3 -2 -1 5 -5 -6
right_child=2 -3 -4 4 6 -7 -8
leaf_value=-0.071655917468637517 0.10095474807918071 0.042381817960129013 0.013626085806099733 -0.076865247394659636 -0.0069325256509189673 0.038068932885840789 0.010539479124090263
leaf_weight=96 75 249 476 157 5478 54 1391
leaf_count=96 75 249 476 157 5478 54 1391
internal_value=-0.00192279 -0.00403449 0.0263139 -0.00567348 -0.00472887 -0.0472505 -0.00338928
internal_weight=7976 7425 551 7176 7080 211 6869
internal_count=7976 7425 551 7176 7080 211 6869
is_linear=0
shrinkage=0.02


Tree=447
num_leaves=8
num_cat=0
split_feature=66 41 8 8 64 45 12
split_gain=1112.43 1255.19 1583.24 978.266 974.232 1054.35 843.424
threshold=0.68750000000000011 15.475000000000003 20.385000000000002 50.695000000000007 1.0000000180025095e-35 1.0000000180025095e-35 79.110000000000014
decision_type=2 2 2 2 2 2 2
left_child=1 2 -1 4 -3 6 -6
right_child=-2 3 -4 -5 5 -7 -8
leaf_value=0.020231564408676191 0.040182678275496556 -0.079235635081241873 -0.075295716240620009 -0.023593487237090184 0.0091668978063818435 -0.0037262758912134093 0.050907525386233506
leaf_weight=105 261 53 190 628 2710 3892 204
leaf_count=105 261 53 190 628 2710 3892 204
internal_value=-3.63371e-05 -0.00141018 -0.041524 0.000197031 0.00239086 0.0030842 0.0121712
internal_weight=8043 7782 295 7487 6859 6806 2914
internal_count=8043 7782 295 7487 6859 6806 2914
is_linear=0
shrinkage=0.02


Tree=448
num_leaves=8
num_cat=0
split_feature=8 48 40 51 68 40 53
split_gain=1352.69 1976.64 1100.77 806.174 963.486 950.215 872.768
threshold=54.410000000000004 1.0000000180025095e-35 5.6100000000000003 32.300000000000004 183226.75000000003 28.805000000000003 64.225000000000009
decision_type=2 2 2 2 2 2 2
left_child=2 -2 -1 -4 6 -6 -5
right_child=1 -3 3 4 5 -7 -8
leaf_value=-0.057137803319961801 -0.11976971392158201 -0.013951351817430581 -0.0022196852168690127 0.0099227615910411418 0.04693737897541049 0.011600095616109654 -0.039076210288621953
leaf_weight=119 80 428 4554 333 362 1822 251
leaf_count=119 80 428 4554 333 362 1822 251
internal_value=-0.000208224 -0.0316206 0.0019561 0.00295486 0.0114568 0.0175511 -0.0112897
internal_weight=7949 508 7441 7322 2768 2184 584
internal_count=7949 508 7441 7322 2768 2184 584
is_linear=0
shrinkage=0.02


Tree=449
num_leaves=8
num_cat=0
split_feature=41 33 12 55 0 0 37
split_gain=997.185 1054.5 966.263 971.232 1298.65 1077.79 782.027
threshold=72.595000000000013 5.5000000000000009 1.0000000180025095e-35 48.695000000000007 68.500000000000014 80.500000000000014 0.096000000000000016
decision_type=2 2 2 2 2 2 2
left_child=1 2 -1 4 -4 6 -6
right_child=-2 -3 3 -5 5 -7 -8
leaf_value=-0.061221859066659563 0.018171767936374764 0.038944297847696221 -0.00044410722820154637 -0.013770395805183846 0.028687848717004798 -0.038704550745440464 0.10746002941702804
leaf_weight=112 1036 229 4130 2293 117 46 91
leaf_count=112 1036 229 4130 2293 117 46 91
internal_value=-9.5767e-05 -0.00280345 -0.00423926 -0.00323834 0.00227974 0.0457226 0.0648642
internal_weight=8054 7018 6789 6677 4384 254 208
internal_count=8054 7018 6789 6677 4384 254 208
is_linear=0
shrinkage=0.02


Tree=450
num_leaves=8
num_cat=0
split_feature=40 41 58 12 44 57 58
split_gain=1088.96 984.704 931.148 1247.66 1236.93 2255.14 1164.11
threshold=5.6100000000000003 26.915000000000003 33.645000000000003 82.590000000000018 1.0000000180025095e-35 10.070000000000002 41.235000000000007
decision_type=2 2 2 2 2 2 2
left_child=1 -1 3 -2 5 -4 -7
right_child=2 -3 4 -5 -6 6 -8
leaf_value=-0.0071933107026335265 -0.010874372295778166 -0.12254404710260806 0.063727141594959069 0.049193705026672724 0.01163468023480183 0.0067478963965404096 -0.040851876323624532
leaf_weight=67 2653 49 129 141 4012 314 583
leaf_count=67 2653 49 129 141 4012 314 583
internal_value=0.000572177 -0.0589694 0.00149111 -0.00776056 0.00662455 -0.0129281 -0.0242443
internal_weight=7948 116 7832 2794 5038 1026 897
internal_count=7948 116 7832 2794 5038 1026 897
is_linear=0
shrinkage=0.02


Tree=451
num_leaves=8
num_cat=0
split_feature=52 49 52 64 41 47 9
split_gain=1217.47 1040.95 938.348 1430.26 881.275 827.861 932.178
threshold=31.705000000000002 76.500000000000014 84.410000000000011 2.5000000000000004 20.030000000000005 3.5000000000000004 3.5000000000000004
decision_type=2 2 2 2 2 2 2
left_child=1 5 4 -4 -2 6 -1
right_child=2 -3 3 -5 -6 -7 -8
leaf_value=-0.079671818976016606 -0.030083725186842339 0.064454415017558692 0.10416478318638271 0.010618857244538316 0.0033898621089123648 -0.010652342818113921 -0.017289083756730283
leaf_weight=165 328 57 85 244 5694 1161 228
leaf_count=165 328 57 85 244 5694 1161 228
internal_value=-0.000587066 -0.0160873 0.00335429 0.0359848 0.00154321 -0.0192387 -0.0441522
internal_weight=7962 1611 6351 329 6022 1554 393
internal_count=7962 1611 6351 329 6022 1554 393
is_linear=0
shrinkage=0.02


Tree=452
num_leaves=8
num_cat=0
split_feature=48 12 51 13 42 12 55
split_gain=1376.06 1035.63 1099.87 1026.64 822.583 813.539 856.132
threshold=18.500000000000004 7.3150000000000004 31.925000000000004 319.05000000000007 43.585000000000008 65.815000000000012 56.885000000000012
decision_type=2 2 2 2 2 2 2
left_child=1 2 3 -1 -2 6 -3
right_child=4 5 -4 -5 -6 -7 -8
leaf_value=-0.018576347969689416 -0.069202586422706477 0.0024910569856621046 0.010192894531764847 -0.11302032940580951 -0.010939948467749242 0.016409836192397494 -0.021815080400442052
leaf_weight=98 169 5219 133 86 224 1470 647
leaf_count=98 169 5219 133 86 224 1470 647
internal_value=-0.000291111 0.00159347 -0.0335143 -0.0645408 -0.036549 0.00313232 -0.000206123
internal_weight=8046 7653 317 184 393 7336 5866
internal_count=8046 7653 317 184 393 7336 5866
is_linear=0
shrinkage=0.02


Tree=453
num_leaves=8
num_cat=0
split_feature=16 34 64 42 64 13 41
split_gain=1056.67 891.059 1540.51 936.468 985.845 897.746 1013.2
threshold=0.72825000000000006 3.5000000000000004 2.5000000000000004 79.600000000000009 4.5000000000000009 431.15000000000003 14.405000000000003
decision_type=2 2 2 2 2 2 2
left_child=1 3 -3 4 5 6 -1
right_child=-2 2 -4 -5 -6 -7 -8
leaf_value=-0.053004033615891365 0.027031466735145619 0.10279510307684542 0.0091221428173712364 0.020186185803407208 0.024352617075755482 0.021350982717667836 -0.0084803384433327512
leaf_weight=208 547 75 586 590 394 381 5253
leaf_count=208 547 75 586 590 394 381 5253
internal_value=0.000326613 -0.00164118 0.0204426 -0.00379308 -0.00607616 -0.00814743 -0.0102231
internal_weight=8034 7487 661 6826 6236 5842 5461
internal_count=8034 7487 661 6826 6236 5842 5461
is_linear=0
shrinkage=0.02


Tree=454
num_leaves=8
num_cat=0
split_feature=64 45 64 40 54 51 12
split_gain=1219.67 987.493 1220.69 1680.24 1241.78 1142.29 928.369
threshold=1.0000000180025095e-35 1.0000000180025095e-35 3.5000000000000004 84.560000000000016 73.170000000000016 63.565000000000005 67.38000000000001
decision_type=2 2 2 2 2 2 2
left_child=-1 -2 3 4 -3 6 -6
right_child=1 2 -4 -5 5 -7 -8
leaf_value=-0.092134716008838852 0.0088600885630935253 0.020125861649583628 0.0045742941463973964 0.062859923227608777 -0.0352062226307698 0.057544019571505491 0.0037543871808132343
leaf_weight=52 3401 266 2370 98 1475 59 292
leaf_count=52 3401 266 2370 98 1475 59 292
internal_value=5.12687e-05 0.000710865 -0.00537014 -0.0161178 -0.0199586 -0.0258369 -0.0287755
internal_weight=8013 7961 4560 2190 2092 1826 1767
internal_count=8013 7961 4560 2190 2092 1826 1767
is_linear=0
shrinkage=0.02


Tree=455
num_leaves=8
num_cat=0
split_feature=64 30 9 56 23 48 64
split_gain=928.346 784.026 930.954 1026.69 1008.97 920.326 815.056
threshold=1.0000000180025095e-35 1.0000000180025095e-35 12.500000000000002 45.775000000000013 19.350000000000005 19.500000000000004 2.5000000000000004
decision_type=2 2 2 2 2 2 2
left_child=-1 2 5 4 -4 -2 -3
right_child=1 6 3 -5 -6 -7 -8
leaf_value=-0.082049369480874809 -0.0038364073503927738 0.032749025295021147 -0.0059156913433812165 0.060960565093776273 0.071710290089249618 -0.045212247509592109 0.0043777359168769084
leaf_weight=49 4898 533 470 169 73 220 1647
leaf_count=49 4898 533 470 169 73 220 1647
internal_value=0.000598742 0.0011552 -0.00267216 0.0186759 0.00507929 -0.00565736 0.0113735
internal_weight=8059 8010 5830 712 543 5118 2180
internal_count=8059 8010 5830 712 543 5118 2180
is_linear=0
shrinkage=0.02


Tree=456
num_leaves=8
num_cat=1
split_feature=45 12 41 46 7 41 51
split_gain=1278.34 1037.87 1315.89 855.859 837.928 762.644 1017.99
threshold=1.0000000180025095e-35 21.640000000000004 32.935000000000009 3.5000000000000004 0 74.365000000000023 11.915000000000001
decision_type=2 2 2 2 1 2 2
left_child=5 2 3 -2 -4 6 -1
right_child=1 -3 4 -5 -6 -7 -8
leaf_value=-0.015292384855244558 -0.022505868633206073 -0.0026182320268675514 -0.038032816074574337 -0.13601098931354025 0.011068892681316748 0.038893582346263826 0.012569746580020786
leaf_weight=664 47 3903 298 64 244 318 2430
leaf_count=664 47 3903 298 64 244 318 2430
internal_value=0.00039067 -0.00653904 -0.0297758 -0.0909919 -0.0165218 0.00963985 0.00657526
internal_weight=7968 4556 653 111 542 3412 3094
internal_count=7968 4556 653 111 542 3412 3094
cat_boundaries=0 1
cat_threshold=34
is_linear=0
shrinkage=0.02


Tree=457
num_leaves=8
num_cat=0
split_feature=66 41 42 48 42 55 32
split_gain=1130.15 1276.56 972.444 1574.99 811.06 757.724 1045.71
threshold=1.0000000180025095e-35 65.715000000000018 52.565000000000005 5.5000000000000009 37.290000000000006 49.015000000000008 1.0000000180025095e-35
decision_type=2 2 2 2 2 2 2
left_child=1 2 3 4 -1 6 -2
right_child=5 -3 -4 -5 -6 -7 -8
leaf_value=-0.030491915892581552 0.012350891541081424 0.038137656065482126 -0.096210212213237112 -0.082869774067139898 0.080399527110285668 -0.0080042349691854236 -0.0063785273748317266
leaf_weight=44 3180 74 118 86 54 2552 1902
leaf_count=44 3180 74 118 86 54 2552 1902
internal_value=-0.000799221 -0.0344164 -0.0525262 -0.0227073 0.0315482 0.000877983 0.0053418
internal_weight=8010 376 302 184 98 7634 5082
internal_count=8010 376 302 184 98 7634 5082
is_linear=0
shrinkage=0.02


Tree=458
num_leaves=8
num_cat=1
split_feature=16 16 41 3 65 41 64
split_gain=1275.19 996.967 1081.28 1324.45 936.607 1499.59 1185.87
threshold=0.79410000000000014 0.17090000000000002 14.405000000000003 0 0.58571428571428574 36.045000000000009 2.5000000000000004
decision_type=2 2 2 1 2 2 2
left_child=1 -1 3 -3 5 -4 -6
right_child=-2 2 4 -5 6 -7 -8
leaf_value=-0.064510263010564423 0.048940136696198094 0.0087834535302086323 -0.031826897705649816 -0.082693235046686006 0.029360572599539628 -0.00051277537124719307 0.001429880046769605
leaf_weight=96 196 117 761 126 768 3038 2852
leaf_count=96 196 117 761 126 768 3038 2852
internal_value=-0.000796305 -0.00208357 -0.00125984 -0.04234 0.000113296 -0.00681908 0.00738783
internal_weight=7954 7758 7662 243 7419 3799 3620
internal_count=7954 7758 7662 243 7419 3799 3620
cat_boundaries=0 1
cat_threshold=5
is_linear=0
shrinkage=0.02


Tree=459
num_leaves=8
num_cat=0
split_feature=8 41 45 13 23 52 49
split_gain=1398.94 1053.65 972.931 1263.44 1323.51 1081.5 1059.17
threshold=54.410000000000004 55.955000000000005 1.0000000180025095e-35 415.75000000000006 10.65 63.135000000000012 26.500000000000004
decision_type=2 2 2 2 2 2 2
left_child=2 -2 3 -1 5 6 -5
right_child=1 -3 -4 4 -6 -7 -8
leaf_value=0.0056358877935036187 -0.054552275400176695 0.006242760826128623 -0.0044347744663709998 -0.072448573097006072 0.085963633328457092 0.075979574679989711 0.036174467593869747
leaf_weight=2871 314 176 4260 72 165 61 63
leaf_count=2871 314 176 4260 72 165 61 63
internal_value=-0.000308995 -0.0328732 0.00184131 0.0101077 0.0451087 0.00943271 -0.0222763
internal_weight=7982 490 7492 3232 361 196 135
internal_count=7982 490 7492 3232 361 196 135
is_linear=0
shrinkage=0.02


Tree=460
num_leaves=8
num_cat=0
split_feature=8 38 56 43 9 41 54
split_gain=1206.37 1242.75 1226.69 1170.84 1108.75 1606.95 1082.57
threshold=31.485000000000003 16347.400000000003 30.155000000000005 1.0000000180025095e-35 12.500000000000002 29.600000000000005 91.925000000000026
decision_type=2 8 2 2 2 2 2
left_child=1 2 -1 6 5 -2 -3
right_child=4 3 -4 -5 -6 -7 -8
leaf_value=-0.030270621593001971 -0.053092826204771237 -0.043920680898823776 0.019976631026541486 0.0028960952494287073 0.024053847655647886 -0.0093785707306851245 0.0074074871087190979
leaf_weight=210 394 475 2069 2185 302 2166 248
leaf_count=210 394 475 2069 2185 302 2166 248
internal_value=-0.00150266 0.00424845 0.0152904 -0.00441654 -0.011915 -0.0161968 -0.0263844
internal_weight=8049 5187 2279 2908 2862 2560 723
internal_count=8049 5187 2279 2908 2862 2560 723
is_linear=0
shrinkage=0.02


Tree=461
num_leaves=8
num_cat=0
split_feature=16 10 14 16 41 50 53
split_gain=1178.89 1112.96 1077.01 1773.45 1107.27 1063.9 848.819
threshold=0.56385000000000007 14569.450000000003 11.325000000000001 0.33225000000000005 58.735000000000007 1.5000000000000002 55.255000000000003
decision_type=2 2 2 2 2 2 2
left_child=1 2 3 -1 6 -6 -4
right_child=-2 -3 4 -5 5 -7 -8
leaf_value=-0.07832651093195786 0.010795031768174049 -0.0010656651416157451 -0.080708505811625045 0.055600140965740445 0.022188542809869562 -0.061329340583016707 -0.029299109279425868
leaf_weight=50 2659 4344 220 137 205 81 322
leaf_count=50 2659 4344 220 137 205 81 322
internal_value=-8.0307e-05 -0.00548141 -0.024282 0.0186837 -0.0340396 -0.00211247 -0.0507134
internal_weight=8018 5359 1015 187 828 286 542
internal_count=8018 5359 1015 187 828 286 542
is_linear=0
shrinkage=0.02


Tree=462
num_leaves=8
num_cat=1
split_feature=16 52 31 40 2 57 15
split_gain=1048.69 1067.62 901.052 1550.22 1451.77 1112.46 852.963
threshold=0.50035000000000007 2.8800000000000003 1.0000000180025095e-35 79.990000000000023 0 39.285000000000004 2.5000000000000004
decision_type=2 2 2 2 1 2 2
left_child=1 -1 3 4 -3 -6 -4
right_child=-2 2 6 -5 5 -7 -8
leaf_value=-0.092103205546736719 0.0061857919584352881 -0.0039683028547432362 0.0047151564678780756 0.050206617342262734 -0.020261629214686043 -0.068000325834517303 -0.032093957364755933
leaf_weight=55 3758 787 2217 118 419 371 279
leaf_count=55 3758 787 2217 118 419 371 279
internal_value=-0.00150492 -0.00831099 -0.00710291 -0.0183331 -0.0236041 -0.0424336 0.00054474
internal_weight=8004 4246 4191 1695 1577 790 2496
internal_count=8004 4246 4191 1695 1577 790 2496
cat_boundaries=0 1
cat_threshold=58
is_linear=0
shrinkage=0.02


Tree=463
num_leaves=8
num_cat=0
split_feature=32 64 40 54 65 53 21
split_gain=954.924 1371.9 1269.39 1055.41 1129.6 1078.59 1009.16
threshold=1.0000000180025095e-35 4.5000000000000009 35.605000000000011 82.955000000000013 0.58571428571428574 33.800000000000004 1.0000000180025095e-35
decision_type=2 2 2 2 2 2 10
left_child=3 6 -3 5 -5 -1 -2
right_child=1 2 -4 4 -6 -7 -8
leaf_value=-0.038672877132892608 -0.032361345357917258 0.073148368674337411 0.0035574692189989697 -0.0098263215992395649 0.014310917574941642 0.022206213124615654 -0.0047600709310472956
leaf_weight=120 843 128 498 1987 1265 1789 1418
leaf_count=120 843 128 498 1987 1265 1789 1418
internal_value=0.00135438 -0.0078485 0.0182538 0.00650497 -0.000429588 0.0182883 -0.0150997
internal_weight=8048 2887 626 5161 3252 1909 2261
internal_count=8048 2887 626 5161 3252 1909 2261
is_linear=0
shrinkage=0.02


Tree=464
num_leaves=8
num_cat=0
split_feature=43 44 40 18 0 22 51
split_gain=722.356 1179.27 1015.85 1194.22 847.236 729.047 726.968
threshold=1.0000000180025095e-35 1.0000000180025095e-35 42.155000000000008 112054.60000000002 57.500000000000007 24965.300000000003 54.405000000000008
decision_type=2 2 2 2 2 2 2
left_child=1 2 -1 -4 5 -3 -6
right_child=-2 4 3 -5 6 -7 -8
leaf_value=-0.074004523615662399 0.0052897495085572378 -0.0025402130974626221 -0.042373986775860378 0.050609105339320934 0.01569133056351479 -0.053588019813741408 0.10106103169066566
leaf_weight=177 6046 1154 157 79 230 119 44
leaf_count=177 6046 1154 157 79 230 119 44
internal_value=0.00186949 -0.00866759 -0.0384743 -0.0108441 -0.000611835 -0.00750315 0.0309658
internal_weight=8006 1960 413 236 1547 1273 274
internal_count=8006 1960 413 236 1547 1273 274
is_linear=0
shrinkage=0.02


Tree=465
num_leaves=8
num_cat=0
split_feature=12 62 33 42 42 37 55
split_gain=974.558 835.021 804.125 1260.6 883.277 920.481 885.576
threshold=7.3150000000000004 1.0000000180025095e-35 5.5000000000000009 32.045000000000009 9.1200000000000028 0.23670000000000005 55.685000000000009
decision_type=2 2 2 2 2 2 2
left_child=1 -1 4 -4 5 -2 -6
right_child=2 -3 3 -5 6 -7 -8
leaf_value=-0.0099917608846364341 -0.012275658939511349 -0.073983435046303184 0.12685135782753326 0.0132857214399948 0.0033517990351769546 -0.10139266431331635 -0.016953450654378328
leaf_weight=227 151 124 44 201 6209 63 992
leaf_count=227 151 124 44 201 6209 63 992
internal_value=-0.000972254 -0.0333201 0.000530771 0.0358103 -0.00065825 -0.040227 0.000544753
internal_weight=8011 351 7660 245 7415 214 7201
internal_count=8011 351 7660 245 7415 214 7201
is_linear=0
shrinkage=0.02


Tree=466
num_leaves=8
num_cat=1
split_feature=16 8 2 0 57 57 21
split_gain=975.39 1289.81 1180.56 993.517 916.856 1114.42 868.353
threshold=0.36255000000000004 24.685000000000006 0 30.500000000000004 42.525000000000013 45.425000000000004 233400.55000000002
decision_type=2 2 1 2 2 2 10
left_child=1 4 -3 -4 -1 -6 -7
right_child=-2 2 3 -5 5 6 -8
leaf_value=0.017961497053288217 0.0027701417571873227 -0.0057785010569514307 -0.13727966217433704 -0.042352467650891103 -0.093957272226541821 -0.038406420120038094 0.034126963332891468
leaf_weight=582 6240 432 46 429 66 135 120
leaf_count=582 6240 432 46 429 66 135 120
internal_value=-0.000981289 -0.0138864 -0.0306636 -0.0518005 0.00304119 -0.0238711 -0.00427319
internal_weight=8050 1810 907 475 903 321 255
internal_count=8050 1810 907 475 903 321 255
cat_boundaries=0 1
cat_threshold=146
is_linear=0
shrinkage=0.02


Tree=467
num_leaves=8
num_cat=0
split_feature=16 16 41 16 50 57 64
split_gain=1211.82 1168.01 995.779 910.032 830.162 756.475 1009.17
threshold=0.36255000000000004 0.36865000000000009 6.4150000000000009 0.77305000000000013 3.5000000000000004 32.765000000000008 2.5000000000000004
decision_type=2 2 2 2 2 2 2
left_child=4 -2 -3 5 -1 6 -4
right_child=1 2 3 -5 -6 -7 -8
leaf_value=-0.017683062871097228 0.074689239133959237 -0.066777798345795378 0.029971265528858659 0.038640720551455773 0.048745588108991517 -0.0044726747722906466 0.0022542859401499908
leaf_weight=1698 87 76 728 281 74 3163 1859
leaf_count=1698 87 76 728 281 74 3163 1859
internal_value=-0.000219321 0.00395469 0.00288674 0.00381921 -0.0147796 0.0020854 0.0100968
internal_weight=7966 6194 6107 6031 1772 5750 2587
internal_count=7966 6194 6107 6031 1772 5750 2587
is_linear=0
shrinkage=0.02


Tree=468
num_leaves=8
num_cat=1
split_feature=64 7 55 52 64 64 42
split_gain=713.429 616.868 628.072 739.503 1071.1 771.579 1024.14
threshold=1.0000000180025095e-35 0 37.07500000000001 75.385000000000005 2.5000000000000004 4.5000000000000009 41.035000000000004
decision_type=2 1 2 2 2 2 2
left_child=-1 -2 -3 5 -5 -4 -7
right_child=1 2 3 4 -6 6 -8
leaf_value=-0.067246458617970351 -0.017035378008734416 0.015647420013129458 -0.004033793444991207 0.062194107772566343 0.0049249976306031439 0.074377071745156384 0.0050796591527558204
leaf_weight=55 614 1397 4826 176 473 112 318
leaf_count=55 614 1397 4826 176 473 112 318
internal_value=0.0014612 0.00198072 0.00360866 0.000755816 0.0208124 -0.00173815 0.0237767
internal_weight=7971 7916 7302 5905 649 5256 430
internal_count=7971 7916 7302 5905 649 5256 430
cat_boundaries=0 1
cat_threshold=32
is_linear=0
shrinkage=0.02


Tree=469
num_leaves=8
num_cat=0
split_feature=16 55 12 14 14 41 14
split_gain=1110.93 939.443 925.167 1079.08 1092.44 881.33 920.77
threshold=0.17090000000000002 48.605000000000011 14.375000000000002 22.115000000000006 11.235000000000001 72.595000000000013 28.805000000000003
decision_type=2 2 2 2 2 2 2
left_child=-1 2 3 4 -2 6 -3
right_child=1 5 -4 -5 -6 -7 -8
leaf_value=-0.067199529342199735 0.015518910725449407 -0.0067708894899100357 0.008483237950486262 0.022053741071116306 -0.070902740670188424 0.020887303925040419 -0.03810361546249344
leaf_weight=92 81 1908 4698 140 192 349 463
leaf_count=92 81 1908 4698 140 192 349 463
internal_value=6.96007e-05 0.000902265 0.00595411 -0.0225728 -0.0454432 -0.00858389 -0.0129567
internal_weight=7923 7831 5111 413 273 2720 2371
internal_count=7923 7831 5111 413 273 2720 2371
is_linear=0
shrinkage=0.02


Tree=470
num_leaves=8
num_cat=0
split_feature=48 52 32 52 0 10 31
split_gain=838.343 901.17 685.377 946.96 893.551 764.517 1471.03
threshold=18.500000000000004 33.815000000000005 1.0000000180025095e-35 67.205000000000013 67.500000000000014 12980.500000000002 1.0000000180025095e-35
decision_type=2 2 2 2 2 2 2
left_child=2 -2 3 -1 5 6 -4
right_child=1 -3 4 -5 -6 -7 -8
leaf_value=0.0013935042061021139 -0.082649718054590079 -0.011829611480934546 -0.08829295399866359 0.023968653997552453 0.038491057268366581 -0.006042017301116631 0.0070290466585709145
leaf_weight=3908 89 315 129 913 159 2339 124
leaf_count=3908 89 315 129 913 159 2339 124
internal_value=-0.000359981 -0.0282507 0.00114578 0.00568918 -0.00681221 -0.00965999 -0.0423431
internal_weight=7976 404 7572 4821 2751 2592 253
internal_count=7976 404 7572 4821 2751 2592 253
is_linear=0
shrinkage=0.02


Tree=471
num_leaves=8
num_cat=0
split_feature=16 54 8 14 68 17 22
split_gain=1200.32 1004.33 941.773 964.719 1339.39 950.446 834.142
threshold=0.36255000000000004 61.605000000000011 47.245000000000012 43.180000000000007 747421.30000000016 3653.8000000000006 8121.1000000000013
decision_type=2 2 2 2 2 2 2
left_child=1 -1 3 6 -5 -4 -2
right_child=2 -3 5 4 -6 -7 -8
leaf_value=0.074679569346564154 -0.020718701407519732 -0.017242504327014845 -0.087336159969719371 -0.06265102139622955 0.021141134475855004 -0.010101997573710749 0.010822944187462175
leaf_weight=44 356 1756 66 177 128 644 4795
leaf_count=44 356 1756 66 177 128 644 4795
internal_value=-0.00044936 -0.0147949 0.00374703 0.00657022 -0.027712 -0.017842 0.00862504
internal_weight=7966 1800 6166 5456 305 710 5151
internal_count=7966 1800 6166 5456 305 710 5151
is_linear=0
shrinkage=0.02


Tree=472
num_leaves=8
num_cat=1
split_feature=33 51 8 16 37 2 22
split_gain=846.515 1138.68 974.804 1009.73 844.557 801.034 792.766
threshold=1.0000000180025095e-35 22.245000000000001 31.485000000000003 0.50035000000000007 0.087600000000000011 0 6716.9000000000005
decision_type=2 2 2 2 2 1 2
left_child=1 -1 4 5 -2 -4 -6
right_child=2 -3 3 -5 6 -7 -8
leaf_value=0.0050123958487816042 9.6497021299602579e-05 -0.06417404964648106 -0.0052006938231921379 0.0061936184854574942 -0.057164836910210161 -0.035188164394800679 0.018530002983388125
leaf_weight=198 2638 177 839 1232 52 624 2237
leaf_count=198 2638 177 839 1232 52 624 2237
internal_value=0.00107643 -0.0280583 0.00252731 -0.00713523 0.00781446 -0.0183424 0.0166896
internal_weight=7997 375 7622 2695 4927 1463 2289
internal_count=7997 375 7622 2695 4927 1463 2289
cat_boundaries=0 1
cat_threshold=178
is_linear=0
shrinkage=0.02


Tree=473
num_leaves=8
num_cat=0
split_feature=38 45 47 10 17 8 42
split_gain=1024.98 777.894 1033.65 922.152 1267.29 988.888 871.125
threshold=17351.150000000005 1.0000000180025095e-35 1.5000000000000002 12163.050000000001 6132.4000000000005 20.925000000000004 42.065000000000005
decision_type=8 2 2 2 2 2 2
left_child=-1 2 -2 4 6 -6 -3
right_child=1 3 -4 -5 5 -7 -8
leaf_value=0.006604519376022684 -0.06210122513418135 -0.071183582625928374 0.0056439404073024549 -0.009486593003564657 -0.12912467004551043 -0.014817484342134916 0.0054463584163203472
leaf_weight=3740 90 79 1740 2040 88 47 200
leaf_count=3740 90 79 1740 2040 88 47 200
internal_value=-0.00104112 -0.00771579 0.00215208 -0.0150639 -0.0421051 -0.0912793 -0.0171229
internal_weight=8024 4284 1830 2454 414 135 279
internal_count=8024 4284 1830 2454 414 135 279
is_linear=0
shrinkage=0.02


Tree=474
num_leaves=8
num_cat=0
split_feature=16 33 41 16 8 57 64
split_gain=1044.5 1050.46 1042.27 1145.45 852.428 927.755 845.996
threshold=0.72825000000000006 5.5000000000000009 15.475000000000003 0.17090000000000002 20.385000000000002 34.005000000000003 1.5000000000000002
decision_type=2 2 2 2 2 2 2
left_child=1 2 4 -4 5 -1 -5
right_child=-2 -3 3 6 -6 -7 -8
leaf_value=-0.063774046132961906 0.025358043557050031 0.036992570873200896 -0.075305565677840136 -0.028385228055768662 -0.06794087202171159 0.05595763096066772 -0.00039304699957219566
leaf_weight=40 540 245 82 458 178 56 6426
leaf_count=40 540 245 82 458 178 56 6426
internal_value=-0.00137521 -0.0033195 -0.00470824 -0.00318772 -0.042615 0.00538201 -0.00227465
internal_weight=8025 7485 7240 6966 274 96 6884
internal_count=8025 7485 7240 6966 274 96 6884
is_linear=0
shrinkage=0.02


Tree=475
num_leaves=8
num_cat=0
split_feature=16 47 56 42 53 68 49
split_gain=746.758 1324.32 1014.69 927.812 823.631 731.394 1391.86
threshold=0.72825000000000006 7.5000000000000009 39.445000000000007 35.440000000000005 63.905000000000008 172585.30000000002 67.500000000000014
decision_type=2 2 2 2 2 2 2
left_child=5 2 3 -2 -4 6 -1
right_child=1 -3 4 -5 -6 -7 -8
leaf_value=-0.010125323483996316 -0.07103619458940294 -0.017672365062475742 0.11699061067448449 0.035131136518713788 0.032440252667202532 0.00044498852099543392 -0.090619471492348128
leaf_weight=1590 40 217 92 118 98 5885 86
leaf_count=1590 40 217 92 118 98 5885 86
internal_value=-0.00121567 0.0208608 0.0447987 0.00689878 0.0753304 -0.00287804 -0.0145129
internal_weight=8126 565 348 158 190 7561 1676
internal_count=8126 565 348 158 190 7561 1676
is_linear=0
shrinkage=0.02


Tree=476
num_leaves=8
num_cat=0
split_feature=31 33 44 54 48 55 54
split_gain=865.802 1354.66 1237.46 1051.56 854.495 957.778 949.649
threshold=1.0000000180025095e-35 4.5000000000000009 1.0000000180025095e-35 69.240000000000023 14.500000000000002 47.845000000000006 89.435000000000016
decision_type=2 2 2 2 2 2 2
left_child=1 2 -1 -4 -5 -6 -7
right_child=-2 -3 3 4 5 6 -8
leaf_value=-0.035477434148886274 0.0048143029170617012 0.060847426604035255 0.043026976650849938 -0.0040365937738125416 -0.008798646558193372 -0.033493088018149139 -0.15928654037581549
leaf_weight=647 4672 104 168 2166 138 59 40
leaf_count=647 4672 104 168 2166 138 59 40
internal_value=-0.000734074 -0.00853272 -0.0108659 -0.00461546 -0.0080287 -0.0436763 -0.0895332
internal_weight=7994 3322 3218 2571 2403 237 99
internal_count=7994 3322 3218 2571 2403 237 99
is_linear=0
shrinkage=0.02


Tree=477
num_leaves=8
num_cat=1
split_feature=33 41 42 3 48 40 53
split_gain=1181.7 1059.31 1438.95 1420.95 1017.84 1052.24 1028.59
threshold=1.0000000180025095e-35 14.405000000000003 2.3100000000000005 0 6.5000000000000009 55.770000000000003 64.415000000000006
decision_type=2 2 2 1 2 2 2
left_child=4 3 -3 -2 5 6 -1
right_child=1 2 -4 -5 -6 -7 -8
leaf_value=-0.088921232535236178 0.0097316064643608018 -0.092903196802062368 0.0038581944081710934 -0.084330656980342075 -0.077654826767418694 0.037907145540101814 0.013618727767324024
leaf_weight=82 127 57 7332 116 133 104 69
leaf_count=82 127 57 7332 116 133 104 69
internal_value=-5.36701e-05 0.00168681 0.00304944 -0.0389735 -0.0338749 -0.00998647 -0.0431305
internal_weight=8020 7632 7389 243 388 255 151
internal_count=8020 7632 7389 243 388 255 151
cat_boundaries=0 1
cat_threshold=5
is_linear=0
shrinkage=0.02


Tree=478
num_leaves=8
num_cat=0
split_feature=8 38 21 42 17 41 34
split_gain=1096.86 1121.62 1262.78 979.649 923.44 942.577 1005.11
threshold=24.545000000000005 5032.7000000000007 153827.80000000002 74.205000000000013 37149.950000000004 26.915000000000003 3.5000000000000004
decision_type=2 8 10 2 2 2 2
left_child=1 -1 3 -3 5 6 -2
right_child=4 2 -4 -5 -6 -7 -8
leaf_value=0.027206954032182696 -0.05269738710803018 -0.019489391020719261 0.014044548913451313 0.027676618425533751 0.010179263256894902 -0.0082128604490775935 0.047854480607354123
leaf_weight=890 341 1160 1528 203 957 2969 41
leaf_count=890 341 1160 1528 203 957 2969 41
internal_value=-0.000214044 0.00764187 0.00158214 -0.0123892 -0.0071098 -0.0120551 -0.0414263
internal_weight=8089 3781 2891 1363 4308 3351 382
internal_count=8089 3781 2891 1363 4308 3351 382
is_linear=0
shrinkage=0.02


Tree=479
num_leaves=8
num_cat=0
split_feature=9 55 16 23 48 48 56
split_gain=904.609 1056.02 985.949 1165.92 1184.63 1184.24 1054.04
threshold=12.500000000000002 37.865000000000002 0.57745000000000013 4.8500000000000005 9.5000000000000018 13.500000000000002 29.675000000000004
decision_type=2 2 2 2 2 2 2
left_child=1 -1 3 4 -3 -5 -7
right_child=-2 2 -4 5 -6 6 -8
leaf_value=0.010505938546362259 0.016567728876227782 0.0012901365974497413 0.0038361753789990113 -0.013723163193984684 0.089104525114034688 0.040121961353832614 -0.063652221972080453
leaf_weight=1501 931 305 1791 3026 72 41 325
leaf_count=1501 931 305 1791 3026 72 41 325
internal_value=-0.00191002 -0.00435633 -0.00837444 -0.0141742 0.0190078 -0.0178848 -0.0516432
internal_weight=7992 7061 5560 3769 377 3392 366
internal_count=7992 7061 5560 3769 377 3392 366
is_linear=0
shrinkage=0.02


Tree=480
num_leaves=8
num_cat=0
split_feature=40 18 13 32 51 22 17
split_gain=902.73 1195.06 995.226 889.561 1227.89 1001.87 995.959
threshold=17.080000000000002 809283.25000000012 394.55000000000007 1.0000000180025095e-35 9.7050000000000018 11580.500000000002 3414.2000000000003
decision_type=2 2 2 2 2 2 2
left_child=1 2 -1 4 5 -2 -7
right_child=3 -3 -4 -5 -6 6 -8
leaf_value=-0.061004851899176302 0.021023343351982592 0.04467305694421133 0.019526013904883538 -0.0078046412827766122 0.011418193208660927 0.021463668675168409 -0.03787073319734989
leaf_weight=275 239 70 76 2695 3926 138 560
leaf_count=275 239 70 76 2695 3926 138 560
internal_value=-0.000192241 -0.0285194 -0.0435386 0.00140347 0.00650923 -0.0140106 -0.0260706
internal_weight=7979 421 351 7558 4863 937 698
internal_count=7979 421 351 7558 4863 937 698
is_linear=0
shrinkage=0.02


Tree=481
num_leaves=8
num_cat=0
split_feature=64 12 32 49 41 10 9
split_gain=1172.35 809.92 1039.85 1029.2 2096.43 1200.38 965.056
threshold=1.0000000180025095e-35 59.07500000000001 1.0000000180025095e-35 34.500000000000007 55.955000000000005 16573.850000000002 1.5000000000000002
decision_type=2 2 2 2 2 2 2
left_child=-1 -2 3 -3 5 -5 -7
right_child=1 2 -4 4 -6 6 -8
leaf_value=-0.090567824279091186 -0.0027254186615834693 0.033775104410210706 -0.0061324981551306758 -0.1088471502491406 0.051048773867501458 -0.092874834055596212 0.0094928048646380735
leaf_weight=51 5715 947 836 65 171 42 167
leaf_count=51 5715 947 836 65 171 42 167
internal_value=0.000621103 0.00126321 0.0114776 0.0220378 -0.00303794 -0.0371027 -0.012768
internal_weight=7994 7943 2228 1392 445 274 209
internal_count=7994 7943 2228 1392 445 274 209
is_linear=0
shrinkage=0.02


Tree=482
num_leaves=8
num_cat=0
split_feature=23 48 64 16 40 9 8
split_gain=1136.39 1122.29 1095.31 995.07 970.077 1289.34 910.274
threshold=23.250000000000004 18.500000000000004 2.5000000000000004 0.77305000000000013 87.625000000000014 1.5000000000000002 24.835000000000004
decision_type=2 2 2 2 2 2 2
left_child=1 3 -2 4 5 -1 -3
right_child=2 6 -4 -5 -6 -7 -8
leaf_value=-0.017813952476053288 0.073111632171573127 -0.00063599261784127504 0.0083487177480035899 0.038683176984389625 0.03981586704483709 0.0023942920306407631 -0.06228420304021863
leaf_weight=1681 154 173 309 253 217 5029 210
leaf_count=1681 154 173 309 253 217 5029 210
internal_value=0.00019672 -0.00167368 0.0304407 0.000116621 -0.00131886 -0.0026778 -0.0348049
internal_weight=8026 7563 463 7180 6927 6710 383
internal_count=8026 7563 463 7180 6927 6710 383
is_linear=0
shrinkage=0.02


Tree=483
num_leaves=8
num_cat=0
split_feature=16 10 8 32 13 36 8
split_gain=1467.42 1278.92 1148.8 930.573 1036.13 944.009 910.636
threshold=0.36255000000000004 19100.500000000004 24.685000000000006 1.0000000180025095e-35 360.45000000000005 1.0000000180025095e-35 32.425000000000004
decision_type=2 2 2 2 2 2 2
left_child=1 -1 -3 5 -5 -2 -7
right_child=3 2 -4 4 -6 6 -8
leaf_value=-0.040827922821549095 0.00082546695337103626 0.01863089119836674 -0.020186774991837339 -0.016647942363416636 0.010787983117163781 0.029969119609062782 0.00281114453411341
leaf_weight=533 1857 521 721 1271 964 1381 769
leaf_count=533 1857 521 721 1271 964 1381 769
internal_value=0.000952338 -0.0150681 -0.00389395 0.00551638 -0.00481662 0.0112787 0.0202845
internal_weight=8017 1775 1242 6242 2235 4007 2150
internal_count=8017 1775 1242 6242 2235 4007 2150
is_linear=0
shrinkage=0.02


Tree=484
num_leaves=8
num_cat=0
split_feature=52 16 64 40 34 32 18
split_gain=949.735 954.304 1281.28 1042.94 890.373 1001.14 890.863
threshold=83.715000000000018 0.57745000000000013 4.5000000000000009 81.645000000000024 3.5000000000000004 1.0000000180025095e-35 136134.05000000002
decision_type=2 2 2 2 2 2 2
left_child=1 2 3 4 5 -1 -7
right_child=-2 -3 -4 -5 -6 6 -8
leaf_value=-0.0091998539763362783 0.029413853187751221 0.0077085239325541391 0.025961068435728051 0.028563238764037904 0.016677237178257202 -0.045573435194239911 -0.010681857785141824
leaf_weight=3055 375 2318 413 254 375 687 514
leaf_count=3055 375 2318 413 254 375 687 514
internal_value=-0.00144586 -0.00298365 -0.00766459 -0.0105311 -0.0127038 -0.0153091 -0.0307469
internal_weight=7991 7616 5298 4885 4631 4256 1201
internal_count=7991 7616 5298 4885 4631 4256 1201
is_linear=0
shrinkage=0.02


Tree=485
num_leaves=8
num_cat=0
split_feature=40 0 55 42 9 16 40
split_gain=1030.59 1020 1119.06 1079.02 931.291 893.418 818.007
threshold=5.6100000000000003 67.500000000000014 49.415000000000006 61.945000000000007 20.500000000000004 0.17090000000000002 87.625000000000014
decision_type=2 2 2 2 2 2 2
left_child=-1 4 3 -3 5 -2 -7
right_child=1 2 -4 -5 -6 6 -8
leaf_value=-0.058295520551826643 -0.071522783947662566 0.064759202318912523 -0.018466381201709525 -0.029024697591046818 0.046163413722696174 -0.0015248712607265674 0.035023080770798964
leaf_weight=110 66 286 133 56 167 6876 249
leaf_count=110 66 286 133 56 167 6876 249
internal_value=0.00114334 0.00201471 0.0302626 0.0492058 0.000171834 -0.000927584 -0.000223952
internal_weight=7943 7833 475 342 7358 7191 7125
internal_count=7943 7833 475 342 7358 7191 7125
is_linear=0
shrinkage=0.02


Tree=486
num_leaves=8
num_cat=0
split_feature=52 16 62 20 57 41 41
split_gain=1080.97 1158.07 1043.05 1367.11 964.889 964.436 1450.01
threshold=61.455000000000005 0.32955000000000007 1.0000000180025095e-35 1026820.8500000002 11.665000000000001 28.885000000000002 25.175000000000004
decision_type=2 2 2 10 2 2 2
left_child=1 -1 -3 5 -2 6 -4
right_child=4 2 3 -5 -6 -7 -8
leaf_value=-0.025027700832050997 0.049253224683532548 0.00446237265658226 -0.0065696310284918394 -0.044144031659365347 0.0064171326925912273 0.0068812212403086583 -0.13901255729297796
leaf_weight=996 232 3473 108 457 1892 786 43
leaf_count=996 232 3473 108 457 1892 786 43
internal_value=-0.0010076 -0.0054361 -0.00140524 -0.0159875 0.0112007 -0.00209334 -0.0475319
internal_weight=7987 5863 4867 1394 2124 937 151
internal_count=7987 5863 4867 1394 2124 937 151
is_linear=0
shrinkage=0.02


Tree=487
num_leaves=8
num_cat=1
split_feature=7 22 22 12 22 16 10
split_gain=866.338 1632.75 930.462 1014.62 748.951 1073.2 936.599
threshold=0 11868.400000000001 7121.0500000000011 70.260000000000005 17403.750000000004 0.72825000000000006 36557.30000000001
decision_type=1 2 2 2 2 2 2
left_child=1 2 -1 -4 6 -6 -2
right_child=4 -3 3 -5 5 -7 -8
leaf_value=-0.053447181836503453 -0.010014729014799941 -0.026471429601209219 0.018761441604763011 0.12027994438674715 0.01083683854771259 0.075280421387335844 0.0085737923513550095
leaf_weight=56 2064 1013 342 40 2088 104 2273
leaf_count=56 2064 1013 342 40 2088 104 2273
internal_value=0.00142922 -0.012473 0.0195543 0.0308083 0.00453816 0.0140587 -0.000273923
internal_weight=7980 1451 438 382 6529 2192 4337
internal_count=7980 1451 438 382 6529 2192 4337
cat_boundaries=0 1
cat_threshold=48
is_linear=0
shrinkage=0.02


Tree=488
num_leaves=8
num_cat=0
split_feature=55 16 47 56 40 34 50
split_gain=1006.48 1029.85 1106.04 1071.35 1065.4 947.382 886.838
threshold=55.055000000000007 0.71425000000000016 7.5000000000000009 36.285000000000004 49.515000000000008 1.5000000000000002 3.5000000000000004
decision_type=2 2 2 2 2 2 2
left_child=1 6 3 4 -3 -2 -1
right_child=5 2 -4 -5 -6 -7 -8
leaf_value=-0.0019430960178419662 -0.036861134079077637 -0.069758758140060148 -0.0070976044523985114 0.071457660894190506 0.05832932596405347 -0.0014958822413554307 0.040062141937445492
leaf_weight=6010 561 48 222 247 46 653 203
leaf_count=6010 561 48 222 247 46 653 203
internal_value=-0.00119184 0.00181669 0.0275946 0.0499564 -0.00729716 -0.0179226 -0.00053953
internal_weight=7990 6776 563 341 94 1214 6213
internal_count=7990 6776 563 341 94 1214 6213
is_linear=0
shrinkage=0.02


Tree=489
num_leaves=8
num_cat=1
split_feature=16 54 2 6 14 38 51
split_gain=1094.52 934.378 853.527 890.759 844.636 1024.85 770.612
threshold=0.32955000000000007 63.410000000000004 0 3.5000000000000004 43.180000000000007 26806.550000000007 39.435000000000009
decision_type=2 2 1 2 2 8 2
left_child=1 -1 3 -3 -2 -6 -7
right_child=4 2 -4 -5 5 6 -8
leaf_value=0.066291008650087843 0.003610524011333922 -0.010942525827657916 -0.036485689791014596 0.075504896104908903 0.004866841467681216 -0.0294127496085533 -0.11649602449857271
leaf_weight=46 6372 570 670 47 196 122 60
leaf_count=46 6372 570 670 47 196 122 60
internal_value=-0.00139499 -0.0179204 -0.0211752 -0.00374319 0.00187933 -0.0269698 -0.0604688
internal_weight=8083 1333 1287 617 6750 378 182
internal_count=8083 1333 1287 617 6750 378 182
cat_boundaries=0 1
cat_threshold=146
is_linear=0
shrinkage=0.02


Tree=490
num_leaves=8
num_cat=0
split_feature=9 52 55 8 40 8 40
split_gain=1031.32 1181.4 920.116 963.548 812.431 742.496 965.16
threshold=1.5000000000000002 72.825000000000003 37.995000000000012 31.485000000000003 55.32500000000001 39.080000000000005 19.550000000000001
decision_type=2 2 2 2 2 2 2
left_child=2 5 -1 -4 -5 -2 -7
right_child=1 -3 3 4 -6 6 -8
leaf_value=0.012726551819805363 0.0045908223849000498 0.028161684214335368 -0.0094900616591613671 -0.064061600412773839 -0.011368514538100623 -0.077409437650983987 -0.0083522318793065164
leaf_weight=468 4011 701 1270 284 201 83 1038
leaf_count=468 4011 701 1270 284 201 83 1038
internal_value=-0.000513634 0.00390467 -0.0120897 -0.0187247 -0.0425627 0.000567128 -0.0137863
internal_weight=8056 5833 2223 1755 485 5132 1121
internal_count=8056 5833 2223 1755 485 5132 1121
is_linear=0
shrinkage=0.02


Tree=491
num_leaves=8
num_cat=0
split_feature=8 17 45 54 67 40 31
split_gain=943.488 838.351 681.59 949.837 1357.36 1921.4 901.509
threshold=50.695000000000007 5035.1000000000013 1.0000000180025095e-35 79.215000000000018 17.389037012401136 30.690000000000001 1.0000000180025095e-35
decision_type=2 2 2 2 2 2 2
left_child=2 -2 -1 4 5 -4 -5
right_child=1 -3 3 6 -6 -7 -8
leaf_value=0.0093321396883258821 -0.073426012523748266 -0.012523472622908947 -0.052491511867762845 -0.02143096780390186 0.071961505313714341 0.017423178457531056 0.00069427464115972171
leaf_weight=3155 103 576 188 1301 130 844 1689
leaf_count=3155 103 576 188 1301 130 844 1689
internal_value=0.000231121 -0.0222312 0.0023322 -0.00299171 0.012319 0.0044951 -0.0089525
internal_weight=7986 679 7307 4152 1162 1032 2990
internal_count=7986 679 7307 4152 1162 1032 2990
is_linear=0
shrinkage=0.02


Tree=492
num_leaves=8
num_cat=0
split_feature=16 9 50 9 42 52 16
split_gain=843.716 846.355 803.024 916.495 781.957 1069.59 1127.83
threshold=0.59965000000000013 7.5000000000000009 3.5000000000000004 1.5000000000000002 48.815000000000005 19.225000000000005 0.48315000000000002
decision_type=2 2 2 2 2 2 2
left_child=2 -2 3 4 5 -1 -7
right_child=1 -3 -4 -5 -6 6 -8
leaf_value=0.037809114511523932 0.0067320862550376628 0.041284753961379039 0.037726521353271106 0.00057069505624972338 -0.0049434821721747197 -0.070883590877554484 -0.0091762450848724333
leaf_weight=65 1727 335 188 4446 739 294 199
leaf_count=65 1727 335 188 4446 739 294 199
internal_value=0.00142795 0.0124319 -0.002405 -0.0037504 -0.018508 -0.0362691 -0.0463176
internal_weight=7993 2062 5931 5743 1297 558 493
internal_count=7993 2062 5931 5743 1297 558 493
is_linear=0
shrinkage=0.02


Tree=493
num_leaves=8
num_cat=0
split_feature=40 14 9 33 32 24 55
split_gain=779.332 799.476 679.92 713.495 744.937 1198.31 939.733
threshold=87.625000000000014 43.180000000000007 21.500000000000004 5.5000000000000009 1.0000000180025095e-35 5.5000000000000009 54.735000000000007
decision_type=2 2 2 2 2 2 2
left_child=1 2 3 4 5 6 -1
right_child=-2 -3 -4 -5 -6 -7 -8
leaf_value=0.0068109689367628233 0.031618208868246997 -0.029605615713803518 0.034829860507749284 0.032005336831040357 -0.012842036182545423 -0.056845695267853547 -0.018523161625543117
leaf_weight=3692 261 428 194 225 2382 134 691
leaf_count=3692 261 428 194 225 2382 134 691
internal_value=-0.00204492 -0.00319885 -0.00163527 -0.00265202 -0.00380467 0.000970031 0.00280037
internal_weight=8007 7746 7318 7124 6899 4517 4383
internal_count=8007 7746 7318 7124 6899 4517 4383
is_linear=0
shrinkage=0.02


Tree=494
num_leaves=8
num_cat=0
split_feature=16 21 9 47 13 40 17
split_gain=770.761 838.012 826.231 716.835 779.82 714.441 636.63
threshold=0.57745000000000013 255166.55000000002 8.5000000000000018 9.5000000000000018 310.95000000000005 5.6100000000000003 4044.5500000000006
decision_type=2 10 2 2 2 2 2
left_child=1 5 6 4 -4 -1 -2
right_child=2 -3 3 -5 -6 -7 -8
leaf_value=-0.085416801194755407 0.026147792903787416 0.0061459874793824074 -0.014609665369445628 -0.030971205830574035 0.06373824266133872 -0.008414842041888906 -0.00053315102954736352
leaf_weight=44 455 2299 61 49 257 3255 1608
leaf_count=44 455 2299 61 49 257 3255 1608
internal_value=0.00096767 -0.00311573 0.0103617 0.0378031 0.0487157 -0.00956955 0.00540039
internal_weight=8028 5598 2430 367 318 3299 2063
internal_count=8028 5598 2430 367 318 3299 2063
is_linear=0
shrinkage=0.02


Tree=495
num_leaves=8
num_cat=0
split_feature=43 40 64 17 52 13 13
split_gain=753.635 1044.98 975.771 986.323 1129.83 764.893 759.235
threshold=1.0000000180025095e-35 73.395000000000024 2.5000000000000004 2956.3500000000004 35.445000000000007 383.75000000000006 369.55000000000007
decision_type=2 2 2 2 2 2 2
left_child=1 -1 3 4 -2 6 -5
right_child=2 -3 -4 5 -6 -7 -8
leaf_value=-0.01501420810111557 -0.018796117836778814 0.034957438659476668 -7.990360900534265e-06 0.009940406780459583 0.089812590212657528 0.044745980018404276 -0.050517672759921924
leaf_weight=1777 50 180 4841 658 140 216 90
leaf_count=1777 50 180 4841 658 140 216 90
internal_value=0.000420045 -0.0103406 0.00393842 0.0204221 0.0614823 0.0120538 0.0023789
internal_weight=7952 1957 5995 1154 190 964 748
internal_count=7952 1957 5995 1154 190 964 748
is_linear=0
shrinkage=0.02


Tree=496
num_leaves=8
num_cat=0
split_feature=16 37 55 24 32 16 13
split_gain=848.072 777.489 874.554 1093.73 1007.65 1285.7 1559.78
threshold=0.77305000000000013 1.0000000180025095e-35 49.015000000000008 2.5000000000000004 1.0000000180025095e-35 0.34145000000000009 375.85000000000008
decision_type=2 2 2 2 2 2 2
left_child=1 -1 4 -4 5 6 -3
right_child=-2 2 3 -5 -6 -7 -8
leaf_value=-0.0079252306751176026 0.034303736814722263 -0.039324781151863844 -0.023349958950886793 0.012117105246478924 -0.0029546801553830765 0.030478198799901744 0.047754080515385662
leaf_weight=3498 278 253 802 607 1184 1299 116
leaf_count=3498 278 253 802 607 1184 1299 116
internal_value=0.000296075 -0.000943705 0.00479024 -0.00808186 0.0111526 0.0211453 -0.0116779
internal_weight=8037 7759 4261 1409 2852 1668 369
internal_count=8037 7759 4261 1409 2852 1668 369
is_linear=0
shrinkage=0.02


Tree=497
num_leaves=8
num_cat=0
split_feature=54 67 16 14 41 66 31
split_gain=926.516 1169.09 863.942 876.822 940.697 1107.39 900.726
threshold=73.02500000000002 8.6107871708661765 0.17090000000000002 33.665000000000006 23.250000000000004 0.56250000000000011 1.0000000180025095e-35
decision_type=2 2 2 2 2 2 2
left_child=1 -1 -2 4 5 -4 -5
right_child=2 -3 3 6 -6 -7 -8
leaf_value=0.0039968919845359682 -0.067615121466878023 0.051311025113119919 -0.037267168977043845 -0.044433724295299341 0.0031506729482896306 0.044787417279604162 -0.0029552244930670362
leaf_weight=719 76 290 435 364 5555 73 486
leaf_count=719 76 290 435 364 5555 73 486
internal_value=-8.49402e-05 0.0177816 -0.00267519 -0.0019129 0.000760317 -0.0251543 -0.0208738
internal_weight=7998 1009 6989 6913 6063 508 850
internal_count=7998 1009 6989 6913 6063 508 850
is_linear=0
shrinkage=0.02


Tree=498
num_leaves=8
num_cat=0
split_feature=8 12 10 14 53 0 10
split_gain=1080.29 1079.59 1358.77 1184.65 1011.48 979.428 879.891
threshold=47.245000000000012 47.120000000000012 12490.300000000001 17.895000000000003 46.545000000000009 67.500000000000014 22769.550000000007
decision_type=2 2 2 2 2 2 2
left_child=1 2 3 4 -1 -5 -4
right_child=-2 -3 6 5 -6 -7 -8
leaf_value=-0.060073364272222415 -0.019862883316530161 0.011412182841324786 0.018910908777736206 -0.066252466593998791 0.017030382198316079 0.028959849178791047 -0.0051009993110700015
leaf_weight=86 899 3431 852 318 265 47 2117
leaf_count=86 899 3431 852 318 265 47 2117
internal_value=0.000732723 0.00334679 -0.00416796 -0.0287963 -0.00243953 -0.0537666 0.00180979
internal_weight=8015 7116 3685 716 351 365 2969
internal_count=8015 7116 3685 716 351 365 2969
is_linear=0
shrinkage=0.02


Tree=499
num_leaves=8
num_cat=0
split_feature=16 8 57 21 53 9 51
split_gain=703.841 985.339 887.259 911.498 836.272 799.681 780.324
threshold=0.38535000000000003 24.685000000000006 42.525000000000013 287144.20000000007 38.57500000000001 12.500000000000002 40.455000000000005
decision_type=2 2 2 10 2 2 2
left_child=1 2 3 -1 -3 -2 -5
right_child=5 4 -4 6 -6 -7 -8
leaf_value=0.0010777361272885327 0.00098082205740418395 0.027904426027899203 -0.021186102015130662 0.019607544853610711 -0.029352860037695907 0.026260867818758887 0.096663480319760076
leaf_weight=469 5279 110 369 139 970 548 83
leaf_count=469 5279 110 369 139 970 548 83
internal_value=-0.000224284 -0.01002 0.00367804 0.0170125 -0.0234194 0.00337876 0.0499113
internal_weight=7967 2140 1060 691 1080 5827 222
internal_count=7967 2140 1060 691 1080 5827 222
is_linear=0
shrinkage=0.02


Tree=500
num_leaves=8
num_cat=0
split_feature=64 42 37 58 51 41 51
split_gain=779.947 587.471 629.905 831.111 511.812 1017.8 798.986
threshold=1.0000000180025095e-35 9.1200000000000028 0.26970000000000005 43.975000000000001 12.555000000000001 80.610000000000014 13.555000000000001
decision_type=2 2 2 2 2 2 2
left_child=-1 2 3 -2 5 -3 -6
right_child=1 4 -4 -5 6 -7 -8
leaf_value=-0.072283401812116316 -0.041958033325416706 -0.010868043128793237 -0.077472562637884879 0.047822643867967758 0.053108664357619323 0.045502317460495038 0.0045793049002279054
leaf_weight=52 100 1643 69 63 134 134 5842
leaf_count=52 100 1643 69 63 134 134 5842
internal_value=0.00143805 0.00196307 -0.0290575 -0.00686699 0.00290946 -0.00650152 0.00571097
internal_weight=8037 7985 232 163 7753 1777 5976
internal_count=8037 7985 232 163 7753 1777 5976
is_linear=0
shrinkage=0.02


Tree=501
num_leaves=8
num_cat=0
split_feature=16 41 66 41 8 42 16
split_gain=1029.98 865.348 758.281 809.015 898.991 754.998 736.523
threshold=0.72825000000000006 37.365000000000002 0.68750000000000011 14.405000000000003 37.965000000000011 4.6300000000000017 0.18245000000000003
decision_type=2 2 2 2 2 2 2
left_child=2 -2 3 4 -1 -5 -7
right_child=1 -3 -4 5 -6 6 -8
leaf_value=-0.01766874906124245 0.079599503985834569 0.015507202661671174 0.035288909143119149 -0.060256060677165373 -0.11544180534780026 -0.051151201213718557 0.0012529523173924601
leaf_weight=186 101 430 226 78 43 104 6791
leaf_count=186 101 430 226 78 43 104 6791
internal_value=0.00155165 0.0283268 -0.000380179 -0.00152319 -0.0381023 -0.000295453 0.000426027
internal_weight=7959 531 7428 7202 229 6973 6895
internal_count=7959 531 7428 7202 229 6973 6895
is_linear=0
shrinkage=0.02


Tree=502
num_leaves=8
num_cat=0
split_feature=16 55 52 15 8 34 42
split_gain=993.088 915.034 963.713 1315.02 909.904 866.035 865.149
threshold=0.17090000000000002 55.055000000000007 63.135000000000012 1.5000000000000002 47.245000000000012 2.5000000000000004 57.605000000000011
decision_type=2 2 2 2 2 2 2
left_child=-1 4 5 -4 -2 6 -3
right_child=1 2 3 -5 -6 -7 -8
leaf_value=-0.064586829370260238 0.0043407513840599187 -0.054045108516430442 0.036011356588269761 -0.065724873789013011 -0.019195967974426055 0.0084197751776803106 -0.0066856855109614557
leaf_weight=95 5918 457 230 60 734 205 234
leaf_count=95 5918 457 230 60 734 205 234
internal_value=-0.00195796 -0.00115817 -0.0173031 0.0142053 0.00173118 -0.0275234 -0.0381706
internal_weight=7933 7838 1186 290 6652 896 691
internal_count=7933 7838 1186 290 6652 896 691
is_linear=0
shrinkage=0.02


Tree=503
num_leaves=8
num_cat=0
split_feature=43 41 15 16 51 14 31
split_gain=925.042 1115.63 761.97 775.887 757.043 712.489 948.073
threshold=1.0000000180025095e-35 79.385000000000005 1.5000000000000002 0.77885000000000015 8.1750000000000025 43.180000000000007 1.0000000180025095e-35
decision_type=2 2 2 2 2 2 2
left_child=1 4 5 -4 -1 -2 -7
right_child=2 -3 3 -5 -6 6 -8
leaf_value=-0.04400815944797315 0.0090140807903829195 0.052383444323113156 -0.014066516863065259 0.068937294889003672 -0.0098834908494413419 -0.069957038335023675 0.0051328791767344473
leaf_weight=308 4586 97 1130 42 1569 104 174
leaf_count=308 4586 97 1130 42 1569 104 174
internal_value=-0.000254072 -0.0121213 0.00363378 -0.0108118 -0.0155851 0.00712202 -0.023698
internal_weight=8010 1974 6036 1172 1877 4864 278
internal_count=8010 1974 6036 1172 1877 4864 278
is_linear=0
shrinkage=0.02


Tree=504
num_leaves=8
num_cat=1
split_feature=14 23 53 34 38 1 9
split_gain=888.473 1057.6 1066.46 802.511 1055.11 847.312 744.299
threshold=43.180000000000007 3.6500000000000008 71.115000000000023 1.5000000000000002 8887.0000000000018 0 12.500000000000002
decision_type=2 2 2 2 8 1 2
left_child=1 2 -1 4 -2 -6 -3
right_child=3 6 -4 -5 5 -7 -8
leaf_value=0.012187412374598139 0.012274959457024712 -0.0015792837472262738 0.082569023179709919 -0.0017977251333650202 -0.026487902189368633 -0.1268929643264736 0.018385208052689696
leaf_weight=284 63 6319 120 247 62 78 842
leaf_count=284 63 6319 120 247 62 78 842
internal_value=0.000935541 0.00256647 0.0338467 -0.0262091 -0.0551544 -0.0848745 0.000779358
internal_weight=8015 7565 404 450 203 140 7161
internal_count=8015 7565 404 450 203 140 7161
cat_boundaries=0 1
cat_threshold=2
is_linear=0
shrinkage=0.02


Tree=505
num_leaves=8
num_cat=0
split_feature=40 64 55 16 53 9 55
split_gain=941.624 1288.57 1247.29 918.453 1007.57 951.197 1092.43
threshold=72.590000000000018 2.5000000000000004 49.225000000000001 0.79410000000000014 65.295000000000016 1.5000000000000002 35.525000000000013
decision_type=2 2 2 2 2 2 2
left_child=3 2 -2 5 -5 6 -1
right_child=1 -3 -4 4 -6 -7 -8
leaf_value=0.020863841837005955 0.087430349332166882 0.0036141678107725014 -0.0087876306083940325 0.089428798819697189 -0.0070081273941220825 -0.0013941437112876707 -0.024731131571955504
leaf_weight=240 159 835 79 81 86 5069 1516
leaf_count=240 159 835 79 81 86 5069 1516
internal_value=-0.00196888 0.0154326 0.0559688 -0.00464844 0.0410066 -0.00579477 -0.0184579
internal_weight=8065 1073 238 6992 167 6825 1756
internal_count=8065 1073 238 6992 167 6825 1756
is_linear=0
shrinkage=0.02


Tree=506
num_leaves=8
num_cat=0
split_feature=9 8 40 55 41 0 23
split_gain=721.187 1047.76 886.365 860.83 885.944 1174.61 853.182
threshold=4.5000000000000009 54.410000000000004 47.045000000000009 37.865000000000002 16.360000000000003 38.500000000000007 21.050000000000004
decision_type=2 2 2 2 2 2 2
left_child=1 3 -3 -1 5 -5 -2
right_child=6 2 -4 4 -6 -7 -8
leaf_value=0.014058434068511885 0.0031956148252156079 -0.08551160454324544 -0.01297542891655749 0.011001773742692811 -0.005867344326017535 -0.11420181850024631 0.037424040580470615
leaf_weight=905 3069 111 166 51 3352 65 317
leaf_count=905 3069 111 166 51 3352 65 317
internal_value=-0.000565329 -0.00567555 -0.0430431 -0.00326211 -0.00779577 -0.0609754 0.00645056
internal_weight=8036 4650 277 4373 3468 116 3386
internal_count=8036 4650 277 4373 3468 116 3386
is_linear=0
shrinkage=0.02


Tree=507
num_leaves=8
num_cat=0
split_feature=0 64 55 0 42 40 64
split_gain=775.206 743.614 707.22 722.95 864.43 565.626 695.014
threshold=68.500000000000014 1.0000000180025095e-35 49.105000000000011 80.500000000000014 59.495000000000012 81.645000000000024 3.5000000000000004
decision_type=2 2 2 2 2 2 2
left_child=1 -1 3 4 -2 -3 -7
right_child=2 5 -4 -5 -6 6 -8
leaf_value=-0.077523333252221355 0.076064495139602409 -0.0015254976154000822 -0.0120906771589635 -0.027566519576311111 -0.012983422213691776 0.041144728243991895 -0.0092154152850147161
leaf_weight=45 196 7105 127 45 54 274 178
leaf_count=45 196 7105 127 45 54 274 178
internal_value=0.000824405 -0.000648021 0.027046 0.0438154 0.0569527 -0.000139292 0.0214288
internal_weight=8024 7602 422 295 250 7557 452
internal_count=8024 7602 422 295 250 7557 452
is_linear=0
shrinkage=0.02


Tree=508
num_leaves=8
num_cat=0
split_feature=52 44 18 9 8 15 58
split_gain=823.417 944.892 1127.47 1063.35 979.985 764.696 905.619
threshold=67.205000000000013 1.0000000180025095e-35 1482388.1000000003 17.500000000000004 36.495000000000012 1.5000000000000002 30.715000000000003
decision_type=2 2 2 2 2 2 2
left_child=1 2 -1 4 -3 -6 -7
right_child=-2 3 -4 -5 5 6 -8
leaf_value=-0.021761965232018548 0.013950839954534236 0.0042405993292578817 0.059177405930136984 0.039713983998766966 -0.010598731147139996 0.012759054625034332 -0.094514970118083907
leaf_weight=1279 1473 3740 68 268 1077 45 92
leaf_count=1279 1473 3740 68 268 1077 45 92
internal_value=0.000462541 -0.00257032 -0.0174722 0.00128661 -0.000830164 -0.0164051 -0.0600704
internal_weight=8042 6569 1347 5222 4954 1214 137
internal_count=8042 6569 1347 5222 4954 1214 137
is_linear=0
shrinkage=0.02


Tree=509
num_leaves=8
num_cat=0
split_feature=44 57 9 50 57 57 46
split_gain=878.781 1576.02 1321.62 1194.8 1253.73 1054.26 1165.26
threshold=1.0000000180025095e-35 10.435 1.5000000000000002 1.0000000180025095e-35 59.960000000000008 34.760000000000012 7.5000000000000009
decision_type=2 2 2 2 2 2 2
left_child=1 -1 -3 -4 5 6 -5
right_child=-2 2 3 4 -6 -7 -8
leaf_value=0.04947948160505778 0.0036021111896514598 -0.048768161099771376 0.022523499513070609 -0.023589107822332339 0.057395482609669368 -0.055458119974031064 0.070783082838311348
leaf_weight=143 6372 421 358 248 67 329 61
leaf_count=143 6372 421 358 248 67 329 61
internal_value=0.000250815 -0.0128451 -0.0189967 -0.00703265 -0.0220942 -0.0308233 -0.00412854
internal_weight=7999 1627 1484 1063 705 638 309
internal_count=7999 1627 1484 1063 705 638 309
is_linear=0
shrinkage=0.02


Tree=510
num_leaves=8
num_cat=0
split_feature=55 57 56 57 45 31 40
split_gain=768.217 907.966 856.845 865.734 821.732 901.759 2317.17
threshold=37.995000000000012 44.57500000000001 42.675000000000004 18.775000000000002 1.0000000180025095e-35 1.0000000180025095e-35 42.410000000000004
decision_type=2 2 2 2 2 2 2
left_child=1 2 -1 -4 -2 6 -6
right_child=4 -3 3 -5 5 -7 -8
leaf_value=0.027335761505828487 0.0053435705815441902 -0.035428546767279107 -0.026634589181904565 0.022419354011795737 -0.057640889919429769 -0.00066571802202714349 -0.0043510808270074263
leaf_weight=1019 2695 143 297 270 469 2073 1051
leaf_count=1019 2695 143 297 270 469 2073 1051
internal_value=0.000249043 0.0120358 0.0164133 -0.00328378 -0.00299893 -0.00925511 -0.0209289
internal_weight=8017 1729 1586 567 6288 3593 1520
internal_count=8017 1729 1586 567 6288 3593 1520
is_linear=0
shrinkage=0.02


Tree=511
num_leaves=8
num_cat=0
split_feature=9 42 16 20 16 64 42
split_gain=835.575 1191.46 926.358 730.147 728.358 762.41 900.12
threshold=16.500000000000004 31.075000000000003 0.72825000000000006 1371505.4500000004 0.17090000000000002 4.5000000000000009 30.335000000000004
decision_type=2 2 2 8 2 2 2
left_child=2 -2 4 -4 -1 -6 -7
right_child=1 -3 3 -5 5 6 -8
leaf_value=-0.06605287695987315 0.074544442956455792 0.0045111647277991194 -0.0097016813655190059 0.038571314470675799 -0.0069543653613527026 0.079434495039284223 0.0069721339704649837
leaf_weight=74 127 371 192 347 6313 75 489
leaf_count=74 127 371 192 347 6313 75 489
internal_value=-0.00202113 0.0229345 -0.0036946 0.0214446 -0.00565797 -0.00496058 0.0172214
internal_weight=7988 498 7490 539 6951 6877 564
internal_count=7988 498 7490 539 6951 6877 564
is_linear=0
shrinkage=0.02


Tree=512
num_leaves=8
num_cat=0
split_feature=44 0 57 21 41 56 56
split_gain=847.758 1099.45 1027.28 917.185 1211.11 855.249 805.75
threshold=1.0000000180025095e-35 55.500000000000007 34.005000000000003 171578.70000000004 33.255000000000003 37.705000000000005 39.055000000000007
decision_type=2 2 2 10 2 2 2
left_child=2 -2 -1 6 5 -5 -4
right_child=1 -3 3 4 -6 -7 -8
leaf_value=0.0027747817665686714 -0.0019186165378249132 0.018645918917431857 -0.021732215952749052 -0.11702856037405229 0.0079680727544361243 -0.0083919004216545922 -0.080637793342272432
leaf_weight=773 5116 1300 187 57 358 56 190
leaf_count=773 5116 1300 187 57 358 56 190
internal_value=-0.00100793 0.00225941 -0.0139074 -0.0290413 -0.0102422 -0.0658278 -0.0520863
internal_weight=8037 6416 1621 848 471 113 377
internal_count=8037 6416 1621 848 471 113 377
is_linear=0
shrinkage=0.02


Tree=513
num_leaves=8
num_cat=1
split_feature=0 8 7 48 14 14 8
split_gain=829.424 667.853 603.838 1462.76 792.285 858.271 765.192
threshold=67.500000000000014 50.695000000000007 0 15.500000000000002 21.325000000000003 23.305000000000003 17.385000000000002
decision_type=2 2 1 2 2 2 2
left_child=1 2 3 4 -1 -6 -5
right_child=-2 -3 -4 6 5 -7 -8
leaf_value=0.005870211482699718 0.024424490721379914 -0.020776113597164737 0.0026842796275617599 -0.028429428752054248 -0.096496521877864047 -0.016067780649222783 -0.1415324221134186
leaf_weight=761 500 687 5579 52 58 358 45
leaf_count=761 500 687 5579 52 58 358 45
internal_value=-0.000390211 -0.00205084 -0.000159892 -0.0124999 -0.00627352 -0.0282943 -0.0852657
internal_weight=8040 7540 6853 1274 1177 416 97
internal_count=8040 7540 6853 1274 1177 416 97
cat_boundaries=0 1
cat_threshold=36
is_linear=0
shrinkage=0.02


Tree=514
num_leaves=8
num_cat=0
split_feature=43 22 65 13 54 47 50
split_gain=661.25 909.515 960.168 1237.99 1046.9 1087.99 1718.16
threshold=1.0000000180025095e-35 22649.150000000005 0.58571428571428574 303.15000000000003 92.315000000000012 5.5000000000000009 1.5000000000000002
decision_type=2 2 2 2 2 2 2
left_child=1 2 4 -4 5 6 -1
right_child=-2 -3 3 -5 -6 -7 -8
leaf_value=-0.092467606749113015 0.0034320195867358887 -0.043955709232615367 0.055254082587576407 -0.0025512621098341165 0.014790305657940293 -0.0086082730954240641 0.016390898630377793
leaf_weight=200 6039 266 189 626 256 337 79
leaf_count=200 6039 266 189 626 256 337 79
internal_value=0.000159784 -0.00994144 -0.00446415 0.0111091 -0.0189998 -0.0330484 -0.061898
internal_weight=7992 1953 1687 815 872 616 279
internal_count=7992 1953 1687 815 872 616 279
is_linear=0
shrinkage=0.02


Tree=515
num_leaves=8
num_cat=0
split_feature=12 64 32 40 0 16 10
split_gain=871.178 731.904 1040.16 990.225 1016.99 1298.83 1209.16
threshold=76.370000000000019 4.5000000000000009 1.0000000180025095e-35 11.365000000000002 55.500000000000007 0.44315000000000004 19260.000000000004
decision_type=2 2 2 2 2 2 2
left_child=1 2 3 -1 5 -5 -6
right_child=-2 -3 -4 4 6 -7 -8
leaf_value=-0.049632789830227834 0.02147886848376776 0.02047040811639441 -0.014889626057079273 -0.01790930933191576 -0.0025987745393135247 0.0075060411353516255 0.043916905134704733
leaf_weight=138 743 570 2051 1197 408 2426 488
leaf_count=138 743 570 2051 1197 408 2426 488
internal_value=0.000925001 -0.00118662 -0.00304076 0.002188 0.00382359 -0.000904025 0.0228388
internal_weight=8021 7278 6708 4657 4519 3623 896
internal_count=8021 7278 6708 4657 4519 3623 896
is_linear=0
shrinkage=0.02


Tree=516
num_leaves=8
num_cat=0
split_feature=33 51 54 21 48 16 33
split_gain=1037.43 729.271 725.868 843.617 1150.53 917.937 656.038
threshold=1.0000000180025095e-35 40.085000000000008 99.385000000000005 366343.60000000003 4.5000000000000009 0.5232500000000001 5.5000000000000009
decision_type=2 2 2 8 2 2 2
left_child=1 2 3 -1 5 -5 -2
right_child=6 -3 -4 4 -6 -7 -8
leaf_value=-0.068723983712939182 -0.0018310251917767861 -0.091244105089532401 -0.08557135135915718 -0.0013698560656127284 -0.034174448853289643 0.11357527999501481 0.03086885281486481
leaf_weight=62 7256 68 52 54 103 52 249
leaf_count=62 7256 68 52 54 103 52 249
internal_value=-0.00239149 -0.0339413 -0.0206706 -0.00689267 0.0126268 0.0575943 -0.000726283
internal_weight=7896 391 323 271 209 106 7505
internal_count=7896 391 323 271 209 106 7505
is_linear=0
shrinkage=0.02


Tree=517
num_leaves=8
num_cat=1
split_feature=14 66 10 16 32 51 2
split_gain=978.817 903.96 977.208 841.666 1204.72 1205.06 1097.8
threshold=43.180000000000007 0.18750000000000003 24347.500000000004 0.51055000000000017 1.0000000180025095e-35 6.3550000000000013 0
decision_type=2 2 2 2 2 2 1
left_child=3 2 -2 6 5 -5 -1
right_child=1 -3 -4 4 -6 -7 -8
leaf_value=0.006981557456342255 -0.12757376858362784 -0.012155713714967818 -0.0017156309882799784 -0.012700858635509887 -0.0064488606924335582 0.025332858754749325 -0.013492953036571052
leaf_weight=1986 60 333 40 405 1207 1808 2187
leaf_count=1986 60 333 40 405 1207 1808 2187
internal_value=0.000583437 -0.0284889 -0.0797095 0.00225898 0.00960733 0.0183594 -0.00376768
internal_weight=8026 433 100 7593 3420 2213 4173
internal_count=8026 433 100 7593 3420 2213 4173
cat_boundaries=0 1
cat_threshold=146
is_linear=0
shrinkage=0.02


Tree=518
num_leaves=8
num_cat=0
split_feature=12 51 52 14 33 40 43
split_gain=1049.33 1048.06 763.87 636.72 754.486 698.344 590.228
threshold=7.3150000000000004 13.335000000000003 2.8800000000000003 43.180000000000007 2.5000000000000004 62.045000000000009 1.0000000180025095e-35
decision_type=2 2 2 2 2 2 2
left_child=1 -1 -2 6 5 -5 -4
right_child=2 -3 3 4 -6 -7 -8
leaf_value=-0.099238667704164993 -0.055648060251648229 -0.015386067860756055 -0.007536482811318467 -0.070110533453008661 0.0025915734372709111 0.01815204141699538 0.0058000391903697945
leaf_weight=75 91 244 1753 154 225 44 5417
leaf_count=75 91 244 1753 154 225 44 5417
internal_value=-0.00107091 -0.0363279 0.000415451 0.00112353 -0.0225749 -0.0505326 0.0025364
internal_weight=8003 319 7684 7593 423 198 7170
internal_count=8003 319 7684 7593 423 198 7170
is_linear=0
shrinkage=0.02


Tree=519
num_leaves=8
num_cat=0
split_feature=52 9 18 52 16 38 42
split_gain=818.635 1011.34 1243.46 1179.59 1233.39 966.907 866.658
threshold=30.840000000000003 8.5000000000000018 1362334.7000000002 17.585000000000004 0.32955000000000007 5342.6500000000005 77.75500000000001
decision_type=2 2 2 2 2 8 2
left_child=1 2 6 5 -5 -3 -1
right_child=-2 3 -4 4 -6 -7 -8
leaf_value=-0.031893678306751737 0.0038340356798788906 0.044078615546226503 0.055909022342159664 -0.030777682972821727 0.071325400467788763 -0.064205755569785833 0.046176549203571726
leaf_weight=996 6523 45 72 62 167 95 56
leaf_count=996 6523 45 72 62 167 95 56
internal_value=0.000774716 -0.0125598 -0.0219697 0.016014 0.0436148 -0.0290803 -0.0275391
internal_weight=8016 1493 1124 369 229 140 1052
internal_count=8016 1493 1124 369 229 140 1052
is_linear=0
shrinkage=0.02


Tree=520
num_leaves=8
num_cat=0
split_feature=45 57 48 23 21 12 41
split_gain=846.794 862.205 967.243 794.649 787.41 774.885 972.807
threshold=1.0000000180025095e-35 41.805000000000007 4.5000000000000009 23.450000000000003 284278.15000000008 19.995000000000001 31.835000000000004
decision_type=2 2 2 2 8 2 2
left_child=1 -1 3 -3 -4 6 -2
right_child=5 2 4 -5 -6 -7 -8
leaf_value=0.01434096226153732 -0.089267230618914423 0.004271763589367047 0.017279187702706884 0.091322318818834097 -0.037029919021212852 -0.0032578610596361562 -0.016886611805319435
leaf_weight=2170 83 628 135 40 464 3979 503
leaf_count=2170 83 628 135 40 464 3979 503
internal_value=-0.000793812 0.00669877 -0.00639498 0.0101241 -0.0247483 -0.00643616 -0.027807
internal_weight=8002 3437 1267 668 599 4565 586
internal_count=8002 3437 1267 668 599 4565 586
is_linear=0
shrinkage=0.02


Tree=521
num_leaves=8
num_cat=0
split_feature=16 56 41 53 21 49 45
split_gain=790.307 886.5 1023.14 1411.76 861.299 777.258 709.365
threshold=0.32955000000000007 39.275000000000013 32.655000000000008 45.285000000000004 294675.50000000006 21.500000000000004 1.0000000180025095e-35
decision_type=2 2 2 2 10 2 2
left_child=1 -1 -3 -4 5 -5 -2
right_child=6 2 3 4 -6 -7 -8
leaf_value=0.0039893294085901606 0.01184951246253102 -0.072669181036097666 0.050706735458752171 -0.011506662416842678 0.010809726971612477 -0.079295736202067396 -0.0012696693824998401
leaf_weight=658 2904 156 101 119 131 158 3803
leaf_count=658 2904 156 101 119 131 158 3803
internal_value=0.00162707 -0.0124712 -0.0286668 -0.014605 -0.0311911 -0.0508937 0.00441528
internal_weight=8030 1323 665 509 408 277 6707
internal_count=8030 1323 665 509 408 277 6707
is_linear=0
shrinkage=0.02


Tree=522
num_leaves=8
num_cat=1
split_feature=21 33 64 6 2 49 38
split_gain=753.793 561.141 692.588 571.788 881.947 801.755 720.663
threshold=386670.95000000001 5.5000000000000009 3.5000000000000004 1.5000000000000002 0 9.5000000000000018 17351.150000000005
decision_type=10 2 2 2 1 2 8
left_child=1 3 -3 6 5 -5 -1
right_child=-2 2 -4 4 -6 -7 -8
leaf_value=0.001045720539823444 0.014466020774497462 0.092109157029750199 0.0073293527202059824 -0.078920217967695661 0.011777964138256556 -0.0079141739328779208 -0.015206172673409226
leaf_weight=1930 1151 48 145 67 1657 560 2505
leaf_count=1930 1151 48 145 67 1657 560 2505
internal_value=-0.00048353 -0.00298162 0.030208 -0.00395673 0.00416732 -0.0158158 -0.00814055
internal_weight=8063 6912 193 6719 2284 627 4435
internal_count=8063 6912 193 6719 2284 627 4435
cat_boundaries=0 1
cat_threshold=41
is_linear=0
shrinkage=0.02


Tree=523
num_leaves=8
num_cat=0
split_feature=48 14 42 55 12 41 42
split_gain=939.639 1002.07 1131.15 668.593 668.438 1116.55 1017.15
threshold=18.500000000000004 13.725000000000003 38.880000000000003 45.005000000000003 14.955000000000002 28.565000000000001 30.335000000000004
decision_type=2 2 2 2 2 2 2
left_child=4 -2 3 -3 5 -1 -7
right_child=1 2 -4 -5 -6 6 -8
leaf_value=-0.082970629011873492 0.018955699013560777 -0.03820207361876965 -0.020628664235972882 -0.152502306357578 0.0044626826036430331 0.072428865192805308 -0.015244486151349585
leaf_weight=83 122 40 194 49 6999 54 512
leaf_count=83 122 40 194 49 6999 54 512
internal_value=0.00107907 -0.0284194 -0.0488171 -0.105896 0.00265871 -0.0166812 -0.00631891
internal_weight=8053 405 283 89 7648 649 566
internal_count=8053 405 283 89 7648 649 566
is_linear=0
shrinkage=0.02


Tree=524
num_leaves=8
num_cat=1
split_feature=16 41 15 5 52 32 52
split_gain=975.7 985.436 873.377 2371.98 878.053 764.252 1188.24
threshold=0.72825000000000006 34.295000000000009 1.5000000000000002 0 83.715000000000018 1.0000000180025095e-35 9.2950000000000017
decision_type=2 2 2 1 2 2 2
left_child=2 -2 5 -4 -5 6 -1
right_child=1 -3 3 4 -6 -7 -8
leaf_value=-0.056832873905330657 0.078840069402423177 0.01142741561806293 0.038252065445074063 -0.030778825842902403 0.056881340201944117 -0.0083198669763318647 0.0085268002023929021
leaf_weight=110 103 453 253 1227 43 2304 3464
leaf_count=110 103 453 253 1227 43 2304 3464
internal_value=-0.000923895 0.0245071 -0.00284965 -0.0163205 -0.0273846 0.000651558 0.00643858
internal_weight=7957 556 7401 1523 1270 5878 3574
internal_count=7957 556 7401 1523 1270 5878 3574
cat_boundaries=0 1
cat_threshold=1
is_linear=0
shrinkage=0.02


Tree=525
num_leaves=8
num_cat=0
split_feature=16 21 21 44 33 51 22
split_gain=1181.16 848.219 900.835 1020.24 793.218 772.485 934.628
threshold=0.59965000000000013 350605.15000000008 214791.40000000002 1.0000000180025095e-35 4.5000000000000009 17.235000000000003 23735.950000000004
decision_type=2 10 8 2 2 2 2
left_child=1 2 -1 4 -4 6 -3
right_child=-2 5 3 -5 -6 -7 -8
leaf_value=0.012652226936357756 0.011514771875945082 -0.0026154072863394267 -0.039260556174313586 -0.0081666121053425387 0.029144606980446137 0.019953080913244416 -0.098878230262309949
leaf_weight=621 2073 287 741 3320 71 808 42
leaf_count=621 2073 287 741 3320 71 808 42
internal_value=-0.00145187 -0.00602141 -0.00973247 -0.0131079 -0.0331376 0.00946662 -0.0162005
internal_weight=7963 5890 4753 4132 812 1137 329
internal_count=7963 5890 4753 4132 812 1137 329
is_linear=0
shrinkage=0.02


Tree=526
num_leaves=8
num_cat=0
split_feature=8 16 41 40 9 55 58
split_gain=807.398 1139.19 1042.27 1033.07 988.34 938.479 1001.82
threshold=21.335000000000004 0.23030000000000003 6.4150000000000009 5.6100000000000003 10.500000000000002 55.185000000000009 19.905000000000005
decision_type=2 2 2 2 2 2 2
left_child=3 -2 -3 -1 -4 6 -5
right_child=1 2 4 5 -6 -7 -8
leaf_value=-0.081838654414111492 -0.051833370942895009 -0.079215171891782024 -0.0062458017101580414 -0.0388584466278553 0.019845162392604025 -0.018222521250801427 0.016622941804336905
leaf_weight=46 200 67 4082 133 672 429 2391
leaf_count=46 200 67 4082 133 672 429 2391
internal_value=-0.000752273 -0.00565475 -0.0036873 0.00745132 -0.00254075 0.0089782 0.0136284
internal_weight=8020 5021 4821 2999 4754 2953 2524
internal_count=8020 5021 4821 2999 4754 2953 2524
is_linear=0
shrinkage=0.02


Tree=527
num_leaves=8
num_cat=0
split_feature=32 55 23 23 42 17 42
split_gain=762.087 1258.44 923.147 798.145 865.613 931.51 880.545
threshold=1.0000000180025095e-35 55.055000000000007 14.750000000000002 22.550000000000004 9.1200000000000028 56449.350000000013 82.565000000000012
decision_type=2 2 2 2 2 2 2
left_child=1 3 -3 4 -1 6 -6
right_child=-2 2 -4 -5 5 -7 -8
leaf_value=-0.048855656468055467 -0.0080424846148554746 -0.0050913881995019658 -0.0539661707667013 0.039821655103756536 0.0024950384446291562 0.041450063691976444 0.040414481236966275
leaf_weight=105 2913 548 211 305 3409 303 259
leaf_count=105 2913 548 211 305 3409 303 259
internal_value=0.000122176 0.00475267 -0.0189427 0.00887476 0.00651311 0.00803675 0.00522393
internal_weight=8053 5140 759 4381 4076 3971 3668
internal_count=8053 5140 759 4381 4076 3971 3668
is_linear=0
shrinkage=0.02


Tree=528
num_leaves=8
num_cat=0
split_feature=9 50 8 17 9 9 17
split_gain=1017.39 837.416 843.955 948.158 814.745 774.01 1543.82
threshold=21.500000000000004 3.5000000000000004 47.245000000000012 5035.1000000000013 4.5000000000000009 1.5000000000000002 3833.6500000000005
decision_type=2 2 2 2 2 2 2
left_child=1 2 5 -4 -5 6 -1
right_child=-2 -3 3 4 -6 -7 -8
leaf_value=0.021147059327407521 0.043016156047820775 0.034531345937500971 -0.068639876868008917 -0.029760023189153856 0.012871650588235953 0.0048406278867351091 -0.020172429156330048
leaf_weight=474 214 256 133 408 313 4751 1477
leaf_count=474 214 256 133 408 313 4751 1477
internal_value=0.000500453 -0.000690981 -0.00190637 -0.0205704 -0.0112916 0.000485452 -0.0101054
internal_weight=8026 7812 7556 854 721 6702 1951
internal_count=8026 7812 7556 854 721 6702 1951
is_linear=0
shrinkage=0.02


Tree=529
num_leaves=8
num_cat=0
split_feature=52 43 22 41 42 68 41
split_gain=795.498 901.915 1114.57 1016.59 1073.91 1614.95 924.402
threshold=75.385000000000005 1.0000000180025095e-35 22514.050000000003 34.600000000000009 37.085000000000008 1205743.4000000001 79.385000000000005
decision_type=2 2 2 2 2 2 2
left_child=1 2 3 -1 5 -5 -6
right_child=-2 -3 -4 4 6 -7 -8
leaf_value=-0.033427493262575776 0.019532289817345453 0.002695699619749171 -0.051656552853891383 0.062618384722143552 -0.013394059413245746 -0.062519549383566936 0.062787366286999935
leaf_weight=424 799 5370 258 206 835 47 64
leaf_count=424 799 5370 258 206 835 47 64
internal_value=0.000663094 -0.0014418 -0.0135309 -0.00714587 0.00262989 0.0386103 -0.00765341
internal_weight=8003 7204 1834 1576 1152 253 899
internal_count=8003 7204 1834 1576 1152 253 899
is_linear=0
shrinkage=0.02


Tree=530
num_leaves=8
num_cat=0
split_feature=45 48 22 22 6 53 65
split_gain=744.851 761.547 731.894 849.426 956.452 806.867 1027.69
threshold=1.0000000180025095e-35 17.500000000000004 11017.200000000003 12431.850000000002 1.5000000000000002 65.835000000000022 0.22500000000000003
decision_type=2 2 2 2 2 2 2
left_child=2 -2 5 -4 -5 6 -1
right_child=1 -3 3 4 -6 -7 -8
leaf_value=-0.074106066164581791 -0.0033363539313302905 -0.038926398822635995 -0.028461183307840962 -0.0035868063956412993 0.023439697166847601 0.048345337511397572 0.017190199624785765
leaf_weight=50 4257 250 321 1466 809 313 476
leaf_count=50 4257 250 321 1466 809 313 476
internal_value=-6.78582e-06 -0.00535146 0.00700344 0.00173986 0.00605426 0.023183 0.00789577
internal_weight=7942 4507 3435 2596 2275 839 526
internal_count=7942 4507 3435 2596 2275 839 526
is_linear=0
shrinkage=0.02


Tree=531
num_leaves=8
num_cat=0
split_feature=16 22 17 33 42 43 17
split_gain=566.36 1275.94 718.091 573.327 634.948 647.094 840.935
threshold=0.79410000000000014 20032.300000000003 4600.7500000000009 5.5000000000000009 81.935000000000016 1.0000000180025095e-35 88911.700000000012
decision_type=2 2 2 2 2 2 2
left_child=3 2 -2 4 5 6 -1
right_child=1 -3 -4 -5 -6 -7 -8
leaf_value=-0.016673633797253444 0.066719209908270363 0.12188717215036861 -0.02370678755248674 0.029576236582632798 0.019260143480647755 0.00012696259719564344 0.052290248714412589
leaf_weight=1703 46 44 108 235 526 5212 69
leaf_count=1703 46 44 108 235 526 5212 69
internal_value=9.43544e-06 0.0329866 0.00455228 -0.00085436 -0.00182563 -0.00342634 -0.0138487
internal_weight=7943 198 154 7745 7510 6984 1772
internal_count=7943 198 154 7745 7510 6984 1772
is_linear=0
shrinkage=0.02


Tree=532
num_leaves=8
num_cat=0
split_feature=16 54 32 31 21 53 41
split_gain=1207.49 1303.21 920.315 846.418 997.281 1110.72 827.913
threshold=0.32695000000000007 61.605000000000011 1.0000000180025095e-35 1.0000000180025095e-35 245217.30000000002 42.305000000000007 36.045000000000009
decision_type=2 2 2 2 10 2 2
left_child=1 -1 -2 4 -3 -6 -5
right_child=2 3 -4 6 5 -7 -8
leaf_value=0.087415608724822166 0.0094294830340163407 -0.06681637424013831 -0.0060167435087071187 -0.043710978108409203 0.078821629218595188 -0.031412064009788312 0.0045925859411513406
leaf_weight=41 4315 270 2396 185 41 174 558
leaf_count=41 4315 270 2396 185 41 174 558
internal_value=0.00052841 -0.0173232 0.00391441 -0.0211605 -0.0415744 -0.00907711 -0.00764634
internal_weight=7980 1269 6711 1228 485 215 743
internal_count=7980 1269 6711 1228 485 215 743
is_linear=0
shrinkage=0.02


Tree=533
num_leaves=8
num_cat=0
split_feature=44 57 42 50 14 57 14
split_gain=722.012 1294.35 940.863 897.025 1831.06 821.848 1035.87
threshold=1.0000000180025095e-35 8.7700000000000014 88.295000000000016 1.0000000180025095e-35 19.215000000000003 59.960000000000008 17.285000000000004
decision_type=2 2 2 2 2 2 2
left_child=1 -1 3 4 -3 6 -5
right_child=-2 2 -4 5 -6 -7 -8
leaf_value=0.051860209011837188 0.0019728920727764498 -0.034639901663805983 0.071543374586364492 -0.014365435767542838 0.042723244171075779 0.023089071052039372 -0.057477298178651597
leaf_weight=110 6377 254 41 426 227 97 473
leaf_count=110 6377 254 41 426 227 97 473
internal_value=-0.00106424 -0.0129306 -0.0177804 -0.0204929 0.00193428 -0.0312793 -0.0372408
internal_weight=8005 1628 1518 1477 481 996 899
internal_count=8005 1628 1518 1477 481 996 899
is_linear=0
shrinkage=0.02


Tree=534
num_leaves=8
num_cat=0
split_feature=32 52 54 64 42 52 10
split_gain=735.56 1265.18 1123.09 1076.46 1414.97 1046.54 1036.05
threshold=1.0000000180025095e-35 17.585000000000004 82.955000000000013 4.5000000000000009 30.335000000000004 63.135000000000012 14237.750000000002
decision_type=2 2 2 2 2 2 2
left_child=1 -1 -3 6 -5 -4 -2
right_child=3 2 5 4 -6 -7 -8
leaf_value=-0.031654008201149643 -0.048699771287589295 0.019758320296149063 -0.0075424943984252792 0.085658960534880549 0.0024306949589857096 0.018961214645869959 -0.0091143795771346028
leaf_weight=354 301 1794 2162 91 551 817 1980
leaf_count=354 301 1794 2162 91 551 817 1980
internal_value=4.36435e-07 0.0045641 0.00728061 -0.00799844 0.0147987 -0.000254178 -0.0144331
internal_weight=8050 5127 4773 2923 642 2979 2281
internal_count=8050 5127 4773 2923 642 2979 2281
is_linear=0
shrinkage=0.02


Tree=535
num_leaves=8
num_cat=0
split_feature=45 32 64 46 22 36 16
split_gain=637.305 1169.55 1372.76 1168.37 1238.42 1161.48 1061.62
threshold=1.0000000180025095e-35 1.0000000180025095e-35 1.5000000000000002 5.5000000000000009 13505.400000000003 1.5000000000000002 0.29795000000000005
decision_type=2 2 2 2 2 2 2
left_child=1 2 3 5 -5 -1 -4
right_child=-2 -3 6 4 -6 -7 -8
leaf_value=-0.021788877619772544 -0.0053012982427219748 -0.0094298520623006671 -0.018837468838319184 0.072241820584952002 -0.024051619170884778 -0.1269376250546087 0.028652613452619994
leaf_weight=191 4505 1233 211 90 118 50 1536
leaf_count=191 4505 1233 211 90 118 50 1536
internal_value=-0.000358457 0.00613368 0.0148738 -0.0161841 0.0183316 -0.0457406 0.0228794
internal_weight=7934 3429 2196 449 208 241 1747
internal_count=7934 3429 2196 449 208 241 1747
is_linear=0
shrinkage=0.02


Tree=536
num_leaves=8
num_cat=0
split_feature=48 56 56 42 43 40 42
split_gain=642.786 736.494 917.031 949.183 696.441 922.994 688.627
threshold=18.500000000000004 55.295000000000009 58.75500000000001 40.775000000000013 1.0000000180025095e-35 81.055000000000021 43.585000000000008
decision_type=2 2 2 2 2 2 2
left_child=1 4 3 -3 5 -1 -2
right_child=6 2 -4 -5 -6 -7 -8
leaf_value=-0.014208816084677774 -0.05596730538413805 0.13836553051620723 -0.019057955320676168 0.025726314312082596 0.0030631336369445943 0.052948000701360923 -0.0027211393348776729
leaf_weight=1757 165 45 70 82 5586 81 228
leaf_count=1757 165 45 70 82 5586 81 228
internal_value=-0.000720511 0.000573131 0.0382531 0.0693672 -0.0004518 -0.0111136 -0.0254987
internal_weight=8014 7621 197 127 7424 1838 393
internal_count=8014 7621 197 127 7424 1838 393
is_linear=0
shrinkage=0.02


Tree=537
num_leaves=8
num_cat=0
split_feature=41 31 40 66 48 15 17
split_gain=781.859 798.221 728.925 711.484 649.91 855.077 737.698
threshold=83.670000000000016 1.0000000180025095e-35 68.375000000000014 0.68750000000000011 18.500000000000004 1.0000000180025095e-35 6386.7500000000009
decision_type=2 2 2 2 2 2 2
left_child=3 2 -2 4 -1 -6 -7
right_child=1 -3 -4 -5 5 6 -8
leaf_value=-0.002591657992911034 0.12635670319491743 0.0043526409185558022 0.027010282022612436 0.030270525535264339 -0.010096951777487992 -0.025008123479192217 -0.13150025425048975
leaf_weight=7036 46 219 79 246 270 58 47
leaf_count=7036 46 219 79 246 270 58 47
internal_value=-0.00151787 0.0277594 0.0670235 -0.00285045 -0.00396953 -0.0294479 -0.0764866
internal_weight=8001 344 125 7657 7411 375 105
internal_count=8001 344 125 7657 7411 375 105
is_linear=0
shrinkage=0.02


Tree=538
num_leaves=8
num_cat=0
split_feature=9 33 42 48 42 55 50
split_gain=925.708 732.797 1190.97 1128.18 903.578 833.368 670.578
threshold=16.500000000000004 1.0000000180025095e-35 52.565000000000005 5.5000000000000009 36.655000000000008 45.465000000000011 3.5000000000000004
decision_type=2 2 2 2 2 2 2
left_child=1 2 3 4 -1 -4 -3
right_child=-2 6 5 -5 -6 -7 -8
leaf_value=-0.024956273194208428 0.025941988864142184 -0.0020185440823905251 -0.019882960240046182 -0.047651238272144916 0.087975332575875365 -0.10752392706431842 0.031393947005271913
leaf_weight=43 490 6847 85 89 69 90 244
leaf_count=43 490 6847 85 89 69 90 244
internal_value=-0.000545575 -0.00229994 -0.0293207 0.00404397 0.045404 -0.0666902 -0.000847516
internal_weight=7957 7467 376 201 112 175 7091
internal_count=7957 7467 376 201 112 175 7091
is_linear=0
shrinkage=0.02


Tree=539
num_leaves=8
num_cat=0
split_feature=8 17 66 41 52 23 68
split_gain=690.661 1220.97 1037.37 999.352 930.143 900.593 963.2
threshold=25.925000000000004 37149.950000000004 0.43750000000000006 29.600000000000005 83.715000000000018 3.6500000000000008 951977.50000000012
decision_type=2 2 2 2 2 2 2
left_child=4 3 -3 -2 -1 -5 -7
right_child=1 2 -4 5 -6 6 -8
leaf_value=0.0024439326341786694 -0.040327413137436492 0.035017780175034922 -0.0089911114906510679 0.041797018804970908 0.049588994001916478 -0.0029749013338852856 -0.030224982831007323
leaf_weight=3870 456 440 410 131 170 1746 734
leaf_count=3870 456 440 410 131 170 1746 734
internal_value=-0.00131273 -0.00729226 0.0138615 -0.0131679 0.0044866 -0.00835662 -0.0110846
internal_weight=7957 3917 850 3067 4040 2611 2480
internal_count=7957 3917 850 3067 4040 2611 2480
is_linear=0
shrinkage=0.02


Tree=540
num_leaves=8
num_cat=1
split_feature=2 44 49 40 57 50 57
split_gain=648.513 885.454 947.573 813.143 795.11 772.908 1072.79
threshold=0 1.0000000180025095e-35 11.500000000000002 72.965000000000018 11.665000000000001 1.0000000180025095e-35 59.960000000000008
decision_type=1 2 2 2 2 2 2
left_child=-1 3 -3 4 -2 -6 -7
right_child=1 2 -4 -5 5 6 -8
leaf_value=0.0078725955539664869 0.054444209691550997 -0.023673313656782966 0.0054460104555441044 0.035468646628516065 -0.0034004989168047906 -0.059859805342579828 0.017167168617248537
leaf_weight=3697 40 522 2940 86 245 416 85
leaf_count=3697 40 522 2940 86 245 416 85
internal_value=0.00173685 -0.00351018 0.00102759 -0.0214691 -0.0278838 -0.0326312 -0.0467509
internal_weight=8031 4334 3462 872 786 746 501
internal_count=8031 4334 3462 872 786 746 501
cat_boundaries=0 1
cat_threshold=162
is_linear=0
shrinkage=0.02


Tree=541
num_leaves=8
num_cat=0
split_feature=64 64 65 30 52 23 23
split_gain=725.901 722.347 1343.53 1151.26 1221.7 1185.39 1221.1
threshold=1.0000000180025095e-35 2.5000000000000004 0.73214285714285732 1.0000000180025095e-35 12.215000000000002 21.150000000000002 4.4500000000000011
decision_type=2 2 2 2 2 2 2
left_child=-1 2 3 4 -2 6 -5
right_child=1 -3 -4 5 -6 -7 -8
leaf_value=-0.070292282129327463 -0.081847209140851904 -0.0042563861883032333 0.053533362523641118 0.11517168213923773 -0.0001848179608419459 0.12656042386777699 0.0073321114454803797
leaf_weight=55 72 5699 238 43 1517 43 343
leaf_count=55 72 5699 238 43 1517 43 343
internal_value=-0.000987669 -0.000464652 0.00910208 0.00374255 -0.00413019 0.0326146 0.0206645
internal_weight=8010 7955 2256 2018 1589 429 386
internal_count=8010 7955 2256 2018 1589 429 386
is_linear=0
shrinkage=0.02


Tree=542
num_leaves=8
num_cat=0
split_feature=9 8 66 12 16 16 41
split_gain=600.454 1346.67 1101.96 911.169 857.77 812.628 1346.64
threshold=3.5000000000000004 41.515000000000008 1.0000000180025095e-35 31.145000000000003 0.49815000000000004 0.39065000000000005 59.930000000000007
decision_type=2 2 2 2 2 2 2
left_child=1 5 3 -2 -3 6 -1
right_child=2 4 -4 -5 -6 -7 -8
leaf_value=-0.039721290248789287 0.027337925281996526 -0.057591900443227921 0.0064579608897022637 -0.07854317696714723 -0.010849544049215776 0.0036301075165135993 0.019438618494758961
leaf_weight=470 43 298 3905 106 332 2633 224
leaf_count=470 43 298 3905 106 332 2633 224
internal_value=-0.00101073 -0.00654886 0.00439629 -0.0480914 -0.0332388 -0.00145256 -0.020624
internal_weight=8011 3957 4054 149 630 3327 694
internal_count=8011 3957 4054 149 630 3327 694
is_linear=0
shrinkage=0.02


Tree=543
num_leaves=8
num_cat=0
split_feature=8 14 38 8 54 6 66
split_gain=712.616 1065.57 1155.39 1306.39 1046.09 969.355 955.108
threshold=24.545000000000005 27.565000000000001 1527.45 8.5850000000000026 80.385000000000005 1.5000000000000002 0.31250000000000006
decision_type=2 2 10 2 2 2 2
left_child=1 -1 3 -3 -4 -6 -7
right_child=-2 2 4 -5 5 6 -8
leaf_value=0.012759540104935393 -0.0047843417098124641 0.059062165933496814 0.057120360754656069 -0.049709341016362651 0.015201291026595311 -0.12838651315673538 -0.0034923512157823506
leaf_weight=2938 4280 46 127 359 190 41 53
leaf_count=2938 4280 46 127 359 190 41 53
internal_value=0.000791665 0.00714687 -0.0130161 -0.0367854 0.0105668 -0.0108792 -0.0617004
internal_weight=8034 3754 816 405 411 284 94
internal_count=8034 3754 816 405 411 284 94
is_linear=0
shrinkage=0.02


Tree=544
num_leaves=8
num_cat=0
split_feature=52 65 20 55 68 32 64
split_gain=800.628 1433.53 896.755 743.067 891.56 671.358 1264.8
threshold=15.630000000000001 0.73214285714285732 501766.35000000003 44.695000000000007 373632.60000000003 1.0000000180025095e-35 4.5000000000000009
decision_type=2 2 10 2 2 2 2
left_child=1 2 3 -1 -5 -2 -7
right_child=5 -3 -4 4 -6 6 -8
leaf_value=0.024035356706872429 0.0049914025939193042 0.045049564126837124 -0.082680589380120309 -0.089313746102154243 0.023864844659964246 -0.014703470882347009 0.018273252417057306
leaf_weight=92 4827 84 143 75 40 2108 592
leaf_count=92 4827 84 143 75 40 2108 592
internal_value=-0.00100526 -0.0272598 -0.0450042 -0.0176403 -0.0505932 0.000525645 -0.00745261
internal_weight=7961 434 350 207 115 7527 2700
internal_count=7961 434 350 207 115 7527 2700
is_linear=0
shrinkage=0.02


Tree=545
num_leaves=8
num_cat=0
split_feature=40 64 13 21 41 64 55
split_gain=648.417 659.846 623.129 858.388 1272.51 943.097 757.003
threshold=5.6100000000000003 1.0000000180025095e-35 431.15000000000003 298730.20000000001 38.235000000000007 2.5000000000000004 48.895000000000003
decision_type=2 2 2 8 2 2 2
left_child=-1 -2 -3 4 -4 -5 -6
right_child=1 2 3 5 6 -7 -8
leaf_value=-0.045433239200320399 -0.063956175677237978 -4.506294269073014e-06 0.063337189120347387 0.096375370336903465 -0.01221291448139856 0.02104095925725457 -0.11388362308012115
leaf_weight=117 57 7228 56 85 88 271 40
leaf_count=117 57 7228 56 85 88 271 40
internal_value=0.00032004 0.00103272 0.00155043 0.0221726 -0.0126825 0.0401138 -0.0470719
internal_weight=7942 7825 7768 540 184 356 128
internal_count=7942 7825 7768 540 184 356 128
is_linear=0
shrinkage=0.02


Tree=546
num_leaves=8
num_cat=0
split_feature=48 15 48 8 17 8 10
split_gain=572.821 864.886 846.292 841.664 864.95 975.961 832.071
threshold=4.5000000000000009 1.5000000000000002 17.500000000000004 38.125000000000007 2005.0500000000002 25.925000000000004 39816.450000000004
decision_type=2 2 2 2 2 2 2
left_child=3 -2 -3 4 5 -1 -5
right_child=1 2 -4 6 -6 -7 -8
leaf_value=0.064330425022624885 -0.00033401763063389643 -0.016463064855831658 -0.08200081319403317 -0.030365010413271123 0.0070155853169765218 -0.020343245025475822 0.0060255559127292647
leaf_weight=212 2852 676 85 460 3116 70 544
leaf_count=212 2852 676 85 460 3116 70 544
internal_value=0.000495286 -0.00540235 -0.0242708 0.00533649 0.010088 0.0433239 -0.0107153
internal_weight=8015 3613 761 4402 3398 282 1004
internal_count=8015 3613 761 4402 3398 282 1004
is_linear=0
shrinkage=0.02


Tree=547
num_leaves=8
num_cat=1
split_feature=14 22 32 2 22 48 21
split_gain=793.384 928.18 831.856 920.282 827.303 893.948 867.557
threshold=43.180000000000007 18349.350000000002 1.0000000180025095e-35 0 8993.5500000000011 11.500000000000002 437613.20000000007
decision_type=2 2 2 1 2 2 8
left_child=2 -2 3 4 6 -6 -1
right_child=1 -3 -4 -5 5 -7 -8
leaf_value=0.0076621697718898454 -0.0069065514539460443 -0.07189794686806128 -0.006134302631946466 0.01195259083332398 0.0061688995384742732 -0.047436685380556724 -0.10660876979578786
leaf_weight=43 319 117 2753 3870 703 146 62
leaf_count=43 319 117 2753 3870 703 146 62
internal_value=0.00111471 -0.0249643 0.00263084 0.00763418 -0.00987653 -0.00327325 -0.0615909
internal_weight=8013 436 7577 4824 954 849 105
internal_count=8013 436 7577 4824 954 849 105
cat_boundaries=0 1
cat_threshold=65
is_linear=0
shrinkage=0.02


Tree=548
num_leaves=8
num_cat=0
split_feature=52 38 42 17 49 15 13
split_gain=837.222 946.038 900.339 1216 976.652 785.776 1379.44
threshold=84.410000000000011 15339.900000000003 43.585000000000008 2005.0500000000002 31.500000000000004 1.5000000000000002 355.55000000000007
decision_type=2 8 2 2 2 2 2
left_child=1 2 5 4 -4 -1 -7
right_child=-2 -3 3 -5 -6 6 -8
leaf_value=0.027245445490688427 0.031980160696984096 -0.0066062794788838046 0.090436273129901504 -0.0051073444626817798 -0.019289946801522202 -0.050417164105333784 0.043123882396353619
leaf_weight=1112 329 4295 94 1912 46 147 103
leaf_count=1112 329 4295 94 1912 46 147 103
internal_value=0.00097975 -0.000363138 0.00748925 -0.000885452 0.0549614 0.0200637 -0.0117884
internal_weight=8038 7709 3414 2052 140 1362 250
internal_count=8038 7709 3414 2052 140 1362 250
is_linear=0
shrinkage=0.02


Tree=549
num_leaves=8
num_cat=0
split_feature=52 66 51 0 45 40 23
split_gain=675.275 518.761 936.042 1040.37 748.161 699.145 669.798
threshold=89.910000000000011 1.0000000180025095e-35 18.535000000000004 51.500000000000007 1.0000000180025095e-35 44.095000000000006 2.9500000000000006
decision_type=2 2 2 2 2 2 2
left_child=1 2 5 4 -4 -1 -3
right_child=-2 6 3 -5 -6 -7 -8
leaf_value=-0.049390430812324797 0.035602500756807959 0.034958031193145785 -0.028148002001172349 0.015741402108722657 -0.12049008008979616 0.035211937692302929 -0.0011908830540435474
leaf_weight=51 198 206 67 62 79 125 7239
leaf_count=51 198 206 67 62 79 125 7239
internal_value=-0.00041145 -0.00134441 -0.0238598 -0.0520805 -0.0804492 0.0100093 -0.000167867
internal_weight=8027 7829 384 208 146 176 7445
internal_count=8027 7829 384 208 146 176 7445
is_linear=0
shrinkage=0.02


Tree=550
num_leaves=8
num_cat=0
split_feature=14 68 68 30 12 16 64
split_gain=655.086 896.157 697.01 605.742 958.733 1080.23 1076.1
threshold=46.365000000000009 747421.30000000016 440367.35000000003 1.0000000180025095e-35 19.995000000000001 0.61795000000000011 4.5000000000000009
decision_type=2 2 2 2 2 2 2
left_child=3 2 -2 4 -1 6 -6
right_child=1 -3 -4 -5 5 -7 -8
leaf_value=-0.022030197336639582 -0.030527152282329616 0.01189409209985514 -0.11966601321891863 0.011993945328411741 -0.0057421335823165187 0.019831364205671078 0.034767272788113063
leaf_weight=728 144 142 44 2049 3432 1105 279
leaf_count=728 144 142 44 2049 3432 1105 279
internal_value=0.00151043 -0.0258619 -0.0539491 0.0027163 -0.000720333 0.00252043 -0.00265388
internal_weight=7923 330 188 7593 5544 4816 3711
internal_count=7923 330 188 7593 5544 4816 3711
is_linear=0
shrinkage=0.02


Tree=551
num_leaves=8
num_cat=0
split_feature=33 64 33 16 54 53 42
split_gain=560.85 560.444 1629.63 1314.63 1306.77 1146.53 868.368
threshold=6.5000000000000009 2.5000000000000004 3.5000000000000004 0.77305000000000013 97.375000000000014 68.445000000000007 57.215000000000011
decision_type=2 2 2 2 2 2 2
left_child=1 2 3 -1 6 -5 -4
right_child=-2 -3 4 5 -6 -7 -8
leaf_value=-0.00036374325319123803 0.068187589907646173 -0.0024745950573337857 0.0071710964993259609 0.13628615770213029 0.14032763359512676 -0.0044480307102203369 0.094286377383396028
leaf_weight=2005 45 5569 164 49 52 40 59
leaf_count=2005 45 5569 164 49 52 40 59
internal_value=0.00141325 0.00099203 0.00912935 0.00306249 0.0544461 0.0761627 0.0317818
internal_weight=7983 7938 2369 2094 275 89 223
internal_count=7983 7938 2369 2094 275 89 223
is_linear=0
shrinkage=0.02


Tree=552
num_leaves=8
num_cat=1
split_feature=55 0 48 7 65 15 0
split_gain=832.598 830.62 794.205 1150.88 797.178 705.277 696.348
threshold=55.685000000000009 23.500000000000004 4.5000000000000009 0 0.58571428571428574 3.5000000000000004 51.500000000000007
decision_type=2 2 2 1 2 2 2
left_child=5 -2 -3 4 -4 -1 -7
right_child=1 2 3 -5 -6 6 -8
leaf_value=0.002864395049536261 -0.06602930709956184 0.0053316690354604469 -0.08793664453133028 0.014365060470221234 -0.020659549177397749 -0.037844872344946545 0.015037230078743158
leaf_weight=6501 121 522 142 148 143 333 138
leaf_count=6501 121 522 142 148 143 333 138
internal_value=-0.00138559 -0.0177176 -0.0112844 -0.0311479 -0.053281 0.00114584 -0.0223556
internal_weight=8048 1076 955 433 285 6972 471
internal_count=8048 1076 955 433 285 6972 471
cat_boundaries=0 1
cat_threshold=6
is_linear=0
shrinkage=0.02


Tree=553
num_leaves=8
num_cat=0
split_feature=16 52 51 6 52 51 20
split_gain=918.042 809.296 783.476 674.835 904.878 1214.29 758.315
threshold=0.60625000000000007 1.0000000180025095e-35 34.095000000000006 1.5000000000000002 32.835000000000008 22.245000000000001 533742.00000000012
decision_type=2 2 2 2 2 2 8
left_child=1 -1 3 4 5 -2 -6
right_child=2 -3 -4 -5 6 -7 -8
leaf_value=-0.07659285576161691 -0.0069198159449216394 -0.0021538027925342659 0.032752042667986578 0.029256840673153817 -0.054631202796498607 -0.11137636194174939 0.011412019613343571
leaf_weight=54 139 6022 558 340 71 61 819
leaf_count=54 139 6022 558 340 71 61 819
internal_value=0.000983678 -0.00287781 0.0127633 0.00487655 -0.00282718 -0.0407185 0.00586763
internal_weight=8064 6076 1988 1430 1090 200 890
internal_count=8064 6076 1988 1430 1090 200 890
is_linear=0
shrinkage=0.02


Tree=554
num_leaves=8
num_cat=0
split_feature=50 42 22 55 0 55 57
split_gain=746.38 1076.72 634.378 769.624 1115.51 798.928 1035.1
threshold=3.5000000000000004 38.880000000000003 20130.600000000002 48.695000000000007 51.500000000000007 49.735000000000007 36.515000000000008
decision_type=2 2 2 2 2 2 2
left_child=2 -2 3 4 -1 6 -5
right_child=1 -3 -4 5 -6 -7 -8
leaf_value=-0.0060350034689593251 0.088463577009983113 0.0027762286574171302 0.009436174992733172 -0.09229876584847245 0.017354753846111817 -0.0097400573619780099 -0.0094741161474410224
leaf_weight=2818 86 166 1667 109 1142 1868 131
leaf_count=2818 86 166 1667 109 1142 1868 131
internal_value=-0.000360657 0.0331709 -0.00147381 -0.0044763 0.000723603 -0.0142232 -0.0482063
internal_weight=7987 252 7735 6068 3960 2108 240
internal_count=7987 252 7735 6068 3960 2108 240
is_linear=0
shrinkage=0.02


Tree=555
num_leaves=8
num_cat=0
split_feature=45 15 12 22 9 15 17
split_gain=704.092 847.159 1059.75 1377.72 819.575 969.871 997.364
threshold=1.0000000180025095e-35 1.0000000180025095e-35 41.945000000000007 24305.200000000001 4.5000000000000009 1.5000000000000002 3597.2000000000003
decision_type=2 2 2 2 2 2 2
left_child=4 -2 3 -3 5 6 -1
right_child=1 2 -4 -5 -6 -7 -8
leaf_value=0.046975744066794764 0.002111320253807327 -0.022979203866325262 -0.0002034487920085181 -0.10600519348857222 0.019253745839862314 -0.027344028999821024 0.00044343122967555954
leaf_weight=209 3039 610 774 88 1485 416 1326
leaf_count=209 3039 610 774 88 1485 416 1326
internal_value=0.00126974 -0.00392434 -0.0163502 -0.0341262 0.00808464 -0.000444182 0.00691105
internal_weight=7947 4511 1472 698 3436 1951 1535
internal_count=7947 4511 1472 698 3436 1951 1535
is_linear=0
shrinkage=0.02


Tree=556
num_leaves=8
num_cat=0
split_feature=8 16 64 46 16 6 38
split_gain=801.169 738.327 950.102 1118.83 731.967 698.749 942.823
threshold=50.695000000000007 0.48145000000000004 3.5000000000000004 6.5000000000000009 0.33955000000000007 2.5000000000000004 11402.6
decision_type=2 2 2 2 2 2 8
left_child=4 2 3 -2 5 6 -1
right_child=1 -3 -4 -5 -6 -7 -8
leaf_value=0.0048006150328757744 -0.094167960328169362 0.0010274855638084624 0.0027182445843462587 0.0052912907576298006 0.0060038511752248339 0.018460826453862381 -0.032968987991391176
leaf_weight=448 151 352 130 63 5953 267 636
leaf_count=448 151 352 130 63 5953 267 636
internal_value=0.00102901 -0.019396 -0.0400098 -0.0654356 0.00298726 -0.0102781 -0.017409
internal_weight=8000 696 344 214 7304 1351 1084
internal_count=8000 696 344 214 7304 1351 1084
is_linear=0
shrinkage=0.02


Tree=557
num_leaves=8
num_cat=0
split_feature=45 54 18 40 33 24 22
split_gain=574.763 1146.59 842.424 1252.16 805.856 878.117 825.406
threshold=1.0000000180025095e-35 82.955000000000013 205329.85000000001 22.675000000000004 2.5000000000000004 1.0000000180025095e-35 14262.300000000001
decision_type=2 2 2 2 2 2 2
left_child=-1 2 3 -2 6 -6 -4
right_child=1 -3 4 -5 5 -7 -8
leaf_value=0.0072576982412360918 -0.065465817889487021 -0.011522524559614548 0.017156722481968336 0.0057627428864923226 -0.071121015490397163 0.021732817452056179 0.098206820947314616
leaf_weight=3437 104 2791 98 1042 41 357 104
leaf_count=3437 104 2791 98 1042 41 357 104
internal_value=0.00109403 -0.00357811 0.00911777 -0.000957587 0.0282106 0.0114038 0.0602497
internal_weight=7974 4537 1746 1146 600 398 202
internal_count=7974 4537 1746 1146 600 398 202
is_linear=0
shrinkage=0.02


Tree=558
num_leaves=8
num_cat=1
split_feature=4 52 8 48 54 8 51
split_gain=643.446 770.039 621.136 984.589 721.766 655.86 583.168
threshold=0 1.0000000180025095e-35 27.965000000000003 1.0000000180025095e-35 74.655000000000015 54.410000000000004 29.545000000000005
decision_type=1 2 2 2 2 2 2
left_child=-1 -2 6 4 -4 -6 -3
right_child=1 2 3 -5 5 -7 -8
leaf_value=0.011341359251492248 -0.070350778873150166 -0.0027731376224141651 0.027216876069704691 -0.0033310652541846003 -0.036077389674378443 -0.11438554885252467 0.013862491791121501
leaf_weight=1932 60 1948 55 2156 281 48 1479
leaf_count=1932 60 1948 55 2156 281 48 1479
internal_value=0.00134591 -0.00188063 -0.00113697 -0.00862318 -0.0379115 -0.0490436 0.00441608
internal_weight=7959 6027 5967 2540 384 329 3427
internal_count=7959 6027 5967 2540 384 329 3427
cat_boundaries=0 1
cat_threshold=2
is_linear=0
shrinkage=0.02


Tree=559
num_leaves=8
num_cat=0
split_feature=16 55 40 31 14 49 33
split_gain=717.144 625.833 676.194 738.483 1471.13 1049.76 903.818
threshold=0.17090000000000002 37.07500000000001 84.560000000000016 1.0000000180025095e-35 41.875000000000007 20.500000000000004 4.5000000000000009
decision_type=2 2 2 2 2 2 2
left_child=-1 -2 3 4 6 -6 -3
right_child=1 2 -4 -5 5 -7 -8
leaf_value=-0.052622819781303412 0.011653334556260676 -0.010577296817537859 0.028077988645399583 0.0017499542715784385 -0.12531025294462839 -0.023623852480947973 0.056242792084369636
leaf_weight=100 1488 2300 268 3590 70 95 79
leaf_count=100 1488 2300 268 3590 70 95 79
internal_value=-0.000698877 -7.86876e-06 -0.00272523 -0.00409282 -0.0123252 -0.0691803 -0.00824508
internal_weight=7990 7890 6402 6134 2544 165 2379
internal_count=7990 7890 6402 6134 2544 165 2379
is_linear=0
shrinkage=0.02


Tree=560
num_leaves=8
num_cat=0
split_feature=9 45 40 0 20 44 40
split_gain=767.127 1016.75 1008.58 1136.45 1290.32 1003.21 992.34
threshold=4.5000000000000009 1.0000000180025095e-35 37.090000000000011 46.500000000000007 781470.45000000007 1.0000000180025095e-35 20.080000000000002
decision_type=2 2 2 2 10 2 2
left_child=6 2 3 4 -2 -3 -1
right_child=1 5 -4 -5 -6 -7 -8
leaf_value=-0.041603734293865074 0.029486916420162369 -0.03272689341611805 0.0062621739543166624 0.058515012566115437 -0.096704098454935272 0.0037478566872344975 -0.0038441807939458075
leaf_weight=293 111 373 975 383 40 1489 4260
leaf_count=293 111 373 975 383 40 1489 4260
internal_value=-0.000965476 0.00626128 0.0184343 0.0403945 -0.00596924 -0.00362692 -0.0063171
internal_weight=7924 3371 1509 534 151 1862 4553
internal_count=7924 3371 1509 534 151 1862 4553
is_linear=0
shrinkage=0.02


Tree=561
num_leaves=8
num_cat=1
split_feature=7 48 68 52 58 53 10
split_gain=859.133 780.837 677.502 911.523 877.188 1026.97 850.439
threshold=0 15.500000000000002 172585.30000000002 32.615000000000002 42.625000000000007 66.445000000000007 30344.200000000004
decision_type=1 2 2 2 2 2 2
left_child=1 -1 3 4 5 -2 -6
right_child=2 -3 -4 -5 6 -7 -8
leaf_value=-0.016619305588905457 -0.089706431708105328 -0.10158238037786585 0.0045314518082377768 -0.0020618549728623919 0.051936423894431857 -0.0042959918001646636 -0.051499554326659758
leaf_weight=603 154 42 5711 1279 67 88 52
leaf_count=603 154 42 5711 1279 67 88 52
internal_value=-0.000685346 -0.0225438 0.00127552 -0.0100342 -0.0378659 -0.0593638 0.00648345
internal_weight=7996 645 7351 1640 361 242 119
internal_count=7996 645 7351 1640 361 242 119
cat_boundaries=0 1
cat_threshold=32
is_linear=0
shrinkage=0.02


Tree=562
num_leaves=8
num_cat=0
split_feature=41 10 10 52 42 54 33
split_gain=780.109 821.984 989.217 918.485 925.871 890.777 973.34
threshold=72.595000000000013 14569.450000000003 15293.300000000001 72.425000000000026 37.560000000000009 83.065000000000012 3.5000000000000004
decision_type=2 2 2 2 2 2 2
left_child=1 -1 -3 5 -5 -4 -7
right_child=-2 2 3 4 -6 6 -8
leaf_value=-0.016904504019179274 0.015142426408731112 0.059876146568070859 0.0066222163836384771 0.065789926659366865 0.0083779559737283318 -0.018799957192231476 0.0060771040272557557
leaf_weight=1400 1060 104 1912 141 496 1985 917
leaf_count=1400 1060 104 1912 141 496 1985 917
internal_value=-0.000799127 -0.00323788 0.000218552 -0.000973488 0.0214995 -0.00396639 -0.0109421
internal_weight=8015 6955 5555 5451 637 4814 2902
internal_count=8015 6955 5555 5451 637 4814 2902
is_linear=0
shrinkage=0.02


Tree=563
num_leaves=8
num_cat=0
split_feature=64 46 33 41 51 41 64
split_gain=688.141 605.641 550.306 642.686 499.79 1285.26 1106.01
threshold=1.0000000180025095e-35 1.0000000180025095e-35 5.5000000000000009 33.495000000000012 12.555000000000001 80.610000000000014 2.5000000000000004
decision_type=2 2 2 2 2 2 2
left_child=-1 -2 4 -4 5 -3 -6
right_child=1 2 3 -5 6 -7 -8
leaf_value=-0.071282109162717489 -0.04454267498332521 -0.013329818320017185 0.097018451044956835 0.014767426117043942 0.017083085307993039 0.053233341240882873 -0.0020235085118528863
leaf_weight=48 110 1629 43 195 1705 120 4157
leaf_count=48 110 1629 43 195 1705 120 4157
internal_value=0.000545867 0.00102354 0.00169007 0.0313184 0.000743629 -0.00862415 0.00354359
internal_weight=8007 7959 7849 238 7611 1749 5862
internal_count=8007 7959 7849 238 7611 1749 5862
is_linear=0
shrinkage=0.02


Tree=564
num_leaves=8
num_cat=0
split_feature=55 49 38 9 38 6 58
split_gain=916.369 1102.19 874.437 814.01 886.856 813.708 811.269
threshold=37.865000000000002 5.5000000000000009 1500.5000000000002 10.500000000000002 2397.6500000000005 1.5000000000000002 28.425000000000004
decision_type=2 2 10 2 8 2 2
left_child=1 -1 6 -2 5 -5 -3
right_child=3 2 -4 4 -6 -7 -8
leaf_value=-0.076341775633254144 -0.0061280372768840255 -0.059865940213203434 0.030055710385490039 0.099053667709669641 0.0053146306058875483 0.0080838907826691862 0.0077117604797882523
leaf_weight=48 5257 74 875 80 854 75 702
leaf_count=48 5257 74 875 80 854 75 702
internal_value=0.000566063 0.0135714 0.0164081 -0.0029683 0.0134433 0.0566642 0.000925487
internal_weight=7965 1699 1651 6266 1009 155 776
internal_count=7965 1699 1651 6266 1009 155 776
is_linear=0
shrinkage=0.02


Tree=565
num_leaves=8
num_cat=0
split_feature=9 42 41 8 23 41 55
split_gain=715.373 1004.63 734.866 782.558 814.704 903.73 1113.87
threshold=4.5000000000000009 2.3100000000000005 14.405000000000003 53.770000000000003 16.850000000000005 45.535000000000004 47.185000000000009
decision_type=2 2 2 2 2 2 2
left_child=1 -1 -3 4 -4 6 -6
right_child=-2 2 3 -5 5 -7 -8
leaf_value=-0.094379642170433903 0.0060169618752916312 -0.053930367118368551 0.0028360673343425747 -0.0351642888167722 -0.01393267363211177 -0.0048611583088788747 -0.098778998521241279
leaf_weight=46 3400 115 3325 291 146 531 105
leaf_count=46 3400 115 3325 291 146 531 105
internal_value=-0.000921256 -0.00609655 -0.00509324 -0.00375645 -0.001491 -0.0197905 -0.0506622
internal_weight=7959 4559 4513 4398 4107 782 251
internal_count=7959 4559 4513 4398 4107 782 251
is_linear=0
shrinkage=0.02


Tree=566
num_leaves=8
num_cat=0
split_feature=16 46 54 49 38 66 54
split_gain=701.518 640.794 674.941 654.78 593.632 1068.37 547.507
threshold=0.28545000000000004 1.5000000000000002 65.235000000000014 30.500000000000004 1851.8000000000002 0.31250000000000006 84.985000000000014
decision_type=2 2 2 2 10 2 2
left_child=1 -1 -3 4 -4 -6 -2
right_child=6 2 3 -5 5 -7 -8
leaf_value=-0.076414447480729272 0.0088962490215650468 0.061899343782916984 0.025759920202783851 -0.039986143418720789 -0.083112026900053024 0.009736118387816281 -0.0021256809898423591
leaf_weight=62 3229 42 185 275 71 140 4070
leaf_count=62 3229 42 185 275 71 140 4070
internal_value=0.000828235 -0.0172013 -0.011556 -0.0165777 -2.59153e-05 -0.0227073 0.00275306
internal_weight=8074 775 713 671 396 211 7299
internal_count=8074 775 713 671 396 211 7299
is_linear=0
shrinkage=0.02


Tree=567
num_leaves=8
num_cat=0
split_feature=8 41 56 51 58 16 14
split_gain=680.476 955.335 1098.19 862.211 805.161 1501.07 880.369
threshold=25.365000000000006 27.270000000000003 42.385000000000012 45.405000000000008 21.940000000000001 0.45375000000000004 45.515000000000008
decision_type=2 2 2 2 2 2 2
left_child=4 2 3 -2 5 -1 -6
right_child=1 -3 -4 -5 6 -7 -8
leaf_value=-0.074019032780923977 -0.02290321504296703 -0.0014122087051304968 -0.072041093657414124 0.06481488526500058 0.011421470614254929 0.012018287641492056 -0.036449573872761327
leaf_weight=132 288 3560 166 48 3462 196 156
leaf_count=132 288 3560 166 48 3462 196 156
internal_value=0.0006709 -0.00507229 -0.0307583 -0.00960543 0.00658186 -0.023198 0.00930992
internal_weight=8008 4062 502 336 3946 328 3618
internal_count=8008 4062 502 336 3946 328 3618
is_linear=0
shrinkage=0.02


Tree=568
num_leaves=8
num_cat=2
split_feature=16 41 18 4 38 2 53
split_gain=737.346 909.79 865.042 749.943 904.724 1082.58 918.651
threshold=0.39065000000000005 10.190000000000003 193877.15000000005 0 4052.7000000000003 1 57.630000000000003
decision_type=2 2 2 1 8 1 2
left_child=3 2 -2 4 6 -6 -1
right_child=1 -3 -4 -5 5 -7 -8
leaf_value=0.031427497086317639 -0.096677467036938317 0.0050481897558374471 0.01331464953147448 -0.015912541034529208 -0.017957063678158337 0.047471740550711648 -0.085499581615714457
leaf_weight=41 64 5673 47 1716 151 267 63
leaf_count=41 64 5673 47 1716 151 267 63
internal_value=0.000146815 0.00391868 -0.0515378 -0.00958839 0.0112437 0.0246008 -0.0400762
internal_weight=8022 5784 111 2238 522 418 104
internal_count=8022 5784 111 2238 522 418 104
cat_boundaries=0 1 2
cat_threshold=2 137
is_linear=0
shrinkage=0.02


Tree=569
num_leaves=8
num_cat=0
split_feature=14 66 8 64 64 52 34
split_gain=588.572 1045.98 757.874 682.184 594.775 1462.27 1122.13
threshold=43.180000000000007 0.31250000000000006 31.665000000000003 1.0000000180025095e-35 2.5000000000000004 67.205000000000013 2.5000000000000004
decision_type=2 2 2 2 2 2 2
left_child=3 2 -2 -1 5 6 -5
right_child=1 -3 -4 4 -6 -7 -8
leaf_value=-0.067706555615771893 -0.079386228901955 0.00708331586408221 0.0052942279446870086 -0.0016450417888539156 -0.00060943511566407171 0.047785077352813864 0.045619483929613368
leaf_weight=50 139 237 59 1587 5333 369 225
leaf_count=50 139 237 59 1587 5333 369 225
internal_value=0.00117311 -0.0213151 -0.0546443 0.00247961 0.00299136 0.0117773 0.00433328
internal_weight=7999 435 198 7564 7514 2181 1812
internal_count=7999 435 198 7564 7514 2181 1812
is_linear=0
shrinkage=0.02


Tree=570
num_leaves=8
num_cat=0
split_feature=54 67 41 57 13 0 41
split_gain=674.981 1317.32 777.676 724.543 686.288 723.921 714.612
threshold=73.02500000000002 12.156343934978635 35.445000000000007 42.900000000000006 455.35000000000008 38.500000000000007 37.585000000000008
decision_type=2 2 2 2 2 2 2
left_child=1 -1 -3 -4 -2 -6 -7
right_child=4 2 3 -5 5 6 -8
leaf_value=0.0044825836571194041 -0.0023772207305208072 0.13307348043968281 0.071806634790217039 -0.015194953735058124 -0.02524709585359541 0.12323950102988709 0.026423587626913218
leaf_weight=767 6874 43 94 60 54 42 98
leaf_count=767 6874 43 94 60 54 42 98
internal_value=0.000826263 0.0164802 0.0619243 0.038498 -0.0013189 0.035298 0.0587165
internal_weight=8032 964 197 154 7068 194 140
internal_count=8032 964 197 154 7068 194 140
is_linear=0
shrinkage=0.02


Tree=571
num_leaves=8
num_cat=1
split_feature=45 13 30 4 65 42 22
split_gain=1028.26 1150.33 1030.88 952.151 1081.27 889.461 734.991
threshold=1.0000000180025095e-35 383.15000000000003 1.0000000180025095e-35 0 0.35416666666666669 19.215000000000003 10164.350000000002
decision_type=2 2 2 1 2 2 2
left_child=1 2 6 -3 -5 -4 -1
right_child=-2 3 5 4 -6 -7 -8
leaf_value=0.021590693301228096 -0.0044779380837241716 0.0053628909880628515 0.094809477961424624 -0.017607760223604382 0.062302333382164753 0.016990000626229379 -0.010186169750663155
leaf_weight=354 4578 382 61 79 401 576 1538
leaf_count=354 4578 382 61 79 401 576 1538
internal_value=0.00170364 0.0100433 0.00322116 0.0299248 0.0481125 0.0251225 -0.00419937
internal_weight=7969 3391 2529 862 480 637 1892
internal_count=7969 3391 2529 862 480 637 1892
cat_boundaries=0 1
cat_threshold=1
is_linear=0
shrinkage=0.02


Tree=572
num_leaves=8
num_cat=0
split_feature=45 54 67 12 67 41 52
split_gain=801.2 1155.95 1271.31 962.846 959.694 1170.76 1082.51
threshold=1.0000000180025095e-35 82.955000000000013 22.3538148286347 19.995000000000001 16.173922160407155 24.665000000000003 15.630000000000001
decision_type=2 2 2 2 2 2 2
left_child=-1 4 3 -3 5 -2 -7
right_child=1 2 -4 -5 -6 6 -8
leaf_value=0.0071081445248458372 -0.054568383594536612 -0.042377443562829929 -0.060717922680185367 -0.0052312321840391265 0.046146125015210017 -0.064150095552573977 0.011175229347048064
leaf_weight=3422 131 313 207 2301 215 76 1327
leaf_count=3422 131 313 207 2301 215 76 1327
internal_value=-0.000204044 -0.00568117 -0.0135922 -0.00975153 0.00708101 0.00147365 0.00688157
internal_weight=7992 4570 2821 2614 1749 1534 1403
internal_count=7992 4570 2821 2614 1749 1534 1403
is_linear=0
shrinkage=0.02


Tree=573
num_leaves=8
num_cat=0
split_feature=12 42 51 23 16 53 12
split_gain=889.538 1042.27 1240.87 1057.86 1020.95 1442.26 830.715
threshold=19.995000000000001 43.845000000000006 32.095000000000006 17.550000000000004 0.45180000000000003 58.020000000000003 14.375000000000002
decision_type=2 2 2 2 2 2 2
left_child=1 4 3 -3 5 -1 -6
right_child=-2 2 -4 -5 6 -7 -8
leaf_value=-0.071881361987005482 0.0020031710641076569 -0.040103169362253804 0.00078536748643464964 -0.12888722506921682 0.0065286662681834908 0.038632897948285186 0.090069500739108549
leaf_weight=106 6952 323 256 62 122 78 74
leaf_count=106 6952 323 256 62 122 78 74
internal_value=-0.000561032 -0.0179454 -0.0334122 -0.05587 0.00823982 -0.0252503 0.0395255
internal_weight=7973 1021 641 385 380 184 196
internal_count=7973 1021 641 385 380 184 196
is_linear=0
shrinkage=0.02


Tree=574
num_leaves=8
num_cat=0
split_feature=57 16 64 33 31 68 41
split_gain=685.113 737.612 907.011 1185.3 964.006 1722.88 1254.58
threshold=33.395000000000003 0.24975000000000003 2.5000000000000004 3.5000000000000004 1.0000000180025095e-35 1081781.1500000001 74.77500000000002
decision_type=2 2 2 2 2 2 2
left_child=1 -1 3 4 6 -6 -3
right_child=-2 2 -4 -5 5 -7 -8
leaf_value=-0.029189155968767696 -0.0060408851842200526 -0.0045076247209852394 0.0015867243807709405 0.082484178919860013 0.086314349356255718 -0.045072359822013165 0.094447951465845115
leaf_weight=222 4260 600 2469 118 152 50 51
leaf_count=222 4260 600 2469 118 152 50 51
internal_value=-0.000591 0.00574844 0.00804222 0.0243647 0.0158908 0.0534897 0.00390545
internal_weight=7922 3662 3440 971 853 202 651
internal_count=7922 3662 3440 971 853 202 651
is_linear=0
shrinkage=0.02


Tree=575
num_leaves=8
num_cat=0
split_feature=16 9 16 17 42 55 22
split_gain=815.663 763.099 965.819 1103.41 1016.1 802.579 1098.61
threshold=0.77305000000000013 1.5000000000000002 0.42885000000000006 73204.400000000009 50.065000000000005 46.915000000000006 16779.900000000005
decision_type=2 2 2 2 2 2 2
left_child=1 2 3 4 -1 6 -4
right_child=-2 -3 5 -5 -6 -7 -8
leaf_value=-0.07520911260471716 0.032401471415002429 0.0014324227728065308 0.024852703668742992 0.05846351049516512 -0.016866974868811665 -0.022155252161119045 -0.021143993980533727
leaf_weight=226 275 5614 548 41 255 611 328
leaf_count=226 275 5614 548 41 255 611 328
internal_value=-0.0011253 -0.00235522 -0.0129168 -0.0361848 -0.044771 -0.00465485 0.00760794
internal_weight=7898 7623 2009 522 481 1487 876
internal_count=7898 7623 2009 522 481 1487 876
is_linear=0
shrinkage=0.02


Tree=576
num_leaves=8
num_cat=1
split_feature=64 21 54 53 3 21 42
split_gain=626.735 579.961 707.888 1162.23 852.229 649.227 692.212
threshold=1.0000000180025095e-35 386670.95000000001 87.135000000000005 58.020000000000003 0 380478.60000000003 31.075000000000003
decision_type=2 10 2 2 1 10 2
left_child=-1 5 -3 -4 -5 6 -2
right_child=1 2 3 4 -6 -7 -8
leaf_value=-0.066497993900307584 0.01218888758083363 0.028972127677568096 -0.037987577552102268 0.047579877350082248 -0.018007937846705319 -0.058541661962112301 -0.0040077862894611245
leaf_weight=51 1304 588 216 182 125 74 5445
leaf_count=51 1304 588 216 182 125 74 5445
internal_value=0.000175404 0.000645594 0.014012 -0.00292259 0.0219619 -0.00153954 -0.000871658
internal_weight=7985 7934 1111 523 307 6823 6749
internal_count=7985 7934 1111 523 307 6823 6749
cat_boundaries=0 1
cat_threshold=3
is_linear=0
shrinkage=0.02


Tree=577
num_leaves=8
num_cat=0
split_feature=16 55 55 48 31 0 48
split_gain=538.399 593.76 899.492 853.788 886.034 828.738 823.057
threshold=0.32955000000000007 49.015000000000008 49.735000000000007 13.500000000000002 1.0000000180025095e-35 51.500000000000007 1.0000000180025095e-35
decision_type=2 2 2 2 2 2 2
left_child=-1 5 -3 -4 -5 6 -2
right_child=1 2 3 4 -6 -7 -8
leaf_value=-0.01249797852040881 -0.023514623477773257 -0.048131009382171637 0.0016924534260103245 -0.084729525388161447 -0.0059691983657992557 0.02092485810130185 0.0048452988526189022
leaf_weight=1298 471 188 1818 93 139 1085 2918
leaf_count=1298 471 188 1818 93 139 1085 2918
internal_value=-0.000732866 0.00154994 -0.00685109 -0.00295753 -0.0386627 0.00575529 0.000875029
internal_weight=8010 6712 2238 2050 232 4474 3389
internal_count=8010 6712 2238 2050 232 4474 3389
is_linear=0
shrinkage=0.02


Tree=578
num_leaves=8
num_cat=0
split_feature=12 58 40 66 49 24 26
split_gain=634.46 839.944 698.251 629.36 623.996 609.104 633.847
threshold=77.385000000000005 29.205000000000002 5.6100000000000003 0.18750000000000003 31.500000000000004 5.5000000000000009 1.0000000180025095e-35
decision_type=2 2 2 2 2 2 2
left_child=2 4 -1 -3 -2 -4 -7
right_child=1 3 5 -5 -6 6 -8
leaf_value=-0.052314207829810958 0.026226210183218909 0.056868526694320493 0.00013780282810128806 -0.0027306990490066248 0.11286687501689845 -0.052613771621765601 0.0058681697733411501
leaf_weight=103 90 79 6925 451 52 176 124
leaf_count=103 90 79 6925 451 52 176 124
internal_value=-0.000125472 0.0183998 -0.00183568 0.00660142 0.0607136 -0.00108038 -0.0287413
internal_weight=8000 672 7328 530 142 7225 300
internal_count=8000 672 7328 530 142 7225 300
is_linear=0
shrinkage=0.02


Tree=579
num_leaves=8
num_cat=0
split_feature=54 15 33 54 57 58 9
split_gain=546.107 925.049 1031.94 899.384 742.003 725.08 640.365
threshold=73.02500000000002 4.5000000000000009 2.5000000000000004 71.25500000000001 49.335000000000008 50.425000000000004 8.5000000000000018
decision_type=2 2 2 2 2 2 2
left_child=1 2 3 4 5 -1 -4
right_child=-2 -3 6 -5 -6 -7 -8
leaf_value=0.063833523322667535 -0.001179495446892917 -0.071334375410030293 -0.013259079121316575 0.096660768929676913 -0.03113927135295752 -0.013544949254819326 0.031537028935590856
leaf_weight=169 6958 43 384 92 67 65 185
leaf_count=169 6958 43 384 92 67 65 185
internal_value=0.00081455 0.0145576 0.0187458 0.0434496 0.0258721 0.0425058 0.0014534
internal_weight=7963 1005 962 393 301 234 569
internal_count=7963 1005 962 393 301 234 569
is_linear=0
shrinkage=0.02


Tree=580
num_leaves=8
num_cat=0
split_feature=15 16 16 48 54 47 58
split_gain=693.338 1235.21 617.933 1039.1 740.949 861.381 751.963
threshold=1.5000000000000002 0.80045000000000011 0.35685000000000006 9.5000000000000018 83.285000000000011 2.5000000000000004 28.695000000000004
decision_type=2 2 2 2 2 2 2
left_child=-1 2 -2 4 5 -4 -7
right_child=1 -3 3 -5 -6 6 -8
leaf_value=0.0026879980756156856 -0.036928502255537378 0.090559754878606485 -0.056003991580967395 -0.043199806304032355 -0.012084362468208348 -0.017247964659433686 0.050671639685014272
leaf_weight=6291 376 41 44 258 618 84 257
leaf_count=6291 376 41 44 258 618 84 257
internal_value=-0.000360393 -0.0117632 -0.0145939 -0.00781469 0.0014565 0.0230685 0.0339332
internal_weight=7969 1678 1637 1261 1003 385 341
internal_count=7969 1678 1637 1261 1003 385 341
is_linear=0
shrinkage=0.02


Tree=581
num_leaves=8
num_cat=1
split_feature=45 12 7 52 34 12 37
split_gain=529.324 917.388 860.759 836.474 764.579 762.012 702.709
threshold=1.0000000180025095e-35 19.995000000000001 0 74.845000000000013 2.5000000000000004 12.700000000000001 0.31010000000000004
decision_type=2 2 1 2 2 2 2
left_child=3 2 5 6 -4 -2 -1
right_child=1 -3 4 -5 -6 -7 -8
leaf_value=0.0093321759766255181 0.065601575313054994 -0.00021783569542220075 -0.056043786408741081 0.03704208577136682 0.0028567626597660201 -0.02586640858497375 -0.011910579117327793
leaf_weight=2263 64 3978 330 324 119 73 854
leaf_count=2263 64 3978 330 324 119 73 854
internal_value=0.000791747 -0.00367239 -0.026923 0.00670953 -0.0396992 0.0165061 0.0035023
internal_weight=8005 4564 586 3441 449 137 3117
internal_count=8005 4564 586 3441 449 137 3117
cat_boundaries=0 1
cat_threshold=24
is_linear=0
shrinkage=0.02


Tree=582
num_leaves=8
num_cat=2
split_feature=14 31 1 4 48 64 52
split_gain=640.207 894.305 862.753 685.125 768.419 647.676 431.164
threshold=43.180000000000007 1.0000000180025095e-35 0 1 5.5000000000000009 1.0000000180025095e-35 1.0000000180025095e-35
decision_type=2 2 1 1 2 2 2
left_child=5 2 -2 4 -3 -1 -7
right_child=1 3 -4 -5 -6 6 -8
leaf_value=-0.071211907527548204 -0.010008813277671211 0.0045604009176226888 -0.096608586234530225 0.026057411709002089 -0.09998202861365961 -0.044131868073814799 0.003757233681708863
leaf_weight=42 90 69 92 167 42 71 7375
leaf_count=42 90 69 92 167 42 71 7375
internal_value=0.00139398 -0.0213787 -0.0551972 0.00134545 -0.0346166 0.00280627 0.00327129
internal_weight=7948 460 182 278 111 7488 7446
internal_count=7948 460 182 278 111 7488 7446
cat_boundaries=0 1 2
cat_threshold=2 1
is_linear=0
shrinkage=0.02


Tree=583
num_leaves=8
num_cat=0
split_feature=16 52 6 52 58 56 56
split_gain=833.22 1261.26 1334.3 991.89 859.188 714.6 660.466
threshold=0.32955000000000007 31.455000000000002 2.5000000000000004 37.355000000000011 47.805000000000007 35.345000000000006 36.155000000000008
decision_type=2 2 2 2 2 2 2
left_child=1 2 4 6 5 -1 -3
right_child=-2 3 -4 -5 -6 -7 -8
leaf_value=-0.034648522354089301 0.0031518894595302456 0.11056432882282469 0.028515758096752032 -0.010896386940075062 -0.0098585829393912673 -0.12339061962233651 0.014351995524696329
leaf_weight=60 6751 40 66 865 68 112 83
leaf_count=60 6751 40 66 865 68 112 83
internal_value=0.000331524 -0.0143383 -0.049466 -0.00326434 -0.0710552 -0.0942873 0.0487373
internal_weight=8045 1294 306 988 240 172 123
internal_count=8045 1294 306 988 240 172 123
is_linear=0
shrinkage=0.02


Tree=584
num_leaves=8
num_cat=0
split_feature=54 52 17 8 14 58 32
split_gain=593.708 774.269 683.875 964.611 843.748 827.081 1054.49
threshold=73.02500000000002 16.985000000000003 38499.150000000001 54.410000000000004 41.875000000000007 30.245000000000001 1.0000000180025095e-35
decision_type=2 2 2 2 2 2 2
left_child=1 -1 3 4 -2 -4 -7
right_child=2 -3 5 -5 -6 6 -8
leaf_value=-0.048723568241741212 -0.0013307318895625173 0.018595716199316884 -0.017472498932317511 -0.036946732936722175 -0.032757508581086912 0.043663546961203149 -0.0013931462729758607
leaf_weight=69 5160 925 287 361 361 421 405
leaf_count=69 5160 925 287 361 361 421 405
internal_value=-0.000721666 0.0137022 -0.00277964 -0.0055011 -0.00341341 0.0115631 0.0216961
internal_weight=7989 994 6995 5882 5521 1113 826
internal_count=7989 994 6995 5882 5521 1113 826
is_linear=0
shrinkage=0.02


Tree=585
num_leaves=8
num_cat=0
split_feature=31 42 34 57 14 13 22
split_gain=598.299 1265.76 834.012 816.652 771.416 922.456 901.179
threshold=1.0000000180025095e-35 80.790000000000006 3.5000000000000004 38.925000000000004 41.875000000000007 433.25000000000006 14920.900000000003
decision_type=2 2 2 2 2 2 2
left_child=1 2 4 -4 5 -1 -7
right_child=-2 -3 3 -5 -6 6 -8
leaf_value=-0.011227617143596774 0.0055670966982824715 0.035159155412235722 0.097466488710620941 -0.015686480177908527 -0.04987913959038754 -0.0058147704504106354 0.088142117263847269
leaf_weight=2646 4657 276 52 44 187 87 71
leaf_count=2646 4657 276 52 44 187 87 71
internal_value=0.000927491 -0.00549605 -0.00918189 0.0473956 -0.0110739 -0.00840177 0.037815
internal_weight=8020 3363 3087 96 2991 2804 158
internal_count=8020 3363 3087 96 2991 2804 158
is_linear=0
shrinkage=0.02


Tree=586
num_leaves=8
num_cat=0
split_feature=53 50 16 53 52 40 8
split_gain=723.059 976.468 795.763 843.397 576.205 934.457 574.311
threshold=85.855000000000004 1.5000000000000002 0.77305000000000013 83.445000000000007 29.915000000000003 60.895000000000003 8.5850000000000026
decision_type=2 2 2 2 2 2 2
left_child=2 -2 3 6 -4 -6 -1
right_child=1 -3 4 -5 5 -7 -8
leaf_value=0.025566447788254038 0.04255808559214061 -0.01702566054929619 -0.029757455027833279 -0.04968468895777553 0.0791568093167411 -0.0070322145630295077 -0.0024874361537093274
leaf_weight=300 341 158 44 142 130 79 6792
leaf_count=300 341 158 44 142 130 79 6792
internal_value=0.000522372 0.0237101 -0.00103786 -0.0022673 0.0334781 0.0471751 -0.00128355
internal_weight=7986 499 7487 7234 253 209 7092
internal_count=7986 499 7487 7234 253 209 7092
is_linear=0
shrinkage=0.02


Tree=587
num_leaves=8
num_cat=0
split_feature=16 8 8 58 51 37 15
split_gain=563.049 858.45 973.4 970.898 934.289 869.291 1247.31
threshold=0.36255000000000004 24.685000000000006 26.625000000000004 26.645000000000003 9.7050000000000018 0.050650000000000008 1.5000000000000002
decision_type=2 2 2 2 2 2 2
left_child=1 3 -3 -1 -5 6 -6
right_child=-2 2 -4 4 5 -7 -8
leaf_value=-0.041791851700672622 0.0022765069383696812 -0.080893025687921838 -0.016447408160345154 0.066897552923871839 0.0058560491201220723 0.023322607601943771 -0.08397782339499546
leaf_weight=153 6250 102 800 104 191 375 86
leaf_count=153 6250 102 800 104 191 375 86
internal_value=-0.000570177 -0.0103737 -0.0241408 0.00334477 0.0126941 0.00360486 -0.0230291
internal_weight=8061 1811 902 909 756 652 277
internal_count=8061 1811 902 909 756 652 277
is_linear=0
shrinkage=0.02


Tree=588
num_leaves=8
num_cat=0
split_feature=38 23 21 30 8 52 64
split_gain=694.361 785.563 1047.74 729.152 920.226 1232.84 871.709
threshold=16347.400000000003 2.3500000000000001 462676.10000000003 1.0000000180025095e-35 29.825000000000003 21.575000000000003 3.5000000000000004
decision_type=8 2 8 2 2 2 2
left_child=3 2 -2 4 -1 -6 -5
right_child=1 -3 -4 6 5 -7 -8
leaf_value=0.0096561008147300637 0.11644741443296275 -0.0075342407820983672 -0.014999870116320939 0.033792601258813879 -0.082789868918276319 -0.0078163113501913684 -0.0026267782223892335
leaf_weight=1489 43 4307 47 650 92 935 438
leaf_count=1489 43 4307 47 650 92 935 438
internal_value=-0.000956708 -0.00628763 0.0506261 0.0055469 -0.000377523 -0.0149011 0.0191862
internal_weight=8001 4397 90 3604 2516 1027 1088
internal_count=8001 4397 90 3604 2516 1027 1088
is_linear=0
shrinkage=0.02


Tree=589
num_leaves=8
num_cat=1
split_feature=8 55 9 38 7 57 53
split_gain=790.096 1064.74 1005.3 1241.48 1511.32 1132.48 967.505
threshold=24.545000000000005 53.675000000000004 10.500000000000002 3408.3000000000006 0 12.255000000000001 74.050000000000026
decision_type=2 2 2 8 1 2 2
left_child=1 -1 3 5 6 -2 -5
right_child=2 -3 -4 4 -6 -7 -8
leaf_value=0.012102530327596639 0.04232420818372206 -0.015322824683710396 0.017787665667189728 -0.033930876465354649 -0.00053532453678467519 -0.046321161635408496 -0.14001484147076393
leaf_weight=3061 61 690 625 170 2843 509 40
leaf_count=3061 61 690 625 170 2843 509 40
internal_value=0.000359697 0.00704393 -0.00554385 -0.00958771 -0.00450246 -0.036549 -0.0543936
internal_weight=7999 3751 4248 3623 3053 570 210
internal_count=7999 3751 4248 3623 3053 570 210
cat_boundaries=0 1
cat_threshold=32
is_linear=0
shrinkage=0.02


Tree=590
num_leaves=8
num_cat=0
split_feature=16 8 22 64 41 40 34
split_gain=546.919 736.068 604.663 525.449 946.081 611.195 512.152
threshold=0.77885000000000015 30.695000000000004 19045.250000000004 4.5000000000000009 47.535000000000004 87.625000000000014 3.5000000000000004
decision_type=2 2 2 2 2 2 2
left_child=3 2 -2 5 -5 6 -1
right_child=1 -3 -4 4 -6 -7 -8
leaf_value=-0.004791537220751786 0.02375880963982208 -0.025143013016382852 0.1015608795768902 0.048515011522982078 -0.0023141004141682808 0.030254586891664399 0.015664459421914422
leaf_weight=6435 129 70 56 231 385 220 525
leaf_count=6435 129 70 56 231 385 220 525
internal_value=0.000284528 0.0288199 0.0493626 -0.000666711 0.016984 -0.0021918 -0.00323838
internal_weight=8051 255 185 7796 616 7180 6960
internal_count=8051 255 185 7796 616 7180 6960
is_linear=0
shrinkage=0.02


Tree=591
num_leaves=8
num_cat=0
split_feature=55 33 21 55 12 32 38
split_gain=520.363 1077.45 1060.46 898.933 1285.09 733.499 817.178
threshold=54.735000000000007 1.5000000000000002 317598.40000000008 56.885000000000012 52.955000000000005 1.0000000180025095e-35 3408.3000000000006
decision_type=2 2 10 2 2 2 10
left_child=5 2 3 -2 -5 6 -1
right_child=1 -3 -4 4 -6 -7 -8
leaf_value=-0.0017915313594571785 -0.12131225221519229 -0.0036875087252295803 0.030953899885302991 -0.078752181897915538 0.036230507019966371 -0.0084876546722735223 0.015961508183494909
leaf_weight=2617 74 999 53 100 58 2425 1712
leaf_count=2617 74 999 53 100 58 2425 1712
internal_value=-0.00191391 -0.0135586 -0.0474993 -0.0656967 -0.0367267 0.000308258 0.00523962
internal_weight=8038 1284 285 232 158 6754 4329
internal_count=8038 1284 285 232 158 6754 4329
is_linear=0
shrinkage=0.02


Tree=592
num_leaves=8
num_cat=0
split_feature=66 32 53 56 42 40 21
split_gain=740.834 855.021 911.21 979.537 803.148 1313.9 1393.22
threshold=1.0000000180025095e-35 1.0000000180025095e-35 85.25500000000001 46.525000000000013 51.115000000000002 52.675000000000004 386670.95000000001
decision_type=2 2 2 2 2 2 8
left_child=4 2 -2 -4 -1 -6 -7
right_child=1 -3 3 -5 5 6 -8
leaf_value=0.0035479513757234933 0.00608755074288541 -0.0054709756412602206 0.058464649946909052 -0.028864517388018696 -0.1292172896483588 -0.10738490027851529 0.028578434178362724
leaf_weight=191 4428 2812 251 61 58 40 87
leaf_count=191 4428 2812 251 61 58 40 87
internal_value=0.00188931 0.00326006 0.00844004 0.0412047 -0.0253239 -0.054441 -0.0166902
internal_weight=7928 7552 4740 312 376 185 127
internal_count=7928 7552 4740 312 376 185 127
is_linear=0
shrinkage=0.02


Tree=593
num_leaves=8
num_cat=0
split_feature=52 64 64 40 10 40 8
split_gain=615.369 1336.55 875.266 886.969 867.13 1343.25 766.396
threshold=67.205000000000013 2.5000000000000004 4.5000000000000009 25.215000000000003 14764.35 54.935000000000009 36.495000000000012
decision_type=2 2 2 2 2 2 2
left_child=2 4 6 -4 5 -2 -1
right_child=1 -3 3 -5 -6 -7 -8
leaf_value=-0.0016389985712178007 -0.069903252217031669 -0.00098611363543072436 0.10646226927969192 0.013249794409889335 0.060613348790984997 0.055755260763941585 -0.018271572351356815
leaf_weight=4603 58 1082 40 469 281 69 1455
leaf_count=4603 58 1082 40 469 281 69 1455
internal_value=-0.000889643 0.0106926 -0.00352371 0.0215393 0.0413012 -0.00210618 -0.00564556
internal_weight=8057 1490 6567 509 408 127 6058
internal_count=8057 1490 6567 509 408 127 6058
is_linear=0
shrinkage=0.02


Tree=594
num_leaves=8
num_cat=0
split_feature=21 18 44 57 43 40 57
split_gain=734.002 1007.27 753.49 1021.99 873.792 828.577 815.18
threshold=402019.8000000001 150048.15000000005 1.0000000180025095e-35 9.1450000000000014 1.0000000180025095e-35 62.045000000000009 20.390000000000004
decision_type=10 2 2 2 2 2 2
left_child=2 -2 3 -1 5 -5 -6
right_child=1 -3 -4 4 6 -7 -8
leaf_value=0.045260377361808185 0.00014068387691207733 0.0409959326198246 0.0015458947301395904 -0.064566431615603506 -0.050360073983846676 0.011902121582901793 -0.0021325818636612585
leaf_weight=101 602 398 5667 251 163 71 850
leaf_count=101 602 398 5667 251 163 71 850
internal_value=0.000525947 0.0165241 -0.00173641 -0.01465 -0.0193345 -0.0477812 -0.010102
internal_weight=8103 1000 7103 1436 1335 322 1013
internal_count=8103 1000 7103 1436 1335 322 1013
is_linear=0
shrinkage=0.02


Tree=595
num_leaves=8
num_cat=0
split_feature=48 31 42 51 9 42 48
split_gain=639.523 826.333 1274.78 664.486 566.322 694.488 573.672
threshold=18.500000000000004 1.0000000180025095e-35 38.880000000000003 23.850000000000005 20.500000000000004 31.360000000000003 2.5000000000000004
decision_type=2 2 2 2 2 2 2
left_child=4 2 -2 -4 -1 -6 -7
right_child=1 -3 3 -5 5 6 -8
leaf_value=-0.00013737983501642943 -0.1294841026077195 -8.3218538278683279e-05 -0.065135971270501608 0.026423109883771227 0.086921339319875612 0.052231877472153618 -0.019166067416469257
leaf_weight=7326 58 239 55 63 60 71 106
leaf_count=7326 58 239 55 63 60 71 106
internal_value=-0.000476543 -0.0244981 -0.0567342 -0.0171657 0.00085689 0.030959 0.0101219
internal_weight=7978 415 176 118 7563 237 177
internal_count=7978 415 176 118 7563 237 177
is_linear=0
shrinkage=0.02


Tree=596
num_leaves=8
num_cat=0
split_feature=13 49 14 58 64 14 49
split_gain=599.584 527.7 560.725 832.298 791.451 660.052 870.762
threshold=463.40000000000003 4.5000000000000009 34.32500000000001 19.085000000000004 1.5000000000000002 32.975000000000009 22.500000000000004
decision_type=2 2 2 2 2 2 2
left_child=1 -1 5 -4 -5 -3 -7
right_child=-2 2 3 4 -6 6 -8
leaf_value=-0.040457598275863205 0.03622213771710029 0.0013480547050141018 -0.089931225237521256 -0.078492304862987611 -0.004326068499285878 0.10059159716290812 -0.009033497592498517
leaf_weight=125 177 6671 50 57 814 57 53
leaf_count=125 177 6671 50 57 814 57 53
internal_value=0.00033581 -0.000498331 0.000176016 -0.0144231 -0.00959997 0.00216804 0.049676
internal_weight=8004 7827 7702 921 871 6781 110
internal_count=8004 7827 7702 921 871 6781 110
is_linear=0
shrinkage=0.02


Tree=597
num_leaves=8
num_cat=0
split_feature=32 17 33 10 55 23 17
split_gain=527.465 763.046 692.22 1382.97 676.24 838.737 946.982
threshold=1.0000000180025095e-35 1044.3000000000002 1.5000000000000002 31151.800000000003 54.735000000000007 23.250000000000004 43393.55000000001
decision_type=2 2 2 2 2 2 2
left_child=4 -2 3 -3 5 6 -1
right_child=1 2 -4 -5 -6 -7 -8
leaf_value=0.0011107822132832455 -0.085299396470797303 -0.093315555415254964 -0.0034158965496731255 0.037386106392916514 -0.013432270867788062 0.040827944335902311 0.032183719170195135
leaf_weight=3624 44 89 2705 46 779 266 435
leaf_count=3624 44 89 2705 46 779 266 435
internal_value=-0.00019722 -0.00702725 -0.0056668 -0.0490355 0.00366517 0.00675664 0.00447634
internal_weight=7988 2884 2840 135 5104 4325 4059
internal_count=7988 2884 2840 135 5104 4325 4059
is_linear=0
shrinkage=0.02


Tree=598
num_leaves=8
num_cat=1
split_feature=9 0 48 52 33 2 48
split_gain=542.282 585.021 563.554 735.107 570.386 532.04 1005.49
threshold=20.500000000000004 70.500000000000014 3.5000000000000004 42.435000000000009 2.5000000000000004 0 1.5000000000000002
decision_type=2 2 2 2 2 1 2
left_child=5 2 4 -4 -2 -1 -7
right_child=1 -3 3 -5 -6 6 -8
leaf_value=0.0054819692284746972 0.13195280789694888 -0.020406071161851287 0.067965152088333577 -0.036272173904139421 0.028768029128950014 0.011226931774059949 -0.010919578288634456
leaf_weight=3534 42 67 46 53 46 1112 3083
leaf_count=3534 42 67 46 53 46 1112 3083
internal_value=0.000730907 0.0291975 0.0470385 0.0131004 0.0824618 -0.000222869 -0.00503068
internal_weight=7983 254 187 99 88 7729 4195
internal_count=7983 254 187 99 88 7729 4195
cat_boundaries=0 1
cat_threshold=162
is_linear=0
shrinkage=0.02


Tree=599
num_leaves=8
num_cat=0
split_feature=9 54 67 42 17 17 67
split_gain=639.53 1058.15 980.193 781.837 927.564 707.845 776.258
threshold=3.5000000000000004 81.855000000000004 12.230569689962371 58.725000000000009 6055.2000000000016 1293.5000000000002 10.274159550396911
decision_type=2 2 2 2 2 2 2
left_child=-1 2 5 4 -4 -2 -7
right_child=1 -3 3 -5 -6 6 -8
leaf_value=-0.0055096799200167303 -0.058326586890516098 -0.0026925054599459355 0.11871614381339814 0.0009401408705930665 0.036386619621167883 0.0174017895903502 -0.04528258317971931
leaf_weight=3985 53 2400 85 101 158 1165 80
leaf_count=3985 53 2400 85 101 158 1165 80
internal_value=0.000172331 0.0057741 0.0181198 0.0478943 0.0669979 0.0100753 0.0132089
internal_weight=8027 4042 1642 344 243 1298 1245
internal_count=8027 4042 1642 344 243 1298 1245
is_linear=0
shrinkage=0.02


Tree=600
num_leaves=8
num_cat=0
split_feature=12 16 40 55 42 47 9
split_gain=617.082 790.274 720.402 691.624 746.835 1094.73 934.286
threshold=84.325000000000003 0.60625000000000007 87.625000000000014 55.055000000000007 28.425000000000004 7.5000000000000009 4.5000000000000009
decision_type=2 2 2 2 2 2 2
left_child=2 -2 3 4 5 6 -1
right_child=1 -3 -4 -5 -6 -7 -8
leaf_value=-0.012239858956469429 0.0081239894147814313 0.074304500221138978 0.031223560886549633 -0.016975745208135436 -0.0029208643818966961 0.074210199870561294 0.028161190353449616
leaf_weight=445 297 91 258 1110 5251 109 462
leaf_count=445 297 91 258 1110 5251 109 462
internal_value=-4.71155e-05 0.0243936 -0.00130431 -0.0024623 0.000119777 0.0157721 0.00838085
internal_weight=8023 388 7635 7377 6267 1016 907
internal_count=8023 388 7635 7377 6267 1016 907
is_linear=0
shrinkage=0.02


Tree=601
num_leaves=8
num_cat=1
split_feature=16 50 4 49 16 34 67
split_gain=553.666 650.532 633.384 689.485 612.781 704.217 808.684
threshold=0.59965000000000013 3.5000000000000004 0 4.5000000000000009 0.55285000000000006 2.5000000000000004 8.8519667279088718
decision_type=2 2 1 2 2 2 2
left_child=1 2 4 -4 -1 6 -6
right_child=-2 -3 3 -5 5 -7 -8
leaf_value=0.0076185162159910849 0.010745659133160375 0.034661589141707035 -0.074455878687283358 -0.0075170340694441428 -0.010779443443955287 0.03375894695123037 -0.08437222953026112
leaf_weight=2548 2102 191 58 2850 179 70 86
leaf_count=2548 2102 191 58 2850 179 70 86
internal_value=0.00192899 -0.00117546 -0.00238633 -0.00894692 0.00425145 -0.0209687 -0.0357826
internal_weight=8084 5982 5791 2908 2883 335 265
internal_count=8084 5982 5791 2908 2883 335 265
cat_boundaries=0 1
cat_threshold=10
is_linear=0
shrinkage=0.02


Tree=602
num_leaves=8
num_cat=0
split_feature=23 65 64 42 64 43 54
split_gain=555.667 619.223 1101.66 764.886 774.728 675.187 1216.93
threshold=2.9500000000000006 0.69047619047619058 2.5000000000000004 81.935000000000016 2.5000000000000004 1.0000000180025095e-35 93.095000000000013
decision_type=2 2 2 2 2 2 2
left_child=-1 3 -3 5 -5 6 -2
right_child=1 2 -4 4 -6 -7 -8
leaf_value=0.029464454096087739 -0.029502129926241773 0.046912938048330591 0.0023087094512993091 0.072111951347361217 0.007329351904728775 -0.0020711030076068508 0.010191272119917567
leaf_weight=237 1038 262 1303 89 351 4244 436
leaf_count=237 1038 262 1303 89 351 4244 436
internal_value=-0.000378251 -0.00131252 0.00990162 -0.00416822 0.0210961 -0.00612904 -0.0177663
internal_weight=7960 7723 1565 6158 440 5718 1474
internal_count=7960 7723 1565 6158 440 5718 1474
is_linear=0
shrinkage=0.02


Tree=603
num_leaves=8
num_cat=0
split_feature=40 68 54 21 18 10 56
split_gain=609.826 695.445 678.92 523.613 735.413 1298.54 869.332
threshold=7.5900000000000007 1141284.3000000003 85.835000000000022 408995.65000000008 69683.400000000009 23982.800000000007 46.205000000000005
decision_type=2 2 2 10 2 2 2
left_child=1 2 -1 -2 6 -6 -5
right_child=3 -3 -4 4 5 -7 -8
leaf_value=0.038363109228469562 -0.00093792589873329703 -0.10508811296853754 -0.053856997425534896 -0.013470241597354835 0.10872174248481409 0.017501887806792217 0.051086924376969156
leaf_weight=54 6923 40 65 417 73 327 99
leaf_count=54 6923 40 65 417 73 327 99
internal_value=0.000148199 -0.0380215 -0.0121497 0.000946146 0.0151135 0.0352862 -0.000712863
internal_weight=7998 159 119 7839 916 400 516
internal_count=7998 159 119 7839 916 400 516
is_linear=0
shrinkage=0.02


Tree=604
num_leaves=8
num_cat=1
split_feature=8 30 41 12 45 3 53
split_gain=452.309 987.063 455.464 519.305 393.207 784.35 1465.36
threshold=7.6850000000000014 1.0000000180025095e-35 41.495000000000012 50.015000000000008 1.0000000180025095e-35 0 81.355000000000004
decision_type=2 2 2 2 2 1 2
left_child=1 2 -1 -4 5 6 -2
right_child=4 -3 3 -5 -6 -7 -8
leaf_value=0.094640467447824173 0.020371410825931791 -0.048902941925345729 -0.007217424046248198 0.074601672192892196 -0.0042508316531735292 -0.0050896408131343848 -0.040876719539278544
leaf_weight=56 1553 48 75 47 4420 1637 169
leaf_count=56 1553 48 75 47 4420 1637 169
internal_value=0.000485792 0.0280654 0.04959 0.0259992 -0.000332979 0.00482105 0.0141774
internal_weight=8005 226 178 122 7779 3359 1722
internal_count=8005 226 178 122 7779 3359 1722
cat_boundaries=0 1
cat_threshold=5
is_linear=0
shrinkage=0.02


Tree=605
num_leaves=8
num_cat=0
split_feature=55 40 31 31 33 42 21
split_gain=526.614 507.42 578.83 547.488 925.683 790.376 913.092
threshold=25.525000000000002 87.625000000000014 1.0000000180025095e-35 1.0000000180025095e-35 4.5000000000000009 37.085000000000008 312532.10000000003
decision_type=2 2 2 2 2 2 8
left_child=-1 3 -3 4 -2 6 -5
right_child=1 2 -4 5 -6 -7 -8
leaf_value=-0.046195778825879101 -0.0091881498443163352 0.062315418781881987 0.0018496162617398846 0.039172575846795114 0.051490829526088557 -0.0018351088429465227 0.0042110110014324364
leaf_weight=95 3106 105 150 460 99 3136 840
leaf_count=95 3106 105 150 460 99 3136 840
internal_value=-0.000587544 -9.9261e-06 0.0274669 -0.00094426 -0.00723654 0.00360493 0.0166847
internal_weight=7991 7896 255 7641 3205 4436 1300
internal_count=7991 7896 255 7641 3205 4436 1300
is_linear=0
shrinkage=0.02


Tree=606
num_leaves=8
num_cat=0
split_feature=57 48 55 23 41 64 55
split_gain=562.711 983.881 1144.06 1103.16 765.405 867.867 820.623
threshold=41.805000000000007 4.5000000000000009 38.355000000000011 5.2500000000000009 68.705000000000013 4.5000000000000009 57.045000000000009
decision_type=2 2 2 2 2 2 2
left_child=-1 -2 -3 -4 5 6 -5
right_child=1 2 3 4 -6 -7 -8
leaf_value=0.0026130444191374957 0.0021999823419159821 -0.083254395505977338 0.031950487857985807 -0.024736760660897323 0.013318723915772117 0.033423655919539622 -0.071393693992193197
leaf_weight=5072 1593 104 165 595 188 73 202
leaf_count=5072 1593 104 165 595 188 73 202
internal_value=-0.00141355 -0.00840019 -0.0210857 -0.0154816 -0.0229943 -0.0308726 -0.0369334
internal_weight=7992 2920 1327 1223 1058 870 797
internal_count=7992 2920 1327 1223 1058 870 797
is_linear=0
shrinkage=0.02


Tree=607
num_leaves=8
num_cat=1
split_feature=9 30 42 9 56 2 42
split_gain=505.831 1100.29 1535.87 1235.37 762.48 737.919 774.019
threshold=1.5000000000000002 1.0000000180025095e-35 18.605000000000004 4.5000000000000009 45.775000000000013 0 14.795000000000002
decision_type=2 2 2 2 2 1 2
left_child=-1 4 3 -3 5 -2 -7
right_child=1 2 -4 -5 -6 6 -8
leaf_value=-0.0074832374840584168 0.0012605515074514506 0.004963040081439195 0.012045166218269999 0.13331387107885337 0.014851254783371046 -0.084584474893036624 -0.014499452535405416
leaf_weight=2217 2081 49 1464 74 881 62 1166
leaf_count=2217 2081 49 1464 74 881 62 1166
internal_value=0.000627667 0.00374411 0.0178983 0.0843734 -0.00163187 -0.00603618 -0.0182188
internal_weight=7994 5777 1587 123 4190 3309 1228
internal_count=7994 5777 1587 123 4190 3309 1228
cat_boundaries=0 1
cat_threshold=150
is_linear=0
shrinkage=0.02


Tree=608
num_leaves=8
num_cat=0
split_feature=9 0 50 16 8 21 34
split_gain=563.587 578.693 547.954 657.475 592.528 774.019 621.216
threshold=18.500000000000004 73.500000000000014 3.5000000000000004 0.17090000000000002 47.245000000000012 248007.15000000002 3.5000000000000004
decision_type=2 2 2 2 2 8 2
left_child=2 -2 3 -1 6 -6 -5
right_child=1 -3 -4 4 5 -7 -8
leaf_value=-0.059952103872964908 0.034806629829863059 -0.031902647195827395 0.027242896996133834 -0.00096276023048421158 -0.056100201953225341 -0.0075652066779544024 0.021899954403295764
leaf_weight=72 316 58 264 6036 158 690 511
leaf_count=72 316 58 264 6036 158 690 511
internal_value=0.000364646 0.0241769 -0.000802195 -0.00181131 -0.00120511 -0.0168841 0.000837049
internal_weight=8105 374 7731 7467 7395 848 6547
internal_count=8105 374 7731 7467 7395 848 6547
is_linear=0
shrinkage=0.02


Tree=609
num_leaves=8
num_cat=0
split_feature=33 38 12 41 32 44 38
split_gain=501.803 854.677 1256.53 1475.02 698.517 889.078 1728.14
threshold=1.0000000180025095e-35 6027.7000000000007 42.865000000000002 61.895000000000003 1.0000000180025095e-35 1.0000000180025095e-35 2876.8500000000004
decision_type=2 8 2 2 2 2 8
left_child=1 -1 -3 -4 -2 6 -6
right_child=4 2 3 -5 5 -7 -8
leaf_value=-0.10322256247202555 0.0040264471394358941 -0.052867664575942455 -0.0096069778518618216 0.12018136190924239 -0.11186188938828666 -0.0029833472479017099 -0.015675081836568468
leaf_weight=43 4707 158 135 42 84 2353 481
leaf_count=43 4707 158 135 42 84 2353 481
internal_value=-0.0018612 -0.0241999 -0.0126879 0.0236459 -0.000738652 -0.00841893 -0.0308312
internal_weight=8003 378 335 177 7625 2918 565
internal_count=8003 378 335 177 7625 2918 565
is_linear=0
shrinkage=0.02


Tree=610
num_leaves=8
num_cat=0
split_feature=45 32 41 64 56 41 42
split_gain=752.476 664.961 1241.89 941.545 941.88 1376.98 936.793
threshold=1.0000000180025095e-35 1.0000000180025095e-35 18.610000000000003 1.5000000000000002 31.445000000000004 43.665000000000006 31.075000000000003
decision_type=2 2 2 2 2 2 2
left_child=1 3 -3 -1 5 -5 -4
right_child=-2 2 6 4 -6 -7 -8
leaf_value=-0.011913934544122774 -0.0057283919102178553 -0.081868571284451075 0.036250379229693312 0.038962873274756372 0.025788036487778818 -0.055189824297324129 -0.0088191442641423617
leaf_weight=469 4540 74 225 102 1509 144 927
leaf_count=469 4540 74 225 102 1509 144 927
internal_value=-0.000380661 0.00665475 -0.00515798 0.0131636 0.01988 -0.0161524 0.000102113
internal_weight=7990 3450 1226 2224 1755 246 1152
internal_count=7990 3450 1226 2224 1755 246 1152
is_linear=0
shrinkage=0.02


Tree=611
num_leaves=8
num_cat=0
split_feature=14 48 42 64 42 42 22
split_gain=633.229 983.672 1020.01 791.103 1083.31 812.396 1240.31
threshold=33.665000000000006 6.5000000000000009 41.035000000000004 2.5000000000000004 79.155000000000015 52.155000000000008 8741.8000000000011
decision_type=2 2 2 2 2 2 2
left_child=3 -2 -3 4 5 -1 -7
right_child=1 2 -4 -5 -6 6 -8
leaf_value=0.019385111289326663 0.00076928736118482663 -0.087117053699202654 -0.015219426455671696 -0.0009940228455970659 0.068382104414254977 0.071171589977514577 -0.017248618001809431
leaf_weight=1246 663 118 228 4905 131 66 596
leaf_count=1246 663 118 228 4905 131 66 596
internal_value=0.00120749 -0.0135578 -0.0406311 0.00336118 0.0138148 0.00989939 -0.00796587
internal_weight=7953 1009 346 6944 2039 1908 662
internal_count=7953 1009 346 6944 2039 1908 662
is_linear=0
shrinkage=0.02


Tree=612
num_leaves=8
num_cat=0
split_feature=22 56 22 22 31 16 22
split_gain=477.683 519.782 957.235 1123.15 917.016 1827.61 944.835
threshold=6257.7500000000009 41.82500000000001 10900.950000000003 16100.750000000002 1.0000000180025095e-35 0.43875000000000003 14156.950000000003
decision_type=2 2 2 2 2 2 2
left_child=-1 2 -2 4 5 6 -4
right_child=1 -3 3 -5 -6 -7 -8
leaf_value=-0.036575721389692249 0.022650319111604568 -0.0045536513022423125 -0.036508351743663896 0.01160760572526723 0.002558140233987009 -0.0022140971629090044 -0.11063438687704306
leaf_weight=126 1069 3042 197 1997 1013 497 108
leaf_count=126 1069 3042 197 1997 1013 497 108
internal_value=0.00130554 0.00193065 0.00597241 0.00127188 -0.0101009 -0.0260072 -0.0641173
internal_weight=8049 7923 4881 3812 1815 802 305
internal_count=8049 7923 4881 3812 1815 802 305
is_linear=0
shrinkage=0.02


Tree=613
num_leaves=8
num_cat=1
split_feature=5 8 15 54 54 52 54
split_gain=561.645 1034.8 1019.04 894.366 1487.41 774.477 833.687
threshold=0 23.805000000000003 1.5000000000000002 73.02500000000002 77.575000000000003 32.835000000000008 83.165000000000006
decision_type=1 2 2 2 2 2 2
left_child=1 -1 -2 -4 -5 6 -6
right_child=2 -3 3 4 5 -7 -8
leaf_value=0.032292076059839456 0.0019104834466714916 -0.0031267107535790594 0.022793059663213405 -0.081261231473241102 0.019234875556776079 -0.0061209465239918329 -0.069273470626401074
leaf_weight=573 5264 767 189 151 54 842 168
leaf_count=573 5264 767 189 151 54 842 168
internal_value=0.000253157 0.0119934 -0.00212815 -0.0172383 -0.0235333 -0.014999 -0.0477949
internal_weight=8008 1340 6668 1404 1215 1064 222
internal_count=8008 1340 6668 1404 1215 1064 222
cat_boundaries=0 1
cat_threshold=1
is_linear=0
shrinkage=0.02


Tree=614
num_leaves=8
num_cat=0
split_feature=12 18 41 55 41 55 43
split_gain=550.531 615.859 938.746 594.038 711.13 573.602 563.515
threshold=68.410000000000011 1265325.7500000002 40.615000000000002 55.475000000000001 24.235000000000003 56.07500000000001 1.0000000180025095e-35
decision_type=2 2 2 2 2 2 2
left_child=1 3 6 -1 -5 -6 -3
right_child=-2 2 -4 4 5 -7 -8
leaf_value=-0.002343820912169216 0.010987282608585367 -0.0032409891992245081 -0.0010900198582722235 -0.069747106491350658 -0.070455235435412475 -0.0083597971089588111 0.076618047859949565
leaf_weight=5317 1322 48 362 97 60 733 125
leaf_count=5317 1322 48 362 97 60 733 125
internal_value=-0.000789253 -0.00310488 0.0173862 -0.00488363 -0.019959 -0.0134701 0.054992
internal_weight=8064 6742 535 6207 890 793 173
internal_count=8064 6742 535 6207 890 793 173
is_linear=0
shrinkage=0.02


Tree=615
num_leaves=8
num_cat=0
split_feature=45 13 13 9 10 12 12
split_gain=606.173 616.301 741.234 847.127 583.221 1134.65 979.119
threshold=1.0000000180025095e-35 431.15000000000003 438.25000000000006 5.5000000000000009 12163.050000000001 49.210000000000008 53.745000000000012
decision_type=2 2 2 2 2 2 2
left_child=1 -1 -3 -4 5 -2 -7
right_child=4 2 3 -5 -6 6 -8
leaf_value=0.0037986158176740148 -0.040827246666285726 0.1010984513589314 -0.031747962336351229 0.054395604164411249 -0.0019949141917162917 0.079168051196978645 -0.010545748722858919
leaf_weight=3205 445 51 77 99 3880 60 190
leaf_count=3205 445 51 77 99 3880 60 190
internal_value=-0.000265117 0.00608347 0.037566 0.0168719 -0.00502904 -0.0218325 0.0121157
internal_weight=8007 3432 227 176 4575 695 250
internal_count=8007 3432 227 176 4575 695 250
is_linear=0
shrinkage=0.02


Tree=616
num_leaves=8
num_cat=0
split_feature=55 57 68 52 13 68 13
split_gain=562.972 728.606 725.606 1574.26 1107.16 1168.56 921.795
threshold=37.995000000000012 41.175000000000004 1054345.2500000002 65.815000000000012 339.45000000000005 1820341.55 325.05000000000007
decision_type=2 2 2 2 2 2 2
left_child=1 -1 -2 4 6 -6 -4
right_child=2 -3 3 -5 5 -7 -8
leaf_value=0.015960033010543322 0.0020991503476771429 -0.02399073222132686 -0.015745437317984362 0.025051667204503816 -0.05487101663511109 0.010649886330323559 0.050958234106118862
leaf_weight=1517 4750 203 403 321 528 135 99
leaf_count=1517 4750 203 403 321 528 135 99
internal_value=0.00107645 0.011189 -0.00171951 -0.013892 -0.0246835 -0.0415498 -0.00221791
internal_weight=7956 1720 6236 1486 1165 663 502
internal_count=7956 1720 6236 1486 1165 663 502
is_linear=0
shrinkage=0.02


Tree=617
num_leaves=8
num_cat=0
split_feature=64 9 12 56 21 56 18
split_gain=636.572 621.671 748.243 1078.71 780.289 884.083 773.498
threshold=1.0000000180025095e-35 1.5000000000000002 45.970000000000006 30.155000000000005 266111.75000000006 32.915000000000006 36961.150000000009
decision_type=2 2 2 2 8 2 2
left_child=-1 2 3 6 -5 -6 -2
right_child=1 -3 -4 4 5 -7 -8
leaf_value=-0.064969985552287349 -0.1096698564711739 0.0038772802066310368 0.003310555599541016 0.025550572139093248 0.041554722807756281 -0.027833418250456949 -0.0026750561495622002
leaf_weight=55 80 5728 1064 169 77 744 40
leaf_count=55 80 5728 1064 169 77 744 40
internal_value=-7.12166e-05 0.000421294 -0.00867245 -0.0201222 -0.0130592 -0.0211135 -0.0755385
internal_weight=7957 7902 2174 1110 990 821 120
internal_count=7957 7902 2174 1110 990 821 120
is_linear=0
shrinkage=0.02


Tree=618
num_leaves=8
num_cat=0
split_feature=16 17 22 42 68 22 58
split_gain=463.701 788.968 768.034 574.775 541.054 1114.64 1118.16
threshold=0.72825000000000006 3784.5500000000006 19299.950000000004 49.640000000000008 172585.30000000002 14326.250000000002 26.785000000000004
decision_type=2 2 2 2 2 2 2
left_child=4 -2 3 -3 5 6 -1
right_child=1 2 -4 -5 -6 -7 -8
leaf_value=-0.041881173040617156 0.064933256914950596 0.022460104683414101 0.051509402671404053 -0.029610407058743463 0.0027646085556816257 -0.024953173717151479 0.019228669755057329
leaf_weight=143 112 139 109 202 5865 914 625
leaf_count=143 112 139 109 202 5865 914 625
internal_value=0.00120608 0.0186493 0.0065428 -0.00836734 -0.000104352 -0.0100867 0.00765284
internal_weight=8109 562 450 341 7547 1682 768
internal_count=8109 562 450 341 7547 1682 768
is_linear=0
shrinkage=0.02


Tree=619
num_leaves=8
num_cat=0
split_feature=41 14 9 21 8 68 68
split_gain=473.333 1109.29 881.654 1019.15 559.656 751.395 696.314
threshold=14.405000000000003 12.895000000000001 5.5000000000000009 359681.15000000008 50.695000000000007 1751684.9000000001 1114371.9500000002
decision_type=2 2 2 8 2 2 2
left_child=1 -1 3 -3 6 -6 -2
right_child=4 2 -4 -5 5 -7 -8
leaf_value=-0.090063049834221601 0.0043697014831698125 0.029700793471871594 0.045021465007629657 -0.094410922229290012 -0.024502182460000244 0.047129376979974602 -0.010846323941613376
leaf_weight=75 5480 44 85 55 621 60 1536
leaf_count=75 5480 44 85 55 621 60 1536
internal_value=-0.00155555 -0.027888 -0.000832723 -0.0404742 -0.000651951 -0.0178935 0.00103313
internal_weight=7956 259 184 99 7697 681 7016
internal_count=7956 259 184 99 7697 681 7016
is_linear=0
shrinkage=0.02


Tree=620
num_leaves=8
num_cat=0
split_feature=8 57 51 8 64 41 8
split_gain=595.885 1622.82 1034.36 705.795 565.516 949.772 600.859
threshold=8.8050000000000015 27.715000000000003 31.925000000000004 7.9150000000000009 4.5000000000000009 40.82500000000001 47.245000000000012
decision_type=2 2 2 2 2 2 2
left_child=1 2 -1 -3 6 -6 -2
right_child=4 3 -4 -5 5 -7 -8
leaf_value=-0.066489310083436032 -0.0015276204782480665 0.027919701258297902 0.035563256903128192 0.098310743311177146 0.057359588168561459 0.0014747768294796951 -0.019806233808325021
leaf_weight=97 6197 166 61 87 160 464 809
leaf_count=97 6197 166 61 87 160 464 809
internal_value=-0.000752728 0.022558 -0.027207 0.0535615 -0.00202234 0.0161463 -0.00365092
internal_weight=8041 411 158 253 7630 624 7006
internal_count=8041 411 158 253 7630 624 7006
is_linear=0
shrinkage=0.02


Tree=621
num_leaves=8
num_cat=0
split_feature=64 41 16 34 46 20 14
split_gain=586.4 1762.3 1260.46 1031.85 789.53 1224.09 1101.7
threshold=2.5000000000000004 79.385000000000005 0.26345000000000002 3.5000000000000004 4.5000000000000009 1933010.7000000004 22.235000000000003
decision_type=2 2 2 2 2 8 2
left_child=1 2 -1 4 5 -4 -6
right_child=-2 -3 3 -5 6 -7 -8
leaf_value=-0.044177907271281125 -0.0024869553870631679 0.082162337359927951 -0.032901653723786596 0.08586509953698386 0.032508616960548076 0.015555092692546462 -0.0082742311752652033
leaf_weight=184 5700 121 396 64 732 430 411
leaf_count=184 5700 121 396 64 732 430 411
internal_value=0.000973407 0.00939701 0.00524966 0.00982059 0.00713763 -0.00773417 0.0178718
internal_weight=8038 2338 2217 2033 1969 826 1143
internal_count=8038 2338 2217 2033 1969 826 1143
is_linear=0
shrinkage=0.02


Tree=622
num_leaves=8
num_cat=1
split_feature=2 22 8 56 8 13 54
split_gain=777.109 926.21 1464.05 937.443 895.774 880.118 767.532
threshold=0 17087.050000000003 16.185000000000006 35.625000000000007 29.035000000000004 325.05000000000007 73.02500000000002
decision_type=1 2 2 2 2 2 2
left_child=1 3 -3 5 -4 -1 -2
right_child=6 2 4 -5 -6 -7 -8
leaf_value=-0.0071452157110445669 0.021364298577065354 -0.052990035654313983 0.061899128311258905 -0.010766788976965097 0.00063628255109816391 -0.079045126344913577 0.00066804418623363075
leaf_weight=106 816 113 165 614 218 191 5648
leaf_count=106 816 113 165 614 218 191 5648
internal_value=0.000352699 -0.0130371 0.00880622 -0.0250552 0.0274865 -0.053927 0.0032901
internal_weight=7871 1407 496 911 383 297 6464
internal_count=7871 1407 496 911 383 297 6464
cat_boundaries=0 1
cat_threshold=9
is_linear=0
shrinkage=0.02


Tree=623
num_leaves=8
num_cat=1
split_feature=49 4 17 34 41 20 60
split_gain=623.801 733.438 849.165 1605.62 720.209 791.04 851.271
threshold=9.5000000000000018 0 3833.6500000000005 1.5000000000000002 51.355000000000011 759338.65000000014 1.0000000180025095e-35
decision_type=2 1 2 2 2 8 2
left_child=1 2 3 -1 5 -4 -7
right_child=-2 -3 4 -5 -6 6 -8
leaf_value=0.087230682467611939 0.0014983666084911144 0.010510064350569557 -0.0024564447305015021 -0.057076023457792856 -0.017605030978344524 -0.12117484421880395 -0.023063603676244861
leaf_weight=60 7159 275 57 54 260 106 56
leaf_count=60 7159 275 57 54 260 106 56
internal_value=-0.000446986 -0.0164084 -0.028573 0.0193488 -0.0406507 -0.0670071 -0.0889658
internal_weight=8027 868 593 114 479 219 162
internal_count=8027 868 593 114 479 219 162
cat_boundaries=0 1
cat_threshold=3
is_linear=0
shrinkage=0.02


Tree=624
num_leaves=8
num_cat=0
split_feature=23 56 53 51 56 51 33
split_gain=599.5 527.46 1007.35 580.056 499.574 560.747 497.612
threshold=3.0500000000000003 37.705000000000005 48.850000000000009 26.745000000000001 55.295000000000009 39.895000000000003 5.5000000000000009
decision_type=2 2 2 2 2 2 2
left_child=1 3 -3 -1 6 -6 -2
right_child=4 2 -4 -5 5 -7 -8
leaf_value=0.10959696476084163 -0.0039180996381840538 -0.075147086265294455 0.036170697500258017 0.01672126266581472 0.0053356823553122688 0.077977808357682074 0.026214090162904654
leaf_weight=48 7364 41 106 59 129 59 221
leaf_count=48 7364 41 106 59 129 59 221
internal_value=-0.00122081 0.0287142 0.00367225 0.0614179 -0.00221683 0.0295625 -0.00302346
internal_weight=8027 254 147 107 7773 188 7585
internal_count=8027 254 147 107 7773 188 7585
is_linear=0
shrinkage=0.02


Tree=625
num_leaves=8
num_cat=0
split_feature=16 22 33 42 33 42 58
split_gain=526.302 481.788 512.155 447.717 723.875 478.187 941.754
threshold=0.17090000000000002 7121.0500000000011 1.5000000000000002 9.1200000000000028 3.5000000000000004 47.765000000000008 66.140000000000015
decision_type=2 2 2 2 2 2 2
left_child=-1 2 -2 4 -3 6 -5
right_child=1 3 -4 5 -6 -7 -8
leaf_value=-0.042753971653570116 0.025289742625676671 -0.051200927483955487 -0.038982786074815305 0.0059371588944511127 0.028030475939021395 -0.0020243320983444908 0.059342707494894668
leaf_weight=108 60 144 218 3137 63 4149 133
leaf_count=108 60 144 218 3137 63 4149 133
internal_value=0.000103702 0.000715966 -0.0249093 0.00166582 -0.0269947 0.00248313 0.00819659
internal_weight=8012 7904 278 7626 207 7419 3270
internal_count=8012 7904 278 7626 207 7419 3270
is_linear=0
shrinkage=0.02


Tree=626
num_leaves=8
num_cat=1
split_feature=8 17 21 2 17 53 16
split_gain=793.078 1314.25 1046.86 1036.57 729.677 1048.88 1201.86
threshold=24.545000000000005 3833.6500000000005 373867.20000000007 0 2350.5500000000006 69.095000000000013 0.60815000000000008
decision_type=2 2 8 1 2 2 2
left_child=1 3 -3 -1 5 6 -2
right_child=4 2 -4 -5 -6 -7 -8
leaf_value=-0.00045860275274186625 -0.087562261339277025 0.013675240656609546 -0.010968257377148667 0.042654993653923522 -0.0041580708387863189 0.018367957027302574 0.028763500778004526
leaf_weight=366 155 1179 1646 580 3966 92 43
leaf_count=366 155 1179 1646 580 3966 92 43
internal_value=-0.000506902 0.00616734 -0.000677423 0.0265037 -0.00642087 -0.0367716 -0.0622134
internal_weight=8027 3771 2825 946 4256 290 198
internal_count=8027 3771 2825 946 4256 290 198
cat_boundaries=0 1
cat_threshold=7
is_linear=0
shrinkage=0.02


Tree=627
num_leaves=8
num_cat=0
split_feature=57 44 58 57 12 23 0
split_gain=584.318 1020.79 1290.34 888.563 835.182 830.314 814.106
threshold=33.805000000000007 1.0000000180025095e-35 37.485000000000007 22.475000000000005 26.080000000000002 4.3500000000000005 19.500000000000004
decision_type=2 2 2 2 2 2 2
left_child=3 2 -2 4 -1 -3 -5
right_child=1 5 -4 6 -6 -7 -8
leaf_value=-0.029033306011183591 -0.0054914171708686111 0.033065061025321481 -0.056972679633744597 -0.029426132930793623 0.0036250444717358709 -0.0025798312835657888 0.021411163283181864
leaf_weight=378 539 280 301 133 1715 3152 1524
leaf_count=378 539 280 301 133 1715 3152 1524
internal_value=0.000579323 -0.00447556 -0.0241668 0.00633613 -0.00232826 0.000372131 0.0172544
internal_weight=8022 4272 840 3750 2093 3432 1657
internal_count=8022 4272 840 3750 2093 3432 1657
is_linear=0
shrinkage=0.02


Tree=628
num_leaves=8
num_cat=0
split_feature=41 13 14 38 51 58 50
split_gain=779.846 1089.82 595.036 744.097 673.012 646.213 466.612
threshold=8.3950000000000014 342.35000000000008 43.180000000000007 38480.000000000007 39.435000000000009 36.645000000000003 1.5000000000000002
decision_type=2 2 2 8 2 2 2
left_child=1 -1 -2 6 5 -5 -4
right_child=2 -3 3 4 -6 -7 -8
leaf_value=-0.098886722753176809 0.0027404179660411761 0.01292416163544724 -0.016607017964568167 -0.065826498058395105 -0.10029738743462181 0.019373000776767731 0.041361194461225027
leaf_weight=69 7415 64 163 64 64 70 78
leaf_count=69 7415 64 163 64 64 70 78
internal_value=0.000568253 -0.0465641 0.00139551 -0.0210959 -0.0493082 -0.0222234 0.00261382
internal_weight=7987 133 7854 439 198 134 241
internal_count=7987 133 7854 439 198 134 241
is_linear=0
shrinkage=0.02


Tree=629
num_leaves=8
num_cat=1
split_feature=13 41 56 16 3 16 8
split_gain=632.897 729.528 1183.37 1011.35 757 671.838 816.215
threshold=431.15000000000003 23.250000000000004 39.125000000000007 0.34145000000000009 0 0.36865000000000009 16.895000000000003
decision_type=2 2 2 2 1 2 2
left_child=1 2 5 -4 -5 -1 -7
right_child=-2 -3 3 4 -6 6 -8
leaf_value=0.05288690378148872 0.019417631629216777 -0.0008460884841448652 -0.11558686621983846 0.0064269772226357982 -0.063883505565077062 0.051727886109028835 -0.033986237057955469
leaf_weight=78 550 6861 70 122 110 54 177
leaf_count=78 550 6861 70 122 110 54 177
internal_value=-0.00118978 -0.00271862 -0.023568 -0.051381 -0.0299787 0.0040002 -0.0132778
internal_weight=8022 7472 611 302 232 309 231
internal_count=8022 7472 611 302 232 309 231
cat_boundaries=0 1
cat_threshold=5
is_linear=0
shrinkage=0.02


Tree=630
num_leaves=8
num_cat=0
split_feature=12 64 54 51 33 13 54
split_gain=580.053 688.145 818.915 588.728 436.653 394.089 347.555
threshold=85.185000000000016 2.5000000000000004 89.535000000000011 12.345000000000001 6.5000000000000009 351.45000000000005 82.785000000000011
decision_type=2 2 2 2 2 2 2
left_child=4 2 -2 -3 -1 -5 -7
right_child=1 3 -4 5 -6 6 -8
leaf_value=-0.00035753487031228151 0.016409806574954361 0.061302723232656717 0.13134868273709682 0.023513895086534731 0.062126985496944849 0.012690111012198031 -0.05688239959283517
leaf_weight=7604 56 59 42 86 40 43 73
leaf_count=7604 56 59 42 86 40 43 73
internal_value=0.00118445 0.0258512 0.0696542 0.0084039 9.83547e-06 -0.00815429 -0.0316339
internal_weight=8003 359 98 261 7644 202 116
internal_count=8003 359 98 261 7644 202 116
is_linear=0
shrinkage=0.02


Tree=631
num_leaves=8
num_cat=0
split_feature=8 23 17 10 40 10 47
split_gain=575.642 973.409 933.203 925.899 778.976 751.282 559.17
threshold=47.245000000000012 23.450000000000003 5035.1000000000013 26439.000000000004 18.925000000000004 66270.400000000009 5.5000000000000009
decision_type=2 2 2 2 2 2 2
left_child=-1 2 6 -4 -5 -6 -2
right_child=1 -3 3 4 5 -7 -8
leaf_value=0.0020640475800055729 -0.11611644315822371 0.068407581111170221 0.045919537048297702 -0.09662013793478208 -0.034275283487336827 0.011043205587941148 -0.029731086790561675
leaf_weight=7108 53 48 94 44 311 269 72
leaf_count=7108 53 48 94 44 311 269 72
internal_value=0.000161122 -0.0149464 -0.0200679 -0.011056 -0.0199357 -0.0133421 -0.0694157
internal_weight=7999 891 843 718 624 580 125
internal_count=7999 891 843 718 624 580 125
is_linear=0
shrinkage=0.02


Tree=632
num_leaves=8
num_cat=1
split_feature=32 64 33 21 49 41 2
split_gain=593.416 618.357 682.054 542.8 812.352 1094.58 861.118
threshold=1.0000000180025095e-35 4.5000000000000009 5.5000000000000009 316560.5500000001 47.500000000000007 49.000000000000007 0
decision_type=2 2 2 8 2 2 1
left_child=-1 2 3 -2 6 -6 -5
right_child=1 -3 -4 4 5 -7 -8
leaf_value=0.0035288605284735735 -0.0019060522740805259 0.0097085716392656292 0.027767145289346956 -0.0018446148354639624 -0.10422427350881501 -0.012211759520901574 -0.036820314136679411
leaf_weight=5100 747 627 151 688 102 103 470
leaf_count=5100 747 627 151 688 102 103 470
internal_value=-0.000572565 -0.00780897 -0.0126775 -0.0156307 -0.023118 -0.0593851 -0.01647
internal_weight=7988 2888 2261 2110 1363 205 1158
internal_count=7988 2888 2261 2110 1363 205 1158
cat_boundaries=0 1
cat_threshold=210
is_linear=0
shrinkage=0.02


Tree=633
num_leaves=8
num_cat=0
split_feature=9 57 16 46 53 55 41
split_gain=522.701 1228.04 518.539 745.015 764.131 749.164 699.778
threshold=18.500000000000004 11.065000000000003 0.26805000000000007 4.5000000000000009 52.165000000000006 47.185000000000009 47.785000000000004
decision_type=2 2 2 2 2 2 2
left_child=2 -2 3 6 5 -5 -1
right_child=1 -3 -4 4 -6 -7 -8
leaf_value=-0.020211284553922081 -0.073380114410234537 0.037068549814609303 0.0015996634884809125 0.053335584432914342 -0.064309359561927903 -0.048768709532655122 0.046342644311132879
leaf_weight=154 41 334 7096 53 184 52 100
leaf_count=154 41 334 7096 53 184 52 100
internal_value=0.00129212 0.0241862 0.000153162 -0.018592 -0.0402749 0.00285134 0.00637986
internal_weight=8014 375 7639 543 289 105 254
internal_count=8014 375 7639 543 289 105 254
is_linear=0
shrinkage=0.02


Tree=634
num_leaves=8
num_cat=1
split_feature=43 8 41 34 2 17 0
split_gain=552.677 639.495 954.053 1373.22 1053.26 1002.58 958.174
threshold=1.0000000180025095e-35 24.545000000000005 43.015000000000008 1.5000000000000002 0 1927.8500000000001 37.500000000000007
decision_type=2 2 2 2 1 2 2
left_child=-1 2 3 4 -2 -4 -6
right_child=1 -3 5 -5 6 -7 -8
leaf_value=-0.0087125781633214522 0.042393406305462122 -0.0026725653686480544 0.044460987980142599 0.050562005691604385 0.023606607707446083 -0.0025060193330513577 -0.051054797566241837
leaf_weight=1999 145 3237 198 473 109 1737 171
leaf_count=1999 145 3237 198 473 109 1737 171
internal_value=0.000395433 0.00339963 0.0103302 0.0273058 0.00113594 0.00240211 -0.0213373
internal_weight=8069 6070 2833 898 425 1935 280
internal_count=8069 6070 2833 898 425 1935 280
cat_boundaries=0 1
cat_threshold=84
is_linear=0
shrinkage=0.02


Tree=635
num_leaves=8
num_cat=1
split_feature=8 2 9 8 17 9 12
split_gain=793.364 873.756 663.758 826.824 1448.89 1116.56 664.116
threshold=8.5850000000000026 0 1.5000000000000002 50.695000000000007 5035.1000000000013 4.5000000000000009 32.190000000000005
decision_type=2 1 2 2 2 2 2
left_child=1 -1 -2 -4 -5 -6 -7
right_child=2 -3 3 4 5 6 -8
leaf_value=-0.011654652999777373 -0.011173881740666197 0.052608340677671041 0.0047325891051443279 -0.10298943613817295 -0.043333670325798559 0.071460516590257775 -7.7022729309821379e-05
leaf_weight=132 2003 214 5043 70 197 66 193
leaf_count=132 2003 214 5043 70 197 66 193
internal_value=4.64304e-05 0.0294418 -0.00131532 0.00223734 -0.021505 -0.00801509 0.0191608
internal_weight=7918 346 7572 5569 526 456 259
internal_count=7918 346 7572 5569 526 456 259
cat_boundaries=0 1
cat_threshold=11
is_linear=0
shrinkage=0.02


Tree=636
num_leaves=8
num_cat=0
split_feature=17 52 42 33 9 42 56
split_gain=676.129 890.102 530.149 880.31 562.977 521.616 1510.27
threshold=895.00000000000011 42.435000000000009 9.1200000000000028 3.5000000000000004 6.5000000000000009 29.725000000000005 32.155000000000008
decision_type=2 2 2 2 2 2 2
left_child=1 -1 3 4 -2 6 -4
right_child=2 -3 5 -5 -6 -7 -8
leaf_value=-0.094499191842315824 -0.078683635538394484 0.0063305201109400714 0.065121503586146101 0.027508323070330496 0.0057146767526865009 0.00041275986545789725 0.0045908357846117563
leaf_weight=63 108 71 194 73 43 6495 967
leaf_count=63 108 71 194 73 43 6495 967
internal_value=0.000958759 -0.0427685 0.00172899 -0.0282589 -0.0552368 0.00262425 0.0149412
internal_weight=8014 134 7880 224 151 7656 1161
internal_count=8014 134 7880 224 151 7656 1161
is_linear=0
shrinkage=0.02


Tree=637
num_leaves=8
num_cat=3
split_feature=2 41 3 51 25 51 2
split_gain=600.957 866.325 1048.61 1067.29 1135.1 1051.05 1044.94
threshold=0 57.680000000000007 1 29.235000000000003 1.0000000180025095e-35 22.835000000000004 2
decision_type=1 2 1 2 2 2 1
left_child=-1 2 3 4 5 -2 -5
right_child=1 -3 -4 6 -6 -7 -8
leaf_value=0.0039993595412405368 -0.019988587060122912 0.0064283193807280186 -0.024786452318979392 0.077575754060620256 0.022562030937975156 -0.11689646269753576 0.0033109622827805253
leaf_weight=4652 188 1204 1400 109 172 55 211
leaf_count=4652 188 1204 1400 109 172 55 211
internal_value=-0.000643624 -0.00709941 -0.0147585 0.00465275 -0.0163764 -0.043837 0.0319005
internal_weight=7991 3339 2135 735 415 243 320
internal_count=7991 3339 2135 735 415 243 320
cat_boundaries=0 1 2 3
cat_threshold=166 1 64
is_linear=0
shrinkage=0.02


Tree=638
num_leaves=8
num_cat=0
split_feature=9 16 53 10 50 10 64
split_gain=459.831 642.119 546.943 872.496 543.425 658.528 543.059
threshold=18.500000000000004 0.17090000000000002 59.265000000000008 20214.450000000001 1.0000000180025095e-35 16773.450000000004 2.5000000000000004
decision_type=2 2 2 2 2 2 2
left_child=1 -1 4 -4 -2 -6 -3
right_child=2 6 3 -5 5 -7 -8
leaf_value=-0.058169476239918139 0.051148218643867364 0.0078883627632080257 0.11876513053625821 0.0176886037401855 -0.084561800797780348 0.006486345239084315 -0.0039193775853048887
leaf_weight=73 54 2191 45 115 40 106 5358
leaf_count=73 54 2191 45 115 40 106 5358
internal_value=-3.01314e-05 -0.00107959 0.0218996 0.0488539 -0.000329521 -0.0204324 -0.00048938
internal_weight=7982 7622 360 160 200 146 7549
internal_count=7982 7622 360 160 200 146 7549
is_linear=0
shrinkage=0.02


Tree=639
num_leaves=8
num_cat=0
split_feature=21 64 9 13 58 17 67
split_gain=590.222 583.66 606.206 690.169 1043.39 814.094 586.411
threshold=389926.65000000008 3.5000000000000004 9.5000000000000018 306.45000000000005 58.525000000000013 16791.950000000004 3.5651860809261717
decision_type=10 2 2 2 2 2 2
left_child=-1 2 3 6 5 -5 -2
right_child=1 -3 -4 4 -6 -7 -8
leaf_value=-0.0010572913190370109 0.020815652861014795 -0.0041673531003937761 0.06261187761182517 -0.028033943324710219 0.091352152122805508 0.032340808139346977 0.10480423652167831
leaf_weight=6920 90 419 137 256 43 131 51
leaf_count=6920 90 419 137 256 43 131 51
internal_value=0.00113203 0.0145202 0.0255313 0.0161683 0.00337102 -0.00744518 0.0537433
internal_weight=8047 1127 708 571 430 387 141
internal_count=8047 1127 708 571 430 387 141
is_linear=0
shrinkage=0.02


Tree=640
num_leaves=8
num_cat=0
split_feature=12 62 13 58 14 33 48
split_gain=533.018 822.677 1379.64 527.455 448.903 855.069 755.273
threshold=7.3150000000000004 1.0000000180025095e-35 315.75000000000006 43.975000000000001 43.180000000000007 2.5000000000000004 5.5000000000000009
decision_type=2 2 2 2 2 2 2
left_child=1 2 -1 -4 -2 6 -6
right_child=4 -3 3 -5 5 -7 -8
leaf_value=0.05046769762707648 0.0012171723989033969 -0.066081159235761758 -0.014755575302988291 -0.10258900827169418 -0.016161955777278615 0.0068747134007808922 -0.095781910242069335
leaf_weight=102 7253 121 75 40 116 222 79
leaf_count=102 7253 121 75 40 116 222 79
internal_value=-0.00103951 -0.0254319 -0.00178787 -0.0483079 5.1273e-05 -0.0200017 -0.0500064
internal_weight=8008 338 217 115 7670 417 195
internal_count=8008 338 217 115 7670 417 195
is_linear=0
shrinkage=0.02


Tree=641
num_leaves=8
num_cat=0
split_feature=23 17 49 40 8 46 61
split_gain=520.958 1075.32 804.34 505.538 1099.48 643.038 1198.54
threshold=2.9500000000000006 9990.0000000000018 25.500000000000004 18.925000000000004 41.515000000000008 1.5000000000000002 1.0000000180025095e-35
decision_type=2 2 2 2 2 2 2
left_child=1 2 -1 4 5 -2 -7
right_child=3 -3 -4 -5 -6 6 -8
leaf_value=-0.083438148375438601 -0.040243139216810268 0.065362319774925709 0.026912843951630214 -0.00038446141069069109 -0.083970252550565283 -0.014828046786670502 0.07631618125364184
leaf_weight=41 148 130 58 7344 86 203 75
leaf_count=41 148 130 58 7344 86 203 75
internal_value=-0.000855571 0.0285524 -0.0206024 -0.00173042 -0.0208461 -0.00727643 0.0106751
internal_weight=8085 229 99 7856 512 426 278
internal_count=8085 229 99 7856 512 426 278
is_linear=0
shrinkage=0.02


Tree=642
num_leaves=8
num_cat=1
split_feature=16 21 55 21 52 10 2
split_gain=683.248 697.964 727.577 693.243 583.133 1176.38 913.725
threshold=0.77885000000000015 216396.85000000003 55.355000000000011 440185.95000000001 15.630000000000001 12490.300000000001 0
decision_type=2 8 2 8 2 2 1
left_child=1 2 -1 -2 5 -3 -7
right_child=3 4 -4 -5 -6 6 -8
leaf_value=0.022104346095674129 -0.0070877086248086855 -0.10107584317421747 -0.03555211670398712 0.058723830797274904 -0.0028624319771369177 0.023612147615437049 -0.041368130850403209
leaf_weight=721 110 67 95 145 6512 151 169
leaf_count=721 110 67 95 145 6512 151 169
internal_value=-0.00114583 -0.00221911 0.0152163 0.0307442 -0.00429085 -0.0279836 -0.0113604
internal_weight=7970 7715 816 255 6899 387 320
internal_count=7970 7715 816 255 6899 387 320
cat_boundaries=0 1
cat_threshold=177
is_linear=0
shrinkage=0.02


Tree=643
num_leaves=8
num_cat=0
split_feature=16 49 56 16 38 21 38
split_gain=523.939 716.42 886.428 590.662 932.132 782.356 662.267
threshold=0.28545000000000004 30.500000000000004 34.105000000000011 0.23030000000000003 5827.3000000000011 276457.40000000008 6612.3000000000011
decision_type=2 2 2 2 10 10 8
left_child=1 2 -1 6 5 -5 -3
right_child=-2 3 -4 4 -6 -7 -8
leaf_value=0.049088719279479678 0.00094811272531558763 -0.0065060305044702862 -0.015668768881862138 -0.091307675922420659 0.042417061393675598 0.017411552694108753 -0.10502355075159737
leaf_weight=104 7203 41 372 66 64 40 81
leaf_count=104 7203 41 372 66 64 40 81
internal_value=-0.00073048 -0.0163781 -0.00115687 -0.0407537 -0.0158431 -0.0513453 -0.0734748
internal_weight=7971 768 476 292 170 106 122
internal_count=7971 768 476 292 170 106 122
is_linear=0
shrinkage=0.02


Tree=644
num_leaves=8
num_cat=0
split_feature=43 56 58 38 38 52 41
split_gain=567.844 1130 832.449 812.385 1074.96 821.221 785.71
threshold=1.0000000180025095e-35 55.295000000000009 68.420000000000016 13597.550000000001 8076.1000000000013 83.715000000000018 78.865000000000023
decision_type=2 2 2 8 10 2 2
left_child=1 2 3 4 -1 6 -5
right_child=-2 -3 -4 5 -6 -7 -8
leaf_value=-0.0069261558150236491 0.0021826710024163446 0.07849546145115581 -0.091692030452764958 -0.029071918366351271 0.050078803563423188 0.060360315911313321 0.055029754334307734
leaf_weight=648 5974 51 47 994 161 42 42
leaf_count=648 5974 51 47 994 161 42 42
internal_value=-0.000897948 -0.0101515 -0.0126855 -0.0104806 0.00465639 -0.0218093 -0.0254145
internal_weight=7959 1985 1934 1887 809 1078 1036
internal_count=7959 1985 1934 1887 809 1078 1036
is_linear=0
shrinkage=0.02


Tree=645
num_leaves=8
num_cat=1
split_feature=64 22 16 2 0 40 0
split_gain=584.337 558.958 961.05 867.187 1003.94 1089.28 664.044
threshold=1.0000000180025095e-35 10900.950000000003 0.26805000000000007 0 54.500000000000007 55.32500000000001 22.500000000000004
decision_type=2 2 2 1 2 2 2
left_child=-1 3 -3 4 5 -2 -4
right_child=1 2 6 -5 -6 -7 -8
leaf_value=-0.064703721255064017 -0.073928386600812274 -0.030384403663892817 -0.019640964815936843 0.01581896602233707 0.041641469277717454 0.0098737283283417375 0.0019369720420041598
leaf_weight=51 145 462 639 1554 76 104 4992
leaf_count=51 145 462 639 1554 76 104 4992
internal_value=-0.00032421 0.000127949 -0.00281391 0.00964963 -0.0195296 -0.0394213 -0.000526922
internal_weight=8023 7972 6093 1879 325 249 5631
internal_count=8023 7972 6093 1879 325 249 5631
cat_boundaries=0 1
cat_threshold=9
is_linear=0
shrinkage=0.02


Tree=646
num_leaves=8
num_cat=0
split_feature=13 50 41 56 16 58 13
split_gain=685.025 706.727 813.246 945.278 908.102 1019.87 681.089
threshold=373.05000000000007 3.5000000000000004 23.250000000000004 39.57500000000001 0.36865000000000009 43.095000000000006 370.45000000000005
decision_type=2 2 2 2 2 2 2
left_child=1 2 3 -1 -5 -6 -4
right_child=-2 -3 6 4 5 -7 -8
leaf_value=-0.0043615333277266469 0.0072646472515643257 0.034210193058422635 -0.0031023657226878928 -0.128354013476704 0.0099952894761677711 -0.090242291666768698 -0.052364881981650131
leaf_weight=235 2498 170 4776 56 88 69 110
leaf_count=235 2498 170 4776 56 88 69 110
internal_value=-0.00141238 -0.00535348 -0.00664527 -0.0322842 -0.0622842 -0.0354838 -0.00426383
internal_weight=8002 5504 5334 448 213 157 4886
internal_count=8002 5504 5334 448 213 157 4886
is_linear=0
shrinkage=0.02


Tree=647
num_leaves=8
num_cat=0
split_feature=56 41 33 22 22 8 6
split_gain=566.083 974.071 634.747 627.389 1163.76 831.017 824.923
threshold=52.905000000000008 45.955000000000005 3.5000000000000004 11090.500000000002 7483.3500000000013 14.155000000000003 2.5000000000000004
decision_type=2 2 2 2 2 2 2
left_child=3 2 -2 4 -1 -6 -5
right_child=1 -3 -4 6 5 -7 -8
leaf_value=-0.022593617749744079 0.083838278649710732 -0.0027134654481584825 -0.0056653708219528203 -0.0078627203984769391 0.049935424065165837 0.01008248428568535 0.012208624832805784
leaf_weight=369 117 235 42 4724 248 1237 986
leaf_count=369 117 235 42 4724 248 1237 986
internal_value=0.000117142 0.0233353 0.0607439 -0.00110688 0.0089866 0.0168833 -0.00438916
internal_weight=7958 394 159 7564 1854 1485 5710
internal_count=7958 394 159 7564 1854 1485 5710
is_linear=0
shrinkage=0.02


Tree=648
num_leaves=8
num_cat=0
split_feature=41 67 37 17 17 40 42
split_gain=574.131 970.848 976.23 959.503 862.551 1372.41 1040.05
threshold=58.735000000000007 4.6974434707168671 1.1250000000000002 11983.050000000001 1044.3000000000002 43.035000000000004 25.265000000000004
decision_type=2 2 2 2 2 2 2
left_child=1 4 -3 -4 5 -1 -6
right_child=-2 2 3 -5 6 -7 -8
leaf_value=-0.13040359038922747 0.0077804913860223769 0.010340130235761824 -0.11690014046065661 0.012072980131240601 0.015774965538240957 0.015590016124199848 -0.013859812844396295
leaf_weight=54 2716 1932 44 42 576 44 2572
leaf_count=54 2716 1932 44 42 576 44 2572
internal_value=0.000320287 -0.00353259 0.00734956 -0.0567107 -0.0102988 -0.0672806 -0.00842102
internal_weight=7980 5264 2018 86 3246 98 3148
internal_count=7980 5264 2018 86 3246 98 3148
is_linear=0
shrinkage=0.02


Tree=649
num_leaves=8
num_cat=0
split_feature=38 56 60 42 56 56 40
split_gain=467.678 945.584 1105.3 816.993 740.7 881.315 830.314
threshold=17351.150000000005 30.155000000000005 1.0000000180025095e-35 52.980000000000011 41.745000000000012 47.785000000000004 17.080000000000002
decision_type=8 2 2 2 2 2 2
left_child=1 2 -1 -4 -2 6 -6
right_child=4 -3 3 -5 5 -7 -8
leaf_value=-0.00045054676295337026 0.0021589615922589338 0.0085639864350191483 -0.11938279162134442 -0.011599121185157586 -0.095638999039250799 0.0032846386773833316 -0.021809615742570749
leaf_weight=231 2654 3388 65 49 61 638 917
leaf_count=231 2654 3388 65 49 61 638 917
internal_value=0.000174849 0.00534193 -0.0259699 -0.0754886 -0.00434338 -0.0149961 -0.0268776
internal_weight=8003 3733 345 114 4270 1616 978
internal_count=8003 3733 345 114 4270 1616 978
is_linear=0
shrinkage=0.02


Tree=650
num_leaves=8
num_cat=1
split_feature=41 7 52 26 56 51 56
split_gain=488.606 772.746 569.326 506.5 373.214 1253.46 801.74
threshold=15.475000000000003 0 48.435000000000009 1.0000000180025095e-35 39.505000000000003 34.095000000000006 39.845000000000006
decision_type=2 1 2 2 2 2 2
left_child=1 3 -3 -1 -2 -6 -7
right_child=4 2 -4 -5 5 6 -8
leaf_value=-0.086728293616124386 0.0059610766252260732 -0.022202718908427867 0.055380103347706607 -0.011494710589900162 -0.010958710445488868 -0.058651397325098512 0.016251381842043479
leaf_weight=88 3873 88 59 61 2566 55 1273
leaf_count=88 3873 88 59 61 2566 55 1273
internal_value=0.000600828 -0.0244017 0.00913255 -0.0538072 0.00156876 -0.00280191 0.0129409
internal_weight=8063 296 147 149 7767 3894 1328
internal_count=8063 296 147 149 7767 3894 1328
cat_boundaries=0 1
cat_threshold=34
is_linear=0
shrinkage=0.02


Tree=651
num_leaves=8
num_cat=3
split_feature=55 38 13 7 5 7 55
split_gain=515.741 712.608 1037.02 754.864 623.908 657.895 830.314
threshold=37.995000000000012 2876.8500000000004 308.25000000000006 0 1 2 37.475000000000001
decision_type=2 10 2 1 1 1 2
left_child=1 4 -3 -4 -1 -6 -7
right_child=-2 2 3 -5 5 6 -8
leaf_value=0.032100864537706261 -0.002697597333452398 0.061100753624114629 -0.035109145566821098 0.019995358589487117 0.014233395403653787 -0.032401214726973868 0.050887343989064297
leaf_weight=158 6308 208 109 507 281 451 49
leaf_count=158 6308 208 109 507 281 451 49
internal_value=-2.37656e-05 0.00952376 0.023038 0.00979717 -0.0023946 -0.00981652 -0.0233535
internal_weight=8071 1763 824 616 939 781 500
internal_count=8071 1763 824 616 939 781 500
cat_boundaries=0 1 2 3
cat_threshold=17 1 21
is_linear=0
shrinkage=0.02


Tree=652
num_leaves=8
num_cat=0
split_feature=54 67 22 32 53 12 37
split_gain=601.743 852.82 777.061 960.625 1167.82 1213.58 919.477
threshold=73.02500000000002 8.6107871708661765 11017.200000000003 1.0000000180025095e-35 66.305000000000021 20.355000000000004 0.039250000000000007
decision_type=2 2 2 2 2 2 2
left_child=1 -1 3 4 5 6 -2
right_child=2 -3 -4 -5 -6 -7 -8
leaf_value=0.0029450476343977658 -0.10146086107105461 0.043281434787934024 -0.0052735196801171969 -0.0089093021970934674 0.048249829384807236 0.018323995569379321 0.0067616464765298933
leaf_weight=699 62 295 5324 646 408 524 58
leaf_count=699 62 295 5324 646 408 524 58
internal_value=0.000549044 0.0150728 -0.00151613 0.0102459 0.021995 0.00511787 -0.0509752
internal_weight=8016 994 7022 1698 1052 644 120
internal_count=8016 994 7022 1698 1052 644 120
is_linear=0
shrinkage=0.02


Tree=653
num_leaves=8
num_cat=0
split_feature=14 31 22 38 22 22 22
split_gain=482.143 1053.91 935.772 593.265 639.319 530.768 521.656
threshold=43.180000000000007 1.0000000180025095e-35 14090.150000000001 4892.9000000000005 18602.650000000005 19299.950000000004 6257.7500000000009
decision_type=2 2 2 8 2 2 2
left_child=6 2 -2 -3 -5 -4 -1
right_child=1 3 5 4 -6 -7 -8
leaf_value=-0.038811968413591386 -0.0075238227058242969 0.05857905303973418 -0.14524219953715803 0.010146162494923335 -0.068518561193985597 -0.045517304012620892 0.0023888329183613848
leaf_weight=120 86 60 45 154 51 49 7424
leaf_count=120 86 60 45 154 51 49 7424
internal_value=0.000509666 -0.0196019 -0.0562417 0.00586607 -0.0105895 -0.0981823 0.00170819
internal_weight=7989 445 180 265 205 94 7544
internal_count=7989 445 180 265 205 94 7544
is_linear=0
shrinkage=0.02


Tree=654
num_leaves=8
num_cat=0
split_feature=40 65 42 53 23 53 10
split_gain=536.114 688.618 1237.73 651.713 844.326 832.781 667.816
threshold=72.590000000000018 0.76388888888888895 26.905000000000005 85.855000000000004 4.8500000000000005 83.895000000000024 21221.600000000002
decision_type=2 2 2 2 2 2 2
left_child=1 3 -3 5 -5 -1 -6
right_child=-2 2 -4 4 6 -7 -8
leaf_value=-0.0067926040785404457 0.011000657161028831 0.088098203175302064 0.0042003187762949265 0.08821411606611021 -0.031897289601505778 -0.062859374179884242 0.025433611077271771
leaf_weight=5918 1042 79 436 54 117 103 239
leaf_count=5918 1042 79 436 54 117 103 239
internal_value=-0.00234357 -0.00435187 0.0177934 -0.00613773 0.018118 -0.00780309 0.00641089
internal_weight=7988 6946 515 6431 410 6021 356
internal_count=7988 6946 515 6431 410 6021 356
is_linear=0
shrinkage=0.02


Tree=655
num_leaves=8
num_cat=1
split_feature=12 64 40 21 41 64 7
split_gain=650.448 690.419 1019.39 762.941 700.129 583.974 520.215
threshold=77.385000000000005 3.5000000000000004 30.150000000000002 251138.50000000003 52.345000000000006 2.5000000000000004 0
decision_type=2 2 2 10 2 2 1
left_child=6 2 3 -2 -4 -6 -1
right_child=1 -3 4 -5 5 -7 -8
leaf_value=-0.019073676755943784 0.030550162386894227 -0.0056484332531156504 0.08197039315335547 -0.083502535707420777 0.06188113444729855 -0.013578261377719732 -0.00017211155200681541
leaf_weight=623 45 274 153 40 71 86 6703
leaf_count=623 45 274 153 40 71 86 6703
internal_value=-8.90754e-05 0.0187131 0.0354714 -0.024779 0.0521228 0.0214034 -0.00181766
internal_weight=7995 669 395 85 310 157 7326
internal_count=7995 669 395 85 310 157 7326
cat_boundaries=0 1
cat_threshold=32
is_linear=0
shrinkage=0.02


Tree=656
num_leaves=8
num_cat=1
split_feature=45 53 22 3 24 13 46
split_gain=469.44 545.656 1142.37 972.78 1276.1 915.864 874.672
threshold=1.0000000180025095e-35 73.625000000000014 11272.150000000003 0 3.5000000000000004 376.25000000000006 7.5000000000000009
decision_type=2 2 2 1 2 2 2
left_child=1 3 -3 5 -5 -1 -6
right_child=-2 2 -4 4 6 -7 -8
leaf_value=0.01072650592951181 -0.0042788968225082376 0.032964673353583399 -0.023578857832441204 0.0073444968392853676 -0.060862446028614445 0.046291837160178519 0.026272454926225004
leaf_weight=963 4534 186 565 1008 204 412 56
leaf_count=963 4534 186 565 1008 204 412 56
internal_value=-7.01262e-05 0.00555034 -0.00944933 0.00982224 -0.00286645 0.0213575 -0.0419533
internal_weight=7928 3394 751 2643 1268 1375 260
internal_count=7928 3394 751 2643 1268 1375 260
cat_boundaries=0 1
cat_threshold=5
is_linear=0
shrinkage=0.02


Tree=657
num_leaves=8
num_cat=0
split_feature=48 54 23 18 8 42 42
split_gain=562.422 859.161 492.227 940.018 739.874 734.901 1000.66
threshold=19.500000000000004 96.985000000000014 23.150000000000002 253566.65000000005 47.245000000000012 29.725000000000005 49.845000000000006
decision_type=2 2 2 2 2 2 2
left_child=2 -2 4 5 -1 -4 -7
right_child=1 -3 3 -5 -6 6 -8
leaf_value=0.0026475674711024149 -0.039993517002819674 0.040194969924528208 0.066064150467001162 0.061436398925295295 -0.017577033901712828 -0.057491524129566783 0.020225512237674645
leaf_weight=6442 271 62 53 152 810 109 154
leaf_count=6442 271 62 53 152 810 109 154
internal_value=0.000563104 -0.0246898 0.00166766 0.0214356 0.00037806 0.00153752 -0.0124559
internal_weight=8053 333 7720 468 7252 316 263
internal_count=8053 333 7720 468 7252 316 263
is_linear=0
shrinkage=0.02


Tree=658
num_leaves=8
num_cat=0
split_feature=46 12 40 23 65 20 40
split_gain=763.326 856.837 755.204 823.485 838.981 645.266 643.08
threshold=3.5000000000000004 85.185000000000016 37.580000000000005 19.850000000000005 0.58571428571428574 606557.85000000009 48.705000000000005
decision_type=2 2 2 2 2 10 2
left_child=1 2 3 -1 -5 -3 -4
right_child=-2 5 6 4 -6 -7 -8
leaf_value=0.0034487216313111584 -0.0026942861460717061 0.10678232468198985 0.040137232281533104 -0.1014225172996521 0.0042178559694133824 0.0058838508557528257 0.0055059453441172572
leaf_weight=1013 5944 59 416 59 56 43 441
leaf_count=1013 5944 59 416 59 56 43 441
internal_value=0.00096051 0.0113513 0.00835702 -0.00240331 -0.0519479 0.0665093 0.0224518
internal_weight=8031 2087 1985 1128 115 102 857
internal_count=8031 2087 1985 1128 115 102 857
is_linear=0
shrinkage=0.02


Tree=659
num_leaves=8
num_cat=1
split_feature=55 34 42 42 14 40 1
split_gain=486.196 667.435 1056.25 1983.43 830.73 1152.3 706.644
threshold=54.735000000000007 1.5000000000000002 57.605000000000011 52.155000000000008 21.635000000000002 42.410000000000004 0
decision_type=2 2 2 2 2 2 1
left_child=-1 2 3 4 5 6 -2
right_child=1 -3 -4 -5 -6 -7 -8
leaf_value=0.0011966434855276661 -0.086648143390814475 0.0011607795526883166 0.010829034050561719 -0.1369524847314908 -0.061985476968465028 0.056998426169157027 0.012098973244428634
leaf_weight=6805 55 684 189 73 130 83 54
leaf_count=6805 55 684 189 73 130 83 54
internal_value=-0.000924705 -0.0122694 -0.0278755 -0.0462988 -0.0239671 0.00269448 -0.0393425
internal_weight=8073 1268 584 395 322 192 109
internal_count=8073 1268 584 395 322 192 109
cat_boundaries=0 1
cat_threshold=2
is_linear=0
shrinkage=0.02


Tree=660
num_leaves=8
num_cat=0
split_feature=55 47 50 8 47 10 55
split_gain=530.653 659.709 938.836 541.822 947.044 949.353 1297.66
threshold=37.865000000000002 2.5000000000000004 1.0000000180025095e-35 8.8050000000000015 7.5000000000000009 12980.500000000002 47.475000000000001
decision_type=2 2 2 2 2 2 2
left_child=1 2 -1 4 5 6 -2
right_child=3 -3 -4 -5 -6 -7 -8
leaf_value=0.038192362844944004 -0.074951118777195611 0.014500736963226351 -0.05986030230055684 -0.0033359630554004511 -0.022065354486880434 0.085765021016367349 0.071360760464960218
leaf_weight=55 43 1569 110 6013 114 114 44
leaf_count=55 43 1569 110 6013 114 114 44
internal_value=0.000698553 0.0104841 -0.0270141 -0.00198903 0.0233728 0.0490537 -0.00109757
internal_weight=8062 1734 165 6328 315 201 87
internal_count=8062 1734 165 6328 315 201 87
is_linear=0
shrinkage=0.02


Tree=661
num_leaves=8
num_cat=0
split_feature=16 22 12 56 16 22 65
split_gain=415.168 826.799 490.872 421.763 762.813 785.674 984.626
threshold=0.79410000000000014 19045.250000000004 43.755000000000003 38.585000000000008 0.17090000000000002 26939.100000000002 0.73214285714285732
decision_type=2 2 2 2 2 2 2
left_child=3 2 -2 -1 -5 -6 -7
right_child=1 -3 -4 4 5 6 -8
leaf_value=0.0051291717236898781 -0.038869961104286255 0.088404978122562178 0.032466690997173496 -0.083501211302354938 -0.0010995046362787236 -0.056491401475540839 0.035495502016217005
leaf_weight=3500 62 59 86 43 4008 206 56
leaf_count=3500 62 59 86 43 4008 206 56
internal_value=0.000724114 0.0283401 0.00228877 -2.52089e-05 -0.00420909 -0.00331386 -0.0365336
internal_weight=8020 207 148 7813 4313 4270 262
internal_count=8020 207 148 7813 4313 4270 262
is_linear=0
shrinkage=0.02


Tree=662
num_leaves=8
num_cat=0
split_feature=32 52 8 46 21 9 9
split_gain=620.091 1171.42 938.807 812.252 882.657 760.839 745.91
threshold=1.0000000180025095e-35 17.585000000000004 50.695000000000007 4.5000000000000009 320417.20000000007 4.5000000000000009 6.5000000000000009
decision_type=2 2 2 2 10 2 2
left_child=1 -1 6 4 5 -4 -3
right_child=-2 2 3 -5 -6 -7 -8
leaf_value=-0.031210330492154711 -0.0072595632340687818 0.0043927810967404916 -0.11925887743264069 0.0026979608530799549 0.019119822955131531 -0.016146213397956813 0.022721054316930302
leaf_weight=341 2871 3175 76 220 45 47 1230
leaf_count=341 2871 3175 76 220 45 47 1230
internal_value=0.000176745 0.00433824 0.00689725 -0.0227393 -0.0551652 -0.0820279 0.00953051
internal_weight=8005 5134 4793 388 168 123 4405
internal_count=8005 5134 4793 388 168 123 4405
is_linear=0
shrinkage=0.02


Tree=663
num_leaves=8
num_cat=0
split_feature=16 17 22 42 42 64 31
split_gain=552.903 891.744 1690.13 786.117 590.007 836.671 647.897
threshold=0.77305000000000013 4727.7500000000009 17555.050000000003 49.640000000000008 82.565000000000012 2.5000000000000004 1.0000000180025095e-35
decision_type=2 2 2 2 2 2 2
left_child=4 -2 3 -3 6 -6 -1
right_child=1 2 -4 -5 5 -7 -8
leaf_value=-0.012062657953478368 0.078316095918416984 0.022238190830970301 0.073943061832385734 -0.080262305814638196 0.068913597942210067 0.0045684499062703483 0.00011832832116664412
leaf_weight=2968 82 44 74 78 96 409 4234
leaf_count=2968 82 44 74 78 96 409 4234
internal_value=-0.00243131 0.0250279 0.00134031 -0.0438748 -0.00343738 0.0173561 -0.00490644
internal_weight=7985 278 196 122 7707 505 7202
internal_count=7985 278 196 122 7707 505 7202
is_linear=0
shrinkage=0.02


Tree=664
num_leaves=8
num_cat=0
split_feature=68 13 34 68 21 12 58
split_gain=751.597 716.448 660.633 626.945 677.414 529.325 724.408
threshold=1820341.55 327.25000000000006 1.5000000000000002 1705008.3500000001 442582.65000000008 79.555000000000021 29.665000000000003
decision_type=2 2 2 2 8 2 2
left_child=3 2 -2 5 -5 -1 -7
right_child=1 -3 -4 4 -6 6 -8
leaf_value=-9.6694976521409843e-05 -0.066479751058653294 0.047398176075062824 0.023329538837399171 -0.0050478068284690383 -0.1029831993727324 0.063187210468984234 0.007677155407642927
leaf_weight=7012 46 265 87 70 43 118 407
leaf_count=7012 46 265 87 70 43 118 407
internal_value=0.00204745 0.0286684 -0.00901558 0.000644641 -0.0450998 0.00135992 0.0206321
internal_weight=8048 398 133 7650 113 7537 525
internal_count=8048 398 133 7650 113 7537 525
is_linear=0
shrinkage=0.02


Tree=665
num_leaves=8
num_cat=1
split_feature=4 22 20 22 57 46 22
split_gain=602.723 1109.7 610.427 722.733 603.732 891.812 814.812
threshold=0 7121.0500000000011 1388942.1000000003 15032.550000000001 16.620000000000001 1.5000000000000002 15493.350000000002
decision_type=1 2 10 2 2 2 2
left_child=1 -1 -3 -4 5 -2 -7
right_child=4 2 3 -5 -6 6 -8
leaf_value=-0.060807732416523826 -0.090429106634110218 0.0076038286775369449 0.080092158922046991 0.0052409201749017307 -0.00073202957787121532 0.0046810273230535751 -0.033575159973187545
leaf_weight=85 59 2166 101 102 4560 481 408
leaf_count=85 59 2166 101 102 4560 481 408
internal_value=-7.97008e-05 0.00813518 0.010766 0.0435122 -0.00375172 -0.0182361 -0.012966
internal_weight=7962 2454 2369 203 5508 948 889
internal_count=7962 2454 2369 203 5508 948 889
cat_boundaries=0 1
cat_threshold=6
is_linear=0
shrinkage=0.02


Tree=666
num_leaves=8
num_cat=1
split_feature=13 53 54 2 66 22 22
split_gain=483.553 809.459 668.05 1008.41 998.192 980.883 729.935
threshold=383.15000000000003 92.25500000000001 73.02500000000002 0 0.31250000000000006 13612.950000000003 19299.950000000004
decision_type=2 2 2 1 2 2 2
left_child=1 2 3 -1 5 -5 -7
right_child=-2 -3 -4 4 -6 6 -8
leaf_value=-0.03496598536032252 0.0079616067162138014 0.039166486996768619 -0.0071508000199614055 0.0041051733550571262 0.0016571037818622939 0.11869912463791517 0.02970994890785553
leaf_weight=129 2013 169 5127 100 335 93 66
leaf_count=129 2013 169 5127 100 335 93 66
internal_value=-0.000512024 -0.00335021 -0.00461087 0.0133259 0.0241977 0.0536855 0.0837922
internal_weight=8032 6019 5850 723 594 259 159
internal_count=8032 6019 5850 723 594 259 159
cat_boundaries=0 1
cat_threshold=9
is_linear=0
shrinkage=0.02


Tree=667
num_leaves=8
num_cat=0
split_feature=23 8 48 17 8 12 68
split_gain=522.479 469.465 1150.72 796.057 836.367 659.732 566.539
threshold=1.7500000000000002 54.410000000000004 1.0000000180025095e-35 35017.80000000001 57.495000000000012 35.015000000000008 1127667.3500000003
decision_type=2 2 2 2 2 2 2
left_child=-1 6 -3 4 -4 -6 -2
right_child=1 2 3 -5 5 -7 -8
leaf_value=0.061313700622745923 0.0041812558925330562 -0.086534731526780553 -0.078581609914079309 0.035070112654327475 0.036483996439668716 -0.029372920562760738 -0.0092823040835346027
leaf_weight=51 5859 78 75 132 94 153 1584
leaf_count=51 5859 78 75 132 94 153 1584
internal_value=0.000437001 9.52274e-06 -0.0180509 -0.00547043 -0.0223717 -0.00408336 0.00131167
internal_weight=8026 7975 532 454 322 247 7443
internal_count=8026 7975 532 454 322 247 7443
is_linear=0
shrinkage=0.02


Tree=668
num_leaves=8
num_cat=0
split_feature=12 0 20 16 48 12 8
split_gain=608.041 885.42 1012.53 777.779 629.374 476.469 455.893
threshold=7.3150000000000004 39.500000000000007 624196.50000000012 0.51795000000000013 2.5000000000000004 9.1400000000000023 54.410000000000004
decision_type=2 2 10 2 2 2 2
left_child=1 2 -1 4 -3 -2 -7
right_child=5 3 -4 -5 -6 6 -8
leaf_value=-0.020826812641961231 0.05344657758439797 -0.079524258813768067 -0.13284746368726094 0.059565696782535975 0.006677244772616121 0.0019437727104564535 -0.017887775614076565
leaf_weight=86 64 48 49 58 92 7110 491
leaf_count=86 64 48 49 58 92 7110 491
internal_value=-2.97435e-05 -0.0262824 -0.0647786 0.000914019 -0.0246006 0.00112717 0.000651802
internal_weight=7998 333 135 198 140 7665 7601
internal_count=7998 333 135 198 140 7665 7601
is_linear=0
shrinkage=0.02


Tree=669
num_leaves=8
num_cat=0
split_feature=9 64 33 14 25 67 21
split_gain=631.669 899.289 1275 1098.81 913.073 1045.41 1124.96
threshold=1.5000000000000002 2.5000000000000004 3.5000000000000004 34.925000000000004 1.0000000180025095e-35 4.7636992506710589 299455.8000000001
decision_type=2 2 2 2 2 2 8
left_child=-1 2 3 4 -2 -6 -7
right_child=1 -3 -4 -5 5 6 -8
leaf_value=-0.0087250163977834125 0.027332243668189708 -0.0010900349963388982 0.060625455178817109 -0.04175441271865999 -0.035360208332178095 -0.049497174769639968 0.057208217270132422
leaf_weight=2203 844 4176 220 146 243 51 133
leaf_count=2203 844 4176 220 146 243 51 133
internal_value=0.000383016 0.00383929 0.0163791 0.00932048 0.0153281 -0.00844083 0.0271052
internal_weight=8016 5813 1637 1417 1271 427 184
internal_count=8016 5813 1637 1417 1271 427 184
is_linear=0
shrinkage=0.02


Tree=670
num_leaves=8
num_cat=0
split_feature=8 40 38 58 38 64 55
split_gain=560.699 693.545 1358.53 691.084 951.566 460.774 590.415
threshold=54.410000000000004 47.045000000000009 3309.1500000000005 27.555000000000003 73015.150000000009 3.5000000000000004 41.535000000000004
decision_type=2 2 10 2 8 2 2
left_child=-1 3 -3 -2 5 6 -5
right_child=1 2 -4 4 -6 -7 -8
leaf_value=0.0014553477996886084 0.01838049717247486 -0.046729207820617236 0.040436758023200542 -0.053621559162089161 0.0069100854659484602 -0.030808793050961365 -0.16512936050891877
leaf_weight=7479 51 125 154 42 54 40 45
leaf_count=7479 51 125 154 42 54 40 45
internal_value=6.50902e-05 -0.0200997 0.00124876 -0.0452577 -0.063201 -0.0921445 -0.117138
internal_weight=7990 511 279 232 181 127 87
internal_count=7990 511 279 232 181 127 87
is_linear=0
shrinkage=0.02


Tree=671
num_leaves=8
num_cat=1
split_feature=2 22 56 56 15 17 56
split_gain=399.152 772.042 712.747 1143.09 990.759 730.072 706.469
threshold=0 7726.3500000000013 31.025000000000002 28.685000000000006 1.0000000180025095e-35 6211.6000000000013 31.695000000000004
decision_type=1 2 2 2 2 2 2
left_child=1 -1 3 5 -5 -3 -4
right_child=-2 2 6 4 -6 -7 -8
leaf_value=-0.051946093169637289 0.0035527837850144761 0.072973553240299222 0.070175835273244933 -0.032807686921763932 -0.14819135686402055 -0.023654332427041874 -0.0012616758653360271
leaf_weight=134 5668 41 52 89 43 93 1936
leaf_count=134 5668 41 52 89 43 93 1936
internal_value=0.000665255 -0.00617056 -0.00336757 -0.033795 -0.0744314 0.00747237 0.000778279
internal_weight=8056 2388 2254 266 132 134 1988
internal_count=8056 2388 2254 266 132 134 1988
cat_boundaries=0 1
cat_threshold=73
is_linear=0
shrinkage=0.02


Tree=672
num_leaves=8
num_cat=0
split_feature=22 68 68 51 10 8 8
split_gain=433.175 1038.36 1057.72 966.465 1735.33 822.332 664.913
threshold=21710.200000000004 1012605.4500000001 903962.85000000009 24.555000000000003 42444.55000000001 6.9350000000000014 28.245000000000001
decision_type=2 2 2 2 2 2 2
left_child=5 2 6 4 -3 -1 -2
right_child=1 3 -4 -5 -6 -7 -8
leaf_value=0.043958615920934321 -0.00028475260635125234 -0.12744980537408107 0.087506028890609752 0.0085777245861353331 0.011231907890807536 -0.0037163994766671259 0.034322491842475808
leaf_weight=143 553 69 80 189 69 6555 366
leaf_count=143 553 69 80 189 69 6555 366
internal_value=-0.000597458 0.00982473 0.019933 -0.0208917 -0.0601407 -0.00266652 0.013609
internal_weight=8024 1326 999 327 138 6698 919
internal_count=8024 1326 999 327 138 6698 919
is_linear=0
shrinkage=0.02


Tree=673
num_leaves=8
num_cat=0
split_feature=17 17 52 8 20 0 42
split_gain=603.872 1029.26 1009.91 997.206 839.287 1270.04 832.467
threshold=16791.950000000004 13302.750000000002 30.265000000000004 50.695000000000007 627297.95000000007 61.500000000000007 45.07500000000001
decision_type=2 2 2 2 8 2 2
left_child=1 3 -3 -1 5 -2 -6
right_child=4 2 -4 -5 6 -7 -8
leaf_value=0.0010426864375402652 -0.02544898036221762 -0.085390778628599673 -0.017132307677059481 -0.03795183353578406 0.026364131278120154 0.075906309918923817 0.0021853501995076647
leaf_weight=4152 497 101 500 275 941 50 1434
leaf_count=4152 497 101 500 275 941 50 1434
internal_value=-0.000567022 -0.00476759 -0.0292133 -0.00141969 0.00665687 -0.0155807 0.0118005
internal_weight=7950 5028 601 4427 2922 547 2375
internal_count=7950 5028 601 4427 2922 547 2375
is_linear=0
shrinkage=0.02


Tree=674
num_leaves=8
num_cat=0
split_feature=45 16 10 40 55 40 64
split_gain=588.416 785.662 901.629 1296.42 769.722 835.034 2167.52
threshold=1.0000000180025095e-35 0.30060000000000003 37031.500000000007 49.515000000000008 37.07500000000001 41.57500000000001 4.5000000000000009
decision_type=2 2 2 2 2 2 2
left_child=1 2 3 -1 -2 6 -6
right_child=4 -3 -4 -5 5 -7 -8
leaf_value=-0.010114425750105245 0.012922113044526687 0.010082732297383264 0.015640667985467351 -0.10916681079784545 -0.033128605457375448 -0.0017499923798566794 0.045189459308530341
leaf_weight=152 846 3082 165 77 1001 2548 160
leaf_count=152 846 3082 165 77 1001 2548 160
internal_value=0.000485632 0.00667758 -0.0197512 -0.0450412 -0.00424169 -0.00816878 -0.0221879
internal_weight=8031 3476 394 229 4555 3709 1161
internal_count=8031 3476 394 229 4555 3709 1161
is_linear=0
shrinkage=0.02


Tree=675
num_leaves=8
num_cat=0
split_feature=16 42 65 53 52 66 42
split_gain=677.991 1296.75 1007.57 603.638 507.029 471.922 472.526
threshold=0.72145000000000015 43.585000000000008 0.22500000000000003 64.585000000000022 50.045000000000009 0.68750000000000011 33.505000000000003
decision_type=2 2 2 2 2 2 2
left_child=5 3 -3 4 -2 -1 -7
right_child=1 2 -4 -5 -6 6 -8
leaf_value=-0.0038610266112563121 0.044581883847713472 0.077539577494774553 -0.01358852302532766 0.023415541880339098 0.13952964166036019 0.076230379200794479 0.0090549942272457676
leaf_weight=7161 52 51 359 98 47 50 183
leaf_count=7161 52 51 359 98 47 50 183
internal_value=-0.00127012 0.0189616 -0.00145544 0.0604382 0.0941991 -0.00294271 0.0247689
internal_weight=8001 607 410 197 99 7394 233
internal_count=8001 607 410 197 99 7394 233
is_linear=0
shrinkage=0.02


Tree=676
num_leaves=8
num_cat=0
split_feature=46 49 32 55 22 53 38
split_gain=578.1 735.763 390.24 895.171 986.711 928.472 970.351
threshold=1.0000000180025095e-35 26.500000000000004 1.0000000180025095e-35 54.735000000000007 11320.400000000001 66.155000000000015 35438.650000000001
decision_type=2 2 2 2 2 2 8
left_child=1 -1 3 4 5 6 -2
right_child=2 -3 -4 -5 -6 -7 -8
leaf_value=6.817133330246982e-05 0.030991473188506657 -0.10156904924911661 -0.0066714304726566889 -0.016987086104760431 0.00056962415364650461 0.045417414759458215 -0.017038559138365997
leaf_weight=63 341 47 2818 782 3168 427 323
leaf_count=63 341 47 2818 782 3168 427 323
internal_value=-0.00136909 -0.0458866 -0.00071721 0.00261461 0.0062294 0.0225864 0.00767474
internal_weight=7969 110 7859 5041 4259 1091 664
internal_count=7969 110 7859 5041 4259 1091 664
is_linear=0
shrinkage=0.02


Tree=677
num_leaves=8
num_cat=0
split_feature=16 50 62 49 14 41 41
split_gain=595.713 814.518 704.803 845.469 790.263 771.958 791.2
threshold=0.50035000000000007 3.5000000000000004 1.0000000180025095e-35 15.500000000000002 13.055000000000001 44.755000000000003 14.405000000000003
decision_type=2 2 2 2 2 2 2
left_child=1 -1 5 -4 -5 6 -2
right_child=2 -3 3 4 -6 -7 -8
leaf_value=-0.0069996380101092597 -0.034559595121676667 0.041904969203239641 -0.040066681483635319 0.031332471903177006 -0.010862587928871148 0.0028631968492504596 0.030231112105812395
leaf_weight=4072 78 136 248 247 596 1716 915
leaf_count=4072 78 136 248 247 596 1716 915
internal_value=-0.000190526 -0.00537121 0.00554592 -0.00800137 0.00161246 0.0110065 0.0249942
internal_weight=8008 4208 3800 1091 843 2709 993
internal_count=8008 4208 3800 1091 843 2709 993
is_linear=0
shrinkage=0.02


Tree=678
num_leaves=8
num_cat=0
split_feature=16 22 17 65 41 9 16
split_gain=590.377 1037.14 628.54 865.22 806.145 569.144 705.805
threshold=0.72825000000000006 18014.500000000004 4882.1500000000005 0.45000000000000007 46.305000000000007 1.5000000000000002 0.38895000000000007
decision_type=2 2 2 2 2 2 2
left_child=5 2 -2 -4 -5 6 -1
right_child=1 -3 3 4 -6 -7 -8
leaf_value=-0.035913041868560723 0.041138360097452448 0.059069307730956519 -0.085964900723525459 0.046665694158328205 -0.029266235510654309 0.00082896781083761526 -0.0056679962698611055
leaf_weight=384 103 171 51 90 131 5463 1507
leaf_count=384 103 171 51 90 131 5463 1507
internal_value=-0.000952467 0.0190166 0.000215635 -0.0157437 0.00200457 -0.00244699 -0.0118883
internal_weight=7900 546 375 272 221 7354 1891
internal_count=7900 546 375 272 221 7354 1891
is_linear=0
shrinkage=0.02


Tree=679
num_leaves=8
num_cat=0
split_feature=42 33 49 33 58 56 53
split_gain=436.899 499.384 442.337 1273.77 1190.18 1160.85 1037.75
threshold=83.080000000000013 3.5000000000000004 46.500000000000007 2.5000000000000004 32.485000000000007 38.195000000000007 81.715000000000018
decision_type=2 2 2 2 2 2 2
left_child=2 -2 -1 4 5 -4 -6
right_child=1 -3 3 -5 6 -7 -8
leaf_value=-0.0010394883665070785 0.027885138185880076 -0.016684402320131981 0.064474789783542541 0.003998743739929693 -0.041685896255277299 -0.036328722669964744 -0.14043829082846643
leaf_weight=6153 367 134 76 720 365 100 45
leaf_count=6153 367 134 76 720 365 100 45
internal_value=-0.00206977 0.0159173 -0.00328776 -0.0138357 -0.0355969 0.00777869 -0.054086
internal_weight=7960 501 7459 1306 586 176 410
internal_count=7960 501 7459 1306 586 176 410
is_linear=0
shrinkage=0.02


Tree=680
num_leaves=8
num_cat=1
split_feature=7 20 20 18 17 14 10
split_gain=532.823 665.358 846.59 778.226 655.409 579.273 573.419
threshold=0 1062797.5000000002 1379898.8500000003 179776.00000000003 895.00000000000011 43.180000000000007 12980.500000000002
decision_type=1 10 10 2 2 2 2
left_child=1 3 -3 4 -1 -6 -5
right_child=-2 2 -4 6 5 -7 -8
leaf_value=-0.067904499870426252 0.0043741321477860622 -0.087986944021450159 0.0051553466099582305 -0.10834533507294125 0.0073325879774115968 -0.056503489722808206 -0.019446320485911873
leaf_weight=48 6526 85 68 40 1089 55 90
leaf_count=48 6526 85 68 40 1089 55 90
internal_value=0.00192087 -0.00888102 -0.0477372 -0.00428805 0.000862743 0.00403102 -0.0497996
internal_weight=8001 1475 153 1322 1192 1144 130
internal_count=8001 1475 153 1322 1192 1144 130
cat_boundaries=0 1
cat_threshold=48
is_linear=0
shrinkage=0.02


Tree=681
num_leaves=8
num_cat=0
split_feature=64 15 42 52 68 53 10
split_gain=643.177 512.166 664.758 701.636 1029.91 952.775 885.573
threshold=1.0000000180025095e-35 1.5000000000000002 49.245000000000012 58.635000000000012 1041138.9000000001 83.095000000000013 54305.700000000004
decision_type=2 2 2 2 2 2 2
left_child=-1 2 3 4 -2 6 -6
right_child=1 -3 -4 -5 5 -7 -8
leaf_value=-0.065777985940376912 0.011374186522667546 -0.0099641166159375148 -0.0038376381031869308 0.024823707597782504 -0.047362775905057788 0.058738144102849457 0.0055019288312121864
leaf_weight=55 1665 1645 3191 831 331 52 202
leaf_count=55 1665 1645 3191 831 331 52 202
internal_value=-0.000543058 -4.86357e-05 0.00255783 0.00917712 0.00335609 -0.0193677 -0.0274628
internal_weight=7972 7917 6272 3081 2250 585 533
internal_count=7972 7917 6272 3081 2250 585 533
is_linear=0
shrinkage=0.02


Tree=682
num_leaves=8
num_cat=0
split_feature=45 8 9 55 33 57 46
split_gain=558.339 808.237 977.11 751.11 785.413 938.941 883.723
threshold=1.0000000180025095e-35 53.770000000000003 4.5000000000000009 35.525000000000013 1.0000000180025095e-35 59.600000000000009 5.5000000000000009
decision_type=2 2 2 2 2 2 2
left_child=1 -1 -3 -2 6 -6 -5
right_child=3 2 -4 4 5 -7 -8
leaf_value=0.0091125412475498539 0.015878947550583188 -0.06489255642601803 0.015966687818142498 -0.0051468235043422225 -0.0087638079758507025 0.025636971345399519 -0.090393823022905148
leaf_weight=3178 631 129 105 101 3321 346 90
leaf_count=3178 631 129 105 101 3321 346 90
internal_value=0.000364551 0.0064577 -0.0290346 -0.00426876 -0.00758033 -0.00548743 -0.0465968
internal_weight=7901 3412 234 4489 3858 3667 191
internal_count=7901 3412 234 4489 3858 3667 191
is_linear=0
shrinkage=0.02


Tree=683
num_leaves=8
num_cat=0
split_feature=50 40 65 64 8 20 49
split_gain=493.882 471.028 1151.41 1032.7 1190.7 694.789 664.78
threshold=3.5000000000000004 35.605000000000011 0.61250000000000016 4.5000000000000009 49.745000000000005 961550.85000000021 10.500000000000002
decision_type=2 2 2 2 2 8 2
left_child=1 2 6 4 -4 -6 -1
right_child=-2 -3 3 -5 5 -7 -8
leaf_value=-0.064606374672165623 0.027705084489924564 0.0031390855182409851 0.010005422693475109 0.081212650659218649 -0.12130864377902902 -0.0096063455700874344 -0.016619769366857506
leaf_weight=130 268 5834 746 66 41 45 853
leaf_count=130 268 5834 746 66 41 45 853
internal_value=0.00126823 0.000332533 -0.00835735 0.00799519 0.00173663 -0.0665991 -0.0232608
internal_weight=7983 7715 1881 898 832 86 983
internal_count=7983 7715 1881 898 832 86 983
is_linear=0
shrinkage=0.02


Tree=684
num_leaves=8
num_cat=0
split_feature=56 38 14 17 21 40 33
split_gain=451.341 1074.38 869.184 768.35 764.996 748.498 720.634
threshold=30.155000000000005 33568.650000000009 25.290000000000003 5791.9000000000005 376837.05000000005 36.405000000000008 3.5000000000000004
decision_type=2 8 2 2 10 2 2
left_child=1 2 3 -1 -3 -5 -4
right_child=-2 4 6 5 -6 -7 -8
leaf_value=0.031678537184833197 0.0027856149428815945 -6.2827058713388657e-05 -0.11940647947627145 -0.096037706361422615 0.081726922235398916 -0.013554900239971353 -0.014552556586762268
leaf_weight=88 7216 334 69 57 48 159 43
leaf_count=88 7216 334 69 57 48 159 43
internal_value=0.00120455 -0.0130207 -0.0350733 -0.0169296 0.0111375 -0.0370015 -0.0814923
internal_weight=8014 798 416 304 382 216 112
internal_count=8014 798 416 304 382 216 112
is_linear=0
shrinkage=0.02


Tree=685
num_leaves=8
num_cat=0
split_feature=23 52 41 66 42 21 41
split_gain=471.192 394.436 505.761 359.367 810.402 1227.13 866.231
threshold=1.7500000000000002 92.180000000000021 47.965000000000011 1.0000000180025095e-35 51.300000000000004 265312.15000000008 52.545000000000009
decision_type=2 2 2 2 2 10 2
left_child=-1 3 -3 4 -2 6 -6
right_child=1 2 -4 -5 5 -7 -8
leaf_value=0.055982302981510496 0.0080078925188554802 0.080226406218870644 0.00206658920867646 -0.0013483318630289514 -0.091859498786895227 -0.14028187648109769 0.010008800769158239
leaf_weight=52 191 48 89 7471 43 41 107
leaf_count=52 191 48 89 7471 43 41 107
internal_value=-0.00131907 -0.00172677 0.0313117 -0.00232271 -0.0211155 -0.0497002 -0.0212146
internal_weight=8042 7990 137 7853 382 191 150
internal_count=8042 7990 137 7853 382 191 150
is_linear=0
shrinkage=0.02


Tree=686
num_leaves=8
num_cat=0
split_feature=32 45 65 0 8 51 14
split_gain=524.888 787.734 745.724 752.12 1006.15 980.246 1054.1
threshold=1.0000000180025095e-35 1.0000000180025095e-35 0.76388888888888895 44.500000000000007 53.770000000000003 13.335000000000003 17.475000000000005
decision_type=2 2 2 2 2 2 2
left_child=1 2 3 4 5 6 -1
right_child=-2 -3 -4 -5 -6 -7 -8
leaf_value=0.0091884465836354085 -0.0055185863713519334 -0.0016897292016888768 0.076616977284083496 0.02527125956893423 -0.066201566461382838 0.019226145383557498 -0.058480388326513255
leaf_weight=209 2869 2910 69 943 77 763 158
leaf_count=209 2869 2910 69 943 77 763 158
internal_value=0.001326 0.0051563 0.0141178 0.0119389 0.00146137 0.00634335 -0.0203386
internal_weight=7998 5129 2219 2150 1207 1130 367
internal_count=7998 5129 2219 2150 1207 1130 367
is_linear=0
shrinkage=0.02


Tree=687
num_leaves=8
num_cat=0
split_feature=53 56 46 51 12 22 15
split_gain=415.667 1099.21 634.814 471.666 438.89 599.839 446.829
threshold=85.855000000000004 47.245000000000012 9.5000000000000018 38.015000000000008 79.110000000000014 23547.000000000004 1.0000000180025095e-35
decision_type=2 2 2 2 2 2 2
left_child=4 2 3 -2 -1 6 -6
right_child=1 -3 -4 -5 5 -7 -8
leaf_value=-0.0014732438378348167 0.054911676926987021 -0.041300016622420166 -0.036460529996993694 -0.001314945074695128 6.724437620018569e-05 0.086094254990841487 0.047820500300662358
leaf_weight=6967 269 93 42 76 350 42 96
leaf_count=6967 269 93 42 76 350 42 96
internal_value=0.000983244 0.0189242 0.0337389 0.0426837 -0.000183818 0.0180531 0.0107622
internal_weight=7935 480 387 345 7455 488 446
internal_count=7935 480 387 345 7455 488 446
is_linear=0
shrinkage=0.02


Tree=688
num_leaves=8
num_cat=0
split_feature=47 51 51 58 55 14 66
split_gain=523.108 757.148 1091.29 1009.21 1504.9 470.649 887.88
threshold=1.5000000000000002 13.335000000000003 27.315000000000001 48.215000000000011 46.225000000000001 45.515000000000008 0.18750000000000003
decision_type=2 2 2 2 2 2 2
left_child=1 -1 -3 4 -4 -2 -7
right_child=5 2 3 -5 -6 6 -8
leaf_value=0.035135199692890501 0.001453476553451025 -0.097309206922849029 0.09580744200631193 -0.091579625878069143 -0.039944745926307396 -0.083690989335646504 -0.0059809648535038172
leaf_weight=61 7300 85 52 40 72 69 291
leaf_count=61 7300 85 52 40 72 69 291
internal_value=-0.000692234 -0.0259515 -0.0413135 -0.010271 0.0184905 0.000346268 -0.0218178
internal_weight=7970 310 249 164 124 7660 360
internal_count=7970 310 249 164 124 7660 360
is_linear=0
shrinkage=0.02


Tree=689
num_leaves=8
num_cat=1
split_feature=55 49 68 62 4 17 17
split_gain=482.139 851.48 679.793 821.234 1402.82 973.618 748.268
threshold=37.995000000000012 5.5000000000000009 1054345.2500000002 1.0000000180025095e-35 0 4112.7500000000009 43393.55000000001
decision_type=2 2 2 2 1 2 2
left_child=1 -1 -2 5 -5 -4 -6
right_child=2 -3 3 4 6 -7 -8
leaf_value=-0.067554637361656539 0.001800591757129201 0.01246974598410874 0.05892148509203831 0.010579696563685214 -0.050996021763720645 -0.0071015412436035291 0.019537925846874714
leaf_weight=50 4757 1681 102 289 540 537 65
leaf_count=50 4757 1681 102 289 540 537 65
internal_value=0.000639113 0.00997033 -0.0019347 -0.0134937 -0.0258164 0.00381299 -0.0426213
internal_weight=8021 1731 6290 1533 894 639 605
internal_count=8021 1731 6290 1533 894 639 605
cat_boundaries=0 1
cat_threshold=6
is_linear=0
shrinkage=0.02


Tree=690
num_leaves=8
num_cat=0
split_feature=9 38 41 17 14 9 54
split_gain=481.29 814.668 527.642 1270.2 877.871 779.151 477.295
threshold=17.500000000000004 14233.200000000003 14.405000000000003 19948.900000000005 12.895000000000001 5.5000000000000009 80.00500000000001
decision_type=2 10 2 2 2 2 2
left_child=2 -2 3 4 -1 -6 -3
right_child=1 6 -4 -5 5 -7 -8
leaf_value=-0.13531567627069901 0.033236890179256379 0.015264357803389431 -0.0010534873700520527 0.031841128489550424 -0.07493085827400435 0.029579108293149987 -0.072943803088844947
leaf_weight=44 349 43 7335 80 62 46 48
leaf_count=44 349 43 7335 80 62 46 48
internal_value=-0.000815761 0.0193989 -0.00200322 -0.0313747 -0.0646006 -0.0310782 -0.0326389
internal_weight=8007 440 7567 232 152 108 91
internal_count=8007 440 7567 232 152 108 91
is_linear=0
shrinkage=0.02


Tree=691
num_leaves=8
num_cat=0
split_feature=64 56 10 64 9 36 16
split_gain=681.377 1117.9 695.018 694.499 980.27 1119.35 1102.88
threshold=1.5000000000000002 38.255000000000003 46816.80000000001 2.5000000000000004 1.5000000000000002 1.5000000000000002 0.26345000000000002
decision_type=2 2 2 2 2 2 2
left_child=1 -1 -3 4 5 -2 -6
right_child=3 2 -4 -5 6 -7 -8
leaf_value=0.010970657129313737 -0.020859118987741711 -0.032356217473142726 -0.11641341991644973 -0.0013009736931573347 -0.035159107667417075 0.060905754456821927 0.028487789137216359
leaf_weight=247 472 267 43 5659 116 73 1150
leaf_count=247 472 267 43 5659 116 73 1150
internal_value=0.000554924 -0.0206835 -0.0456785 0.00215134 0.012913 -0.009453 0.0225406
internal_weight=8027 557 310 7470 1811 545 1266
internal_count=8027 557 310 7470 1811 545 1266
is_linear=0
shrinkage=0.02


Tree=692
num_leaves=8
num_cat=0
split_feature=16 53 14 68 48 0 17
split_gain=590.35 786.829 731.081 996.744 517.769 612.648 843.534
threshold=0.72825000000000006 71.115000000000023 15.835000000000003 399844.30000000005 17.500000000000004 22.500000000000004 20595.850000000002
decision_type=2 2 2 2 2 2 2
left_child=4 2 -2 -4 5 6 -1
right_child=1 -3 3 -5 -6 -7 -8
leaf_value=-0.0078545290645545326 0.0039657645994617095 -0.013168064565078135 0.10651679455944635 0.018693061839593083 -0.021561887364285732 0.0024484219318546318 -0.070720159207443581
leaf_weight=509 150 178 98 109 443 6382 98
leaf_count=509 150 178 98 109 443 6382 98
internal_value=0.000748133 0.0209392 0.0378921 0.061803 -0.000718443 0.000617196 -0.018499
internal_weight=7967 535 357 207 7432 6989 607
internal_count=7967 535 357 207 7432 6989 607
is_linear=0
shrinkage=0.02


Tree=693
num_leaves=8
num_cat=0
split_feature=64 42 32 12 53 55 23
split_gain=482.471 1083.09 868.164 528.044 718.21 595.518 856.778
threshold=4.5000000000000009 57.215000000000011 1.0000000180025095e-35 78.595000000000013 92.25500000000001 54.735000000000007 14.550000000000002
decision_type=2 2 2 2 2 2 2
left_child=2 -2 3 4 5 -1 -7
right_child=1 -3 -4 -5 -6 6 -8
leaf_value=0.0036630797376997499 0.040762572826753399 -0.01222195200635434 -0.011461943461135394 0.026917624858488174 0.052026200683468637 -0.0023781633178906561 -0.05033971644821577
leaf_weight=3884 343 274 2214 354 106 527 203
leaf_count=3884 343 274 2214 354 106 527 203
internal_value=0.00041588 0.0173239 -0.00102644 0.00353381 0.00175339 0.00054338 -0.0159671
internal_weight=7905 617 7288 5074 4720 4614 730
internal_count=7905 617 7288 5074 4720 4614 730
is_linear=0
shrinkage=0.02


Tree=694
num_leaves=8
num_cat=0
split_feature=67 23 23 54 65 51 21
split_gain=542.349 956.21 935.941 1044.08 840.933 927.883 892.542
threshold=3.5651860809261717 31.750000000000004 23.250000000000004 83.285000000000011 0.73214285714285732 51.970000000000006 402019.8000000001
decision_type=2 2 2 2 2 2 10
left_child=1 -1 3 -2 5 6 -5
right_child=2 -3 -4 4 -6 -7 -8
leaf_value=-0.0028122800061813023 0.018222642291893531 -0.092539608317116898 0.050443151164599645 -0.013087427935441988 0.020212539468044625 -0.056952519377715838 0.037461431857198475
leaf_weight=4710 1254 43 181 1103 394 162 155
leaf_count=4710 1254 43 181 1103 394 162 155
internal_value=0.000583193 -0.00372043 0.00687505 0.00422681 -0.00547186 -0.0126443 -0.00673558
internal_weight=8002 4753 3249 3068 1814 1420 1258
internal_count=8002 4753 3249 3068 1814 1420 1258
is_linear=0
shrinkage=0.02


Tree=695
num_leaves=8
num_cat=1
split_feature=7 10 14 47 16 17 55
split_gain=554.838 971.263 958.175 1022.94 1117.17 684.058 709.071
threshold=0 12355.400000000001 16.485000000000003 4.5000000000000009 0.35685000000000006 1859.6500000000003 48.495000000000012
decision_type=1 2 2 2 2 2 2
left_child=1 2 3 -1 -5 -4 -7
right_child=-2 -3 5 4 -6 6 -8
leaf_value=-0.053254013055562974 0.0032958104736557719 0.0013663949987868657 0.0049261548949612512 -0.051645476255151958 0.056392412808206345 -0.036019216609544727 -0.1026457096094435
leaf_weight=95 6218 1161 67 49 130 154 116
leaf_count=95 6218 1161 67 49 130 154 116
internal_value=0.000480578 -0.00934559 -0.0296977 -0.00179671 0.026218 -0.0520249 -0.0659898
internal_weight=7990 1772 611 274 179 337 270
internal_count=7990 1772 611 274 179 337 270
cat_boundaries=0 1
cat_threshold=36
is_linear=0
shrinkage=0.02


Tree=696
num_leaves=8
num_cat=0
split_feature=64 58 9 49 16 42 64
split_gain=631.278 449.325 915.487 715.805 574.14 571.122 570.315
threshold=1.0000000180025095e-35 30.245000000000001 12.500000000000002 40.500000000000007 0.34145000000000009 33.775000000000013 1.5000000000000002
decision_type=2 2 2 2 2 2 2
left_child=-1 2 3 -2 -4 -5 -3
right_child=1 6 4 5 -6 -7 -8
leaf_value=-0.066031543333083392 -0.018370495464272499 -0.019799512271939587 -0.014936213576516439 -0.035415401118643143 0.04842495500379139 0.022524416797627515 0.005788319472977789
leaf_weight=51 1413 367 81 80 175 341 5526
leaf_count=51 1413 367 81 80 175 341 5526
internal_value=0.000885404 0.00135397 -0.00660346 -0.011564 0.028475 0.011228 0.00417934
internal_weight=8034 7983 2090 1834 256 421 5893
internal_count=8034 7983 2090 1834 256 421 5893
is_linear=0
shrinkage=0.02


Tree=697
num_leaves=8
num_cat=0
split_feature=17 0 14 10 14 57 51
split_gain=649.706 1120.45 847.699 1196.74 768.841 975.03 766.378
threshold=5965.8500000000013 22.500000000000004 20.835000000000004 22981.950000000004 11.515000000000002 33.805000000000007 10.290000000000001
decision_type=2 2 2 2 2 2 2
left_child=-1 2 4 -4 6 -6 -2
right_child=1 -3 3 -5 5 -7 -8
leaf_value=0.0077653991594966347 -0.072695592708057824 -0.0018208619679719298 0.055347040316888266 -0.049065653949307848 -0.033386013291928238 -0.12875186004421926 0.035821698923264783
leaf_weight=2519 40 5100 79 87 93 83 57
leaf_count=2519 40 5100 79 87 93 83 57
internal_value=-0.000646518 -0.0044756 -0.0349487 0.000790124 -0.0563034 -0.080674 -0.0102976
internal_weight=8058 5539 439 166 273 176 97
internal_count=8058 5539 439 166 273 176 97
is_linear=0
shrinkage=0.02


Tree=698
num_leaves=8
num_cat=0
split_feature=34 17 17 20 21 20 58
split_gain=556.2 637.388 562.708 965.097 606.667 518.272 552.725
threshold=3.5000000000000004 36401.450000000004 43393.55000000001 610116.20000000007 212558.60000000003 816077.55000000016 32.645000000000003
decision_type=2 2 2 8 10 8 2
left_child=2 -2 -1 4 -4 -5 -7
right_child=1 -3 3 5 -6 6 -8
leaf_value=-0.0046021305907677484 0.029568592688740316 -0.011452508822610948 -0.067271286041237582 0.059594810424106463 0.0037597232911966544 -0.013670674571133565 0.027404767333585902
leaf_weight=6394 462 221 81 121 108 186 419
leaf_count=6394 462 221 81 121 108 186 419
internal_value=-0.000884304 0.0163085 -0.00250096 0.0121272 -0.0276313 0.0225957 0.0147681
internal_weight=7992 683 7309 915 189 726 605
internal_count=7992 683 7309 915 189 726 605
is_linear=0
shrinkage=0.02


Tree=699
num_leaves=8
num_cat=0
split_feature=32 22 12 16 6 20 41
split_gain=522.405 685.22 660.207 615.124 942.584 1316.05 1165.74
threshold=1.0000000180025095e-35 28469.050000000003 22.435000000000006 0.36255000000000004 2.5000000000000004 827766.10000000009 73.915000000000006
decision_type=2 2 2 2 2 10 2
left_child=1 3 -3 4 6 -6 -1
right_child=-2 2 -4 -5 5 -7 -8
leaf_value=-0.025670857306783115 -0.0066872640763897965 -0.097970569610595706 -0.012770134733126751 0.0094038754934308542 0.058235501608202123 -0.046706283302868114 0.051396979730237609
leaf_weight=746 2908 40 201 3748 160 63 83
leaf_count=746 2908 40 201 3748 160 63 83
internal_value=5.66221e-05 0.00394974 -0.0286151 0.00561284 -0.00787422 0.0282142 -0.0176929
internal_weight=7949 5041 241 4800 1052 223 829
internal_count=7949 5041 241 4800 1052 223 829
is_linear=0
shrinkage=0.02


Tree=700
num_leaves=8
num_cat=0
split_feature=16 22 41 20 20 62 10
split_gain=740.767 704.264 601.592 570.928 612.976 869.221 989.438
threshold=0.36255000000000004 31465.000000000004 6.4150000000000009 819002.75000000012 922176.65000000014 1.0000000180025095e-35 21221.600000000002
decision_type=2 2 2 8 8 2 2
left_child=1 -1 -2 -4 -5 -6 -7
right_child=2 -3 3 4 5 6 -8
leaf_value=-0.013733872540685079 -0.05158834149315953 0.063233971547107304 -0.0065757771087911789 0.036047333421038212 0.0094746627276477736 0.021136595892834748 -0.029741573901500722
leaf_weight=1748 75 44 1614 273 3517 214 506
leaf_count=1748 75 44 1614 273 3517 214 506
internal_value=-0.00036623 -0.0116734 0.00290919 0.00361816 0.00726952 0.005375 -0.014578
internal_weight=7991 1792 6199 6124 4510 4237 720
internal_count=7991 1792 6199 6124 4510 4237 720
is_linear=0
shrinkage=0.02


Tree=701
num_leaves=8
num_cat=1
split_feature=40 50 58 3 55 12 14
split_gain=490.879 529.066 550.327 1039 1053.72 1105.09 1011.87
threshold=84.560000000000016 3.5000000000000004 29.345000000000002 0 64.040000000000006 80.110000000000014 19.005000000000006
decision_type=2 2 2 1 2 2 2
left_child=1 2 3 -1 5 -5 -7
right_child=-2 -3 -4 4 -6 6 -8
leaf_value=-0.064219941100024658 0.023183171311654257 0.027284985043424897 0.0013067589301130719 -0.015074743643762118 0.055055677942859316 -0.013732786429055193 0.11858637896727542
leaf_weight=123 352 254 5574 1489 98 42 44
leaf_count=123 352 254 5574 1489 98 42 44
internal_value=0.000261323 -0.000811479 -0.00179764 -0.0114092 -0.00692277 -0.010985 0.0567614
internal_weight=7976 7624 7370 1796 1673 1575 86
internal_count=7976 7624 7370 1796 1673 1575 86
cat_boundaries=0 1
cat_threshold=2
is_linear=0
shrinkage=0.02


Tree=702
num_leaves=8
num_cat=0
split_feature=23 51 12 64 17 23 9
split_gain=645.165 835.397 715.573 899.573 675.902 671.565 738.366
threshold=23.150000000000002 9.7050000000000018 19.135000000000002 2.5000000000000004 4163.3500000000013 17.350000000000005 4.5000000000000009
decision_type=2 2 2 2 2 2 2
left_child=5 -2 -3 -4 -5 -1 -7
right_child=1 2 3 4 -6 6 -8
leaf_value=0.00041550751431716917 -0.029199643902259296 -0.031402521187971745 0.093542008052495393 0.089716299797626256 0.0040570516332858395 -0.033230773807064906 0.0029523113833491688
leaf_weight=6605 96 51 105 42 173 524 392
leaf_count=6605 96 51 105 42 173 524 392
internal_value=-0.000392815 0.0222897 0.0358242 0.0468567 0.0224492 -0.00181511 -0.0178143
internal_weight=7988 467 371 320 215 7521 916
internal_count=7988 467 371 320 215 7521 916
is_linear=0
shrinkage=0.02


Tree=703
num_leaves=8
num_cat=0
split_feature=16 54 64 42 12 16 34
split_gain=592.594 843.125 629.988 1040.95 953.457 1290.23 1228.69
threshold=0.32695000000000007 63.410000000000004 2.5000000000000004 79.600000000000009 29.485000000000003 0.65625000000000011 2.5000000000000004
decision_type=2 2 2 2 2 2 2
left_child=1 -1 3 4 5 -2 -6
right_child=2 -3 -4 -5 6 -7 -8
leaf_value=0.065149142832126264 0.048527330541359034 -0.016413606693924922 -0.0021734563840707035 0.066932987108944908 -0.0084401163380007846 -0.036264065020614203 0.047113390689634757
leaf_weight=48 368 1233 4819 121 1179 85 179
leaf_count=48 368 1233 4819 121 1179 85 179
internal_value=-0.000672595 -0.013116 0.00169649 0.01133 0.00744091 0.032395 -0.000971558
internal_weight=8032 1281 6751 1932 1811 453 1358
internal_count=8032 1281 6751 1932 1811 453 1358
is_linear=0
shrinkage=0.02


Tree=704
num_leaves=8
num_cat=0
split_feature=42 34 52 22 34 42 52
split_gain=582.994 574.658 589.076 506.804 487.018 770.229 486.173
threshold=82.565000000000012 1.5000000000000002 46.145000000000003 6257.7500000000009 3.5000000000000004 26.905000000000005 15.630000000000001
decision_type=2 2 2 2 2 2 2
left_child=3 2 -2 -1 6 -6 -5
right_child=1 -3 -4 4 5 -7 -8
leaf_value=-0.042677670649943815 -0.0035360075533390047 -0.00013428604987970853 0.06240783966297956 -0.025456136624867978 0.064636965719624781 0.0050385546302492649 -0.0021605111231693648
leaf_weight=119 79 290 164 375 99 529 6318
leaf_count=119 79 290 164 375 99 529 6318
internal_value=-0.0011285 0.0189782 0.0413302 -0.00258072 -0.00190027 0.0148702 -0.00348376
internal_weight=7973 533 243 7440 7321 628 6693
internal_count=7973 533 243 7440 7321 628 6693
is_linear=0
shrinkage=0.02


Tree=705
num_leaves=8
num_cat=0
split_feature=8 22 22 56 22 8 33
split_gain=522.456 744.43 660.733 1429.58 793.216 1044.52 780.612
threshold=25.925000000000004 5995.1000000000013 11090.500000000002 41.57500000000001 12375.900000000003 10.585000000000003 3.5000000000000004
decision_type=2 2 2 2 2 2 2
left_child=1 -1 3 6 5 -4 -3
right_child=-2 2 4 -5 -6 -7 -8
leaf_value=-0.064497623803286719 -0.0034975703768401318 0.054296893120405428 -0.092072046225269641 -0.0081034093163421198 0.0070675270970247811 -0.0078446381732599057 -0.00034152280965304754
leaf_weight=53 3923 447 67 378 2723 330 136
leaf_count=53 3923 447 67 378 2723 330 136
internal_value=0.00172838 0.00668583 0.00768808 0.0221433 0.00320738 -0.0230277 0.0416565
internal_weight=8057 4134 4081 961 3120 397 583
internal_count=8057 4134 4081 961 3120 397 583
is_linear=0
shrinkage=0.02


Tree=706
num_leaves=8
num_cat=0
split_feature=16 53 57 16 53 16 33
split_gain=554.348 884.818 468.929 443.565 621.38 691.061 668.318
threshold=0.79410000000000014 70.085000000000022 39.285000000000004 0.26345000000000002 47.735000000000007 0.21995000000000003 2.5000000000000004
decision_type=2 2 2 2 2 2 2
left_child=3 2 -2 4 5 -1 -6
right_child=1 -3 -4 -5 6 -7 -8
leaf_value=0.055168162899654968 0.033994313592091201 -0.015902551234095962 0.11925669508510167 0.00036521266168409327 -0.059582174822111818 -0.023634376938665106 -0.0089472694589494504
leaf_weight=81 75 86 40 7211 176 88 251
leaf_count=81 75 86 40 7211 176 88 251
internal_value=-0.000156505 0.032228 0.0673841 -0.00101037 -0.0175182 0.0146349 -0.0302659
internal_weight=8008 201 115 7807 596 169 427
internal_count=8008 201 115 7807 596 169 427
is_linear=0
shrinkage=0.02


Tree=707
num_leaves=8
num_cat=2
split_feature=41 3 34 46 38 58 3
split_gain=433.965 1096.75 678.036 401.5 395.904 390.594 913.629
threshold=15.475000000000003 0 2.5000000000000004 2.5000000000000004 2323.2500000000005 30.245000000000001 1
decision_type=2 1 2 2 10 2 1
left_child=1 2 4 -3 -1 6 -2
right_child=5 3 -4 -5 -6 -7 -8
leaf_value=0.024378853933564548 -0.053518388775341652 -0.011902049717803795 0.079442768781743153 -0.086330747779677905 -0.051789494810196068 0.0036560817159517131 -0.0027098105764357238
leaf_weight=53 138 43 42 97 47 5654 1953
leaf_count=53 138 43 42 97 47 5654 1953
internal_value=3.06575e-05 -0.0241195 0.0156352 -0.060497 -0.0121817 0.000924974 -0.00645096
internal_weight=8027 282 142 140 100 7745 2091
internal_count=8027 282 142 140 100 7745 2091
cat_boundaries=0 1 2
cat_threshold=5 2
is_linear=0
shrinkage=0.02


Tree=708
num_leaves=8
num_cat=0
split_feature=64 52 58 51 58 51 38
split_gain=436.073 1292.6 923.403 879.646 1221.12 1149.04 1176.52
threshold=2.5000000000000004 67.205000000000013 55.505000000000003 14.135000000000003 53.955000000000005 18.875000000000004 5342.6500000000005
decision_type=2 2 2 2 2 2 10
left_child=1 3 -3 4 -1 6 -5
right_child=-2 2 -4 5 -6 -7 -8
leaf_value=-0.034784755153757868 -0.0022287680353616306 0.027229997597913922 0.11194365238049819 0.090168212826053293 0.047122953656044873 0.0024654602326154708 -0.019190760182837645
leaf_weight=428 5688 342 57 121 83 1245 55
leaf_count=428 5688 342 57 121 83 1245 55
internal_value=0.00075742 0.00803335 0.0405676 0.00122695 -0.0211531 0.00932088 0.0564075
internal_weight=8019 2331 399 1932 511 1421 176
internal_count=8019 2331 399 1932 511 1421 176
is_linear=0
shrinkage=0.02


Tree=709
num_leaves=8
num_cat=0
split_feature=9 12 33 43 68 34 49
split_gain=719.836 670.36 1063.89 601.961 876.22 1289.38 890.837
threshold=1.5000000000000002 45.970000000000006 1.0000000180025095e-35 1.0000000180025095e-35 369431.80000000005 1.5000000000000002 19.500000000000004
decision_type=2 2 2 2 2 2 2
left_child=1 2 -1 4 6 -6 -4
right_child=-2 -3 3 -5 5 -7 -8
leaf_value=-0.089362688384436326 0.0022584174427794012 0.00010363389693472406 0.064512215244273349 -0.0073455489411771574 -0.15544413964703399 -0.025536689880382584 -0.041995503167202186
leaf_weight=82 5799 1064 43 767 48 78 86
leaf_count=82 5799 1064 43 767 48 78 86
internal_value=-0.00141869 -0.0112368 -0.0221176 -0.0163134 -0.0426273 -0.0790693 -0.00541048
internal_weight=7967 2168 1104 1022 255 126 129
internal_count=7967 2168 1104 1022 255 126 129
is_linear=0
shrinkage=0.02


Tree=710
num_leaves=8
num_cat=0
split_feature=8 10 23 58 23 53 53
split_gain=500.023 1121.98 1219.67 642.207 594.624 828.942 784.743
threshold=8.5850000000000026 13917.250000000002 10.950000000000001 37.485000000000007 3.6500000000000008 71.115000000000023 54.105000000000011
decision_type=2 2 2 2 2 2 2
left_child=1 2 3 -1 5 6 -2
right_child=4 -3 -4 -5 -6 -7 -8
leaf_value=-0.0013552408725023269 0.035363267786851546 0.057738269839706369 0.043799320136799533 -0.10181962965908697 -0.0031706635801209684 0.066981016644116112 -0.030926341798772915
leaf_weight=45 142 174 80 54 7290 111 134
leaf_count=45 142 174 80 54 7290 111 134
internal_value=-0.000806171 0.0222988 -0.0127836 -0.0584146 -0.00188239 0.0221159 0.00320156
internal_weight=8030 353 179 99 7677 387 276
internal_count=8030 353 179 99 7677 387 276
is_linear=0
shrinkage=0.02


Tree=711
num_leaves=8
num_cat=1
split_feature=23 67 23 1 23 56 8
split_gain=496.769 753.703 1147.23 719.63 686.781 794.653 1000.65
threshold=23.250000000000004 2.8791160539777048 25.050000000000004 0 17.350000000000005 30.325000000000003 31.345000000000002
decision_type=2 2 2 1 2 2 2
left_child=4 2 -2 -4 -1 -6 -7
right_child=1 -3 3 -5 5 6 -8
leaf_value=0.00065248024939509679 0.058023458833495772 0.048475960461678458 -0.065784959300411949 0.0081477891739490816 -0.063852672689827167 0.0054608717607334259 -0.040236224641589678
leaf_weight=6513 85 199 96 108 123 555 287
leaf_count=6513 85 199 96 108 123 555 287
internal_value=-0.000404408 0.0190418 -0.00170568 -0.0273856 -0.00168531 -0.0173856 -0.0102608
internal_weight=7966 488 289 204 7478 965 842
internal_count=7966 488 289 204 7478 965 842
cat_boundaries=0 1
cat_threshold=2
is_linear=0
shrinkage=0.02


Tree=712
num_leaves=8
num_cat=0
split_feature=23 12 58 41 30 23 42
split_gain=461.792 703.291 899.932 679.748 483.781 1044.4 829.409
threshold=3.0500000000000003 37.995000000000012 38.355000000000011 47.135000000000012 1.0000000180025095e-35 32.050000000000004 14.795000000000002
decision_type=2 2 2 2 2 2 2
left_child=1 2 -1 -3 5 -2 -6
right_child=4 3 -4 -5 6 -7 -8
leaf_value=0.041892101363259916 -0.0029089867117662489 0.098823061894406289 -0.080258051790297033 0.017499064336819897 0.058794787786900997 -0.094730247926712044 0.0044213448313833517
leaf_weight=44 5599 63 43 111 114 45 1993
leaf_count=44 5599 63 43 111 114 45 1993
internal_value=0.000217306 0.0261285 -0.0195617 0.0488819 -0.000671486 -0.00372428 0.00749547
internal_weight=8012 261 87 174 7751 5644 2107
internal_count=8012 261 87 174 7751 5644 2107
is_linear=0
shrinkage=0.02


Tree=713
num_leaves=8
num_cat=0
split_feature=68 52 20 26 22 58 17
split_gain=495.293 781.175 598.037 1111.69 732.383 801.884 546.421
threshold=1820341.55 58.635000000000012 1294149.5500000003 1.0000000180025095e-35 12318.550000000001 47.425000000000004 9990.0000000000018
decision_type=2 2 10 2 2 2 2
left_child=2 -2 -1 4 -4 6 -6
right_child=1 -3 3 -5 5 -7 -8
leaf_value=-0.00014641832962599237 0.0012814662785556681 0.060165686964118566 -0.0039042204083540501 0.015688185591995717 -0.088511217450195884 -0.14970885533839465 0.0056660425364971154
leaf_weight=7289 264 132 73 145 48 43 45
leaf_count=7289 264 132 73 145 48 43 45
internal_value=-0.000251825 0.021415 -0.0013877 -0.0265881 -0.0555998 -0.0822257 -0.0449775
internal_weight=8039 396 7643 354 209 136 93
internal_count=8039 396 7643 354 209 136 93
is_linear=0
shrinkage=0.02


Tree=714
num_leaves=8
num_cat=0
split_feature=22 49 58 48 16 46 23
split_gain=465.57 500.961 931.704 554.953 508.155 487.848 455.674
threshold=5995.1000000000013 4.5000000000000009 42.925000000000004 17.500000000000004 0.77305000000000013 5.5000000000000009 22.550000000000004
decision_type=2 2 2 2 2 2 2
left_child=5 2 -2 4 6 -1 -3
right_child=1 3 -4 -5 -6 -7 -8
leaf_value=0.0063274887204170229 0.004390986139025492 -4.3220031484563765e-05 -0.10846695096542439 -0.020012140702022143 0.029498903862431758 -0.080774229921657476 0.019927891693296111
leaf_weight=45 74 6598 43 467 261 53 486
leaf_count=45 74 6598 43 467 261 53 486
internal_value=-0.000165322 0.000383245 -0.0398322 0.00101064 0.00235999 -0.0424129 0.00133999
internal_weight=8027 7929 117 7812 7345 98 7084
internal_count=8027 7929 117 7812 7345 98 7084
is_linear=0
shrinkage=0.02


Tree=715
num_leaves=8
num_cat=0
split_feature=49 57 68 40 49 12 10
split_gain=446.184 708.882 453.918 740.918 778.045 740.685 684.636
threshold=4.5000000000000009 27.315000000000001 183226.75000000003 31.265000000000004 67.500000000000014 85.185000000000016 13758.200000000003
decision_type=2 2 2 2 2 2 2
left_child=1 -1 3 -2 5 6 -5
right_child=2 -3 -4 4 -6 -7 -8
leaf_value=-0.096166984622879911 -0.037037015362587543 -0.0011828940718244482 0.0038223830684536346 0.01996821888159251 -0.061615484879318498 0.072663976015256981 -0.010425090457881906
leaf_weight=44 282 88 6108 415 78 51 1003
leaf_count=44 282 88 6108 415 78 51 1003
internal_value=0.00058802 -0.0351985 0.00120497 -0.00752255 -0.00204043 0.00132113 -0.0014911
internal_weight=8069 132 7937 1829 1547 1469 1418
internal_count=8069 132 7937 1829 1547 1469 1418
is_linear=0
shrinkage=0.02


Tree=716
num_leaves=8
num_cat=0
split_feature=22 52 34 18 57 23 46
split_gain=355.358 394.478 1271.62 1096.24 949.836 895.498 539.474
threshold=5995.1000000000013 15.630000000000001 2.5000000000000004 292749.5500000001 30.605000000000004 12.15 5.5000000000000009
decision_type=2 2 2 2 2 2 2
left_child=-1 2 3 4 -2 -5 -6
right_child=1 -3 -4 5 6 -7 -8
leaf_value=-0.037924748537285877 -0.10365188286701839 0.0018810849941714477 0.040825570847577694 -0.034129653171851085 0.0065043478221008455 0.088182161225212941 -0.068449770991618822
leaf_weight=91 100 7492 109 47 92 40 60
leaf_count=91 100 7492 109 47 92 40 60
internal_value=0.000324481 0.000786445 -0.0173382 -0.0363614 -0.0572053 0.0238419 -0.0243205
internal_weight=8031 7940 448 339 252 87 152
internal_count=8031 7940 448 339 252 87 152
is_linear=0
shrinkage=0.02


Tree=717
num_leaves=8
num_cat=0
split_feature=54 22 33 12 6 21 56
split_gain=599.685 817.371 1117.54 890.719 646.262 497.154 441.972
threshold=73.02500000000002 13552.200000000003 2.5000000000000004 37.735000000000007 1.0000000180025095e-35 375287.90000000008 39.125000000000007
decision_type=2 2 2 2 2 10 2
left_child=1 5 3 6 -4 -1 -3
right_child=-2 2 4 -5 -6 -7 -8
leaf_value=-0.016385121363432106 -0.0014556526451407568 -0.030860406627842025 -0.034325976973330535 0.090168946240051298 0.024571698989788712 0.038322034792565719 0.053825475489720706
leaf_weight=347 7027 46 103 157 236 77 43
leaf_count=347 7027 46 103 157 236 77 43
internal_value=0.00061813 0.0149966 0.0302232 0.0622196 0.00643771 -0.00611924 0.0107419
internal_weight=8036 1009 585 246 339 424 89
internal_count=8036 1009 585 246 339 424 89
is_linear=0
shrinkage=0.02


Tree=718
num_leaves=8
num_cat=0
split_feature=64 30 42 47 64 42 47
split_gain=520.253 442.281 906.559 945.708 737.204 730.058 708.778
threshold=1.0000000180025095e-35 1.0000000180025095e-35 21.795000000000005 2.5000000000000004 4.5000000000000009 55.195000000000007 7.5000000000000009
decision_type=2 2 2 2 2 2 2
left_child=-1 4 3 -3 6 -6 -2
right_child=1 2 -4 -5 5 -7 -8
leaf_value=-0.056568426867459144 -0.0090303310185782786 -0.010167979662482802 0.0046868614381707172 0.080412269942742545 0.047661820398079174 -0.0037166632255927353 0.006266740340717291
leaf_weight=58 3523 69 1946 128 226 211 1841
leaf_count=58 3523 69 1946 128 226 211 1841
internal_value=0.000679297 0.00113259 0.00888569 0.0492198 -0.00173674 0.0230929 -0.00377921
internal_weight=8002 7944 2143 197 5801 437 5364
internal_count=8002 7944 2143 197 5801 437 5364
is_linear=0
shrinkage=0.02


Tree=719
num_leaves=8
num_cat=0
split_feature=40 68 68 49 22 43 26
split_gain=445.743 600.443 765.304 467.426 777.813 692.442 571.236
threshold=10.345000000000001 1141284.3000000003 625983.05000000016 9.5000000000000018 24519.600000000002 1.0000000180025095e-35 1.0000000180025095e-35
decision_type=2 2 2 2 2 2 2
left_child=1 2 -1 4 5 6 -2
right_child=3 -3 -4 -5 -6 -7 -8
leaf_value=-0.038237645222204866 0.047578650277915538 -0.082667742787763995 0.05252418663418084 0.003311307784132903 -0.072625498966528812 -0.01822421163944779 -0.018032737594357758
leaf_weight=102 138 53 52 6931 73 550 81
leaf_count=102 138 53 52 6931 73 550 81
internal_value=0.00082012 -0.0277938 -0.00690283 0.0015995 -0.0124277 -0.00628102 0.0234506
internal_weight=7980 207 154 7773 842 769 219
internal_count=7980 207 154 7773 842 769 219
is_linear=0
shrinkage=0.02


Tree=720
num_leaves=8
num_cat=1
split_feature=66 40 66 21 21 2 52
split_gain=406.787 361.911 420.449 369.627 643.904 817.53 647.178
threshold=0.81250000000000011 87.625000000000014 0.31250000000000006 402019.8000000001 429257.55000000005 0 47.495000000000012
decision_type=2 2 2 10 10 1 2
left_child=1 3 -3 -1 -5 6 -6
right_child=-2 2 -4 4 5 -7 -8
leaf_value=-0.0046083676149855377 0.057466086026119155 0.046633258193384763 -0.0050778167304538551 0.037326302419306109 -0.058060014911081828 0.015785336556165652 0.0018539191517782838
leaf_weight=6752 41 124 121 231 136 457 147
leaf_count=6752 41 124 121 231 136 457 147
internal_value=-0.00184233 -0.00218335 0.0215035 -0.0029482 0.00856047 -0.000609379 -0.0265257
internal_weight=8009 7968 245 7723 971 740 283
internal_count=8009 7968 245 7723 971 740 283
cat_boundaries=0 1
cat_threshold=145
is_linear=0
shrinkage=0.02


Tree=721
num_leaves=8
num_cat=0
split_feature=16 8 40 40 8 23 13
split_gain=496.613 446.56 891.398 612.879 600.01 577.299 501.313
threshold=0.17090000000000002 8.5850000000000026 51.215000000000011 35.005000000000003 9.4650000000000016 10.550000000000002 322.45000000000005
decision_type=2 2 2 2 2 2 2
left_child=-1 2 3 -2 -3 6 -4
right_child=1 4 5 -5 -6 -7 -8
leaf_value=-0.045008691801708578 0.014442394764134378 -0.04255691252924778 0.011577711072952853 0.08685160193668337 -1.3138056725916657e-05 0.026907210630622319 -0.077033014675927547
leaf_weight=93 94 130 41 93 7462 89 58
leaf_count=93 94 130 41 93 7462 89 58
internal_value=-0.000260894 0.000289355 0.0214474 0.0517774 -0.000769157 -0.00928097 -0.0415433
internal_weight=8060 7967 375 187 7592 188 99
internal_count=8060 7967 375 187 7592 188 99
is_linear=0
shrinkage=0.02


Tree=722
num_leaves=8
num_cat=0
split_feature=0 38 40 0 67 42 54
split_gain=796.236 700.122 1153.4 775.993 529.471 520.611 685.325
threshold=67.500000000000014 7971.4500000000007 45.935000000000009 77.500000000000014 12.156343934978635 9.1200000000000028 82.465000000000018
decision_type=2 8 2 2 2 2 2
left_child=5 4 3 -3 -2 6 -1
right_child=1 2 -4 -5 -6 -7 -8
leaf_value=-0.075906092480159879 0.028893542144009295 -0.0017790070083317953 0.05500884843167958 -0.093808896550536147 0.10127253517271979 -0.0018350337552718232 -0.003386608453354601
leaf_weight=84 131 138 106 45 58 7264 127
leaf_count=84 131 138 106 45 58 7264 127
internal_value=-0.00113982 0.0237491 0.00394945 -0.0263024 0.0531427 -0.00274619 -0.0333457
internal_weight=7953 478 289 183 189 7475 211
internal_count=7953 478 289 183 189 7475 211
is_linear=0
shrinkage=0.02


Tree=723
num_leaves=8
num_cat=0
split_feature=21 42 21 32 0 13 40
split_gain=490.763 559.722 687.914 494.094 586.803 917.494 667.327
threshold=388772.75000000006 20.205000000000002 469298.10000000003 1.0000000180025095e-35 44.500000000000007 307.65000000000003 34.475000000000001
decision_type=10 2 10 2 2 2 2
left_child=-1 2 -2 4 -3 -6 -7
right_child=1 3 -4 -5 5 6 -8
leaf_value=-0.0024574566332458349 0.018218782737589718 0.0081780091856603516 -0.082283880247010124 -0.0015442678081297179 0.10958197752479464 -0.036766705122196451 0.043678975847709661
leaf_weight=6872 52 328 49 389 67 48 193
leaf_count=6872 52 328 49 389 67 48 193
internal_value=-0.000449862 0.0117592 -0.0321213 0.016218 0.0270093 0.0466125 0.027235
internal_weight=7998 1126 101 1025 636 308 241
internal_count=7998 1126 101 1025 636 308 241
is_linear=0
shrinkage=0.02


Tree=724
num_leaves=8
num_cat=2
split_feature=62 4 23 2 51 14 53
split_gain=613.654 1367.79 904.12 965.37 894.663 892.602 876.629
threshold=1.0000000180025095e-35 0 9.8500000000000032 1 30.685000000000006 36.835000000000008 80.415000000000006
decision_type=2 1 2 1 2 2 2
left_child=-1 4 -3 -4 6 -6 -2
right_child=1 2 3 -5 5 -7 -8
leaf_value=0.0030028986227352539 -0.016896324405906417 -0.0025348767179308989 -0.061118135283751068 -0.016968731352433632 0.050486969944979081 -0.044412504646213762 0.059911556801625666
leaf_weight=5552 390 711 302 619 284 42 65
leaf_count=5552 390 711 302 619 284 42 65
internal_value=-0.000657137 -0.0090672 -0.0193974 -0.0325406 0.0125918 0.0377745 -0.00539182
internal_weight=7965 2413 1632 921 781 326 455
internal_count=7965 2413 1632 921 781 326 455
cat_boundaries=0 1 2
cat_threshold=6 56
is_linear=0
shrinkage=0.02


Tree=725
num_leaves=8
num_cat=0
split_feature=48 48 58 42 14 51 38
split_gain=408.846 701.683 589.319 549.996 634.075 458.563 1038.06
threshold=19.500000000000004 24.500000000000004 32.330000000000005 38.405000000000008 16.205000000000002 9.9350000000000005 7499.4500000000007
decision_type=2 2 2 2 2 2 8
left_child=5 3 -3 -2 -5 6 -1
right_child=1 2 -4 4 -6 -7 -8
leaf_value=-0.036843701216662042 -0.098106210544938219 0.05557746364705024 -0.020948657322189083 0.034594956707054134 -0.060237954071589883 0.0017870748218190417 0.0003973378638153548
leaf_weight=423 59 57 110 43 65 6216 996
leaf_count=423 59 57 110 43 65 6216 996
internal_value=-0.00151143 -0.0230035 0.00602737 -0.0513657 -0.0226203 -0.000556803 -0.0107945
internal_weight=7969 334 167 167 108 7635 1419
internal_count=7969 334 167 167 108 7635 1419
is_linear=0
shrinkage=0.02


Tree=726
num_leaves=8
num_cat=2
split_feature=17 20 43 9 7 5 48
split_gain=469.194 890.115 529.124 817.219 784.239 663.97 903.243
threshold=53854.30000000001 630416.75000000012 1.0000000180025095e-35 8.5000000000000018 0 1 2.5000000000000004
decision_type=2 8 2 2 1 1 2
left_child=2 -2 5 4 -4 -1 -7
right_child=1 -3 3 -5 -6 6 -8
leaf_value=-0.0033515453165619343 -0.02549562051310204 0.023155997055214553 0.0029759868707035174 0.015134895135672026 -0.014928472702296634 0.0037148657103754442 -0.0481493797106054
leaf_weight=1200 187 697 2641 1185 1537 207 374
leaf_count=1200 187 697 2641 1185 1537 207 374
internal_value=-0.000924572 0.0127788 -0.00262798 0.000511505 -0.00364924 -0.0120567 -0.0292971
internal_weight=8028 884 7144 5363 4178 1781 581
internal_count=8028 884 7144 5363 4178 1781 581
cat_boundaries=0 1 2
cat_threshold=18 3
is_linear=0
shrinkage=0.02


Tree=727
num_leaves=8
num_cat=0
split_feature=16 67 42 22 17 17 17
split_gain=451.084 774.147 996.555 615.485 605.877 833.065 706.234
threshold=0.57745000000000013 5.3830826516887536 49.035000000000004 17403.750000000004 976.75000000000011 5236.8000000000002 8003.9000000000005
decision_type=2 2 2 2 2 2 2
left_child=-1 4 3 -3 -2 -6 -7
right_child=1 2 -4 -5 5 6 -8
leaf_value=-0.0025082865947034854 -0.071345192331658758 0.029094291114144855 0.0025253383596686441 0.085286935844072487 0.023733012533419955 -0.038104866985310896 0.00082193672036131216
leaf_weight=5563 41 238 391 118 496 230 901
leaf_count=5563 41 238 391 118 496 230 901
internal_value=0.00062539 0.00783415 0.0246812 0.0486432 0.00023813 0.00225507 -0.00722709
internal_weight=7978 2415 747 356 1668 1627 1131
internal_count=7978 2415 747 356 1668 1627 1131
is_linear=0
shrinkage=0.02


Tree=728
num_leaves=8
num_cat=0
split_feature=22 12 22 22 12 34 9
split_gain=563.832 609.106 999.099 611.001 996.495 972.449 819.559
threshold=7121.0500000000011 22.085000000000004 28469.050000000003 15032.550000000001 20.355000000000004 1.5000000000000002 7.5000000000000009
decision_type=2 2 2 2 2 2 2
left_child=-1 2 3 5 -5 6 -2
right_child=1 -3 -4 4 -6 -7 -8
leaf_value=-0.027217418259928287 -0.072987186177483482 0.0034007388740576144 -0.09053133561005515 0.017540811033980804 -0.0718181660664933 0.0011171226718256044 0.0080367389802510538
leaf_weight=287 181 6653 57 458 51 319 67
leaf_count=287 181 6653 57 458 51 319 67
internal_value=6.76213e-05 0.0010902 -0.0124327 -0.00789588 0.00797583 -0.0220892 -0.0513714
internal_weight=8073 7786 1133 1076 509 567 248
internal_count=8073 7786 1133 1076 509 567 248
is_linear=0
shrinkage=0.02


Tree=729
num_leaves=8
num_cat=1
split_feature=42 64 41 55 52 0 1
split_gain=463.326 1041.29 757.503 353.844 770.243 819.438 629.268
threshold=82.565000000000012 2.5000000000000004 72.595000000000013 55.685000000000009 32.345000000000006 28.500000000000004 0
decision_type=2 2 2 2 2 2 1
left_child=3 2 -2 -1 5 -5 -6
right_child=1 -3 -4 4 6 -7 -8
leaf_value=-0.00021947575978043934 0.014189687843592662 0.0036460467850105622 0.12414023591471571 -0.1182652024179697 -0.020256441867136092 -0.025025147753260514 0.015247937842042416
leaf_weight=6435 48 439 51 43 410 197 380
leaf_count=6435 48 439 51 43 410 197 380
internal_value=-0.000669137 0.017169 0.074076 -0.00196535 -0.0128191 -0.0438033 -0.0031899
internal_weight=8003 538 99 7465 1030 240 790
internal_count=8003 538 99 7465 1030 240 790
cat_boundaries=0 1
cat_threshold=2
is_linear=0
shrinkage=0.02


Tree=730
num_leaves=8
num_cat=0
split_feature=14 33 48 55 15 33 64
split_gain=479.061 952.912 632.641 558.557 481.394 523.355 474.767
threshold=40.695000000000007 1.5000000000000002 5.5000000000000009 40.015000000000008 1.0000000180025095e-35 2.5000000000000004 1.0000000180025095e-35
decision_type=2 2 2 2 2 2 2
left_child=6 2 -2 -3 5 -5 -1
right_child=1 3 -4 4 -6 -7 -8
leaf_value=-0.059738580390658921 -0.021367606075504159 0.034332401233374096 -0.10946048026520108 -0.076895917427280677 0.023904741340941126 -0.011477203276522912 0.0027269543844160339
leaf_weight=44 74 117 58 64 86 176 7371
leaf_count=44 74 117 58 64 86 176 7371
internal_value=0.000948526 -0.0165575 -0.0626573 -0.00227524 -0.0157337 -0.0301355 0.00231628
internal_weight=7990 575 132 443 326 240 7415
internal_count=7990 575 132 443 326 240 7415
is_linear=0
shrinkage=0.02


Tree=731
num_leaves=8
num_cat=0
split_feature=12 51 34 14 20 14 67
split_gain=550.991 763.543 1121.31 726.66 658.756 497.394 456.525
threshold=10.525 29.545000000000005 1.5000000000000002 18.575000000000003 1379898.8500000003 11.785000000000002 4.8428938273215296
decision_type=2 2 2 2 8 2 2
left_child=1 2 4 -4 -1 -3 -2
right_child=6 5 3 -5 -6 -7 -8
leaf_value=-0.13943865599376815 -0.0030040929454435835 0.062225892393355624 -0.037563676361630605 0.06107449501118762 -0.042671623428662618 -0.01027832423130463 0.0071577691147431382
leaf_weight=51 4671 44 77 42 70 162 2839
leaf_count=51 4671 44 77 42 70 162 2839
internal_value=-0.000449254 -0.0219203 -0.0457904 -0.00169129 -0.0873725 0.00631559 0.000839595
internal_weight=7956 446 240 119 121 206 7510
internal_count=7956 446 240 119 121 206 7510
is_linear=0
shrinkage=0.02


Tree=732
num_leaves=8
num_cat=1
split_feature=21 2 30 58 33 49 57
split_gain=663.884 641.922 620.085 1003.3 658.649 575.433 662.293
threshold=402019.8000000001 0 1.0000000180025095e-35 29.455000000000002 2.5000000000000004 4.5000000000000009 31.485000000000003
decision_type=10 1 2 2 2 2 2
left_child=5 2 3 -2 -5 6 -1
right_child=1 -3 -4 4 -6 -7 -8
leaf_value=-0.099696512067547205 0.077882039678930232 0.024409112644951662 -0.053447063798084858 -0.067408534120768304 0.022377347928636215 -0.0017583255141637277 -0.0036421881014747281
leaf_weight=47 54 727 89 59 63 6920 65
leaf_count=47 54 727 89 59 63 6920 65
internal_value=-0.000339455 0.0149349 -0.0115053 0.00995886 -0.0219881 -0.00250328 -0.0464886
internal_weight=8024 992 265 176 122 7032 112
internal_count=8024 992 265 176 122 7032 112
cat_boundaries=0 1
cat_threshold=129
is_linear=0
shrinkage=0.02


Tree=733
num_leaves=8
num_cat=1
split_feature=5 20 52 57 20 22 52
split_gain=460.488 892.569 852.684 596.522 583.861 1076.47 959.568
threshold=0 1439280.8 50.265000000000008 51.425000000000004 1388942.1000000003 18251.850000000002 54.235000000000007
decision_type=1 10 2 2 10 2 2
left_child=1 2 -1 -4 -2 -6 -7
right_child=4 -3 3 -5 5 6 -8
leaf_value=0.030130881504335329 -0.0043940541104533284 -0.044914441900242359 -0.012560498403980401 0.038137867424799049 0.03650387666683675 -0.082320451343405085 0.019979854617267846
leaf_weight=669 6176 104 477 110 354 64 75
leaf_count=669 6176 104 477 110 354 64 75
internal_value=-0.000546707 0.00999581 0.0147818 -0.00281808 -0.00271342 0.0181188 -0.0283453
internal_weight=8029 1360 1256 587 6669 493 139
internal_count=8029 1360 1256 587 6669 493 139
cat_boundaries=0 1
cat_threshold=1
is_linear=0
shrinkage=0.02


Tree=734
num_leaves=8
num_cat=0
split_feature=21 17 17 17 66 38 49
split_gain=479.479 797.935 657.336 444.945 1113.86 962.938 921.316
threshold=197564.45000000004 4112.7500000000009 8432.1000000000004 3833.6500000000005 0.18750000000000003 2053.2000000000003 39.500000000000007
decision_type=8 2 2 2 2 8 2
left_child=1 -1 -3 4 6 -6 -2
right_child=3 2 -4 -5 5 -7 -8
leaf_value=-0.034409693027846515 0.051192556740499516 0.069966443398241276 0.015047615875660534 -0.003172292754404627 -0.058432074630802328 0.0042759710590474769 -0.015856829487464644
leaf_weight=91 339 113 350 6031 105 890 105
leaf_count=91 339 113 350 6031 105 890 105
internal_value=0.000549522 0.0184161 0.0290554 -0.000786957 0.0091866 -0.00260053 0.0353363
internal_weight=8024 554 463 7470 1439 995 444
internal_count=8024 554 463 7470 1439 995 444
is_linear=0
shrinkage=0.02


Tree=735
num_leaves=8
num_cat=0
split_feature=55 55 56 33 8 0 13
split_gain=409.684 550.116 580.264 680.955 475.498 861.872 1030.46
threshold=49.015000000000008 49.735000000000007 30.865000000000006 2.5000000000000004 10.955000000000002 23.500000000000004 371.65000000000003
decision_type=2 2 2 2 2 2 2
left_child=-1 2 -2 -4 -3 6 -6
right_child=1 4 3 -5 5 -7 -8
leaf_value=0.0039105180014501993 0.026089940767448683 0.023919085140019891 -0.08909656034321875 -0.012953581522003963 -0.019167995735114775 -0.0018726839126162742 -0.12774331364859925
leaf_weight=5320 47 235 88 99 146 2031 42
leaf_count=5320 47 235 88 99 146 2031 42
internal_value=0.000695935 -0.00566171 -0.0346296 -0.0501727 -0.00283469 -0.00571542 -0.0461052
internal_weight=8008 2688 234 187 2454 2219 188
internal_count=8008 2688 234 187 2454 2219 188
is_linear=0
shrinkage=0.02


Tree=736
num_leaves=8
num_cat=1
split_feature=58 64 2 25 45 55 64
split_gain=598.755 884.55 811.663 1069.66 775.941 690.021 728.307
threshold=33.645000000000003 1.5000000000000002 0 1.0000000180025095e-35 1.0000000180025095e-35 59.475000000000009 2.5000000000000004
decision_type=2 2 1 2 2 2 2
left_child=-1 -2 3 -3 5 6 -4
right_child=1 2 4 -5 -6 -7 -8
leaf_value=-0.0075843820813978752 -0.027068448195589245 0.040236799203398677 0.032730270970248269 -0.0040037874033328905 -0.0054959908417661438 -0.04576225734376288 0.004309978739357458
leaf_weight=2881 341 558 598 356 2270 72 902
leaf_count=2881 341 558 598 356 2270 72 902
internal_value=-0.000304125 0.00381433 0.00605469 0.0228288 0.00197522 0.0127595 0.0157113
internal_weight=7978 5097 4756 914 3842 1572 1500
internal_count=7978 5097 4756 914 3842 1572 1500
cat_boundaries=0 1
cat_threshold=144
is_linear=0
shrinkage=0.02


Tree=737
num_leaves=8
num_cat=0
split_feature=65 57 17 14 56 56 56
split_gain=376.519 1484.29 805.466 1473.6 1068.59 964.853 1470.48
threshold=0.29166666666666669 63.805000000000007 5236.8000000000002 17.895000000000003 35.905000000000008 38.845000000000006 43.605000000000011
decision_type=2 2 2 2 2 2 2
left_child=1 2 3 -1 -5 -4 -7
right_child=-2 -3 5 4 -6 6 -8
leaf_value=0.064342892177427474 0.0029040046745104266 -0.12321831806500752 0.010028195088315341 -0.098818243493636451 0.014880017265677453 -0.10393176394506036 -0.0056866488559171556
leaf_weight=147 7185 40 211 46 91 102 143
leaf_count=147 7185 40 211 46 91 102 143
internal_value=0.00146896 -0.0116843 -0.00486894 0.0213456 -0.0254313 -0.02125 -0.0478493
internal_weight=7965 780 740 284 137 456 245
internal_count=7965 780 740 284 137 456 245
is_linear=0
shrinkage=0.02


Tree=738
num_leaves=8
num_cat=0
split_feature=16 42 58 13 17 13 64
split_gain=631.652 928.061 943.584 1061.09 959.963 922.497 868.076
threshold=0.53355000000000008 44.605000000000011 26.935000000000006 303.15000000000003 18386.800000000003 371.05000000000007 1.5000000000000002
decision_type=2 2 2 2 2 2 2
left_child=-1 2 4 -4 -2 6 -5
right_child=1 -3 3 5 -6 -7 -8
leaf_value=-0.0054049199776919745 -0.042365231824417905 -0.0022370987613729914 0.06483478272799402 -0.083407938524763636 0.045301918093529014 0.044659416608862072 0.007643689294720625
leaf_weight=4876 160 1984 241 42 67 272 380
leaf_count=4876 160 1984 241 42 67 272 380
internal_value=-0.000899074 0.00608205 0.0202349 0.0290879 -0.0160712 0.0162994 -0.00228888
internal_weight=8022 3146 1162 935 227 694 422
internal_count=8022 3146 1162 935 227 694 422
is_linear=0
shrinkage=0.02


Tree=739
num_leaves=8
num_cat=0
split_feature=42 8 46 53 13 64 53
split_gain=506.816 822.182 961.666 990.826 2022.31 959.657 957.027
threshold=50.485000000000007 49.745000000000005 4.5000000000000009 56.205000000000005 356.75000000000006 3.5000000000000004 58.715000000000011
decision_type=2 2 2 2 2 2 2
left_child=1 -1 5 -4 -5 6 -3
right_child=-2 2 3 4 -6 -7 -8
leaf_value=0.0079454672693701819 -0.0050485551779782577 -0.15197945974064322 0.064044385653587041 0.055832209366148911 -0.11306780424035554 -0.0009021373204094299 -0.036435121607470825
leaf_weight=3660 3973 48 76 53 51 89 72
leaf_count=3660 3973 48 76 53 51 89 72
internal_value=2.31512e-05 0.00499975 -0.0224648 0.0113193 -0.028381 -0.0511459 -0.0868833
internal_weight=8022 4049 389 180 104 209 120
internal_count=8022 4049 389 180 104 209 120
is_linear=0
shrinkage=0.02


Tree=740
num_leaves=8
num_cat=0
split_feature=42 17 21 31 54 9 50
split_gain=513.337 1849.81 860.144 838.346 1250.04 848.281 1313.21
threshold=33.505000000000003 1044.3000000000002 465818.45000000001 1.0000000180025095e-35 96.395000000000024 4.5000000000000009 1.0000000180025095e-35
decision_type=2 2 10 2 2 2 2
left_child=1 -1 3 -3 5 6 -5
right_child=-2 2 -4 4 -6 -7 -8
leaf_value=-0.096527103314032914 -0.0039136703656478186 -0.0018746636858902304 -0.040275352907995894 0.048677435654496393 0.075585531242442938 0.036435944615375429 -0.029618075513350429
leaf_weight=60 6162 638 112 121 173 415 263
leaf_count=60 6162 638 112 121 173 415 263
internal_value=-0.00117933 0.0082603 0.0121803 0.0159428 0.0275875 0.0167896 -0.00463827
internal_weight=7944 1782 1722 1610 972 799 384
internal_count=7944 1782 1722 1610 972 799 384
is_linear=0
shrinkage=0.02


Tree=741
num_leaves=8
num_cat=1
split_feature=16 8 41 2 16 31 16
split_gain=453.517 923.295 1015.13 1177.61 875.427 794.105 719.895
threshold=0.39065000000000005 24.685000000000006 57.680000000000007 0 0.25915000000000005 1.0000000180025095e-35 0.37735000000000002
decision_type=2 2 2 1 2 2 2
left_child=1 -1 3 6 -4 -5 -3
right_child=-2 2 4 5 -6 -7 -8
leaf_value=0.0054728711370702014 0.0031018716149979354 -0.049512916125190529 -0.047945482546978814 -0.048272365426172074 0.021720391074944154 0.011659136578669037 -0.1377881477938758
leaf_weight=1107 5788 308 89 129 306 256 40
leaf_count=1107 5788 308 89 129 306 256 40
internal_value=0.000146944 -0.0074953 -0.02019 -0.0340426 0.00562042 -0.00856366 -0.0597741
internal_weight=8023 2235 1128 733 395 385 348
internal_count=8023 2235 1128 733 395 385 348
cat_boundaries=0 1
cat_threshold=15
is_linear=0
shrinkage=0.02


Tree=742
num_leaves=8
num_cat=1
split_feature=45 53 12 23 10 4 17
split_gain=533.594 861.162 928.003 747.552 712.483 738.454 794.952
threshold=1.0000000180025095e-35 64.225000000000009 20.355000000000004 14.850000000000003 98456.050000000003 0 2956.3500000000004
decision_type=2 2 2 2 2 1 2
left_child=1 -1 3 -3 5 -4 -7
right_child=-2 2 4 -5 -6 6 -8
leaf_value=0.013636572946267734 -0.0051678080273902128 0.071631251031160359 -0.032155716885621383 -0.027927674803468916 0.034209255677540129 0.060072302791093914 -0.0093717613247743092
leaf_weight=2021 4520 95 589 40 116 71 493
leaf_count=2021 4520 95 589 40 116 71 493
internal_value=-0.000658444 0.00529146 -0.00672675 0.0421884 -0.0120756 -0.0168598 -0.000175548
internal_weight=7945 3425 1404 135 1269 1153 564
internal_count=7945 3425 1404 135 1269 1153 564
cat_boundaries=0 1
cat_threshold=1
is_linear=0
shrinkage=0.02


Tree=743
num_leaves=8
num_cat=1
split_feature=7 14 60 34 12 14 51
split_gain=379.727 857.025 979.954 1030.07 756.98 707.169 533.713
threshold=0 11.625000000000002 1.0000000180025095e-35 1.5000000000000002 23.065000000000001 7.6750000000000007 34.960000000000008
decision_type=1 2 2 2 2 2 2
left_child=1 5 4 -4 -3 -1 -6
right_child=-2 2 3 -5 6 -7 -8
leaf_value=-0.031267173058607364 0.0029530127813911264 -0.064801236103392307 -0.1156497265452362 -0.010647583603858948 -0.010104476158757375 0.057856176370666139 0.04947383131398711
leaf_weight=50 7414 67 78 70 196 100 81
leaf_count=50 7414 67 78 70 196 100 81
internal_value=0.00166899 -0.0129136 -0.0258339 -0.0679575 -0.00699696 0.0280981 0.00788564
internal_weight=8056 642 492 148 344 150 277
internal_count=8056 642 492 148 344 150 277
cat_boundaries=0 1
cat_threshold=32
is_linear=0
shrinkage=0.02


Tree=744
num_leaves=8
num_cat=1
split_feature=16 17 2 43 67 51 0
split_gain=437.102 714.661 843.81 926.261 709.707 880.625 620.001
threshold=0.57745000000000013 3890.5500000000006 0 1.0000000180025095e-35 7.8924219467884589 34.225000000000001 22.500000000000004
decision_type=2 2 1 2 2 2 2
left_child=-1 2 4 -4 5 -2 -3
right_child=1 6 3 -5 -6 -7 -8
leaf_value=-0.0025787619602568503 0.012642298086353069 -0.02170192886580968 -0.057284453944548182 0.026052529262882845 0.12222508343366477 0.10702683465624296 0.0075259039886198791
leaf_weight=5571 154 353 71 174 47 49 1531
leaf_count=5571 154 353 71 174 47 49 1531
internal_value=0.000486032 0.00765334 0.0289101 0.00119148 0.0533784 0.0374499 0.00200662
internal_weight=7950 2379 495 245 250 203 1884
internal_count=7950 2379 495 245 250 203 1884
cat_boundaries=0 1
cat_threshold=184
is_linear=0
shrinkage=0.02


Tree=745
num_leaves=8
num_cat=0
split_feature=22 51 31 22 58 23 58
split_gain=442.74 655.611 594.961 466.221 710.268 859.366 610.441
threshold=7121.0500000000011 28.475000000000005 1.0000000180025095e-35 24689.850000000002 49.375000000000007 21.750000000000004 40.935000000000009
decision_type=2 2 2 2 2 2 2
left_child=1 2 -1 -2 5 6 -5
right_child=3 -3 -4 4 -6 -7 -8
leaf_value=-0.085560571982190442 0.0020814237893116132 0.0098190391378270257 -0.011665142828479727 -0.023706444791425023 -0.050065190350513024 0.075524996745586395 0.024751052198896898
leaf_weight=84 6974 130 89 395 168 45 136
leaf_count=84 6974 130 89 395 168 45 136
internal_value=-0.000465649 -0.02398 -0.0489405 0.000472426 -0.014523 -0.00381485 -0.0111804
internal_weight=8021 303 173 7718 744 576 531
internal_count=8021 303 173 7718 744 576 531
is_linear=0
shrinkage=0.02


Tree=746
num_leaves=8
num_cat=0
split_feature=16 8 21 58 12 55 54
split_gain=667.414 1066.28 723.023 694.083 839.577 801.513 671.365
threshold=0.47055000000000008 24.545000000000005 394967.15000000008 22.245000000000001 42.165000000000006 31.385000000000002 96.00500000000001
decision_type=2 2 10 2 2 2 2
left_child=1 3 -3 4 -1 -5 -2
right_child=6 2 -4 5 -6 -7 -8
leaf_value=-0.084384446726627135 0.00099844603999604646 -0.021075617785212601 0.013589687205269827 -0.043743232998335477 0.01118797276314203 0.012972813208323081 0.019423025421114903
leaf_weight=68 3268 1689 277 102 72 1478 1039
leaf_count=68 3268 1689 277 102 72 1478 1039
internal_value=0.000116943 -0.00612578 -0.0161694 0.00536786 -0.036542 0.00918496 0.00546047
internal_weight=7993 3686 1966 1720 140 1580 4307
internal_count=7993 3686 1966 1720 140 1580 4307
is_linear=0
shrinkage=0.02


Tree=747
num_leaves=8
num_cat=0
split_feature=55 22 23 22 55 22 47
split_gain=517.906 437.204 756.443 735.552 1014.06 1011.61 976.06
threshold=25.525000000000002 7364.3000000000011 7.9500000000000011 11090.500000000002 32.535000000000004 12318.550000000001 4.5000000000000009
decision_type=2 2 2 2 2 2 2
left_child=-1 2 -2 4 -3 6 -5
right_child=1 3 -4 5 -6 -7 -8
leaf_value=-0.04276111764354365 -0.067451396811868722 0.072055469234313427 -0.0013578553973967512 -0.060168069945275786 0.010541072821836679 0.002751632973547153 -0.0078655004508647267
leaf_weight=100 92 111 243 195 1461 5262 505
leaf_count=100 92 111 243 195 1461 5262 505
internal_value=0.00136569 0.00195326 -0.0202339 0.00295258 0.0150993 -0.000260125 -0.0227589
internal_weight=7969 7869 335 7534 1572 5962 700
internal_count=7969 7869 335 7534 1572 5962 700
is_linear=0
shrinkage=0.02


Tree=748
num_leaves=8
num_cat=2
split_feature=48 57 52 2 50 5 10
split_gain=573.644 1188.17 713.188 516.737 747.711 450.817 988.268
threshold=18.500000000000004 56.600000000000009 30.265000000000004 0 1.5000000000000002 1 26216.650000000005
decision_type=2 2 2 1 2 1 2
left_child=5 2 -2 4 -4 6 -1
right_child=1 -3 3 -5 -6 -7 -8
leaf_value=0.033584594101005914 -0.094662712926373765 0.066480642602993884 -0.014661534279584885 0.0029760680171880827 -0.11435719877406955 -0.0010850178177336152 -0.0022789494508213366
leaf_weight=505 63 47 80 163 45 6277 772
leaf_count=505 63 47 80 163 45 6277 772
internal_value=-0.000111091 -0.0233608 -0.0361557 -0.0219602 -0.0497435 0.00112852 0.0118865
internal_weight=7952 398 351 288 125 7554 1277
internal_count=7952 398 351 288 125 7554 1277
cat_boundaries=0 1 2
cat_threshold=77 1
is_linear=0
shrinkage=0.02


Tree=749
num_leaves=8
num_cat=0
split_feature=12 20 6 13 38 23 22
split_gain=579.943 838.515 739.377 687.139 588.568 572.857 1023.1
threshold=7.3150000000000004 573386.50000000012 1.5000000000000002 313.85000000000008 2053.2000000000003 23.150000000000002 21555.150000000005
decision_type=2 10 2 2 10 2 2
left_child=1 2 3 -1 -3 -2 -7
right_child=5 4 -4 -5 -6 6 -8
leaf_value=0.024391579538583757 -0.00095724308083151659 -0.098053997927977726 0.054303549960255618 -0.068118426241505312 -0.018208685089380314 0.007232052920495763 0.082561739991108593
leaf_weight=55 7257 76 65 66 73 369 85
leaf_count=55 7257 76 65 66 73 369 85
internal_value=-0.000714256 -0.0262774 0.00224259 -0.0267692 -0.0607964 0.000412629 0.0220814
internal_weight=8046 335 186 121 149 7711 454
internal_count=8046 335 186 121 149 7711 454
is_linear=0
shrinkage=0.02


Tree=750
num_leaves=8
num_cat=0
split_feature=57 56 64 34 56 56 13
split_gain=358.449 650.371 646.473 605.466 583.058 1051.41 814.167
threshold=33.395000000000003 34.615000000000002 4.5000000000000009 3.5000000000000004 37.165000000000006 36.475000000000001 301.25000000000006
decision_type=2 2 2 2 2 2 2
left_child=-1 2 3 -2 5 6 -3
right_child=1 4 -4 -5 -6 -7 -8
leaf_value=0.0046014866730602656 -0.02462338222796405 0.060503359580194795 0.031015503996146703 0.027311165227620591 -0.0027855353691345138 0.066213439292948831 -0.012429116158979792
leaf_weight=3742 1056 72 103 94 2530 140 294
leaf_count=3742 1056 72 103 94 2530 140 294
internal_value=8.11239e-05 -0.0038635 -0.0159554 -0.0202784 0.00114504 0.0206329 0.0025403
internal_weight=8031 4289 1253 1150 3036 506 366
internal_count=8031 4289 1253 1150 3036 506 366
is_linear=0
shrinkage=0.02


Tree=751
num_leaves=8
num_cat=0
split_feature=21 42 24 57 64 57 49
split_gain=419.612 640.899 539.169 810.657 535.487 475.622 510.312
threshold=197564.45000000004 41.035000000000004 3.5000000000000004 45.675000000000004 2.5000000000000004 15.045000000000002 35.500000000000007
decision_type=8 2 2 2 2 2 2
left_child=1 5 3 4 -3 -1 -7
right_child=-2 2 -4 -5 -6 6 -8
leaf_value=-0.016719152874416776 -0.00097909460139367728 0.088152132851106138 -0.046141971837304813 -0.042618880346417427 0.013729039517045022 0.078995700248633519 0.0033066021095622673
leaf_weight=40 7495 49 74 71 145 123 50
leaf_count=40 7495 49 74 71 145 123 50
internal_value=0.000264911 0.0170131 -0.000188022 0.0132612 0.0342692 0.0437658 0.0578276
internal_weight=8047 552 339 265 194 213 173
internal_count=8047 552 339 265 194 213 173
is_linear=0
shrinkage=0.02


Tree=752
num_leaves=8
num_cat=0
split_feature=44 29 62 57 41 12 47
split_gain=480.622 950.013 927.803 1924.4 864.003 628.547 647.912
threshold=1.0000000180025095e-35 1.0000000180025095e-35 1.0000000180025095e-35 28.045000000000005 72.595000000000013 37.285000000000004 6.5000000000000009
decision_type=2 2 2 2 2 2 2
left_child=1 4 5 -4 -1 -3 -7
right_child=-2 2 3 -5 -6 6 -8
leaf_value=-0.023978121987988842 0.0037691852460309573 0.07318694918705472 -0.13334137118856113 0.02783396481292915 0.027778384279761769 0.04054144971693556 -0.036851011295528972
leaf_weight=1037 6367 111 40 83 143 115 63
leaf_count=1037 6367 111 40 83 143 115 63
internal_value=0.00131103 -0.00850105 0.0175008 -0.027742 -0.0176152 0.0369007 0.0128913
internal_weight=7959 1592 412 123 1180 289 178
internal_count=7959 1592 412 123 1180 289 178
is_linear=0
shrinkage=0.02


Tree=753
num_leaves=8
num_cat=0
split_feature=14 45 22 64 42 23 42
split_gain=757.871 458.646 798.844 593.637 1176.62 811.464 928.758
threshold=34.32500000000001 1.0000000180025095e-35 6533.8000000000011 2.5000000000000004 76.90000000000002 3.6500000000000008 14.795000000000002
decision_type=2 2 2 2 2 2 2
left_child=1 2 -1 4 5 -4 -7
right_child=-2 -3 3 -5 -6 6 -8
leaf_value=-0.059674079591464819 -0.015984053345648605 -0.0010892369272281306 0.071458740713114435 0.0020511577184340341 0.083450070768594745 -0.044627389274537563 0.015721882011856814
leaf_weight=61 906 3960 89 1542 103 107 1157
leaf_count=61 906 3960 89 1542 103 107 1157
internal_value=0.00117965 0.00340491 0.00921506 0.0107138 0.0198496 0.0147185 0.0104575
internal_weight=7925 7019 3059 2998 1456 1353 1264
internal_count=7925 7019 3059 2998 1456 1353 1264
is_linear=0
shrinkage=0.02


Tree=754
num_leaves=8
num_cat=0
split_feature=21 42 56 40 21 40 52
split_gain=439.604 830.517 529.921 742.818 534.774 626.8 640.549
threshold=408995.65000000008 22.215000000000003 44.835000000000008 50.45000000000001 424646.25000000006 51.405000000000008 49.455000000000005
decision_type=10 2 2 2 10 2 2
left_child=-1 -2 4 -4 -3 6 -6
right_child=1 2 3 -5 5 -7 -8
leaf_value=-0.0030660279914213285 -0.044668620139752563 0.051002900523253451 0.087183987586263639 0.010246730587156168 -0.047051845772820677 0.022098518476667377 0.013867213380336764
leaf_weight=7076 90 96 89 111 152 273 120
leaf_count=7076 90 96 89 111 152 273 120
internal_value=-0.0013641 0.0115185 0.0177599 0.0457752 0.00873211 0.000890273 -0.0204106
internal_weight=8007 931 841 200 641 545 272
internal_count=8007 931 841 200 641 545 272
is_linear=0
shrinkage=0.02


Tree=755
num_leaves=8
num_cat=0
split_feature=8 48 8 46 58 58 56
split_gain=463.201 1427.4 639.525 540.874 663.703 500.818 975.458
threshold=54.410000000000004 1.0000000180025095e-35 57.495000000000012 4.5000000000000009 48.215000000000011 43.815000000000005 30.865000000000006
decision_type=2 2 2 2 2 2 2
left_child=5 -2 -3 -4 -5 -1 -7
right_child=1 2 3 4 -6 6 -8
leaf_value=-0.0029265643334117327 -0.096770852236430865 -0.048283303574324379 -0.020719039552410442 0.051259181763458728 -0.027063686741936592 -0.028141214738262223 0.011690231843974441
leaf_weight=4729 74 98 145 146 57 268 2495
leaf_count=4729 74 98 145 146 57 268 2495
internal_value=-0.000246361 -0.0184071 -0.00447638 0.00836921 0.0291451 0.00102557 0.00778289
internal_weight=8012 520 446 348 203 7492 2763
internal_count=8012 520 446 348 203 7492 2763
is_linear=0
shrinkage=0.02


Tree=756
num_leaves=8
num_cat=0
split_feature=52 18 23 8 42 48 8
split_gain=580.412 843.903 586.172 571.288 751.191 893.657 996.386
threshold=15.630000000000001 711458.55000000016 2.9500000000000006 19.795000000000005 33.505000000000003 1.0000000180025095e-35 18.305000000000003
decision_type=2 2 2 2 2 2 2
left_child=1 -1 -2 4 5 -4 -7
right_child=2 -3 3 -5 -6 6 -8
leaf_value=-0.035258904485739172 0.031990515249116079 0.045889887104431787 0.089503557334972325 -0.0052535572359988228 0.00055300487399970492 0.0050680453690330378 0.089951458070427176
leaf_weight=369 212 55 74 4946 1870 413 59
leaf_count=369 212 55 74 4946 1870 413 59
internal_value=-0.00168922 -0.0243204 -0.000407101 -0.00136112 0.00660182 0.0271254 0.0165101
internal_weight=7998 424 7574 7362 2416 546 472
internal_count=7998 424 7574 7362 2416 546 472
is_linear=0
shrinkage=0.02


Tree=757
num_leaves=8
num_cat=1
split_feature=23 22 23 56 2 9 48
split_gain=367.507 871.254 652.071 871.098 752.562 712.446 933.329
threshold=23.250000000000004 23336.750000000004 17.350000000000005 30.325000000000003 0 3.5000000000000004 6.5000000000000009
decision_type=2 2 2 2 1 2 2
left_child=2 -2 -1 -4 -5 6 -6
right_child=1 -3 3 4 5 -7 -8
leaf_value=0.0019013285036979016 0.0061054931251547442 0.081441594464321657 -0.067205464636007767 -0.030836095930113969 0.0093686001893223785 0.029644651702090876 -0.075220158142702914
leaf_weight=6590 393 68 111 339 159 263 72
leaf_count=6590 393 68 111 339 159 263 72
internal_value=0.000736492 0.0179726 -0.000329392 -0.0158299 -0.00862376 0.00724806 -0.0180318
internal_weight=7995 461 7534 944 833 494 231
internal_count=7995 461 7534 944 833 494 231
cat_boundaries=0 1
cat_threshold=105
is_linear=0
shrinkage=0.02


Tree=758
num_leaves=8
num_cat=1
split_feature=40 57 53 40 3 16 16
split_gain=482.475 508.509 574.152 750.057 549.515 816.497 723.395
threshold=87.625000000000014 33.805000000000007 36.990000000000002 35.605000000000011 0 0.26805000000000007 0.60165000000000013
decision_type=2 2 2 2 1 2 2
left_child=1 4 3 -3 5 -1 -6
right_child=-2 2 -4 -5 6 -7 -8
leaf_value=-0.036002497103733891 0.027574241746344496 0.071019156665980132 -0.0069764977856354698 0.0022285203442055112 -0.007694953663223065 0.019123036158930566 0.018950637470937663
leaf_weight=112 258 82 3781 235 1620 1372 539
leaf_count=112 258 82 3781 235 1620 1372 539
internal_value=0.000934219 2.91075e-05 -0.00480125 0.0208494 0.00546189 0.0147566 -0.00100973
internal_weight=7999 7741 4098 317 3643 1484 2159
internal_count=7999 7741 4098 317 3643 1484 2159
cat_boundaries=0 1
cat_threshold=5
is_linear=0
shrinkage=0.02


Tree=759
num_leaves=8
num_cat=0
split_feature=16 17 17 56 15 23 16
split_gain=536.575 678.06 612.806 900.937 471.047 1083.16 988.919
threshold=0.77885000000000015 4727.7500000000009 17694.450000000004 38.445000000000007 1.5000000000000002 27.250000000000004 0.35685000000000006
decision_type=2 2 2 2 2 2 2
left_child=4 -2 3 -3 -1 6 -6
right_child=1 2 -4 -5 5 -7 -8
leaf_value=0.0027431725500190562 0.075844537542365933 -0.088665293268859385 0.052245200648903846 0.026006848919850129 -0.035023952299470015 -0.10615207320286167 0.0021745366126752312
leaf_weight=6101 80 43 65 60 369 40 1211
leaf_count=6101 80 43 65 60 369 40 1211
internal_value=0.00113578 0.0297963 0.00631026 -0.0237545 0.000196511 -0.00937327 -0.00659604
internal_weight=7969 248 168 103 7721 1620 1580
internal_count=7969 248 168 103 7721 1620 1580
is_linear=0
shrinkage=0.02


Tree=760
num_leaves=8
num_cat=0
split_feature=33 42 41 32 17 42 47
split_gain=492.52 842.499 986.364 613.405 761.824 869.145 990.25
threshold=1.0000000180025095e-35 51.115000000000002 68.705000000000013 1.0000000180025095e-35 1044.3000000000002 31.075000000000003 7.5000000000000009
decision_type=2 2 2 2 2 2 2
left_child=1 -1 -3 -2 -5 6 -6
right_child=3 2 -4 4 5 -7 -8
leaf_value=0.0095968063871818363 0.0077288076879498523 -0.074280662375608555 0.029130925781586589 -0.079160406072184733 0.010006519987328613 -0.0080227885730395718 0.092918189231193424
leaf_weight=193 4709 144 46 48 468 2256 61
leaf_count=193 4709 144 46 48 468 2256 61
internal_value=0.00217935 -0.0197989 -0.0491392 0.00330784 -0.00404135 -0.00260711 0.0203477
internal_weight=7925 383 190 7542 2833 2785 529
internal_count=7925 383 190 7542 2833 2785 529
is_linear=0
shrinkage=0.02


Tree=761
num_leaves=8
num_cat=2
split_feature=16 64 32 3 42 2 53
split_gain=426.402 685.811 644.894 641.59 792.091 777.864 748.283
threshold=0.56585000000000008 4.5000000000000009 1.0000000180025095e-35 0 52.765000000000008 1 51.955000000000005
decision_type=2 2 2 1 2 1 2
left_child=1 2 -1 4 6 -5 -4
right_child=-2 -3 3 5 -6 -7 -8
leaf_value=-0.0021118197766593718 0.0050751671076932304 0.018967745019430628 -0.011604258555483509 0.034017760990790923 -0.0032202628298717384 -0.016115454707850606 -0.091028003134458454
leaf_weight=3441 2638 443 72 127 131 1017 144
leaf_count=3441 2638 443 72 127 131 1017 144
internal_value=-0.00150429 -0.00473514 -0.00688123 -0.0178444 -0.0411455 -0.0101817 -0.0654149
internal_weight=8013 5375 4932 1491 347 1144 216
internal_count=8013 5375 4932 1491 347 1144 216
cat_boundaries=0 1 2
cat_threshold=8 64
is_linear=0
shrinkage=0.02


Tree=762
num_leaves=8
num_cat=0
split_feature=44 57 23 0 67 19 10
split_gain=472.808 917.108 794.775 602.608 732.637 585.786 584.947
threshold=1.0000000180025095e-35 10.070000000000002 9.4500000000000011 55.500000000000007 23.573221843670023 1.0000000180025095e-35 18797.600000000002
decision_type=2 2 2 2 2 2 2
left_child=1 2 -1 4 -2 -5 -6
right_child=3 -3 -4 5 6 -7 -8
leaf_value=0.09102722629261692 0.00024212593032451471 -0.015231674299638148 -0.004225130036293742 0.024763702548121089 0.022195772051811221 -0.0023569067905553137 -0.046228594059328075
leaf_weight=58 4781 1479 78 765 60 542 233
leaf_count=58 4781 1479 78 765 60 542 233
internal_value=-0.000980105 -0.0106295 0.0381846 0.00146852 -0.00165404 0.0135509 -0.0320795
internal_weight=7996 1615 136 6381 5074 1307 293
internal_count=7996 1615 136 6381 5074 1307 293
is_linear=0
shrinkage=0.02


Tree=763
num_leaves=8
num_cat=0
split_feature=14 68 56 14 56 14 53
split_gain=450.352 636.606 556.845 707.033 1074.07 841.605 828.144
threshold=43.180000000000007 971458.90000000014 30.575000000000003 23.895000000000003 33.995000000000012 22.495000000000001 63.175000000000004
decision_type=2 2 2 2 2 2 2
left_child=1 -1 -3 5 -5 6 -4
right_child=-2 2 3 4 -6 -7 -8
leaf_value=0.0047305721969926164 -0.019307461892494597 -0.038061872216133656 -0.021913593942798855 0.097595502935480652 0.0052629539456778111 -0.072108389975010664 0.0096336610268714824
leaf_weight=5462 453 218 741 52 441 82 597
leaf_count=5462 453 218 741 52 441 82 597
internal_value=-4.71821e-05 0.00111384 -0.00814564 -0.00464613 0.015884 -0.0118046 -0.00785412
internal_weight=8046 7593 2131 1913 493 1420 1338
internal_count=8046 7593 2131 1913 493 1420 1338
is_linear=0
shrinkage=0.02


Tree=764
num_leaves=8
num_cat=0
split_feature=16 47 14 38 64 42 66
split_gain=563.315 673.435 610.227 830.358 553.084 1480.29 1229.4
threshold=0.27935000000000004 9.5000000000000018 43.180000000000007 11873.250000000002 2.5000000000000004 81.485000000000014 0.43750000000000006
decision_type=2 2 2 8 2 2 2
left_child=1 -1 4 -4 5 6 -2
right_child=2 -3 3 -5 -6 -7 -8
leaf_value=-0.025612565203750087 0.00089383542624323867 0.032008633657180249 0.012213544880004623 -0.047176105755404762 -0.0017798825895670553 0.085297030210494992 0.05004512806475421
leaf_weight=615 1715 89 153 233 4833 96 226
leaf_count=615 1715 89 153 233 4833 96 226
internal_value=-0.00113841 -0.0181537 0.000523836 -0.0237805 0.00190571 0.0106331 0.00673064
internal_weight=7960 704 7256 386 6870 2037 1941
internal_count=7960 704 7256 386 6870 2037 1941
is_linear=0
shrinkage=0.02


Tree=765
num_leaves=8
num_cat=1
split_feature=17 20 17 57 7 8 33
split_gain=499.865 701.023 784.857 617.859 652.442 607.087 581.461
threshold=17257.700000000004 642141.00000000012 25007.650000000005 5.0150000000000015 0 50.695000000000007 3.5000000000000004
decision_type=2 8 2 2 1 2 2
left_child=5 2 -2 -3 -5 -1 -7
right_child=1 3 -4 4 -6 6 -8
leaf_value=-0.0033371528951100103 0.02544043157374699 -0.033752772621963113 -0.02777032362305663 -0.0088988742645886246 0.017970093384060439 -0.045932571540246013 0.013982310191299139
leaf_weight=4762 144 117 434 448 1752 252 84
leaf_count=4762 144 117 434 448 1752 252 84
internal_value=-0.00141959 0.00521193 -0.0144092 0.0101271 0.012532 -0.00518684 -0.0309685
internal_weight=7993 2895 578 2317 2200 5098 336
internal_count=7993 2895 578 2317 2200 5098 336
cat_boundaries=0 1
cat_threshold=24
is_linear=0
shrinkage=0.02


Tree=766
num_leaves=8
num_cat=0
split_feature=0 46 16 67 32 17 23
split_gain=520.141 916.832 594.484 799.978 533.488 841.295 637.879
threshold=68.500000000000014 1.5000000000000002 0.22525000000000003 18.907723076012314 1.0000000180025095e-35 1044.3000000000002 23.250000000000004
decision_type=2 2 2 2 2 2 2
left_child=4 -2 -3 -4 6 -6 -1
right_child=1 2 3 -5 5 -7 -8
leaf_value=0.00071519503986020483 -0.060806437218189242 0.086918802366311124 0.0067931841842197131 0.090536055807714108 -0.093243809420129525 -0.0069527363504482921 0.03059674205105813
leaf_weight=4533 45 58 301 49 41 2736 300
leaf_count=4533 45 58 301 49 41 2736 300
internal_value=-0.000169296 0.0205311 0.0301297 0.0196272 -0.0014142 -0.00839204 0.00259974
internal_weight=8063 453 408 350 7610 2777 4833
internal_count=8063 453 408 350 7610 2777 4833
is_linear=0
shrinkage=0.02


Tree=767
num_leaves=8
num_cat=0
split_feature=15 54 67 9 17 48 33
split_gain=456.777 486.742 1020 982.073 963.486 816.109 683.514
threshold=6.5000000000000009 82.955000000000013 12.07942789300087 20.500000000000004 1859.6500000000003 13.500000000000002 2.5000000000000004
decision_type=2 2 2 2 2 2 2
left_child=1 2 3 6 -4 -6 -1
right_child=-2 -3 4 -5 5 -7 -8
leaf_value=0.010245741247958162 -0.048616260135328611 -0.0035648513699807712 0.11608144709064315 0.062127487638592722 0.030787658813005873 -0.043795553770527913 -0.011717610584956826
leaf_weight=1020 72 4864 43 95 498 62 1263
leaf_count=1020 72 4864 43 95 498 62 1263
internal_value=-0.000141405 0.000334171 0.00669139 0.000779145 0.0298089 0.0222157 -0.00190387
internal_weight=7917 7845 2981 2378 603 560 2283
internal_count=7917 7845 2981 2378 603 560 2283
is_linear=0
shrinkage=0.02


Tree=768
num_leaves=8
num_cat=0
split_feature=16 49 51 12 17 41 57
split_gain=372.338 684.825 822.812 681.452 645.524 629.382 475.764
threshold=0.26805000000000007 30.500000000000004 24.215000000000003 33.665000000000006 19450.650000000005 47.785000000000004 24.090000000000003
decision_type=2 2 2 2 2 2 2
left_child=1 2 6 -3 5 -5 -1
right_child=-2 3 -4 4 -6 -7 -8
leaf_value=0.014805924221521841 3.9414309699747454e-05 0.0089799766403597762 0.025417092279552227 -0.1359263748315073 -0.0086550812572240825 -0.034036922959180982 -0.060496292775869369
leaf_weight=48 7416 69 215 57 55 47 95
leaf_count=48 7416 69 215 57 55 47 95
internal_value=-0.00117807 -0.0164557 0.000900399 -0.0431422 -0.0653455 -0.0935537 -0.0355738
internal_weight=8002 586 358 228 159 104 143
internal_count=8002 586 358 228 159 104 143
is_linear=0
shrinkage=0.02


Tree=769
num_leaves=8
num_cat=0
split_feature=30 42 9 42 8 40 17
split_gain=426.368 1373.19 962.691 731.836 760.753 645.316 682.091
threshold=1.0000000180025095e-35 19.215000000000003 4.5000000000000009 9.1200000000000028 25.515000000000004 76.460000000000022 976.75000000000011
decision_type=2 2 2 2 2 2 2
left_child=3 2 -2 4 -1 6 -5
right_child=1 -3 -4 5 -6 -7 -8
leaf_value=-0.0087542703644473956 0.014571290122940369 0.003511580104402104 0.1074981290102005 -0.050646376915402337 -0.099146816788181186 0.019228083578561959 -0.0019945615057184447
leaf_weight=96 92 1984 85 113 57 570 5010
leaf_count=96 92 1984 85 113 57 570 5010
internal_value=0.000763685 0.00834385 0.0609244 -0.00204309 -0.0445018 -0.000863961 -0.00311603
internal_weight=8007 2161 177 5846 153 5693 5123
internal_count=8007 2161 177 5846 153 5693 5123
is_linear=0
shrinkage=0.02


Tree=770
num_leaves=8
num_cat=0
split_feature=67 54 9 17 42 67 52
split_gain=408.41 1173.62 1058.4 1019.53 1218.28 957.615 924.874
threshold=13.914676067895092 79.645000000000024 6.5000000000000009 19242.950000000004 24.485000000000003 18.461025664350444 47.905000000000008
decision_type=2 2 2 2 2 2 2
left_child=-1 5 3 4 -3 -2 -7
right_child=1 2 -4 -5 -6 6 -8
leaf_value=0.0034447306743454753 -0.022439835878321903 -0.1101756929227018 -0.049866029887460174 0.029482838775411312 -0.010248823631096235 0.082824616390797828 0.0038428260120799986
leaf_weight=6634 123 51 315 218 391 121 113
leaf_count=6634 123 51 315 218 391 121 113
internal_value=0.0014146 -0.00867148 -0.0200111 -0.00549429 -0.0228823 0.0221466 0.0455622
internal_weight=7966 1332 975 660 442 357 234
internal_count=7966 1332 975 660 442 357 234
is_linear=0
shrinkage=0.02


Tree=771
num_leaves=8
num_cat=0
split_feature=9 38 46 14 55 42 0
split_gain=501.623 578.643 855.569 895.693 789.668 985.487 899.517
threshold=1.5000000000000002 16531.500000000004 4.5000000000000009 12.785000000000002 55.355000000000011 56.795000000000009 35.500000000000007
decision_type=2 8 2 2 2 2 2
left_child=1 2 3 -1 -3 6 -6
right_child=-2 4 -4 -5 5 -7 -8
leaf_value=-0.023560431280556848 0.0037009294106217379 -0.0089043867472441713 -0.0098458549342614662 0.053340950471323895 -0.12372413493933923 0.00087905912295631751 -0.0085591323220211533
leaf_weight=80 5782 1168 509 217 80 87 41
leaf_count=80 5782 1168 509 217 80 87 41
internal_value=0.000617558 -0.00754273 0.00589184 0.0325797 -0.015405 -0.0508422 -0.0865895
internal_weight=7964 2182 806 297 1376 208 121
internal_count=7964 2182 806 297 1376 208 121
is_linear=0
shrinkage=0.02


Tree=772
num_leaves=8
num_cat=1
split_feature=64 68 2 19 52 68 26
split_gain=541.595 403.274 927.357 602.022 514.646 453.681 782.749
threshold=1.0000000180025095e-35 1820341.55 0 1.0000000180025095e-35 58.635000000000012 1637445.2500000002 1.0000000180025095e-35
decision_type=2 2 1 2 2 2 2
left_child=-1 5 4 -4 -3 -2 -7
right_child=1 2 3 -5 -6 6 -8
leaf_value=-0.06211283062633715 -0.00043690668751808216 0.028374313612778982 0.015948874064458489 -0.051848008336522915 0.10562475409110388 -0.062495903842817474 0.017007700553711723
leaf_weight=52 7366 94 151 74 55 118 80
leaf_count=52 7366 94 151 74 55 118 80
internal_value=-0.000683382 -0.000242126 0.0198907 -0.00669987 0.0557716 -0.00125007 -0.0307455
internal_weight=7990 7938 374 225 149 7564 198
internal_count=7990 7938 374 225 149 7564 198
cat_boundaries=0 1
cat_threshold=168
is_linear=0
shrinkage=0.02


Tree=773
num_leaves=8
num_cat=0
split_feature=16 47 23 21 15 23 16
split_gain=460.654 669.481 660.532 849.75 767.95 753.777 758.471
threshold=0.42885000000000006 9.5000000000000018 7.3500000000000005 412848.85000000003 1.5000000000000002 7.0500000000000007 0.38705000000000006
decision_type=2 2 2 10 2 2 2
left_child=1 2 4 -4 5 6 -1
right_child=-2 -3 3 -5 -6 -7 -8
leaf_value=0.008194733687313431 0.005037119699405357 0.01814052172614453 -0.0075550286609313792 0.036226109574787578 -0.06660817579473971 -0.085672113068823552 -0.053256963642958843
leaf_weight=349 5102 423 1625 194 142 48 99
leaf_count=349 5102 423 1625 194 142 48 99
internal_value=0.00142897 -0.00496061 -0.0089665 -0.00279918 -0.0263916 -0.0143282 -0.00582293
internal_weight=7982 2880 2457 1819 638 496 448
internal_count=7982 2880 2457 1819 638 496 448
is_linear=0
shrinkage=0.02


Tree=774
num_leaves=8
num_cat=0
split_feature=16 20 20 51 22 47 17
split_gain=443.295 847.25 704.289 541.809 471.212 747.253 481.428
threshold=0.26805000000000007 669932.35000000021 950273.50000000012 25.015000000000004 11148.900000000003 5.5000000000000009 15122.000000000002
decision_type=2 8 10 2 2 2 2
left_child=1 -1 4 -4 -3 6 -6
right_child=-2 2 3 -5 5 -7 -8
leaf_value=0.027224866428102054 0.0019547589075290645 0.00032429485461291145 -0.037869882616731854 0.04365052272397351 -0.11389855948534418 -0.02234447813431422 -0.026834785911771988
leaf_weight=139 7420 80 49 78 89 145 40
leaf_count=139 7420 80 49 78 89 145 40
internal_value=0.000593455 -0.0155836 -0.0281072 0.0119547 -0.0424461 -0.0547158 -0.0889107
internal_weight=8040 620 481 127 354 274 129
internal_count=8040 620 481 127 354 274 129
is_linear=0
shrinkage=0.02


Tree=775
num_leaves=8
num_cat=0
split_feature=14 17 41 57 50 21 13
split_gain=402.644 462.091 1466.89 739.612 679.398 613.699 483.226
threshold=34.32500000000001 5488.5000000000009 17.840000000000003 35.945000000000007 3.5000000000000004 462676.10000000003 452.95000000000005
decision_type=2 2 2 2 2 10 2
left_child=1 2 3 -1 5 -3 -4
right_child=-2 4 6 -5 -6 -7 -8
leaf_value=-0.11885053332035359 -0.012889704623518839 -0.00570761174674418 0.010818730560002945 -0.0060011750025053823 0.036967369220136888 0.023168793562622296 0.075841177476847432
leaf_weight=47 965 4516 1953 43 164 310 42
leaf_count=47 965 4516 1953 43 164 310 42
internal_value=-0.000805736 0.000850405 0.00874609 -0.0680872 -0.00245415 -0.00383067 0.0123738
internal_weight=8040 7075 2085 90 4990 4826 1995
internal_count=8040 7075 2085 90 4990 4826 1995
is_linear=0
shrinkage=0.02


Tree=776
num_leaves=8
num_cat=0
split_feature=64 41 41 64 30 23 41
split_gain=350.644 880.476 512.97 643.687 623.356 997.989 939.324
threshold=4.5000000000000009 47.535000000000004 73.915000000000006 2.5000000000000004 1.0000000180025095e-35 22.550000000000004 68.705000000000013
decision_type=2 2 2 2 2 2 2
left_child=2 -2 4 -4 -1 6 -6
right_child=1 -3 3 -5 5 -7 -8
leaf_value=-0.0072348607443536005 0.042440427277990932 -0.0051354037407522913 0.045266412531491371 0.0034358414252913896 0.0063222320000979031 0.058585357792186044 -0.056418561096138811
leaf_weight=4812 252 392 187 634 1483 132 97
leaf_count=4812 252 392 187 634 1483 132 97
internal_value=-0.000427352 0.0136648 -0.00167139 0.01318 -0.00354899 0.00680197 0.0023046
internal_weight=7989 644 7345 821 6524 1712 1580
internal_count=7989 644 7345 821 6524 1712 1580
is_linear=0
shrinkage=0.02


Tree=777
num_leaves=8
num_cat=0
split_feature=42 50 23 33 38 49 49
split_gain=470.479 597.223 716.526 594.813 615.055 1035.21 890.381
threshold=45.465000000000011 3.5000000000000004 11.550000000000002 5.5000000000000009 14233.200000000003 11.500000000000002 38.500000000000007
decision_type=2 2 2 2 10 2 2
left_child=1 3 -3 4 6 -6 -1
right_child=-2 2 -4 -5 5 -7 -8
leaf_value=0.015585434441910483 -0.0018023219152096444 0.0097998331726333252 0.10581225452599702 0.051605872924971791 -0.076275137525338391 -0.0022567615389955491 -0.011201998575330226
leaf_weight=1926 4665 76 49 107 86 448 664
leaf_count=1926 4665 76 49 107 86 448 664
internal_value=0.00230609 0.00801116 0.0500588 0.00630959 0.00467817 -0.0147743 0.00870957
internal_weight=8021 3356 125 3231 3124 534 2590
internal_count=8021 3356 125 3231 3124 534 2590
is_linear=0
shrinkage=0.02


Tree=778
num_leaves=8
num_cat=1
split_feature=0 68 40 1 38 58 57
split_gain=368.464 547.966 1314.16 455.499 863.367 613.264 402.216
threshold=67.500000000000014 718949.75000000012 30.425000000000004 0 5428.5000000000009 37.485000000000007 35.57500000000001
decision_type=2 2 2 1 8 2 2
left_child=-1 2 -2 5 -5 -3 -4
right_child=1 3 6 4 -6 -7 -8
leaf_value=-0.00073290407878916577 -0.076472942557645168 0.012860719475844136 0.059801740495363874 0.068488142059317664 -0.032461470433965675 0.094533601871308159 -0.0062195040246373736
leaf_weight=7482 68 68 70 51 81 80 71
leaf_count=7482 68 68 70 51 81 80 71
internal_value=0.000371177 0.0171007 -0.00733681 0.0351503 0.00761788 0.0586548 0.0274825
internal_weight=7971 489 209 280 132 148 141
internal_count=7971 489 209 280 132 148 141
cat_boundaries=0 1
cat_threshold=2
is_linear=0
shrinkage=0.02


Tree=779
num_leaves=8
num_cat=0
split_feature=48 57 48 41 9 68 58
split_gain=498.173 732.933 515.921 730.663 572.378 394.946 706.016
threshold=18.500000000000004 56.600000000000009 24.500000000000004 58.515000000000008 4.5000000000000009 150225.00000000003 20.215000000000003
decision_type=2 2 2 2 2 2 2
left_child=5 2 3 4 -2 6 -1
right_child=1 -3 -4 -5 -6 -7 -8
leaf_value=-0.054747320794655635 -0.10703929893186559 0.047692373788581703 -0.0035254719402444991 0.0078581469097445088 -0.024973900616168977 0.0029751366560060578 -0.0043988490164680758
leaf_weight=115 87 48 147 57 60 5905 1575
leaf_count=115 87 48 147 57 60 5905 1575
internal_value=-0.000616164 -0.0222572 -0.0323584 -0.0525537 -0.0754666 0.000534631 -0.00797632
internal_weight=7994 399 351 204 147 7595 1690
internal_count=7994 399 351 204 147 7595 1690
is_linear=0
shrinkage=0.02


Tree=780
num_leaves=8
num_cat=1
split_feature=23 41 7 13 54 41 23
split_gain=428.849 806.787 646.653 1107.47 679.506 529.511 583.477
threshold=4.3500000000000005 42.375000000000007 0 319.05000000000007 83.985000000000014 83.670000000000016 7.7500000000000009
decision_type=2 2 1 2 2 2 2
left_child=1 -1 3 -3 -5 6 -2
right_child=5 2 -4 4 -6 -7 -8
leaf_value=0.044716499572794915 -0.013730893870297025 0.034561166256666186 0.015934229235281237 -0.011687873153293386 -0.11848068060511249 0.022449258005776743 7.9400122819247213e-06
leaf_weight=229 1600 55 297 42 54 334 5385
leaf_count=229 1600 55 297 42 54 334 5385
internal_value=-0.000551915 0.0146175 -0.0010917 -0.0329278 -0.0746504 -0.00196409 -0.00314668
internal_weight=7996 677 448 151 96 7319 6985
internal_count=7996 677 448 151 96 7319 6985
cat_boundaries=0 1
cat_threshold=52
is_linear=0
shrinkage=0.02


Tree=781
num_leaves=8
num_cat=0
split_feature=66 65 40 20 40 17 18
split_gain=447.871 368.816 1047.07 840.554 881.654 742.961 661.096
threshold=0.81250000000000011 0.61250000000000016 43.305000000000007 982247.35000000009 39.215000000000011 1225.6000000000001 823460.00000000012
decision_type=2 2 2 10 2 2 2
left_child=1 2 3 6 -5 -4 -1
right_child=-2 -3 5 4 -6 -7 -8
leaf_value=-0.0066753265040023014 0.058087717299163337 0.0027406941331854741 0.054568845213336103 -0.030573125773341345 -0.11616880567773941 -0.0004564862694526931 -0.052067887427477998
leaf_weight=1138 45 3610 97 232 58 2600 140
leaf_count=1138 45 3610 97 232 58 2600 140
internal_value=-0.00158427 -0.00196189 -0.00594083 -0.0189092 -0.0493711 0.00161987 -0.0118314
internal_weight=7920 7875 4265 1568 290 2697 1278
internal_count=7920 7875 4265 1568 290 2697 1278
is_linear=0
shrinkage=0.02


Tree=782
num_leaves=8
num_cat=1
split_feature=23 47 52 3 33 48 20
split_gain=502.42 800.101 870.334 708.95 762.762 1599.8 1262.37
threshold=11.050000000000002 1.5000000000000002 46.585000000000008 0 1.5000000000000002 5.5000000000000009 857732.45000000007
decision_type=2 2 2 1 2 2 10
left_child=3 -2 -3 -1 5 6 -5
right_child=1 2 -4 4 -6 -7 -8
leaf_value=0.014921012748745169 -0.039792828623950484 0.018003295866202928 -0.0015350786815080209 -0.021511073564947379 -0.0032657869090811881 -0.062608789004308663 0.055368283738692597
leaf_weight=623 145 1666 2006 336 2811 286 109
leaf_count=623 145 1666 2006 336 2811 286 109
internal_value=0.000263959 0.00550171 0.00734198 -0.004537 -0.00799519 -0.0261446 -0.00227398
internal_weight=7982 3817 3672 4165 3542 731 445
internal_count=7982 3817 3672 4165 3542 731 445
cat_boundaries=0 1
cat_threshold=4
is_linear=0
shrinkage=0.02


Tree=783
num_leaves=8
num_cat=0
split_feature=22 22 23 51 42 22 56
split_gain=414.923 379.763 1215.66 597.47 462.339 398.025 722.21
threshold=38110.700000000004 7121.0500000000011 7.9500000000000011 12.735000000000001 47.765000000000008 10900.950000000003 41.57500000000001
decision_type=2 2 2 2 2 2 2
left_child=1 2 -1 -4 -5 6 -3
right_child=-2 5 3 4 -6 -7 -8
leaf_value=-0.083260843941363807 0.053675999231636524 0.022608141625828852 -0.050302433859218246 0.062490555934003877 -0.0069009358031922076 0.00026475914947758465 -0.0050220068231554066
leaf_weight=82 57 939 50 69 78 6125 629
leaf_count=82 57 939 50 69 78 6125 629
internal_value=0.0021347 0.00173277 -0.0209817 0.00636084 0.0266548 0.00256964 0.0115436
internal_weight=8029 7972 279 197 147 7693 1568
internal_count=8029 7972 279 197 147 7693 1568
is_linear=0
shrinkage=0.02


Tree=784
num_leaves=8
num_cat=1
split_feature=44 41 2 50 66 55 14
split_gain=706.074 812.816 759.26 1688.73 888.738 863.631 1391.55
threshold=1.0000000180025095e-35 15.475000000000003 0 1.0000000180025095e-35 0.18750000000000003 50.985000000000007 26.850000000000005
decision_type=2 2 1 2 2 2 2
left_child=1 -1 -3 4 -4 -5 -7
right_child=-2 2 3 5 -6 6 -8
leaf_value=-0.073891075702338688 0.0023268724093521188 0.0035406012891028983 -0.044893680971060224 -0.0246351158410749 0.040620106889012575 -0.11209974019218692 0.019577346947458055
leaf_weight=77 6355 847 62 267 175 134 40
leaf_count=77 6355 847 62 267 175 134 40
internal_value=-0.000666422 -0.0125109 -0.00918032 -0.0246723 0.0177841 -0.0479857 -0.0821278
internal_weight=7957 1602 1525 678 237 441 174
internal_count=7957 1602 1525 678 237 441 174
cat_boundaries=0 1
cat_threshold=170
is_linear=0
shrinkage=0.02


Tree=785
num_leaves=8
num_cat=0
split_feature=33 56 8 9 41 19 41
split_gain=645.162 883.001 695.819 740.628 788.455 677.096 654.992
threshold=1.0000000180025095e-35 38.995000000000012 24.545000000000005 12.500000000000002 30.925000000000001 1.0000000180025095e-35 15.475000000000003
decision_type=2 2 2 2 2 2 2
left_child=1 -1 -2 6 -5 -3 -4
right_child=2 5 3 4 -6 -7 -8
leaf_value=0.0065683533387814524 0.0076346651367395655 -0.074070492609386238 -0.048625738368294126 0.077392118128040172 0.0074138600950921342 0.0073915366399086128 -0.0056568315995426388
leaf_weight=186 3520 152 143 74 356 54 3528
leaf_count=186 3520 152 143 74 356 54 3528
internal_value=-0.000176856 -0.0250338 0.00111728 -0.00447925 0.0202078 -0.0530472 -0.0073945
internal_weight=8013 392 7621 4101 430 206 3671
internal_count=8013 392 7621 4101 430 206 3671
is_linear=0
shrinkage=0.02


Tree=786
num_leaves=8
num_cat=0
split_feature=40 12 44 41 37 67 12
split_gain=502.915 515.484 440.306 835.129 967.092 790.936 740.953
threshold=5.6100000000000003 41.475000000000001 1.0000000180025095e-35 32.085000000000008 0.32665000000000005 5.8430964846720181 67.095000000000013
decision_type=2 2 2 2 2 2 2
left_child=1 -1 3 4 -2 6 -5
right_child=2 -3 -4 5 -6 -7 -8
leaf_value=-0.08499375050261232 -0.0150639271590728 -0.0021837213273872345 0.0014888519269481543 -0.021910049409529911 -0.089609886671154243 0.01932560666545349 0.03170200228814251
leaf_weight=53 223 63 6278 709 98 420 116
leaf_count=53 223 63 6278 709 98 420 116
internal_value=-0.0015044 -0.041968 -0.000879652 -0.0103494 -0.0388478 -0.00287556 -0.0142263
internal_weight=7960 116 7844 1566 321 1245 825
internal_count=7960 116 7844 1566 321 1245 825
is_linear=0
shrinkage=0.02


Tree=787
num_leaves=8
num_cat=0
split_feature=22 46 51 51 48 52 20
split_gain=584.423 627.971 458.002 475.496 448.038 589.819 416.042
threshold=30018.300000000007 6.5000000000000009 24.555000000000003 39.435000000000009 18.500000000000004 33.815000000000005 1318624.5000000002
decision_type=2 2 2 2 2 2 8
left_child=4 2 -2 -4 -1 -6 -7
right_child=1 -3 3 -5 5 6 -8
leaf_value=0.0029797279421690448 -0.079188300194708919 0.015301429816754536 0.028832395813044382 -0.05517532784106402 -0.059861883400724486 -0.029496498522759578 0.01844522350449716
leaf_weight=7220 90 91 46 53 99 131 150
leaf_count=7220 90 91 46 53 99 131 150
internal_value=0.000807447 -0.0273111 -0.0476938 -0.0166319 0.00186067 -0.019164 -0.00402977
internal_weight=7880 280 189 99 7600 380 281
internal_count=7880 280 189 99 7600 380 281
is_linear=0
shrinkage=0.02


Tree=788
num_leaves=8
num_cat=0
split_feature=22 45 22 63 23 54 22
split_gain=466.408 881.925 936.536 816.039 776.654 696.39 660.435
threshold=11090.500000000002 1.0000000180025095e-35 8591.8000000000011 1.0000000180025095e-35 10.850000000000003 91.27500000000002 12431.850000000002
decision_type=2 2 2 2 2 2 2
left_child=1 2 4 -4 -1 -6 -2
right_child=6 -3 3 -5 5 -7 -8
leaf_value=-0.034581593248140384 -0.020814030200064917 -0.0040948537005424572 0.052675835058328735 -0.0048073601889521327 0.059644642767280036 -0.027744691536083058 -0.0010249359991294533
leaf_weight=161 769 1103 406 129 94 54 5257
leaf_count=161 769 1103 406 129 94 54 5257
internal_value=-0.000815674 0.00768229 0.023007 0.0388992 -0.00469001 0.0278947 -0.00356546
internal_weight=7973 1947 844 535 309 148 6026
internal_count=7973 1947 844 535 309 148 6026
is_linear=0
shrinkage=0.02


Tree=789
num_leaves=8
num_cat=0
split_feature=54 33 40 18 20 36 12
split_gain=339.978 1103.31 1059.96 1204.59 952.251 924.65 819.413
threshold=73.02500000000002 2.5000000000000004 21.625000000000004 178175.20000000004 485479.55000000005 1.5000000000000002 35.20000000000001
decision_type=2 2 2 2 8 2 2
left_child=1 2 -1 6 -3 -6 -4
right_child=-2 4 3 -5 5 -7 -8
leaf_value=-0.050540449502056141 -0.0010194942503294524 -0.076798102643121688 -0.024284582246253465 0.10503709802457264 -0.017663047456559031 0.037302709436438118 0.048490640142912503
leaf_weight=46 7057 63 89 100 324 190 181
leaf_count=46 7057 63 89 100 324 190 181
internal_value=0.000524989 0.0114514 0.0360756 0.0473744 -0.00645942 0.00281866 0.0244964
internal_weight=8050 993 416 370 577 514 270
internal_count=8050 993 416 370 577 514 270
is_linear=0
shrinkage=0.02


Tree=790
num_leaves=8
num_cat=0
split_feature=17 0 38 46 15 23 31
split_gain=460.412 845.436 1463.39 704.455 610.843 567.032 854.467
threshold=5791.9000000000005 20.500000000000004 19956.500000000004 5.5000000000000009 5.5000000000000009 14.050000000000002 1.0000000180025095e-35
decision_type=2 2 8 2 2 2 2
left_child=4 2 -2 -4 5 -1 -7
right_child=1 -3 3 -5 -6 6 -8
leaf_value=0.0045245281976043494 0.025287670708504045 0.00080002353806952824 -0.016687806034865586 -0.09092467217636642 -0.04410313158509243 0.048581154417095845 0.0051173600020700495
leaf_weight=1612 114 5248 87 129 78 341 382
leaf_count=1612 114 5248 87 129 78 341 382
internal_value=0.00199321 -0.00116558 -0.03197 -0.0620778 0.00928251 0.0111563 0.0258097
internal_weight=7991 5578 330 216 2413 2335 723
internal_count=7991 5578 330 216 2413 2335 723
is_linear=0
shrinkage=0.02


Tree=791
num_leaves=8
num_cat=0
split_feature=64 32 64 42 33 52 18
split_gain=565.856 488.516 921.284 1024.23 880.048 873.392 1214.26
threshold=1.0000000180025095e-35 1.0000000180025095e-35 4.5000000000000009 30.335000000000004 3.5000000000000004 15.630000000000001 292749.5500000001
decision_type=2 2 2 2 2 2 2
left_child=-1 5 -3 -4 -5 6 -2
right_child=1 2 3 4 -6 -7 -8
leaf_value=-0.063596265734783539 -0.053084476092247715 -0.013633472276313587 0.077377237788048281 0.035286115179855929 -0.016027534001061102 0.0048471854890891463 0.040646447378235896
leaf_weight=53 222 2211 82 211 346 4817 69
leaf_count=53 222 2211 82 211 346 4817 69
internal_value=-0.0013525 -0.000898283 -0.00752498 0.0135527 0.00355184 0.00280281 -0.0305484
internal_weight=8011 7958 2850 639 557 5108 291
internal_count=8011 7958 2850 639 557 5108 291
is_linear=0
shrinkage=0.02


Tree=792
num_leaves=8
num_cat=0
split_feature=57 41 17 54 41 44 57
split_gain=480.398 794.945 882.248 860.583 739.522 723.108 744.629
threshold=34.005000000000003 20.030000000000005 4163.3500000000013 82.235000000000014 82.410000000000011 1.0000000180025095e-35 36.985000000000007
decision_type=2 2 2 2 2 2 2
left_child=1 2 -1 -4 5 6 -2
right_child=4 -3 3 -5 -6 -7 -8
leaf_value=-0.10200785632296043 -0.078382009045108336 0.006367518539436021 -0.066392788794725682 0.023839268023229165 0.029408134262729847 -0.0033392634620535468 -0.017516844791037392
leaf_weight=50 86 3570 62 110 222 3176 748
leaf_count=50 86 3570 62 110 222 3176 748
internal_value=-0.00109887 0.00406812 -0.0322345 -0.00964294 -0.00572799 -0.00770738 -0.0242228
internal_weight=8024 3792 222 172 4232 4010 834
internal_count=8024 3792 222 172 4232 4010 834
is_linear=0
shrinkage=0.02


Tree=793
num_leaves=8
num_cat=1
split_feature=2 16 42 23 23 37 13
split_gain=499.153 1077.8 750.234 684.835 891.146 682.626 650.759
threshold=0 0.61795000000000011 14.795000000000002 23.150000000000002 18.450000000000003 0.56350000000000011 321.05000000000007
decision_type=1 2 2 2 2 2 2
left_child=-1 2 -2 4 5 -4 -6
right_child=1 -3 3 -5 6 -7 -8
leaf_value=0.0039731658069385358 -0.056570806280813284 0.015061192814444995 -0.013158143384408618 0.030520120202098041 -0.00038452455600102741 0.018042486909687429 -0.074341966902287115
leaf_weight=4653 139 743 1788 155 70 328 144
leaf_count=4653 139 743 1788 155 70 328 144
internal_value=-0.000266749 -0.00611691 -0.0121541 -0.00956103 -0.012287 -0.00829062 -0.0507114
internal_weight=8020 3367 2624 2485 2330 2116 214
internal_count=8020 3367 2624 2485 2330 2116 214
cat_boundaries=0 1
cat_threshold=178
is_linear=0
shrinkage=0.02


Tree=794
num_leaves=8
num_cat=0
split_feature=40 64 64 33 32 13 56
split_gain=554.566 592.701 456.323 744.672 550.873 653.137 791.022
threshold=87.625000000000014 3.5000000000000004 4.5000000000000009 3.5000000000000004 1.0000000180025095e-35 361.75000000000006 30.435000000000006
decision_type=2 2 2 2 2 2 2
left_child=2 -2 4 -4 -1 6 -6
right_child=1 -3 3 -5 5 -7 -8
leaf_value=9.5129809968560501e-05 0.053245848103716284 -0.0066134229471737698 0.04291161975746071 -0.0027577158152162252 -0.063324813681897837 0.00085220225388434284 -0.01523271989616462
leaf_weight=4938 146 116 224 378 152 926 1120
leaf_count=4938 146 116 224 378 152 926 1120
internal_value=-0.00122482 0.0271157 -0.00220129 0.014449 -0.00361506 -0.0119316 -0.021205
internal_weight=8000 262 7738 602 7136 2198 1272
internal_count=8000 262 7738 602 7136 2198 1272
is_linear=0
shrinkage=0.02


Tree=795
num_leaves=8
num_cat=0
split_feature=64 34 23 9 54 55 23
split_gain=549.422 1079.35 674.622 1017.88 887.446 772.761 850.584
threshold=2.5000000000000004 2.5000000000000004 14.250000000000002 5.5000000000000009 84.095000000000013 57.225000000000001 17.450000000000003
decision_type=2 2 2 2 2 2 2
left_child=1 2 -1 5 -5 6 -4
right_child=-2 -3 3 4 -6 -7 -8
leaf_value=-0.0034695612979897613 -0.0023321903180386757 0.045294675688291416 0.047910691213934389 0.011025566870751589 0.088513058043564824 -0.076937307427326837 -0.015377714589384257
leaf_weight=1435 5694 285 141 110 127 40 199
leaf_count=1435 5694 285 141 110 127 40 199
internal_value=0.00101985 0.0091745 0.0040599 0.0214588 0.0535193 0.00102787 0.0111823
internal_weight=8031 2337 2052 617 237 380 340
internal_count=8031 2337 2052 617 237 380 340
is_linear=0
shrinkage=0.02


Tree=796
num_leaves=8
num_cat=1
split_feature=49 22 4 58 8 0 9
split_gain=382.478 618.457 537.75 557.846 675.097 578.646 588.097
threshold=9.5000000000000018 24519.600000000002 0 43.095000000000006 43.615000000000002 45.500000000000007 2.5000000000000004
decision_type=2 2 1 2 2 2 2
left_child=1 2 -1 4 -4 6 -5
right_child=-2 -3 3 5 -6 -7 -8
leaf_value=0.021467934142243354 0.00048009309825335273 -0.07071386883940016 -0.013643324570161352 -0.047808967853885102 0.05912651771404704 -0.074978694613006977 0.032660473213745995
leaf_weight=173 7107 65 306 78 56 105 60
leaf_count=173 7107 65 306 78 56 105 60
internal_value=-0.00103442 -0.0137302 -0.00854822 -0.0173052 -0.00173394 -0.0406971 -0.0129036
internal_weight=7950 843 778 605 362 243 138
internal_count=7950 843 778 605 362 243 138
cat_boundaries=0 1
cat_threshold=8
is_linear=0
shrinkage=0.02


Tree=797
num_leaves=8
num_cat=0
split_feature=56 56 40 56 6 40 21
split_gain=387.174 744.726 667.973 336.408 354.472 652.043 1036.76
threshold=55.295000000000009 58.75500000000001 45.935000000000009 53.880000000000003 1.5000000000000002 32.425000000000004 197564.45000000004
decision_type=2 2 2 2 2 2 8
left_child=3 2 -2 4 5 6 -1
right_child=1 -3 -4 -5 -6 -7 -8
leaf_value=0.052773537548062834 0.10118348113762644 -0.021319209202414466 0.01123163981437683 -0.034771388805118104 0.005445299931639066 -8.4831341738878259e-05 -0.024333618954450492
leaf_weight=71 60 79 70 111 2661 4096 887
leaf_count=71 60 79 70 111 2661 4096 887
internal_value=-0.000240114 0.0263013 0.0549578 -0.000965267 -0.000456674 -0.00356645 -0.0183747
internal_weight=8035 209 130 7826 7715 5054 958
internal_count=8035 209 130 7826 7715 5054 958
is_linear=0
shrinkage=0.02


Tree=798
num_leaves=8
num_cat=2
split_feature=7 54 33 56 55 41 1
split_gain=549.776 517.267 952.571 1121.46 1236.29 954.092 793.088
threshold=0 76.725000000000009 2.5000000000000004 50.285000000000004 55.055000000000007 32.085000000000008 1
decision_type=1 2 2 2 2 2 1
left_child=-1 2 3 4 5 6 -2
right_child=1 -3 -4 -5 -6 -7 -8
leaf_value=-0.017503667673687537 0.02350274303685064 -0.00090096971282176423 -0.0013826964561890437 0.12428538421168923 -0.042435595026796627 0.021897697807628111 0.14360858268207974
leaf_weight=629 41 5839 853 43 92 394 49
leaf_count=629 41 5839 853 43 92 394 49
internal_value=0.000213799 0.00177054 0.0123468 0.031126 0.0231616 0.035937 0.0930104
internal_weight=7940 7311 1472 619 576 484 90
internal_count=7940 7311 1472 619 576 484 90
cat_boundaries=0 1 2
cat_threshold=32 2
is_linear=0
shrinkage=0.02


Tree=799
num_leaves=8
num_cat=0
split_feature=23 23 53 10 10 32 40
split_gain=489.034 594.106 626.234 653.003 599.28 552.044 454.617
threshold=23.150000000000002 25.050000000000004 62.605000000000011 45783.750000000007 17115.100000000002 1.0000000180025095e-35 87.625000000000014
decision_type=2 2 2 2 2 2 2
left_child=6 5 3 4 -3 -2 -1
right_child=1 2 -4 -5 -6 -7 -8
leaf_value=-0.00069002871030867752 0.081261869999766354 -0.0017722194998160655 -0.022421243110319591 -0.020829581147991123 0.09310875888665518 0.0037857145385351031 0.026687489450571547
leaf_weight=7258 95 41 161 59 70 59 246
leaf_count=7258 95 41 161 59 70 59 246
internal_value=0.00148886 0.0208471 0.00549588 0.0318202 0.0594969 0.0526319 0.000224648
internal_weight=7989 485 331 170 111 154 7504
internal_count=7989 485 331 170 111 154 7504
is_linear=0
shrinkage=0.02


Tree=800
num_leaves=8
num_cat=0
split_feature=32 64 42 10 41 52 38
split_gain=425.72 639.24 766.657 636.507 913.682 1302.61 643.905
threshold=1.0000000180025095e-35 4.5000000000000009 59.07500000000001 14569.450000000003 60.555000000000007 61.695000000000007 4004.2500000000005
decision_type=2 2 2 2 2 2 10
left_child=-1 3 -3 4 5 6 -2
right_child=1 2 -4 -5 -6 -7 -8
leaf_value=0.0048081129229220025 0.0015794976055622102 0.031587002432917718 -0.01242489090819153 -0.0053801282061599603 0.014843840090414654 -0.15160385333477183 -0.072016879862005057
leaf_weight=5073 103 365 273 1926 99 42 83
leaf_count=5073 103 365 273 1926 99 42 83
internal_value=0.001319 -0.00480127 0.0128042 -0.00980405 -0.0353871 -0.0570484 -0.0322874
internal_weight=7964 2891 638 2253 327 228 186
internal_count=7964 2891 638 2253 327 228 186
is_linear=0
shrinkage=0.02


Tree=801
num_leaves=8
num_cat=0
split_feature=45 48 52 58 21 21 22
split_gain=469.284 514.25 826.646 488.027 435.342 720.196 847.266
threshold=1.0000000180025095e-35 18.500000000000004 45.045000000000009 32.775000000000013 316560.5500000001 303405.40000000008 14015.500000000002
decision_type=2 2 2 2 8 10 2
left_child=4 -2 3 -3 5 -1 -7
right_child=1 2 -4 -5 -6 6 -8
leaf_value=0.011332752277559347 -0.0020726861510252234 -0.021195934547318353 -0.00027877470752333893 -0.11590238115750254 0.001266194366431653 -0.0032058914701143899 0.11523572241266569
leaf_weight=1018 4312 40 131 51 2355 40 55
leaf_count=1018 4312 40 131 51 2355 40 55
internal_value=0.000614644 -0.00361975 -0.0329615 -0.0775453 0.00614786 0.0164251 0.0676988
internal_weight=8002 4534 222 91 3468 1113 95
internal_count=8002 4534 222 91 3468 1113 95
is_linear=0
shrinkage=0.02


Tree=802
num_leaves=8
num_cat=2
split_feature=5 2 17 65 52 22 44
split_gain=546.931 663.53 900.453 507.053 607.659 1093.52 691.016
threshold=0 1 6908.9500000000007 0.73214285714285732 83.715000000000018 19201.050000000003 1.0000000180025095e-35
decision_type=1 1 2 2 2 2 2
left_child=1 2 -1 4 6 -6 -2
right_child=3 -3 -4 -5 5 -7 -8
leaf_value=0.046792531649271649 -0.022290347185503677 0.015417943107116907 -0.060047213402661413 0.0073322082633039288 -0.0016665382231219432 0.093454252276847602 -0.0039504146231676409
leaf_weight=40 1031 1205 105 1384 173 62 3990
leaf_count=40 1031 1205 105 1384 173 62 3990
internal_value=-0.00105255 0.0104838 -0.0281221 -0.0034148 -0.00625545 0.0248533 -0.00773472
internal_weight=7990 1350 145 6640 5256 235 5021
internal_count=7990 1350 145 6640 5256 235 5021
cat_boundaries=0 1 2
cat_threshold=1 8
is_linear=0
shrinkage=0.02


Tree=803
num_leaves=8
num_cat=1
split_feature=33 14 12 12 15 24 5
split_gain=534.001 658.462 608.987 527.557 666.77 522.091 456.526
threshold=1.0000000180025095e-35 12.975000000000003 52.705000000000005 51.57500000000001 1.5000000000000002 1.5000000000000002 0
decision_type=2 2 2 2 2 2 1
left_child=1 2 -1 5 -5 -3 -2
right_child=6 3 -4 4 -6 -7 -8
leaf_value=0.056965997078839474 0.012381520305324356 -0.0929254269434346 -0.037613018883959105 -0.046823596124138146 0.054759212428083022 -0.024128296557481926 -0.00057714984993323751
leaf_weight=63 1297 85 41 51 43 96 6352
leaf_count=63 1297 85 41 51 43 96 6352
internal_value=0.000487913 -0.0225272 0.019665 -0.0385497 6.38466e-05 -0.0580658 0.00164226
internal_weight=8028 379 104 275 94 181 7649
internal_count=8028 379 104 275 94 181 7649
cat_boundaries=0 1
cat_threshold=1
is_linear=0
shrinkage=0.02


Tree=804
num_leaves=8
num_cat=0
split_feature=8 47 40 52 40 10 47
split_gain=605.296 1076.84 1066.15 677.395 668.862 636.224 472.788
threshold=8.5850000000000026 7.5000000000000009 35.005000000000003 44.435000000000009 51.405000000000008 16205.650000000001 7.5000000000000009
decision_type=2 2 2 2 2 2 2
left_child=1 2 5 -3 -4 -1 -2
right_child=6 3 4 -5 -6 -7 -8
leaf_value=-0.054861100060599188 -0.0060909113120905471 0.038932417508847308 0.12834415483642631 -0.050440927591795727 0.037656719093946252 0.049324218233426413 0.0044275226197674532
leaf_weight=44 4947 48 66 91 71 40 2606
leaf_count=44 4947 48 66 91 71 40 2606
internal_value=-0.00124717 0.0239091 0.0509104 -0.019298 0.0843264 -0.00526521 -0.00246122
internal_weight=7913 360 221 139 137 84 7553
internal_count=7913 360 221 139 137 84 7553
is_linear=0
shrinkage=0.02


Tree=805
num_leaves=8
num_cat=0
split_feature=47 10 9 41 8 8 21
split_gain=368.991 537.019 426.921 871.821 1019.93 571.909 565.032
threshold=14.500000000000002 38698.400000000009 1.0000000180025095e-35 32.085000000000008 18.870000000000001 7.6850000000000014 225279.60000000003
decision_type=2 2 2 2 2 2 8
left_child=2 -2 3 4 -1 -4 -5
right_child=1 -3 5 6 -6 -7 -8
leaf_value=0.079003604751035392 0.067011929342621249 -0.014767089717347047 0.041492835222117934 -0.068676341541788796 -0.021624676585197448 -0.00023528894703052174 -0.015167037556923571
leaf_weight=78 71 53 129 83 75 6717 835
leaf_count=78 71 53 129 83 75 6717 835
internal_value=-0.000713604 0.0328404 -0.00125954 -0.0129707 0.0305527 0.000580708 -0.0203508
internal_weight=8041 124 7917 1071 153 6846 918
internal_count=8041 124 7917 1071 153 6846 918
is_linear=0
shrinkage=0.02


Tree=806
num_leaves=8
num_cat=0
split_feature=42 54 54 42 23 23 68
split_gain=566.042 916.556 609.971 482.313 781.971 611.535 457.084
threshold=9.1200000000000028 84.455000000000013 74.915000000000006 18.605000000000004 6.2500000000000009 11.15 1820341.55
decision_type=2 2 2 2 2 2 2
left_child=1 2 -1 4 -2 -6 -5
right_child=3 -3 -4 6 5 -7 -8
leaf_value=-0.016880990761518479 0.084546789097435335 0.0065413443083096236 -0.11648077819744745 -0.001513864192506193 -0.021775738233499393 0.0361331524777335 0.021348781378879012
leaf_weight=45 63 117 55 7063 134 149 363
leaf_count=45 63 117 55 7063 134 149 363
internal_value=-0.000199103 -0.0316885 -0.074599 0.000699912 0.0236093 0.00881138 -0.000382673
internal_weight=7989 217 100 7772 346 283 7426
internal_count=7989 217 100 7772 346 283 7426
is_linear=0
shrinkage=0.02


Tree=807
num_leaves=8
num_cat=1
split_feature=68 1 10 42 37 0 44
split_gain=406.935 598.966 506.25 489.053 643.523 387.402 808.644
threshold=1820341.55 0 25067.900000000005 64.830000000000013 0.087600000000000011 53.500000000000007 1.0000000180025095e-35
decision_type=2 1 2 2 2 2 2
left_child=5 2 -2 4 -3 -1 -7
right_child=1 3 -4 -5 -6 6 -8
leaf_value=-0.0029312918984318297 0.093496468285719558 -0.064922009793085017 0.023079564797898269 0.048656760196273144 0.016119452149552457 -0.016386185650504943 0.014686082718437203
leaf_weight=5702 55 69 144 47 80 431 1447
leaf_count=5702 55 69 144 47 80 431 1447
internal_value=0.000701209 0.0203618 0.0443561 -0.00449713 -0.0222992 -0.000336067 0.00753044
internal_weight=7975 395 199 196 149 7580 1878
internal_count=7975 395 199 196 149 7580 1878
cat_boundaries=0 1
cat_threshold=2
is_linear=0
shrinkage=0.02


Tree=808
num_leaves=8
num_cat=0
split_feature=40 31 21 8 8 15 64
split_gain=335.148 724.526 551.803 568.285 426.729 546.818 365.637
threshold=81.645000000000024 1.0000000180025095e-35 358929.60000000003 14.155000000000003 6.9350000000000014 1.5000000000000002 4.5000000000000009
decision_type=2 2 10 2 2 2 2
left_child=4 2 3 -2 5 -1 -6
right_child=1 -3 -4 -5 6 -7 -8
leaf_value=0.062729718519581687 -0.034379139580625169 -0.0058036496464747688 0.10656682121753694 0.048728135425111521 -0.0040016345121440342 -0.013212463958188892 0.012563590331447785
leaf_weight=85 42 269 40 110 6861 63 573
leaf_count=85 42 269 40 110 6861 63 573
internal_value=-0.00102796 0.0154361 0.0445859 0.0254007 -0.00203852 0.0310276 -0.00271723
internal_weight=8043 461 192 152 7582 148 7434
internal_count=8043 461 192 152 7582 148 7434
is_linear=0
shrinkage=0.02


Tree=809
num_leaves=8
num_cat=0
split_feature=16 64 41 34 23 64 65
split_gain=500.785 637.72 563.584 577.582 616.494 964.868 707.378
threshold=0.57745000000000013 4.5000000000000009 89.00500000000001 3.5000000000000004 3.6500000000000008 3.5000000000000004 0.58571428571428574
decision_type=2 2 2 2 2 2 2
left_child=1 2 3 4 5 6 -1
right_child=-2 -3 -4 -5 -6 -7 -8
leaf_value=0.073792463225622967 0.0081069476340223465 0.020192180743174144 0.041568535155462986 0.017193389883903749 -0.0093525034606303011 -0.053114882673208533 -0.00650199075880116
leaf_weight=115 2412 440 98 401 4429 47 68
leaf_count=115 2412 440 98 401 4429 47 68
internal_value=0.000498012 -0.00278475 -0.00476243 -0.0056999 -0.00768665 0.0239084 0.0445769
internal_weight=8010 5598 5158 5060 4659 230 183
internal_count=8010 5598 5158 5060 4659 230 183
is_linear=0
shrinkage=0.02


Tree=810
num_leaves=8
num_cat=0
split_feature=21 18 20 66 52 37 9
split_gain=361.755 490.082 985.613 505.081 484.387 709.137 808.878
threshold=408995.65000000008 69683.400000000009 1047742.4000000001 0.43750000000000006 21.575000000000003 0.32665000000000005 2.5000000000000004
decision_type=10 2 8 2 2 2 2
left_child=-1 4 -3 -4 -2 -6 -7
right_child=1 2 3 -5 5 6 -8
leaf_value=-0.00051453572940748005 -0.060590645757814247 -0.011397776887906308 0.074706253579553267 0.014429026808827482 0.022504377078673823 0.016658585791786511 -0.075333298571020751
leaf_weight=7064 43 146 157 89 323 73 72
leaf_count=7064 43 146 157 89 323 73 72
internal_value=0.00101257 0.0128959 0.0295659 0.0536205 -5.46698e-05 0.00608909 -0.0300086
internal_weight=7967 903 392 246 511 468 145
internal_count=7967 903 392 246 511 468 145
is_linear=0
shrinkage=0.02


Tree=811
num_leaves=8
num_cat=0
split_feature=16 68 50 29 20 24 65
split_gain=576.026 812.859 513.528 604.036 486.497 453.932 821.903
threshold=0.55135000000000012 1024498.9 3.5000000000000004 1.0000000180025095e-35 855137.65000000014 1.5000000000000002 0.29166666666666669
decision_type=2 2 2 2 10 2 2
left_child=2 4 -1 -4 -2 -3 -7
right_child=1 5 3 -5 -6 6 -8
leaf_value=-0.004612782250999533 0.011876808906902238 -0.034408994962716787 0.055439085641891261 -0.021611008918474593 0.061952405579296155 0.081471225937207542 -0.0083838838572117772
leaf_weight=4988 2088 221 116 58 76 40 423
leaf_count=4988 2088 221 116 58 76 40 423
internal_value=0.000560548 0.00777349 -0.00342268 0.0298695 0.0137742 -0.0111735 0.000166459
internal_weight=8010 2848 5162 174 2164 684 463
internal_count=8010 2848 5162 174 2164 684 463
is_linear=0
shrinkage=0.02


Tree=812
num_leaves=8
num_cat=0
split_feature=58 58 68 12 54 12 53
split_gain=415.283 821.988 989.883 728.04 742.045 703.302 715.397
threshold=33.645000000000003 32.330000000000005 159820.75000000003 53.445000000000007 87.885000000000005 80.935000000000016 60.785000000000004
decision_type=2 2 2 2 2 2 2
left_child=1 5 -3 -4 -5 -1 -7
right_child=-2 2 3 4 -6 6 -8
leaf_value=-0.0060971840105101217 0.0024021764462990513 -0.099446238086947913 0.016385479902625084 -0.002415081804448908 -0.11275371763389558 -0.023736437512216747 0.066478951714105075
leaf_weight=2457 5158 74 120 50 43 49 103
leaf_count=2457 5158 74 120 50 43 49 103
internal_value=-0.00100061 -0.00705494 -0.0388804 -0.0160405 -0.0565817 -0.00348635 0.0375666
internal_weight=8054 2896 287 213 93 2609 152
internal_count=8054 2896 287 213 93 2609 152
is_linear=0
shrinkage=0.02


Tree=813
num_leaves=8
num_cat=0
split_feature=52 68 22 47 0 0 8
split_gain=444.33 377.228 657.382 837.571 777.776 623.185 444.329
threshold=1.0000000180025095e-35 1820341.55 16355.400000000001 3.5000000000000004 43.500000000000007 51.500000000000007 50.695000000000007
decision_type=2 2 2 2 2 2 2
left_child=-1 6 3 -3 -4 -6 -2
right_child=1 2 4 -5 5 -7 -8
leaf_value=-0.048217890419160261 -7.6784759003203362e-05 -0.027522788840707121 -0.061611876171337412 0.060062918250813432 0.07474031738936901 -0.022131079030704909 -0.017554994340892298
leaf_weight=74 6827 54 68 179 45 53 631
leaf_count=74 6827 54 68 179 45 53 631
internal_value=-0.00102259 -0.000547709 0.0182759 0.0396123 -0.0119547 0.0238195 -0.00156634
internal_weight=7931 7857 399 233 166 98 7458
internal_count=7931 7857 399 233 166 98 7458
is_linear=0
shrinkage=0.02


Tree=814
num_leaves=8
num_cat=0
split_feature=45 38 40 20 17 46 64
split_gain=562.072 673.575 1307.68 924.475 822.624 708.147 675.435
threshold=1.0000000180025095e-35 3085.9500000000003 17.770000000000007 630416.75000000012 53854.30000000001 5.5000000000000009 3.5000000000000004
decision_type=2 10 2 8 2 2 2
left_child=-1 3 -3 -2 6 -4 -5
right_child=1 2 5 4 -6 -7 -8
leaf_value=0.0062166138945960259 -0.040380473603553915 -0.065532554706323493 0.019435629024541188 -0.020719562684030583 0.03341643938892766 -0.0044924470620528924 0.0030663395040409426
leaf_weight=3462 371 98 992 1075 185 979 854
leaf_count=3462 371 98 992 1075 185 979 854
internal_value=0.000147466 -0.00446812 0.00395704 -0.0114767 -0.00632091 0.00756921 -0.0102084
internal_weight=8016 4554 2069 2485 2114 1971 1929
internal_count=8016 4554 2069 2485 2114 1971 1929
is_linear=0
shrinkage=0.02


Tree=815
num_leaves=8
num_cat=0
split_feature=10 40 8 47 16 38 41
split_gain=315.796 1015.06 693.956 814.714 642.213 790.673 721.098
threshold=12490.300000000001 30.425000000000004 8.5850000000000026 9.5000000000000018 0.57125000000000015 4202.3500000000013 68.115000000000023
decision_type=2 2 2 2 2 8 2
left_child=1 -1 3 -2 6 -6 -3
right_child=2 4 -4 -5 5 -7 -8
leaf_value=-0.046836181689633265 0.055908429773308302 -0.023748981547532699 0.0013801237783549168 -0.038517060432028266 0.071525268494100361 0.0046750452601854956 0.026518307509454522
leaf_weight=220 176 500 6527 42 86 322 143
leaf_count=220 176 500 6527 42 86 322 143
internal_value=0.00084216 -0.00828302 0.00256653 0.0372606 -2.93437e-05 0.0194614 -0.0124514
internal_weight=8016 1271 6745 218 1051 408 643
internal_count=8016 1271 6745 218 1051 408 643
is_linear=0
shrinkage=0.02


Tree=816
num_leaves=8
num_cat=0
split_feature=64 42 33 40 21 51 23
split_gain=377.091 1139.91 782.827 525.539 485.475 604.723 477.079
threshold=4.5000000000000009 30.335000000000004 3.5000000000000004 81.645000000000024 368972.50000000006 43.100000000000009 2.9500000000000006
decision_type=2 2 2 2 10 2 2
left_child=3 -2 -3 6 5 -5 -1
right_child=1 2 -4 4 -6 -7 -8
leaf_value=0.027369366661395604 0.07858686898962447 0.034603683120757338 -0.015348801608294117 0.022008787212985839 0.066752601883808771 -0.049490213815057492 -0.0036038222127610766
leaf_weight=200 90 195 332 277 70 52 6745
leaf_count=200 90 195 332 277 70 52 6745
internal_value=-0.000139236 0.0148134 0.00328607 -0.00140469 0.0207722 0.0101363 -0.00269282
internal_weight=7961 617 527 7344 399 329 6945
internal_count=7961 617 527 7344 399 329 6945
is_linear=0
shrinkage=0.02


Tree=817
num_leaves=8
num_cat=0
split_feature=57 13 57 49 52 64 21
split_gain=356.185 885.992 781.486 729.081 607.617 463.784 415.463
threshold=5.5900000000000007 364.35000000000008 7.4900000000000011 21.500000000000004 36.615000000000002 3.5000000000000004 343433.45000000007
decision_type=2 2 2 2 2 2 8
left_child=1 4 5 -3 -1 -2 -6
right_child=2 3 -4 -5 6 -7 -8
leaf_value=-0.046544679381722028 0.081122704457778208 0.0012439449241867771 0.00083307723078667611 -0.095920442590512425 -0.010614427672305578 0.0044409660338345222 0.05446082504547161
leaf_weight=58 73 49 7548 78 66 54 87
leaf_count=58 73 49 7548 78 66 54 87
internal_value=0.000787235 -0.0191538 0.00167732 -0.0598047 0.00613174 0.0499211 0.0269416
internal_weight=8013 338 7675 127 211 127 153
internal_count=8013 338 7675 127 211 127 153
is_linear=0
shrinkage=0.02


Tree=818
num_leaves=8
num_cat=0
split_feature=24 54 48 21 47 21 47
split_gain=290.356 629.576 591.554 707.321 580.678 509.621 310.87
threshold=5.5000000000000009 83.065000000000012 7.5000000000000009 240071.15000000002 7.5000000000000009 370412.60000000003 1.5000000000000002
decision_type=2 2 2 10 2 8 2
left_child=6 2 3 -2 5 -3 -1
right_child=1 4 -4 -5 -6 -7 -8
leaf_value=-0.019103142714134026 -0.01920408007903741 -0.096830382252795777 -0.042443781270222233 0.081299445824697614 0.015193497456948866 -0.019048040101061696 0.0015327622722994705
leaf_weight=299 47 74 50 59 50 64 7400
leaf_count=299 47 74 50 59 50 64 7400
internal_value=-8.8889e-05 -0.0179316 0.0116158 0.0378789 -0.0421154 -0.0626847 0.000719464
internal_weight=8043 344 156 106 188 138 7699
internal_count=8043 344 156 106 188 138 7699
is_linear=0
shrinkage=0.02


Tree=819
num_leaves=8
num_cat=0
split_feature=16 15 38 15 56 57 10
split_gain=605.004 640.053 510.673 1033.79 1025.53 1133.83 1056.32
threshold=0.59965000000000013 6.5000000000000009 89407.400000000009 4.5000000000000009 38.255000000000003 16.620000000000001 21035.300000000003
decision_type=2 2 8 2 2 2 2
left_child=1 2 3 -1 -4 6 -6
right_child=-2 -3 4 -5 5 -7 -8
leaf_value=0.0014748243624447188 0.010315079823813574 -0.066697839573674575 0.0062866676457717938 0.074183010061969978 -0.13583578914403915 -0.011311816369232862 -0.036008257809756458
leaf_weight=3531 2066 56 980 75 51 1011 202
leaf_count=3531 2066 56 980 75 51 1011 202
internal_value=0.00101324 -0.00224664 -0.00157324 0.00308768 -0.00905334 -0.0209246 -0.0583741
internal_weight=7972 5906 5850 3606 2244 1264 253
internal_count=7972 5906 5850 3606 2244 1264 253
is_linear=0
shrinkage=0.02


Tree=820
num_leaves=8
num_cat=0
split_feature=42 14 66 38 40 21 14
split_gain=473.481 1114.51 1103.06 937.466 986.017 1087.41 936.393
threshold=31.075000000000003 8.7450000000000028 0.18750000000000003 10156.400000000003 45.705000000000005 217840.55000000002 21.535000000000004
decision_type=2 2 2 10 2 8 2
left_child=1 -1 -3 4 5 -4 -6
right_child=-2 2 3 -5 6 -7 -8
leaf_value=-0.042703116848452453 -0.0024712849898250282 -0.023096723862719246 0.098663368163506196 -0.0075813430927604234 0.14553903288368519 0.018185637310061401 0.017308120224210952
leaf_weight=141 6483 241 70 286 53 689 40
leaf_count=141 6483 241 70 286 53 689 40
internal_value=-0.000114336 0.0099135 0.0154283 0.0236523 0.0341199 0.026205 0.094083
internal_weight=8003 1520 1379 1138 852 759 93
internal_count=8003 1520 1379 1138 852 759 93
is_linear=0
shrinkage=0.02


Tree=821
num_leaves=8
num_cat=1
split_feature=49 65 2 0 41 41 12
split_gain=370.665 580.092 666.993 722.492 630.307 1224.18 984.598
threshold=49.500000000000007 0.76388888888888895 0 56.500000000000007 25.700000000000003 50.565000000000005 52.955000000000005
decision_type=2 2 1 2 2 2 2
left_child=-1 2 3 -2 -4 6 -6
right_child=1 -3 4 -5 5 -7 -8
leaf_value=0.0018689194694952868 -0.0084355999624721525 0.037534875083476943 0.027161643255344581 0.052933335513357188 -0.035098094295163251 -0.0083277095392929705 -0.1207084858637107
leaf_weight=6820 434 89 66 88 138 276 90
leaf_count=6820 434 89 66 88 138 276 90
internal_value=7.56036e-05 -0.0102446 -0.014292 0.00227108 -0.0288854 -0.0369871 -0.0707568
internal_weight=8001 1181 1092 522 570 504 228
internal_count=8001 1181 1092 522 570 504 228
cat_boundaries=0 1
cat_threshold=232
is_linear=0
shrinkage=0.02


Tree=822
num_leaves=8
num_cat=0
split_feature=15 8 10 66 53 8 13
split_gain=457.56 338.683 832.674 982.398 880.868 420.965 547.929
threshold=6.5000000000000009 8.5850000000000026 14237.750000000002 0.31250000000000006 60.245000000000012 9.4650000000000016 375.35000000000008
decision_type=2 2 2 2 2 2 2
left_child=1 2 3 4 -1 6 -3
right_child=-2 5 -4 -5 -6 -7 -8
leaf_value=0.068780670873820782 -0.04871913959020497 -0.060198303053573689 0.050746945178757115 -0.078247417106196801 -0.030072923086277428 0.00098234602559636708 0.023316861412798366
leaf_weight=67 69 93 175 53 68 7410 43
leaf_count=67 69 93 175 53 68 7410 43
internal_value=0.000783119 0.0012455 0.0199809 -0.00923039 0.019692 0.000331595 -0.0339023
internal_weight=7978 7909 363 188 135 7546 136
internal_count=7978 7909 363 188 135 7546 136
is_linear=0
shrinkage=0.02


Tree=823
num_leaves=8
num_cat=0
split_feature=56 56 6 56 14 67 17
split_gain=508.655 470.866 548.12 487.819 399.515 389.541 1234.65
threshold=58.75500000000001 55.295000000000009 1.0000000180025095e-35 53.880000000000003 16.115000000000006 23.354384789894734 2596.9000000000005
decision_type=2 2 2 2 2 2 2
left_child=1 3 -3 5 -5 -1 -7
right_child=-2 2 -4 4 -6 6 -8
leaf_value=0.0015900396705390693 -0.050536278440982477 0.086755847552860227 0.0053047449044559313 -0.08819454412327872 -0.0080045198282552143 0.057646369562520609 -0.029297808158712076
leaf_weight=7169 74 49 87 40 58 72 434
leaf_count=7169 74 49 87 40 58 72 434
internal_value=-3.86299e-05 0.000465478 0.0366869 -0.000191445 -0.0434276 0.000388539 -0.0164833
internal_weight=7983 7909 136 7773 98 7675 506
internal_count=7983 7909 136 7773 98 7675 506
is_linear=0
shrinkage=0.02


Tree=824
num_leaves=8
num_cat=1
split_feature=55 8 48 8 5 23 0
split_gain=363.864 781.191 941.49 776.624 601.875 611.825 596.959
threshold=55.055000000000007 54.410000000000004 1.0000000180025095e-35 57.495000000000012 0 18.250000000000004 24.500000000000004
decision_type=2 2 2 2 1 2 2
left_child=1 -1 -3 -4 -2 6 -6
right_child=4 2 3 -5 5 -7 -8
leaf_value=0.0024128676994439493 -0.052705838784338939 -0.096383913615718492 -0.065018094447494929 0.0033971899628965018 -0.039107177103007283 -0.042602567137131155 0.0063152952374682381
leaf_weight=6375 111 59 82 278 130 154 806
leaf_count=6375 111 59 82 278 130 154 806
internal_value=-0.00113027 0.000666327 -0.025622 -0.0128635 -0.0112542 -0.00627292 -0.000167656
internal_weight=7995 6794 419 360 1201 1090 936
internal_count=7995 6794 419 360 1201 1090 936
cat_boundaries=0 1
cat_threshold=8
is_linear=0
shrinkage=0.02


Tree=825
num_leaves=8
num_cat=0
split_feature=42 14 10 27 57 42 54
split_gain=391.697 1033.23 834.869 860.987 820.403 653.609 1462.56
threshold=52.155000000000008 9.4450000000000021 23332.100000000002 1.0000000180025095e-35 41.805000000000007 53.835000000000008 84.095000000000013
decision_type=2 2 2 2 2 2 2
left_child=1 2 -1 4 -4 6 -2
right_child=5 -3 3 -5 -6 -7 -8
leaf_value=0.0092841416620965452 0.025983461635281341 0.0082036901597039111 -0.033292781130284881 0.018561704227557551 -0.11185760748386382 -0.002048448382859564 -0.072450548299828416
leaf_weight=216 94 3812 180 73 75 3426 154
leaf_count=216 94 3812 180 73 75 3426 154
internal_value=0.000464197 0.00451853 -0.0211442 -0.0410209 -0.0581068 -0.00434235 -0.0353647
internal_weight=8030 4356 544 328 255 3674 248
internal_count=8030 4356 544 328 255 3674 248
is_linear=0
shrinkage=0.02


Tree=826
num_leaves=8
num_cat=3
split_feature=5 41 17 0 8 2 7
split_gain=403.096 698.868 636.083 949.036 1001.59 705.312 616.643
threshold=0 18.610000000000003 4954.4500000000016 34.500000000000007 21.195000000000004 1 2
decision_type=1 2 2 2 2 1 1
left_child=1 -1 3 -3 -5 -4 -7
right_child=-2 2 5 4 -6 6 -8
leaf_value=-0.046949230216443538 -0.0014141839598543792 0.10925784519461335 -0.040638610524419916 0.056396756694946246 -0.018670290961309715 0.05048421357175429 0.0043049350847614307
leaf_weight=75 6686 56 102 147 130 124 735
leaf_count=75 6686 56 102 147 130 124 735
internal_value=0.000617302 0.0104421 0.0140168 0.0376229 0.0214603 0.00568456 0.0117231
internal_weight=8055 1369 1294 333 277 961 859
internal_count=8055 1369 1294 333 277 961 859
cat_boundaries=0 1 2 3
cat_threshold=1 8 8
is_linear=0
shrinkage=0.02


Tree=827
num_leaves=8
num_cat=1
split_feature=7 10 68 58 58 12 55
split_gain=444.01 604.363 698.708 861.515 676.027 499.242 511.899
threshold=0 15293.300000000001 280733.95000000007 38.485000000000007 44.930000000000007 67.095000000000013 29.750000000000004
decision_type=1 2 2 2 2 2 2
left_child=1 2 3 -1 -4 6 -2
right_child=5 -3 4 -5 -6 -7 -8
leaf_value=0.040280574014824301 0.038879805854682266 0.0031381278491830521 0.029313064887291854 -0.048511848232325391 0.10717545378302772 0.015909898166739666 -0.010666005654118486
leaf_weight=85 82 4964 175 80 58 382 2113
leaf_count=85 82 4964 175 80 58 382 2113
internal_value=0.00177147 0.00504436 0.0286108 -0.00293091 0.0505395 -0.00503508 -0.00873093
internal_weight=7939 5362 398 165 233 2577 2195
internal_count=7939 5362 398 165 233 2577 2195
cat_boundaries=0 1
cat_threshold=11
is_linear=0
shrinkage=0.02


Tree=828
num_leaves=8
num_cat=0
split_feature=17 40 17 40 40 58 58
split_gain=428.37 1356.73 390.21 881.542 1091.91 697.97 607.24
threshold=1044.3000000000002 42.615000000000002 1796.0500000000002 42.410000000000004 68.700000000000003 33.795000000000009 28.875000000000004
decision_type=2 2 2 2 2 2 2
left_child=1 -1 3 5 6 -2 -5
right_child=2 -3 -4 4 -6 -7 -8
leaf_value=-0.088832095816551923 0.12199331774161412 0.017056281793925723 0.0016563004762096491 -0.087582457268238073 0.071518217417700536 0.023945894152260363 -0.0019724233525518615
leaf_weight=78 47 113 7436 45 53 73 99
leaf_count=78 47 113 7436 45 53 73 99
internal_value=0.00185424 -0.0273491 0.00259084 0.0241467 -0.0021594 0.0656915 -0.0307668
internal_weight=7944 191 7753 317 197 120 144
internal_count=7944 191 7753 317 197 120 144
is_linear=0
shrinkage=0.02


Tree=829
num_leaves=8
num_cat=0
split_feature=64 66 17 40 67 17 14
split_gain=533.396 912.151 837.538 1045.75 1271.83 1458.6 985.633
threshold=2.5000000000000004 0.56250000000000011 3100.4000000000005 60.445000000000007 12.657825031424752 2468.3500000000004 34.32500000000001
decision_type=2 2 2 2 2 2 2
left_child=1 2 3 4 5 -1 -4
right_child=-2 -3 6 -5 -6 -7 -8
leaf_value=-0.032460609371773898 -0.0014819381097624577 0.077140597385855825 0.0068469189505184569 0.08635817782457815 0.090113714043644891 0.080725200403544875 -0.039661997690796855
leaf_weight=195 5682 73 1639 104 64 54 200
leaf_count=195 5682 73 1639 104 64 54 200
internal_value=0.0018234 0.00987324 0.00753082 0.0329421 0.0141148 -0.00680841 0.00169502
internal_weight=8011 2329 2256 417 313 249 1839
internal_count=8011 2329 2256 417 313 249 1839
is_linear=0
shrinkage=0.02


Tree=830
num_leaves=8
num_cat=0
split_feature=52 40 21 54 41 10 57
split_gain=363.94 925.516 988.525 801.806 815.019 785.771 831.182
threshold=31.455000000000002 58.645000000000003 432743.70000000001 88.675000000000026 50.105000000000011 18301.050000000007 14.735000000000001
decision_type=2 2 8 2 2 2 2
left_child=1 2 5 -4 -5 -1 -7
right_child=-2 -3 3 4 -6 6 -8
leaf_value=-0.038436850489347016 0.0020748583355790907 0.020712430859319158 -0.013689153238665312 -0.082033662523978798 -0.0076446376986555997 -0.043538926509317274 0.024852618112837753
leaf_weight=149 6366 336 347 190 86 81 411
leaf_count=149 6366 336 347 190 86 81 411
internal_value=-6.94869e-05 -0.00858119 -0.016419 -0.0342529 -0.0594029 0.00104499 0.0132683
internal_weight=7966 1600 1264 623 276 641 492
internal_count=7966 1600 1264 623 276 641 492
is_linear=0
shrinkage=0.02


Tree=831
num_leaves=8
num_cat=0
split_feature=23 16 6 10 54 16 32
split_gain=355.835 305.615 484.067 976.742 731.747 699.724 658.697
threshold=1.7500000000000002 0.60625000000000007 1.5000000000000002 26608.600000000002 84.245000000000019 0.62775000000000014 1.0000000180025095e-35
decision_type=2 2 2 2 2 2 2
left_child=-1 -2 4 -4 6 -5 -3
right_child=1 2 3 5 -6 -7 -8
leaf_value=0.051791987258654373 -0.0029199214168122828 0.037656295094397947 0.059578559634502273 -0.05361761132858589 -0.010145190504628185 0.016583612652390566 -0.01082746793788052
leaf_weight=47 6026 304 180 66 939 279 173
leaf_count=47 6026 304 180 66 939 279 173
internal_value=-0.000356714 -0.000696647 0.00619547 0.0224999 9.25025e-05 0.0025797 0.0201421
internal_weight=8014 7967 1941 525 1416 345 477
internal_count=8014 7967 1941 525 1416 345 477
is_linear=0
shrinkage=0.02


Tree=832
num_leaves=8
num_cat=0
split_feature=43 54 40 16 55 16 40
split_gain=460.566 856.867 759.523 857.15 757.94 743.043 1083.7
threshold=1.0000000180025095e-35 87.77500000000002 11.365000000000002 0.45375000000000004 36.265000000000008 0.6331500000000001 72.965000000000018
decision_type=2 2 2 2 2 2 2
left_child=1 4 -3 -4 -1 6 -5
right_child=-2 2 3 5 -6 -7 -8
leaf_value=-0.056809725957847126 0.0032983250609233145 -0.070573700715084467 0.036042486165953083 -0.034330180350436758 -0.012199821623591041 0.024751870074228612 0.070675744641934421
leaf_weight=180 6073 44 324 320 891 214 40
leaf_count=180 6073 44 324 320 891 214 40
internal_value=0.000549995 -0.00772905 0.00617067 0.0103009 -0.0199264 -0.00441492 -0.0218545
internal_weight=8086 2013 942 898 1071 574 360
internal_count=8086 2013 942 898 1071 574 360
is_linear=0
shrinkage=0.02


Tree=833
num_leaves=8
num_cat=0
split_feature=22 50 10 10 8 12 53
split_gain=527.525 625.301 655.438 640.989 425.715 391.902 645.182
threshold=7121.0500000000011 1.5000000000000002 21221.600000000002 40145.400000000009 27.345000000000002 14.955000000000002 48.335000000000008
decision_type=2 2 2 2 2 2 2
left_child=1 2 -1 -4 -3 6 -2
right_child=5 4 3 -5 -6 -7 -8
leaf_value=0.047492679433980535 -0.038175100519780132 -0.099527004430691401 -0.090191904423137501 0.0056689460914243353 -0.017841831699565606 0.0030717593975308423 0.0031015701564734038
leaf_weight=62 247 55 40 72 49 7135 378
leaf_count=62 247 55 40 72 49 7135 378
internal_value=0.000761525 -0.0260608 -0.00245876 -0.0309583 -0.0636246 0.00173859 -0.0133845
internal_weight=8038 278 174 112 104 7760 625
internal_count=8038 278 174 112 104 7760 625
is_linear=0
shrinkage=0.02


Tree=834
num_leaves=8
num_cat=0
split_feature=54 33 18 20 48 8 54
split_gain=414.681 917.495 995.548 1238.39 883.635 823.758 801.711
threshold=82.955000000000013 2.5000000000000004 178175.20000000004 1112750.5000000002 2.5000000000000004 36.275000000000013 89.835000000000022
decision_type=2 2 2 10 2 2 2
left_child=1 2 4 -4 5 -1 -2
right_child=6 -3 3 -5 -6 -7 -8
leaf_value=0.047804460159192486 -0.014877002103525922 -0.0044154576555791763 0.060433086584042471 -0.038139503040621359 -0.0079532413390941571 -0.027519554855922859 0.0019144996190285503
leaf_weight=271 1767 1693 318 57 597 70 3173
leaf_count=271 1767 1693 318 57 597 70 3173
internal_value=-0.000538016 0.00531385 0.0178281 0.0451454 0.00672557 0.0321678 -0.00410066
internal_weight=7946 3006 1313 375 938 341 4940
internal_count=7946 3006 1313 375 938 341 4940
is_linear=0
shrinkage=0.02


Tree=835
num_leaves=8
num_cat=0
split_feature=14 31 17 17 0 57 16
split_gain=411.019 690.845 1292.27 1025.3 536.591 515.468 500.957
threshold=40.695000000000007 1.0000000180025095e-35 4801.3000000000011 14814.450000000003 43.500000000000007 26.685000000000006 0.26805000000000007
decision_type=2 2 2 2 2 2 2
left_child=6 2 -2 -4 5 -3 -1
right_child=1 4 3 -5 -6 -7 -8
leaf_value=-0.017498354636524854 0.030050083924678787 0.023099855280528634 -0.12056666865267537 -0.018470751898363235 0.02643455092462578 -0.051717662318956616 0.0020115062309449664
leaf_weight=565 64 54 83 75 163 97 6885
leaf_count=565 64 54 83 75 163 97 6885
internal_value=-0.000700809 -0.017533 -0.0441149 -0.0741566 0.00165735 -0.0250789 0.000521156
internal_weight=7986 536 222 158 314 151 7450
internal_count=7986 536 222 158 314 151 7450
is_linear=0
shrinkage=0.02


Tree=836
num_leaves=8
num_cat=0
split_feature=16 49 49 20 0 55 14
split_gain=357.971 669.36 367.503 805.37 802.977 807.389 726.557
threshold=0.17090000000000002 24.500000000000004 9.5000000000000018 448590.10000000003 34.500000000000007 43.655000000000008 27.915000000000003
decision_type=2 2 2 10 2 2 2
left_child=1 -1 3 6 5 -5 -2
right_child=2 -3 -4 4 -6 -7 -8
leaf_value=0.018072845536470414 -0.0057898603708396645 -0.085626240338270473 0.0035794472839376767 -0.0097863322728210019 -0.014594175545610938 -0.12790637937727672 0.053501699052819422
leaf_weight=45 339 47 7053 40 327 53 104
leaf_count=45 339 47 7053 40 327 53 104
internal_value=0.00160372 -0.0365868 0.00207038 -0.0102123 -0.0298923 -0.0801934 0.00857137
internal_weight=8008 92 7916 863 420 93 443
internal_count=8008 92 7916 863 420 93 443
is_linear=0
shrinkage=0.02


Tree=837
num_leaves=8
num_cat=0
split_feature=64 41 16 34 52 41 41
split_gain=539.912 1104.71 918.428 683.193 734.182 678.976 1057.47
threshold=2.5000000000000004 81.220000000000013 0.26345000000000002 3.5000000000000004 84.410000000000011 76.865000000000023 74.365000000000023
decision_type=2 2 2 2 2 2 2
left_child=1 2 -1 4 5 6 -4
right_child=-2 -3 3 -5 -6 -7 -8
leaf_value=-0.038274958228311416 -0.0029895300586638331 0.074912440149734416 0.0044501793427090099 0.073696487536653879 0.067804754515746968 -0.063855186051556045 0.10262408300737541
leaf_weight=171 5712 91 1810 59 72 51 40
leaf_count=171 5712 91 1810 59 72 51 40
internal_value=0.000302193 0.00848717 0.0055799 0.00935533 0.00724987 0.00478451 0.00684375
internal_weight=8006 2294 2203 2032 1973 1901 1850
internal_count=8006 2294 2203 2032 1973 1901 1850
is_linear=0
shrinkage=0.02


Tree=838
num_leaves=8
num_cat=0
split_feature=42 40 14 58 67 51 34
split_gain=587.858 777.252 890.234 956.977 879.779 854.596 670.403
threshold=40.775000000000013 45.475000000000001 9.3550000000000022 23.405000000000005 13.605093342066978 50.775000000000006 3.5000000000000004
decision_type=2 2 2 2 2 2 2
left_child=1 2 -1 4 -4 -3 -5
right_child=-2 5 3 6 -6 -7 -8
leaf_value=-0.033321735498656233 -0.0035679330335575683 0.036386443702310381 -0.011457259012442647 0.0077522009026748367 -0.11200999512937333 -0.041437721368856727 0.050420634594814086
leaf_weight=244 5352 524 160 1480 40 59 159
leaf_count=244 5352 524 160 1480 40 59 159
internal_value=0.000253769 0.00791816 0.00218055 0.0069686 -0.0338093 0.0282252 0.0120322
internal_weight=8018 2666 2083 1839 200 583 1639
internal_count=8018 2666 2083 1839 200 583 1639
is_linear=0
shrinkage=0.02


Tree=839
num_leaves=8
num_cat=0
split_feature=64 65 41 41 41 17 51
split_gain=576.048 1074.67 893.994 739.837 774.168 697.29 685.733
threshold=2.5000000000000004 0.76388888888888895 81.220000000000013 76.865000000000023 73.915000000000006 99106.35000000002 12.345000000000001
decision_type=2 2 2 2 2 2 2
left_child=1 2 3 4 5 6 -1
right_child=-2 -3 -4 -5 -6 -7 -8
leaf_value=-0.019115485241192266 -0.0040930474703486305 0.087327010658654294 0.069037814729353969 -0.064645474264546046 0.081130861498128898 0.076006487884065679 0.0078426675728236438
leaf_weight=498 5650 61 80 58 47 46 1507
leaf_count=498 5650 61 80 58 47 46 1507
internal_value=-0.000660072 0.00777467 0.00541442 0.00289935 0.00491591 0.00297634 0.00111593
internal_weight=7947 2297 2236 2156 2098 2051 2005
internal_count=7947 2297 2236 2156 2098 2051 2005
is_linear=0
shrinkage=0.02


Tree=840
num_leaves=8
num_cat=1
split_feature=53 7 12 14 67 49 8
split_gain=428.746 528.951 553.035 485.144 458.939 905.676 1266
threshold=39.905000000000008 0 19.605000000000004 21.995000000000001 22.3538148286347 38.500000000000007 25.095000000000002
decision_type=2 1 2 2 2 2 2
left_child=1 3 -3 -1 -2 6 -6
right_child=4 2 -4 -5 5 -7 -8
leaf_value=0.021115095299624263 3.0042762595246311e-05 -0.024145046490037604 0.015955132634884364 0.10304410052098505 0.010295752503927922 0.023307524051310285 -0.065007829191568098
leaf_weight=79 6556 175 581 44 144 139 225
leaf_count=79 6556 175 581 44 144 139 225
internal_value=0.000246866 0.0133783 0.00648975 0.0494408 -0.00139544 -0.019613 -0.0358763
internal_weight=7943 879 756 123 7064 508 369
internal_count=7943 879 756 123 7064 508 369
cat_boundaries=0 1
cat_threshold=17
is_linear=0
shrinkage=0.02


Tree=841
num_leaves=8
num_cat=0
split_feature=43 54 54 47 51 12 54
split_gain=409.724 819.942 1281.44 806.706 806.626 770.266 698.684
threshold=1.0000000180025095e-35 92.985000000000014 99.695000000000007 5.5000000000000009 9.9350000000000005 67.38000000000001 82.095000000000013
decision_type=2 2 2 2 2 2 2
left_child=1 6 4 -2 -3 -6 -1
right_child=3 2 -4 -5 5 -7 -8
leaf_value=-0.0030632455974389447 0.01048163004253409 -0.025988606134373132 -0.0210246256809343 -0.004503239752257567 0.070185424414596395 -0.014555327871389556 -0.031057504247990437
leaf_weight=709 2373 61 270 3627 205 52 715
leaf_count=709 2373 61 270 3627 205 52 715
internal_value=-0.00119331 -0.00899172 0.0108133 0.00142707 0.0377524 0.0530889 -0.0171788
internal_weight=8012 2012 588 6000 318 257 1424
internal_count=8012 2012 588 6000 318 257 1424
is_linear=0
shrinkage=0.02


Tree=842
num_leaves=8
num_cat=0
split_feature=43 41 56 65 41 13 42
split_gain=428.088 736.378 798.657 949.033 889.269 717.319 768.943
threshold=1.0000000180025095e-35 79.385000000000005 50.505000000000003 0.58571428571428574 47.785000000000004 313.25000000000006 62.995000000000012
decision_type=2 2 2 2 2 2 2
left_child=1 2 3 -1 -4 -5 -7
right_child=-2 -3 4 5 -6 6 -8
leaf_value=-0.031038493648724602 0.0016282116063139752 0.04198958961937193 0.068107438421249389 0.027504130231607103 -0.017302675651213559 -0.023520807986753919 0.036470350289287475
leaf_weight=857 6031 102 95 243 92 482 99
leaf_count=857 6031 102 95 243 92 482 99
internal_value=-0.00101708 -0.00909904 -0.0119933 -0.0163677 0.0267312 -0.0010141 -0.0130746
internal_weight=8001 1970 1868 1681 187 824 581
internal_count=8001 1970 1868 1681 187 824 581
is_linear=0
shrinkage=0.02


Tree=843
num_leaves=8
num_cat=0
split_feature=16 52 42 47 14 15 14
split_gain=329.876 520.824 746.251 560.846 442.318 348.902 1098.65
threshold=0.78750000000000009 44.660000000000004 47.765000000000008 7.5000000000000009 17.585000000000004 1.5000000000000002 16.655000000000005
decision_type=2 2 2 2 2 2 2
left_child=5 4 -3 -4 -2 -1 -7
right_child=1 2 3 -5 -6 6 -8
leaf_value=0.00054975544508871575 -0.053333542015192643 0.10810255476072722 0.061376046227647904 -0.033658494892758579 0.027803010042756794 0.0080458846729690586 -0.025055819513627463
leaf_weight=6185 48 46 42 48 50 737 870
leaf_count=6185 48 46 42 48 50 737 870
internal_value=-0.000900799 0.0222447 0.0469078 0.0115871 -0.0125972 -0.0016097 -0.0098969
internal_weight=8026 234 136 90 98 7792 1607
internal_count=8026 234 136 90 98 7792 1607
is_linear=0
shrinkage=0.02


Tree=844
num_leaves=8
num_cat=0
split_feature=17 42 17 42 33 21 52
split_gain=517.02 1514.28 774.933 765.826 772.959 739.414 633.69
threshold=1044.3000000000002 32.870000000000012 5100.5500000000002 24.485000000000003 4.5000000000000009 335973.10000000003 40.090000000000011
decision_type=2 2 2 2 2 10 2
left_child=1 -1 -2 4 5 -4 -3
right_child=2 6 3 -5 -6 -7 -8
leaf_value=-0.11253453417666374 0.012323354974402271 -0.05685452519673044 0.020997814880159057 -0.0050059567956442716 0.07395402756158044 -0.032035158621492206 0.03218788979681475
leaf_weight=58 1901 41 474 5154 80 130 100
leaf_count=58 1901 41 474 5154 80 130 100
internal_value=0.000422589 -0.0310062 0.00125024 -0.0023629 0.0174446 0.00941413 0.00523576
internal_weight=7938 199 7739 5838 684 604 141
internal_count=7938 199 7739 5838 684 604 141
is_linear=0
shrinkage=0.02


Tree=845
num_leaves=8
num_cat=1
split_feature=48 20 7 38 21 38 51
split_gain=428.467 537.559 522.068 512.883 357.794 518.742 716.214
threshold=19.500000000000004 666499.80000000016 0 20349.100000000002 451812.50000000006 38480.000000000007 28.475000000000005
decision_type=2 8 1 8 10 8 2
left_child=4 -2 -3 -4 -1 -6 -7
right_child=1 2 3 -5 5 6 -8
leaf_value=0.00063015251231384806 -0.064841058138935342 0.016371885786453884 0.0021193463272518582 -0.08110763167093199 0.0023962675611385038 0.074075532066480571 -0.00053127682052160564
leaf_weight=7066 79 159 58 55 355 115 90
leaf_count=7066 79 159 58 55 355 115 90
internal_value=0.000855196 -0.0205924 -0.00680228 -0.0369761 0.0018552 0.0171704 0.0420885
internal_weight=7977 351 272 113 7626 560 205
internal_count=7977 351 272 113 7626 560 205
cat_boundaries=0 1
cat_threshold=18
is_linear=0
shrinkage=0.02


Tree=846
num_leaves=8
num_cat=0
split_feature=56 22 22 56 10 20 40
split_gain=487.101 1117.55 1367.38 1084.9 1046.72 906.144 749.067
threshold=30.155000000000005 20130.600000000002 11748.150000000001 26.260000000000002 14954.450000000003 852330.90000000014 45.935000000000009
decision_type=2 2 2 2 2 10 2
left_child=1 2 5 6 -5 -1 -4
right_child=-2 -3 3 4 -6 -7 -8
leaf_value=0.032225823893742844 -8.1645903151308374e-05 0.028635389019063737 0.050193838527647118 -0.1437335298560998 -0.049943334674462679 -0.054585287911873878 -0.045068834637602175
leaf_weight=173 7126 167 54 63 195 61 70
leaf_count=173 7126 167 54 63 195 61 70
internal_value=-0.0017317 -0.0166528 -0.0290623 -0.052148 -0.0751428 0.00892706 -0.00324594
internal_weight=7909 783 616 382 258 234 124
internal_count=7909 783 616 382 258 234 124
is_linear=0
shrinkage=0.02


Tree=847
num_leaves=8
num_cat=0
split_feature=46 57 52 48 58 18 40
split_gain=444.586 809.525 889.855 712.95 586.337 907.747 762.361
threshold=3.5000000000000004 14.735000000000001 67.595000000000013 2.5000000000000004 28.075000000000003 581302.05000000016 11.365000000000002
decision_type=2 2 2 2 2 2 2
left_child=1 2 3 -1 5 -3 -6
right_child=-2 4 -4 -5 6 -7 -8
leaf_value=-0.074526275468191933 -0.0033485911645416452 -0.02089813227197258 0.054969204604052579 -0.0090641425586590867 -0.02513235607370734 0.052424282587795377 0.024326335870269441
leaf_weight=107 5907 359 47 168 135 78 1199
leaf_count=107 5907 359 47 168 135 78 1199
internal_value=-0.000542016 0.00736799 -0.0215799 -0.0354109 0.0126772 -0.00736585 0.019246
internal_weight=8000 2093 322 275 1771 437 1334
internal_count=8000 2093 322 275 1771 437 1334
is_linear=0
shrinkage=0.02


Tree=848
num_leaves=8
num_cat=0
split_feature=33 33 51 47 56 0 40
split_gain=403.823 384.23 759.965 745.089 592.302 494.978 617.462
threshold=6.5000000000000009 1.0000000180025095e-35 22.415000000000003 7.5000000000000009 39.195000000000007 51.500000000000007 57.395000000000003
decision_type=2 2 2 2 2 2 2
left_child=1 2 3 -1 -5 6 -4
right_child=-2 -3 5 4 -6 -7 -8
leaf_value=-0.02594482649375613 0.055209972296769799 0.00029642440316567559 -0.035906431739468399 0.096196274504597709 -0.0028845228254795077 -0.0027139788109522599 -0.1327782317267524
leaf_weight=125 47 7610 77 44 47 60 40
leaf_count=125 47 7610 77 44 47 60 40
internal_value=-0.000344726 -0.000705256 -0.0198617 0.00538821 0.0475377 -0.0499767 -0.0731094
internal_weight=8050 8003 393 216 91 177 117
internal_count=8050 8003 393 216 91 177 117
is_linear=0
shrinkage=0.02


Tree=849
num_leaves=8
num_cat=0
split_feature=23 17 68 9 21 33 23
split_gain=600.902 981.096 770.716 920.722 771.33 514.519 497.149
threshold=23.250000000000004 7916.3500000000013 805676.55000000016 5.5000000000000009 462676.10000000003 3.5000000000000004 4.3500000000000005
decision_type=2 2 2 2 8 2 2
left_child=6 -2 3 4 -3 -4 -1
right_child=1 2 5 -5 -6 -7 -8
leaf_value=0.013834990015655586 0.058650217375052834 -0.11435825817964293 0.076112601946700706 0.032677497936146598 -0.012564307238957653 -0.0077732295476432359 -0.0038136718802872058
leaf_weight=699 170 50 61 65 68 51 6860
leaf_count=699 170 50 61 65 68 51 6860
internal_value=-0.000810634 0.0211329 -0.00110448 -0.0261674 -0.0585927 0.0392148 -0.00217359
internal_weight=8024 465 295 183 118 112 7559
internal_count=8024 465 295 183 118 112 7559
is_linear=0
shrinkage=0.02


Tree=850
num_leaves=8
num_cat=0
split_feature=8 58 56 68 8 66 42
split_gain=526.151 881.475 706.407 699.764 632.89 510.121 409.649
threshold=8.8050000000000015 50.425000000000004 38.585000000000008 415988.95000000007 9.6550000000000029 0.31250000000000006 49.435000000000009
decision_type=2 2 2 2 2 2 2
left_child=1 2 5 -3 6 -1 -2
right_child=4 3 -4 -5 -6 -7 -8
leaf_value=0.033426139817592945 -0.075809855368230247 0.01943668110262264 0.067494460550638347 -0.085924431557456646 -0.0018723041039479364 -0.043284977614879615 -0.0052909795625600961
leaf_weight=89 72 50 151 43 7448 50 59
leaf_count=89 72 50 151 43 7448 50 59
internal_value=-0.00149305 0.0212246 0.0382729 -0.0311771 -0.00265431 0.00528738 -0.0454116
internal_weight=7962 383 290 93 7579 139 131
internal_count=7962 383 290 93 7579 139 131
is_linear=0
shrinkage=0.02


Tree=851
num_leaves=8
num_cat=0
split_feature=16 48 24 53 56 54 13
split_gain=374.288 550.501 413.206 383.213 787.969 891.353 994.877
threshold=0.77305000000000013 2.5000000000000004 1.5000000000000002 85.855000000000004 47.245000000000012 92.985000000000014 330.75000000000006
decision_type=2 2 2 2 2 2 2
left_child=3 2 -2 -1 5 6 -5
right_child=1 -3 -4 4 -6 -7 -8
leaf_value=-0.0024782978163975298 0.017643788574171849 0.00021729080647718709 0.097527931720580704 0.09882663695846948 -0.036787150659762159 -0.01297480301283024 0.016575660529621953
leaf_weight=7287 56 178 48 98 86 130 143
leaf_count=7287 56 178 48 98 86 130 143
internal_value=-0.00052965 0.021899 0.0572959 -0.00136 0.0163054 0.0289381 0.051351
internal_weight=8026 282 104 7744 457 371 241
internal_count=8026 282 104 7744 457 371 241
is_linear=0
shrinkage=0.02


Tree=852
num_leaves=8
num_cat=0
split_feature=64 52 64 33 42 17 61
split_gain=350.186 353.562 590.146 423.029 425.006 384.181 320.303
threshold=1.0000000180025095e-35 83.715000000000018 2.5000000000000004 5.5000000000000009 45.875000000000007 18683.600000000002 1.0000000180025095e-35
decision_type=2 2 2 2 2 2 2
left_child=-1 3 -3 -2 -5 -4 -7
right_child=1 2 5 4 -6 6 -8
leaf_value=-0.048669365805884199 -0.0019440135653460086 0.058744547582178744 0.023237902553555387 0.053023984041391754 -0.00086581823468208309 0.0018743353686000728 -0.064767259302291463
leaf_weight=55 7389 101 156 109 120 74 42
leaf_count=55 7389 101 156 109 120 74 42
internal_value=-0.000532289 -0.000170747 0.0187096 -0.00110685 0.0253697 0.00305167 -0.0239338
internal_weight=8046 7991 373 7618 229 272 116
internal_count=8046 7991 373 7618 229 272 116
is_linear=0
shrinkage=0.02


Tree=853
num_leaves=8
num_cat=0
split_feature=56 51 48 40 51 30 58
split_gain=409.955 383.672 615.053 352.838 448.527 440.731 1048.25
threshold=55.295000000000009 17.235000000000003 2.5000000000000004 81.645000000000024 43.100000000000009 1.0000000180025095e-35 41.605000000000011
decision_type=2 2 2 2 2 2 2
left_child=3 -2 -3 5 -5 -1 -7
right_child=1 2 -4 4 -6 6 -8
leaf_value=-0.0053606598302420828 -0.011699302796806609 0.10255371651649477 0.013575204698287921 0.024337170562475263 -0.028707701686721345 -0.0066418856258465735 0.023083101814746775
leaf_weight=5376 65 45 87 381 72 1136 808
leaf_count=5376 65 45 87 381 72 1136 808
internal_value=-0.000616455 0.0275131 0.0465446 -0.0013466 0.0156848 -0.00241059 0.00574047
internal_weight=7970 197 132 7773 453 7320 1944
internal_count=7970 197 132 7773 453 7320 1944
is_linear=0
shrinkage=0.02


Tree=854
num_leaves=8
num_cat=0
split_feature=16 56 13 28 40 16 47
split_gain=438.909 597.358 383.955 667.855 509.369 340.753 503.989
threshold=0.17090000000000002 38.785000000000004 463.40000000000003 1.0000000180025095e-35 51.405000000000008 0.72825000000000006 6.5000000000000009
decision_type=2 2 2 2 2 2 2
left_child=1 -1 5 4 -4 -2 -7
right_child=2 -3 3 -5 -6 6 -8
leaf_value=0.0062207055812080704 -0.0002136515367544699 -0.087804357615801007 0.09538029540502109 -0.028092949510956148 0.0089743589264927089 0.035753371158837165 -0.0026393249072381316
leaf_weight=55 7113 47 60 48 49 263 278
leaf_count=55 7113 47 60 48 49 263 278
internal_value=0.00105039 -0.039183 0.00160051 0.0320704 0.0586345 0.000954981 0.0161813
internal_weight=7913 102 7811 157 109 7654 541
internal_count=7913 102 7811 157 109 7654 541
is_linear=0
shrinkage=0.02


Tree=855
num_leaves=8
num_cat=1
split_feature=64 42 40 53 6 2 16
split_gain=413.828 816.118 523.083 461.912 791.106 614.633 798.652
threshold=4.5000000000000009 30.335000000000004 87.625000000000014 38.57500000000001 1.5000000000000002 0 0.53355000000000008
decision_type=2 2 2 2 2 1 2
left_child=2 -2 3 4 5 -1 -7
right_child=1 -3 -4 -5 -6 6 -8
leaf_value=-0.042593769976278638 0.066830996490269898 0.004621612413718619 0.026585281281703042 -0.0049793520337713115 0.039654603745160319 -0.012700471575868311 0.056761691462993619
leaf_weight=108 95 545 236 6518 256 192 95
leaf_count=108 95 545 236 6518 256 192 95
internal_value=-0.00106376 0.0143023 -0.00240058 -0.00337264 0.0126296 -0.00516214 0.0105105
internal_weight=8045 640 7405 7169 651 395 287
internal_count=8045 640 7405 7169 651 395 287
cat_boundaries=0 1
cat_threshold=56
is_linear=0
shrinkage=0.02


Tree=856
num_leaves=8
num_cat=0
split_feature=14 33 10 0 38 15 20
split_gain=372.139 632.861 432.8 512.605 397.448 349.3 1057.98
threshold=43.180000000000007 1.5000000000000002 35760.250000000007 47.500000000000007 99056.750000000015 1.5000000000000002 1328843.7000000002
decision_type=2 2 2 2 8 2 10
left_child=5 4 -3 -4 -2 -1 -7
right_child=1 2 3 -5 -6 6 -8
leaf_value=0.0039730549246685858 -0.010175087183713913 0.018980783826827659 -0.049593214649495072 0.015654577085817304 -0.09245687987535231 -0.0023124095550463605 -0.069264948760518932
leaf_weight=5971 40 168 118 76 57 1453 96
leaf_count=5971 40 168 118 76 57 1453 96
internal_value=0.000706068 -0.0166777 -0.00421872 -0.0242811 -0.0606883 0.0017775 -0.00667133
internal_weight=7979 459 362 194 97 7520 1549
internal_count=7979 459 362 194 97 7520 1549
is_linear=0
shrinkage=0.02


Tree=857
num_leaves=8
num_cat=0
split_feature=17 42 0 20 29 41 38
split_gain=445.02 595.515 555.067 609.359 531.553 498.978 439.433
threshold=43393.55000000001 58.545000000000009 42.500000000000007 706072.05000000016 1.0000000180025095e-35 59.425000000000004 4348.2000000000007
decision_type=2 2 2 8 2 2 10
left_child=-1 2 -2 4 -4 6 -5
right_child=1 -3 3 5 -6 -7 -8
leaf_value=-0.0022360717615409371 0.0018426621697269954 -0.0084596332028712071 -0.031850688831835255 0.088890777819686462 0.043191930674016471 -0.010607499864366319 0.032564724399136352
leaf_weight=6891 320 397 77 130 65 40 109
leaf_count=6891 320 397 77 130 65 40 109
internal_value=-0.000320498 0.011238 0.0217773 0.03673 0.00280054 0.0536454 0.064396
internal_weight=8029 1138 741 421 142 279 239
internal_count=8029 1138 741 421 142 279 239
is_linear=0
shrinkage=0.02


Tree=858
num_leaves=8
num_cat=1
split_feature=23 22 55 14 31 22 1
split_gain=281.576 271.266 298.418 265.18 538.353 597.212 494.256
threshold=1.7500000000000002 5995.1000000000013 44.775000000000013 46.365000000000009 1.0000000180025095e-35 18251.850000000002 0
decision_type=2 2 2 2 2 2 1
left_child=-1 2 -2 -3 6 -6 -5
right_child=1 3 -4 4 5 -7 -8
leaf_value=0.046538734092162207 -0.065997544836539496 0.0010239775602801291 0.0047065589701135949 -0.0050355031291643782 0.021015372815126755 -0.055557964284110951 -0.085894503563210586
leaf_weight=47 47 7542 43 55 161 49 64
leaf_count=47 47 7542 43 55 161 49 64
internal_value=0.000149955 -0.000152954 -0.0337469 0.000252353 -0.0171869 0.00227173 -0.0502327
internal_weight=8008 7961 90 7871 329 210 119
internal_count=8008 7961 90 7871 329 210 119
cat_boundaries=0 1
cat_threshold=2
is_linear=0
shrinkage=0.02


Tree=859
num_leaves=8
num_cat=0
split_feature=0 51 23 38 10 12 12
split_gain=341.504 610.584 793.714 896.849 624.749 590.251 453.758
threshold=67.500000000000014 46.265000000000008 12.050000000000002 18400.200000000004 12000.050000000001 50.820000000000007 30.655000000000005
decision_type=2 2 2 8 2 2 2
left_child=-1 2 5 -4 -3 6 -2
right_child=1 4 3 -5 -6 -7 -8
leaf_value=0.00073765094754131078 0.01811252452571083 -0.068677739539632091 0.12079270103148051 0.01869735440457022 0.01274501027450675 0.049336199338237449 -0.063447975192153672
leaf_weight=7522 49 49 65 72 121 67 52
leaf_count=7522 49 49 65 72 121 67 52
internal_value=0.00178187 0.0181379 0.0348675 0.0696844 -0.0120156 0.00528178 -0.0248911
internal_weight=7997 475 305 137 170 168 101
internal_count=7997 475 305 137 170 168 101
is_linear=0
shrinkage=0.02


Tree=860
num_leaves=8
num_cat=1
split_feature=2 52 61 22 67 10 57
split_gain=456.605 601.67 1227.27 640.629 621.081 680.046 575.163
threshold=0 34.365000000000002 1.0000000180025095e-35 19748.050000000003 22.3538148286347 21652.200000000004 18.535000000000004
decision_type=1 2 2 2 2 2 2
left_child=1 2 3 6 -3 -6 -1
right_child=-2 4 -4 -5 5 -7 -8
leaf_value=-0.10614046594379721 0.0021066218990693757 0.00047838029679796612 0.024954258483294006 0.0020192830713049877 0.017229575409608729 -0.07553653650231415 -0.041018240391311793
leaf_weight=69 5594 1728 138 98 46 86 261
leaf_count=69 5594 1728 138 98 46 86 261
internal_value=-0.00103911 -0.00825681 -0.0262501 -0.0428574 -0.00277002 -0.04376 -0.0560157
internal_weight=8020 2426 566 428 1860 132 330
internal_count=8020 2426 566 428 1860 132 330
cat_boundaries=0 1
cat_threshold=25
is_linear=0
shrinkage=0.02


Tree=861
num_leaves=8
num_cat=0
split_feature=68 23 41 55 14 17 33
split_gain=403.625 745.578 719.246 926.148 978.764 696.421 626.186
threshold=971458.90000000014 2.5500000000000003 14.405000000000003 51.945000000000007 12.895000000000001 35017.80000000001 1.5000000000000002
decision_type=2 2 2 2 2 2 2
left_child=2 -2 3 4 -1 -3 -7
right_child=1 5 -4 -5 -6 6 -8
leaf_value=-0.078853249549865723 0.067812939142739323 -0.013489508666231697 0.0055091999133260539 -0.10527721944282639 0.032578621916472914 0.075979775860905652 0.0051789406908989725
leaf_weight=43 49 1738 5552 48 87 51 473
leaf_count=43 49 1738 5552 48 87 51 473
internal_value=0.00138296 -0.0056649 0.00422794 -0.0347946 -0.00583498 -0.00740265 0.0127229
internal_weight=8041 2311 5730 178 130 2262 524
internal_count=8041 2311 5730 178 130 2262 524
is_linear=0
shrinkage=0.02


Tree=862
num_leaves=8
num_cat=0
split_feature=23 53 23 42 42 21 49
split_gain=405.588 681.125 630.611 558.336 490.826 431.741 485.53
threshold=3.6500000000000008 82.040000000000006 3.8500000000000001 62.995000000000012 78.125000000000014 195088.85000000001 24.500000000000004
decision_type=2 2 2 2 2 10 2
left_child=1 3 -2 5 -5 6 -1
right_child=2 -3 -4 4 -6 -7 -8
leaf_value=-0.044698375900586444 -0.054891057314181868 0.087759095552563671 -0.0010405551877524968 -0.059113494713564176 0.025463662558131751 0.048799578055528044 0.029794167729449414
leaf_weight=55 83 45 7569 69 40 136 79
leaf_count=55 83 45 7569 69 40 136 79
internal_value=-0.000600249 0.0183239 -0.00166013 0.00904431 -0.0283205 0.0243693 -0.00128915
internal_weight=8076 424 7652 379 109 270 134
internal_count=8076 424 7652 379 109 270 134
is_linear=0
shrinkage=0.02


Tree=863
num_leaves=8
num_cat=0
split_feature=49 24 66 13 13 0 41
split_gain=385.948 723.06 304.296 320.563 466.512 664.742 560.159
threshold=4.5000000000000009 2.5000000000000004 0.81250000000000011 431.15000000000003 435.75000000000006 35.500000000000007 36.815000000000005
decision_type=2 2 2 2 2 2 2
left_child=1 -1 3 -2 -5 -6 -7
right_child=2 -3 -4 4 5 6 -8
leaf_value=0.0024928287508782375 -2.8172140906390231e-05 -0.094037296127299885 0.053239428626166457 0.058611773836188194 -0.037860234379768369 0.056739640936903334 0.0036504448270952366
leaf_weight=84 7316 44 40 81 96 110 260
leaf_count=84 7316 44 40 81 96 110 260
internal_value=0.000810442 -0.0329772 0.00137818 0.00108069 0.0157775 0.00778884 0.0199798
internal_weight=8031 128 7903 7863 547 466 370
internal_count=8031 128 7903 7863 547 466 370
is_linear=0
shrinkage=0.02


Tree=864
num_leaves=8
num_cat=1
split_feature=9 58 42 21 2 52 64
split_gain=396.83 613.218 559.584 385.484 927.045 779.83 455.086
threshold=18.500000000000004 53.495000000000012 31.075000000000003 449637.20000000007 0 46.390000000000008 3.5000000000000004
decision_type=2 2 2 10 1 2 2
left_child=3 2 -2 -1 5 -5 -6
right_child=1 -3 -4 4 6 -7 -8
leaf_value=-0.0027130819609689607 0.075926428544659946 -0.03105391329742576 0.014637452303298881 -0.094709846174941867 0.042254573131515968 0.0094721182046288797 0.0017720563639257406
leaf_weight=7038 81 71 205 48 287 61 180
leaf_count=7038 81 71 205 48 287 61 180
internal_value=-0.000450488 0.0200095 0.0330018 -0.0014223 0.014237 -0.0354392 0.0262784
internal_weight=7971 357 286 7614 576 109 467
internal_count=7971 357 286 7614 576 109 467
cat_boundaries=0 1
cat_threshold=17
is_linear=0
shrinkage=0.02


Tree=865
num_leaves=8
num_cat=0
split_feature=16 17 46 13 49 52 17
split_gain=366.871 477.495 663.235 628.163 603.917 392.178 376.822
threshold=0.71425000000000016 4882.1500000000005 4.5000000000000009 343.75000000000006 39.500000000000007 39.135000000000012 2468.3500000000004
decision_type=2 2 2 2 2 2 2
left_child=6 3 4 -2 5 -3 -1
right_child=1 2 -4 -5 -6 -7 -8
leaf_value=-0.01349497727971947 0.011293060786840392 -0.030375773034713886 -0.013533813355846216 0.084463532656431209 0.096637520948623087 0.039026228995567347 0.0011748181477366886
leaf_weight=779 118 49 304 75 42 78 6564
leaf_count=779 118 49 304 75 42 78 6564
internal_value=0.000903712 0.0150597 0.00409812 0.0411421 0.0352922 0.0121128 -0.000389587
internal_weight=8009 666 473 193 169 127 7343
internal_count=8009 666 473 193 169 127 7343
is_linear=0
shrinkage=0.02


Tree=866
num_leaves=8
num_cat=0
split_feature=20 51 14 33 14 8 41
split_gain=444.071 546.202 694.488 743.205 697.095 626.526 502.162
threshold=843941.45000000007 6.9250000000000007 12.335000000000003 2.5000000000000004 10.125000000000002 43.990000000000002 41.735000000000007
decision_type=8 2 2 2 2 2 2
left_child=1 5 3 4 6 -1 -3
right_child=-2 2 -4 -5 -6 -7 -8
leaf_value=0.031821890921632116 0.0033392437997060921 -0.043352497375673718 -0.017573029995305273 -0.0081969114219802505 0.090853090500327915 -0.046214157575368883 0.041050384930874179
leaf_weight=237 5694 40 1502 337 66 45 71
leaf_count=237 5694 40 1502 337 66 45 71
internal_value=0.000344401 -0.00706738 -0.0107206 0.00927975 0.0418656 0.0187811 0.0100773
internal_weight=7992 2298 2016 514 177 282 111
internal_count=7992 2298 2016 514 177 282 111
is_linear=0
shrinkage=0.02


Tree=867
num_leaves=8
num_cat=0
split_feature=64 23 8 23 24 24 53
split_gain=436.737 750.746 835.225 1143.74 1250.48 1139.54 1012.15
threshold=2.5000000000000004 11.050000000000002 14.155000000000003 12.850000000000003 1.5000000000000002 3.5000000000000004 71.115000000000023
decision_type=2 2 2 2 2 2 2
left_child=1 -1 3 -3 -5 -6 -4
right_child=-2 2 6 4 5 -7 -8
leaf_value=-0.0021840024958870064 -0.0015939080095976671 0.13538420746723812 0.024786023528253431 -0.033328860589326957 0.11973719397061308 -0.012321443756421406 -0.02333205395147266
leaf_weight=1202 5690 49 629 73 66 40 237
leaf_count=1202 5690 49 629 73 66 40 237
internal_value=0.00137812 0.00873093 0.0206788 0.0543261 0.029061 0.0715935 0.0115591
internal_weight=7986 2296 1094 228 179 106 866
internal_count=7986 2296 1094 228 179 106 866
is_linear=0
shrinkage=0.02


Tree=868
num_leaves=8
num_cat=0
split_feature=44 41 57 43 57 57 57
split_gain=446.058 892.922 887.829 971.321 862.856 822.593 704.261
threshold=1.0000000180025095e-35 15.475000000000003 10.070000000000002 1.0000000180025095e-35 58.170000000000009 15.295000000000002 34.005000000000003
decision_type=2 2 2 2 2 2 2
left_child=1 -1 -3 4 -4 -5 -7
right_child=-2 2 3 5 -6 6 -8
leaf_value=-0.072644473924193265 0.0018247496073640881 0.044536757177067184 -0.049709495611494445 -0.058490656822469539 0.041162885476131832 0.025787673369840541 -0.0091224964564731569
leaf_weight=81 6359 121 326 86 44 372 593
leaf_count=81 6359 121 326 86 44 372 593
internal_value=-0.000565406 -0.00990701 -0.00638732 -0.0108645 -0.0384983 -0.000999952 0.00439866
internal_weight=7982 1623 1542 1421 370 1051 965
internal_count=7982 1623 1542 1421 370 1051 965
is_linear=0
shrinkage=0.02


Tree=869
num_leaves=8
num_cat=0
split_feature=9 8 13 53 20 25 54
split_gain=375.269 808.177 599.709 373.223 720.652 658.462 532.682
threshold=18.500000000000004 11.965000000000002 416.80000000000001 39.905000000000008 944982.55000000016 1.0000000180025095e-35 89.02500000000002
decision_type=2 2 2 2 8 2 2
left_child=3 -2 -3 4 5 6 -1
right_child=1 2 -4 -5 -6 -7 -8
leaf_value=-0.010654181239505608 -0.048561176740874845 0.045545400543247953 -0.021218622082046102 -0.0027883900162780045 0.02456456495554285 -0.048070435863594677 0.067739889558252636
leaf_weight=115 55 250 65 6856 552 124 44
leaf_count=115 55 250 65 6856 552 124 44
internal_value=-0.00029679 0.0192403 0.0316524 -0.00124857 0.0113359 -0.0144456 0.0124436
internal_weight=8061 370 315 7691 835 283 159
internal_count=8061 370 315 7691 835 283 159
is_linear=0
shrinkage=0.02


Tree=870
num_leaves=8
num_cat=0
split_feature=64 32 53 14 64 66 53
split_gain=338.412 344.485 814.031 624.887 609.337 654.882 519.927
threshold=1.0000000180025095e-35 1.0000000180025095e-35 87.91500000000002 18.895000000000003 4.5000000000000009 0.43750000000000006 67.945000000000007
decision_type=2 2 2 2 2 2 2
left_child=-1 2 -2 -4 -3 6 -6
right_child=1 4 3 -5 5 -7 -8
leaf_value=-0.050508859961547636 0.00063935522000856517 -0.011149705113234414 0.0095606116319659849 0.075714424359566962 0.01187476524964292 -0.0045491621358409035 0.072843815264653181
leaf_weight=50 4826 2232 132 98 136 393 93
leaf_count=50 4826 2232 132 98 136 393 93
internal_value=-0.00106972 -0.000725497 0.00241002 0.0387591 -0.00627472 0.0111682 0.0376625
internal_weight=7960 7910 5056 230 2854 622 229
internal_count=7960 7910 5056 230 2854 622 229
is_linear=0
shrinkage=0.02


Tree=871
num_leaves=8
num_cat=0
split_feature=17 18 52 14 67 54 65
split_gain=494.822 1202.37 1312.33 868.602 498.94 1591.52 873.61
threshold=1044.3000000000002 85253.650000000009 38.375000000000007 16.315000000000001 23.887008173568699 80.115000000000023 0.73214285714285732
decision_type=2 2 2 2 2 2 2
left_child=1 2 -1 -4 -2 -6 -7
right_child=4 -3 3 -5 5 6 -8
leaf_value=-0.14198493944555521 0.0030931766661714427 0.056335524858868856 -0.071257128309182544 0.042359374223483938 0.039117946582780755 -0.055124559610054406 0.024489244712250575
leaf_weight=45 7274 44 49 49 137 285 65
leaf_count=45 7274 44 49 49 137 285 65
internal_value=0.000993188 -0.0307254 -0.0585117 -0.0151503 0.00177673 -0.0177177 -0.0402025
internal_weight=7948 187 143 98 7761 487 350
internal_count=7948 187 143 98 7761 487 350
is_linear=0
shrinkage=0.02


Tree=872
num_leaves=8
num_cat=0
split_feature=42 40 64 13 8 67 21
split_gain=334.217 849.61 942.155 790.057 869.709 740.362 1048.68
threshold=40.775000000000013 56.465000000000011 4.5000000000000009 402.75000000000006 47.650000000000006 3.7978289395412328 310560.45000000007
decision_type=2 2 2 2 2 2 10
left_child=1 2 3 5 -5 6 -1
right_child=-2 -3 -4 4 -6 -7 -8
leaf_value=-0.0031326746827654173 -0.0013408470737056356 0.050188852744123151 0.053135988691184147 0.0377303737946919 -0.055258645600760756 0.010621132833322128 -0.046987314735030393
leaf_weight=874 5318 168 144 345 41 825 286
leaf_count=874 5318 168 144 345 41 825 286
internal_value=0.0015632 0.00731112 0.00435302 0.00128466 0.027273 -0.00382482 -0.0141004
internal_weight=8001 2683 2515 2371 386 1985 1160
internal_count=8001 2683 2515 2371 386 1985 1160
is_linear=0
shrinkage=0.02


Tree=873
num_leaves=8
num_cat=0
split_feature=23 40 52 57 13 52 56
split_gain=439.203 846.375 755.455 837.577 679.973 660.042 773.228
threshold=11.050000000000002 10.345000000000001 50.665000000000006 5.0150000000000015 354.35000000000008 51.745000000000012 30.575000000000003
decision_type=2 2 2 2 2 2 2
left_child=-1 4 3 -3 -2 -4 -7
right_child=1 2 5 -5 -6 6 -8
leaf_value=-0.0032673888739266454 0.0021633822063230118 -0.048455033814295743 -0.058130683310329917 0.018514502024967537 -0.10249505928626247 -0.037663786026006715 0.0054787238466306202
leaf_weight=4158 48 73 75 1935 46 182 1487
leaf_count=4158 48 73 75 1935 46 182 1487
internal_value=0.00123668 0.00610406 0.0076176 0.0159655 -0.0516423 -0.00201219 0.000675704
internal_weight=8004 3846 3752 2008 94 1744 1669
internal_count=8004 3846 3752 2008 94 1744 1669
is_linear=0
shrinkage=0.02


Tree=874
num_leaves=8
num_cat=0
split_feature=42 64 41 58 42 18 58
split_gain=503.105 732.726 711.646 763.111 766.243 956.375 1204.44
threshold=46.840000000000011 4.5000000000000009 48.285000000000004 30.105000000000004 37.965000000000011 581302.05000000016 25.655000000000005
decision_type=2 2 2 2 2 2 2
left_child=1 2 3 4 5 6 -1
right_child=-2 -3 -4 -5 -6 -7 -8
leaf_value=-0.014747166575235858 -0.003886566031601976 0.039718149782085613 0.018821163806030855 0.0048092392509505276 0.015066112111733612 0.023944380609024513 -0.086223711296064515
leaf_weight=210 4433 238 907 1802 174 90 170
leaf_count=210 4433 238 907 1802 174 90 170
internal_value=0.000618992 0.00617866 0.00374239 -0.00187595 -0.0204749 -0.0336528 -0.047428
internal_weight=8024 3591 3353 2446 644 470 380
internal_count=8024 3591 3353 2446 644 470 380
is_linear=0
shrinkage=0.02


Tree=875
num_leaves=8
num_cat=0
split_feature=17 0 41 13 46 0 23
split_gain=550.013 1116.04 967.234 988.649 951.92 921.245 800.39
threshold=17461.800000000003 20.500000000000004 16.995000000000001 389.15000000000003 5.5000000000000009 61.500000000000007 23.150000000000002
decision_type=2 2 2 2 2 2 2
left_child=2 4 3 -1 -2 -3 -4
right_child=1 5 6 -5 -6 -7 -8
leaf_value=-0.0649756778452973 0.0046014859071418423 0.0066999383848955546 -0.003288619594460418 0.030225651547060174 -0.10543133656183878 0.046665619948988449 0.031015772880425608
leaf_weight=178 62 2455 4638 54 58 250 284
leaf_count=178 62 2455 4638 54 58 250 284
internal_value=0.000705783 0.00779071 -0.00318138 -0.0426466 -0.050671 0.0104729 -0.00127979
internal_weight=7979 2825 5154 232 120 2705 4922
internal_count=7979 2825 5154 232 120 2705 4922
is_linear=0
shrinkage=0.02


Tree=876
num_leaves=8
num_cat=0
split_feature=49 17 49 54 49 42 42
split_gain=357.203 871.225 628.185 1157.97 604.832 830.817 677.195
threshold=62.500000000000007 11481.900000000001 57.500000000000007 90.295000000000016 80.500000000000014 45.875000000000007 62.230000000000011
decision_type=2 2 2 2 2 2 2
left_child=2 4 -1 -4 6 -6 -2
right_child=1 -3 3 -5 5 -7 -8
leaf_value=-0.0012216402996500777 -0.085555097133140356 0.0096888355339852326 -0.003966438092615294 0.099470206952430834 0.065248797569009989 -0.046545173525810245 -0.0021851074987401563
leaf_weight=7266 131 256 110 66 40 60 55
leaf_count=7266 131 256 110 66 40 60 55
internal_value=-0.00145242 -0.0170513 -0.000305667 0.0364986 -0.0407417 -0.000849908 -0.0616052
internal_weight=7984 542 7442 176 286 100 186
internal_count=7984 542 7442 176 286 100 186
is_linear=0
shrinkage=0.02


Tree=877
num_leaves=8
num_cat=0
split_feature=16 50 42 49 18 67 40
split_gain=570.984 874.133 985.993 549.305 701.829 841.607 669.022
threshold=0.60415000000000008 3.5000000000000004 40.775000000000013 9.5000000000000018 276438.50000000006 3.7978289395412328 36.405000000000008
decision_type=2 2 2 2 2 2 2
left_child=1 3 -3 4 5 6 -1
right_child=-2 2 -4 -5 -6 -7 -8
leaf_value=-0.06403322378794353 0.0078328031047621462 0.088236412409473872 -0.00091223289251267424 -0.0037376819497417532 -0.05540116294209535 0.04951745204627514 -0.0051190979131530943
leaf_weight=103 2004 80 119 5148 187 75 273
leaf_count=103 2004 80 119 5148 187 75 273
internal_value=-0.00139499 -0.00448875 0.0362107 -0.0059186 -0.0233504 -0.00959934 -0.0218863
internal_weight=7989 5985 199 5786 638 451 376
internal_count=7989 5985 199 5786 638 451 376
is_linear=0
shrinkage=0.02


Tree=878
num_leaves=8
num_cat=0
split_feature=32 57 54 21 34 9 53
split_gain=444.673 591.634 692.099 835.759 737.946 653.627 608.813
threshold=1.0000000180025095e-35 12.910000000000002 99.075000000000003 269156.50000000006 1.5000000000000002 28.500000000000004 80.75500000000001
decision_type=2 2 2 8 2 2 2
left_child=1 2 3 4 -1 -3 -5
right_child=-2 5 -4 6 -6 -7 -8
leaf_value=-0.0950911730908333 -0.0067769617768488237 -0.00023745999701970093 0.076216130065329277 0.035299037023037258 0.0056367980139330033 0.072477886772155761 -0.043286573544144627
leaf_weight=42 2887 4466 76 356 75 45 40
leaf_count=42 2887 4466 76 356 75 45 40
internal_value=-0.000511329 0.00303867 0.0218017 0.0130825 -0.0329372 0.000567363 0.0269203
internal_weight=7987 5100 589 513 117 4511 396
internal_count=7987 5100 589 513 117 4511 396
is_linear=0
shrinkage=0.02


Tree=879
num_leaves=8
num_cat=1
split_feature=57 57 46 9 11 54 54
split_gain=361.04 757.381 953.985 772.1 1018.65 876.667 735.373
threshold=18.535000000000004 11.340000000000002 2.5000000000000004 11.500000000000002 0 73.385000000000005 77.855000000000004
decision_type=2 2 2 2 9 2 2
left_child=1 2 -1 4 5 -3 -7
right_child=-2 3 -4 -5 -6 6 -8
leaf_value=-0.046237430155156106 0.0019815217081526042 0.02285589085056864 0.0142931882583874 0.02356854280419347 -0.00062199980983634331 -0.13781304192035757 -0.050113573566394641
leaf_weight=118 6414 53 676 119 266 42 302
leaf_count=118 6414 53 676 119 266 42 302
internal_value=-0.000127161 -0.0086882 0.0050644 -0.0225953 -0.0309955 -0.0510857 -0.0626421
internal_weight=7990 1576 794 782 663 397 344
internal_count=7990 1576 794 782 663 397 344
cat_boundaries=0 1
cat_threshold=2
is_linear=0
shrinkage=0.02


Tree=880
num_leaves=8
num_cat=0
split_feature=14 33 22 38 10 9 0
split_gain=543.887 507.96 542.796 659.106 433.149 951.485 1035.91
threshold=43.180000000000007 2.5000000000000004 10403.700000000003 38480.000000000007 22769.550000000007 21.500000000000004 36.500000000000007
decision_type=2 2 2 8 2 2 2
left_child=4 2 -2 -4 5 6 -1
right_child=1 -3 3 -5 -6 -7 -8
leaf_value=0.020137705201066947 0.016754468308419597 -0.0017633548014080575 -0.01437134721233875 -0.094758774035600665 -0.0029506317528053124 0.067894779311286083 -0.00551118900773955
leaf_weight=1042 44 238 74 92 4846 94 1577
leaf_count=1042 44 238 74 92 4846 94 1577
internal_value=-0.000644149 -0.0219304 -0.0442138 -0.0603914 0.000631087 0.00702246 0.00471245
internal_weight=8007 448 210 166 7559 2713 2619
internal_count=8007 448 210 166 7559 2713 2619
is_linear=0
shrinkage=0.02


Tree=881
num_leaves=8
num_cat=0
split_feature=56 41 66 56 57 42 56
split_gain=551.918 356.618 634.109 609.231 446.705 375.043 834.603
threshold=59.970000000000006 83.670000000000016 0.31250000000000006 45.360000000000007 32.110000000000007 50.485000000000007 52.905000000000008
decision_type=2 2 2 2 2 2 2
left_child=1 5 3 4 -3 6 -1
right_child=-2 2 -4 -5 -6 -7 -8
leaf_value=0.0022877142370005092 -0.062668859698555693 0.013520482477421563 -0.0053981381110728734 -0.017880929724677749 0.093539303393809364 -0.004727712197881608 0.048351281350705683
leaf_weight=3891 50 43 184 41 86 3577 159
leaf_count=3891 50 43 184 41 86 3577 159
internal_value=0.000470306 0.000904855 0.0203852 0.0476488 0.0683661 -1.20703e-05 0.00415353
internal_weight=8031 7981 354 170 129 7627 4050
internal_count=8031 7981 354 170 129 7627 4050
is_linear=0
shrinkage=0.02


Tree=882
num_leaves=8
num_cat=0
split_feature=14 47 48 54 56 18 21
split_gain=309.73 663.659 544.131 536.962 435.682 424.42 519.91
threshold=7.5550000000000006 5.5000000000000009 2.5000000000000004 82.955000000000013 43.055000000000007 394966.85000000003 350605.15000000008
decision_type=2 2 2 2 2 2 8
left_child=1 5 -3 -4 -5 6 -1
right_child=-2 2 3 4 -6 -7 -8
leaf_value=-0.074560307346816568 0.00015748728646221006 0.040031165647393063 0.021738573691424203 -0.072375772250937179 0.0080654297893246012 -0.098739773016026683 0.0037220563259389669
leaf_weight=51 7522 96 80 72 40 42 85
leaf_count=51 7522 96 80 72 40 42 85
internal_value=-0.000827576 -0.016561 0.00232401 -0.0170671 -0.0445298 -0.0463451 -0.0272368
internal_weight=7988 466 288 192 112 178 136
internal_count=7988 466 288 192 112 178 136
is_linear=0
shrinkage=0.02


Tree=883
num_leaves=8
num_cat=0
split_feature=64 52 34 41 23 36 23
split_gain=594.998 1144.2 1206.27 1047.4 709.89 1115.29 879.249
threshold=2.5000000000000004 83.715000000000018 3.5000000000000004 81.220000000000013 11.050000000000002 2.5000000000000004 10.450000000000001
decision_type=2 2 2 2 2 2 2
left_child=1 2 3 4 5 6 -1
right_child=-2 -3 -4 -5 -6 -7 -8
leaf_value=2.6872749793719947e-05 -0.0028996832508674094 0.074616734716201241 0.08386340216382758 0.070460845416181542 0.012542780485962714 -0.091865815725177533 -0.065780806504608547
leaf_weight=928 5716 97 72 84 992 59 84
leaf_count=928 5716 97 72 84 992 59 84
internal_value=0.000565713 0.0091063 0.0060813 0.00328408 0.000385068 -0.0108818 -0.00573198
internal_weight=8032 2316 2219 2147 2063 1071 1012
internal_count=8032 2316 2219 2147 2063 1071 1012
is_linear=0
shrinkage=0.02


Tree=884
num_leaves=8
num_cat=0
split_feature=20 12 23 38 40 40 34
split_gain=468.157 558.898 816.927 533.637 810.667 775.206 544.991
threshold=630416.75000000012 37.515000000000008 18.450000000000003 4765.3500000000013 34.205000000000005 47.82500000000001 1.5000000000000002
decision_type=8 2 2 10 2 2 2
left_child=1 2 3 5 -5 6 -1
right_child=-2 -3 -4 4 -6 -7 -8
leaf_value=-0.12877730193345444 0.0021930417735059249 -0.0016407070967261565 -0.0915189677287995 0.081824909066376489 -0.016670869088512126 -0.00048636831407961636 -0.032921138834208254
leaf_weight=41 6635 881 66 41 118 110 59
leaf_count=41 6635 881 66 41 118 110 59
internal_value=2.97979e-05 -0.0108438 -0.0292524 -0.0170407 0.0104477 -0.0376123 -0.0764829
internal_weight=7951 1316 435 369 159 210 100
internal_count=7951 1316 435 369 159 210 100
is_linear=0
shrinkage=0.02


Tree=885
num_leaves=8
num_cat=0
split_feature=16 0 52 55 24 52 55
split_gain=466.849 663.982 1067.69 1005.78 835.285 673.785 617.088
threshold=0.77305000000000013 22.500000000000004 38.685000000000009 31.995000000000001 1.5000000000000002 49.665000000000006 43.435000000000009
decision_type=2 2 2 2 2 2 2
left_child=1 2 -1 -4 6 -6 -5
right_child=-2 -3 3 4 5 -7 -8
leaf_value=-0.058307188604624152 0.023706794614289085 -6.7152835264374047e-05 0.08467504825766968 -0.0026744239756296717 0.072287340745574136 -0.0055510435048156158 -0.063781647316118087
leaf_weight=204 289 6958 41 119 56 162 145
leaf_count=204 289 6958 41 119 56 162 145
internal_value=-0.00102836 -0.00197336 -0.0200922 -0.00477523 -0.0131753 0.0156166 -0.0367988
internal_weight=7974 7685 727 523 482 218 264
internal_count=7974 7685 727 523 482 218 264
is_linear=0
shrinkage=0.02


Tree=886
num_leaves=8
num_cat=0
split_feature=64 41 53 22 55 16 12
split_gain=466.933 916.106 798.761 1787.65 1292.13 1228.18 1111.16
threshold=2.5000000000000004 80.610000000000014 65.295000000000016 10344.350000000002 32.535000000000004 0.38535000000000003 68.410000000000011
decision_type=2 2 2 2 2 2 2
left_child=1 2 4 -4 -1 -5 -6
right_child=-2 -3 3 5 6 -7 -8
leaf_value=0.081991090706416539 -0.0031042911181906863 0.067065819589929146 0.048697455443880142 -0.067719073654377779 0.0018377566669813611 -0.0080903928535218557 0.059720907994848214
leaf_weight=100 5692 94 165 181 1095 544 146
leaf_count=100 5692 94 165 181 1095 544 146
internal_value=-1.94443e-05 0.00752325 0.00487015 -0.00978638 0.0145977 -0.0233389 0.00885986
internal_weight=8017 2325 2231 890 1341 725 1241
internal_count=8017 2325 2231 890 1341 725 1241
is_linear=0
shrinkage=0.02


Tree=887
num_leaves=8
num_cat=1
split_feature=58 42 3 16 40 40 8
split_gain=390.365 817.684 769.417 534.267 979.077 1194.14 811.943
threshold=34.375000000000007 40.775000000000013 0 0.50155000000000005 47.82500000000001 41.225000000000001 54.410000000000004
decision_type=2 2 1 2 2 2 2
left_child=2 3 -1 6 5 -5 -2
right_child=1 -3 -4 4 -6 -7 -8
leaf_value=-0.041054092235533537 0.010143499624963496 -0.0022544021621203106 -0.0026907803445808914 0.028285695755286892 0.073738538831675138 -0.046028977404706753 -0.058571215683221815
leaf_weight=211 828 3269 2879 517 142 99 70
leaf_count=211 828 3269 2879 517 142 99 70
internal_value=5.33819e-05 0.00354837 -0.00551384 0.0149755 0.027284 0.0160678 0.00449246
internal_weight=8015 4925 3090 1656 758 616 898
internal_count=8015 4925 3090 1656 758 616 898
cat_boundaries=0 1
cat_threshold=2
is_linear=0
shrinkage=0.02


Tree=888
num_leaves=8
num_cat=0
split_feature=12 47 21 57 23 57 58
split_gain=388.675 793.114 1091 790.854 844.93 727.132 709.528
threshold=19.995000000000001 3.5000000000000004 319550.90000000008 46.960000000000008 4.4500000000000011 21.475000000000005 29.015000000000004
decision_type=2 2 10 2 2 2 2
left_child=1 5 3 4 -3 -1 -6
right_child=-2 2 -4 -5 6 -7 -8
leaf_value=-0.045000665948746049 0.00090904217304986425 0.060099997854962645 0.019991075419462646 -0.068656367212950195 0.032647956782020628 0.045538210935940023 -0.037893447382399789
leaf_weight=42 6981 44 203 174 63 146 380
leaf_count=42 6981 44 203 174 63 146 380
internal_value=-0.000801637 -0.0121042 -0.0202018 -0.0326029 -0.0191545 0.0246696 -0.0276092
internal_weight=8033 1052 864 661 487 188 443
internal_count=8033 1052 864 661 487 188 443
is_linear=0
shrinkage=0.02


Tree=889
num_leaves=8
num_cat=0
split_feature=21 55 64 33 20 33 17
split_gain=491.494 1121.05 875.307 729.398 556.609 555.873 581.057
threshold=217840.55000000002 54.735000000000007 2.5000000000000004 1.5000000000000002 709704.65000000014 2.5000000000000004 12461.700000000003
decision_type=8 2 2 2 10 2 2
left_child=1 2 3 -1 -5 6 -4
right_child=-2 -3 5 4 -6 -7 -8
leaf_value=-0.0068938453229410316 -0.0014880329369447237 -0.040739006557333188 0.075508551088611736 0.10450257824158127 0.02089230091345531 -0.0024054100957148689 -0.0032598227780798205
leaf_weight=51 7203 122 84 105 49 396 64
leaf_count=51 7203 122 84 105 49 396 64
internal_value=0.000231289 0.0143771 0.0235652 0.0582734 0.0793929 0.0100743 0.0424532
internal_weight=8074 871 749 205 154 544 148
internal_count=8074 871 749 205 154 544 148
is_linear=0
shrinkage=0.02


Tree=890
num_leaves=8
num_cat=0
split_feature=43 47 9 16 25 64 54
split_gain=446.851 626.589 697.838 1260.61 795.566 575.244 578.816
threshold=1.0000000180025095e-35 5.5000000000000009 1.5000000000000002 0.42705000000000004 1.0000000180025095e-35 1.5000000000000002 79.645000000000024
decision_type=2 2 2 2 2 2 2
left_child=-1 2 3 -2 -5 -4 -7
right_child=1 -3 5 4 -6 6 -8
leaf_value=-0.00913292121338217 -0.055418877065534423 -0.0034643189907712512 0.084240710514908043 -0.012244237569747147 0.043429683061339049 0.030854853227667442 0.0062175762896805788
leaf_weight=1990 164 3634 43 265 161 550 1231
leaf_count=1990 164 3634 43 265 161 550 1231
internal_value=-0.00092457 0.00178157 0.0096695 -0.00918052 0.00905657 0.0157752 0.013891
internal_weight=8038 6048 2414 590 426 1824 1781
internal_count=8038 6048 2414 590 426 1824 1781
is_linear=0
shrinkage=0.02


Tree=891
num_leaves=8
num_cat=0
split_feature=8 48 41 10 68 68 48
split_gain=638.284 577.93 671.104 628.629 545.469 460.534 531.662
threshold=8.5850000000000026 5.5000000000000009 46.965000000000011 12355.400000000001 706522.55000000016 1820341.55 6.5000000000000009
decision_type=2 2 2 2 2 2 2
left_child=1 2 -1 -4 -3 -2 -7
right_child=5 4 3 -5 -6 6 -8
leaf_value=0.085517367949807341 -0.0023453540237578746 0.022892176028560193 -0.034928389174242812 0.048314897872066949 -0.059908417793282986 0.038083307778617986 -0.012771806136125654
leaf_weight=90 7270 80 55 88 46 235 122
leaf_count=90 7270 80 55 88 46 235 122
internal_value=-1.65484e-05 0.0258578 0.044209 0.0161999 -0.00846942 -0.00125059 0.0207679
internal_weight=7986 359 233 143 126 7627 357
internal_count=7986 359 233 143 126 7627 357
is_linear=0
shrinkage=0.02


Tree=892
num_leaves=8
num_cat=0
split_feature=22 22 41 20 33 23 53
split_gain=260.421 570.065 703.945 569.553 636.683 1104.32 936.595
threshold=10900.950000000003 12431.850000000002 74.365000000000023 884418.70000000007 2.5000000000000004 10.850000000000003 65.565000000000012
decision_type=2 2 2 10 2 2 2
left_child=3 2 -2 4 6 -6 -1
right_child=1 -3 -4 -5 5 -7 -8
leaf_value=0.0076310976184818741 -0.021625811586792793 0.0015452606375428047 0.037481760710477825 -0.012844760484292226 0.024311366649250932 -0.024793409074346226 0.053804142010957005
leaf_weight=429 800 5224 85 420 368 355 295
leaf_count=429 800 5224 85 420 368 355 295
internal_value=0.00102511 -0.000974035 -0.0157701 0.00755162 0.0134956 0.000195759 0.0266847
internal_weight=7976 6109 885 1867 1447 723 724
internal_count=7976 6109 885 1867 1447 723 724
is_linear=0
shrinkage=0.02


Tree=893
num_leaves=8
num_cat=0
split_feature=62 10 57 41 12 57 17
split_gain=400.404 790.323 1197.26 1155 1075.59 800.707 729.575
threshold=1.0000000180025095e-35 43528.750000000007 23.225000000000005 32.935000000000009 51.790000000000006 33.195000000000007 5791.9000000000005
decision_type=2 2 2 2 2 2 2
left_child=-1 2 3 -2 5 -4 -5
right_child=1 -3 4 6 -6 -7 -8
leaf_value=0.0018624454466398049 -0.12130266641293254 0.006626868497595694 0.020088051509571405 0.0043698369204363922 0.018808702414113834 -0.032865348440829945 -0.056856496865550679
leaf_weight=5535 65 917 141 136 417 538 175
leaf_count=5535 65 917 141 136 417 538 175
internal_value=-0.00109182 -0.00792606 -0.0169837 -0.0475307 -0.00633584 -0.0218027 -0.0304368
internal_weight=7924 2389 1472 376 1096 679 311
internal_count=7924 2389 1472 376 1096 679 311
is_linear=0
shrinkage=0.02


Tree=894
num_leaves=8
num_cat=0
split_feature=44 57 52 56 56 0 21
split_gain=364.434 952.557 846.168 710.003 780.432 1183.44 1115.99
threshold=1.0000000180025095e-35 8.7700000000000014 55.245000000000012 52.055000000000007 41.255000000000003 43.500000000000007 1.0000000180025095e-35
decision_type=2 2 2 2 2 2 10
left_child=1 2 -1 4 5 -3 -6
right_child=-2 3 -4 -5 6 -7 -8
leaf_value=0.00064865218289196492 3.1170914878736586e-05 0.017127594454826412 0.10755844827817411 0.041268763057021207 -0.071200216019018894 -0.028220669785321256 -0.01299783112430743
leaf_weight=75 6360 436 44 81 219 477 327
leaf_count=75 6360 436 44 81 219 477 327
internal_value=-0.00214898 -0.0104819 0.0429214 -0.0147341 -0.0179735 -0.00658943 -0.036777
internal_weight=8019 1659 119 1540 1459 913 546
internal_count=8019 1659 119 1540 1459 913 546
is_linear=0
shrinkage=0.02


Tree=895
num_leaves=8
num_cat=0
split_feature=43 49 53 13 37 14 52
split_gain=434.692 960.949 1266.88 984.108 804.929 1011.54 1037.02
threshold=1.0000000180025095e-35 34.500000000000007 67.145000000000024 320.55000000000007 0.56350000000000011 22.235000000000003 56.055000000000007
decision_type=2 2 2 2 2 2 2
left_child=1 4 -3 -4 -1 6 -6
right_child=-2 2 3 -5 5 -7 -8
leaf_value=-0.0045944758519456666 0.0026108215566652626 -0.0067047106546999739 -0.010269027265477116 -0.09516531605784799 -0.041185657382011416 0.10245088009691949 0.077272030251721552
leaf_weight=1146 6043 412 87 148 72 62 43
leaf_count=1146 6043 412 87 148 72 62 43
internal_value=-4.95049e-05 -0.00819604 -0.0280689 -0.0646043 0.00159166 0.0406702 0.00448135
internal_weight=8013 1970 647 235 1323 177 115
internal_count=8013 1970 647 235 1323 177 115
is_linear=0
shrinkage=0.02


Tree=896
num_leaves=8
num_cat=0
split_feature=17 20 32 57 49 21 34
split_gain=386.56 832.067 725.128 528.433 527.878 519.513 513.95
threshold=35695.450000000004 616267.10000000009 1.0000000180025095e-35 52.645000000000003 44.500000000000007 210250.80000000002 3.5000000000000004
decision_type=2 8 2 2 2 10 2
left_child=6 3 -3 4 5 -2 -1
right_child=1 2 -4 -5 -6 -7 -8
leaf_value=-0.0039170520065819874 -0.053857076262726511 0.031700424199531736 -2.2372885255200306e-05 0.038172785300834504 -0.0870825849047729 0.011438687710926449 0.017467416380234448
leaf_weight=6158 80 603 548 46 51 111 480
leaf_count=6158 80 603 548 46 51 111 480
internal_value=-0.000320265 0.00905866 0.0166622 -0.0210948 -0.0329052 -0.0165865 -0.00235874
internal_weight=8077 1439 1151 288 242 191 6638
internal_count=8077 1439 1151 288 242 191 6638
is_linear=0
shrinkage=0.02


Tree=897
num_leaves=8
num_cat=0
split_feature=52 52 67 55 0 38 52
split_gain=341.861 780.455 545.333 674.538 831.535 502.337 492.366
threshold=15.630000000000001 13.260000000000002 5.6015988926806779 40.915000000000006 49.500000000000007 2709.5500000000006 19.225000000000005
decision_type=2 2 2 2 2 10 2
left_child=1 2 3 -1 -5 -4 -2
right_child=6 -3 5 4 -6 -7 -8
leaf_value=-0.070302867988584108 0.032206792055776243 -0.068782982672465617 -0.012093990601244426 0.033303701306382813 -0.057705117685179559 0.06741762007350352 -0.00040580770189123963
leaf_weight=72 185 89 58 109 57 62 7285
leaf_count=72 185 89 58 109 57 62 7285
internal_value=-0.000598839 -0.0174888 -0.00396517 -0.0213762 0.00128014 0.0300405 0.00042287
internal_weight=7917 447 358 238 166 120 7470
internal_count=7917 447 358 238 166 120 7470
is_linear=0
shrinkage=0.02


Tree=898
num_leaves=8
num_cat=1
split_feature=3 23 12 42 0 42 54
split_gain=375.335 809.572 815.751 653.531 625.648 619.509 629.26
threshold=0 18.450000000000003 18.585000000000004 4.6300000000000017 55.500000000000007 66.935000000000016 92.125000000000014
decision_type=1 2 2 2 2 2 2
left_child=1 -1 -3 -2 5 -4 -7
right_child=3 2 4 -5 -6 6 -8
leaf_value=0.0075876289617591176 -0.070263488921026393 -0.083787751523082821 -0.035615563227769896 -0.0037289291311246578 0.033534318655729298 -0.021136180789520346 0.073837395170513465
leaf_weight=3454 55 62 291 3836 103 61 44
leaf_count=3454 55 62 291 3836 103 61 44
internal_value=-0.000329194 0.00395394 -0.0182177 -0.00474619 -0.00932035 -0.020746 0.0202095
internal_weight=7906 4015 561 3891 499 396 105
internal_count=7906 4015 561 3891 499 396 105
cat_boundaries=0 1
cat_threshold=5
is_linear=0
shrinkage=0.02


Tree=899
num_leaves=8
num_cat=0
split_feature=68 40 17 52 52 52 12
split_gain=350.843 785.951 781.736 655.647 877.341 851.005 778.78
threshold=172585.30000000002 61.630000000000003 2005.0500000000002 32.835000000000008 22.125000000000004 57.155000000000008 66.815000000000012
decision_type=2 2 2 2 2 2 2
left_child=1 3 -3 4 -1 -5 -7
right_child=-2 2 -4 5 -6 6 -8
leaf_value=-0.007209669516183609 0.0019881121430031516 0.076198263113845643 0.0031835471130907535 0.0067418071286805686 -0.071534020430168946 -0.052615703071586875 0.010568477732397743
leaf_weight=167 6189 62 475 594 170 237 113
leaf_count=167 6189 62 475 594 170 237 113
internal_value=-0.00028187 -0.00799381 0.0122387 -0.01649 -0.0402296 -0.00784782 -0.0323547
internal_weight=8007 1818 537 1281 337 944 350
internal_count=8007 1818 537 1281 337 944 350
is_linear=0
shrinkage=0.02


Tree=900
num_leaves=8
num_cat=2
split_feature=8 7 1 16 17 21 16
split_gain=433.269 767.207 639.491 731.211 623.877 845.203 816.637
threshold=26.065000000000001 0 1 0.47905000000000003 3833.6500000000005 284278.15000000008 0.71425000000000016
decision_type=2 1 1 2 2 8 2
left_child=4 2 -2 -4 6 -6 -1
right_child=1 -3 3 -5 5 -7 -8
leaf_value=0.010646102533913002 -0.070157805803551604 -0.00329475484645752 -0.059076201446720815 0.033403171911859555 0.017013308897901223 -0.0070101612606632479 0.066974475575316481
leaf_weight=886 129 3657 56 73 781 2295 112
leaf_count=886 129 3657 56 73 781 2295 112
internal_value=-0.000991607 -0.00573921 -0.0380928 -0.00744926 0.00357215 -0.000892863 0.0172699
internal_weight=7989 3915 258 129 4074 3076 998
internal_count=7989 3915 258 129 4074 3076 998
cat_boundaries=0 1 2
cat_threshold=32 2
is_linear=0
shrinkage=0.02


Tree=901
num_leaves=8
num_cat=0
split_feature=22 8 66 42 8 40 58
split_gain=308.812 420.804 293.119 514.564 354.313 595.222 658.127
threshold=5995.1000000000013 27.965000000000003 0.68750000000000011 33.505000000000003 54.410000000000004 61.115000000000002 25.025000000000002
decision_type=2 2 2 2 2 2 2
left_child=1 -1 4 -4 -2 6 -6
right_child=2 -3 3 -5 5 -7 -8
leaf_value=-0.06642080564390529 -0.00043129269328600668 0.013742313994013744 0.071470090590417382 0.0043651097603142263 0.032518650418413536 0.017831342710072504 -0.042764728746697553
leaf_weight=61 7129 41 55 195 51 131 300
leaf_count=61 7129 41 55 195 51 131 300
internal_value=-0.0013133 -0.0350619 -0.000853388 0.0202401 -0.00155908 -0.0180639 -0.031523
internal_weight=7963 102 7861 250 7611 482 351
internal_count=7963 102 7861 250 7611 482 351
is_linear=0
shrinkage=0.02


Tree=902
num_leaves=8
num_cat=1
split_feature=7 10 47 9 9 54 49
split_gain=429.018 698.958 690.28 696.651 576.595 836.047 557.828
threshold=0 32490.950000000004 6.5000000000000009 10.500000000000002 9.5000000000000018 72.295000000000016 31.500000000000004
decision_type=1 2 2 2 2 2 2
left_child=1 2 4 -4 5 -1 -3
right_child=-2 6 3 -5 -6 -7 -8
leaf_value=-0.078479078928737539 0.0021429866656164556 -0.080410562422364315 -0.013423010304202303 -0.09117843481302261 0.067171390426773878 0.010363024916347519 0.0025656133890151977
leaf_weight=41 6543 89 638 45 58 533 49
leaf_count=41 6543 89 638 45 58 533 49
internal_value=-4.48935e-05 -0.00981805 -0.00529761 -0.0191714 0.00972852 0.00339425 -0.0518885
internal_weight=7996 1453 1315 683 632 574 138
internal_count=7996 1453 1315 683 632 574 138
cat_boundaries=0 1
cat_threshold=48
is_linear=0
shrinkage=0.02


Tree=903
num_leaves=8
num_cat=0
split_feature=54 53 33 15 49 40 15
split_gain=348.087 1011.52 1044.82 880.006 956.719 720.83 846.115
threshold=82.855000000000004 29.865000000000006 2.5000000000000004 1.0000000180025095e-35 52.500000000000007 76.460000000000022 2.5000000000000004
decision_type=2 2 2 2 2 2 2
left_child=1 -1 3 4 -3 6 -5
right_child=-2 2 -4 5 -6 -7 -8
leaf_value=-0.054505397222544022 -0.0046499308955978104 0.043073622650090439 -0.0045412023307340515 -0.027170923661144954 -0.031402924192385585 0.063288771264693316 0.022926435651794332
leaf_weight=109 5023 616 1606 310 74 63 231
leaf_count=109 5023 616 1606 310 74 63 231
internal_value=-0.00142914 0.00394619 0.0062332 0.0195715 0.0349178 0.00189726 -0.00576594
internal_weight=8032 3009 2900 1294 690 604 541
internal_count=8032 3009 2900 1294 690 604 541
is_linear=0
shrinkage=0.02


Tree=904
num_leaves=8
num_cat=0
split_feature=15 0 17 46 31 55 49
split_gain=356.158 388.571 1181.17 1558.98 1385.04 1158.12 925.419
threshold=6.5000000000000009 21.500000000000004 6211.6000000000013 5.5000000000000009 1.0000000180025095e-35 33.580000000000005 56.500000000000007
decision_type=2 2 2 2 2 2 2
left_child=1 2 5 -4 -5 -1 -7
right_child=-2 -3 3 4 -6 6 -8
leaf_value=0.10508185885681046 -0.044919980645996248 0.00088870906323751516 0.0033126883875936436 -0.12537575826334121 -0.015146990688408123 0.0093945820542445432 -0.08641706211411436
leaf_weight=40 68 7249 172 106 80 322 41
leaf_count=40 68 7249 172 106 80 322 41
internal_value=-0.000943312 -0.000542188 -0.0140892 -0.0402696 -0.0796032 0.00937629 -0.00245423
internal_weight=8078 8010 761 358 186 403 363
internal_count=8078 8010 761 358 186 403 363
is_linear=0
shrinkage=0.02


Tree=905
num_leaves=8
num_cat=0
split_feature=23 30 23 32 53 16 23
split_gain=303.662 629.572 1080.42 638.746 575.048 658.053 533.395
threshold=22.550000000000004 1.0000000180025095e-35 32.050000000000004 1.0000000180025095e-35 59.265000000000008 0.56205000000000016 18.450000000000003
decision_type=2 2 2 2 2 2 2
left_child=6 2 4 -3 5 -2 -1
right_child=1 3 -4 -5 -6 -7 -8
leaf_value=-0.00040143043091712049 0.011971592793970006 0.078364268080616487 -0.085851991535986175 -0.0081720226258039479 -0.011170455987451883 0.098980124317682702 -0.019388219940959028
leaf_weight=6832 110 93 46 51 184 47 643
leaf_count=6832 110 93 46 51 184 47 643
internal_value=-0.00100512 0.0135375 8.6816e-05 0.0484702 0.0127528 0.0402698 -0.00204654
internal_weight=8006 531 387 144 341 157 7475
internal_count=8006 531 387 144 341 157 7475
is_linear=0
shrinkage=0.02


Tree=906
num_leaves=8
num_cat=1
split_feature=2 52 49 14 14 52 21
split_gain=357.219 681.858 648.758 806.397 884.423 762.588 1059.71
threshold=0 41.510000000000012 13.500000000000002 12.335000000000003 23.305000000000003 31.705000000000002 351938.70000000001
decision_type=1 2 2 2 2 2 10
left_child=1 2 -1 -4 -5 6 -6
right_child=-2 -3 3 4 5 -7 -8
leaf_value=0.037706043968580703 -0.0048294725587719215 -0.002115149516340971 0.033064856928152343 -0.016583782405043872 -0.024488332714539408 0.054653027342950432 0.078605373597466471
leaf_weight=353 3364 2947 355 618 178 159 46
leaf_count=353 3364 2947 355 618 178 159 46
internal_value=0.0001244 0.00370736 0.0137462 0.00739328 -0.00183011 0.021883 -0.00206328
internal_weight=8020 4656 1709 1356 1001 383 224
internal_count=8020 4656 1709 1356 1001 383 224
cat_boundaries=0 1
cat_threshold=178
is_linear=0
shrinkage=0.02


Tree=907
num_leaves=8
num_cat=0
split_feature=57 57 57 44 10 51 23
split_gain=343.155 623.578 608.628 1552.6 1273.75 922.737 839.569
threshold=18.535000000000004 33.395000000000003 11.665000000000001 1.0000000180025095e-35 17115.100000000002 62.585000000000008 14.450000000000001
decision_type=2 2 2 2 2 2 2
left_child=2 -2 5 6 -5 -1 -4
right_child=1 -3 3 4 -6 -7 -8
leaf_value=0.0092500483743547472 0.011696082983962535 -0.0015004081685995147 -0.10234221754471462 -0.060237317932279488 0.0095318667213356786 -0.081913522405827291 -0.0037073139901514407
leaf_weight=805 2120 4391 115 128 487 42 49
leaf_count=805 2120 4391 115 128 487 42 49
internal_value=0.000748936 0.00280208 -0.00745588 -0.0201571 -0.00535788 0.00427536 -0.0738536
internal_weight=8137 6511 1626 779 615 847 164
internal_count=8137 6511 1626 779 615 847 164
is_linear=0
shrinkage=0.02


Tree=908
num_leaves=8
num_cat=0
split_feature=16 49 56 64 56 55 16
split_gain=630.929 602.824 594.891 696.476 538.902 680.031 522.74
threshold=0.32955000000000007 30.500000000000004 55.295000000000009 2.5000000000000004 39.275000000000013 47.765000000000008 0.26345000000000002
decision_type=2 2 2 2 2 2 2
left_child=1 -1 -2 -4 5 -3 -7
right_child=2 4 3 -5 -6 6 -8
leaf_value=-0.00082580785930607694 0.0024178205458798029 -0.03425462294415927 0.097852800986064331 0.012465863798865835 -0.049646120044695909 -0.022606661421187384 0.065311520862490383
leaf_weight=788 6528 157 51 126 246 42 62
leaf_count=788 6528 157 51 126 246 42 62
internal_value=0.000943969 -0.0118092 0.00341407 0.0390812 -0.0287052 -0.0084056 0.0303978
internal_weight=8000 1295 6705 177 507 261 104
internal_count=8000 1295 6705 177 507 261 104
is_linear=0
shrinkage=0.02


Tree=909
num_leaves=8
num_cat=0
split_feature=68 13 33 43 17 33 10
split_gain=376.72 524.304 613.375 379.323 364.545 860.214 723.405
threshold=1820341.55 313.85000000000008 1.5000000000000002 1.0000000180025095e-35 1796.0500000000002 2.5000000000000004 23982.800000000007
decision_type=2 2 2 2 2 2 2
left_child=4 -2 -3 -4 5 -1 -7
right_child=1 2 3 -5 -6 6 -8
leaf_value=0.035330961244123833 -0.020290868163108825 0.095520745802384149 0.061440522262737871 0.0044023819957324803 -0.0016866320901447018 0.0048786719598132985 -0.083589363440871228
leaf_weight=322 95 47 58 183 7142 140 45
leaf_count=322 95 47 58 183 7142 140 45
internal_value=0.000455792 0.0196814 0.032988 0.0190992 -0.000519101 0.0157835 -0.018274
internal_weight=8032 383 288 241 7649 507 185
internal_count=8032 383 288 241 7649 507 185
is_linear=0
shrinkage=0.02


Tree=910
num_leaves=8
num_cat=0
split_feature=0 22 53 53 56 58 58
split_gain=354.573 739.018 986.878 742.347 1271.51 916.692 948.185
threshold=24.500000000000004 10403.700000000003 58.715000000000011 75.550000000000026 34.845000000000006 29.785000000000004 19.905000000000005
decision_type=2 2 2 2 2 2 2
left_child=1 2 -1 5 -5 6 -3
right_child=-2 3 -4 4 -6 -7 -8
leaf_value=-0.039205751147580473 0.0030979228120222957 -0.042052385604127926 0.049809549912344667 -0.12014421314852579 -0.016656199726949698 -0.021229434693423112 0.065545491905262071
leaf_weight=68 6895 42 155 65 154 434 109
leaf_count=68 6895 42 155 65 154 434 109
internal_value=0.00146345 -0.00947182 0.0224014 -0.0183961 -0.049368 -0.00648135 0.035229
internal_weight=7922 1027 223 804 219 585 151
internal_count=7922 1027 223 804 219 585 151
is_linear=0
shrinkage=0.02


Tree=911
num_leaves=8
num_cat=0
split_feature=23 15 40 49 38 16 53
split_gain=503.719 606.999 779.555 672.797 708.541 591.338 504.702
threshold=4.7500000000000009 2.5000000000000004 67.735000000000014 25.500000000000004 8076.1000000000013 0.44105000000000005 71.430000000000021
decision_type=2 2 2 2 10 2 2
left_child=1 2 3 4 -1 -3 -5
right_child=-2 5 -4 6 -6 -7 -8
leaf_value=0.029206157809941569 -0.0026859181331814713 -0.080233579716261688 -0.022480583372925009 0.035292952747025472 -0.036002585285717682 0.01293005392199657 0.097232148774464927
leaf_weight=209 7124 46 135 217 92 56 70
leaf_count=209 7124 46 135 217 92 56 70
internal_value=-0.000969708 0.0137769 0.0202445 0.0301607 0.00901264 -0.0308708 0.0518063
internal_weight=7949 825 723 588 301 102 287
internal_count=7949 825 723 588 301 102 287
is_linear=0
shrinkage=0.02


Tree=912
num_leaves=8
num_cat=0
split_feature=16 47 14 23 20 40 20
split_gain=453.459 639.651 904.549 639.042 662.797 537.706 495.091
threshold=0.72825000000000006 7.5000000000000009 15.945000000000002 11.050000000000002 429593.40000000008 57.395000000000003 1.0000000180025095e-35
decision_type=2 2 2 2 10 2 10
left_child=-1 2 6 4 -4 -3 -2
right_child=1 5 3 -5 -6 -7 -8
leaf_value=0.00066012543507655509 -0.039215633018849123 0.034604283604675379 0.067942955616642445 0.098952151157706988 -0.027043945474444695 -0.0306422988519383 0.034248330232123252
leaf_weight=7459 71 73 63 95 48 139 66
leaf_count=7459 71 73 63 95 48 139 66
internal_value=0.00196372 0.0193212 0.0360151 0.062 0.0274723 -0.00789565 -0.00386448
internal_weight=8014 555 343 206 111 212 137
internal_count=8014 555 343 206 111 212 137
is_linear=0
shrinkage=0.02


Tree=913
num_leaves=8
num_cat=0
split_feature=67 62 8 8 17 20 58
split_gain=399.307 625.063 808.997 745.465 690.881 770.684 1459.87
threshold=9.0087177867856028 1.0000000180025095e-35 27.815000000000001 11.965000000000002 37149.950000000004 753303.05000000016 35.685000000000009
decision_type=2 2 2 2 2 10 2
left_child=-1 3 -3 -2 5 -4 -7
right_child=1 2 4 -5 -6 6 -8
leaf_value=-0.0022542664441693285 -0.032678253782577202 0.012001727225399146 -0.0076794723720632055 0.018959998623451386 0.022794911911090218 -0.001035475355963553 -0.13324010741379527
leaf_weight=5855 117 367 112 1398 70 57 76
leaf_count=5855 117 367 112 1398 70 57 76
internal_value=0.000474525 0.00773535 -0.00812356 0.0148777 -0.0313923 -0.0470206 -0.0786714
internal_weight=8052 2197 682 1515 315 245 133
internal_count=8052 2197 682 1515 315 245 133
is_linear=0
shrinkage=0.02


Tree=914
num_leaves=8
num_cat=1
split_feature=46 20 4 24 21 17 51
split_gain=380.19 665.012 636.361 876.637 861.069 922.892 630.103
threshold=2.5000000000000004 1676579.9000000001 0 4.5000000000000009 189702.20000000004 3345.2000000000003 6.6550000000000011
decision_type=2 10 1 2 10 2 2
left_child=1 2 3 4 5 -1 -4
right_child=-2 -3 6 -5 -6 -7 -8
leaf_value=0.033599911910646103 0.0013074737770210482 -0.083897275415559622 -0.044823306473507282 -0.0996576329427106 0.011731337984871967 -0.064090254002072841 0.012965593676089302
leaf_weight=46 6812 43 82 51 228 173 567
leaf_count=46 6812 43 82 51 228 173 567
internal_value=-0.000516951 -0.0109224 -0.00783438 -0.0244481 -0.0154006 -0.0432789 0.00529622
internal_weight=8002 1190 1147 498 447 219 649
internal_count=8002 1190 1147 498 447 219 649
cat_boundaries=0 1
cat_threshold=1
is_linear=0
shrinkage=0.02


Tree=915
num_leaves=8
num_cat=0
split_feature=22 16 41 22 17 34 54
split_gain=350.768 280.382 598.533 550.884 636.241 630.434 636.912
threshold=5647.7500000000009 0.39065000000000005 6.4150000000000009 8673.2500000000018 37822.850000000006 3.5000000000000004 87.685000000000016
decision_type=2 2 2 2 2 2 2
left_child=-1 3 -3 -2 5 6 -5
right_child=1 2 -4 4 -6 -7 -8
leaf_value=-0.043904857676762797 0.02763841345515989 -0.05304101086088589 0.0058181919251534854 -0.025224244868901402 0.01821202124516879 0.028429165100040909 0.00096082778620105319
leaf_weight=60 205 65 5650 954 345 141 606
leaf_count=60 205 65 5650 954 345 141 606
internal_value=0.00237344 0.00274934 0.00510297 -0.00322431 -0.00637646 -0.0114023 -0.0150818
internal_weight=8026 7966 5715 2251 2046 1701 1560
internal_count=8026 7966 5715 2251 2046 1701 1560
is_linear=0
shrinkage=0.02


Tree=916
num_leaves=8
num_cat=2
split_feature=15 5 10 2 67 32 19
split_gain=347.33 396.18 762.925 837.982 826.615 712.081 815.791
threshold=6.5000000000000009 0 21652.200000000004 1 19.990596519668141 1.0000000180025095e-35 1.0000000180025095e-35
decision_type=2 1 2 1 2 2 2
left_child=1 2 4 -4 -1 6 -5
right_child=-2 -3 3 5 -6 -7 -8
leaf_value=0.022020255580348404 -0.045463246494969897 -0.0020962487178206235 -0.025625932635023045 0.052699102882617782 0.11247836090948271 -0.012319945751704158 -0.010152806448750199
leaf_weight=375 63 6582 323 238 41 247 123
leaf_count=375 63 6582 323 238 41 247 123
internal_value=-0.000454998 -6.89589e-05 0.00975171 -0.000277638 0.0321656 0.0134859 0.031438
internal_weight=7992 7929 1347 931 416 608 361
internal_count=7992 7929 1347 931 416 608 361
cat_boundaries=0 1 2
cat_threshold=1 88
is_linear=0
shrinkage=0.02


Tree=917
num_leaves=8
num_cat=2
split_feature=64 2 3 17 58 58 17
split_gain=715.942 930.343 692.041 980.427 739.279 652.028 426.461
threshold=1.5000000000000002 0 1 4545.5000000000009 53.195000000000007 31.545000000000005 5569.0500000000011
decision_type=2 1 1 2 2 2 2
left_child=1 6 3 -3 5 -4 -1
right_child=-2 2 4 -5 -6 -7 -8
leaf_value=0.071021574746679375 0.0004260116220223856 0.062825093205835 -0.020720538356038459 -0.035791863814121534 0.020880270878473918 -0.09273868856865361 -0.0071751010369081967
leaf_weight=49 7424 56 78 114 40 157 56
leaf_count=49 7424 56 78 114 40 157 56
internal_value=-0.00121174 -0.023123 -0.0352843 -0.00230757 -0.0544961 -0.0697645 0.0283124
internal_weight=7974 550 445 170 275 235 105
internal_count=7974 550 445 170 275 235 105
cat_boundaries=0 1 2
cat_threshold=17 6
is_linear=0
shrinkage=0.02


Tree=918
num_leaves=8
num_cat=1
split_feature=16 56 16 64 51 33 2
split_gain=351.554 588.113 340.565 316.286 989.16 899.525 894.312
threshold=0.17090000000000002 41.255000000000003 0.19185000000000002 2.5000000000000004 11.505000000000001 4.5000000000000009 0
decision_type=2 2 2 2 2 2 1
left_child=1 -1 -2 4 6 -6 -4
right_child=2 -3 3 -5 5 -7 -8
leaf_value=0.005998131481427995 0.046397116653846972 -0.089284575542677991 -0.057862398675735421 -0.0017864803259672313 0.011785673575923392 0.093390697943312784 -0.00050348100497061947
leaf_weight=58 61 41 136 5569 1669 51 400
leaf_count=58 61 41 136 5569 1669 51 400
internal_value=0.000674354 -0.0358578 0.0011554 0.000773319 0.00708223 0.014469 -0.0165364
internal_weight=7985 99 7886 7825 2256 1720 536
internal_count=7985 99 7886 7825 2256 1720 536
cat_boundaries=0 1
cat_threshold=68
is_linear=0
shrinkage=0.02


Tree=919
num_leaves=8
num_cat=0
split_feature=0 46 51 40 55 55 12
split_gain=537.93 738.286 940.415 748.588 992.545 966.105 763.703
threshold=23.500000000000004 3.5000000000000004 25.905000000000005 72.590000000000018 54.735000000000007 51.435000000000009 47.695000000000007
decision_type=2 2 2 2 2 2 2
left_child=1 2 -1 4 5 6 -3
right_child=-2 3 -4 -5 -6 -7 -8
leaf_value=0.05570231959478468 0.0020475526016894927 -0.057175029676719391 -0.040966948234896751 0.010105869535467413 -0.09565104152720709 0.059866564373175307 -0.0019568720198160894
leaf_weight=112 7020 222 57 197 86 46 180
leaf_count=112 7020 222 57 197 86 46 180
internal_value=0.000178027 -0.014335 0.0228576 -0.0230305 -0.0352353 -0.0227098 -0.0327783
internal_weight=7920 900 169 731 534 448 402
internal_count=7920 900 169 731 534 448 402
is_linear=0
shrinkage=0.02


Tree=920
num_leaves=8
num_cat=0
split_feature=49 20 42 52 68 53 8
split_gain=337.006 766.39 769.323 753.284 717.747 781.758 666.868
threshold=9.5000000000000018 448590.10000000003 55.195000000000007 54.235000000000007 1384831.8000000003 72.235000000000014 32.885000000000012
decision_type=2 10 2 2 2 2 2
left_child=1 3 4 6 5 -3 -1
right_child=-2 2 -4 -5 -6 -7 -8
leaf_value=0.008143617888646466 0.001272907598768378 -0.093238137922440942 0.0033019177202718805 -0.024081319721317607 0.0075726857510480016 -0.003607510456751133 0.079121567450866501
leaf_weight=191 7185 146 161 185 61 53 69
leaf_count=191 7185 146 161 185 61 53 69
internal_value=-0.000150494 -0.0118996 -0.0310805 0.00639043 -0.0520317 -0.0700402 0.0281175
internal_weight=8051 866 421 445 260 199 260
internal_count=8051 866 421 445 260 199 260
is_linear=0
shrinkage=0.02


Tree=921
num_leaves=8
num_cat=0
split_feature=17 16 49 68 38 52 42
split_gain=506.005 910.899 699.474 1045.74 847.357 700.926 635.777
threshold=5488.5000000000009 0.72825000000000006 49.500000000000007 172585.30000000002 9080.8000000000011 50.045000000000009 52.155000000000008
decision_type=2 2 2 2 8 2 2
left_child=1 2 6 -4 -5 -6 -1
right_child=-2 -3 3 4 5 -7 -8
leaf_value=0.01787729238997058 -0.0047051145563889799 0.04860054320715209 -0.078621514198755973 -0.054668774658983406 0.065232338565237385 -0.019160340666770935 -0.0057957289560401715
leaf_weight=1023 5570 183 94 72 80 70 809
leaf_count=1023 5570 183 94 72 80 70 809
internal_value=-0.00143173 0.00638345 0.00268223 -0.0245648 -0.000448337 0.0265014 0.00743611
internal_weight=7901 2331 2148 316 222 150 1832
internal_count=7901 2331 2148 316 222 150 1832
is_linear=0
shrinkage=0.02


Tree=922
num_leaves=8
num_cat=1
split_feature=17 41 22 22 8 17 2
split_gain=449.748 561.414 414.499 501.625 817.178 942.783 549.585
threshold=976.75000000000011 49.000000000000007 7726.3500000000013 11090.500000000002 15.115 13755.000000000002 0
decision_type=2 2 2 2 2 2 1
left_child=1 -1 -2 4 5 -4 -6
right_child=2 -3 3 -5 6 -7 -8
leaf_value=-0.067095013096235528 -0.017615050105033097 0.0089198349859263455 0.062402994025186821 -3.4251063412927796e-05 0.01967338909934226 -0.021203620781841345 -0.0074253440925734137
leaf_weight=81 427 69 222 5988 555 68 620
leaf_count=81 427 69 222 5988 555 68 620
internal_value=0.000770539 -0.0329684 0.00143328 0.00253568 0.0130043 0.0427716 0.00550741
internal_weight=8030 150 7880 7453 1465 290 1175
internal_count=8030 150 7880 7453 1465 290 1175
cat_boundaries=0 1
cat_threshold=146
is_linear=0
shrinkage=0.02


Tree=923
num_leaves=8
num_cat=0
split_feature=8 40 58 17 40 40 64
split_gain=711.89 1041.97 661.104 495.409 656.423 950.324 638.492
threshold=8.8050000000000015 51.215000000000011 48.725000000000001 17461.800000000003 26.365000000000006 18.925000000000004 4.5000000000000009
decision_type=2 2 2 2 2 2 2
left_child=1 2 -1 6 5 -5 -2
right_child=3 -3 -4 4 -6 -7 -8
leaf_value=0.080327028626040242 -0.0072845687418938432 -0.0056069254408203911 -0.00195790895292985 -0.00046572621263887577 0.0015894337925513086 0.066489120794471751 0.022304347086285887
leaf_weight=141 4521 207 53 179 2472 156 307
leaf_count=141 4521 207 53 179 2472 156 307
internal_value=-0.000128019 0.0256786 0.0583628 -0.00149934 0.00517642 0.0312325 -0.00538196
internal_weight=8036 401 194 7635 2807 335 4828
internal_count=8036 401 194 7635 2807 335 4828
is_linear=0
shrinkage=0.02


Tree=924
num_leaves=8
num_cat=0
split_feature=33 64 33 42 21 50 41
split_gain=331.688 323.619 1323.61 1226.14 611.517 830.354 924.768
threshold=6.5000000000000009 2.5000000000000004 3.5000000000000004 79.600000000000009 267703.80000000005 1.0000000180025095e-35 44.755000000000003
decision_type=2 2 2 2 10 2 2
left_child=1 2 3 -1 5 -4 -7
right_child=-2 -3 4 -5 -6 6 -8
leaf_value=-0.0031707145029457851 0.053450465855446272 -0.00241088057271011 0.08584901947924431 0.060776901000645013 0.076944032230015322 -0.077983434164524079 0.040551428001906191
leaf_weight=1899 42 5648 42 123 135 45 51
leaf_count=1899 42 5648 42 123 135 45 51
internal_value=0.000476176 0.000162616 0.00648747 0.000859597 0.0474057 0.0168295 -0.0161217
internal_weight=7985 7943 2295 2022 273 138 96
internal_count=7985 7943 2295 2022 273 138 96
is_linear=0
shrinkage=0.02


Tree=925
num_leaves=8
num_cat=0
split_feature=68 58 58 56 58 58 23
split_gain=329.687 676.819 776.089 774.58 880.157 878.924 745.589
threshold=172585.30000000002 27.095000000000002 28.875000000000004 46.105000000000011 34.375000000000007 39.435000000000009 18.250000000000004
decision_type=2 2 2 2 2 2 2
left_child=1 6 -3 -4 -5 -6 -1
right_child=-2 2 3 4 5 -7 -8
leaf_value=-0.019477772224195226 0.00087016584812541799 0.053110987242030845 0.00086127905680497593 -0.099811910137311735 0.062231206855048307 -0.036423460679967504 -0.09510085719365341
leaf_weight=286 6232 88 1108 62 41 166 60
leaf_count=286 6232 88 1108 62 41 166 60
internal_value=-0.00131432 -0.00881324 -0.0028267 -0.00658073 -0.0366904 -0.0158763 -0.0337595
internal_weight=8043 1811 1465 1377 269 207 346
internal_count=8043 1811 1465 1377 269 207 346
is_linear=0
shrinkage=0.02


Tree=926
num_leaves=8
num_cat=0
split_feature=14 48 22 47 16 20 47
split_gain=410.549 853.842 653.817 353.945 345.453 508.643 597.045
threshold=46.365000000000009 7.5000000000000009 13720.000000000002 5.5000000000000009 0.26805000000000007 586415.80000000016 9.5000000000000018
decision_type=2 2 2 2 2 8 2
left_child=4 2 -2 -4 5 -1 -7
right_child=1 -3 3 -5 -6 6 -8
leaf_value=0.028468503824745618 0.031588093330705072 -0.072558978743098204 0.0086344408880580561 -0.058113674087131896 0.0023742026068454525 -0.030596615876670653 0.034857114856059739
leaf_weight=91 118 89 50 77 7122 416 60
leaf_count=91 118 89 50 77 7122 416 60
internal_value=0.000225812 -0.0213146 -0.00162037 -0.0325032 0.00117474 -0.0137806 -0.0220696
internal_weight=8023 334 245 127 7689 567 476
internal_count=8023 334 245 127 7689 567 476
is_linear=0
shrinkage=0.02


Tree=927
num_leaves=8
num_cat=0
split_feature=66 38 41 49 58 13 13
split_gain=487.999 779.656 674.067 593.002 741.877 521.128 390.516
threshold=1.0000000180025095e-35 8971.0000000000018 65.715000000000018 15.500000000000002 47.155000000000008 364.35000000000008 391.05000000000007
decision_type=2 8 2 2 2 2 2
left_child=1 -1 3 -3 5 -5 -2
right_child=6 2 -4 4 -6 -7 -8
leaf_value=-0.09309061525123459 0.0013358350179164535 -0.075680939518950052 0.042500809811883505 -0.0060539301759318298 0.054884332396767363 -0.085457351611306284 -0.0096886456192504661
leaf_weight=51 5977 67 67 109 50 43 1632
leaf_count=51 5977 67 67 109 50 43 1632
internal_value=-0.00215534 -0.0239171 -0.0122065 -0.0263595 -0.00856745 -0.0305229 -0.00103354
internal_weight=7996 387 336 269 202 152 7609
internal_count=7996 387 336 269 202 152 7609
is_linear=0
shrinkage=0.02


Tree=928
num_leaves=8
num_cat=1
split_feature=51 2 66 42 28 38 42
split_gain=316.565 545.6 715.39 923.814 857.075 806.867 747.952
threshold=31.735000000000003 0 0.43750000000000006 13.175000000000002 1.0000000180025095e-35 2709.5500000000006 34.155000000000008
decision_type=2 1 2 2 2 10 2
left_child=-1 2 3 -2 5 -5 -6
right_child=1 -3 -4 4 6 -7 -8
leaf_value=-0.0056045199896590106 -0.058315506592906755 -0.006183572682724005 -0.0084908003551857677 -0.0021508482002387365 0.12776216852898692 0.037065199159507484 0.037215317195281386
leaf_weight=4944 53 1496 531 482 46 366 155
leaf_count=4944 53 1496 531 482 46 366 155
internal_value=-0.00245599 0.00251988 0.0104616 0.0196854 0.0238843 0.014893 0.0605355
internal_weight=8073 3129 1633 1102 1049 848 201
internal_count=8073 3129 1633 1102 1049 848 201
cat_boundaries=0 1
cat_threshold=54
is_linear=0
shrinkage=0.02


Tree=929
num_leaves=8
num_cat=0
split_feature=32 66 68 68 49 38 24
split_gain=358.418 562.956 740.205 911.093 501.484 560.506 578.096
threshold=1.0000000180025095e-35 0.18750000000000003 853513.20000000007 255797.25000000003 30.500000000000004 15515.750000000002 5.5000000000000009
decision_type=2 2 2 2 2 10 2
left_child=4 2 3 -2 5 6 -1
right_child=1 -3 -4 -5 -6 -7 -8
leaf_value=0.0066904305616714756 -0.014760209189761165 -0.0036690589247795518 0.024748663783073423 -0.13847222056477629 -0.004588214953709072 0.029686741419846105 -0.040971002297405648
leaf_weight=2594 51 2744 40 42 2024 415 101
leaf_count=2594 51 2744 40 42 2024 415 101
internal_value=-1.28335e-05 -0.00565833 -0.0450803 -0.0748446 0.00315323 0.00819067 0.00483167
internal_weight=8011 2877 133 93 5134 3110 2695
internal_count=8011 2877 133 93 5134 3110 2695
is_linear=0
shrinkage=0.02


Tree=930
num_leaves=8
num_cat=1
split_feature=14 47 2 18 20 53 20
split_gain=326.818 1083.82 634.712 895.43 631.285 577.443 489.668
threshold=8.7450000000000028 4.5000000000000009 0 313557.65000000008 913738.80000000016 69.095000000000013 1047742.4000000001
decision_type=2 2 1 2 10 2 8
left_child=1 4 3 -3 5 -1 -4
right_child=-2 2 6 -5 -6 -7 -8
leaf_value=-0.007280603551019834 0.00088471296255608481 -0.034187115477844796 -0.0078855388995372894 0.035446544613177873 -0.11622528662072851 -0.086179154671521666 0.050348603398635471
leaf_weight=122 7186 266 94 97 42 49 140
leaf_count=122 7186 266 94 97 42 49 140
internal_value=-0.000475967 -0.0124787 0.00144638 -0.0149449 -0.0506463 -0.0316949 0.0261843
internal_weight=7996 810 597 363 213 171 234
internal_count=7996 810 597 363 213 171 234
cat_boundaries=0 1
cat_threshold=198
is_linear=0
shrinkage=0.02


Tree=931
num_leaves=8
num_cat=0
split_feature=64 52 20 8 0 58 67
split_gain=421.768 414.647 726.883 729.014 747.452 590.829 515.821
threshold=1.0000000180025095e-35 15.630000000000001 501766.35000000003 20.385000000000002 45.500000000000007 38.355000000000011 4.5842279216035307
decision_type=2 2 8 2 2 2 2
left_child=-1 2 -2 5 -5 -4 -6
right_child=1 -3 3 4 6 -7 -8
leaf_value=-0.052428051672749602 0.056463476624339821 0.002356758735770697 -0.021031636240252533 0.026728052038886993 -0.0760442078208 -0.10193937439012202 0.0063024520246606121
leaf_weight=54 43 7502 78 134 66 68 52
leaf_count=54 43 7502 78 134 66 68 52
internal_value=0.000849448 0.00124441 -0.0174925 -0.0260841 -0.00515447 -0.0608424 -0.0409748
internal_weight=7997 7943 441 398 252 146 118
internal_count=7997 7943 441 398 252 146 118
is_linear=0
shrinkage=0.02


Tree=932
num_leaves=8
num_cat=0
split_feature=12 64 16 16 64 41 67
split_gain=359.177 514.529 457.403 563.127 326.214 692.917 356.055
threshold=85.185000000000016 3.5000000000000004 0.54415000000000013 0.44815000000000005 4.5000000000000009 47.535000000000004 9.4486870144073265
decision_type=2 2 2 2 2 2 2
left_child=4 2 3 -2 -1 6 -6
right_child=1 -3 -4 -5 5 -7 -8
leaf_value=0.00081056701322170693 0.049372145920164055 -0.0083621819531827252 0.081749566432676821 -0.03264786036202201 0.027173972708812676 -0.00065205434643515357 0.084845202934174302
leaf_weight=7019 85 127 71 49 161 366 58
leaf_count=7019 85 127 71 49 161 366 58
internal_value=0.00290861 0.0231147 0.0423499 0.0192842 0.00201178 0.0162953 0.0440006
internal_weight=7936 332 205 134 7604 585 219
internal_count=7936 332 205 134 7604 585 219
is_linear=0
shrinkage=0.02


Tree=933
num_leaves=8
num_cat=0
split_feature=8 47 57 55 8 14 52
split_gain=361.651 643.453 571.686 571.52 488.932 832.05 678.415
threshold=8.5850000000000026 6.5000000000000009 20.680000000000003 41.455000000000005 11.155000000000003 10.495000000000003 55.030000000000008
decision_type=2 2 2 2 2 2 2
left_child=1 3 -3 -1 5 -2 -7
right_child=4 2 -4 -5 -6 6 -8
leaf_value=-0.0021972583717591054 0.039051035821045701 -0.070457807322343191 0.012666812414628645 0.068958950684723533 0.00062710864023112671 -0.057058788838131091 -0.00067289882458296398
leaf_weight=69 71 40 121 124 7221 205 144
leaf_count=69 71 40 121 124 7221 205 144
internal_value=0.00032191 0.0199402 -0.00948544 0.0441066 -0.00059943 -0.0214464 -0.0341317
internal_weight=7995 354 161 193 7641 420 349
internal_count=7995 354 161 193 7641 420 349
is_linear=0
shrinkage=0.02


Tree=934
num_leaves=8
num_cat=1
split_feature=5 8 14 20 9 49 44
split_gain=392.242 760.431 709.153 1052.43 809.764 713.711 684.395
threshold=0 24.545000000000005 22.115000000000006 954904.40000000002 1.5000000000000002 29.500000000000004 1.0000000180025095e-35
decision_type=1 2 2 10 2 2 2
left_child=1 -1 -2 5 -5 -4 -7
right_child=2 -3 3 4 -6 6 -8
leaf_value=0.015475436623327178 0.0023532991975481038 -0.0040974380056896572 -0.0090712812623774362 -0.048747810471442436 0.031016643403515808 -0.081614962686009776 -0.027082167701653975
leaf_weight=1600 3134 1568 769 57 287 114 455
leaf_count=1600 3134 1568 769 57 287 114 455
internal_value=0.000328346 0.00577845 -0.00326426 -0.0137265 0.0172908 -0.0217358 -0.0386237
internal_weight=7984 3168 4816 1682 344 1338 569
internal_count=7984 3168 4816 1682 344 1338 569
cat_boundaries=0 1
cat_threshold=5
is_linear=0
shrinkage=0.02


Tree=935
num_leaves=8
num_cat=0
split_feature=9 54 40 17 40 23 17
split_gain=452.282 864.552 552.961 457.787 1325.86 429.858 914.259
threshold=20.500000000000004 91.075000000000003 57.595000000000006 976.75000000000011 43.535000000000004 18.250000000000004 2828.2500000000005
decision_type=2 2 2 2 2 2 2
left_child=3 2 -2 4 -1 -5 -7
right_child=1 -3 -4 5 -6 6 -8
leaf_value=-0.095737468478818463 0.060885212021059405 -0.049996780964235467 -0.018405413373987725 0.003020658504106669 0.020760508980168853 0.038474672345099624 -0.017062385575902509
leaf_weight=68 163 43 42 6461 81 130 981
leaf_count=68 163 43 42 6461 81 130 981
internal_value=0.00121175 0.027525 0.0445889 0.000349303 -0.0337885 0.00104291 -0.0104206
internal_weight=7969 248 205 7721 149 7572 1111
internal_count=7969 248 205 7721 149 7572 1111
is_linear=0
shrinkage=0.02


Tree=936
num_leaves=8
num_cat=0
split_feature=17 49 18 40 33 54 57
split_gain=358.075 653.791 799.378 923.994 651.777 564.926 762.822
threshold=5791.9000000000005 49.500000000000007 253566.65000000005 68.00500000000001 2.5000000000000004 99.545000000000016 27.315000000000001
decision_type=2 2 2 2 2 2 2
left_child=1 5 3 4 -3 -1 -7
right_child=-2 2 -4 -5 -6 6 -8
leaf_value=0.0078712610865259817 -0.0014694587844324837 -0.071533733451668233 0.042492543216049672 0.042559778387176575 -0.0055752316565768232 -0.012877239461310886 0.057972966273367968
leaf_weight=1760 5492 153 70 53 98 83 207
leaf_count=1760 5492 153 70 53 98 83 207
internal_value=0.00135729 0.00775162 -0.0164147 -0.030447 -0.0463929 0.0121897 0.0378206
internal_weight=7916 2424 374 304 251 2050 290
internal_count=7916 2424 374 304 251 2050 290
is_linear=0
shrinkage=0.02


Tree=937
num_leaves=8
num_cat=0
split_feature=16 12 50 42 52 68 53
split_gain=389.743 839.945 660.035 974.369 514.766 470.089 459.4
threshold=0.60815000000000008 28.825000000000003 3.5000000000000004 40.775000000000013 1.0000000180025095e-35 987784.30000000016 39.905000000000008
decision_type=2 2 2 2 2 2 2
left_child=2 6 4 -4 -1 -3 -2
right_child=1 5 3 -5 -6 -7 -8
leaf_value=-0.062262387819651321 0.028810179683609639 0.02191483499739209 0.084859609451364074 -0.002532417097651033 -0.002876543635397084 -0.0037258884857066339 -0.025019842278023056
leaf_weight=54 72 1101 80 127 5762 384 369
leaf_count=54 72 1101 80 127 5762 384 369
internal_value=0.000284848 0.0081043 -0.00222026 0.0324471 -0.00348093 0.0152943 -0.0160068
internal_weight=7949 1926 6023 207 5816 1485 441
internal_count=7949 1926 6023 207 5816 1485 441
is_linear=0
shrinkage=0.02


Tree=938
num_leaves=8
num_cat=0
split_feature=46 24 68 10 68 68 26
split_gain=344.563 853.444 417.071 533.209 470.701 416.876 659.91
threshold=1.0000000180025095e-35 1.5000000000000002 1820341.55 19632.150000000005 1905826.1000000003 1617998.8500000003 1.0000000180025095e-35
decision_type=2 2 2 2 2 2 2
left_child=1 -1 5 -4 -5 -2 -7
right_child=2 -3 3 4 -6 6 -8
leaf_value=0.031924092666226991 -0.00052949330290906038 -0.076597411245913113 0.065526120029849783 0.059167319865062316 -0.0038704529613028085 -0.054123263031958725 0.012247956737589379
leaf_weight=44 7280 69 76 53 256 141 99
leaf_count=44 7280 69 76 53 256 141 99
internal_value=-0.000855087 -0.034779 -0.000348475 0.0198183 0.00771184 -0.00139343 -0.0270539
internal_weight=8018 113 7905 385 309 7520 240
internal_count=8018 113 7905 385 309 7520 240
is_linear=0
shrinkage=0.02


Tree=939
num_leaves=8
num_cat=0
split_feature=38 52 8 38 9 10 10
split_gain=488.97 742.355 695.928 881.44 737.63 692.503 1151.61
threshold=7083.3500000000013 48.065000000000005 20.675000000000004 6612.3000000000011 12.500000000000002 39570.450000000004 35237.950000000004
decision_type=8 2 2 10 2 2 2
left_child=2 -2 -1 4 5 6 -4
right_child=1 -3 3 -5 -6 -7 -8
leaf_value=0.022187934696427263 -0.010964184010032321 0.0037005969477008423 -0.013233349819206111 0.059016053836713447 0.029293612880508104 0.0050365566242826241 -0.088416539754640922
leaf_weight=828 2670 2850 558 89 220 625 91
leaf_count=828 2670 2850 558 89 220 625 91
internal_value=-0.00011444 -0.0033962 0.00739064 -0.000394686 -0.00411893 -0.00998071 -0.0243706
internal_weight=7931 5520 2411 1583 1494 1274 649
internal_count=7931 5520 2411 1583 1494 1274 649
is_linear=0
shrinkage=0.02


Tree=940
num_leaves=8
num_cat=0
split_feature=55 23 53 23 16 64 54
split_gain=456.842 572.706 544.504 436.233 445.017 646.375 629.73
threshold=37.995000000000012 3.8500000000000001 59.265000000000008 1.7500000000000002 0.54935000000000012 4.5000000000000009 61.605000000000011
decision_type=2 2 2 2 2 2 2
left_child=1 2 -1 -2 5 6 -5
right_child=3 -3 -4 4 -6 -7 -8
leaf_value=-0.069474127094300703 0.058736608359548782 0.011299327450876797 0.01632683719666499 0.04537070341408253 0.0032238909376310397 0.019861931552469635 -0.011426146574466669
leaf_weight=66 40 1629 48 75 2298 306 3563
leaf_count=66 40 1629 48 75 2298 306 3563
internal_value=-0.000809246 0.00823556 -0.0341793 -0.00332337 -0.00376775 -0.00784041 -0.0101946
internal_weight=8025 1743 114 6282 6242 3944 3638
internal_count=8025 1743 114 6282 6242 3944 3638
is_linear=0
shrinkage=0.02


Tree=941
num_leaves=8
num_cat=1
split_feature=9 23 64 21 7 22 37
split_gain=305.082 376.012 774.857 1029.49 622.113 630.253 497.765
threshold=28.500000000000004 4.3500000000000005 2.5000000000000004 367739.50000000006 0 19299.950000000004 0.10620000000000002
decision_type=2 2 2 8 1 2 2
left_child=1 2 3 -1 6 -6 -4
right_child=-2 -3 4 -5 5 -7 -8
leaf_value=0.094310542307001491 0.035672719390182704 -0.0024781087046833686 0.047056659935624343 0.0038018830604197684 -0.0090398920873101338 -0.09571160572104985 -0.0056314160034105368
leaf_weight=89 86 7236 123 109 137 40 161
leaf_count=89 86 7236 123 109 137 40 161
internal_value=-0.00073897 -0.00115793 0.0132475 0.0458059 -0.00107779 -0.0291182 0.0170182
internal_weight=7981 7895 659 198 461 177 284
internal_count=7981 7895 659 198 461 177 284
cat_boundaries=0 1
cat_threshold=10
is_linear=0
shrinkage=0.02


Tree=942
num_leaves=8
num_cat=1
split_feature=31 23 46 14 2 22 23
split_gain=393.181 1080.91 1044.2 1039.62 1002.57 922.252 932.241
threshold=1.0000000180025095e-35 14.050000000000002 7.5000000000000009 43.180000000000007 0 10028.800000000001 6.1500000000000012
decision_type=2 2 2 2 1 2 2
left_child=1 2 3 -1 -4 -6 -7
right_child=-2 -3 4 -5 5 6 -8
leaf_value=-0.018303329203740733 0.0020960843519590056 0.010088805965267036 -0.015920375080629923 -0.089014922380447392 0.11907367610062161 0.085557113443651508 -0.006989463387719737
leaf_weight=1685 4642 1027 272 83 43 57 144
leaf_count=1685 4642 1027 272 83 43 57 144
internal_value=-0.00165925 -0.00691942 -0.0145725 -0.0218646 0.0103829 0.0385276 0.0206947
internal_weight=7953 3311 2284 1768 516 244 201
internal_count=7953 3311 2284 1768 516 244 201
cat_boundaries=0 1
cat_threshold=204
is_linear=0
shrinkage=0.02


Tree=943
num_leaves=8
num_cat=0
split_feature=46 13 41 53 0 12 12
split_gain=306.059 565.343 525.134 570.195 285.681 612.728 612.999
threshold=11.500000000000002 304.45000000000005 53.705000000000005 67.945000000000007 36.500000000000007 7.3150000000000004 16.865000000000006
decision_type=2 2 2 2 2 2 2
left_child=4 -2 -3 -4 5 -1 -7
right_child=1 2 3 -5 -6 6 -8
leaf_value=-0.040983675094919472 0.028209947654977443 -0.095127115639356469 0.017026017027405593 -0.068764493883802333 -0.0027085193387442279 0.04654140261964046 0.0049388436919980449
leaf_weight=104 59 47 73 47 5097 146 2331
leaf_count=104 59 47 73 47 5097 146 2331
internal_value=-0.000646111 -0.0233286 -0.0418275 -0.0179818 3.62885e-05 0.00545154 0.00747981
internal_weight=7904 226 167 120 7678 2581 2477
internal_count=7904 226 167 120 7678 2581 2477
is_linear=0
shrinkage=0.02


Tree=944
num_leaves=8
num_cat=0
split_feature=49 0 9 0 10 55 40
split_gain=437.138 600.76 454.034 640.343 537.618 440.943 483.158
threshold=4.5000000000000009 37.500000000000007 20.500000000000004 69.500000000000014 24119.100000000002 37.995000000000012 87.625000000000014
decision_type=2 2 2 2 2 2 2
left_child=1 -1 5 4 -4 -2 -7
right_child=2 -3 3 -5 -6 6 -8
leaf_value=0.023810716421997294 0.010005649019919157 -0.066421717165147554 0.091753254390098682 -0.020029982941437371 0.019396681747994981 -0.0027101122164847448 0.028758845710112613
leaf_weight=42 1655 80 66 74 106 5768 197
leaf_count=42 1655 80 66 74 106 5768 197
internal_value=0.00116747 -0.0356436 0.00176068 0.0282277 0.048969 0.000888287 -0.0016476
internal_weight=7988 122 7866 246 172 7620 5965
internal_count=7988 122 7866 246 172 7620 5965
is_linear=0
shrinkage=0.02


Tree=945
num_leaves=8
num_cat=0
split_feature=9 10 22 17 8 22 68
split_gain=440.204 404.271 545.658 390.389 844.708 1103.26 836.363
threshold=23.500000000000004 24347.500000000004 13720.000000000002 3833.6500000000005 33.985000000000007 16100.750000000002 736070.55000000016
decision_type=2 2 2 2 2 2 2
left_child=3 -2 -3 4 -1 -6 -7
right_child=1 2 -4 -5 5 6 -8
leaf_value=0.015045814345254935 0.05918644624235838 -0.04761850159615278 0.048295582429222439 -0.0039247280433410405 -0.05349072995150219 0.054716926027710243 -0.048596190198304808
leaf_weight=1193 87 44 41 6373 179 91 42
leaf_count=1193 87 44 41 6373 179 91 42
internal_value=-0.00106109 0.0301324 -0.00124122 -0.00176082 0.00738503 -0.0216829 0.0215131
internal_weight=8050 172 85 7878 1505 312 133
internal_count=8050 172 85 7878 1505 312 133
is_linear=0
shrinkage=0.02


Tree=946
num_leaves=8
num_cat=0
split_feature=53 53 23 17 33 56 13
split_gain=393.804 732.651 740.809 784.873 749.824 653.786 520.672
threshold=39.905000000000008 45.675000000000004 20.050000000000004 12800.300000000001 3.5000000000000004 33.045000000000009 347.75000000000006
decision_type=2 2 2 2 2 2 2
left_child=-1 2 3 5 6 -2 -5
right_child=1 -3 -4 4 -6 -7 -8
leaf_value=0.013120193457957466 0.050673569147548982 0.0010990833177323823 0.038684212573369348 -0.11477529292926192 -0.0096107649311278631 -0.020698573700683093 -0.039960601519135872
leaf_weight=890 58 6482 70 81 98 274 80
leaf_count=890 58 6482 70 81 98 274 80
internal_value=0.000613827 -0.000952523 -0.0209285 -0.0282545 -0.0540047 -0.00766311 -0.0799237
internal_weight=8033 7143 661 591 259 332 161
internal_count=8033 7143 661 591 259 332 161
is_linear=0
shrinkage=0.02


Tree=947
num_leaves=8
num_cat=1
split_feature=0 17 16 4 21 55 42
split_gain=358.241 686.325 984.021 881.046 750.385 1066.62 762.598
threshold=24.500000000000004 3833.6500000000005 0.70390000000000008 0 246826.85000000003 43.435000000000009 52.565000000000005
decision_type=2 2 2 1 10 2 2
left_child=1 2 -1 4 5 -3 -6
right_child=-2 3 -4 -5 6 -7 -8
leaf_value=-0.0078127907203591387 0.0016604697431456187 0.018521832611026436 0.071920501712490537 -0.054458228851446008 0.080570198746759497 -0.052723893055169307 -0.006175664420116622
leaf_weight=225 6936 140 80 211 62 198 101
leaf_count=225 6936 140 80 211 62 198 101
internal_value=3.27167e-05 -0.0110225 0.0139236 -0.0217312 -0.00634438 -0.023374 0.0282356
internal_weight=7953 1017 305 712 501 338 163
internal_count=7953 1017 305 712 501 338 163
cat_boundaries=0 1
cat_threshold=1
is_linear=0
shrinkage=0.02


Tree=948
num_leaves=8
num_cat=1
split_feature=40 6 2 56 58 53 14
split_gain=477.884 879.589 1205.93 1147.41 1104.37 917.104 777.608
threshold=33.425000000000004 1.5000000000000002 0 52.905000000000008 44.930000000000007 57.150000000000006 21.995000000000001
decision_type=2 2 1 2 2 2 2
left_child=1 3 4 -1 6 -4 -3
right_child=-2 2 5 -5 -6 -7 -8
leaf_value=-0.0063333568036768248 -0.0018330013399726244 -0.065511245228286483 0.017536205839962592 0.087535742808472025 0.045333273311171242 0.08020009349315213 0.022973656551011148
leaf_weight=979 6245 112 176 50 104 203 57
leaf_count=979 6245 112 176 50 104 203 57
internal_value=0.000716522 0.0101655 0.0282444 -0.00137095 -0.00451084 0.0503951 -0.0358646
internal_weight=7926 1681 652 1029 273 379 169
internal_count=7926 1681 652 1029 273 379 169
cat_boundaries=0 1
cat_threshold=108
is_linear=0
shrinkage=0.02


Tree=949
num_leaves=8
num_cat=2
split_feature=7 22 38 53 11 34 53
split_gain=354.762 747.712 716.307 796.346 1111.64 870.133 989.153
threshold=0 7121.0500000000011 4765.3500000000013 45.910000000000004 1 2.5000000000000004 48.335000000000008
decision_type=1 2 10 2 9 2 2
left_child=1 -1 -2 4 -4 6 -5
right_child=2 -3 3 5 -6 -7 -8
leaf_value=-0.036634058799594638 -0.014561256063581125 0.0037783676673232135 0.05961644264012575 0.11942068489061462 -0.046353359989784092 -0.016403313263499437 0.021292710313469618
leaf_weight=185 1697 5074 45 40 192 233 533
leaf_count=185 1697 5074 45 40 192 233 533
internal_value=-0.000721985 0.0023189 -0.00653671 0.00646434 -0.0254165 0.0159376 0.0291166
internal_weight=7999 5259 2740 1043 237 806 573
internal_count=7999 5259 2740 1043 237 806 573
cat_boundaries=0 1 2
cat_threshold=19 1
is_linear=0
shrinkage=0.02


Tree=950
num_leaves=8
num_cat=0
split_feature=64 33 54 57 42 41 45
split_gain=393.504 811.837 1524.91 875.833 861.066 775.029 676.213
threshold=2.5000000000000004 3.5000000000000004 93.195000000000007 68.070000000000007 57.215000000000011 81.220000000000013 1.0000000180025095e-35
decision_type=2 2 2 2 2 2 2
left_child=1 3 4 5 -3 6 -1
right_child=-2 2 -4 -5 -6 -7 -8
leaf_value=0.010765440430709919 -0.001652698315747544 -0.012992321024589901 0.11586550042226718 -0.083548772679434877 0.078968113357370542 0.068332765855287247 -0.015008838240432346
leaf_weight=1385 5685 153 72 40 50 71 571
leaf_count=1385 5685 153 72 40 50 71 571
internal_value=0.00119033 0.00808035 0.0400432 0.00374154 0.0110118 0.00566543 0.00322227
internal_weight=8027 2342 275 2067 203 2027 1956
internal_count=8027 2342 275 2067 203 2027 1956
is_linear=0
shrinkage=0.02


Tree=951
num_leaves=8
num_cat=0
split_feature=58 52 42 21 48 42 40
split_gain=389.372 649.807 531.626 748.646 716.732 485.394 1063.96
threshold=23.700000000000006 73.545000000000016 35.185000000000009 314798.50000000006 3.5000000000000004 40.775000000000013 45.085000000000008
decision_type=2 2 2 10 2 2 2
left_child=1 2 3 4 -1 6 -2
right_child=5 -3 -4 -5 -6 -7 -8
leaf_value=0.031455179266075592 0.0027162308713075396 0.033084658152302319 -0.0075375497732704999 -0.10146054642704817 -0.053877433446264764 -0.0010972673608890566 0.034682095371504663
leaf_weight=62 1837 110 563 60 92 4751 534
leaf_count=62 1837 110 563 60 92 4751 534
internal_value=0.00103422 -0.0114239 -0.0178963 -0.0443541 -0.0196139 0.00259272 0.00997346
internal_weight=8009 887 777 214 154 7122 2371
internal_count=8009 887 777 214 154 7122 2371
is_linear=0
shrinkage=0.02


Tree=952
num_leaves=8
num_cat=0
split_feature=43 41 38 48 46 33 51
split_gain=379.233 811.953 1214.92 830.708 1032.51 1157.03 805.692
threshold=1.0000000180025095e-35 35.760000000000012 25777.900000000005 2.5000000000000004 2.5000000000000004 2.5000000000000004 43.335000000000008
decision_type=2 2 10 2 2 2 2
left_child=1 2 6 -3 5 -5 -1
right_child=-2 3 -4 4 -6 -7 -8
leaf_value=-0.031299225164088187 0.0032062808368824337 0.020792968018653366 -0.11953771821867962 -0.11486058773925981 -0.0014031299308807366 0.00029730002854911372 0.027998987661985057
leaf_weight=391 6008 532 47 69 753 66 115
leaf_count=391 6008 532 47 69 753 66 115
internal_value=0.000707797 -0.00688923 -0.0273308 0.00113942 -0.0106855 -0.0605613 -0.0176803
internal_weight=7981 1973 553 1420 888 135 506
internal_count=7981 1973 553 1420 888 135 506
is_linear=0
shrinkage=0.02


Tree=953
num_leaves=8
num_cat=0
split_feature=0 55 41 9 41 9 18
split_gain=397.801 740.286 627.632 1461.95 397.882 391.953 506.356
threshold=67.500000000000014 51.57500000000001 51.175000000000004 15.500000000000002 48.105000000000011 18.500000000000004 870114.60000000021
decision_type=2 2 2 2 2 2 2
left_child=5 2 -2 -4 -3 -1 -7
right_child=1 4 3 -5 -6 6 -8
leaf_value=-0.0021842948345319009 0.052923500456360233 -0.059879109886976388 0.04127865416070689 -0.084090546477924702 0.011966424603931238 0.03586428706107897 -0.036501062301297987
leaf_weight=7254 213 60 110 50 56 208 43
leaf_count=7254 213 60 110 50 56 208 43
internal_value=-0.000183967 0.0172008 0.0308449 0.000739789 -0.0261338 -0.0013274 0.0229963
internal_weight=7994 489 373 160 116 7505 251
internal_count=7994 489 373 160 116 7505 251
is_linear=0
shrinkage=0.02


Tree=954
num_leaves=8
num_cat=0
split_feature=52 64 0 44 38 47 13
split_gain=514.983 987.344 800.007 450.107 673.569 875.806 1265.42
threshold=82.050000000000011 2.5000000000000004 35.500000000000007 1.0000000180025095e-35 3211.5000000000005 7.5000000000000009 366.35000000000008
decision_type=2 2 2 2 8 2 2
left_child=3 2 -2 4 5 6 -1
right_child=1 -3 -4 -5 -6 -7 -8
leaf_value=-0.11262077972739935 0.0038227911322724585 0.0017123161625664644 0.11074207312669861 0.0005222047167978296 -0.0059591906382823528 0.015380570440739394 0.0011763147858605868
leaf_weight=95 46 308 68 6056 1301 70 64
leaf_count=95 46 308 68 6056 1301 70 64
internal_value=-0.000727555 0.0206442 0.0695726 -0.00192926 -0.0116027 -0.042852 -0.0681763
internal_weight=8008 422 114 7586 1530 229 159
internal_count=8008 422 114 7586 1530 229 159
is_linear=0
shrinkage=0.02


Tree=955
num_leaves=8
num_cat=1
split_feature=50 54 14 6 7 41 44
split_gain=340.998 693.541 404.464 365 296.241 615.296 543.165
threshold=3.5000000000000004 96.805000000000021 23.425000000000004 1.5000000000000002 0 15.475000000000003 1.0000000180025095e-35
decision_type=2 2 2 2 1 2 2
left_child=4 2 3 -2 5 6 -1
right_child=1 -3 -4 -5 -6 -7 -8
leaf_value=-0.093705023197417567 -0.0066704039800184215 -0.041411767034894888 0.086252551875331193 0.055643636311459188 -0.0054181787714349047 0.0038756279132980166 -0.011122713548327804
leaf_weight=42 82 49 50 63 3257 4336 104
leaf_count=42 82 49 50 63 3257 4336 104
internal_value=-0.000101351 0.0229361 0.0397367 0.0213563 -0.000842032 0.00249224 -0.0371954
internal_weight=7983 244 195 145 7739 4482 146
internal_count=7983 244 195 145 7739 4482 146
cat_boundaries=0 1
cat_threshold=18
is_linear=0
shrinkage=0.02


Tree=956
num_leaves=8
num_cat=0
split_feature=42 56 14 42 47 38 58
split_gain=409.9 659.658 1295.78 919.723 758.834 661.361 619.41
threshold=46.840000000000011 52.905000000000008 12.495000000000003 34.960000000000008 1.5000000000000002 10156.400000000003 30.105000000000004
decision_type=2 2 2 2 2 10 2
left_child=1 4 -3 -4 5 -1 -6
right_child=-2 2 3 -5 6 -7 -8
leaf_value=-0.0099209643476599954 -0.0018303264727872954 -0.04420328348875046 0.12570433061727335 0.018943701501497451 -0.0067930093649638838 -0.085398945455749831 0.013483939801128117
leaf_weight=213 4458 45 66 63 817 55 2264
leaf_count=213 4458 45 66 63 817 55 2264
internal_value=0.00219869 0.00729238 0.0447096 0.0762178 0.00528459 -0.0266912 0.00810473
internal_weight=7981 3523 174 129 3349 268 3081
internal_count=7981 3523 174 129 3349 268 3081
is_linear=0
shrinkage=0.02


Tree=957
num_leaves=8
num_cat=0
split_feature=56 56 57 0 10 0 15
split_gain=407.504 419.334 395.191 356.47 383.282 832.626 718.39
threshold=58.75500000000001 55.295000000000009 40.555000000000007 82.500000000000014 22351.700000000004 20.500000000000004 1.5000000000000002
decision_type=2 2 2 2 2 2 2
left_child=1 3 -3 4 6 -6 -1
right_child=-2 2 -4 -5 5 -7 -8
leaf_value=0.017832540039609154 -0.044336035750806337 0.062692549896559549 -0.0068604819607316408 -0.049410970702505948 -0.044967054189758361 -0.00092222671231565953 -0.0027864758818410334
leaf_weight=1263 75 79 52 52 173 4843 1445
leaf_count=1263 75 79 52 52 173 4843 1445
internal_value=0.000576937 0.0010307 0.0358465 0.000421508 0.000788741 -0.00248458 0.00684529
internal_weight=7982 7907 131 7776 7724 5016 2708
internal_count=7982 7907 131 7776 7724 5016 2708
is_linear=0
shrinkage=0.02


Tree=958
num_leaves=8
num_cat=0
split_feature=14 49 56 46 23 14 49
split_gain=379.538 1063.23 465.662 417.287 848.192 595.118 586.53
threshold=8.7450000000000028 42.500000000000007 51.375000000000007 4.5000000000000009 23.150000000000002 12.335000000000003 32.500000000000007
decision_type=2 2 2 2 2 2 2
left_child=1 2 -1 4 6 -5 -2
right_child=3 -3 -4 5 -6 -7 -8
leaf_value=-0.018899835261163015 0.012152761021263963 0.029617016745543984 -0.079284437215119075 0.014741213895319509 0.051449314361986 -0.0050324257951273859 -0.0070649764358959337
leaf_weight=575 1804 184 52 728 165 3590 975
leaf_count=575 1804 184 52 728 165 3590 975
internal_value=0.00082165 -0.0121121 -0.0244954 0.0022734 0.00807292 -0.00168546 0.00540972
internal_weight=8073 811 627 7262 2944 4318 2779
internal_count=8073 811 627 7262 2944 4318 2779
is_linear=0
shrinkage=0.02


Tree=959
num_leaves=8
num_cat=0
split_feature=33 8 56 56 42 6 16
split_gain=380.325 351.018 371.53 951.664 1106.4 1004.17 750.726
threshold=6.5000000000000009 75.800000000000011 42.675000000000004 43.225000000000001 36.865000000000002 1.5000000000000002 0.20675000000000002
decision_type=2 2 2 2 2 2 2
left_child=1 2 -1 4 -4 -6 -5
right_child=-2 -3 3 6 5 -7 -8
leaf_value=0.0010864422233452485 0.056770527137650378 0.034790669833265606 0.019590768378008813 -0.064100732819699663 -0.1138178903799431 0.000441985154638485 -0.002543314401703068
leaf_weight=5206 40 100 63 77 97 44 2380
leaf_count=5206 40 100 63 77 97 44 2380
internal_value=-0.00121175 -0.00153828 -0.00202188 -0.00809365 -0.0490698 -0.0793683 -0.00459873
internal_weight=8007 7967 7867 2661 204 141 2457
internal_count=8007 7967 7867 2661 204 141 2457
is_linear=0
shrinkage=0.02


Tree=960
num_leaves=8
num_cat=0
split_feature=68 68 52 52 40 8 13
split_gain=352.711 758.953 819.02 811.871 802.093 653.334 620.984
threshold=266994.45000000007 172585.30000000002 40.705000000000005 43.815000000000005 45.935000000000009 20.385000000000002 357.65000000000003
decision_type=2 2 2 2 2 2 2
left_child=1 -1 4 -4 5 -3 -6
right_child=-2 2 3 -5 6 -7 -8
leaf_value=0.00012188621603709672 -0.00239975466923738 0.032550056874752042 -0.069240612690436076 0.019009103735281342 -0.0283851600587368 0.13537271650903152 0.068344867353638011
leaf_weight=1776 5560 46 42 369 55 61 43
leaf_count=1776 5560 46 42 369 55 61 43
internal_value=0.000363157 0.00677692 0.0258087 0.00926706 0.0579624 0.0945951 0.015315
internal_weight=7952 2392 616 411 205 107 98
internal_count=7952 2392 616 411 205 107 98
is_linear=0
shrinkage=0.02


Tree=961
num_leaves=8
num_cat=0
split_feature=20 38 38 41 49 41 23
split_gain=374.065 601.183 522.87 766.517 699.27 636.853 583.192
threshold=453860.80000000005 2397.6500000000005 3811.5500000000006 23.250000000000004 39.500000000000007 59.930000000000007 13.65
decision_type=8 8 8 2 2 2 2
left_child=1 -1 -3 -4 6 -6 -5
right_child=-2 2 3 4 5 -7 -8
leaf_value=0.038331768657916633 0.002807402873914767 -0.086657706989182376 -0.091747042574781043 -0.012483402371313424 -0.078814517999269876 0.016557251453399657 0.042364479382265736
leaf_weight=73 7450 40 42 195 78 40 122
leaf_count=73 7450 40 42 195 78 40 122
internal_value=0.00159036 -0.0136718 -0.0213115 -0.0149897 -0.00662027 -0.0471262 0.00895531
internal_weight=8040 590 517 477 435 118 317
internal_count=8040 590 517 477 435 118 317
is_linear=0
shrinkage=0.02


Tree=962
num_leaves=8
num_cat=0
split_feature=43 58 49 52 0 21 12
split_gain=529.135 1071.38 666.635 703.784 796.458 896.725 921.024
threshold=1.0000000180025095e-35 68.420000000000016 34.500000000000007 30.265000000000004 43.500000000000007 206852.25000000003 45.390000000000008
decision_type=2 2 2 2 2 10 2
left_child=1 2 -1 -4 5 -5 -7
right_child=-2 -3 3 4 -6 6 -8
leaf_value=0.0017860209775788763 0.0030140479194982919 -0.097586097338781597 0.014786263315412275 -0.046418122431614257 -0.061191430974513933 0.086572178591941967 -0.016999457567756952
leaf_weight=1312 6012 48 149 133 230 53 81
leaf_count=1312 6012 48 149 133 230 53 81
internal_value=4.56541e-05 -0.00883602 -0.00641731 -0.0229637 -0.0343156 -0.010465 0.025606
internal_weight=8018 2006 1958 646 497 267 134
internal_count=8018 2006 1958 646 497 267 134
is_linear=0
shrinkage=0.02


Tree=963
num_leaves=8
num_cat=0
split_feature=43 55 17 56 55 49 12
split_gain=533.368 716.2 1235.66 1150.52 750.118 697.114 829.553
threshold=1.0000000180025095e-35 42.645000000000003 56449.350000000013 35.985000000000007 39.175000000000004 7.5000000000000009 27.005000000000006
decision_type=2 2 2 2 2 2 2
left_child=1 2 3 4 -1 -3 -7
right_child=-2 5 -4 -5 -6 6 -8
leaf_value=-0.041806192366217354 0.0026722703195778004 0.052444060874612709 0.053933255432828058 -0.015744849624752533 -0.1243631530869497 0.029785037960695183 -0.012914347947070554
leaf_weight=133 6022 90 69 504 68 225 868
leaf_count=133 6022 90 69 504 68 225 868
internal_value=-0.00027637 -0.00933349 -0.0242244 -0.0321998 -0.0720765 0.000470134 -0.00402884
internal_weight=7979 1957 774 705 201 1183 1093
internal_count=7979 1957 774 705 201 1183 1093
is_linear=0
shrinkage=0.02


Tree=964
num_leaves=8
num_cat=0
split_feature=32 53 20 22 52 33 21
split_gain=495.17 679.366 600.177 548.002 701.964 926.935 822.16
threshold=1.0000000180025095e-35 92.25500000000001 991785.25000000012 16100.750000000002 42.845000000000006 1.5000000000000002 422506.45000000007
decision_type=2 2 8 2 2 2 8
left_child=1 -1 -3 4 6 -6 -2
right_child=3 2 -4 -5 5 -7 -8
leaf_value=0.0046904878481314437 0.026172573082041361 -0.01250840333547998 0.076531236001423433 0.0062035718817369089 -0.098506479889659562 -0.01677714443689866 -0.018570038080215453
leaf_weight=5012 341 42 93 1163 54 1039 308
leaf_count=5012 341 42 93 1163 54 1039 308
internal_value=0.0021852 0.00590923 0.0493726 -0.00441174 -0.0114962 -0.0212452 0.00495916
internal_weight=8052 5147 135 2905 1742 1093 649
internal_count=8052 5147 135 2905 1742 1093 649
is_linear=0
shrinkage=0.02


Tree=965
num_leaves=8
num_cat=0
split_feature=13 12 37 23 14 37 47
split_gain=476.013 658.894 579.301 568.957 485.794 591.09 916.909
threshold=317.35000000000008 7.3150000000000004 1.0000000180025095e-35 3.6500000000000008 8.7450000000000028 0.19525000000000003 7.5000000000000009
decision_type=2 2 2 2 2 2 2
left_child=3 2 -2 -1 5 -3 -7
right_child=1 4 -4 -5 -6 6 -8
leaf_value=0.046480081894972027 -0.082084715185286136 -0.0037201783484822021 -0.0077746591064118851 0.004532567682748752 -0.00045864526107978505 -0.083551206014797846 0.0019201523108083919
leaf_weight=132 74 322 92 2351 4834 113 87
leaf_count=132 74 322 92 2351 4834 113 87
internal_value=-0.000413309 -0.00368321 -0.0423324 0.00685149 -0.00244698 -0.020681 -0.0472312
internal_weight=8005 5522 166 2483 5356 522 200
internal_count=8005 5522 166 2483 5356 522 200
is_linear=0
shrinkage=0.02


Tree=966
num_leaves=8
num_cat=1
split_feature=23 48 2 48 40 53 56
split_gain=558.552 406.698 551.192 635.299 542.268 480.57 735.911
threshold=32.050000000000004 19.500000000000004 0 24.500000000000004 57.175000000000004 59.265000000000008 33.485000000000007
decision_type=2 2 1 2 2 2 2
left_child=1 5 -3 -4 -5 -1 -7
right_child=-2 2 3 4 -6 6 -8
leaf_value=-0.0043811887174632271 -0.057985539036010628 -0.055844260224878477 -0.034749286941462947 0.060095192685171411 -0.024983238225080528 -0.011006989008497283 0.010031675807829434
leaf_weight=3563 62 105 119 76 44 834 3211
leaf_count=3563 62 105 119 76 44 834 3211
internal_value=-0.000480957 3.54825e-06 -0.021108 -0.0026196 0.0291483 0.000971355 0.00568568
internal_weight=8014 7952 344 239 120 7608 4045
internal_count=8014 7952 344 239 120 7608 4045
cat_boundaries=0 1
cat_threshold=76
is_linear=0
shrinkage=0.02


Tree=967
num_leaves=8
num_cat=1
split_feature=2 23 14 42 8 41 16
split_gain=347.022 744.279 779.836 1067.9 1013.31 882.479 1745.5
threshold=0 3.2500000000000004 26.615000000000006 53.215000000000011 24.685000000000006 49.205000000000005 0.51795000000000013
decision_type=1 2 2 2 2 2 2
left_child=1 -1 4 -4 -3 6 -6
right_child=-2 2 3 -5 5 -7 -8
leaf_value=0.054268441101950081 0.0012704101240281246 0.014909806144476958 -0.064550966682093855 0.0010211374782598936 -0.078697619076185638 0.0015816760137370165 0.013915580557452307
leaf_weight=67 6208 608 221 177 207 359 130
leaf_count=67 6208 608 221 177 207 359 130
internal_value=-0.000962094 -0.0087361 -0.0114192 -0.0357386 -0.00388835 -0.0202989 -0.0432903
internal_weight=7977 1769 1702 398 1304 696 337
internal_count=7977 1769 1702 398 1304 696 337
cat_boundaries=0 1
cat_threshold=12
is_linear=0
shrinkage=0.02


Tree=968
num_leaves=8
num_cat=0
split_feature=53 12 12 17 17 14 22
split_gain=353.689 547.166 914.773 791.061 1581.2 687.84 657.332
threshold=39.905000000000008 19.995000000000001 28.305000000000003 13447.650000000001 16791.950000000004 22.375000000000004 12788.400000000003
decision_type=2 2 2 2 2 2 2
left_child=1 -1 -3 5 -5 6 -4
right_child=-2 2 3 4 -6 -7 -8
leaf_value=-0.017008296707408683 -0.001094198222305021 0.075234047320804423 0.0084000112659790935 -0.11440639976192923 0.0088257558740610382 -0.0099127100511955529 0.082280931102762397
leaf_weight=192 7067 100 80 46 224 99 121
leaf_count=192 7067 100 80 46 224 99 121
internal_value=0.000384121 0.0124404 0.0209428 0.0108467 -0.0138677 0.0329524 0.0537932
internal_weight=7929 862 670 570 270 300 201
internal_count=7929 862 670 570 270 300 201
is_linear=0
shrinkage=0.02


Tree=969
num_leaves=8
num_cat=0
split_feature=21 21 44 50 55 58 6
split_gain=259.483 653.29 348.565 775.496 759.043 595.708 598.52
threshold=357311.15000000008 350605.15000000008 1.0000000180025095e-35 1.0000000180025095e-35 47.375000000000007 32.775000000000013 2.5000000000000004
decision_type=8 10 2 2 2 2 2
left_child=1 -1 3 -2 5 -5 -7
right_child=2 -3 -4 4 -6 6 -8
leaf_value=0.002304384302752112 0.01131203870793138 0.056368398630748627 -0.0007060387456991516 0.036896447061520558 -0.05091782847747129 -0.034604765515518089 0.037120765753989586
leaf_weight=3193 322 87 3759 87 282 242 53
leaf_count=3193 322 87 3759 87 282 242 53
internal_value=-0.000500186 0.00382201 -0.0034888 -0.0140406 -0.0263278 -0.00775168 -0.0213146
internal_weight=8025 3280 4745 986 664 382 295
internal_count=8025 3280 4745 986 664 382 295
is_linear=0
shrinkage=0.02


Tree=970
num_leaves=8
num_cat=0
split_feature=9 23 38 31 12 21 64
split_gain=429.636 531.904 784.495 1136.32 933.231 509.392 1014.31
threshold=3.5000000000000004 17.350000000000005 1527.45 1.0000000180025095e-35 22.710000000000004 343433.45000000007 2.5000000000000004
decision_type=2 2 10 2 2 10 2
left_child=1 -1 3 -3 -4 -2 -7
right_child=5 2 4 -5 -6 6 -8
leaf_value=-0.0026742539036382763 -0.0005746252868098564 0.035437886808067559 -0.1285778931301573 -0.033024694794719971 -0.03025732669796977 0.053064745241070438 0.0038637548080072931
leaf_weight=3227 3144 171 41 211 281 222 644
leaf_count=3227 3144 171 41 211 281 222 644
internal_value=-0.00143014 -0.00612491 -0.0218116 -0.00231593 -0.044551 0.00317404 0.0167087
internal_weight=7941 3931 704 382 322 4010 866
internal_count=7941 3931 704 382 322 4010 866
is_linear=0
shrinkage=0.02


Tree=971
num_leaves=8
num_cat=1
split_feature=13 7 8 57 55 42 53
split_gain=451.95 815.364 1056 858.024 567.794 749.965 651.697
threshold=374.15000000000003 0 24.545000000000005 66.625000000000014 39.055000000000007 28.425000000000004 78.100000000000009
decision_type=2 1 2 2 2 2 2
left_child=-1 2 -2 4 5 -3 -6
right_child=1 3 -4 -5 6 -7 -8
leaf_value=-0.0031166994245028124 0.028637567815419877 0.046640674455626176 -0.034451786030136364 -0.05736803369735604 0.02804805907354576 -0.014019692958317188 -0.010482308683676299
leaf_weight=5558 147 96 350 62 1162 418 204
leaf_count=5558 147 96 350 62 1162 418 204
internal_value=3.2783e-05 0.00720153 -0.0153857 0.0130189 0.0155553 -0.00234995 0.0222766
internal_weight=7997 2439 497 1942 1880 514 1366
internal_count=7997 2439 497 1942 1880 514 1366
cat_boundaries=0 1
cat_threshold=40
is_linear=0
shrinkage=0.02


Tree=972
num_leaves=8
num_cat=0
split_feature=55 21 51 58 8 10 38
split_gain=365.757 539.505 1381.85 661.332 477.807 692.7 786.492
threshold=37.07500000000001 279415.3000000001 24.215000000000003 44.285000000000004 36.495000000000012 40145.400000000009 5132.8000000000011
decision_type=2 8 2 2 2 2 8
left_child=1 2 3 -1 -2 6 -6
right_child=4 -3 -4 -5 5 -7 -8
leaf_value=0.0054165721234847924 0.00071514320353184243 0.015629866895258332 0.020559424767354586 -0.082542439955368377 -0.060307230462073064 0.00048647881278081036 -0.013567843429249736
leaf_weight=48 4942 1106 217 109 191 857 560
leaf_count=48 4942 1106 217 109 191 857 560
internal_value=-0.000338852 0.00862371 -0.0120279 -0.0563133 -0.00236901 -0.0118206 -0.0257752
internal_weight=8030 1480 374 157 6550 1608 751
internal_count=8030 1480 374 157 6550 1608 751
is_linear=0
shrinkage=0.02


Tree=973
num_leaves=8
num_cat=0
split_feature=23 67 23 37 52 53 12
split_gain=384.638 678.641 860.884 1158.42 513.272 486.604 650.901
threshold=22.550000000000004 2.4870858492134853 25.050000000000004 0.13715000000000002 31.705000000000002 73.225000000000009 46.415000000000006
decision_type=2 2 2 2 2 2 2
left_child=-1 2 3 -2 -3 6 -4
right_child=1 4 5 -5 -6 -7 -8
leaf_value=-0.0010067999571547399 0.085320076718926427 0.097689125470395363 -0.042379063717139669 -0.032311106936658847 0.025353219107414286 -0.080895099392477063 0.042184224367141726
leaf_weight=7433 75 48 88 54 175 48 55
leaf_count=7433 75 48 88 54 175 48 55
internal_value=0.000184706 0.0163553 -0.00239504 0.0367108 0.0427241 -0.0290696 -0.00952837
internal_weight=7976 543 320 129 223 191 143
internal_count=7976 543 320 129 223 191 143
is_linear=0
shrinkage=0.02


Tree=974
num_leaves=8
num_cat=0
split_feature=16 22 17 33 52 17 45
split_gain=389.236 629.35 497.242 336.79 320.217 353.465 338.295
threshold=0.79410000000000014 19045.250000000004 4954.4500000000016 6.5000000000000009 1.0000000180025095e-35 11481.900000000001 1.0000000180025095e-35
decision_type=2 2 2 2 2 2 2
left_child=3 2 -2 4 5 -1 -6
right_child=1 -3 -4 -5 6 -7 -8
leaf_value=0.0028162489732106526 0.060360884065429367 0.081207275119920569 -0.018269981953554448 0.051110264841391119 0.0037177468942849608 -0.078554864831682711 -0.0047303752473497711
leaf_weight=40 40 55 108 44 3346 40 4362
leaf_count=40 40 55 108 44 3346 40 4362
internal_value=-0.000445155 0.0265585 0.00425969 -0.00116157 -0.00148949 -0.0400969 -0.00106306
internal_weight=8035 203 148 7832 7788 80 7708
internal_count=8035 203 148 7832 7788 80 7708
is_linear=0
shrinkage=0.02


Tree=975
num_leaves=8
num_cat=0
split_feature=12 22 17 17 12 54 53
split_gain=447.016 756.022 883.799 710.857 657.379 719.091 628.083
threshold=40.635000000000012 24305.200000000001 11779.200000000003 5965.8500000000013 39.675000000000004 83.165000000000006 53.565000000000005
decision_type=2 2 2 2 2 2 2
left_child=1 4 3 -3 -1 -6 -4
right_child=-2 2 6 -5 5 -7 -8
leaf_value=-0.0007564032598654524 0.0036238324108626738 -0.025487102037295699 0.048066235569076257 -0.10340044608205144 0.0045289219607566964 -0.09502707873071943 -0.032742216039085011
leaf_weight=2801 4733 107 64 85 53 58 82
leaf_count=2801 4733 107 64 85 53 58 82
internal_value=-0.000296617 -0.00600279 -0.0340892 -0.0617289 -0.00268992 -0.0493451 0.00309932
internal_weight=7983 3250 338 192 2912 111 146
internal_count=7983 3250 338 192 2912 111 146
is_linear=0
shrinkage=0.02


Tree=976
num_leaves=8
num_cat=1
split_feature=68 1 64 68 26 53 12
split_gain=638.695 747.107 623.998 558.568 680.68 555.358 813.059
threshold=1820341.55 0 3.5000000000000004 1651963.3 1.0000000180025095e-35 38.245000000000012 19.995000000000001
decision_type=2 1 2 2 2 2 2
left_child=3 2 -2 5 -5 6 -1
right_child=1 -3 -4 4 -6 -7 -8
leaf_value=-0.021531436091961238 0.076898248430454369 -0.0031764700175555432 0.0037595243102464923 -0.06729101804068445 0.0076131631316763626 -0.002499309291653316 0.029280093072600679
leaf_weight=164 127 202 73 107 84 6789 498
leaf_count=164 127 202 73 107 84 6789 498
internal_value=-0.000368241 0.0240449 0.0509454 -0.00166735 -0.034995 -0.000790133 0.0166253
internal_weight=8044 402 200 7642 191 7451 662
internal_count=8044 402 200 7642 191 7451 662
cat_boundaries=0 1
cat_threshold=2
is_linear=0
shrinkage=0.02


Tree=977
num_leaves=8
num_cat=0
split_feature=23 38 23 14 26 38 51
split_gain=393.197 472.183 387.34 360.94 613.793 459.634 469.559
threshold=30.050000000000004 4695.9000000000005 1.7500000000000002 43.180000000000007 1.0000000180025095e-35 25777.900000000005 26.885000000000002
decision_type=2 10 2 2 2 8 2
left_child=2 -2 -1 -4 5 -5 -7
right_child=1 -3 3 4 -6 6 -8
leaf_value=0.053235191804058148 0.00019658304417311258 0.082818786263465879 2.3085678465828569e-05 -0.0099452763284320275 0.011549492502462365 -0.0072007225329677261 -0.087755357560358557
leaf_weight=48 62 45 7358 129 162 43 90
leaf_count=48 62 45 7358 129 162 43 90
internal_value=-0.000118451 0.0370903 -0.000650268 -0.00101661 -0.0188492 -0.0375096 -0.0629159
internal_weight=7937 107 7830 7782 424 262 133
internal_count=7937 107 7830 7782 424 262 133
is_linear=0
shrinkage=0.02


Tree=978
num_leaves=8
num_cat=0
split_feature=49 0 56 12 18 56 23
split_gain=323.639 459.88 304.411 1240.48 719.727 667.934 783.191
threshold=4.5000000000000009 46.500000000000007 30.865000000000006 47.120000000000012 196776.00000000003 27.975000000000005 9.3500000000000032
decision_type=2 2 2 2 2 2 2
left_child=1 -1 3 4 -2 6 -5
right_child=2 -3 -4 5 -6 -7 -8
leaf_value=0.0025468326497960973 -0.04735367696157524 -0.070691314455001583 0.0021024693200003158 0.082933148492841016 0.0031217763333292732 -0.0091402526783446476 0.0066193610541802599
leaf_weight=76 345 57 6901 89 166 235 128
leaf_count=76 345 57 6901 89 166 235 128
internal_value=9.81695e-05 -0.030265 0.000630591 -0.00987348 -0.0310852 0.0141847 0.0390815
internal_weight=7997 133 7864 963 511 452 217
internal_count=7997 133 7864 963 511 452 217
is_linear=0
shrinkage=0.02


Tree=979
num_leaves=8
num_cat=0
split_feature=43 41 0 49 18 17 20
split_gain=312.352 596.583 515.123 969.474 601.217 726.207 751.371
threshold=1.0000000180025095e-35 78.865000000000023 57.500000000000007 13.500000000000002 227703.90000000002 9404.5000000000018 739572.55000000016
decision_type=2 2 2 2 2 2 10
left_child=1 2 -1 -4 5 6 -5
right_child=-2 -3 3 4 -6 -7 -8
leaf_value=-0.014754331568916784 0.0022107222944122823 0.039809211302871031 0.070708357456852403 -0.079140208491361608 0.037125259287034473 0.028603644432165686 0.0089250021766532558
leaf_weight=1508 6046 99 80 97 91 73 61
leaf_count=1508 6046 99 80 97 91 73 61
internal_value=-6.00492e-05 -0.00688236 -0.00940012 0.0106193 -0.00516251 -0.0222549 -0.0459095
internal_weight=8055 2009 1910 402 322 231 158
internal_count=8055 2009 1910 402 322 231 158
is_linear=0
shrinkage=0.02


Tree=980
num_leaves=8
num_cat=0
split_feature=57 47 25 64 51 23 50
split_gain=335.653 612.604 452.503 384.508 920.517 917.506 906.325
threshold=68.070000000000007 7.5000000000000009 1.0000000180025095e-35 2.5000000000000004 12.555000000000001 23.450000000000003 1.5000000000000002
decision_type=2 2 2 2 2 2 2
left_child=3 2 -2 4 6 -6 -1
right_child=1 -3 -4 -5 5 -7 -8
leaf_value=-0.031379581349715593 -0.028344298707074431 -0.071917380406647122 0.046899271745664571 -0.002842824613037297 0.010271858721411668 0.069324061846838592 0.025418361027244551
leaf_weight=395 78 69 47 5523 1592 108 152
leaf_count=395 78 69 47 5523 1592 108 152
internal_value=-0.000661841 -0.0263101 0.000662964 -4.95266e-06 0.0069612 0.0142157 -0.0155093
internal_weight=7964 194 125 7770 2247 1700 547
internal_count=7964 194 125 7770 2247 1700 547
is_linear=0
shrinkage=0.02


Tree=981
num_leaves=8
num_cat=0
split_feature=43 16 53 31 21 49 51
split_gain=619.383 635.698 977.625 568.415 831.531 772.852 806.726
threshold=1.0000000180025095e-35 0.74725000000000008 58.365000000000002 1.0000000180025095e-35 252926.60000000003 13.500000000000002 22.620000000000001
decision_type=2 2 2 2 8 2 2
left_child=1 3 -3 4 -1 6 -6
right_child=-2 2 -4 -5 5 -7 -8
leaf_value=-0.071904894484413992 0.0020151141669887958 0.10151739685535431 -0.014102355564293796 -0.0043805787949591788 -0.023982654964222628 -0.029549960365843196 0.063172644635792391
leaf_weight=130 5949 45 68 1111 80 489 81
leaf_count=130 5949 45 68 1111 80 489 81
internal_value=-0.00122579 -0.0108277 0.0342915 -0.0136072 -0.0266376 -0.0171044 0.0204477
internal_weight=7953 2004 113 1891 780 650 161
internal_count=7953 2004 113 1891 780 650 161
is_linear=0
shrinkage=0.02


Tree=982
num_leaves=8
num_cat=0
split_feature=56 56 47 6 51 22 51
split_gain=267.036 374.341 525.585 326.461 1180.96 506.734 589.817
threshold=59.970000000000006 55.295000000000009 4.5000000000000009 2.5000000000000004 47.515000000000008 15534.850000000002 14.525
decision_type=2 2 2 2 2 2 2
left_child=1 3 -3 -1 5 -5 -7
right_child=-2 2 -4 4 -6 6 -8
leaf_value=-0.00017118224917232893 -0.038694740664213897 0.081280497043279179 0.0060232601249427132 0.0081093760989836249 -0.027699319244826281 -0.00057779521893032578 0.050185290977860078
leaf_weight=6446 59 52 109 623 254 127 322
leaf_count=6446 59 52 109 623 254 127 322
internal_value=0.00199972 0.00232656 0.032046 0.0016907 0.0107084 0.0198951 0.0359787
internal_weight=7992 7933 161 7772 1326 1072 449
internal_count=7992 7933 161 7772 1326 1072 449
is_linear=0
shrinkage=0.02


Tree=983
num_leaves=8
num_cat=1
split_feature=68 1 28 68 21 67 21
split_gain=381.423 834.075 938.269 691.785 623.812 550.614 505.045
threshold=1820341.55 0 1.0000000180025095e-35 1727561.5000000002 424646.25000000006 9.7213596936460611 245940.50000000003
decision_type=2 1 2 2 8 2 10
left_child=3 5 -3 -1 -5 6 -2
right_child=1 2 -4 4 -6 -7 -8
leaf_value=-0.00099140228012269691 0.072853734947867316 -0.035575832171169552 0.060252227251018795 -0.0041774259278407463 -0.10824445044864779 0.10661984109756897 -0.0023136387859520159
leaf_weight=7524 54 147 51 47 41 44 90
leaf_count=7524 54 147 51 47 41 44 90
internal_value=-0.000673647 0.0185922 -0.0100168 -0.00166217 -0.055876 0.0482018 0.027373
internal_weight=7998 386 198 7612 88 188 144
internal_count=7998 386 198 7612 88 188 144
cat_boundaries=0 1
cat_threshold=2
is_linear=0
shrinkage=0.02


Tree=984
num_leaves=8
num_cat=1
split_feature=20 52 40 37 7 34 31
split_gain=396.449 838.897 700.797 867.464 1152.43 996.852 719.613
threshold=1091026.8 63.135000000000012 67.445000000000007 0.18465000000000001 0 1.5000000000000002 1.0000000180025095e-35
decision_type=10 2 2 2 1 2 2
left_child=-1 2 3 4 -2 -5 -7
right_child=1 -3 -4 5 -6 6 -8
leaf_value=0.0020014020609292172 0.01051459160332281 0.018236302480198977 0.021125594167210535 -0.055248556555585665 -0.06181579885129921 0.084487330338784639 0.0010830758498391001
leaf_weight=6800 118 301 136 89 345 51 159
leaf_count=6800 118 301 136 89 345 51 159
internal_value=0.000129793 -0.0104491 -0.0201118 -0.0275615 -0.0445625 -0.000935689 0.0228322
internal_weight=7999 1199 898 762 463 299 210
internal_count=7999 1199 898 762 463 299 210
cat_boundaries=0 1
cat_threshold=9
is_linear=0
shrinkage=0.02


Tree=985
num_leaves=8
num_cat=1
split_feature=23 13 47 33 2 23 55
split_gain=420.625 363.218 905.177 649.158 388.574 585.146 604.654
threshold=31.750000000000004 455.35000000000008 3.5000000000000004 2.5000000000000004 0 17.450000000000003 39.635000000000012
decision_type=2 2 2 2 1 2 2
left_child=1 4 -3 -4 5 -1 -7
right_child=-2 2 3 -5 -6 6 -8
leaf_value=-0.0036457917774389216 -0.047414417964007173 -0.051807612980902196 0.085079603862072181 0.0090286499605450824 0.0016746744173981049 0.017726973773820737 -0.044297408144034094
leaf_weight=1846 72 45 80 98 5497 77 289
leaf_count=1846 72 45 80 98 5497 77 289
internal_value=-0.000894863 -0.000442994 0.0244357 0.0445995 -0.00117804 -0.0082255 -0.0311855
internal_weight=8004 7932 223 178 7709 2212 366
internal_count=8004 7932 223 178 7709 2212 366
cat_boundaries=0 1
cat_threshold=41
is_linear=0
shrinkage=0.02


Tree=986
num_leaves=8
num_cat=0
split_feature=20 12 18 18 8 67 54
split_gain=313.745 465.228 309.267 701.325 965.152 672.14 753.486
threshold=2040219.5500000003 44.920000000000009 284197.20000000007 229455.20000000004 33.045000000000009 5.1085135181596932 80.00500000000001
decision_type=10 2 2 2 2 2 2
left_child=2 -2 3 -1 -5 -4 -7
right_child=1 -3 5 4 -6 6 -8
leaf_value=0.0021771395179851247 0.0087844781970812212 -0.063157591489950815 -0.047839146709420542 0.06587262492840458 -0.02097797087369821 0.015999059947674692 -0.0097918588542105518
leaf_weight=5326 67 70 133 152 73 633 1559
leaf_count=5326 67 70 133 152 73 633 1559
internal_value=0.000561093 -0.0289038 0.00109164 0.00365588 0.037851 -0.00502527 -0.00232456
internal_weight=8013 137 7876 5551 225 2325 2192
internal_count=8013 137 7876 5551 225 2325 2192
is_linear=0
shrinkage=0.02


Tree=987
num_leaves=8
num_cat=1
split_feature=23 55 18 45 3 47 16
split_gain=412.427 325.785 552.564 307.955 766.725 1163.3 956.163
threshold=31.050000000000004 25.525000000000002 69683.400000000009 1.0000000180025095e-35 0 5.5000000000000009 0.50895000000000012
decision_type=2 2 2 2 1 2 2
left_child=1 2 -1 4 5 -3 -6
right_child=-2 3 -4 -5 6 -7 -8
leaf_value=0.0083603952039371845 0.043594046946834115 0.032046543976423328 -0.086401946436851576 -0.0036772389169813409 -0.019422029045546896 -0.00086936574923623803 0.01093508860057631
leaf_weight=50 80 761 42 4500 896 977 765
leaf_count=50 80 761 42 4500 896 977 765
internal_value=-0.000228681 -0.000694388 -0.0371244 -0.000246869 0.00429339 0.0135162 -0.0054172
internal_weight=8071 7991 92 7899 3399 1738 1661
internal_count=8071 7991 92 7899 3399 1738 1661
cat_boundaries=0 1
cat_threshold=5
is_linear=0
shrinkage=0.02


Tree=988
num_leaves=8
num_cat=0
split_feature=58 55 57 58 21 41 67
split_gain=302.677 613.324 615.741 580.624 918.407 703.551 984.055
threshold=33.645000000000003 62.850000000000001 68.070000000000007 32.905000000000008 415253.60000000003 39.675000000000004 3.4199652381731069
decision_type=2 2 2 2 8 2 2
left_child=3 2 -2 5 -5 6 -1
right_child=1 -3 -4 4 -6 -7 -8
leaf_value=-0.037667024974141122 0.0039063262048484046 -0.045176082240922427 -0.066635007938742635 0.0047672931063041258 -0.08821270100158804 0.0030442709631073235 0.0069281244577288278
leaf_weight=472 5010 102 45 84 80 1893 336
leaf_count=472 5010 102 45 84 80 1893 336
internal_value=-0.000682174 0.00221322 0.00321314 -0.00588866 -0.0418567 -0.00363143 -0.0191939
internal_weight=8022 5157 5055 2865 164 2701 808
internal_count=8022 5157 5055 2865 164 2701 808
is_linear=0
shrinkage=0.02


Tree=989
num_leaves=8
num_cat=0
split_feature=21 42 28 6 0 42 21
split_gain=389.161 1021.1 634.213 758.659 412.419 399.721 425.693
threshold=217840.55000000002 49.245000000000012 1.0000000180025095e-35 2.5000000000000004 51.500000000000007 51.115000000000002 156755.40000000002
decision_type=8 2 2 2 2 2 10
left_child=1 2 3 -1 -4 -3 -7
right_child=-2 5 4 -5 -6 6 -8
leaf_value=0.065911546336060556 -0.00084909903648272762 -0.062686733580194415 0.023602855773199174 -0.010109715572425298 -0.049420567982050835 -0.046793558616731047 0.007734082496175073
leaf_weight=244 7086 43 79 65 44 64 332
leaf_count=244 7086 43 79 65 44 64 332
internal_value=0.000704978 0.0132808 0.0349321 0.0500137 -0.00342944 -0.00817868 -0.00155204
internal_weight=7957 871 432 309 123 439 396
internal_count=7957 871 432 309 123 439 396
is_linear=0
shrinkage=0.02


Tree=990
num_leaves=8
num_cat=2
split_feature=4 13 17 51 13 2 36
split_gain=480.843 733.27 821.508 825.937 634.642 805.941 668.26
threshold=0 379.15000000000003 8807.3000000000011 16.920000000000005 356.45000000000005 1 1.0000000180025095e-35
decision_type=1 2 2 2 2 1 2
left_child=1 -1 3 -3 -2 -6 -7
right_child=4 2 -4 -5 5 6 -8
leaf_value=0.00042487620636765027 0.0026020045846106656 -0.0034994015759891935 0.010320720869844154 0.085596883631983978 0.0032947791871027693 -0.037124260917279481 -0.0093970931305609323
leaf_weight=1331 3623 58 402 139 1013 558 922
leaf_count=1331 3623 58 402 139 1013 558 922
internal_value=1.10171e-05 0.0086754 0.0269967 0.0599282 -0.00273772 -0.0104984 -0.0198074
internal_weight=8046 1930 599 197 6116 2493 1480
internal_count=8046 1930 599 197 6116 2493 1480
cat_boundaries=0 1 2
cat_threshold=2 200
is_linear=0
shrinkage=0.02


Tree=991
num_leaves=8
num_cat=0
split_feature=20 42 33 21 50 17 62
split_gain=351.224 675.641 738.556 862.441 655.87 603.599 579.492
threshold=1031729.5000000001 52.155000000000008 1.0000000180025095e-35 405000.60000000003 3.5000000000000004 5035.1000000000013 1.0000000180025095e-35
decision_type=10 2 2 8 2 2 2
left_child=1 4 3 -3 -1 -5 -2
right_child=6 2 -4 5 -6 -7 -8
leaf_value=0.005407885336556879 0.0052128939628288996 -0.11618385204076766 -0.0033299432503364162 0.033844766707292626 0.051523434637274476 -0.053671884993984273 -0.021579097134631811
leaf_weight=3491 562 45 2919 51 123 68 749
leaf_count=3491 562 45 2919 51 123 68 749
internal_value=-0.00067174 0.00118357 -0.00568934 -0.0463428 0.00704641 -0.0163124 -0.0101177
internal_weight=8008 6697 3083 164 3614 119 1311
internal_count=8008 6697 3083 164 3614 119 1311
is_linear=0
shrinkage=0.02


Tree=992
num_leaves=8
num_cat=0
split_feature=0 9 55 18 41 0 17
split_gain=391.9 683.006 682.829 570.095 469.566 403.283 1121.73
threshold=67.500000000000014 10.500000000000002 50.655000000000008 152626.55000000002 50.735000000000007 64.500000000000014 13608.050000000001
decision_type=2 2 2 2 2 2 2
left_child=5 2 3 -2 -3 -1 -7
right_child=1 4 -4 -5 -6 6 -8
leaf_value=0.00071909635041546023 0.029382230328912497 0.018281648173166888 -0.016964109360342264 0.1012645081213758 -0.038111470104553381 -0.059957633882546602 0.039590057450182299
leaf_weight=7253 114 132 59 74 99 134 63
leaf_count=7253 114 132 59 74 99 134 63
internal_value=0.00107511 0.0185335 0.0413122 0.0595667 -0.00618223 -5.67117e-05 -0.0279306
internal_weight=7928 478 247 188 231 7450 197
internal_count=7928 478 247 188 231 7450 197
is_linear=0
shrinkage=0.02


Tree=993
num_leaves=8
num_cat=2
split_feature=2 25 52 42 21 2 53
split_gain=315.67 677.218 612.904 563.848 661.289 743.938 527.121
threshold=0 1.0000000180025095e-35 16.985000000000003 15.815000000000003 318509.95000000007 1 30.695000000000004
decision_type=1 2 2 2 10 1 2
left_child=1 6 -3 4 5 -2 -1
right_child=3 2 -4 -5 -6 -7 -8
leaf_value=-0.050457838463022354 -0.047161952363232437 0.055531925692901773 -0.011151079818986975 -0.00093461276478906967 -0.075714338636675538 0.020550783213202646 0.017936258783209806
leaf_weight=42 103 54 849 5461 81 132 1273
leaf_count=42 103 54 849 5461 81 132 1273
internal_value=1.75263e-05 0.0064059 -0.00687956 -0.00244547 -0.0282105 -0.0106006 0.015569
internal_weight=7995 2218 903 5777 316 235 1315
internal_count=7995 2218 903 5777 316 235 1315
cat_boundaries=0 1 2
cat_threshold=160 76
is_linear=0
shrinkage=0.02


Tree=994
num_leaves=8
num_cat=1
split_feature=40 41 32 51 2 42 54
split_gain=339.946 690.609 311.029 595.088 695.306 787.103 687.562
threshold=5.6100000000000003 26.915000000000003 1.0000000180025095e-35 31.925000000000004 0 28.025000000000002 92.035000000000011
decision_type=2 2 2 2 1 2 2
left_child=1 -1 3 4 5 -2 -5
right_child=2 -3 -4 6 -6 -7 -8
leaf_value=0.0079714764307623042 -0.07734766889731963 -0.085012152863950557 -0.0072321494124158057 0.0025037540858234824 0.00058598250074098674 -0.013781100736187855 0.029624194956098179
leaf_weight=68 86 54 2829 1355 2551 569 512
leaf_count=68 86 54 2829 1355 2551 569 512
internal_value=-0.00244791 -0.0349118 -0.00192493 0.00103888 -0.00418728 -0.0223119 0.0100004
internal_weight=8024 122 7902 5073 3206 655 1867
internal_count=8024 122 7902 5073 3206 655 1867
cat_boundaries=0 1
cat_threshold=65
is_linear=0
shrinkage=0.02


Tree=995
num_leaves=8
num_cat=0
split_feature=22 57 22 42 65 53 65
split_gain=306.454 1039.44 700.774 1050.02 997.579 752.806 700.223
threshold=28469.050000000003 55.345000000000006 21710.200000000004 59.925000000000004 0.58571428571428574 67.655000000000015 0.73214285714285732
decision_type=2 2 2 2 2 2 2
left_child=2 6 -1 4 5 -4 -2
right_child=1 -3 3 -5 -6 -7 -8
leaf_value=-0.0015343281436263198 -0.045099643060058918 0.066691692588376067 0.076458376164082437 -0.013540406305526123 0.0046201344571906973 0.012134993066690093 0.026199837238855765
leaf_weight=6667 260 46 219 300 291 111 66
leaf_count=6667 260 46 219 300 291 111 66
internal_value=-0.000144998 -0.0177452 0.000728965 0.0170325 0.0317922 0.0553264 -0.0304871
internal_weight=7960 372 7588 921 621 330 326
internal_count=7960 372 7588 921 621 330 326
is_linear=0
shrinkage=0.02


Tree=996
num_leaves=8
num_cat=0
split_feature=40 52 15 42 23 52 64
split_gain=303.257 928.97 991.212 854.034 906.92 790.9 870.984
threshold=45.705000000000005 65.310000000000016 1.5000000000000002 31.360000000000003 9.6500000000000004 61.105000000000011 2.5000000000000004
decision_type=2 2 2 2 2 2 2
left_child=1 5 -3 4 -2 -1 -7
right_child=3 2 -4 -5 -6 6 -8
leaf_value=-0.0059380580702660226 -0.0094027006422931509 0.033324522062222348 -0.038964597363305348 0.001810627935149351 0.080671027187715488 -0.1130126777137148 -0.018839248368378591
leaf_weight=2686 72 419 88 4476 109 53 130
leaf_count=2686 72 419 88 4476 109 53 130
internal_value=0.000250616 -0.00430981 0.0205193 0.00355768 0.045551 -0.00872559 -0.0483938
internal_weight=8033 3376 507 4657 181 2869 183
internal_count=8033 3376 507 4657 181 2869 183
is_linear=0
shrinkage=0.02


Tree=997
num_leaves=8
num_cat=0
split_feature=17 49 18 58 41 53 53
split_gain=457.681 903.926 1062.33 887.094 857.037 634.451 738.516
threshold=3833.6500000000005 48.500000000000007 156397.90000000005 29.345000000000002 53.32500000000001 86.815000000000012 82.695000000000007
decision_type=2 2 2 2 2 2 2
left_child=1 5 3 -3 -5 6 -1
right_child=-2 2 -4 4 -6 -7 -8
leaf_value=0.017036454781079929 -0.0020026080780989781 0.027361962792277334 0.042963614360639217 -0.11426986626831882 -0.015880280775683268 0.080247661637478193 -0.063966876159005981
leaf_weight=1154 6428 45 66 78 65 56 42
leaf_count=1154 6428 45 66 78 65 56 42
internal_value=0.000324176 0.0102293 -0.0238514 -0.0478131 -0.0715947 0.0172108 0.0139374
internal_weight=7934 1506 254 188 143 1252 1196
internal_count=7934 1506 254 188 143 1252 1196
is_linear=0
shrinkage=0.02


Tree=998
num_leaves=8
num_cat=0
split_feature=16 16 56 58 8 12 12
split_gain=466.843 499.876 314.033 292.953 658.341 547.076 491.457
threshold=0.17090000000000002 0.19185000000000002 38.785000000000004 19.905000000000005 24.275000000000002 32.190000000000005 69.425000000000026
decision_type=2 2 2 2 2 2 2
left_child=2 -2 -1 4 5 -3 -6
right_child=1 3 -4 -5 6 -7 -8
leaf_value=-0.0029572717756032947 0.057406117732708276 0.0081984884928965919 -0.075459698965916269 0.0026901964900126456 -0.0054631560999790539 -0.06134795605728071 0.064020136420428753
leaf_weight=45 60 64 47 7327 216 141 45
leaf_count=45 60 64 47 7327 216 141 45
internal_value=0.00163355 0.00217084 -0.041977 0.00170904 -0.0135827 -0.0399576 0.00749492
internal_weight=7945 7853 92 7793 466 205 261
internal_count=7945 7853 92 7793 466 205 261
is_linear=0
shrinkage=0.02


Tree=999
num_leaves=8
num_cat=0
split_feature=52 18 54 33 41 36 58
split_gain=289.282 1051.68 964.052 574.859 505.436 499.272 391.918
threshold=15.630000000000001 939088.65000000014 78.405000000000015 2.5000000000000004 42.160000000000004 1.5000000000000002 38.185000000000009
decision_type=2 2 2 2 2 2 2
left_child=1 2 4 6 -1 -5 -4
right_child=-2 -3 3 5 -6 -7 -8
leaf_value=-0.024049048166649017 0.00012708907284478296 0.074471667826823559 0.00090796282345598396 0.044997788922300615 -0.11455394039433153 -0.025737438152233758 -0.066320439554750921
leaf_weight=46 7563 41 61 98 58 61 75
leaf_count=46 7563 41 61 98 58 61 75
internal_value=-0.000794893 -0.0164659 -0.0266164 -0.00769869 -0.0774624 0.0179031 -0.0372036
internal_weight=8003 440 399 295 104 159 136
internal_count=8003 440 399 295 104 159 136
is_linear=0
shrinkage=0.02


Tree=1000
num_leaves=8
num_cat=0
split_feature=44 50 64 52 10 14 55
split_gain=417.9 937.459 635.773 829.954 839.238 909.117 815.123
threshold=1.0000000180025095e-35 3.5000000000000004 2.5000000000000004 66.070000000000007 27104.700000000004 13.155000000000003 47.845000000000006
decision_type=2 2 2 2 2 2 2
left_child=1 -1 3 -2 6 -6 -5
right_child=2 -3 -4 4 5 -7 -8
leaf_value=-0.011177341104585427 0.0071718545614596878 0.079509221036383443 -0.00051045513625341083 0.049663466225410326 0.0024480687843428718 0.11696905379871959 -0.046725584535022915
leaf_weight=1573 1120 42 5051 82 40 87 54
leaf_count=1573 1120 42 5051 82 40 87 54
internal_value=0.000499353 -0.00858081 0.00278346 0.014772 0.0464001 0.0823585 0.0110916
internal_weight=8049 1615 6434 1383 263 127 136
internal_count=8049 1615 6434 1383 263 127 136
is_linear=0
shrinkage=0.02


Tree=1001
num_leaves=8
num_cat=0
split_feature=47 40 9 42 47 45 0
split_gain=568.062 812.827 962.75 778.921 1136.37 842.121 642.331
threshold=5.5000000000000009 31.265000000000004 4.5000000000000009 25.625000000000004 7.5000000000000009 1.0000000180025095e-35 56.500000000000007
decision_type=2 2 2 2 2 2 2
left_child=-1 2 -2 4 5 -3 -4
right_child=1 3 6 -5 -6 -7 -8
leaf_value=0.0057646524490055128 -0.077581893767564344 -0.067052124239960501 0.038410128616286732 -0.0047003390256665943 0.096442882442160663 0.04855129049374507 -0.049967288888733967
leaf_weight=3318 126 44 71 4260 71 47 53
leaf_count=3318 126 44 71 4260 71 47 53
internal_value=-0.000558398 -0.00505032 -0.0397732 -0.00304454 0.039334 -0.00792591 0.00016331
internal_weight=7990 4672 250 4422 162 91 124
internal_count=7990 4672 250 4422 162 91 124
is_linear=0
shrinkage=0.02


Tree=1002
num_leaves=8
num_cat=0
split_feature=44 57 57 57 58 47 38
split_gain=456.937 705.502 1272.17 843.611 887.355 931.564 1052.85
threshold=1.0000000180025095e-35 11.340000000000002 17.405000000000005 34.005000000000003 37.485000000000007 7.5000000000000009 43767.100000000013
decision_type=2 2 2 2 2 2 8
left_child=1 -1 -3 -4 -5 6 -6
right_child=-2 2 3 4 5 -7 -8
leaf_value=0.031353107581302622 0.0017264863776340965 -0.070197979222957785 0.013407894944914192 -0.0040787853191603272 -0.1039115635432579 0.0046058829738980251 -0.014666407873756006
leaf_weight=144 6310 142 467 539 130 100 90
leaf_count=144 6310 142 467 539 130 100 90
internal_value=-0.000703017 -0.010189 -0.0143565 -0.0081353 -0.0198572 -0.0459623 -0.0685394
internal_weight=7922 1612 1468 1326 859 320 220
internal_count=7922 1612 1468 1326 859 320 220
is_linear=0
shrinkage=0.02


Tree=1003
num_leaves=8
num_cat=0
split_feature=14 13 58 41 65 9 40
split_gain=324.14 582.26 697.216 974.77 446.216 408.361 966.05
threshold=34.32500000000001 312.15000000000003 36.645000000000003 43.665000000000006 0.58571428571428574 2.5000000000000004 47.045000000000009
decision_type=2 2 2 2 2 2 2
left_child=-1 2 4 -4 -2 6 -3
right_child=1 5 3 -5 -6 -7 -8
leaf_value=0.00089323508075852013 -0.056173197200049214 -0.086697636141476256 0.11578566667984942 0.0054497876010759913 0.024819426140252579 -0.0093213038954288816 -0.0068171578861516103
leaf_weight=7148 62 103 44 94 42 427 140
leaf_count=7148 62 103 44 94 42 427 140
internal_value=-0.000542268 -0.0117369 0.0146394 0.0434477 -0.0238265 -0.0213017 -0.0417413
internal_weight=8060 912 242 138 104 670 243
internal_count=8060 912 242 138 104 670 243
is_linear=0
shrinkage=0.02


Tree=1004
num_leaves=8
num_cat=0
split_feature=21 17 17 18 21 47 23
split_gain=312.373 454.885 527.09 740.956 531.073 469.946 444.596
threshold=408995.65000000008 17257.700000000004 3890.5500000000006 120755.20000000003 429257.55000000005 3.5000000000000004 15.050000000000002
decision_type=10 2 2 2 10 2 2
left_child=-1 2 3 -2 -4 -6 -3
right_child=1 6 4 -5 5 -7 -8
leaf_value=-0.0002622626742771077 0.0031067309152763502 0.043447347957511442 0.033756603863704104 0.097029044141574788 -0.071792366490012305 -0.010375601578619062 -0.0075701057476301997
leaf_weight=7063 108 254 83 44 56 286 91
leaf_count=7063 108 254 83 44 56 286 91
internal_value=0.0011702 0.0120858 0.00116397 0.032519 -0.0102978 -0.0213217 0.0300747
internal_weight=7985 922 577 152 425 342 345
internal_count=7985 922 577 152 425 342 345
is_linear=0
shrinkage=0.02


Tree=1005
num_leaves=8
num_cat=1
split_feature=41 3 19 13 22 23 41
split_gain=401.315 999.527 532.066 428.359 842.657 700.037 1053.47
threshold=14.405000000000003 0 1.0000000180025095e-35 325.65000000000003 16040.250000000002 20.050000000000004 47.785000000000004
decision_type=2 1 2 2 2 2 2
left_child=1 -1 -3 4 -2 -6 -7
right_child=3 2 -4 -5 5 6 -8
leaf_value=0.012838847232232621 -0.0022745140210581336 -0.10002759338189395 -0.010987217202782631 -0.0026931469464946036 0.014214438155018707 0.12931294450802464 0.016177654078837193
leaf_weight=139 1618 73 43 4970 1039 51 84
leaf_count=139 1618 73 43 4970 1039 51 84
internal_value=9.83682e-06 -0.0244321 -0.0635843 0.000828025 0.00708962 0.0199501 0.0620095
internal_weight=8017 255 116 7762 2792 1174 135
internal_count=8017 255 116 7762 2792 1174 135
cat_boundaries=0 1
cat_threshold=5
is_linear=0
shrinkage=0.02


Tree=1006
num_leaves=8
num_cat=0
split_feature=16 13 13 54 54 52 67
split_gain=318.774 355.257 255.273 899.751 824.971 732.191 645.692
threshold=0.81890000000000007 318.55000000000007 319.05000000000007 73.170000000000016 77.575000000000003 37.355000000000011 18.095838283129797
decision_type=2 2 2 2 2 2 2
left_child=2 -2 3 -1 5 -5 -6
right_child=1 -3 -4 4 6 -7 -8
leaf_value=0.035661840629428156 -0.015402982047070628 0.054870760479853273 -0.003437508811909734 0.016792747636492817 0.0080372679835306257 -0.058047556007644663 -0.028313710317523642
leaf_weight=314 41 79 5397 73 1752 164 215
leaf_count=314 41 79 5397 73 1752 164 215
internal_value=-0.000485128 0.0312049 -0.000984979 0.00426809 -0.00027512 -0.0351248 0.00400226
internal_weight=8035 120 7915 2518 2204 237 1967
internal_count=8035 120 7915 2518 2204 237 1967
is_linear=0
shrinkage=0.02


Tree=1007
num_leaves=8
num_cat=0
split_feature=67 54 65 33 56 10 13
split_gain=394.803 1428.66 871.524 603.057 595.518 850.346 640.214
threshold=23.354384789894734 79.645000000000024 0.73214285714285732 2.5000000000000004 39.355000000000011 22351.700000000004 312.15000000000003
decision_type=2 2 2 2 2 2 2
left_child=-1 3 4 -2 5 -3 -6
right_child=1 2 -4 -5 6 -7 -8
leaf_value=0.001970309548277488 0.077796010476433572 -0.017402454232797026 0.028442031162372535 -0.0016553045705307362 -0.086276829731961088 -0.11558874491873818 0.0025973946849505111
leaf_weight=7545 67 59 64 81 40 91 115
leaf_count=7545 67 59 64 81 40 91 115
internal_value=0.000807766 -0.0160145 -0.036948 0.0356795 -0.0509066 -0.078776 -0.0223173
internal_weight=8062 517 369 148 305 150 155
internal_count=8062 517 369 148 305 150 155
is_linear=0
shrinkage=0.02


Tree=1008
num_leaves=8
num_cat=0
split_feature=56 56 0 17 65 55 54
split_gain=354.084 452.203 395.251 1033.59 872.659 1024.01 555.324
threshold=58.75500000000001 55.295000000000009 23.500000000000004 11779.200000000003 0.45000000000000007 39.635000000000012 90.415000000000006
decision_type=2 2 2 2 2 2 2
left_child=1 2 3 4 5 -1 -6
right_child=-2 -3 -4 -5 6 -7 -8
leaf_value=0.12058279523584578 -0.042398514340563513 0.034874012714370774 0.00036732211464977557 -0.046906457916429299 -0.041271182142930928 0.0093549418354879569 0.0032325530450142692
leaf_weight=40 77 136 6862 260 178 129 288
leaf_count=40 77 136 6862 260 178 129 288
internal_value=-0.00105241 -0.000622471 -0.00126688 -0.0137288 0.000116093 0.0383896 -0.0140244
internal_weight=7970 7893 7757 895 635 169 466
internal_count=7970 7893 7757 895 635 169 466
is_linear=0
shrinkage=0.02


Tree=1009
num_leaves=8
num_cat=0
split_feature=17 67 41 23 68 68 46
split_gain=386.609 656.309 619.751 762.512 1301.49 774.189 750.418
threshold=3597.2000000000003 23.354384789894734 36.815000000000005 10.450000000000001 253047.30000000002 263837.80000000005 5.5000000000000009
decision_type=2 2 2 2 2 2 2
left_child=1 2 -1 4 -4 -5 -6
right_child=-2 -3 3 5 6 -7 -8
leaf_value=-0.017661599610850079 -0.0014074604654983505 0.057501138128616194 -0.042162552163619735 0.061522840991177982 0.053005181523801403 0.010481611744223818 -0.0094106018739311317
leaf_weight=324 6566 103 201 199 154 291 147
leaf_count=324 6566 103 201 199 154 291 147
internal_value=0.000640323 0.0100875 0.00617296 0.0140072 -0.00332953 0.0316227 0.0228674
internal_weight=7985 1419 1316 992 502 490 301
internal_count=7985 1419 1316 992 502 490 301
is_linear=0
shrinkage=0.02


Tree=1010
num_leaves=8
num_cat=0
split_feature=22 57 65 17 41 13 16
split_gain=336.838 340.45 792.513 479.111 386.69 968.087 1556.8
threshold=5647.7500000000009 59.600000000000009 1.0000000180025095e-35 2537.6500000000001 48.285000000000004 387.95000000000005 0.71425000000000016
decision_type=2 2 2 2 2 2 2
left_child=-1 4 -3 -4 5 -2 -7
right_child=1 2 3 -5 -6 6 -8
leaf_value=-0.046207917214386045 -0.012033691573985306 -0.051933829357374964 -0.027712114276112736 0.026736262498635047 0.0031430976390760096 0.0059981317779228176 0.12049533949178809
leaf_weight=58 2533 62 69 554 3968 703 46
leaf_count=58 2533 62 69 554 3968 703 46
internal_value=-0.000144765 0.000220814 0.0136454 0.0205332 -0.00105611 -0.00613008 0.0137824
internal_weight=7993 7935 685 623 7250 3282 749
internal_count=7993 7935 685 623 7250 3282 749
is_linear=0
shrinkage=0.02


Tree=1011
num_leaves=8
num_cat=1
split_feature=22 53 8 32 1 65 22
split_gain=393.667 589.577 706.106 674.65 724.38 834.673 652.462
threshold=11090.500000000002 66.00500000000001 10.215000000000002 1.0000000180025095e-35 0 0.45000000000000007 7627.6500000000005
decision_type=2 2 2 2 1 2 2
left_child=1 2 -1 4 5 -3 -5
right_child=-2 3 -4 6 -6 -7 -8
leaf_value=0.050218499202539429 -0.0021088484470841271 -0.062645460939407344 -0.0049798893082659062 -0.06062941684838264 0.059509340951609396 0.028837372792613267 0.013022331112692522
leaf_weight=96 6047 45 1123 57 248 194 210
leaf_count=96 6047 45 1123 57 248 194 210
internal_value=0.000423054 0.00816874 -0.000445463 0.0220066 0.0358988 0.0106818 -0.00352655
internal_weight=8020 1973 1219 754 487 239 267
internal_count=8020 1973 1219 754 487 239 267
cat_boundaries=0 1
cat_threshold=2
is_linear=0
shrinkage=0.02


Tree=1012
num_leaves=8
num_cat=0
split_feature=23 23 23 46 9 40 31
split_gain=340.109 405.074 331.883 506.393 799.068 886.15 674.521
threshold=32.050000000000004 30.050000000000004 17.350000000000005 6.5000000000000009 4.5000000000000009 27.395000000000003 1.0000000180025095e-35
decision_type=2 2 2 2 2 2 2
left_child=1 2 -1 4 5 -4 -6
right_child=-2 -3 3 -5 6 -7 -8
leaf_value=0.002549240104325173 -0.043218723176845483 0.059601849450709975 -0.075260655942062535 -0.0252690289961977 0.056853663481615635 -0.0037815115592929856 0.0014584940127455271
leaf_weight=6545 65 42 79 459 138 402 229
leaf_count=6545 65 42 79 459 138 402 229
internal_value=0.000672911 0.00106145 0.000710587 -0.00847137 0.000715582 -0.0161748 0.0227725
internal_weight=7959 7894 7852 1307 848 481 367
internal_count=7959 7894 7852 1307 848 481 367
is_linear=0
shrinkage=0.02


Tree=1013
num_leaves=8
num_cat=1
split_feature=45 24 6 22 53 0 5
split_gain=383.777 547.159 651.839 526.431 1142.27 857.165 884.81
threshold=1.0000000180025095e-35 5.5000000000000009 1.0000000180025095e-35 11017.200000000003 64.225000000000009 44.500000000000007 0
decision_type=2 2 2 2 2 2 1
left_child=3 -2 -3 -1 -5 -6 -7
right_child=1 2 -4 4 5 6 -8
leaf_value=0.020107157634494152 -0.001173936721032454 0.020289233209995122 -0.056204367510018581 0.01262530674376184 -0.028765344124049831 -0.039171004696922793 0.025045977543457412
leaf_weight=817 4369 60 147 1549 638 103 305
leaf_count=817 4369 60 147 1549 638 103 305
internal_value=0.0010866 -0.0026979 -0.0340767 0.00615869 0.00173698 -0.0143707 0.00821437
internal_weight=7988 4576 207 3412 2595 1046 408
internal_count=7988 4576 207 3412 2595 1046 408
cat_boundaries=0 1
cat_threshold=12
is_linear=0
shrinkage=0.02


Tree=1014
num_leaves=8
num_cat=0
split_feature=23 22 67 53 23 48 51
split_gain=309.949 1164.27 1222.27 593.708 758.587 452.263 411.121
threshold=23.250000000000004 23336.750000000004 2.8791160539777048 58.365000000000002 27.950000000000003 5.5000000000000009 27.010000000000002
decision_type=2 2 2 2 2 2 2
left_child=-1 2 3 -2 6 -4 -5
right_child=1 -3 5 4 -6 -7 -8
leaf_value=-0.0026104521560092425 0.0097841831007782296 0.090662779422367321 0.011078248620033265 -0.056428396272659304 -0.11389219144980112 0.07547497455122662 0.026311879443361406
leaf_weight=7510 93 63 99 45 49 76 42
leaf_count=7510 93 63 99 45 49 76 42
internal_value=-0.00162402 0.0140987 0.00119687 -0.0289576 -0.0548577 0.0403645 -0.0172257
internal_weight=7977 467 404 229 136 175 87
internal_count=7977 467 404 229 136 175 87
is_linear=0
shrinkage=0.02


Tree=1015
num_leaves=8
num_cat=0
split_feature=14 26 14 55 38 8 52
split_gain=400.866 590.353 473.584 545.519 597.253 852.987 511.961
threshold=45.515000000000008 1.0000000180025095e-35 30.870000000000001 38.355000000000011 9268.5000000000018 17.925000000000004 38.685000000000009
decision_type=2 2 2 2 8 2 2
left_child=2 -2 -1 4 -4 -6 -5
right_child=1 -3 3 6 5 -7 -8
leaf_value=-0.0037165551521199437 -0.043699039867139453 0.0080093034019306196 0.084262575197529485 -0.021767728062989437 -0.05912105090088314 0.045556647587640615 0.01482967021585645
leaf_weight=6757 218 144 72 221 40 97 468
leaf_count=6757 218 144 72 221 40 97 468
internal_value=-0.00288125 -0.0233011 -0.00190103 0.0117048 0.0396007 0.0139882 0.00301863
internal_weight=8017 362 7655 898 209 137 689
internal_count=8017 362 7655 898 209 137 689
is_linear=0
shrinkage=0.02


Tree=1016
num_leaves=8
num_cat=0
split_feature=68 52 40 54 66 48 54
split_gain=420.42 826.278 669.175 741.849 1176.57 889.169 855.447
threshold=1041138.9000000001 63.135000000000012 73.395000000000024 76.725000000000009 0.43750000000000006 6.5000000000000009 81.245000000000019
decision_type=2 2 2 2 2 2 2
left_child=-1 2 3 5 6 -2 -5
right_child=1 -3 -4 4 -6 -7 -8
leaf_value=0.0039004705742103607 0.031294014256108893 0.015801207508815796 0.027597136118116653 -0.09081231392171836 0.0015912451424119644 -0.036973080223428212 -0.031552017228955877
leaf_weight=5962 215 485 135 118 372 112 531
leaf_count=5962 215 485 135 118 372 112 531
internal_value=0.00125485 -0.00674956 -0.0141529 -0.0184206 -0.0267855 0.00770733 -0.0429385
internal_weight=7930 1968 1483 1348 1021 327 649
internal_count=7930 1968 1483 1348 1021 327 649
is_linear=0
shrinkage=0.02


Tree=1017
num_leaves=8
num_cat=0
split_feature=17 42 21 51 42 17 21
split_gain=378.921 728.492 995.386 708.943 847.606 807.481 1006.46
threshold=5965.8500000000013 19.215000000000003 338179.20000000001 31.210000000000004 56.795000000000009 37822.850000000006 279415.3000000001
decision_type=2 2 10 2 2 2 10
left_child=-1 2 -2 4 5 6 -3
right_child=1 3 -4 -5 -6 -7 -8
leaf_value=0.0053463420383945016 0.037151504018240508 -0.041029600757971879 -0.037060605364461104 0.0030365130763460235 0.00031307660541269119 0.00205384693190194 -0.0042020681631233956
leaf_weight=2466 328 894 88 2009 1261 451 445
leaf_count=2466 328 894 88 2009 1261 451 445
internal_value=-0.00115672 -0.00408744 0.0211991 -0.00618521 -0.0122525 -0.0210808 -0.0288516
internal_weight=7942 5476 416 5060 3051 1790 1339
internal_count=7942 5476 416 5060 3051 1790 1339
is_linear=0
shrinkage=0.02


Tree=1018
num_leaves=8
num_cat=1
split_feature=68 1 45 38 68 40 55
split_gain=492.118 682.185 720.224 471.185 446.521 594.617 559.648
threshold=1820341.55 0 1.0000000180025095e-35 8269.3500000000004 1637445.2500000002 43.305000000000007 48.895000000000003
decision_type=2 1 2 8 2 2 2
left_child=4 2 -2 -4 -1 -6 -7
right_child=1 -3 3 -5 5 6 -8
leaf_value=0.00042787881121058257 0.089385725967986607 -0.0042507410984641567 -0.038928522189458213 0.045142362298387466 -0.069951073384460286 0.028298321006338251 -0.055869585518934291
leaf_weight=7400 88 187 40 61 80 84 44
leaf_count=7400 88 187 40 61 80 84 44
internal_value=0.000716971 0.0228985 0.0491778 0.0115812 -0.000393597 -0.0289432 -0.00164706
internal_weight=7984 376 189 101 7608 208 128
internal_count=7984 376 189 101 7608 208 128
cat_boundaries=0 1
cat_threshold=2
is_linear=0
shrinkage=0.02


Tree=1019
num_leaves=8
num_cat=1
split_feature=56 56 57 2 20 50 54
split_gain=295.091 780.576 975.899 971.497 724.193 645.474 959.102
threshold=38.525000000000013 36.655000000000008 64.840000000000018 0 1509254.1500000001 1.5000000000000002 86.325000000000003
decision_type=2 2 2 1 8 2 2
left_child=1 3 -3 -1 -5 -6 -7
right_child=-2 2 -4 4 5 6 -8
leaf_value=0.021504346623715729 -0.0040305494252667953 0.015831982467814788 0.11208910036087037 -0.019668542277772549 -0.0063219984283289276 0.057788506998309022 -0.0077907222902960033
leaf_weight=579 4379 723 40 1016 825 178 172
leaf_count=579 4379 723 40 1016 825 178 172
internal_value=-0.000563238 0.00373397 0.0215751 -0.00121042 -0.00731301 0.00334668 0.0259052
internal_weight=7912 3533 763 2770 2191 1175 350
internal_count=7912 3533 763 2770 2191 1175 350
cat_boundaries=0 1
cat_threshold=128
is_linear=0
shrinkage=0.02


Tree=1020
num_leaves=8
num_cat=0
split_feature=55 38 23 23 0 23 68
split_gain=442.424 577.769 632.127 885.073 725.913 826.373 715.789
threshold=55.475000000000001 12308.200000000003 18.250000000000004 7.5500000000000007 26.500000000000004 10.350000000000003 1345019.4000000001
decision_type=2 10 2 2 2 2 2
left_child=-1 2 3 -2 -5 -6 -7
right_child=1 -3 -4 4 5 6 -8
leaf_value=0.0014562647682341261 -0.042731269613603164 0.017079141752360617 -0.058985256773474458 -0.046737702302634715 0.049569701617069403 0.0076259815429164249 -0.076736323541524459
leaf_weight=6877 247 214 131 91 158 221 44
leaf_count=6877 247 214 131 91 158 221 44
internal_value=-0.000434589 -0.0121454 -0.0192128 -0.0120259 0.00299891 0.0141198 -0.00754299
internal_weight=7983 1106 892 761 514 423 265
internal_count=7983 1106 892 761 514 423 265
is_linear=0
shrinkage=0.02


Tree=1021
num_leaves=8
num_cat=0
split_feature=56 57 51 56 57 8 41
split_gain=496.417 758.458 810.651 715.506 957.663 597.067 751.578
threshold=38.585000000000008 52.795000000000009 36.775000000000013 36.285000000000004 53.955000000000005 12.825000000000001 28.565000000000001
decision_type=2 2 2 2 2 2 2
left_child=1 2 -1 4 -3 -2 -7
right_child=5 3 -4 -5 -6 6 -8
leaf_value=0.0076065904003565638 0.012890734219007983 0.099858757621082275 -0.015647957923361846 0.05875697822302002 0.0046894599077357572 -0.030433183278456653 -0.0042770213024491202
leaf_weight=1965 648 41 857 169 533 504 3234
leaf_count=1965 648 41 857 169 533 504 3234
internal_value=-0.000262635 0.00527636 0.00052934 0.023182 0.0122909 -0.00476568 -0.00783964
internal_weight=7951 3565 2822 743 574 4386 3738
internal_count=7951 3565 2822 743 574 4386 3738
is_linear=0
shrinkage=0.02


Tree=1022
num_leaves=8
num_cat=0
split_feature=56 23 41 38 56 23 41
split_gain=439.694 892.946 1158.15 946.679 1195.53 884.079 809.189
threshold=30.155000000000005 16.450000000000003 51.705000000000005 29476.850000000002 27.975000000000005 9.0500000000000025 59.425000000000004
decision_type=2 2 2 8 2 2 2
left_child=1 2 3 4 5 -1 -3
right_child=-2 6 -4 -5 -6 -7 -8
leaf_value=0.092960134002397651 0.0010842087815428289 -0.082302347567052611 -0.033252601678588872 0.055279483827789855 -0.065356010801570358 -0.021462592859017221 0.0080815892810783083
leaf_weight=48 7219 119 277 164 81 52 57
leaf_count=48 7219 119 277 164 81 52 57
internal_value=-0.000476715 -0.0145162 -0.00311339 0.0212147 -0.010307 0.0352716 -0.0536156
internal_weight=8017 798 622 345 181 100 176
internal_count=8017 798 622 345 181 100 176
is_linear=0
shrinkage=0.02


Tree=1023
num_leaves=8
num_cat=0
split_feature=14 24 10 49 52 22 20
split_gain=493.251 881.453 725.008 773.352 1454.89 708.041 658.021
threshold=11.405000000000003 4.5000000000000009 16573.850000000002 28.500000000000004 44.235000000000007 11443.200000000003 1625303.1500000001
decision_type=2 2 2 2 2 2 10
left_child=1 2 3 -1 -5 -4 -7
right_child=-2 -3 5 4 -6 6 -8
leaf_value=0.011219304542641998 -0.0034769916731275936 -0.034781042024845908 0.032967751117449415 0.13266304696981723 0.014910524066048439 0.00065393893807671186 -0.077829420735438665
leaf_weight=210 6280 164 279 73 94 846 40
leaf_count=210 6280 164 279 73 94 846 40
internal_value=-0.000885729 0.00863532 0.0133504 0.037267 0.0687434 0.00548463 -0.0033062
internal_weight=7986 1706 1542 377 167 1165 886
internal_count=7986 1706 1542 377 167 1165 886
is_linear=0
shrinkage=0.02


Tree=1024
num_leaves=8
num_cat=0
split_feature=12 41 58 58 40 20 40
split_gain=476.015 717.553 500.797 429.328 411.173 554.187 455.042
threshold=78.595000000000013 21.850000000000005 29.455000000000002 56.545000000000009 36.135000000000012 1395538.6500000001 47.045000000000009
decision_type=2 2 2 2 2 8 2
left_child=-1 -2 -3 4 5 -4 -6
right_child=1 2 3 -5 6 -7 -8
leaf_value=-0.0011354726992992383 -0.052971408640344934 0.056755123151385263 0.016675852549319366 0.051002811335067275 0.05781775890964351 -0.079090439695119863 -0.00082466139744135183
leaf_weight=7498 49 133 44 88 68 45 192
leaf_count=7498 49 133 44 88 68 45 192
internal_value=0.000260575 0.0170446 0.0234718 0.0128147 0.00260122 -0.0333767 0.0153141
internal_weight=8117 619 570 437 349 89 260
internal_count=8117 619 570 437 349 89 260
is_linear=0
shrinkage=0.02


Tree=1025
num_leaves=8
num_cat=1
split_feature=53 20 6 36 2 24 12
split_gain=364.011 679.157 1240.93 1198.93 802.487 635.738 605.47
threshold=39.905000000000008 941321.90000000014 1.5000000000000002 1.5000000000000002 0 2.5000000000000004 54.415000000000006
decision_type=2 8 2 2 1 2 2
left_child=1 2 3 5 -3 -1 -6
right_child=-2 4 -4 -5 6 -7 -8
leaf_value=-0.11642171993508543 -0.0012119450870221892 0.045395184335920657 0.034388517036460911 0.036354896367764941 0.016341186502357809 -0.021393013905595847 -0.050072478230794276
leaf_weight=71 7150 316 125 46 200 49 70
leaf_count=71 7150 316 125 46 200 49 70
internal_value=0.000282642 0.0124055 -0.0124279 -0.047656 0.0247383 -0.0800262 -0.00142278
internal_weight=8027 877 291 166 586 120 270
internal_count=8027 877 291 166 586 120 270
cat_boundaries=0 1
cat_threshold=30
is_linear=0
shrinkage=0.02


Tree=1026
num_leaves=8
num_cat=0
split_feature=64 64 49 9 52 49 34
split_gain=354.915 377.891 902.291 1557.93 863.475 893.445 1209
threshold=1.0000000180025095e-35 2.5000000000000004 57.500000000000007 3.5000000000000004 82.965000000000018 34.500000000000007 2.5000000000000004
decision_type=2 2 2 2 2 2 2
left_child=-1 2 4 -4 5 6 -2
right_child=1 -3 3 -5 -6 -7 -8
leaf_value=-0.047096314000301676 0.00204993231407104 -0.0014027538126816575 -0.0050182405525138456 0.097139781626880681 0.062132772674265598 -0.021717433792970888 0.057251774837355038
leaf_weight=56 1243 5718 121 112 92 506 177
leaf_count=56 1243 5718 121 112 92 506 177
internal_value=0.000963839 0.00133089 0.00826262 0.0450969 0.00390875 0.000973863 0.00910747
internal_weight=8025 7969 2251 233 2018 1926 1420
internal_count=8025 7969 2251 233 2018 1926 1420
is_linear=0
shrinkage=0.02


Tree=1027
num_leaves=8
num_cat=0
split_feature=42 54 55 21 42 54 9
split_gain=409.925 697.816 584.911 484.784 457.564 716.079 879.466
threshold=9.1200000000000028 83.165000000000006 43.57500000000001 311504.45000000001 18.605000000000004 95.115000000000023 2.5000000000000004
decision_type=2 2 2 8 2 2 2
left_child=1 2 -1 -3 5 6 -2
right_child=4 3 -4 -5 -6 -7 -8
leaf_value=-0.013061185115575791 -0.047864091271235622 0.053247857515513898 -0.11319274165882515 -0.026551781804897846 -0.00069540028551691685 0.078139599013972924 0.03087205592836989
leaf_weight=45 76 45 47 73 7464 69 185
leaf_count=45 76 45 47 73 7464 69 185
internal_value=-0.000420857 -0.0276639 -0.0674132 0.00480776 0.000330438 0.0231971 0.00747631
internal_weight=8004 210 92 118 7794 330 261
internal_count=8004 210 92 118 7794 330 261
is_linear=0
shrinkage=0.02


Tree=1028
num_leaves=8
num_cat=1
split_feature=45 3 68 41 18 9 28
split_gain=464.218 566.616 856.503 669.951 905.737 860.017 570.613
threshold=1.0000000180025095e-35 0 1365360.0500000003 42.795000000000009 587632.75000000012 5.5000000000000009 1.0000000180025095e-35
decision_type=2 1 2 2 2 2 2
left_child=1 2 3 6 5 -5 -1
right_child=-2 -3 -4 4 -6 -7 -8
leaf_value=0.039108952693641189 -0.0044948300111857077 0.0016326804721640807 -0.040782803114917547 0.0013618989388753727 -0.062017638233418645 0.077715740666744554 0.11880758278347829
leaf_weight=135 4554 2870 67 159 47 89 49
leaf_count=135 4554 2870 67 159 47 89 49
internal_value=-0.000316418 0.00525241 0.0236332 0.0334599 0.0143457 0.0297574 0.0629146
internal_weight=7970 3416 546 479 295 248 184
internal_count=7970 3416 546 479 295 248 184
cat_boundaries=0 1
cat_threshold=4
is_linear=0
shrinkage=0.02


Tree=1029
num_leaves=8
num_cat=0
split_feature=17 40 56 12 38 10 40
split_gain=436.583 800.705 391.375 973.943 745.168 673.479 557.167
threshold=976.75000000000011 42.615000000000002 28.685000000000006 45.970000000000006 3053.1000000000008 35237.950000000004 44.285000000000004
decision_type=2 2 2 2 10 2 2
left_child=1 -1 3 5 -5 6 -2
right_child=2 -3 -4 4 -6 -7 -8
leaf_value=-0.078248060334038416 -0.038459826777963078 0.0077733945904993546 0.000771817881755708 0.076579947995258052 0.0098726418056973714 -0.04924389496445656 0.041876367522967514
leaf_weight=72 46 97 7346 137 130 98 104
leaf_count=72 46 97 7346 137 130 98 104
internal_value=0.0012669 -0.0300702 0.00195929 0.0187271 0.0448793 -0.00975908 0.016794
internal_weight=8030 169 7861 515 267 248 150
internal_count=8030 169 7861 515 267 248 150
is_linear=0
shrinkage=0.02


Tree=1030
num_leaves=8
num_cat=0
split_feature=14 50 48 52 54 64 45
split_gain=335.486 531.761 558.267 433.629 415.987 383.142 317.565
threshold=46.365000000000009 1.5000000000000002 7.5000000000000009 49.455000000000005 86.545000000000016 1.0000000180025095e-35 1.0000000180025095e-35
decision_type=2 2 2 2 2 2 2
left_child=5 2 3 -2 -3 -1 -7
right_child=1 4 -4 -5 -6 6 -8
leaf_value=-0.050853785703579589 0.014058065091291171 0.059839867258406419 -0.08795896749012172 -0.048825644459575414 -0.021780693783209872 0.0046155492223476039 -0.0036420948752885207
leaf_weight=55 84 44 59 83 47 3247 4356
leaf_count=55 84 44 59 83 47 3247 4356
internal_value=-0.00135338 -0.0213519 -0.0375535 -0.0177063 0.0187454 -0.000512154 -0.000114801
internal_weight=7975 317 226 167 91 7658 7603
internal_count=7975 317 226 167 91 7658 7603
is_linear=0
shrinkage=0.02


Tree=1031
num_leaves=8
num_cat=0
split_feature=58 38 13 33 49 40 58
split_gain=327.401 553.287 858.741 513.237 483.889 483.798 504.591
threshold=52.975000000000001 2831.0500000000006 378.25000000000006 3.5000000000000004 69.500000000000014 5.6100000000000003 33.955000000000005
decision_type=2 8 2 2 2 2 2
left_child=5 2 3 -2 -3 6 -1
right_child=1 4 -4 -5 -6 -7 -8
leaf_value=0.0084145718978510965 -0.082574794865373904 -0.0056436909792267403 0.030790587214090059 -0.0084718301639922205 0.045935793817043304 0.0031719785079776502 -0.085930464911460891
leaf_weight=40 111 1319 54 57 72 6303 45
leaf_count=40 111 1319 54 57 72 6303 45
internal_value=0.0004832 -0.00755406 -0.0365079 -0.0584042 -0.0028189 0.00251697 -0.0435319
internal_weight=8001 1613 222 168 1391 6388 85
internal_count=8001 1613 222 168 1391 6388 85
is_linear=0
shrinkage=0.02


Tree=1032
num_leaves=8
num_cat=0
split_feature=17 8 0 42 42 15 17
split_gain=494.297 911.756 734.193 559.735 1109.52 1220.28 984.573
threshold=4545.5000000000009 47.650000000000006 23.500000000000004 51.115000000000002 37.290000000000006 1.5000000000000002 2072.0000000000005
decision_type=2 2 2 2 2 2 2
left_child=1 3 -2 4 5 6 -1
right_child=2 -3 -4 -5 -6 -7 -8
leaf_value=-0.021470704740948147 -0.0239474122379498 -0.044007534349958098 -0.00010503479610397948 0.0012392856065403014 0.047706707176042286 -0.031806858742938322 0.05649511191341066
leaf_weight=94 565 115 5517 845 416 216 189
leaf_count=94 565 115 5517 845 416 216 189
internal_value=0.000431063 0.00939476 -0.00233777 0.0129989 0.0237931 0.00358162 0.0306752
internal_weight=7957 1875 6082 1760 915 499 283
internal_count=7957 1875 6082 1760 915 499 283
is_linear=0
shrinkage=0.02


Tree=1033
num_leaves=8
num_cat=0
split_feature=32 51 17 66 14 22 51
split_gain=310.998 595.825 743.979 555.908 1358.14 532.889 760.15
threshold=1.0000000180025095e-35 52.645000000000003 2659.2500000000005 0.18750000000000003 14.325000000000001 11385.650000000001 40.085000000000008
decision_type=2 2 2 2 2 2 2
left_child=1 5 -3 4 -2 -1 -7
right_child=3 2 -4 -5 -6 6 -8
leaf_value=0.011383139604698023 0.030661100261524077 -0.038760076132329069 0.032773530170774071 -0.0039301136224640636 -0.092910496849943416 -1.8111009139308419e-06 -0.026115826595762299
leaf_weight=1218 56 63 423 2736 84 2927 521
leaf_count=1218 56 63 423 2736 84 2927 521
internal_value=-0.000697176 0.00224369 0.0232004 -0.00596013 -0.044129 3.83954e-05 -0.0039798
internal_weight=8028 5152 486 2876 140 4666 3448
internal_count=8028 5152 486 2876 140 4666 3448
is_linear=0
shrinkage=0.02


Tree=1034
num_leaves=8
num_cat=1
split_feature=64 22 16 17 66 3 41
split_gain=312.548 298.445 668.979 727.432 781.287 581.195 581.137
threshold=1.0000000180025095e-35 16100.750000000002 0.27935000000000004 17257.700000000004 0.31250000000000006 0 38.945000000000007
decision_type=2 2 2 2 2 1 2
left_child=-1 6 3 4 -3 -4 -2
right_child=1 2 5 -5 -6 -7 -8
leaf_value=-0.045862240273444377 -0.014893111901865763 -0.094227138601598273 0.027129863508715303 0.014872929687643874 -0.0099103384107351294 0.0031275072887630507 0.00075567779350506055
leaf_weight=56 1315 79 469 111 95 2492 3378
leaf_count=56 1315 79 469 111 95 2492 3378
internal_value=-0.000763673 -0.000416892 0.00424198 -0.0247616 -0.0497548 0.00707064 -0.00364037
internal_weight=7995 7939 3246 285 174 2961 4693
internal_count=7995 7939 3246 285 174 2961 4693
cat_boundaries=0 1
cat_threshold=4
is_linear=0
shrinkage=0.02


Tree=1035
num_leaves=8
num_cat=0
split_feature=18 40 21 65 58 55 55
split_gain=336.647 630.258 953.484 672.628 409.46 344.687 553.541
threshold=1482388.1000000003 30.985000000000003 240675.30000000002 0.35416666666666669 25.225000000000005 45.835000000000008 42.295000000000009
decision_type=2 2 10 2 2 2 2
left_child=-1 2 -2 -3 -5 6 -6
right_child=1 3 -4 4 5 -7 -8
leaf_value=-0.00050390453947413507 -0.016883148882124159 0.072288262035984263 0.10399264728677446 -0.051456620549002005 0.0073805086743208318 0.029926546994023601 -0.06882259780614107
leaf_weight=7414 40 47 64 57 148 125 46
leaf_count=7414 40 47 64 57 148 125 46
internal_value=0.0005985 0.0159664 0.0588601 0.00485606 -0.00441101 0.00465962 -0.0119635
internal_weight=7941 527 104 423 376 319 194
internal_count=7941 527 104 423 376 319 194
is_linear=0
shrinkage=0.02


Tree=1036
num_leaves=8
num_cat=0
split_feature=14 51 14 30 9 54 54
split_gain=333.183 377.489 581.527 565.066 418.069 290.512 576.002
threshold=68.780000000000015 65.425000000000011 12.585000000000003 1.0000000180025095e-35 19.500000000000004 83.485000000000014 86.545000000000016
decision_type=2 2 2 2 2 2 2
left_child=1 5 -3 4 -4 -1 -7
right_child=-2 2 3 -5 -6 6 -8
leaf_value=0.0055494350798920671 0.048910009596230729 0.038028041401184071 -0.086096576237301714 0.017914166694571233 -0.020582903097551987 -0.017863724905234461 0.00080551113613317772
leaf_weight=3054 51 46 82 53 78 792 3873
leaf_count=3054 51 46 82 53 78 792 3873
internal_value=0.000296332 -4.48736e-05 -0.0235619 -0.0374301 -0.0557502 0.000758947 -0.00237979
internal_weight=8029 7978 259 213 160 7719 4665
internal_count=8029 7978 259 213 160 7719 4665
is_linear=0
shrinkage=0.02


Tree=1037
num_leaves=8
num_cat=0
split_feature=42 40 17 17 67 17 13
split_gain=374.579 623.608 653.761 618.577 1009.7 950.012 651.048
threshold=47.765000000000008 58.885000000000012 3414.2000000000003 2468.3500000000004 15.537965575665924 2897.4000000000001 387.45000000000005
decision_type=2 2 2 2 2 2 2
left_child=1 3 -3 4 6 -5 -1
right_child=-2 2 -4 5 -6 -7 -8
leaf_value=-0.049554463536109566 -0.0043239380902459646 0.094059900957425793 0.017389980582013791 0.064979926509892247 0.051920144330887562 0.0028789617703177009 0.020650656999034039
leaf_weight=260 4338 51 234 97 58 2924 63
leaf_count=260 4338 51 234 97 58 2924 63
internal_value=-0.000342664 0.00434108 0.032495 0.00193828 -0.0219086 0.00497701 -0.0357551
internal_weight=8025 3687 285 3402 381 3021 323
internal_count=8025 3687 285 3402 381 3021 323
is_linear=0
shrinkage=0.02


Tree=1038
num_leaves=8
num_cat=0
split_feature=55 55 16 42 42 40 56
split_gain=399.731 698.462 630.678 513.018 500.707 668.753 727.993
threshold=48.605000000000011 49.735000000000007 0.51615000000000011 38.165000000000006 29.045000000000005 45.705000000000005 33.045000000000009
decision_type=2 2 2 2 2 2 2
left_child=4 2 3 -2 5 6 -1
right_child=1 -3 -4 -5 -6 -7 -8
leaf_value=0.049885948146634461 -0.053173593039460045 -0.0017889545584879815 -0.062999018968641768 0.013919372782647182 0.001004476483388667 0.067342841054002442 0.0020256701674833213
leaf_weight=153 63 2495 145 134 4337 91 653
leaf_count=153 63 2495 145 134 4337 91 653
internal_value=0.000549526 -0.00549024 -0.0320774 -0.00832184 0.00382539 0.0173834 0.0113624
internal_weight=8071 2837 342 197 5234 897 806
internal_count=8071 2837 342 197 5234 897 806
is_linear=0
shrinkage=0.02


Tree=1039
num_leaves=8
num_cat=0
split_feature=22 23 68 68 24 58 22
split_gain=370.65 545.817 332.527 677.112 519.111 733.5 652.212
threshold=7121.0500000000011 7.5500000000000007 183226.75000000003 205306.00000000003 1.5000000000000002 19.905000000000005 16100.750000000002
decision_type=2 2 2 2 2 2 2
left_child=1 -1 4 -4 5 -2 -6
right_child=2 -3 3 -5 6 -7 -8
leaf_value=-0.060377458234628041 -0.089098161889134705 -0.0019541490728574059 0.051278844286755824 0.0038465703296008649 -0.0089933071187111423 -0.011888386241830232 0.02326254950918796
leaf_weight=88 48 206 118 5775 599 736 424
leaf_count=88 48 206 118 5775 599 736 424
internal_value=0.00169136 -0.0201586 0.00253818 0.00483901 -0.00495796 -0.0171502 0.00442381
internal_weight=7994 294 7700 5893 1807 784 1023
internal_count=7994 294 7700 5893 1807 784 1023
is_linear=0
shrinkage=0.02


Tree=1040
num_leaves=8
num_cat=1
split_feature=64 7 22 18 18 56 38
split_gain=292.085 285.514 537.802 667.613 833.308 610.324 1070.47
threshold=1.0000000180025095e-35 0 11511.000000000002 566739.10000000009 183082.60000000001 30.155000000000005 26207.500000000004
decision_type=2 1 2 2 2 2 8
left_child=-1 -2 -3 4 5 6 -4
right_child=1 2 3 -5 -6 -7 -8
leaf_value=-0.044427594006061548 0.0021332301136620046 0.0098765459194907861 -0.11763061172489461 0.018185245411438962 -0.067379377311657343 -0.0080222905665262093 0.00092702972284261736
leaf_weight=55 5838 575 53 231 121 1031 64
leaf_count=55 5838 575 53 231 121 1031 64
internal_value=-0.000466481 -0.000133063 -0.00647818 -0.0128025 -0.0184925 -0.01307 -0.0553984
internal_weight=7968 7913 2075 1500 1269 1148 117
internal_count=7968 7913 2075 1500 1269 1148 117
cat_boundaries=0 1
cat_threshold=14
is_linear=0
shrinkage=0.02


Tree=1041
num_leaves=8
num_cat=0
split_feature=12 51 33 54 67 16 10
split_gain=413.005 588.575 452.804 555.048 1233.82 1107.53 1149.8
threshold=11.290000000000001 13.335000000000003 2.5000000000000004 82.955000000000013 12.727407048056262 0.42885000000000006 27872.100000000002
decision_type=2 2 2 2 2 2 2
left_child=1 -1 3 4 5 -2 -7
right_child=2 -3 -4 -5 -6 6 -8
leaf_value=-0.05807633103643145 -0.016720322740477713 -0.0044489413089414667 -0.0016302977999956545 0.0022247950967344246 0.061015306858574613 0.0045971159877966055 0.060712177142155072
leaf_weight=100 392 376 4025 2200 223 383 232
leaf_count=100 392 376 4025 2200 223 383 232
internal_value=0.00176266 -0.0162018 0.00291978 0.00825376 0.0189846 0.00942144 0.0260846
internal_weight=7931 476 7455 3430 1230 1007 615
internal_count=7931 476 7455 3430 1230 1007 615
is_linear=0
shrinkage=0.02


Tree=1042
num_leaves=8
num_cat=0
split_feature=42 9 14 51 14 52 14
split_gain=408.268 1169.4 1158.02 861.948 736.452 835.399 802.365
threshold=31.075000000000003 16.500000000000004 9.3550000000000022 16.585000000000004 42.570000000000007 67.205000000000013 23.305000000000003
decision_type=2 2 2 2 2 2 2
left_child=1 2 3 -1 5 -4 -7
right_child=-2 -3 4 -5 -6 6 -8
leaf_value=-0.099982448020088155 -0.0016354242673114619 0.066534323501855813 0.0094942319162731933 -0.0085473172139052464 -0.042257451408787776 0.024208435751079175 0.12864845247318349
leaf_weight=62 6466 128 1002 110 90 84 43
leaf_count=62 6466 128 1002 110 90 84 43
internal_value=0.000558245 0.00987087 0.00443707 -0.0433998 0.0113365 0.0157763 0.0631036
internal_weight=7985 1519 1391 172 1219 1129 127
internal_count=7985 1519 1391 172 1219 1129 127
is_linear=0
shrinkage=0.02


Tree=1043
num_leaves=8
num_cat=0
split_feature=17 8 49 17 58 41 21
split_gain=301.223 1241.35 789.525 662.26 714.081 643.396 640.795
threshold=5791.9000000000005 47.650000000000006 49.500000000000007 4293.1500000000005 40.305000000000007 16.995000000000001 221923.70000000004
decision_type=2 2 2 2 2 2 10
left_child=1 2 5 -4 -5 -1 -7
right_child=-2 -3 3 4 -6 6 -8
leaf_value=-0.041255755078900294 -0.0036416211912088164 -0.04911574078630656 -0.036118168047680629 -0.025912170578848641 0.081770039034333636 0.025775593455203871 0.0022052343627093018
leaf_weight=78 5522 155 249 48 42 1079 805
leaf_count=78 5522 155 249 48 42 1079 805
internal_value=-0.00105063 0.00477045 0.00849895 -0.0194889 0.0259984 0.013372 0.0157369
internal_weight=7978 2456 2301 339 90 1962 1884
internal_count=7978 2456 2301 339 90 1962 1884
is_linear=0
shrinkage=0.02


Tree=1044
num_leaves=8
num_cat=1
split_feature=21 7 55 20 38 55 0
split_gain=398.564 750.96 542.406 460.279 656.537 418.396 672.968
threshold=217840.55000000002 0 57.475000000000001 573386.50000000012 1965.3000000000002 51.945000000000007 52.500000000000007
decision_type=8 1 2 10 10 2 2
left_child=1 2 -1 4 -3 -2 -7
right_child=5 3 -4 -5 -6 6 -8
leaf_value=0.031610482529691467 -0.0029830070154047319 0.0067284324308236445 -0.031600306190428189 0.017639398525981235 -0.076221662356359202 0.016124983345398445 -0.012261764171816734
leaf_weight=567 5550 70 56 95 77 1221 455
leaf_count=567 5550 70 56 95 77 1221 455
internal_value=0.00120185 0.0139908 0.0253191 -0.0154926 -0.0377996 -0.000337683 0.00840501
internal_weight=8091 865 623 242 147 7226 1676
internal_count=8091 865 623 242 147 7226 1676
cat_boundaries=0 1
cat_threshold=38
is_linear=0
shrinkage=0.02


Tree=1045
num_leaves=8
num_cat=1
split_feature=55 22 18 2 54 54 8
split_gain=304.442 278.302 464.275 526.393 563.035 782.143 566.246
threshold=24.420000000000005 7808.0000000000009 509596.55000000005 0 92.635000000000005 84.985000000000014 27.655000000000005
decision_type=2 2 2 1 2 2 2
left_child=-1 2 3 -2 5 6 -5
right_child=1 -3 -4 4 -6 -7 -8
leaf_value=-0.040338659743113174 -0.034160542793364987 0.0025065614635773276 -0.052253773816364348 -0.033064096882552296 -0.029515348150449643 0.085568824934107918 0.053374676290154466
leaf_weight=65 129 7489 92 72 80 65 45
leaf_count=65 129 7489 92 72 80 65 45
internal_value=0.00119082 0.0015545 -0.0130818 -0.00332148 0.0130101 0.0326878 0.00100654
internal_weight=8037 7972 483 391 262 182 117
internal_count=8037 7972 483 391 262 182 117
cat_boundaries=0 1
cat_threshold=76
is_linear=0
shrinkage=0.02


Tree=1046
num_leaves=8
num_cat=0
split_feature=42 33 21 52 50 42 22
split_gain=390.144 783.707 962.953 739.029 644.452 536.888 609.933
threshold=50.485000000000007 1.0000000180025095e-35 407508.95000000001 61.695000000000007 3.5000000000000004 49.640000000000008 13612.950000000003
decision_type=2 2 8 2 2 2 2
left_child=4 2 -2 -4 5 -1 -7
right_child=1 -3 3 -5 -6 6 -8
leaf_value=0.0011355951841786492 -0.10945806128095041 -0.0027200820288921577 -0.042025074426616939 0.052630894627976925 0.047452541323322238 -0.0062986257253214717 0.078666535928942169
leaf_weight=3828 56 3752 107 42 127 59 72
leaf_count=3828 56 3752 107 42 127 59 72
internal_value=-0.000355214 -0.00482823 -0.042429 -0.014501 0.00397719 0.00252446 0.0415751
internal_weight=8043 3957 205 149 4086 3959 131
internal_count=8043 3957 205 149 4086 3959 131
is_linear=0
shrinkage=0.02


Tree=1047
num_leaves=8
num_cat=1
split_feature=20 20 48 66 53 11 16
split_gain=327.206 389.483 528.074 541.201 736.345 444.595 433.679
threshold=827766.10000000009 922176.65000000014 8.5000000000000018 0.31250000000000006 51.565000000000005 0 0.72825000000000006
decision_type=8 8 2 2 2 9 2
left_child=-1 2 3 4 -2 -4 -3
right_child=1 6 5 -5 -6 -7 -8
leaf_value=-0.0066644576304499903 0.00051677930023935105 -0.00061886146310799527 -0.065079423831568825 0.012265312773339889 0.10734405295999899 0.022925321847821273 0.020400686747451342
leaf_weight=2215 40 5009 40 165 68 43 421
leaf_count=2215 40 5009 40 165 68 43 421
internal_value=-0.00013628 0.00236644 0.0224829 0.0357715 0.069552 -0.0207745 0.0010281
internal_weight=8001 5786 356 273 108 83 5430
internal_count=8001 5786 356 273 108 83 5430
cat_boundaries=0 1
cat_threshold=2
is_linear=0
shrinkage=0.02


Tree=1048
num_leaves=8
num_cat=1
split_feature=21 53 2 42 42 55 58
split_gain=258.654 953.394 873.88 769.006 691.596 819.594 649.647
threshold=405000.60000000003 66.00500000000001 0 35.440000000000005 47.025000000000013 41.625000000000007 38.185000000000009
decision_type=10 2 1 2 2 2 2
left_child=-1 2 -2 -4 -3 -6 -5
right_child=1 4 3 6 5 -7 -8
leaf_value=-0.00085534909658050177 0.018864444014449464 0.064924363744014876 -0.083733539334856555 0.011029891137565886 -0.040271453717206092 0.041079799823710343 -0.060853166557175833
leaf_weight=7029 292 166 73 163 76 123 67
leaf_count=7029 292 166 73 163 76 123 67
internal_value=0.000477049 0.0101866 -0.00544706 -0.0284894 0.0354008 0.00978542 -0.0107592
internal_weight=7989 960 595 303 365 199 230
internal_count=7989 960 595 303 365 199 230
cat_boundaries=0 1
cat_threshold=46
is_linear=0
shrinkage=0.02


Tree=1049
num_leaves=8
num_cat=0
split_feature=22 8 58 58 22 58 53
split_gain=458.864 548.249 689.656 1007 544.043 554.794 524.148
threshold=10900.950000000003 14.155000000000003 33.525000000000013 29.015000000000004 10666.450000000003 34.785000000000004 39.905000000000008
decision_type=2 2 2 2 2 2 2
left_child=1 2 3 -1 -3 -6 -2
right_child=6 4 -4 -5 5 -7 -8
leaf_value=0.036908033384782511 0.014301900047228673 0.00090934688585100605 0.056088189017122161 -0.080852195156945111 -0.0041081431204522097 0.084615099407159375 -0.0042213882522326093
leaf_weight=77 682 1441 192 40 49 60 5528
leaf_count=77 682 1441 192 40 49 60 5528
internal_value=0.000433367 0.00913656 0.0332404 -0.00501549 0.00423991 0.0462995 -0.00217724
internal_weight=8069 1859 309 117 1550 109 6210
internal_count=8069 1859 309 117 1550 109 6210
is_linear=0
shrinkage=0.02


Tree=1050
num_leaves=8
num_cat=0
split_feature=42 8 48 14 41 68 13
split_gain=405.991 580.823 1032.82 645.916 690.573 541.103 439.36
threshold=50.485000000000007 51.305000000000007 1.5000000000000002 16.855000000000004 34.030000000000008 496978.35000000003 342.85000000000008
decision_type=2 2 2 2 2 2 2
left_child=1 -1 6 4 -4 -5 -3
right_child=-2 2 3 5 -6 -7 -8
leaf_value=0.0077617431722709664 -0.0035657676347314923 -0.023211820729989178 -0.083473314036022525 0.081583715732450837 0.012028492648686682 4.7404704422786326e-05 -0.11102122186816164
leaf_weight=3687 3962 44 50 49 65 82 51
leaf_count=3687 3962 44 50 49 65 82 51
internal_value=0.000977735 0.00544567 -0.0193467 0.0026319 -0.031242 0.0324239 -0.0735457
internal_weight=7990 4028 341 246 115 131 95
internal_count=7990 4028 341 246 115 131 95
is_linear=0
shrinkage=0.02


Tree=1051
num_leaves=8
num_cat=0
split_feature=64 66 53 66 40 8 41
split_gain=336.215 622.588 501.922 413.156 646.409 549.876 812.742
threshold=4.5000000000000009 0.43750000000000006 67.945000000000007 0.56250000000000011 21.175000000000004 69.940000000000012 55.955000000000005
decision_type=2 2 2 2 2 2 2
left_child=3 2 -2 5 -5 -1 -7
right_child=1 -3 -4 4 -6 6 -8
leaf_value=-0.0021341443329537784 0.014834752019032154 -0.0020595916218291493 0.073855170995301131 0.080207494519374992 0.0077677237383980101 -0.088814183094139618 0.019734406322240831
leaf_weight=6565 148 385 93 49 583 65 43
leaf_count=6565 148 385 93 49 583 65 43
internal_value=-0.000212722 0.0137944 0.0386485 -0.00142167 0.0139696 -0.00288875 -0.0466349
internal_weight=7931 626 241 7305 632 6673 108
internal_count=7931 626 241 7305 632 6673 108
is_linear=0
shrinkage=0.02


Tree=1052
num_leaves=8
num_cat=1
split_feature=21 4 28 38 0 23 0
split_gain=406.644 511.599 635.877 626.568 592.617 500.332 474.711
threshold=451812.50000000006 0 1.0000000180025095e-35 22125.600000000002 53.500000000000007 9.7500000000000018 34.500000000000007
decision_type=10 1 2 8 2 2 2
left_child=-1 2 6 -4 5 -3 -2
right_child=1 4 3 -5 -6 -7 -8
leaf_value=-0.00016039622872088551 0.080758528984060482 0.0036120198391951046 -0.046012724235251143 0.048080110536969228 0.033121028166407579 -0.076799820954837492 0.026093642286765268
leaf_weight=7395 97 60 69 41 73 58 190
leaf_count=7395 97 60 69 41 73 58 190
internal_value=0.00111734 0.0170526 0.0294475 -0.0103761 -0.00980664 -0.0374277 0.0456357
internal_weight=7983 588 397 110 191 118 287
internal_count=7983 588 397 110 191 118 287
cat_boundaries=0 1
cat_threshold=3
is_linear=0
shrinkage=0.02


Tree=1053
num_leaves=8
num_cat=1
split_feature=49 13 13 2 33 17 17
split_gain=399.238 481.861 673.632 638.667 581.895 608.885 509.67
threshold=9.5000000000000018 356.75000000000006 306.45000000000005 0 3.5000000000000004 7733.1000000000013 6211.6000000000013
decision_type=2 2 2 1 2 2 2
left_child=1 2 6 -3 5 -5 -1
right_child=-2 3 -4 4 -6 -7 -8
leaf_value=-0.067417094736360025 0.001395671743987914 0.0090906703442306027 0.018864320998900379 -0.020168600523325263 -0.0099143669746585734 -0.10565514902802224 -0.0040600088527043389
leaf_weight=75 7222 113 297 56 92 89 141
leaf_count=75 7222 113 297 56 92 89 141
internal_value=-0.000143701 -0.0129597 -0.000558116 -0.0308731 -0.0481094 -0.0744125 -0.0270866
internal_weight=8085 863 513 350 237 145 216
internal_count=8085 863 513 350 237 145 216
cat_boundaries=0 1
cat_threshold=133
is_linear=0
shrinkage=0.02


Tree=1054
num_leaves=8
num_cat=0
split_feature=57 42 8 58 30 57 41
split_gain=381.503 635.56 1003.9 601.639 627.242 498.047 976.616
threshold=59.960000000000008 46.365000000000002 34.520000000000003 21.255000000000006 1.0000000180025095e-35 56.600000000000009 40.82500000000001
decision_type=2 2 2 2 2 2 2
left_child=5 3 -3 -2 -5 -1 -7
right_child=1 2 -4 4 -6 6 -8
leaf_value=1.4655152375515761e-05 -0.015815876487861664 0.018593774258026056 -0.051378137751899922 0.074769215371746287 -2.2431988926494822e-06 -0.073731162955815152 0.00098291943105041678
leaf_weight=7038 63 275 111 151 63 105 192
leaf_count=7038 63 275 111 151 63 105 192
internal_value=0.000252553 0.0147227 -0.00192738 0.0375474 0.0532596 -0.00106452 -0.0262145
internal_weight=7998 663 386 277 214 7335 297
internal_count=7998 663 386 277 214 7335 297
is_linear=0
shrinkage=0.02


Tree=1055
num_leaves=8
num_cat=1
split_feature=56 53 8 8 3 17 14
split_gain=348.11 710.209 1129.74 646.616 694.065 767.438 685.546
threshold=34.365000000000002 67.655000000000015 10.755000000000001 13.855000000000002 0 2537.6500000000001 22.615000000000006
decision_type=2 2 2 2 1 2 2
left_child=1 3 -3 6 -5 -6 -1
right_child=-2 2 -4 4 5 -7 -8
leaf_value=0.055647080375960001 0.0013765171823340856 -0.10209040245698656 -0.016040107851964056 -0.039505655420364917 -0.053421909638813568 0.0078357518985062661 -0.017307939253747465
leaf_weight=147 5952 63 631 186 86 805 75
leaf_count=147 5952 63 631 186 86 805 75
internal_value=-0.00104718 -0.00827077 -0.024526 0.000474425 -0.00596587 0.0016397 0.0311618
internal_weight=7945 1993 694 1299 1077 891 222
internal_count=7945 1993 694 1299 1077 891 222
cat_boundaries=0 1
cat_threshold=2
is_linear=0
shrinkage=0.02


Tree=1056
num_leaves=8
num_cat=0
split_feature=64 55 48 33 55 47 32
split_gain=308.724 311.353 326.976 295.9 270.953 267.043 198.247
threshold=1.0000000180025095e-35 65.245000000000019 3.5000000000000004 6.5000000000000009 64.040000000000006 15.500000000000002 1.0000000180025095e-35
decision_type=2 2 2 2 2 2 2
left_child=-1 3 -3 4 5 6 -2
right_child=1 2 -4 -5 -6 -7 -8
leaf_value=-0.044464480653405192 0.0016241357170945095 0.0018137903884053231 -0.055852208651783988 0.051337361862262093 0.040566092060162477 0.038729954612427862 -0.0050837147252062861
leaf_weight=59 4887 75 77 40 60 64 2750
leaf_count=59 4887 75 77 40 60 64 2750
internal_value=-0.000713674 -0.000361372 -0.028247 0.000199716 -9.67292e-05 -0.000439657 -0.000793034
internal_weight=8012 7953 152 7801 7761 7701 7637
internal_count=8012 7953 152 7801 7761 7701 7637
is_linear=0
shrinkage=0.02


Tree=1057
num_leaves=8
num_cat=0
split_feature=22 46 14 14 8 14 53
split_gain=471.655 417.431 900.756 894.715 739.202 685.597 693.216
threshold=38110.700000000004 3.5000000000000004 15.625000000000002 32.695000000000007 53.115000000000002 11.405000000000003 38.57500000000001
decision_type=2 2 2 2 2 2 2
left_child=1 2 -1 4 -4 6 -3
right_child=-2 5 3 -5 -6 -7 -8
leaf_value=-0.0098476677366116407 0.054698726066698636 0.055444493091440401 0.031185072087609535 -0.013313588118272844 -0.034171215581315521 -0.0079060736491421719 0.0040466712329486785
leaf_weight=848 55 111 885 298 71 4582 1115
leaf_count=848 55 111 885 298 71 4582 1115
internal_value=-0.00116635 -0.0015891 0.00603874 0.0167781 0.0261787 -0.00435254 0.00890644
internal_weight=7965 7910 2102 1254 956 5808 1226
internal_count=7965 7910 2102 1254 956 5808 1226
is_linear=0
shrinkage=0.02


Tree=1058
num_leaves=8
num_cat=0
split_feature=22 46 54 21 54 57 42
split_gain=327.67 576.112 578.205 560.911 530.004 501.323 481.444
threshold=26939.100000000002 5.5000000000000009 84.985000000000014 253551.80000000002 87.885000000000005 19.395000000000003 41.395000000000003
decision_type=2 2 2 8 2 2 2
left_child=-1 2 6 -3 -4 -5 -2
right_child=1 3 4 5 -6 -7 -8
leaf_value=-0.0011254454242905461 -0.05048853687211579 -0.04832605647629705 -0.11941305606232749 -0.036220813474721378 -0.036943788958796818 0.040747179583542882 0.027961745361487069
leaf_weight=7560 46 53 40 40 129 139 76
leaf_count=7560 46 53 40 40 129 139 76
internal_value=-0.00219007 -0.017423 -0.0359259 0.00605378 -0.0593337 0.0230307 -0.00244106
internal_weight=8083 523 291 232 169 179 122
internal_count=8083 523 291 232 169 179 122
is_linear=0
shrinkage=0.02


Tree=1059
num_leaves=8
num_cat=0
split_feature=56 12 56 14 58 23 12
split_gain=324.491 1339.5 572.092 666.052 792.902 630.584 570.221
threshold=27.975000000000005 45.970000000000006 30.435000000000006 25.485000000000003 34.785000000000004 18.050000000000004 53.155000000000008
decision_type=2 2 2 2 2 2 2
left_child=1 -1 3 5 -5 6 -2
right_child=2 -3 -4 4 -6 -7 -8
leaf_value=-0.018154273165673154 -0.016639416203266238 0.051218685665532303 0.0014255060413070578 -0.011907236417898766 -0.11766643575259618 -0.072323963751598289 0.044961882151271171
leaf_weight=212 159 225 7134 60 51 44 90
leaf_count=212 159 225 7134 60 51 44 90
internal_value=0.00108432 0.0177394 0.000107654 -0.0228965 -0.0634766 -0.00671597 0.00607289
internal_weight=7975 437 7538 404 111 293 249
internal_count=7975 437 7538 404 111 293 249
is_linear=0
shrinkage=0.02


Tree=1060
num_leaves=8
num_cat=0
split_feature=56 12 56 41 56 22 23
split_gain=475.705 445.591 391.181 635.632 682.566 881.379 685.483
threshold=55.295000000000009 39.375000000000007 38.995000000000012 25.175000000000004 37.885000000000012 12788.400000000003 8.1500000000000004
decision_type=2 2 2 2 2 2 2
left_child=2 -2 3 4 5 -1 -7
right_child=1 -3 -4 -5 -6 6 -8
leaf_value=-0.024768113857135177 0.063482273214085158 0.0041539001383173926 -0.0063666305924021038 -0.00019461073185402135 0.092820525991695907 0.096943353640456351 0.017540196637559381
leaf_weight=129 81 125 3988 3384 49 57 156
leaf_count=129 81 125 3988 3384 49 57 156
internal_value=-0.00119817 0.0284336 -0.00200227 0.00261066 0.0265855 0.0158949 0.040525
internal_weight=7969 206 7763 3775 391 342 213
internal_count=7969 206 7763 3775 391 342 213
is_linear=0
shrinkage=0.02


Tree=1061
num_leaves=8
num_cat=0
split_feature=9 24 42 17 42 67 17
split_gain=460.248 693.905 630.25 716.922 379.758 381.747 703.999
threshold=20.500000000000004 3.5000000000000004 31.360000000000003 9862.6500000000015 81.935000000000016 3.5651860809261717 1044.3000000000002
decision_type=2 2 2 2 2 2 2
left_child=4 -2 -3 -4 5 6 -1
right_child=1 2 3 -5 -6 -7 -8
leaf_value=-0.052310207749958391 0.07647551263707715 0.059727662465181845 0.021778547145971435 -0.067030953087589953 0.013501850510052543 0.0020596198385203681 -0.0058823344963757464
leaf_weight=130 69 53 77 61 557 2880 4163
leaf_count=130 69 53 77 61 557 2880 4163
internal_value=-0.00144643 0.0244724 0.0042143 -0.018449 -0.00233347 -0.00357167 -0.00734748
internal_weight=7990 260 191 138 7730 7173 4293
internal_count=7990 260 191 138 7730 7173 4293
is_linear=0
shrinkage=0.02


Tree=1062
num_leaves=8
num_cat=1
split_feature=14 40 23 2 14 40 33
split_gain=355.691 1003.71 580.602 775.957 858.224 638.612 862.72
threshold=8.7450000000000028 57.395000000000003 23.250000000000004 0 26.425000000000004 58.445000000000007 3.5000000000000004
decision_type=2 2 2 1 2 2 2
left_child=1 -1 -2 4 -4 6 -5
right_child=2 -3 3 5 -6 -7 -8
leaf_value=-0.028517525428502687 0.00024167397669358736 0.0180004738578638 0.017403312526115284 0.093934530463408342 -0.081940840358535438 -0.00065684660224289433 -0.0075182733456699213
leaf_weight=526 6754 281 122 127 43 77 44
leaf_count=526 6754 281 122 127 43 77 44
internal_value=0.000237243 -0.0123087 0.00165751 0.0245315 -0.00957189 0.0455403 0.0683577
internal_weight=7974 807 7167 413 165 248 171
internal_count=7974 807 7167 413 165 248 171
cat_boundaries=0 1
cat_threshold=42
is_linear=0
shrinkage=0.02


Tree=1063
num_leaves=8
num_cat=0
split_feature=8 8 38 22 66 63 48
split_gain=400.368 666.206 575.287 572.434 768.44 501.99 499.905
threshold=47.245000000000012 46.295000000000009 3518.9000000000001 19133.350000000002 0.43750000000000006 1.0000000180025095e-35 1.0000000180025095e-35
decision_type=2 2 8 2 2 2 2
left_child=1 -1 3 4 -2 6 -4
right_child=2 -3 5 -5 -6 -7 -8
leaf_value=0.0007841520755808816 -0.11422281879987291 0.06462409045208585 -0.039838442699540233 0.014692106253157061 -0.012112545077378552 -0.031095085331351961 0.013219401070936805
leaf_weight=7048 62 61 79 43 55 209 457
leaf_count=7048 62 61 79 43 55 209 457
internal_value=-0.000220983 0.00137698 -0.012712 -0.0465119 -0.0686859 -0.00519122 0.00510339
internal_weight=8014 7109 905 160 117 745 536
internal_count=8014 7109 905 160 117 745 536
is_linear=0
shrinkage=0.02


Tree=1064
num_leaves=8
num_cat=0
split_feature=8 68 62 37 54 57 65
split_gain=307.876 443.955 678.7 679.83 428.234 632.269 309.432
threshold=54.410000000000004 179015.80000000002 1.0000000180025095e-35 0.36930000000000002 92.125000000000014 36.305000000000007 0.58571428571428574
decision_type=2 2 2 2 2 2 2
left_child=-1 -2 4 6 -3 -6 -4
right_child=1 2 3 -5 5 -7 -8
leaf_value=0.00056804882891775261 -0.055962810255168527 0.028109860849194229 0.018252575553380525 -0.10438769189559896 -0.073609660711823677 0.029634413769904604 -0.043212443901531727
leaf_weight=7457 84 195 60 41 44 42 62
leaf_count=7457 84 195 60 41 44 42 62
internal_value=-0.000481182 -0.0151659 -0.00691032 -0.0387539 0.0119158 -0.0243303 -0.0134552
internal_weight=7985 528 444 163 281 86 122
internal_count=7985 528 444 163 281 86 122
is_linear=0
shrinkage=0.02


Tree=1065
num_leaves=8
num_cat=0
split_feature=68 13 21 47 47 68 68
split_gain=432.728 743.433 728.38 679.914 650.02 486.681 613.07
threshold=1041138.9000000001 406.65000000000003 455989.55000000005 3.5000000000000004 1.5000000000000002 847368.40000000014 800116.15000000002
decision_type=2 2 8 2 2 2 2
left_child=5 4 3 -3 -2 6 -1
right_child=1 2 -4 -5 -6 -7 -8
leaf_value=0.0044495479301996724 -0.05602609414277198 0.056181207175056147 -0.073610579105822943 -0.028983187094826057 0.0027537947136479783 0.019498971911735045 -0.030048120540826648
leaf_weight=4972 74 43 110 168 1582 828 210
leaf_count=4972 74 43 110 168 1582 828 210
internal_value=0.0026388 -0.00546842 -0.0330755 -0.0107287 -3.35877e-05 0.00530801 0.00302392
internal_weight=7987 1977 321 211 1656 6010 5182
internal_count=7987 1977 321 211 1656 6010 5182
is_linear=0
shrinkage=0.02


Tree=1066
num_leaves=8
num_cat=0
split_feature=23 41 58 56 54 49 54
split_gain=308.172 514.04 860.753 679.774 678.892 534.898 556.908
threshold=4.3500000000000005 47.135000000000012 33.955000000000005 43.855000000000011 95.535000000000011 24.500000000000004 86.445000000000007
decision_type=2 2 2 2 2 2 2
left_child=1 2 -1 5 -4 6 -3
right_child=-2 3 4 -5 -6 -7 -8
leaf_value=0.08047082672808685 -0.00043333660519027397 -0.012714627395783152 -0.011009985916083678 0.035716300514759498 0.076978011124663889 0.0077073471256552785 -0.098728063890227563
leaf_weight=97 7322 72 155 123 40 128 49
leaf_count=97 7322 72 155 123 40 128 49
internal_value=0.000753573 0.0137472 0.0333685 -0.00189278 0.00851206 -0.0208081 -0.0500821
internal_weight=7986 664 292 372 195 249 121
internal_count=7986 664 292 372 195 249 121
is_linear=0
shrinkage=0.02


Tree=1067
num_leaves=8
num_cat=0
split_feature=52 14 65 58 23 22 14
split_gain=371.309 808.346 808.224 1126.29 486.052 443.485 395.953
threshold=15.630000000000001 14.525 0.73214285714285732 31.715000000000003 13.15 13343.250000000002 19.615000000000006
decision_type=2 2 2 2 2 2 2
left_child=1 4 3 -3 5 -1 -5
right_child=-2 2 -4 6 -6 -7 -8
leaf_value=0.041079512906157307 0.0021203796326362194 0.01125980105623603 0.030127228072740198 -0.12757021189955148 0.063684581268218257 -0.040919104609638456 -0.055874577964607042
leaf_weight=40 7540 75 56 50 57 59 109
leaf_count=40 7540 75 56 50 57 59 109
internal_value=0.00106732 -0.0165617 -0.0360933 -0.0522397 0.0197404 -0.0074062 -0.0816223
internal_weight=7986 446 290 234 156 99 159
internal_count=7986 446 290 234 156 99 159
is_linear=0
shrinkage=0.02


end of trees

feature_importances:
digital_behavior_score=480
internet_activity=460
insurance_products=412
mobile_app_usage=405
cyber_hygiene=387
online_payments_ratio=364
marketing_response=274
coverage_share=218
financial_literacy=215
occupation_risk=207
regional_risk=206
years_with_company=187
average_balance=182
active_policies=174
smartphone_age=153
smartphone_price=150
payment_discipline=147
two_factor_auth=145
cyber_protection=141
crime_rate=129
health_index=127
car_value=126
natural_disaster_risk=123
customer_loyalty=118
average_claim_cost=117
cyber_risk=117
income=112
risk_tolerance=105
age=98
password_manager=96
credit_score=90
days_since_last_login=85
days_since_last_policy=85
security_training=81
assets=81
region=76
mobile_sessions=76
policy_ratio=73
house_value=72
identity_protection=61
late_payments=53
website_visits=51
loan_to_income=49
loan_amount=46
call_center_contacts=41
employment=40
claim_frequency=27
children=24
city_type=23
bank_products=23
gadget_insurance=22
education=20
family_status=15
gender=14
house_uncovered=14
property_insurance=11
number_of_claims=9
life_insurance=7
travel_insurance=7
mortgage=5
car_insurance=5
wealth_segment=4
car_uncovered=3
house_covered=3
car_covered=2
family_life_covered=2
health_insurance=1

parameters:
[boosting: gbdt]
[objective: regression]
[metric: l2]
[tree_learner: serial]
[device_type: cpu]
[data_sample_strategy: bagging]
[data: ]
[valid: ]
[num_iterations: 1068]
[learning_rate: 0.02]
[num_leaves: 8]
[num_threads: 4]
[seed: 352775]
[deterministic: 0]
[force_col_wise: 0]
[force_row_wise: 0]
[histogram_pool_size: -1]
[max_depth: -1]
[min_data_in_leaf: 40]
[min_sum_hessian_in_leaf: 0.001]
[bagging_fraction: 0.8]
[pos_bagging_fraction: 1]
[neg_bagging_fraction: 1]
[bagging_freq: 1]
[bagging_seed: 27662]
[bagging_by_query: 0]
[feature_fraction: 0.5]
[feature_fraction_bynode: 1]
[feature_fraction_seed: 27092]
[extra_trees: 0]
[extra_seed: 29496]
[early_stopping_round: 0]
[early_stopping_min_delta: 0]
[first_metric_only: 0]
[max_delta_step: 0]
[lambda_l1: 0]
[lambda_l2: 5]
[linear_lambda: 0]
[min_gain_to_split: 0]
[drop_rate: 0.1]
[max_drop: 50]
[skip_drop: 0.5]
[xgboost_dart_mode: 0]
[uniform_drop: 0]
[drop_seed: 14262]
[top_rate: 0.2]
[other_rate: 0.1]
[min_data_per_group: 100]
[max_cat_threshold: 32]
[cat_l2: 10]
[cat_smooth: 10]
[max_cat_to_onehot: 4]
[top_k: 20]
[monotone_constraints: ]
[monotone_constraints_method: basic]
[monotone_penalty: 0]
[feature_contri: ]
[forcedsplits_filename: ]
[refit_decay_rate: 0.9]
[cegb_tradeoff: 1]
[cegb_penalty_split: 0]
[cegb_penalty_feature_lazy: ]
[cegb_penalty_feature_coupled: ]
[path_smooth: 0]
[interaction_constraints: ]
[verbosity: -1]
[saved_feature_importance_type: 0]
[use_quantized_grad: 0]
[num_grad_quant_bins: 4]
[quant_train_renew_leaf: 0]
[stochastic_rounding: 1]
[linear_tree: 0]
[max_bin: 255]
[max_bin_by_feature: ]
[min_data_in_bin: 3]
[bin_construct_sample_cnt: 200000]
[data_random_seed: 5173]
[is_enable_sparse: 1]
[enable_bundle: 1]
[use_missing: 1]
[zero_as_missing: 0]
[feature_pre_filter: 1]
[pre_partition: 0]
[two_round: 0]
[header: 0]
[label_column: ]
[weight_column: ]
[group_column: ]
[ignore_column: ]
[categorical_feature: 1,2,3,4,5,7,11]
[forcedbins_filename: ]
[precise_float_parser: 0]
[parser_config_file: ]
[objective_seed: 10285]
[num_class: 1]
[is_unbalance: 0]
[scale_pos_weight: 1]
[sigmoid: 1]
[boost_from_average: 1]
[reg_sqrt: 0]
[alpha: 0.9]
[fair_c: 1]
[poisson_max_delta_step: 0.7]
[tweedie_variance_power: 1.5]
[lambdarank_truncation_level: 30]
[lambdarank_norm: 1]
[label_gain: ]
[lambdarank_position_bias_regularization: 0]
[eval_at: ]
[multi_error_top_k: 1]
[auc_mu_weights: ]
[num_machines: 1]
[local_listen_port: 12400]
[time_out: 120]
[machine_list_filename: ]
[machines: ]
[gpu_platform_id: -1]
[gpu_device_id: -1]
[gpu_device_id_list: ]
[gpu_use_dp: 0]
[num_gpu: 1]

end of parameters

pandas_categorical:[["F", "M"], ["FarEast", "Moscow", "NorthWest", "SPb", "Siberia", "South", "Ural", "Volga"], ["large_city", "metro", "rural", "town"], ["bachelor", "master", "phd", "secondary"], ["divorced", "married", "single", "widowed"], ["business_owner", "employed", "retired", "self_employed", "student", "unemployed"], ["affluent", "mass", "premium", "private"]]
