tree
version=v4
num_class=1
num_tree_per_iteration=1
label_index=0
max_feature_idx=68
objective=regression
feature_names=age gender region city_type education family_status children employment occupation_risk years_with_company income wealth_segment financial_literacy credit_score payment_discipline late_payments online_payments_ratio average_balance loan_amount mortgage house_value car_value smartphone_price smartphone_age bank_products life_insurance property_insurance health_insurance travel_insurance car_insurance gadget_insurance cyber_protection identity_protection insurance_products active_policies expired_policies number_of_claims claim_frequency average_claim_cost fraud_flag mobile_app_usage internet_activity digital_behavior_score password_manager two_factor_auth security_training website_visits mobile_sessions days_since_last_login days_since_last_policy call_center_contacts customer_loyalty marketing_response risk_tolerance health_index regional_risk crime_rate natural_disaster_risk cyber_risk car_covered car_uncovered house_covered house_uncovered family_life_covered cyber_hygiene policy_ratio coverage_share loan_to_income assets
feature_infos=[18:85] -1:1:0 -1:1:7:2:4:6:5:3:0 -1:0:3:1:2 -1:0:1:3:2 -1:1:2:0:3 [0:6] -1:1:2:3:4:5:0 [5:80] [0:40] [12000:346531] -1:1:0:2 [0:100] [300:563.89999999999998] [2.1000000000000001:87] [0:12] [0.058599999999999999:0.95999999999999996] [793:301551] [0:1483767] [0:1] [400000:2615010] [150000:497023] [3967:68081] [1:48] [0:9] [0:1] [0:1] [0:1] [0:1] [0:1] [0:1] [0:1] [0:1] [0:8] [0:7] [0:5] [0:8] [0:6] [1500:243251] [0:1] [0:100] [0:100] [0:100] [0:1] [0:1] [0:1] [0:19] [0:21] [0:53] [2:171] [0:8] [6:100] [0:100] [0:100] [45.490000000000002:100] [12.789999999999999:75] [12:68] [2:79] [5:82] [0:1] [0:1] [0:1] [0:1] [0:1] [0:5] [0:0.875] [0:1] [0:123.64725] [0:3112033]
tree_sizes=810 848 843 853 844 849 844 844 849 848 858 849 843 840 846 850 869 868 859 842 843 841 845 848 843 845 843 846 850 856 846 850 847 847 854 852 841 848 849 851 850 855 847 855 842 849 843 854 846 848 849 853 844 851 854 862 851 852 846 865 852 865 851 852 853 852 850 849 855 853 850 849 853 850 854 855 848 860 852 851 855 855 864 870 865 866 852 855 860 863 860 846 864 859 870 873 854 855 852 859 852 861 862 849 862 870 852 866 867 857 864 866 855 857 870 854 844 884 863 854 858 865 858 842 872 862 853 860 859 863 866 848 870 862 857 865 853 856 861 858 864 877 873 853 864 860 863 854 862 865 859 866 867 874 866 863 863 867 858 858 864 859 870 861 871 877 866 856 865 860 866 862 860 868 867 862 865 861 859 868 862 873 868 863 868 865 854 860 862 850 866 868 852 867 871 862 864 864 865 856 870 865 879 860 865 862 865 858 859 864 854 868 871 859 865 864 867 869 863 872 860 867 876 858 871 860 862 867 856 865 861 866 871 866 861 867 865 858 865 862 870 871 864 879 867 858 868 876 866 876 869 864 868 859 867 854 864 855 859 867 875 860 864 857 868 871 858 857 857 864 869 871 853 870 859 859 866 868 881 866 862 858 852 860 862 863 869 858 863 861 869 860 869 853 863 859 863 856 859 866 862 854 858 866 865 869 862 880 870 873 863 859 857 863 870 873 865 862 866 866 864 870 872 873 849 850 873 864 860 885 864 880 889 856 865 868 859 864 881 864 871 851 874 867 867 863 866 864 854 852 861 883 864 865 866 846 865 860 855 855 863 865 857 856 856 889 854 874 861 869 854 883 875 858 863 855 869 860 871 871 851 877 865 854 870 857 858 850 867 876 854 858 875 877 861 856 867 858 864 856 858 853 865 870 871 866 878 868 853 854 893 856 876 864 880 870 858 868 858 858 862 858 845 862 861 882 847 858 867 867 857 854 843 859 867 849 871 886 866 867 864 847 858 857 862 844 868 855 860 871 856 859 847 848 857 855 850 849 848 854 859 845 877 850 826 877 879 877 871 871 862 837 882 859 858 866 853 847 880 872 849 847 857 860 853 862 878 863 844 851 855 847 865 853 863 847 841 888 848 877 852 867 843 862 862 848 848 860 875 861 871 860 883 844 880 850 850 873 866 849 847 866 849 853 852 838 861 852 841 854 828 877 851 860 850 863 851 870 851 832 848 858 860 857 848 876 849 870 841 836 853 851 851 840 867 851 855 850 853 843 854 856 881 848 856 856 867 849 865 840 845 861 858 878 851 855 863 842 877 854 852 854 881 860 838 859 871 853 847 851 843 838 844 880 874 836 861 837 880 863 843 870 854 862 861 853 835 857 846 857 858 856 841 852 847 845 855 847 857 858 843 868 855 848 877 850 842 848 841 874 859 846 834 875 861 855 853 861 883 847 837 847 871 887 848 854 852 842 852 826 867 875 836 845 877 835 852 855 857 830 844 852 851 851 856 842 844 854 866 851 850 858 852 827 851 853 877 869 854 852 860 860 881 878 847 853 840 872 852 863 839 848 870 855 872 835 867 838 848 843 862 858 852 855 840 868 841 860 842 872 845 851 861 833 845 850 866 863 866 876 838 849 869 849 841 875 865 856 854 849 840 852 849 867 868 849 842 853 874 860 823 833 855 846 864 839 845 839 860 870 865 870 851 875 871 850 861 853 840 855 855 856 857 851 874 848 852 829 850 849 844 862 849 850 842 871 870 847 847 836 858 850 851 833 835 855 844 843 835 852 856 870 845 860 847 844 844 852 827 858 848 848 859 857 833 838 876 842 855 876 865 866 865 846 852 855 860 867 835 853 839 860 831 868 842 857 851 839 843 849 850 842 847 864 857 854 839 857 841 859 845 853 862 856 852 856 852 844 857 842 850 849 846 860 855 856 841 853 869 852 857 845 846 841 847 848 863 840 865 862 859 870 846 835 839 840 834 851 847 838 865 869 854 842 851 832 873 860 866 844 839 871 864 841 843 870 884 828 840 841 848 837 856 846 849 841 859 873 857 840 861 854 864 855 863 851 857 854 831 841 829 855 840 841 861 852 851 850 859 854 851 846 853 871 856 851 870 867 869 847 871 852 835 868 859 855 846 849 847 843 838 849 854 848 838 855 857 881 841 843 842 838 857 880 858 861 838 863 871 843 852 830 857 841 862 845 835 870 873 849 849 836 866 860 847 847 851 849 847 843 864 851 820 846 861 845 872 847 830 869 856 854 837 836 867 859 845 850 841 857 868 860 850 851 867 851 837 855 852 834 851 837 848 843 844 851 852 850 847 850 848 880 862 855 868 858 857 859 862 872 851 852 865 871 848 839 875 862 865 855 830 867 832 846 831 856 840 838 835 842 846 869 866 848 861 875 840 838

Tree=0
num_leaves=8
num_cat=0
split_feature=33 42 42 33 33 33 42
split_gain=1.07612e+06 510228 284613 136059 130381 104483 66009.8
threshold=2.5000000000000004 47.495000000000012 40.205000000000005 1.5000000000000002 1.5000000000000002 3.5000000000000004 68.805000000000021
decision_type=2 2 2 2 2 2 2
left_child=1 4 5 6 -1 -2 -3
right_child=2 3 -4 -5 -6 -7 -8
leaf_value=68.653712212677021 69.19472382700701 69.022229001618086 69.704932585372092 69.477503756858525 69.017737171539949 69.533576544447982 69.370178961236917
leaf_weight=713 743 582 2798 1129 916 704 347
leaf_count=713 743 582 2798 1129 916 704 347
internal_value=69.3704 69.1206 69.5873 69.3302 68.8567 69.3596 69.1515
internal_weight=7932 3687 4245 2058 1629 1447 929
internal_count=7932 3687 4245 2058 1629 1447 929
is_linear=0
shrinkage=1


Tree=1
num_leaves=8
num_cat=0
split_feature=64 64 40 40 65 65 65
split_gain=1.23749e+06 303952 198325 170752 77749.5 74489.4 70534
threshold=2.5000000000000004 3.5000000000000004 45.705000000000005 56.695000000000007 0.58571428571428574 0.58571428571428574 0.58571428571428574
decision_type=2 2 2 2 2 2 2
left_child=2 3 6 4 -2 -4 -1
right_child=1 -3 5 -5 -6 -7 -8
leaf_value=-0.71012955465020922 -0.23159643303671104 0.30697234636602494 -0.32288912941163511 0.21497176638633458 0.030126694001437204 0.0098889863955133449 -0.37391336796870084
leaf_weight=680 924 2803 791 1063 886 406 426
leaf_count=680 924 2803 791 1063 886 406 426
internal_value=0.00033908 0.158996 -0.390187 0.0143432 -0.103752 -0.210445 -0.582894
internal_weight=7979 5676 2303 2873 1810 1197 1106
internal_count=7979 5676 2303 2873 1810 1197 1106
is_linear=0
shrinkage=0.02


Tree=2
num_leaves=8
num_cat=0
split_feature=64 33 42 42 42 33 33
split_gain=1.19002e+06 359874 241244 210654 144563 112563 101049
threshold=2.5000000000000004 2.5000000000000004 47.985000000000007 46.840000000000011 41.205000000000005 1.5000000000000002 1.5000000000000002
decision_type=2 2 2 2 2 2 2
left_child=2 3 6 -2 -3 -4 -1
right_child=1 4 5 -5 -6 -7 -8
leaf_value=-0.82872966456469099 -0.30063787130386632 0.1000046769057541 -0.41711020732691767 0.1079074451531587 0.37353100458290234 -0.0010455411616233762 -0.43818632719895012
leaf_weight=422 807 1163 426 1330 2327 656 775
leaf_count=422 807 1163 426 1330 2327 656 775
internal_value=0.00147892 0.157638 -0.38359 -0.0467141 0.282655 -0.166022 -0.578746
internal_weight=7906 5627 2279 2137 3490 1082 1197
internal_count=7906 5627 2279 2137 3490 1082 1197
is_linear=0
shrinkage=0.02


Tree=3
num_leaves=8
num_cat=0
split_feature=64 66 42 42 42 66 66
split_gain=1.16187e+06 333130 226454 191475 152031 108064 98448.7
threshold=2.5000000000000004 0.31250000000000006 47.985000000000007 49.640000000000008 41.035000000000004 0.18750000000000003 0.31250000000000006
decision_type=2 2 2 2 2 2 2
left_child=2 3 6 -2 -3 -4 -1
right_child=1 4 5 -5 -6 -7 -8
leaf_value=-0.69312587001412629 -0.2578415442282796 0.087902426707933384 -0.41200968077877453 0.12438678539101028 0.36715229101576818 -0.00053442671940947531 -0.31308184062498151
leaf_weight=806 931 1177 418 1187 2329 644 431
leaf_count=806 931 1177 418 1187 2329 644 431
internal_value=-0.000692763 0.154159 -0.379017 -0.0438392 0.273664 -0.163662 -0.562503
internal_weight=7923 5624 2299 2118 3506 1062 1237
internal_count=7923 5624 2299 2118 3506 1062 1237
is_linear=0
shrinkage=0.02


Tree=4
num_leaves=8
num_cat=0
split_feature=64 66 42 42 42 66 66
split_gain=1.11447e+06 325440 233753 188990 146970 105238 100690
threshold=2.5000000000000004 0.31250000000000006 49.640000000000008 47.495000000000012 33.775000000000013 0.31250000000000006 0.18750000000000003
decision_type=2 2 2 2 2 2 2
left_child=2 3 5 -2 -3 -1 -4
right_child=1 4 6 -5 -6 -7 -8
leaf_value=-0.67342218968446421 -0.27575977765795656 0.024564614471200171 -0.38786549943611948 0.10781677167999548 0.33620357056615374 -0.2883155591688763 0.017602209735136383
leaf_weight=876 854 779 400 1274 2723 436 619
leaf_count=876 854 779 400 1274 2723 436 619
internal_value=-0.003652 0.148614 -0.370948 -0.0464041 0.267015 -0.547025 -0.142677
internal_weight=7961 5630 2331 2128 3502 1312 1019
internal_count=7961 5630 2331 2128 3502 1312 1019
is_linear=0
shrinkage=0.02


Tree=5
num_leaves=8
num_cat=0
split_feature=64 64 40 40 65 65 40
split_gain=1.06424e+06 293789 168462 163611 95619.1 74888.5 56263.8
threshold=2.5000000000000004 3.5000000000000004 55.135000000000012 37.580000000000005 0.58571428571428574 1.0000000180025095e-35 50.105000000000011
decision_type=2 2 2 2 2 2 2
left_child=2 3 4 -2 -1 -5 -3
right_child=1 6 -4 5 -6 -7 -8
leaf_value=-0.60413055590724096 -0.24091901607566937 0.1977985639277649 -0.12105520093031227 -0.26747116511272689 -0.27429218983721776 0.13801657354696312 0.37892865065703646
leaf_weight=951 772 1304 795 197 578 1884 1496
leaf_count=951 772 1304 795 197 578 1884 1496
internal_value=0.001613 0.149731 -0.358225 0.00681947 -0.480744 0.0990816 0.295077
internal_weight=7977 5653 2324 2853 1529 2081 2800
internal_count=7977 5653 2324 2853 1529 2081 2800
is_linear=0
shrinkage=0.02


Tree=6
num_leaves=8
num_cat=0
split_feature=31 42 42 34 34 34 34
split_gain=845152 387792 273554 127901 111177 82556.2 68523.6
threshold=1.0000000180025095e-35 47.495000000000012 38.405000000000008 1.5000000000000002 1.5000000000000002 2.5000000000000004 2.5000000000000004
decision_type=2 2 2 2 2 2 2
left_child=1 4 5 -3 -1 -2 -4
right_child=2 3 6 -5 -6 -7 -8
leaf_value=-0.61670926131690162 -0.16843154674314936 -0.18188612993649195 0.20820111630622021 0.15858821897960973 -0.26311403545635104 0.15039282254333938 0.4061660815548423
leaf_weight=931 938 1131 2148 717 593 491 1052
leaf_count=931 938 1131 2148 717 593 491 1052
internal_value=-0.00416757 -0.244804 0.171199 -0.049715 -0.480433 -0.0587421 0.273814
internal_weight=8001 3372 4629 1848 1524 1429 3200
internal_count=8001 3372 4629 1848 1524 1429 3200
is_linear=0
shrinkage=0.02


Tree=7
num_leaves=8
num_cat=0
split_feature=31 42 42 34 34 34 42
split_gain=789753 325120 280080 117438 106570 91077.6 61303.7
threshold=1.0000000180025095e-35 47.985000000000007 39.460000000000008 1.5000000000000002 1.5000000000000002 2.5000000000000004 64.565000000000012
decision_type=2 2 2 2 2 2 2
left_child=1 4 5 6 -1 -2 -3
right_child=2 3 -4 -5 -6 -7 -8
leaf_value=-0.58809815890082207 -0.16807980454261148 -0.31883291603224118 0.27402662952034912 0.15214279299896583 -0.24169821730527014 0.16090479887259287 -0.022978420352090651
leaf_weight=907 994 590 3187 684 600 503 531
leaf_count=907 994 590 3187 684 600 503 531
internal_value=0.00109391 -0.235082 0.168164 -0.0536992 -0.451437 -0.0573716 -0.179416
internal_weight=7996 3312 4684 1805 1507 1497 1121
internal_count=7996 3312 4684 1805 1507 1497 1121
is_linear=0
shrinkage=0.02


Tree=8
num_leaves=8
num_cat=0
split_feature=64 64 42 42 34 34 42
split_gain=1.00213e+06 255420 187436 157712 92231.2 88015.7 65739.7
threshold=2.5000000000000004 3.5000000000000004 57.605000000000011 49.640000000000008 1.5000000000000002 1.5000000000000002 54.230000000000011
decision_type=2 2 2 2 2 2 2
left_child=2 3 4 5 -1 -2 -3
right_child=1 6 -4 -5 -6 -7 -8
leaf_value=-0.58816500176090292 -0.32742946310318277 0.18893431104582498 -0.070565965571507086 0.15795896642374463 -0.27968405881836178 -0.0054706228568805956 0.38373710111478743
leaf_weight=964 576 1489 697 1455 673 818 1324
leaf_count=964 576 1489 697 1455 673 818 1324
internal_value=0.00237979 0.146133 -0.345915 0.0125723 -0.462581 -0.139199 0.281141
internal_weight=7996 5662 2334 2849 1637 1394 2813
internal_count=7996 5662 2334 2849 1637 1394 2813
is_linear=0
shrinkage=0.02


Tree=9
num_leaves=8
num_cat=0
split_feature=64 66 66 40 40 40 40
split_gain=1.00157e+06 296006 169206 133424 115964 107642 81627.8
threshold=2.5000000000000004 0.31250000000000006 0.31250000000000006 44.285000000000004 45.705000000000005 39.215000000000011 36.615000000000002
decision_type=2 2 2 2 2 2 2
left_child=2 3 4 -2 -1 -3 -4
right_child=1 5 6 -5 -6 -7 -8
leaf_value=-0.65345122265750943 -0.26790843402850278 0.082685896885506982 -0.37400116216184365 0.065686952749578739 -0.30707114657449153 0.32389232719422389 0.050002407441255052
leaf_weight=731 714 1060 283 1436 851 2480 489
leaf_count=731 714 1060 283 1436 851 2480 489
internal_value=-0.00395608 0.139589 -0.350489 -0.0454623 -0.468679 0.251885 -0.106835
internal_weight=8044 5690 2354 2150 1582 3540 772
internal_count=8044 5690 2354 2150 1582 3540 772
is_linear=0
shrinkage=0.02


Tree=10
num_leaves=8
num_cat=0
split_feature=33 31 33 33 46 43 43
split_gain=833794 242262 132257 110410 54440.9 41797.7 39281.9
threshold=2.5000000000000004 1.0000000180025095e-35 3.5000000000000004 1.5000000000000002 5.5000000000000009 1.0000000180025095e-35 1.0000000180025095e-35
decision_type=2 2 2 2 2 2 2
left_child=1 3 4 -1 -2 -3 -5
right_child=2 5 -4 6 -6 -7 -8
leaf_value=-0.47518976171865795 -0.017012591414017477 -0.19590002765676173 0.29574296846919834 -0.41823566782747812 0.18923035456154838 0.042792414000842854 -0.11650375850493601
leaf_weight=1274 1172 399 2197 224 903 1068 729
leaf_count=1274 1172 399 2197 224 903 1068 729
internal_value=-0.00241644 -0.222299 0.187754 -0.35352 0.0729795 -0.0225729 -0.189238
internal_weight=7966 3694 4272 2227 2075 1467 953
internal_count=7966 3694 4272 2227 2075 1467 953
is_linear=0
shrinkage=0.02


Tree=11
num_leaves=8
num_cat=0
split_feature=66 40 40 31 31 66 40
split_gain=774838 280305 203948 124925 116238 69535.8 59808.6
threshold=0.31250000000000006 45.705000000000005 36.615000000000002 1.0000000180025095e-35 1.0000000180025095e-35 0.43750000000000006 71.345000000000013
decision_type=2 2 2 2 2 2 2
left_child=1 4 5 6 -1 -2 -3
right_child=2 3 -4 -5 -6 -7 -8
leaf_value=-0.57010862638292448 -0.18710147107826103 -0.26610943995009423 0.27035285746992965 0.12402208976044374 -0.21095679355007185 0.11707731068087192 0.042193662681377198
leaf_weight=872 605 975 3089 845 627 588 337
leaf_count=872 605 975 3089 845 627 588 337
internal_value=0.00220553 -0.211485 0.18469 -0.0651888 -0.421084 -0.0373164 -0.187059
internal_weight=7938 3656 4282 2157 1499 1193 1312
internal_count=7938 3656 4282 2157 1499 1193 1312
is_linear=0
shrinkage=0.02


Tree=12
num_leaves=8
num_cat=0
split_feature=64 33 42 42 42 33 33
split_gain=871737 246080 187720 159647 112557 91833.4 82481.6
threshold=2.5000000000000004 2.5000000000000004 47.985000000000007 56.585000000000008 27.305000000000003 1.5000000000000002 1.5000000000000002
decision_type=2 2 2 2 2 2 2
left_child=2 3 6 -2 -3 -4 -1
right_child=1 4 5 -5 -6 -7 -8
leaf_value=-0.70975061501473391 -0.18491042976624897 -0.033850930973617292 -0.35432180122614021 0.16339493187154458 0.28499429476268012 0.016481634678017953 -0.36604025290319975
leaf_weight=446 1215 519 442 921 2975 663 803
leaf_count=446 1215 519 442 921 2975 663 803
internal_value=-0.000747537 0.134385 -0.32354 -0.0346973 0.237652 -0.132768 -0.491115
internal_weight=7984 5630 2354 2136 3494 1105 1249
internal_count=7984 5630 2354 2136 3494 1105 1249
is_linear=0
shrinkage=0.02


Tree=13
num_leaves=8
num_cat=0
split_feature=64 33 41 41 33 33 64
split_gain=862150 241518 185246 163700 78854.1 69937.8 66978.1
threshold=2.5000000000000004 3.5000000000000004 48.485000000000007 53.935000000000009 1.5000000000000002 2.5000000000000004 3.5000000000000004
decision_type=2 2 2 2 2 2 2
left_child=3 2 6 4 -1 -5 -2
right_child=1 -3 -4 5 -6 -7 -8
leaf_value=-0.65394332700566604 -0.2257071106564939 0.31467339492914598 0.16324494684608026 -0.23150369950144967 -0.34087196212524828 0.14049671538924211 0.036105510293426339
leaf_weight=515 973 1930 2092 628 916 293 649
leaf_count=515 973 1930 2092 628 916 293 649
internal_value=-0.000572217 0.133491 0.0390417 -0.321878 -0.455427 -0.113039 -0.121161
internal_weight=7996 5644 3714 2352 1431 921 1622
internal_count=7996 5644 3714 2352 1431 921 1622
is_linear=0
shrinkage=0.02


Tree=14
num_leaves=8
num_cat=0
split_feature=64 33 42 42 42 33 33
split_gain=839181 240748 185683 157684 98321.9 80454.7 76764.7
threshold=2.5000000000000004 2.5000000000000004 49.640000000000008 43.185000000000009 41.205000000000005 1.5000000000000002 1.5000000000000002
decision_type=2 2 2 2 2 2 2
left_child=2 3 6 -2 -3 -4 -1
right_child=1 4 5 -5 -6 -7 -8
leaf_value=-0.68346591079473429 -0.28201738741513427 0.082261364446143029 -0.33656480018633839 0.080633132721869852 0.30611038545067526 0.023985096612035947 -0.35956146105668124
leaf_weight=467 699 1184 403 1500 2351 628 845
leaf_count=467 699 1184 403 1500 2351 628 845
internal_value=-0.00105686 0.129259 -0.319574 -0.0350215 0.231357 -0.117892 -0.477011
internal_weight=8077 5734 2343 2199 3535 1031 1312
internal_count=8077 5734 2343 2199 3535 1031 1312
is_linear=0
shrinkage=0.02


Tree=15
num_leaves=8
num_cat=0
split_feature=33 42 42 31 31 33 42
split_gain=664777 332269 207739 146131 66821.8 61210.6 60845.6
threshold=2.5000000000000004 57.605000000000011 33.775000000000013 1.0000000180025095e-35 1.0000000180025095e-35 3.5000000000000004 35.440000000000005
decision_type=2 2 2 2 2 2 2
left_child=1 3 5 -1 -3 -2 -5
right_child=2 4 -4 6 -6 -7 -8
leaf_value=-0.47545592799651176 -0.22763479839387163 -0.064915826785005418 0.24894419816440427 -0.35146579304949882 0.21501469840514073 0.078986371604282568 -0.021104222484511034
leaf_weight=1354 521 852 3272 360 562 512 575
leaf_count=1354 521 852 3272 360 562 512 575
internal_value=0.00205923 -0.19428 0.170972 -0.342925 0.0467093 -0.0760115 -0.149495
internal_weight=8008 3703 4305 2289 1414 1033 935
internal_count=8008 3703 4305 2289 1414 1033 935
is_linear=0
shrinkage=0.02


Tree=16
num_leaves=8
num_cat=0
split_feature=41 65 65 65 65 44 44
split_gain=396314 197383 176701 81326.7 72171.1 60040.3 50355.9
threshold=49.000000000000007 0.53571428571428581 1.0000000180025095e-35 1.0000000180025095e-35 0.53571428571428581 1.0000000180025095e-35 1.0000000180025095e-35
decision_type=2 2 2 2 2 2 2
left_child=1 3 -2 -1 -4 -5 -3
right_child=2 6 4 5 -6 -7 -8
leaf_value=-0.57918921225737818 -0.26724022023087168 -0.19733817174066204 0.079548107713596619 -0.45752661426753216 0.25423649986858132 -0.16280896803027919 0.050842067049225038
leaf_weight=328 396 416 1752 360 2068 1190 1460
leaf_count=328 396 416 1752 360 2068 1190 1460
internal_value=-0.000424416 -0.149779 0.132584 -0.294437 0.174326 -0.232511 -0.00456977
internal_weight=7970 3754 4216 1878 3820 1550 1876
internal_count=7970 3754 4216 1878 3820 1550 1876
is_linear=0
shrinkage=0.02


Tree=17
num_leaves=8
num_cat=0
split_feature=40 32 32 41 41 44 44
split_gain=391306 152884 93963.4 90031.7 65532.5 53874.5 31927.2
threshold=48.165000000000006 1.0000000180025095e-35 1.0000000180025095e-35 38.945000000000007 56.715000000000011 1.0000000180025095e-35 1.0000000180025095e-35
decision_type=2 2 2 2 2 2 2
left_child=1 3 4 -1 -2 -3 -5
right_child=2 5 -4 6 -6 -7 -8
leaf_value=-0.37672064537286487 -0.051524158405833118 -0.21496897646933794 0.2540082554549401 -0.31348337413257499 0.1465607781565475 0.08866213846615778 -0.079640009665843989
leaf_weight=1105 1199 295 1548 298 1498 1054 1045
leaf_count=1105 1199 295 1548 298 1498 1054 1045
internal_value=-0.00181985 -0.149228 0.130052 -0.243281 0.0585662 0.0217153 -0.132498
internal_weight=8042 3797 4245 2448 2697 1349 1343
internal_count=8042 3797 4245 2448 2697 1349 1343
is_linear=0
shrinkage=0.02


Tree=18
num_leaves=8
num_cat=0
split_feature=33 31 33 33 47 43 43
split_gain=613167 198811 113628 88208.4 56080.5 45368.5 36655.4
threshold=2.5000000000000004 1.0000000180025095e-35 3.5000000000000004 1.5000000000000002 4.5000000000000009 1.0000000180025095e-35 1.0000000180025095e-35
decision_type=2 2 2 2 2 2 2
left_child=1 3 4 -1 -2 -5 -3
right_child=2 6 -4 5 -6 -7 -8
leaf_value=-0.41598141561568297 -0.095858763197124108 -0.1734524087741933 0.26462475494881177 -0.39477926423391668 0.12849223808804724 -0.081517954037016893 0.05213543128741957
leaf_weight=1249 644 384 2221 244 1421 734 1106
leaf_count=1249 644 384 2221 244 1421 734 1106
internal_value=0.00253987 -0.185312 0.165479 -0.304741 0.0584626 -0.161284 -0.00638831
internal_weight=8003 3717 4286 2227 2065 978 1490
internal_count=8003 3717 4286 2227 2065 978 1490
is_linear=0
shrinkage=0.02


Tree=19
num_leaves=8
num_cat=0
split_feature=33 41 40 33 33 33 33
split_gain=600913 254947 169962 99794.1 74690 53751.9 51234
threshold=2.5000000000000004 49.000000000000007 37.090000000000011 1.5000000000000002 1.5000000000000002 3.5000000000000004 3.5000000000000004
decision_type=2 2 2 2 2 2 2
left_child=1 4 5 -3 -1 -2 -4
right_child=2 3 6 -5 -6 -7 -8
leaf_value=-0.51495058827428275 -0.1662753366918914 -0.18862306619100191 0.15156858156362771 0.095023566011849414 -0.24676401994624195 0.096926738042106386 0.31517074015348245
leaf_weight=749 635 897 1461 1098 967 598 1645
leaf_count=749 635 897 1461 1098 967 598 1645
internal_value=0.000100247 -0.186613 0.159821 -0.0326635 -0.364978 -0.0387475 0.238583
internal_weight=8050 3711 4339 1995 1716 1233 3106
internal_count=8050 3711 4339 1995 1716 1233 3106
is_linear=0
shrinkage=0.02


Tree=20
num_leaves=8
num_cat=0
split_feature=66 42 42 66 66 66 42
split_gain=577325 293032 177475 87227.1 81062.8 60345 48520.7
threshold=0.31250000000000006 50.065000000000005 29.405000000000005 0.18750000000000003 0.18750000000000003 0.43750000000000006 30.335000000000004
decision_type=2 2 2 2 2 2 2
left_child=1 3 -2 -1 -3 -4 -5
right_child=2 4 5 6 -6 -7 -8
leaf_value=-0.52490641608815036 -0.10948804003436279 -0.15019935217285615 0.13515184575911274 -0.42618632454580313 0.11322346894550195 0.30081688190762651 -0.13454907170613117
leaf_weight=770 793 851 1718 355 1024 1829 644
leaf_count=770 793 851 1718 355 1024 1829 644
internal_value=0.00470369 -0.180766 0.160459 -0.365024 -0.00641686 0.22088 -0.23979
internal_weight=7984 3644 4340 1769 1875 3547 999
internal_count=7984 3644 4340 1769 1875 3547 999
is_linear=0
shrinkage=0.02


Tree=21
num_leaves=8
num_cat=0
split_feature=33 42 42 42 33 33 42
split_gain=544460 289017 172667 99244.8 72071 66321.9 49065.2
threshold=2.5000000000000004 57.375000000000007 27.305000000000003 32.330000000000005 1.5000000000000002 3.5000000000000004 53.835000000000008
decision_type=2 2 2 2 2 2 2
left_child=1 3 -2 -1 -5 6 -4
right_child=2 -3 5 4 -6 -7 -8
leaf_value=-0.51200591634130566 -0.13390078044227546 0.048543777342456504 0.0096541604706700916 -0.37688111889759135 -0.10453980375971442 0.28975480770591561 0.22454441280782242
leaf_weight=710 698 1401 848 701 877 1910 848
leaf_count=710 698 1401 848 701 877 1910 848
internal_value=0.000550855 -0.177616 0.153288 -0.315903 -0.226331 0.208987 0.117443
internal_weight=7993 3689 4304 2288 1578 3606 1696
internal_count=7993 3689 4304 2288 1578 3606 1696
is_linear=0
shrinkage=0.02


Tree=22
num_leaves=8
num_cat=0
split_feature=64 64 42 42 33 33 33
split_gain=695012 205869 135563 121428 68366.2 66008.3 63194.9
threshold=2.5000000000000004 3.5000000000000004 49.640000000000008 46.595000000000006 1.5000000000000002 2.5000000000000004 3.5000000000000004
decision_type=2 2 2 2 2 2 2
left_child=2 3 5 6 -4 -1 -2
right_child=1 -3 4 -5 -6 -7 -8
leaf_value=-0.53139307049544238 -0.23612444724902942 0.23909953011130797 -0.32100644236930598 0.11256792358502195 0.012862290277575643 -0.2265584516960189 0.078169967945894051
leaf_weight=850 906 2828 401 1642 619 443 353
leaf_count=850 906 2828 401 1642 619 443 353
internal_value=-0.000310425 0.117831 -0.292555 -0.000593652 -0.11932 -0.428227 -0.148042
internal_weight=8042 5729 2313 2901 1020 1293 1259
internal_count=8042 5729 2313 2901 1020 1293 1259
is_linear=0
shrinkage=0.02


Tree=23
num_leaves=8
num_cat=0
split_feature=33 41 33 41 33 40 40
split_gain=515723 279451 120281 106937 104115 76260.1 51219.7
threshold=1.5000000000000002 40.615000000000002 3.5000000000000004 58.930000000000007 3.5000000000000004 51.035000000000004 29.845000000000002
decision_type=2 2 2 2 2 2 2
left_child=3 2 6 -1 5 -3 -2
right_child=1 4 -4 -5 -6 -7 -8
leaf_value=-0.43329213188199478 -0.39592074545721212 -0.024846552710642664 0.098574319304228275 -0.095010657695379253 0.30345869903243022 0.18520375545877685 -0.13313468861308553
leaf_weight=1071 469 1176 676 578 1523 1669 816
leaf_count=1071 469 1176 676 578 1523 1669 816
internal_value=-0.000887166 0.0812332 -0.116908 -0.315365 0.17022 0.0984868 -0.230209
internal_weight=7978 6329 1961 1649 4368 2845 1285
internal_count=7978 6329 1961 1649 4368 2845 1285
is_linear=0
shrinkage=0.02


Tree=24
num_leaves=8
num_cat=0
split_feature=64 64 42 42 33 33 33
split_gain=655388 186928 146932 110070 58767.3 55020.4 53551.3
threshold=2.5000000000000004 3.5000000000000004 49.640000000000008 49.640000000000008 3.5000000000000004 1.5000000000000002 1.5000000000000002
decision_type=2 2 2 2 2 2 2
left_child=2 3 6 4 -2 -4 -1
right_child=1 -3 5 -5 -6 -7 -8
leaf_value=-0.60013963505362566 -0.20357981076140438 0.23266969009151212 -0.28101560114518065 0.12435580079711668 0.08912028797424186 0.017259352387428286 -0.3251456402433292
leaf_weight=448 1008 2838 406 1455 373 620 841
leaf_count=448 1008 2838 406 1455 373 620 841
internal_value=0.00235849 0.118067 -0.280882 0.00317515 -0.124487 -0.101562 -0.422671
internal_weight=7989 5674 2315 2836 1381 1026 1289
internal_count=7989 5674 2315 2836 1381 1026 1289
is_linear=0
shrinkage=0.02


Tree=25
num_leaves=8
num_cat=0
split_feature=64 64 42 42 33 33 33
split_gain=637437 189698 132718 115543 79131.6 56265.1 52238.2
threshold=2.5000000000000004 3.5000000000000004 37.290000000000006 48.405000000000008 2.5000000000000004 3.5000000000000004 1.5000000000000002
decision_type=2 2 2 2 2 2 2
left_child=2 3 -1 5 -4 -2 -5
right_child=1 -3 4 6 -6 -7 -8
leaf_value=-0.49260103117929127 -0.21635870059742568 0.23056174265490031 -0.26930915574061459 -0.092224384515167013 0.039485295129065609 0.07156313573297772 0.18372778804587395
leaf_weight=778 966 2800 1039 356 485 374 1155
leaf_count=778 966 2800 1039 356 485 374 1155
internal_value=-0.000492903 0.11379 -0.280675 -0.00109616 -0.17123 -0.136031 0.118622
internal_weight=7953 5651 2302 2851 1524 1340 1511
internal_count=7953 5651 2302 2851 1524 1340 1511
is_linear=0
shrinkage=0.02


Tree=26
num_leaves=8
num_cat=0
split_feature=64 64 41 41 33 64 41
split_gain=606851 178343 119740 108721 63695.3 50322.8 46836.8
threshold=2.5000000000000004 3.5000000000000004 53.935000000000009 41.255000000000003 1.5000000000000002 1.5000000000000002 51.705000000000005
decision_type=2 2 2 2 2 2 2
left_child=2 3 5 -2 -5 -1 -3
right_child=1 6 -4 4 -6 -7 -8
leaf_value=-0.5908178823972865 -0.18083953541301573 0.13964712658124728 -0.092309361993686945 -0.12837659962178294 0.14490930080447684 -0.31304566738967288 0.30376407992955218
leaf_weight=358 894 1348 927 434 1535 1056 1467
leaf_count=358 894 1348 927 434 1535 1056 1467
internal_value=0.000955991 0.112671 -0.269668 0.00147429 0.0845 -0.385207 0.225561
internal_weight=8019 5678 2341 2863 1969 1414 2815
internal_count=8019 5678 2341 2863 1969 1414 2815
is_linear=0
shrinkage=0.02


Tree=27
num_leaves=8
num_cat=0
split_feature=31 42 42 33 33 33 33
split_gain=486785 206194 160988 100924 71132.8 65837.8 60622.5
threshold=1.0000000180025095e-35 47.495000000000012 33.775000000000013 1.5000000000000002 1.5000000000000002 3.5000000000000004 3.5000000000000004
decision_type=2 2 2 2 2 2 2
left_child=1 4 6 -3 -1 -4 -2
right_child=2 3 5 -5 -6 -7 -8
leaf_value=-0.5416880202709432 -0.19500185791929042 -0.2273347935358139 0.12868531312871911 0.073629710811780019 -0.25182482881077606 0.3053356441271029 0.10864924033994697
leaf_weight=543 682 725 2204 1140 936 1377 422
leaf_count=543 682 725 2204 1140 936 1377 422
internal_value=0.000399065 -0.183774 0.131912 -0.0436622 -0.359712 0.196944 -0.0789658
internal_weight=8029 3344 4685 1865 1479 3581 1104
internal_count=8029 3344 4685 1865 1479 3581 1104
is_linear=0
shrinkage=0.02


Tree=28
num_leaves=8
num_cat=0
split_feature=31 40 40 33 33 33 40
split_gain=473866 157319 148278 89779.7 87249.9 74173.6 39734.8
threshold=1.0000000180025095e-35 48.335000000000008 47.045000000000009 1.5000000000000002 3.5000000000000004 1.5000000000000002 20.080000000000002
decision_type=2 2 2 2 2 2 2
left_child=1 5 4 -3 6 -1 -2
right_child=2 3 -4 -5 -6 -7 -8
leaf_value=-0.51941839252156718 -0.33026500149090404 -0.2299217567617029 0.2326847781263934 0.05969358569660952 0.17021332822666671 -0.22508452090683084 -0.042270474837103819
leaf_weight=543 228 704 2571 1077 807 955 1091
leaf_count=543 228 704 2571 1077 807 955 1091
internal_value=0.00190208 -0.182445 0.130653 -0.0551098 0.00700753 -0.333149 -0.0931119
internal_weight=7976 3279 4697 1781 2126 1498 1319
internal_count=7976 3279 4697 1781 2126 1498 1319
is_linear=0
shrinkage=0.02


Tree=29
num_leaves=8
num_cat=0
split_feature=40 65 65 35 40 40 65
split_gain=292108 161973 126019 64284 60267.3 40361.8 38041.6
threshold=44.620000000000012 1.0000000180025095e-35 0.58571428571428574 1.0000000180025095e-35 60.230000000000011 22.095000000000002 0.69047619047619058
decision_type=2 2 2 2 2 2 2
left_child=2 -2 3 -1 6 -4 -3
right_child=1 4 5 -5 -6 -7 -8
leaf_value=-0.37066923982341993 -0.25344888580259695 0.015357915026770122 -0.20524475194024136 -0.10274684617672389 0.20817180439841057 0.028490368134577029 0.21878470134817893
leaf_weight=1035 477 1720 383 554 2151 1236 463
leaf_count=1035 477 1720 383 554 2151 1236 463
internal_value=-0.00394694 0.0945888 -0.151637 -0.277874 0.133142 -0.027265 0.0589048
internal_weight=8019 4811 3208 1589 4334 1619 2183
internal_count=8019 4811 3208 1589 4334 1619 2183
is_linear=0
shrinkage=0.02


Tree=30
num_leaves=8
num_cat=0
split_feature=64 64 40 40 33 33 33
split_gain=535111 164389 107474 96538.8 53748.9 49181 43956.6
threshold=2.5000000000000004 3.5000000000000004 45.705000000000005 44.620000000000012 2.5000000000000004 1.5000000000000002 3.5000000000000004
decision_type=2 2 2 2 2 2 2
left_child=2 3 -1 6 -4 -5 -2
right_child=1 -3 4 5 -6 -7 -8
leaf_value=-0.39746811111779834 -0.22824153567423916 0.21146712526403458 -0.21255759381953801 -0.10088090394756623 0.077221146180218941 0.14737464425333907 0.053560410380170571
leaf_weight=1118 794 2827 836 415 365 1336 304
leaf_count=1118 794 2827 836 415 365 1336 304
internal_value=-0.00102829 0.103559 -0.256689 -0.00369846 -0.124535 0.0884165 -0.150331
internal_weight=7995 5676 2319 2849 1201 1751 1098
internal_count=7995 5676 2319 2849 1201 1751 1098
is_linear=0
shrinkage=0.02


Tree=31
num_leaves=8
num_cat=0
split_feature=64 64 42 41 66 66 42
split_gain=532215 160821 127143 94878.2 64739.8 53874 40212.8
threshold=2.5000000000000004 3.5000000000000004 58.725000000000009 52.735000000000007 0.31250000000000006 0.31250000000000006 51.925000000000004
decision_type=2 2 2 2 2 2 2
left_child=2 3 4 5 -1 -2 -3
right_child=1 6 -4 -5 -6 -7 -8
leaf_value=-0.4371020716032839 -0.23177704599916543 0.13187363078538047 -0.015866158584930245 0.12638736717607496 -0.17186119465394689 0.0030002428712671463 0.28435648497850124
leaf_weight=1094 718 1327 642 1288 568 851 1477
leaf_count=1094 718 1327 642 1288 568 851 1477
internal_value=0.000798897 0.105098 -0.255139 -0.000554763 -0.347242 -0.104833 0.212557
internal_weight=7965 5661 2304 2857 1662 1569 2804
internal_count=7965 5661 2304 2857 1662 1569 2804
is_linear=0
shrinkage=0.02


Tree=32
num_leaves=8
num_cat=0
split_feature=64 64 41 41 41 33 33
split_gain=507186 150606 103091 98358.6 47978.1 45740.3 43729.7
threshold=2.5000000000000004 3.5000000000000004 52.095000000000006 49.000000000000007 33.495000000000012 2.5000000000000004 1.5000000000000002
decision_type=2 2 2 2 2 2 2
left_child=2 3 5 -2 -3 -1 -4
right_child=1 4 6 -5 -6 -7 -8
leaf_value=-0.45054828708873312 -0.12633986374223807 0.020162827829145608 -0.26367463592008539 0.10686936505840741 0.23880945182482824 -0.19712126196294347 0.011513294104053239
leaf_weight=894 1377 486 375 1513 2329 435 588
leaf_count=894 1377 486 375 1513 2329 435 588
internal_value=-0.00377881 0.0971816 -0.254743 -0.00427426 0.201164 -0.368648 -0.0964556
internal_weight=7997 5705 2292 2890 2815 1329 963
internal_count=7997 5705 2292 2890 2815 1329 963
is_linear=0
shrinkage=0.02


Tree=33
num_leaves=8
num_cat=0
split_feature=64 42 33 42 64 33 33
split_gain=501775 143039 123064 112622 59331.3 45854.2 45480.2
threshold=2.5000000000000004 57.025000000000013 2.5000000000000004 57.605000000000011 1.5000000000000002 1.5000000000000002 3.5000000000000004
decision_type=2 2 2 2 2 2 2
left_child=3 2 -2 4 -1 -3 -6
right_child=1 5 -4 -5 6 -7 -8
leaf_value=-0.54340961353958772 -0.14097389085821063 0.017921855694249918 0.10994545339077413 -0.038115116965942893 -0.31378408346127606 0.26357164831705121 0.042076930615831822
leaf_weight=419 1228 363 2132 722 1051 1888 165
leaf_count=419 1228 363 2132 722 1051 1888 165
internal_value=-0.00196278 0.100903 0.0181672 -0.246536 -0.338176 0.224085 -0.265522
internal_weight=7968 5611 3360 2357 1635 2251 1216
internal_count=7968 5611 3360 2357 1635 2251 1216
is_linear=0
shrinkage=0.02


Tree=34
num_leaves=8
num_cat=0
split_feature=31 42 42 66 66 66 66
split_gain=415154 184325 135836 67980.8 59004.4 57395.2 45234.4
threshold=1.0000000180025095e-35 47.495000000000012 39.165000000000006 0.18750000000000003 0.43750000000000006 0.18750000000000003 0.43750000000000006
decision_type=2 2 2 2 2 2 2
left_child=1 5 4 -3 -2 -1 -4
right_child=2 3 6 -5 -6 -7 -8
leaf_value=-0.48764249987241365 -0.13378944534066531 -0.18725373251489597 0.13409436211726874 0.065403786254412316 0.12335007687315191 -0.23308678090517285 0.28838948004154119
leaf_weight=583 929 690 1964 1096 573 942 1254
leaf_count=583 929 690 1964 1096 573 942 1254
internal_value=0.000977154 -0.170567 0.121365 -0.0324577 -0.0356092 -0.331678 0.194575
internal_weight=8031 3311 4720 1786 1502 1525 3218
internal_count=8031 3311 4720 1786 1502 1525 3218
is_linear=0
shrinkage=0.02


Tree=35
num_leaves=8
num_cat=0
split_feature=64 64 42 42 33 64 41
split_gain=456712 136866 99627.2 88206.2 49002.9 46588.5 35548.8
threshold=2.5000000000000004 3.5000000000000004 54.705000000000005 49.640000000000008 1.5000000000000002 1.5000000000000002 51.955000000000005
decision_type=2 2 2 2 2 2 2
left_child=2 3 5 4 -2 -1 -3
right_child=1 6 -4 -5 -6 -7 -8
leaf_value=-0.51741126004810867 -0.36020581786236711 0.12331087083779631 -0.053040435704698158 0.11027054668836125 -0.055723046713391754 -0.26278450417722055 0.26718933201017953
leaf_weight=396 254 1353 786 1446 1166 1123 1424
leaf_count=396 254 1353 786 1446 1166 1123 1424
internal_value=0.00061228 0.0975084 -0.236302 0.000507687 -0.11126 -0.330645 0.197437
internal_weight=7948 5643 2305 2866 1420 1519 2777
internal_count=7948 5643 2305 2866 1420 1519 2777
is_linear=0
shrinkage=0.02


Tree=36
num_leaves=8
num_cat=0
split_feature=64 33 41 41 33 40 64
split_gain=458325 129769 103345 89717.6 64545.7 60629.8 28905.1
threshold=2.5000000000000004 2.5000000000000004 43.845000000000006 48.655000000000008 2.5000000000000004 37.090000000000011 1.5000000000000002
decision_type=2 2 2 2 2 2 2
left_child=2 3 -1 -2 6 -3 -4
right_child=1 5 4 -5 -6 -7 -8
leaf_value=-0.38977259349660837 -0.1781890963666676 0.030566828798615331 -0.41055516607802489 0.083244615633436714 0.07585293748014503 0.21931645573261019 -0.15094029153372801
leaf_weight=992 900 921 227 1246 445 2624 707
leaf_count=992 900 921 227 1246 445 2624 707
internal_value=-0.00116797 0.0961667 -0.234507 -0.0265561 -0.12181 0.170391 -0.215887
internal_weight=8062 5691 2371 2146 1379 3545 934
internal_count=8062 5691 2371 2146 1379 3545 934
is_linear=0
shrinkage=0.02


Tree=37
num_leaves=8
num_cat=0
split_feature=64 66 42 42 64 66 42
split_gain=428385 128579 115917 100002 52925.2 51168.3 35373.9
threshold=2.5000000000000004 0.43750000000000006 57.605000000000011 57.605000000000011 3.5000000000000004 0.31250000000000006 24.880000000000006
decision_type=2 2 2 2 2 2 2
left_child=3 2 4 5 6 -1 -2
right_child=1 -3 -4 -5 -6 -7 -8
leaf_value=-0.39453399500109165 -0.36018813529592608 0.2280339704729259 0.1645777485859794 -0.028753862429467692 0.053869275847686582 -0.1555960896985078 -0.094689985905378457
leaf_weight=1068 243 1911 1456 708 900 553 1090
leaf_count=1068 243 1911 1456 708 900 553 1090
internal_value=0.000307737 0.0951116 0.0260389 -0.22736 -0.0644596 -0.31375 -0.144254
internal_weight=7929 5600 3689 2329 2233 1621 1333
internal_count=7929 5600 3689 2329 2233 1621 1333
is_linear=0
shrinkage=0.02


Tree=38
num_leaves=8
num_cat=0
split_feature=64 42 66 42 42 66 66
split_gain=410003 118931 112818 93025.1 55445.7 54574.1 46199.4
threshold=2.5000000000000004 61.195000000000007 0.43750000000000006 41.625000000000007 24.880000000000006 0.18750000000000003 0.18750000000000003
decision_type=2 2 2 2 2 2 2
left_child=3 2 4 -1 -2 -5 -6
right_child=1 -3 -4 5 6 -7 -8
leaf_value=-0.37689743888375787 -0.27426583198497173 0.2229004659346881 0.17687336070037557 -0.27256872487920658 -0.19897699959116 -0.012609131566449392 0.035295698392159534
leaf_weight=943 375 1861 1317 536 416 803 1677
leaf_count=943 375 1861 1317 536 416 803 1677
internal_value=0.000780191 0.0922201 0.0277582 -0.225162 -0.0520109 -0.117298 -0.0116311
internal_weight=7928 5646 3785 2282 2468 1339 2093
internal_count=7928 5646 3785 2282 2468 1339 2093
is_linear=0
shrinkage=0.02


Tree=39
num_leaves=8
num_cat=0
split_feature=64 64 42 41 66 66 66
split_gain=399787 125904 92046.5 74748 65663.1 38835.1 36581.8
threshold=2.5000000000000004 3.5000000000000004 34.475000000000001 48.655000000000008 0.31250000000000006 0.18750000000000003 0.43750000000000006
decision_type=2 2 2 2 2 2 2
left_child=2 3 -1 6 -4 -5 -2
right_child=1 -3 4 5 -6 -7 -8
leaf_value=-0.41713080777016254 -0.17474772414317605 0.18335867370467679 -0.22601842381402681 -0.089366992356128064 0.044436445617115225 0.14726890279759292 0.06240451263179634
leaf_weight=678 993 2840 1126 360 524 1164 349
leaf_count=678 993 2840 1126 360 524 1164 349
internal_value=-0.00101176 0.0891064 -0.221612 -0.00444745 -0.140254 0.0912612 -0.113071
internal_weight=8034 5706 2328 2866 1650 1524 1342
internal_count=8034 5706 2328 2866 1650 1524 1342
is_linear=0
shrinkage=0.02


Tree=40
num_leaves=8
num_cat=0
split_feature=64 64 64 33 33 33 33
split_gain=384238 115084 90859.5 55502.4 43224.4 27794.8 24253.6
threshold=2.5000000000000004 3.5000000000000004 1.5000000000000002 1.5000000000000002 2.5000000000000004 3.5000000000000004 3.5000000000000004
decision_type=2 2 2 2 2 2 2
left_child=2 3 -1 -2 -4 -3 -5
right_child=1 5 4 6 -6 -7 -8
leaf_value=-0.4362414568644214 -0.17211099307878033 0.12211545351564576 -0.21784967680021061 0.0019211365194840397 -0.012913489802149427 0.2493970573955577 0.1448932243736139
leaf_weight=561 592 1539 1149 1588 641 1263 672
leaf_count=561 592 1539 1149 1588 641 1263 672
internal_value=-0.000433053 0.0889176 -0.215048 -0.000559041 -0.144702 0.17983 0.0446592
internal_weight=8005 5654 2351 2852 1790 2802 2260
internal_count=8005 5654 2351 2852 1790 2802 2260
is_linear=0
shrinkage=0.02


Tree=41
num_leaves=8
num_cat=0
split_feature=42 65 42 65 65 43 42
split_gain=252157 135831 94133.7 61928.1 57798.1 28449.8 24917.6
threshold=33.20000000000001 1.0000000180025095e-35 61.685000000000009 0.58571428571428574 0.69047619047619058 1.0000000180025095e-35 67.205000000000013
decision_type=2 2 2 2 2 2 2
left_child=3 6 4 -1 5 -3 -2
right_child=1 2 -4 -5 -6 -7 -8
leaf_value=-0.32926079292300559 -0.32050627508081364 -0.13092404972945354 0.19372845507179115 -0.091134681070584242 0.17443091919657122 0.019161685236052151 -0.030285129438127792
leaf_weight=870 393 665 2176 883 808 2050 170
leaf_count=870 393 665 2176 883 808 2050 170
internal_value=0.00175811 0.0611347 0.0904615 -0.209915 0.0264939 -0.0177727 -0.233911
internal_weight=8015 6262 5699 1753 3523 2715 563
internal_count=8015 6262 5699 1753 3523 2715 563
is_linear=0
shrinkage=0.02


Tree=42
num_leaves=8
num_cat=0
split_feature=31 42 42 66 66 42 40
split_gain=314206 146826 120070 81233.4 48026.5 43733 40280
threshold=1.0000000180025095e-35 57.605000000000011 29.405000000000005 0.18750000000000003 0.43750000000000006 20.675000000000004 59.065000000000005
decision_type=2 2 2 2 2 2 2
left_child=1 3 -2 -1 6 -5 -4
right_child=2 -3 4 5 -6 -7 -8
leaf_value=-0.40962893077117002 -0.11071605564695862 0.027243496379653939 0.033250586400779845 -0.45023098127360933 0.24485242581961492 -0.10611753143582559 0.20259522257916263
leaf_weight=786 829 1209 1462 166 1450 1135 910
leaf_count=786 829 1209 1462 166 1450 1135 910
internal_value=0.00115316 -0.148109 0.106975 -0.249512 0.154276 -0.15158 0.0985079
internal_weight=7947 3296 4651 2087 3822 1301 2372
internal_count=7947 3296 4651 2087 3822 1301 2372
is_linear=0
shrinkage=0.02


Tree=43
num_leaves=8
num_cat=0
split_feature=64 64 64 45 47 47 64
split_gain=349010 107390 78063.2 35675.8 25919.3 22123.1 16082.8
threshold=2.5000000000000004 3.5000000000000004 1.5000000000000002 1.0000000180025095e-35 5.5000000000000009 5.5000000000000009 4.5000000000000009
decision_type=2 2 2 2 2 2 2
left_child=2 3 -1 -2 -4 -5 -3
right_child=1 6 4 5 -6 -7 -8
leaf_value=-0.41551987347331987 0.07415322325916833 0.14471048184915947 -0.22505583686710895 -0.15881214555913786 -0.072922267124056819 -0.004817165102124603 0.2592598320267675
leaf_weight=538 1305 2211 814 626 1005 914 643
leaf_count=538 1305 2211 814 626 1005 914 643
internal_value=-0.000299892 0.0843587 -0.204742 -0.00263043 -0.141432 -0.0677265 0.170926
internal_weight=8056 5699 2357 2845 1819 1540 2854
internal_count=8056 5699 2357 2845 1819 1540 2854
is_linear=0
shrinkage=0.02


Tree=44
num_leaves=8
num_cat=0
split_feature=64 41 33 33 33 41 41
split_gain=343745 111196 79183.6 60266.9 56631.6 44919.3 35772.3
threshold=2.5000000000000004 41.735000000000007 2.5000000000000004 1.5000000000000002 3.5000000000000004 54.105000000000011 48.485000000000007
decision_type=2 2 2 2 2 2 2
left_child=2 4 5 -3 -2 -1 -4
right_child=1 3 6 -5 -6 -7 -8
leaf_value=-0.36997314015012178 -0.13071551254628397 -0.04231712714921803 -0.16596466469088397 0.17710092307089118 0.10892837197179636 -0.14711750207706717 0.10696948310506699
leaf_weight=952 1130 586 396 3368 600 598 364
leaf_count=952 1130 586 396 3368 600 598 364
internal_value=0.00250473 0.0861121 -0.202962 0.14457 -0.0475276 -0.284744 -0.0353988
internal_weight=7994 5684 2310 3954 1730 1550 760
internal_count=7994 5684 2310 3954 1730 1550 760
is_linear=0
shrinkage=0.02


Tree=45
num_leaves=8
num_cat=0
split_feature=64 41 41 33 33 34 33
split_gain=313364 106201 76494.7 66878.9 55790.9 38058.4 30281.1
threshold=2.5000000000000004 48.105000000000011 52.095000000000006 2.5000000000000004 1.5000000000000002 2.5000000000000004 1.5000000000000002
decision_type=2 2 2 2 2 2 2
left_child=2 3 5 -2 -3 -1 -4
right_child=1 4 6 -5 -6 -7 -8
leaf_value=-0.33579609294480428 -0.15818367469558278 -0.040770949737461863 -0.19934482296627104 0.059297424403576597 0.18966115818676493 -0.015766810953447764 0.027087895464250781
leaf_weight=1158 886 494 384 1544 2752 171 599
leaf_count=1158 886 494 384 1544 2752 171 599
internal_value=-0.0001287 0.0798207 -0.196154 -0.0201601 0.154584 -0.294832 -0.0619272
internal_weight=7988 5676 2312 2430 3246 1329 983
internal_count=7988 5676 2312 2430 3246 1329 983
is_linear=0
shrinkage=0.02


Tree=46
num_leaves=8
num_cat=0
split_feature=31 41 41 33 33 33 33
split_gain=295785 134914 103871 68441.3 47558 28774 25151.9
threshold=1.0000000180025095e-35 41.255000000000003 41.965000000000011 1.5000000000000002 3.5000000000000004 3.5000000000000004 1.5000000000000002
decision_type=2 2 2 2 2 2 2
left_child=1 6 4 -3 -2 -4 -1
right_child=2 3 5 -5 -6 -7 -8
leaf_value=-0.45811536021140448 -0.1132316916910085 -0.19583755295102795 0.12200689340867962 0.03068348424219838 0.10950889342842392 0.24674258434394472 -0.25040773352502649
leaf_weight=396 985 859 1933 1392 621 1216 631
leaf_count=396 985 859 1933 1392 621 1216 631
internal_value=0.00309441 -0.142949 0.103818 -0.0560012 -0.0270309 0.170489 -0.332329
internal_weight=8033 3278 4755 2251 1606 3149 1027
internal_count=8033 3278 4755 2251 1606 3149 1027
is_linear=0
shrinkage=0.02


Tree=47
num_leaves=8
num_cat=0
split_feature=31 40 40 33 33 33 40
split_gain=274680 118435 103538 53629.4 35863.1 35493.6 32053.6
threshold=1.0000000180025095e-35 44.620000000000012 36.405000000000008 1.5000000000000002 3.5000000000000004 3.5000000000000004 61.355000000000011
decision_type=2 2 2 2 2 2 2
left_child=1 4 -2 -3 -1 6 -4
right_child=2 3 5 -5 -6 -7 -8
leaf_value=-0.33122960437149557 -0.058318066896648479 -0.17327240205580732 0.043840058597534544 0.03942328913264919 -0.023993505996825929 0.23625452117224832 0.20544769659129331
leaf_weight=1106 1227 768 1326 1223 177 1331 778
leaf_count=1106 1227 768 1326 1223 177 1331 778
internal_value=0.000644021 -0.139643 0.0992082 -0.0428496 -0.289102 0.15548 0.103943
internal_weight=7936 3274 4662 1991 1283 3435 2104
internal_count=7936 3274 4662 1991 1283 3435 2104
is_linear=0
shrinkage=0.02


Tree=48
num_leaves=8
num_cat=0
split_feature=31 42 42 33 42 33 42
split_gain=288184 122148 99429.7 75015.1 46612.5 36418.1 34625
threshold=1.0000000180025095e-35 63.540000000000006 33.20000000000001 1.5000000000000002 28.025000000000002 3.5000000000000004 60.115000000000009
decision_type=2 2 2 2 2 2 2
left_child=1 3 -2 -1 -5 6 -4
right_child=2 -3 5 4 -6 -7 -8
leaf_value=-0.35512075242613328 -0.069628649988158972 0.061612925676829279 0.034785950245262084 -0.33978674129057451 -0.068515157873576829 0.22999782793123957 0.19348243509989174
leaf_weight=930 1055 869 1336 318 1194 1412 933
leaf_count=930 1055 869 1336 318 1194 1412 933
internal_value=0.00126006 -0.141764 0.101294 -0.214115 -0.1265 0.15031 0.100323
internal_weight=8047 3311 4736 2442 1512 3681 2269
internal_count=8047 3311 4736 2442 1512 3681 2269
is_linear=0
shrinkage=0.02


Tree=49
num_leaves=8
num_cat=0
split_feature=66 42 42 42 66 66 42
split_gain=262828 151714 92159 61892.4 43525.7 35849.2 37880.7
threshold=0.31250000000000006 39.675000000000004 25.265000000000004 69.175000000000026 0.18750000000000003 0.56250000000000011 57.025000000000013
decision_type=2 2 2 2 2 2 2
left_child=1 -1 -2 4 -3 6 -4
right_child=2 3 5 -5 -6 -7 -8
leaf_value=-0.31564938304143331 -0.12777413011446517 -0.20701035793603628 0.051111135403907888 0.12019157657864785 -0.011228198556119904 0.26963192182129936 0.19556420569831054
leaf_weight=1130 574 818 1711 712 1015 725 1263
leaf_count=1130 574 818 1711 712 1015 725 1263
internal_value=0.00058157 -0.123344 0.107184 -0.0375078 -0.098924 0.143767 0.112683
internal_weight=7948 3675 4273 2545 1833 3699 2974
internal_count=7948 3675 4273 2545 1833 3699 2974
is_linear=0
shrinkage=0.02


Tree=50
num_leaves=8
num_cat=0
split_feature=64 64 40 40 64 66 34
split_gain=281775 99565.6 73913.1 72580 38513.2 32233.7 25132.2
threshold=2.5000000000000004 3.5000000000000004 55.135000000000012 37.755000000000003 1.5000000000000002 0.18750000000000003 1.5000000000000002
decision_type=2 2 2 2 2 2 2
left_child=2 3 4 -2 -1 -5 -6
right_child=1 -3 -4 5 6 -7 -8
leaf_value=-0.43874762015011082 -0.17111536098582711 0.15908944104304551 -0.0276801755744722 -0.089216521154828518 -0.29026355141401289 0.096974680766687929 -0.09933212135896087
leaf_weight=394 791 2788 765 481 640 1587 495
leaf_count=394 791 2788 765 481 640 1587 495
internal_value=-0.00177531 0.0741602 -0.188456 -0.00879307 -0.268544 0.0535574 -0.207795
internal_weight=7941 5647 2294 2859 1529 2068 1135
internal_count=7941 5647 2294 2859 1529 2068 1135
is_linear=0
shrinkage=0.02


Tree=51
num_leaves=8
num_cat=0
split_feature=31 42 42 42 34 42 34
split_gain=248033 132324 88923.7 50410.3 31293.9 31230.5 26629.5
threshold=1.0000000180025095e-35 57.375000000000007 33.775000000000013 28.025000000000002 1.5000000000000002 60.115000000000009 2.5000000000000004
decision_type=2 2 2 2 2 2 2
left_child=1 3 6 -1 -5 -4 -2
right_child=2 -3 5 4 -6 -7 -8
leaf_value=-0.40561388347590233 -0.13049713153896175 0.031816540288165211 0.094377595915567117 -0.24399214470845668 -0.058254582359393438 0.21397112076796407 0.075701977350602023
leaf_weight=492 734 1245 2142 941 595 1488 375
leaf_count=492 734 1245 2142 941 595 1488 375
internal_value=0.00334642 -0.130442 0.0957877 -0.229887 -0.172465 0.143628 -0.0607456
internal_weight=8012 3273 4739 2028 1536 3630 1109
internal_count=8012 3273 4739 2028 1536 3630 1109
is_linear=0
shrinkage=0.02


Tree=52
num_leaves=8
num_cat=0
split_feature=33 42 42 42 33 40 40
split_gain=234762 133921 89537.8 54820 33975 33738.1 29375
threshold=2.5000000000000004 57.605000000000011 25.265000000000004 32.330000000000005 1.0000000180025095e-35 56.695000000000007 68.00500000000001
decision_type=2 2 2 2 2 2 2
left_child=1 3 -2 -1 -5 -4 -3
right_child=2 6 5 4 -6 -7 -8
leaf_value=-0.35891515349753117 -0.12737747270744076 -0.043922205499243853 0.085277163624914359 -0.4023290093718348 -0.11358453431919678 0.20874996387445963 0.14275505031059024
leaf_weight=693 596 750 2168 180 1462 1506 605
leaf_count=693 596 750 2168 180 1462 1506 605
internal_value=-0.00169344 -0.118447 0.0992221 -0.210078 -0.146363 0.136105 0.0396466
internal_weight=7960 3690 4270 2335 1642 3674 1355
internal_count=7960 3690 4270 2335 1642 3674 1355
is_linear=0
shrinkage=0.02


Tree=53
num_leaves=8
num_cat=0
split_feature=66 40 40 40 66 66 66
split_gain=221418 120489 82030 57811.5 41392.8 26527.4 21742.7
threshold=0.31250000000000006 62.045000000000009 36.615000000000002 30.150000000000002 1.0000000180025095e-35 0.56250000000000011 0.56250000000000011
decision_type=2 2 2 2 2 2 2
left_child=1 3 5 -1 -5 -2 -4
right_child=2 -3 6 4 -6 -7 -8
leaf_value=-0.36222552432483868 -0.08416330680341251 0.070180780824426525 0.12675089654094643 -0.39184882256214926 -0.10276487766010417 0.16435217799153179 0.25907655440553834
leaf_weight=564 987 1044 2470 218 1861 203 627
leaf_count=564 987 1044 2470 218 1861 203 627
internal_value=0.00206942 -0.111492 0.0997531 -0.183251 -0.133945 -0.0412592 0.153915
internal_weight=7974 3687 4287 2643 2079 1190 3097
internal_count=7974 3687 4287 2643 2079 1190 3097
is_linear=0
shrinkage=0.02


Tree=54
num_leaves=8
num_cat=0
split_feature=64 64 64 40 42 42 33
split_gain=268610 86307.5 69196.1 64199.7 52219.1 33487.6 26901.4
threshold=2.5000000000000004 3.5000000000000004 1.5000000000000002 53.865000000000002 34.475000000000001 24.000000000000004 1.5000000000000002
decision_type=2 2 2 2 2 2 2
left_child=2 3 -1 5 -4 -2 -6
right_child=1 -3 4 -5 6 -7 -8
leaf_value=-0.37480022345153297 -0.26483736022889059 0.15520961235956568 -0.29380017246110074 0.11107561441691555 -0.17275597777371143 -0.037174589595579205 0.019030230285695001
leaf_weight=547 316 2821 480 1187 450 1338 817
leaf_count=547 316 2821 480 1187 450 1338 817
internal_value=0.00298233 0.0769519 -0.179358 -0.000891122 -0.117268 -0.0813371 -0.0494977
internal_weight=7956 5662 2294 2841 1747 1654 1267
internal_count=7956 5662 2294 2841 1747 1654 1267
is_linear=0
shrinkage=0.02


Tree=55
num_leaves=8
num_cat=0
split_feature=33 44 33 33 44 47 47
split_gain=217012 70274.8 52364.2 49929 44004.5 30755.6 21207.3
threshold=2.5000000000000004 1.0000000180025095e-35 1.0000000180025095e-35 4.5000000000000009 1.0000000180025095e-35 5.5000000000000009 4.5000000000000009
decision_type=2 2 2 2 2 2 2
left_child=1 -1 -3 4 -2 -4 -6
right_child=3 2 5 -5 6 -7 -8
leaf_value=-0.27990233645877372 -0.080303954100399685 -0.30438347886760908 -0.11961609824939881 0.23593767551128866 0.015876053869380135 0.018820575381396337 0.13513312805848116
leaf_weight=773 679 324 1068 832 861 1595 1947
leaf_count=773 679 324 1068 832 861 1595 1947
internal_value=0.000487274 -0.110529 -0.0663026 0.0971509 0.0637459 -0.0368198 0.0986593
internal_weight=8079 3760 2987 4319 3487 2663 2808
internal_count=8079 3760 2987 4319 3487 2663 2808
is_linear=0
shrinkage=0.02


Tree=56
num_leaves=8
num_cat=0
split_feature=64 64 64 33 34 47 52
split_gain=242318 78838.7 61940.6 41215.1 33279.8 22162.5 21158
threshold=2.5000000000000004 3.5000000000000004 1.5000000000000002 1.5000000000000002 2.5000000000000004 5.5000000000000009 33.375000000000007
decision_type=2 2 2 2 2 2 2
left_child=2 3 -1 -2 5 -4 -5
right_child=1 -3 4 6 -6 -7 -8
leaf_value=-0.35674946924426537 -0.14990957334061691 0.14532605733716994 -0.23384278161673869 -0.077226936630615334 0.095970509528540651 -0.079622283240222996 0.068658542226495242
leaf_weight=550 603 2813 681 510 255 834 1746
leaf_count=550 603 2813 681 510 255 834 1746
internal_value=-0.000178795 0.0702542 -0.172156 -0.00373456 -0.113953 -0.149486 0.0355813
internal_weight=7992 5672 2320 2859 1770 1515 2256
internal_count=7992 5672 2320 2859 1770 1515 2256
is_linear=0
shrinkage=0.02


Tree=57
num_leaves=8
num_cat=0
split_feature=31 41 41 41 41 10 52
split_gain=230007 98764.2 85590 30671.6 25892.2 16101.2 15465.4
threshold=1.0000000180025095e-35 43.845000000000006 36.045000000000009 61.400000000000006 62.095000000000006 31456.450000000004 52.635000000000012
decision_type=2 2 2 2 2 2 2
left_child=1 5 -2 6 -4 -1 -3
right_child=2 3 4 -5 -6 -7 -8
leaf_value=-0.34039531216262908 -0.064576440485041006 -0.17285015050541552 0.092770813292048934 0.039704738319747974 0.204707769922884 -0.18769962929863865 -0.028437250326360141
leaf_weight=685 1137 724 2244 895 1320 503 504
leaf_count=685 1137 724 2244 895 1320 503 504
internal_value=-0.00359725 -0.131174 0.0863011 -0.0492237 0.134458 -0.276801 -0.113935
internal_weight=8012 3311 4701 2123 3564 1188 1228
internal_count=8012 3311 4701 2123 3564 1188 1228
is_linear=0
shrinkage=0.02


Tree=58
num_leaves=8
num_cat=0
split_feature=64 42 33 42 42 33 33
split_gain=229823 125955 105663 42459.8 34870.2 31631.9 25673.4
threshold=3.5000000000000004 26.455000000000002 1.5000000000000002 63.540000000000006 77.75500000000001 3.5000000000000004 3.5000000000000004
decision_type=2 2 2 2 2 2 2
left_child=1 6 4 5 -3 -4 -1
right_child=-2 2 3 -5 -6 -7 -8
leaf_value=-0.35945054906369051 0.14429268627921188 -0.22924352351156199 -0.064831716470005185 0.14436142768504895 0.1017059876616687 0.10600911917684436 -0.076164464879178717
leaf_weight=666 2838 1104 1646 870 141 583 162
leaf_count=666 2838 1104 1646 870 141 583 162
internal_value=-0.000181687 -0.079521 -0.0362772 0.0262927 -0.191506 -0.0200107 -0.304815
internal_weight=8010 5172 4344 3099 1245 2229 828
internal_count=8010 5172 4344 3099 1245 2229 828
is_linear=0
shrinkage=0.02


Tree=59
num_leaves=8
num_cat=0
split_feature=64 64 64 31 28 64 25
split_gain=221618 74738.5 60268.3 18925.2 12225.4 11859.5 9435.98
threshold=2.5000000000000004 3.5000000000000004 1.5000000000000002 1.0000000180025095e-35 1.0000000180025095e-35 4.5000000000000009 1.0000000180025095e-35
decision_type=2 2 2 2 2 2 2
left_child=2 3 -1 6 -4 -3 -2
right_child=1 5 4 -5 -6 -7 -8
leaf_value=-0.34538920225249192 -0.1126869556009349 0.11618491701248862 -0.13835502983214407 0.038548875119711702 -0.017966477450631235 0.21447377913266696 -0.0008182272862924157
leaf_weight=560 704 2170 1319 1638 455 646 525
leaf_count=560 704 2170 1319 1638 455 646 525
internal_value=-0.00140362 0.0659866 -0.165281 -0.00591675 -0.107615 0.139073 -0.0650962
internal_weight=8017 5683 2334 2867 1774 2816 1229
internal_count=8017 5683 2334 2867 1774 2816 1229
is_linear=0
shrinkage=0.02


Tree=60
num_leaves=8
num_cat=0
split_feature=31 42 41 33 42 33 42
split_gain=191010 107692 79948.4 37338.8 31366.7 30193.3 26613.2
threshold=1.0000000180025095e-35 46.090000000000011 33.735000000000007 1.5000000000000002 17.205000000000002 3.5000000000000004 68.115000000000023
decision_type=2 2 2 2 2 2 2
left_child=1 4 -2 -3 -1 6 -4
right_child=2 3 5 -5 -6 -7 -8
leaf_value=-0.47432807851896108 -0.079062795154816401 -0.1303018951393172 0.038062572563566391 0.050601030052568871 -0.20826156335681056 0.195314032572839 0.19370430572520672
leaf_weight=209 982 737 1711 1181 1195 1435 588
leaf_count=209 982 737 1711 1181 1195 1435 588
internal_value=-0.000583366 -0.116649 0.0812115 -0.0190698 -0.249411 0.123411 0.078204
internal_weight=8038 3322 4716 1918 1404 3734 2299
internal_count=8038 3322 4716 1918 1404 3734 2299
is_linear=0
shrinkage=0.02


Tree=61
num_leaves=8
num_cat=0
split_feature=31 41 41 41 44 41 44
split_gain=190308 98793.4 66402.9 32277.5 23680.9 22623.5 19691.8
threshold=1.0000000180025095e-35 41.255000000000003 36.045000000000009 71.350000000000009 1.0000000180025095e-35 62.095000000000006 1.0000000180025095e-35
decision_type=2 2 2 2 2 2 2
left_child=1 -1 6 4 -3 -4 -2
right_child=2 3 5 -5 -6 -7 -8
leaf_value=-0.27532724893619853 -0.19571054023575341 -0.22901313022962388 0.086752538555606939 0.10910905119809121 -0.044276732845314852 0.19175913593229463 -0.0025329152505363575
leaf_weight=1041 278 335 2253 455 1533 1302 831
leaf_count=1041 278 335 2253 455 1533 1302 831
internal_value=0.00065338 -0.11391 0.0833182 -0.0411391 -0.0779296 0.125426 -0.051619
internal_weight=8028 3364 4664 2323 1868 3555 1109
internal_count=8028 3364 4664 2323 1868 3555 1109
is_linear=0
shrinkage=0.02


Tree=62
num_leaves=8
num_cat=0
split_feature=31 42 42 42 65 40 42
split_gain=184450 93098.7 71552 40028.4 36704.3 33962.8 22269.6
threshold=1.0000000180025095e-35 41.625000000000007 25.265000000000004 77.75500000000001 0.22500000000000003 56.285000000000004 20.205000000000002
decision_type=2 2 2 2 2 2 2
left_child=1 6 -2 4 -3 -4 -1
right_child=2 3 5 -5 -6 -7 -8
leaf_value=-0.42644316862761278 -0.11680151284807058 -0.256314823821853 0.062417181639106679 0.15948187764584162 -0.031062612397873682 0.18037856504534844 -0.21084031862659719
leaf_weight=252 624 353 2299 343 1519 1703 875
leaf_count=252 624 353 2299 343 1519 1703 875
internal_value=-3.86536e-05 -0.113157 0.0817162 -0.0376579 -0.0741077 0.112777 -0.26072
internal_weight=7968 3342 4626 2215 1872 4002 1127
internal_count=7968 3342 4626 2215 1872 4002 1127
is_linear=0
shrinkage=0.02


Tree=63
num_leaves=8
num_cat=0
split_feature=33 40 40 40 33 31 33
split_gain=182737 97218.8 68996.5 40119.7 26647.7 25965.4 23246.4
threshold=2.5000000000000004 45.705000000000005 36.615000000000002 71.345000000000013 1.5000000000000002 1.0000000180025095e-35 4.5000000000000009
decision_type=2 2 2 2 2 2 2
left_child=1 5 6 4 -3 -1 -2
right_child=2 3 -4 -5 -6 -7 -8
leaf_value=-0.3003952550288832 -0.082070770513017463 -0.16050562427561407 0.13740371739803961 0.12048681388831377 0.0021033419043357884 -0.12855859405749923 0.15066658155276227
leaf_weight=861 983 731 3101 590 891 613 203
leaf_count=861 983 731 3101 590 891 613 203
internal_value=-0.000892544 -0.104077 0.0878445 -0.0200983 -0.071449 -0.229609 -0.0417693
internal_weight=7973 3686 4287 2212 1622 1474 1186
internal_count=7973 3686 4287 2212 1622 1474 1186
is_linear=0
shrinkage=0.02


Tree=64
num_leaves=8
num_cat=0
split_feature=33 40 40 40 33 41 33
split_gain=172173 96965.4 65106.2 43475.4 35773.2 31894.5 25512.1
threshold=2.5000000000000004 62.045000000000009 22.675000000000004 22.675000000000004 1.5000000000000002 55.735000000000007 4.5000000000000009
decision_type=2 2 2 2 2 2 2
left_child=1 3 -2 -1 -5 6 -4
right_child=2 -3 5 4 -6 -7 -8
leaf_value=-0.38579184400734462 -0.14793356795019519 0.063221329368023424 0.029154485985060107 -0.22448526552581363 -0.065898295722324779 0.17788917053551725 0.20492488202829787
leaf_weight=312 426 1028 1804 1008 1312 1648 400
leaf_count=312 426 1028 1804 1008 1312 1648 400
internal_value=-0.000648815 -0.101277 0.0854603 -0.165524 -0.135136 0.11143 0.0614464
internal_weight=7938 3660 4278 2632 2320 3852 2204
internal_count=7938 3660 4278 2632 2320 3852 2204
is_linear=0
shrinkage=0.02


Tree=65
num_leaves=8
num_cat=0
split_feature=33 42 42 42 31 41 33
split_gain=172609 103388 68614.9 52091.4 39766.7 27058.6 20579.5
threshold=2.5000000000000004 64.565000000000012 25.265000000000004 32.330000000000005 1.0000000180025095e-35 53.520000000000003 4.5000000000000009
decision_type=2 2 2 2 2 2 2
left_child=1 3 -2 -1 -5 6 -4
right_child=2 -3 5 4 -6 -7 -8
leaf_value=-0.30821072137210054 -0.11529698594717559 0.077862495021855771 0.032100891214744173 -0.18313023491634328 -0.002879031278183944 0.17209293587604341 0.20255241139353009
leaf_weight=726 586 955 1540 1215 818 1810 343
leaf_count=726 586 955 1540 1215 818 1810 343
internal_value=-0.00150664 -0.101195 0.0850355 -0.163202 -0.110789 0.116937 0.0636039
internal_weight=7993 3714 4279 2759 2033 3693 1883
internal_count=7993 3714 4279 2759 2033 3693 1883
is_linear=0
shrinkage=0.02


Tree=66
num_leaves=8
num_cat=0
split_feature=64 41 64 66 41 66 34
split_gain=193840 65111.9 57742.7 41770.5 40162.7 30641.3 19396.2
threshold=2.5000000000000004 36.045000000000009 1.5000000000000002 0.18750000000000003 48.485000000000007 0.31250000000000006 2.5000000000000004
decision_type=2 2 2 2 2 2 2
left_child=2 5 -1 -3 6 -2 -4
right_child=1 3 4 -5 -6 -7 -8
leaf_value=-0.33652512774496862 -0.20624871251642282 -0.051471543607931436 -0.23492937893173435 0.12176422294040563 -0.0051237938485553004 0.004834663170176722 0.033883584994216294
leaf_weight=540 418 649 743 3810 883 786 124
leaf_count=540 418 649 743 3810 883 786 124
internal_value=-0.00149072 0.0613001 -0.156563 0.0965206 -0.100231 -0.0689983 -0.196509
internal_weight=7953 5663 2290 4459 1750 1204 867
internal_count=7953 5663 2290 4459 1750 1204 867
is_linear=0
shrinkage=0.02


Tree=67
num_leaves=8
num_cat=0
split_feature=64 41 42 64 64 33 33
split_gain=197269 70479.2 57272.7 40606.1 35651 25920.4 23785.6
threshold=2.5000000000000004 33.495000000000012 33.20000000000001 1.5000000000000002 3.5000000000000004 3.5000000000000004 2.5000000000000004
decision_type=2 2 2 2 2 2 2
left_child=2 5 -1 -4 -3 -2 -5
right_child=1 4 3 6 -6 -7 -8
leaf_value=-0.31558128351586845 -0.15958995393076258 0.040422605922419697 -0.27560893812087267 -0.10281855654388666 0.15127635968435055 0.050204613770319997 0.073658749646645913
leaf_weight=636 666 2291 376 870 2357 360 465
leaf_count=636 666 2291 376 870 2357 360 465
internal_value=-0.000159026 0.0636318 -0.154184 -0.0934462 0.0967387 -0.0860913 -0.0413035
internal_weight=8021 5674 2347 1711 4648 1026 1335
internal_count=8021 5674 2347 1711 4648 1026 1335
is_linear=0
shrinkage=0.02


Tree=68
num_leaves=8
num_cat=0
split_feature=64 42 33 64 42 33 33
split_gain=173038 101320 66839.5 44880.2 39691.5 23795.3 23482.1
threshold=3.5000000000000004 57.375000000000007 3.5000000000000004 1.5000000000000002 23.475000000000005 1.5000000000000002 1.0000000180025095e-35
decision_type=2 2 2 2 2 2 2
left_child=1 2 3 -1 -5 -6 -3
right_child=-2 6 -4 4 5 -7 -8
leaf_value=-0.37831122289078412 0.12645041989512226 -0.18467287809327246 0.045999711974577452 -0.3075250170160464 -0.20457516660483868 -0.052855795448214886 0.077193375334654216
leaf_weight=375 2797 145 674 467 608 1287 1602
leaf_count=375 2797 145 674 467 608 1287 1602
internal_value=-8.88988e-05 -0.0687627 -0.132134 -0.176004 -0.143154 -0.101944 0.0549936
internal_weight=7955 5158 3411 2737 2362 1895 1747
internal_count=7955 5158 3411 2737 2362 1895 1747
is_linear=0
shrinkage=0.02


Tree=69
num_leaves=8
num_cat=0
split_feature=31 42 42 42 65 42 42
split_gain=154446 82948 62581.9 31404.6 28513 24882 23675.7
threshold=1.0000000180025095e-35 45.07500000000001 34.475000000000001 79.600000000000009 0.22500000000000003 21.795000000000005 60.115000000000009
decision_type=2 2 2 2 2 2 2
left_child=1 5 -2 4 -3 -1 -4
right_child=2 3 6 -5 -6 -7 -8
leaf_value=-0.3841575136741654 -0.056098904208051456 -0.22535116593804469 0.071209032328433966 0.16613405227661132 -0.015227967061661452 -0.17661213610605953 0.17570971413302544
leaf_weight=300 1119 313 2085 299 1381 1055 1495
leaf_count=300 1119 313 2085 299 1381 1055 1495
internal_value=0.000334885 -0.103382 0.0742637 -0.0211526 -0.0546013 -0.223807 0.115032
internal_weight=8047 3348 4699 1993 1694 1355 3580
internal_count=8047 3348 4699 1993 1694 1355 3580
is_linear=0
shrinkage=0.02


Tree=70
num_leaves=8
num_cat=0
split_feature=33 41 42 33 40 33 44
split_gain=150272 90956.5 43760 40675.3 33633.4 32846.1 30083.5
threshold=1.5000000000000002 35.760000000000012 58.725000000000009 3.5000000000000004 65.725000000000009 4.5000000000000009 1.0000000180025095e-35
decision_type=2 2 2 2 2 2 2
left_child=2 5 -1 4 -3 6 -2
right_child=1 3 -4 -5 -6 -7 -8
leaf_value=-0.24776906128007228 -0.30191834010814428 0.001887034710692984 -0.030447408153852662 0.16247332228651698 0.14957807847495161 0.14811000990930029 -0.076583655711108353
leaf_weight=1070 314 2329 568 1692 834 186 944
leaf_count=1070 314 2329 568 1692 834 186 944
internal_value=-0.00237741 0.0420236 -0.172732 0.0834604 0.0410039 -0.097102 -0.1338
internal_weight=7937 6299 1638 4855 3163 1444 1258
internal_count=7937 6299 1638 4855 3163 1444 1258
is_linear=0
shrinkage=0.02


Tree=71
num_leaves=8
num_cat=0
split_feature=64 42 42 33 64 33 33
split_gain=153375 54700 49058 43416.5 28704.2 21235.7 19710.6
threshold=2.5000000000000004 49.640000000000008 34.475000000000001 2.5000000000000004 1.5000000000000002 1.5000000000000002 4.5000000000000009
decision_type=2 2 2 2 2 2 2
left_child=2 3 -1 -2 -4 -3 -5
right_child=1 5 4 6 -6 -7 -8
leaf_value=-0.27726027261031616 -0.12144363240186686 -0.0072747687776030211 -0.23981153015869069 0.013067462495039801 -0.033166183237957093 0.13711517678784813 0.17687233960731549
leaf_weight=690 913 484 335 1349 1296 2554 371
leaf_count=690 913 484 335 1349 1296 2554 371
internal_value=0.000331556 0.0563835 -0.136449 -0.0103442 -0.0762134 0.114137 0.0488101
internal_weight=7992 5671 2321 2633 1631 3038 1720
internal_count=7992 5671 2321 2633 1631 3038 1720
is_linear=0
shrinkage=0.02


Tree=72
num_leaves=8
num_cat=0
split_feature=64 33 64 64 33 34 46
split_gain=165369 50569.2 40933.6 26806.4 25258.4 17121 14589
threshold=2.5000000000000004 3.5000000000000004 1.5000000000000002 3.5000000000000004 3.5000000000000004 1.0000000180025095e-35 4.5000000000000009
decision_type=2 2 2 2 2 2 2
left_child=2 3 -1 5 6 -2 -4
right_child=1 -3 4 -5 -6 -7 -8
leaf_value=-0.29339753912450794 -0.18225837680776763 0.13988729321093005 -0.19427209375047053 0.077623670794893906 0.097580255274386976 -0.01010591608810776 -0.071203595126557689
leaf_weight=540 258 1961 673 1559 233 1910 915
leaf_count=540 258 1961 673 1559 233 1910 915
internal_value=-0.000591791 0.057814 -0.141125 0.0145007 -0.0952901 -0.0309649 -0.123807
internal_weight=8049 5688 2361 3727 1821 2168 1588
internal_count=8049 5688 2361 3727 1821 2168 1588
is_linear=0
shrinkage=0.02


Tree=73
num_leaves=8
num_cat=0
split_feature=64 41 41 66 66 66 40
split_gain=153745 60832.7 50204.6 34117.8 23410.3 22721 18832.8
threshold=2.5000000000000004 33.495000000000012 42.375000000000007 0.18750000000000003 0.43750000000000006 0.31250000000000006 63.125000000000007
decision_type=2 2 2 2 2 2 2
left_child=2 4 -1 -3 -2 -4 -5
right_child=1 3 5 6 -6 -7 -8
leaf_value=-0.25358838147247642 -0.15490456994678714 -0.046810417644469207 -0.11737454116011634 0.077747814781442534 0.041428370259818624 0.054217465084516948 0.17182628921518703
leaf_weight=914 663 668 980 2732 379 446 1244
leaf_count=914 663 668 980 2732 379 446 1244
internal_value=-0.00197658 0.0541795 -0.138256 0.0851588 -0.0836368 -0.063705 0.107362
internal_weight=8026 5686 2340 4644 1042 1426 3976
internal_count=8026 5686 2340 4644 1042 1426 3976
is_linear=0
shrinkage=0.02


Tree=74
num_leaves=8
num_cat=0
split_feature=64 40 64 64 40 40 40
split_gain=147744 53763.2 43907.2 38882.2 31788.9 17435.6 15518.6
threshold=2.5000000000000004 56.465000000000011 1.5000000000000002 3.5000000000000004 33.095000000000006 19.550000000000001 68.00500000000001
decision_type=2 2 2 2 2 2 2
left_child=2 3 -1 5 -4 -2 -6
right_child=1 -3 4 -5 6 -7 -8
leaf_value=-0.28920373561858476 -0.24210848716097874 0.13391255285670703 -0.22760180464515734 0.077513575099703788 -0.068489222039586545 -0.035505304235481684 0.10071914628311829
leaf_weight=542 177 2212 452 1661 1053 1629 268
leaf_count=542 177 2212 452 1661 1053 1629 268
internal_value=0.00209634 0.056992 -0.132402 0.00779326 -0.0837904 -0.0563663 -0.0339105
internal_weight=7994 5679 2315 3467 1773 1806 1321
internal_count=7994 5679 2315 3467 1773 1806 1321
is_linear=0
shrinkage=0.02


Tree=75
num_leaves=8
num_cat=0
split_feature=64 41 64 41 40 64 64
split_gain=142186 57104.8 45253.2 41526.3 25698.7 19644.3 16972.7
threshold=2.5000000000000004 58.125000000000007 3.5000000000000004 53.935000000000009 26.045000000000005 1.5000000000000002 1.5000000000000002
decision_type=2 2 2 2 2 2 2
left_child=3 2 4 5 -2 -1 -5
right_child=1 -3 -4 6 -6 -7 -8
leaf_value=-0.32444102754282095 -0.23135726648900246 0.13562938641788422 0.077437858178534297 -0.19054604257896082 -0.030725103492136668 -0.15370977309278666 0.021175489773775671
leaf_weight=368 301 2121 1766 188 1557 1061 700
leaf_count=368 301 2121 1766 188 1557 1061 700
internal_value=-1.88424e-06 0.0533396 0.00505773 -0.132092 -0.0637616 -0.198655 -0.0244644
internal_weight=8062 5745 3624 2317 1858 1429 888
internal_count=8062 5745 3624 2317 1858 1429 888
is_linear=0
shrinkage=0.02


Tree=76
num_leaves=8
num_cat=0
split_feature=33 42 33 42 42 44 42
split_gain=129039 83235.6 45457.6 42949.5 40171 30882.2 17900.3
threshold=1.5000000000000002 21.795000000000005 3.5000000000000004 68.805000000000021 66.935000000000016 1.0000000180025095e-35 33.20000000000001
decision_type=2 2 2 2 2 2 2
left_child=3 -2 4 6 5 -3 -1
right_child=1 2 -4 -5 -6 -7 -8
leaf_value=-0.33409230482470298 -0.17804934073080161 -0.14042899574795523 0.14099550840794284 0.039000227771052456 0.14006660272817298 0.02030450116150553 -0.16425696350664232
leaf_weight=340 626 601 1994 352 887 2262 984
leaf_count=340 626 601 1994 352 887 2262 984
internal_value=-0.00104562 0.0400581 0.0639624 -0.156924 0.0228681 -0.0136226 -0.208963
internal_weight=8046 6370 5744 1676 3750 2863 1324
internal_count=8046 6370 5744 1676 3750 2863 1324
is_linear=0
shrinkage=0.02


Tree=77
num_leaves=8
num_cat=0
split_feature=31 41 41 34 41 34 41
split_gain=125808 61234.7 44901.2 33889 18643.6 16647.5 16562.4
threshold=1.0000000180025095e-35 42.375000000000007 34.985000000000007 1.0000000180025095e-35 72.595000000000013 2.5000000000000004 63.395000000000003
decision_type=2 2 2 2 2 2 2
left_child=1 -1 -2 -3 -5 6 -4
right_child=2 3 5 4 -6 -7 -8
leaf_value=-0.21587441518714823 -0.049593220091667681 -0.19913768728949424 0.033230721557424396 -0.027538651704834011 0.13457269239239394 0.16109586257666844 0.14399539221441937
leaf_weight=1095 1023 397 1637 1459 347 1200 804
leaf_count=1095 1023 397 1637 1459 347 1200 804
internal_value=0.000468633 -0.093994 0.067294 -0.0330618 0.00389453 0.100158 0.0699334
internal_weight=7962 3298 4664 2203 1806 3641 2441
internal_count=7962 3298 4664 2203 1806 3641 2441
is_linear=0
shrinkage=0.02


Tree=78
num_leaves=8
num_cat=0
split_feature=64 41 66 41 41 66 41
split_gain=125411 83101.9 53632.6 21338.5 19226.4 18687 17097.5
threshold=3.5000000000000004 34.985000000000007 0.18750000000000003 59.930000000000007 63.675000000000004 0.43750000000000006 29.290000000000003
decision_type=2 2 2 2 2 2 2
left_child=1 5 4 -4 -3 -1 -2
right_child=6 2 3 -5 -6 -7 -8
leaf_value=-0.24286646352328942 -0.028146382944809423 -0.18691697177521643 -0.0113522644965416 0.10170990080563205 -0.012759865828383685 -0.043827286544910145 0.12519599789221331
leaf_weight=971 328 770 1739 1078 378 237 2454
leaf_count=971 328 770 1739 1078 378 237 2454
internal_value=-0.00107461 -0.0592967 -0.0149608 0.0320175 -0.129877 -0.204158 0.107099
internal_weight=7955 5173 3965 2817 1148 1208 2782
internal_count=7955 5173 3965 2817 1148 1208 2782
is_linear=0
shrinkage=0.02


Tree=79
num_leaves=8
num_cat=0
split_feature=64 41 64 33 41 41 33
split_gain=130007 53280.4 48344.2 27536.2 27043.1 24865.5 17752.2
threshold=2.5000000000000004 33.255000000000003 1.5000000000000002 3.5000000000000004 48.485000000000007 62.095000000000006 3.5000000000000004
decision_type=2 2 2 2 2 2 2
left_child=2 6 -1 5 -4 -3 -2
right_child=1 3 4 -5 -6 -7 -8
leaf_value=-0.28939057330789858 -0.14220561321628722 0.0010690135189024741 -0.1529634902419178 0.14606768883063911 0.0021120157121131806 0.11822704812740548 0.034511591071027449
leaf_weight=552 660 1989 898 1587 896 1135 343
leaf_count=552 660 1989 898 1587 896 1135 343
internal_value=-0.00130442 0.050165 -0.126505 0.0783397 -0.0757216 0.0437553 -0.0819015
internal_weight=8060 5714 2346 4711 1794 3124 1003
internal_count=8060 5714 2346 4711 1794 3124 1003
is_linear=0
shrinkage=0.02


Tree=80
num_leaves=8
num_cat=0
split_feature=64 64 34 52 52 34 65
split_gain=126517 67699.8 40552.6 19944.6 17429.2 8558.93 8509.08
threshold=3.5000000000000004 1.5000000000000002 1.5000000000000002 45.045000000000009 32.615000000000002 2.5000000000000004 0.22500000000000003
decision_type=2 2 2 2 2 2 2
left_child=1 -1 3 -3 -4 -2 -5
right_child=5 2 4 6 -6 -7 -8
leaf_value=-0.27229288781830369 0.079178463214752304 -0.15787119500843205 -0.076798574574615655 -0.13233805568138887 0.05387028389968232 0.15172264782964426 -0.011794732731421995
leaf_weight=533 1748 1059 524 303 1788 1057 983
leaf_count=533 1748 1059 524 303 1788 1057 983
internal_value=-0.0013737 -0.0598496 -0.0352693 -0.0937822 0.0241532 0.106736 -0.040599
internal_weight=7995 5190 4657 2345 2312 2805 1286
internal_count=7995 5190 4657 2345 2312 2805 1286
is_linear=0
shrinkage=0.02


Tree=81
num_leaves=8
num_cat=0
split_feature=42 34 34 42 42 40 34
split_gain=99433.8 60412.9 33150.1 26128 25348.9 24689.2 16225.1
threshold=49.640000000000008 1.5000000000000002 1.5000000000000002 26.455000000000002 77.75500000000001 21.625000000000004 3.5000000000000004
decision_type=2 2 2 2 2 2 2
left_child=1 3 4 -1 -2 -3 -7
right_child=2 5 -4 -5 -6 6 -8
leaf_value=-0.29303729915585786 -0.035690849313566642 -0.14663505638357335 0.11912367269878001 -0.11501888018863461 0.14742948729264271 0.00048598108193081415 0.16136713818363521
leaf_weight=445 1404 396 2240 1289 380 1554 294
leaf_count=445 1404 396 2240 1289 380 1554 294
internal_value=-0.00207204 -0.0729338 0.0679833 -0.161415 0.00361763 -0.00435493 0.0264471
internal_weight=8002 3978 4024 1734 1784 2244 1848
internal_count=8002 3978 4024 1734 1784 2244 1848
is_linear=0
shrinkage=0.02


Tree=82
num_leaves=8
num_cat=0
split_feature=66 66 66 46 66 16 46
split_gain=112220 55024.9 22396.3 18065.6 11826.9 10330.7 10315.8
threshold=0.18750000000000003 0.43750000000000006 1.0000000180025095e-35 5.5000000000000009 0.56250000000000011 0.50305000000000011 5.5000000000000009
decision_type=2 2 2 2 2 2 2
left_child=2 3 -1 5 -3 -2 -4
right_child=1 4 6 -5 -6 -7 -8
leaf_value=-0.27749592779529186 -0.083009351500841558 0.080267288683749299 -0.16060840902948958 0.039253503189277027 0.17601829603216601 0.0027445368373437838 -0.045609976505358266
leaf_weight=402 1253 1389 654 1862 833 1015 603
leaf_count=402 1253 1389 654 1862 833 1015 603
internal_value=-0.00192824 0.0363467 -0.148145 -0.0068537 0.116478 -0.0447102 -0.105841
internal_weight=8011 6352 1659 4130 2222 2268 1257
internal_count=8011 6352 1659 4130 2222 2268 1257
is_linear=0
shrinkage=0.02


Tree=83
num_leaves=8
num_cat=0
split_feature=31 42 41 42 44 44 34
split_gain=110410 61515.7 43308.6 30956.4 25102.9 20638.5 20386.5
threshold=1.0000000180025095e-35 64.565000000000012 32.395000000000003 24.880000000000006 1.0000000180025095e-35 1.0000000180025095e-35 1.0000000180025095e-35
decision_type=2 2 2 2 2 2 2
left_child=1 3 -2 -1 -5 -4 -6
right_child=2 -3 5 4 6 -7 -8
leaf_value=-0.30316599396857047 -0.070082861115467424 0.056251073637224772 -0.0076685219426570863 -0.24452898493092709 -0.22032703411591151 0.11041967763510244 -0.040350757224234014
leaf_weight=391 839 849 729 433 305 3131 1359
leaf_count=391 839 849 729 433 305 3131 1359
internal_value=-0.00260681 -0.0905023 0.0598422 -0.140593 -0.109631 0.0881365 -0.0739004
internal_weight=8036 3337 4699 2488 2097 3860 1664
internal_count=8036 3337 4699 2488 2097 3860 1664
is_linear=0
shrinkage=0.02


Tree=84
num_leaves=8
num_cat=0
split_feature=31 44 44 65 52 33 33
split_gain=102395 43306.2 32542.5 30808.7 18514.8 15425.1 14456.4
threshold=1.0000000180025095e-35 1.0000000180025095e-35 1.0000000180025095e-35 1.0000000180025095e-35 52.635000000000012 3.5000000000000004 4.5000000000000009
decision_type=2 2 2 2 2 2 2
left_child=1 -1 5 -3 -5 -2 -4
right_child=2 3 6 4 -6 -7 -8
leaf_value=-0.22873627757991266 -0.10268818791936336 -0.19593209966261943 0.068558338988556997 -0.067709563920641647 0.049990448818805704 0.059519992733915006 0.17926349411986781
leaf_weight=679 632 471 3147 1268 917 367 554
leaf_count=679 632 471 3147 1268 917 367 554
internal_value=-0.0020882 -0.0867732 0.0580304 -0.050119 -0.0183119 -0.0430985 0.0853492
internal_weight=8035 3335 4700 2656 2185 999 3701
internal_count=8035 3335 4700 2656 2185 999 3701
is_linear=0
shrinkage=0.02


Tree=85
num_leaves=8
num_cat=0
split_feature=31 64 52 64 33 52 44
split_gain=107415 43794 29327.4 28043.7 19216.1 15166.1 10617.1
threshold=1.0000000180025095e-35 1.5000000000000002 38.885000000000012 3.5000000000000004 1.0000000180025095e-35 42.635000000000012 1.0000000180025095e-35
decision_type=2 2 2 2 2 2 2
left_child=1 -1 -3 5 -4 -2 -6
right_child=3 2 4 -5 6 -7 -8
leaf_value=-0.26164702726755201 -0.051696784810123901 -0.14988910550103404 -0.19695246521475279 0.10863444012361752 -0.11143679996656757 0.053337452412436898 0.028908485705195025
leaf_weight=487 922 918 198 2405 247 1347 1489
leaf_count=487 922 918 198 2405 247 1347 1489
internal_value=-0.000742556 -0.0873063 -0.0571305 0.0611238 -0.0128283 0.0106373 0.00867731
internal_weight=8013 3339 2852 4674 1934 2269 1736
internal_count=8013 3339 2852 4674 1934 2269 1736
is_linear=0
shrinkage=0.02


Tree=86
num_leaves=8
num_cat=0
split_feature=33 42 42 40 33 33 42
split_gain=101516 66965 42699.1 30754.1 20372 18425.6 18715.3
threshold=2.5000000000000004 39.675000000000004 23.475000000000005 72.305000000000021 1.0000000180025095e-35 4.5000000000000009 63.755000000000003
decision_type=2 2 2 2 2 2 2
left_child=1 -1 -2 4 -3 6 -4
right_child=2 3 5 -5 -6 -7 -8
leaf_value=-0.20391348426799261 -0.10476592081048609 -0.23675359702652454 0.033017840060558849 0.11279204310071199 -0.034630679432158924 0.17549920761271526 0.14180398070616015
leaf_weight=1162 523 219 2150 536 1849 755 894
leaf_count=1162 523 219 2150 536 1849 755 894
internal_value=-0.00216068 -0.0780124 0.0639469 -0.0215476 -0.0565548 0.0872804 0.0651477
internal_weight=8088 3766 4322 2604 2068 3799 3044
internal_count=8088 3766 4322 2604 2068 3799 3044
is_linear=0
shrinkage=0.02


Tree=87
num_leaves=8
num_cat=0
split_feature=33 40 40 40 33 33 40
split_gain=101245 67184.9 40595.7 31752.2 24580.8 15680.5 12548.4
threshold=2.5000000000000004 62.045000000000009 37.090000000000011 30.150000000000002 1.0000000180025095e-35 4.5000000000000009 20.705000000000002
decision_type=2 2 2 2 2 2 2
left_child=1 3 5 -1 -5 6 -2
right_child=2 -3 -4 4 -6 -7 -8
leaf_value=-0.26090552525224836 -0.18069219209220763 0.058096900436225118 0.1024870179329643 -0.28400480267948208 -0.069842074832797293 0.12255790793328059 -0.022917585045679558
leaf_weight=584 277 1040 3070 238 1887 205 714
leaf_count=584 277 1040 3070 238 1887 205 714
internal_value=-0.00257664 -0.0783475 0.0640252 -0.13074 -0.0944387 -0.0347176 -0.0677038
internal_weight=8015 3749 4266 2709 2125 1196 991
internal_count=8015 3749 4266 2709 2125 1196 991
is_linear=0
shrinkage=0.02


Tree=88
num_leaves=8
num_cat=0
split_feature=31 40 40 40 40 66 66
split_gain=96652.4 49022.2 42156.6 21537.7 17941 18018.4 17730.4
threshold=1.0000000180025095e-35 45.705000000000005 27.805000000000003 72.305000000000021 61.355000000000011 0.43750000000000006 0.43750000000000006
decision_type=2 2 2 2 2 2 2
left_child=1 6 -2 -3 5 -4 -1
right_child=2 3 4 -5 -6 -7 -8
leaf_value=-0.20104087339623614 -0.087529526018387011 -0.053303052927665691 0.013975208708877439 0.10481219321754834 0.14502423785923088 0.12058037523529493 0.011592788986257605
leaf_weight=1188 663 1478 1670 444 1303 1019 180
leaf_count=1188 663 1478 1670 444 1303 1019 180
internal_value=0.00105911 -0.0818467 0.0596791 -0.0165998 0.0842068 0.0545222 -0.173122
internal_weight=7945 3290 4655 1922 3992 2689 1368
internal_count=7945 3290 4655 1922 3992 2689 1368
is_linear=0
shrinkage=0.02


Tree=89
num_leaves=8
num_cat=0
split_feature=33 44 44 33 33 46 33
split_gain=91462.9 41868.6 27341.1 27259.5 14786.3 13331.6 12722
threshold=2.5000000000000004 1.0000000180025095e-35 1.0000000180025095e-35 1.0000000180025095e-35 4.5000000000000009 4.5000000000000009 4.5000000000000009
decision_type=2 2 2 2 2 2 2
left_child=1 -1 6 -3 -4 -5 -2
right_child=2 3 4 5 -6 -7 -8
leaf_value=-0.20210694853173589 -0.076983062362688356 -0.20681471083346487 0.067730436028685406 -0.071872606142309364 0.17248188879519405 0.020972279385243448 0.11650965814555393
leaf_weight=778 678 331 2794 1010 668 1580 165
leaf_count=778 678 331 2794 1010 668 1580 165
internal_value=0.000678723 -0.0722055 0.0633144 -0.0373204 0.088162 -0.0153024 -0.0386472
internal_weight=8004 3699 4305 2921 3462 2590 843
internal_count=8004 3699 4305 2921 3462 2590 843
is_linear=0
shrinkage=0.02


Tree=90
num_leaves=8
num_cat=0
split_feature=31 40 40 40 33 40 33
split_gain=89814.6 48928.6 44750.4 21140.6 17661.5 15964.1 16440.4
threshold=1.0000000180025095e-35 42.615000000000002 27.805000000000003 71.345000000000013 2.5000000000000004 59.065000000000005 3.5000000000000004
decision_type=2 2 2 2 2 2 2
left_child=1 -1 -2 4 -3 6 -4
right_child=2 3 5 -5 -6 -7 -8
leaf_value=-0.18035266420242738 -0.093451862767097341 -0.099965889695128901 0.010698079642121898 0.096180020053870982 0.039902018078866959 0.13267171531814462 0.11586253780412746
leaf_weight=1201 674 1109 1560 475 531 1541 957
leaf_count=1201 674 1109 1560 475 531 1541 957
internal_value=0.00106116 -0.0786852 0.0569683 -0.0206642 -0.0546958 0.0820361 0.0508336
internal_weight=8048 3316 4732 2115 1640 4058 2517
internal_count=8048 3316 4732 2115 1640 4058 2517
is_linear=0
shrinkage=0.02


Tree=91
num_leaves=8
num_cat=0
split_feature=33 42 42 42 33 64 40
split_gain=92716.8 64928.3 36955.5 30583.2 27377 16903.5 15876.4
threshold=1.5000000000000002 25.265000000000004 68.805000000000021 63.540000000000006 3.5000000000000004 3.5000000000000004 29.540000000000003
decision_type=2 2 2 2 2 2 2
left_child=2 5 6 4 -3 -2 -1
right_child=1 3 -4 -5 -6 -7 -8
leaf_value=-0.33446066347801162 -0.18769885681227458 -0.010594700274237511 0.046755683125300304 0.12967654664817638 0.1019114661261431 0.0068769651769849532 -0.14905314485618504
leaf_weight=225 583 2512 357 1717 1314 256 1073
leaf_count=225 583 2512 357 1717 1314 256 1073
internal_value=0.000224528 0.0348341 -0.13294 0.0596715 0.028127 -0.12864 -0.182352
internal_weight=8037 6382 1655 5543 3826 839 1298
internal_count=8037 6382 1655 5543 3826 839 1298
is_linear=0
shrinkage=0.02


Tree=92
num_leaves=8
num_cat=0
split_feature=66 40 40 66 40 44 44
split_gain=81379.5 61849.3 26778.4 21502.4 20209.9 17096.1 16236.2
threshold=0.18750000000000003 36.135000000000012 70.995000000000019 0.43750000000000006 59.065000000000005 1.0000000180025095e-35 1.0000000180025095e-35
decision_type=2 2 2 2 2 2 2
left_child=2 3 6 -2 5 -3 -1
right_child=1 4 -4 -5 -6 -7 -8
leaf_value=-0.2955290401167523 -0.12723331167322099 -0.068267827494730426 0.059936081551527243 0.026657152123776059 0.11722844709835158 0.058316961431884487 -0.12505195801357796
leaf_weight=284 1052 528 257 551 2008 2145 1074
leaf_count=284 1052 528 257 551 2008 2145 1074
internal_value=8.54812e-05 0.0326461 -0.126318 -0.0744181 0.0693503 0.0332318 -0.161657
internal_weight=7899 6284 1615 1603 4681 2673 1358
internal_count=7899 6284 1615 1603 4681 2673 1358
is_linear=0
shrinkage=0.02


Tree=93
num_leaves=8
num_cat=0
split_feature=33 40 41 42 33 44 42
split_gain=79345.9 58752.6 34416 27525.6 26644.4 16725.3 16077.8
threshold=1.5000000000000002 31.265000000000004 63.395000000000003 68.115000000000023 3.5000000000000004 1.0000000180025095e-35 10.480000000000002
decision_type=2 2 2 2 2 2 2
left_child=2 6 -1 4 5 -3 -2
right_child=1 3 -4 -5 -6 -7 -8
leaf_value=-0.17957082161857116 -0.25642824098033812 -0.10378933390262571 0.026559279149828047 0.14067476179564545 0.10402034098614235 0.021067508627089261 -0.062263765610048337
leaf_weight=1235 201 543 437 1239 1348 1974 1029
leaf_count=1235 201 543 437 1239 1348 1974 1029
internal_value=-0.00344259 0.0289241 -0.125777 0.0588285 0.0324433 -0.0060206 -0.0949028
internal_weight=8006 6334 1672 5104 3865 2517 1230
internal_count=8006 6334 1672 5104 3865 2517 1230
is_linear=0
shrinkage=0.02


Tree=94
num_leaves=8
num_cat=0
split_feature=31 44 44 65 33 43 33
split_gain=84240.2 36120.8 25345.5 21991 13724.7 13844.1 13302.1
threshold=1.0000000180025095e-35 1.0000000180025095e-35 1.0000000180025095e-35 1.0000000180025095e-35 3.5000000000000004 1.0000000180025095e-35 4.5000000000000009
decision_type=2 2 2 2 2 2 2
left_child=1 -1 6 -3 5 -5 -2
right_child=2 3 -4 4 -6 -7 -8
leaf_value=-0.2085825808212205 -0.070785442247507296 -0.16306650704357048 0.077000816882849696 -0.13820902203865559 0.098934046863712835 -0.0075565066923420025 0.13162409441125009
leaf_weight=673 803 502 3726 421 341 1363 150
leaf_count=673 803 502 3726 421 341 1363 150
internal_value=-0.00107462 -0.0783894 0.0534793 -0.0447028 -0.016424 -0.0386888 -0.038406
internal_weight=7979 3300 4679 2627 2125 1784 953
internal_count=7979 3300 4679 2627 2125 1784 953
is_linear=0
shrinkage=0.02


Tree=95
num_leaves=8
num_cat=0
split_feature=41 31 42 31 44 34 44
split_gain=79979.9 54453.2 32725.5 27858.5 17950.5 15175.5 14271.4
threshold=34.600000000000009 1.0000000180025095e-35 72.320000000000007 1.0000000180025095e-35 1.0000000180025095e-35 1.0000000180025095e-35 1.0000000180025095e-35
decision_type=2 2 2 2 2 2 2
left_child=3 2 4 -1 -2 -6 -5
right_child=1 -3 -4 6 5 -7 -8
leaf_value=-0.22275779451304673 -0.18938200708461442 0.079712670621423676 0.1016237421594525 -0.18037247609547388 -0.16950407029161882 -0.015977922523669925 -0.013055274015384928
leaf_weight=681 427 3673 524 274 312 1380 761
leaf_count=681 427 3673 524 274 312 1380 761
internal_value=-0.00296991 0.0299426 -0.0392433 -0.123844 -0.074235 -0.0447037 -0.0580041
internal_weight=8032 6316 2643 1716 2119 1692 1035
internal_count=8032 6316 2643 1716 2119 1692 1035
is_linear=0
shrinkage=0.02


Tree=96
num_leaves=8
num_cat=0
split_feature=64 40 66 40 40 40 66
split_gain=80735.1 59315.9 35179.9 17934.8 14640 12361.8 11751.2
threshold=3.5000000000000004 35.605000000000011 0.18750000000000003 65.520000000000024 22.675000000000004 68.00500000000001 0.43750000000000006
decision_type=2 2 2 2 2 2 2
left_child=1 4 5 6 -1 -3 -4
right_child=-2 2 3 -5 -6 -7 -8
leaf_value=-0.24188610331586272 0.086159333673837518 -0.13896994349974562 -0.025862077291818168 0.11963432934098314 -0.10604494122128104 0.011596265518695217 0.085480100856727276
leaf_weight=531 2843 832 1490 702 816 294 503
leaf_count=531 2843 832 1490 702 816 294 503
internal_value=0.000643579 -0.0464378 -0.00614454 0.0330895 -0.160291 -0.0997795 0.00238243
internal_weight=8011 5168 3821 2695 1347 1126 1993
internal_count=8011 5168 3821 2695 1347 1126 1993
is_linear=0
shrinkage=0.02


Tree=97
num_leaves=8
num_cat=0
split_feature=42 33 42 33 33 44 42
split_gain=79872.1 57211.4 25605.2 24342.8 23646.2 20761.9 19466.9
threshold=27.665000000000003 1.5000000000000002 72.320000000000007 3.5000000000000004 3.5000000000000004 1.0000000180025095e-35 77.75500000000001
decision_type=2 2 2 2 2 2 2
left_child=3 6 4 -1 5 -3 -2
right_child=1 2 -4 -5 -6 -7 -8
leaf_value=-0.20362880412801673 -0.11600154549470462 -0.10527727214893715 0.14870335112650443 -0.0029500716619971974 0.097575985912398203 0.02770751582664761 0.1033622508093635
leaf_weight=901 1242 586 949 330 1534 2281 182
leaf_count=901 1242 586 949 330 1534 2281 182
internal_value=-0.00220327 0.024757 0.0547438 -0.150061 0.0343373 0.000390151 -0.0877013
internal_weight=8005 6774 5350 1231 4401 2867 1424
internal_count=8005 6774 5350 1231 4401 2867 1424
is_linear=0
shrinkage=0.02


Tree=98
num_leaves=8
num_cat=0
split_feature=41 33 33 31 41 41 33
split_gain=72900 40030.4 39536.5 16523.7 14323.8 13725.7 12906.9
threshold=41.495000000000012 3.5000000000000004 1.5000000000000002 1.0000000180025095e-35 63.395000000000003 60.905000000000008 3.5000000000000004
decision_type=2 2 2 2 2 2 2
left_child=1 3 4 -1 -2 6 -4
right_child=2 -3 5 -5 -6 -7 -8
leaf_value=-0.19597318018686502 -0.11917852181785828 0.042465744749462006 0.0036419626335777422 -0.076141081058812066 0.026796476749461486 0.11096375352878111 0.1003389329766274
leaf_weight=916 690 690 1534 941 436 1861 858
leaf_count=916 690 690 1534 941 436 1861 858
internal_value=0.000660314 -0.0873852 0.042393 -0.135618 -0.0627868 0.0702808 0.0384637
internal_weight=7926 2547 5379 1857 1126 4253 2392
internal_count=7926 2547 5379 1857 1126 4253 2392
is_linear=0
shrinkage=0.02


Tree=99
num_leaves=8
num_cat=0
split_feature=33 42 42 42 33 44 33
split_gain=70584.9 50410.3 30490.9 24029.5 19254.4 17073 12839.3
threshold=2.5000000000000004 39.460000000000008 23.475000000000005 79.600000000000009 1.0000000180025095e-35 1.0000000180025095e-35 4.5000000000000009
decision_type=2 2 2 2 2 2 2
left_child=1 -1 6 4 -3 -6 -2
right_child=2 3 -4 -5 5 -7 -8
leaf_value=-0.17625198991763755 -0.13575572130080549 -0.20363505540562313 0.074982639677060647 0.13681924159872716 -0.13925231852862788 0.0097374985633217667 0.10832501383002745
leaf_weight=1110 422 249 3789 353 375 1613 104
leaf_count=1110 422 249 3789 353 375 1613 104
internal_value=0.000236942 -0.063812 0.0551676 -0.0153767 -0.0396449 -0.0186456 -0.0869308
internal_weight=8015 3700 4315 2590 2237 1988 526
internal_count=8015 3700 4315 2590 2237 1988 526
is_linear=0
shrinkage=0.02


Tree=100
num_leaves=8
num_cat=0
split_feature=41 66 66 40 42 66 42
split_gain=65555.5 48674.7 26353.2 20234.3 19287.1 15710.6 13577
threshold=33.735000000000007 0.18750000000000003 0.43750000000000006 59.065000000000005 77.75500000000001 0.56250000000000011 27.665000000000003
decision_type=2 2 2 2 2 2 2
left_child=2 4 6 5 -2 -3 -1
right_child=1 3 -4 -5 -6 -7 -8
leaf_value=-0.23617716537115224 -0.10894460462728185 0.0090176553277590468 0.018828946653391923 0.10873244121058891 0.10853665601520639 0.14416270121355271 -0.098608024009360362
leaf_weight=540 1143 2722 438 1916 186 389 633
leaf_count=540 1143 2722 438 1916 186 389 633
internal_value=0.000331299 0.0292294 -0.11342 0.0576841 -0.0782143 0.0261204 -0.162673
internal_weight=7967 6356 1611 5027 1329 3111 1173
internal_count=7967 6356 1611 5027 1329 3111 1173
is_linear=0
shrinkage=0.02


Tree=101
num_leaves=8
num_cat=0
split_feature=64 40 64 41 33 33 42
split_gain=74863.6 59809.1 28883.3 20542.4 14678.1 14373.8 11037.5
threshold=3.5000000000000004 35.605000000000011 1.5000000000000002 58.930000000000007 3.5000000000000004 1.0000000180025095e-35 20.205000000000002
decision_type=2 2 2 2 2 2 2
left_child=1 4 -3 5 6 -4 -1
right_child=-2 2 3 -5 -6 -7 -8
leaf_value=-0.28552919882611522 0.0820150409634363 -0.17302452150852449 -0.22137778297170893 0.070426019211396865 -0.027364106947628537 -0.013555752872819616 -0.14695370889475112
leaf_weight=340 2798 367 138 1433 278 1941 776
leaf_count=340 2798 367 138 1433 278 1941 776
internal_value=-0.00151849 -0.0458794 -0.00544002 0.0122935 -0.157986 -0.0278486 -0.190257
internal_weight=8071 5273 3879 3512 1394 2079 1116
internal_count=8071 5273 3879 3512 1394 2079 1116
is_linear=0
shrinkage=0.02


Tree=102
num_leaves=8
num_cat=0
split_feature=40 33 42 33 40 43 33
split_gain=63956.4 56814.2 22760.1 19897.6 21782 14550.1 14061.2
threshold=59.065000000000005 2.5000000000000004 26.455000000000002 4.5000000000000009 19.550000000000001 1.0000000180025095e-35 1.0000000180025095e-35
decision_type=2 2 2 2 2 2 2
left_child=1 2 -1 4 -3 -4 -2
right_child=6 3 5 -5 -6 -7 -8
leaf_value=-0.23392904386472174 -0.11767648443524484 -0.17392539587882816 -0.1673111874265899 0.12966590659857233 0.017098607848746811 -0.046880969604834767 0.092629590737931131
leaf_weight=471 130 264 549 539 2120 1480 2435
leaf_count=471 130 264 549 539 2120 1480 2435
internal_value=-0.000430642 -0.0393464 -0.109245 0.0205215 -0.0043748 -0.0797978 0.0817626
internal_weight=7988 5423 2500 2923 2384 2029 2565
internal_count=7988 5423 2500 2923 2384 2029 2565
is_linear=0
shrinkage=0.02


Tree=103
num_leaves=8
num_cat=0
split_feature=64 42 64 42 33 34 33
split_gain=70224.5 49121 34311.4 25333.3 20896.1 10055.3 9903.93
threshold=3.5000000000000004 26.455000000000002 1.5000000000000002 69.175000000000026 1.5000000000000002 3.5000000000000004 3.5000000000000004
decision_type=2 2 2 2 2 2 2
left_child=1 5 -3 4 -4 -1 -6
right_child=-2 2 3 -5 6 -7 -8
leaf_value=-0.20550849674276958 0.080384791788017176 -0.18647336322676253 -0.11171966386438513 0.099962331379178315 -0.019378292898598961 0.078192690099988665 0.072765366681778923
leaf_weight=750 2816 427 811 819 1703 51 637
leaf_count=750 2816 427 811 819 1703 51 637
internal_value=3.1405e-05 -0.0435352 -0.0172043 0.00121332 -0.024571 -0.187072 0.00580693
internal_weight=8014 5198 4397 3970 3151 801 2340
internal_count=8014 5198 4397 3970 3151 801 2340
is_linear=0
shrinkage=0.02


Tree=104
num_leaves=8
num_cat=0
split_feature=40 41 52 10 40 38 10
split_gain=60944.8 32938.4 15642.1 10697.3 9358.66 8457.48 7746.57
threshold=27.805000000000003 59.930000000000007 53.57500000000001 36042.700000000004 72.590000000000018 1.0000000180025095e-35 14089.200000000003
decision_type=2 2 2 2 2 10 2
left_child=3 2 5 -1 -3 -2 -4
right_child=1 4 6 -5 -6 -7 -8
leaf_value=-0.18831407982765724 -0.086192807978713967 0.055052946512230014 -0.05605627279645338 -0.061881915785260581 0.14012963506405485 -0.012519535291963214 0.053251693435987228
leaf_weight=655 1019 1689 308 462 749 1598 1525
leaf_count=655 1019 1689 308 462 749 1598 1525
internal_value=0.000166107 0.0224165 -0.0099665 -0.13653 0.0814234 -0.0413159 0.0347821
internal_weight=8005 6888 4450 1117 2438 2617 1833
internal_count=8005 6888 4450 1117 2438 2617 1833
is_linear=0
shrinkage=0.02


Tree=105
num_leaves=8
num_cat=0
split_feature=41 31 31 42 44 44 40
split_gain=59228.6 37016 24145.6 23623.8 13125.6 13042 11594.1
threshold=34.600000000000009 1.0000000180025095e-35 1.0000000180025095e-35 64.565000000000012 1.0000000180025095e-35 1.0000000180025095e-35 18.925000000000004
decision_type=2 2 2 2 2 2 2
left_child=2 3 -1 4 -2 -3 -4
right_child=1 5 6 -5 -6 -7 -8
leaf_value=-0.19825291824783858 -0.17355586742668561 -0.0079824733052536352 -0.17752252156149992 0.059885643133702628 -0.04124642623854901 0.087575653754775371 -0.0095590308087667199
leaf_weight=666 375 706 201 824 1449 2972 817
leaf_count=666 375 706 201 824 1449 2972 817
internal_value=0.000162692 0.0282355 -0.105065 -0.0287517 -0.0688483 0.0692471 -0.0434283
internal_weight=8010 6326 1684 2648 1824 3678 1018
internal_count=8010 6326 1684 2648 1824 3678 1018
is_linear=0
shrinkage=0.02


Tree=106
num_leaves=8
num_cat=0
split_feature=33 42 44 42 42 40 33
split_gain=61645.4 43502.7 23082.5 22448.2 14803.4 13387.5 13030
threshold=1.5000000000000002 23.475000000000005 1.0000000180025095e-35 77.75500000000001 36.655000000000008 66.52500000000002 4.5000000000000009
decision_type=2 2 2 2 2 2 2
left_child=3 6 -3 4 -1 -4 -2
right_child=1 2 5 -5 -6 -7 -8
leaf_value=-0.23792629701328044 -0.14962257507645826 -0.035800007554747944 0.048126713216298501 0.10860244238150051 -0.094479409387359742 0.12897913280919457 0.090471182657633126
leaf_weight=398 630 1070 3478 166 1057 1072 102
leaf_count=398 630 1070 3478 166 1057 1072 102
internal_value=0.000635564 0.0287433 0.0476535 -0.109256 -0.134398 0.0672966 -0.11578
internal_weight=7973 6352 5620 1621 1455 4550 732
internal_count=7973 6352 5620 1621 1455 4550 732
is_linear=0
shrinkage=0.02


Tree=107
num_leaves=8
num_cat=0
split_feature=40 31 33 44 40 44 33
split_gain=57736.6 48589.8 23878.9 20373 12979.1 12583.3 9998.75
threshold=22.675000000000004 1.0000000180025095e-35 1.0000000180025095e-35 1.0000000180025095e-35 71.345000000000013 1.0000000180025095e-35 4.5000000000000009
decision_type=2 2 2 2 2 2 2
left_child=6 2 -2 -4 -5 -3 -1
right_child=1 5 3 4 -6 -7 -8
leaf_value=-0.19111637713975524 -0.19820450289060451 -0.0096364673650593778 -0.13699712596833707 -0.018995791584974046 0.11244421615784997 0.077297930740510723 0.062686143399963909
leaf_weight=673 353 826 509 1764 357 3411 66
leaf_count=673 353 826 509 1764 357 3411 66
internal_value=-0.000421502 0.0168539 -0.0449372 -0.0240286 0.00334019 0.0603588 -0.16818
internal_weight=7959 7220 2983 2630 2121 4237 739
internal_count=7959 7220 2983 2630 2121 4237 739
is_linear=0
shrinkage=0.02


Tree=108
num_leaves=8
num_cat=0
split_feature=41 66 40 31 66 42 66
split_gain=56869.1 41438 24457.4 18830.3 17237.9 13506.5 8877.54
threshold=53.705000000000005 0.43750000000000006 22.675000000000004 1.0000000180025095e-35 1.0000000180025095e-35 72.320000000000007 0.31250000000000006
decision_type=2 2 2 2 2 2 2
left_child=1 2 -1 -4 -2 6 -6
right_child=4 -3 3 -5 5 -7 -8
leaf_value=-0.2100992224299775 -0.13683930743210149 0.05153043484001614 -0.11194330559641323 -0.0088555890510208877 -0.0022319862315346144 0.13068554606323032 0.077370523913686567
leaf_weight=511 164 1248 1406 1426 980 1025 1303
leaf_count=511 164 1248 1406 1426 980 1025 1303
internal_value=-0.00049399 -0.046664 -0.083344 -0.0601425 0.0605356 0.0705126 0.0432702
internal_weight=8063 4591 3343 2832 3472 3308 2283
internal_count=8063 4591 3343 2832 3472 3308 2283
is_linear=0
shrinkage=0.02


Tree=109
num_leaves=8
num_cat=0
split_feature=64 41 40 64 41 33 33
split_gain=64101.5 28825.1 24659.6 16304.6 13803.7 17518.3 11286.4
threshold=2.5000000000000004 33.255000000000003 33.095000000000006 1.5000000000000002 62.095000000000006 1.5000000000000002 4.5000000000000009
decision_type=2 2 2 2 2 2 2
left_child=2 6 -1 -4 5 -3 -2
right_child=1 4 3 -5 -6 -7 -8
leaf_value=-0.19766523163102589 -0.086496881721365174 -0.091772387842579586 -0.16011487640458505 -0.016181910479573833 0.10112883681397566 0.048865926083872177 0.11130949535596191
leaf_weight=613 894 405 408 1330 1701 2614 128
leaf_count=613 894 405 408 1330 1701 2614 128
internal_value=-0.00123055 0.0347873 -0.0890863 -0.0503329 0.0556358 0.0298787 -0.0613014
internal_weight=8093 5742 2351 1738 4720 3019 1022
internal_count=8093 5742 2351 1738 4720 3019 1022
is_linear=0
shrinkage=0.02


Tree=110
num_leaves=8
num_cat=0
split_feature=33 40 40 33 40 44 44
split_gain=57076.9 39601.9 22008.9 17740.9 17361.6 13536.9 12847.4
threshold=1.5000000000000002 30.425000000000004 45.705000000000005 3.5000000000000004 65.990000000000023 1.0000000180025095e-35 1.0000000180025095e-35
decision_type=2 2 2 2 2 2 2
left_child=2 5 -1 4 6 -2 -3
right_child=1 3 -4 -5 -6 -7 -8
leaf_value=-0.19426053881235078 -0.19694994082975226 -0.088975455065971251 -0.045986231912222224 0.10053685031437322 0.1004919479884876 -0.038828230608968756 0.020489166079887187
leaf_weight=649 286 542 1044 1839 864 861 1981
leaf_count=649 286 542 1044 1839 864 861 1981
internal_value=-0.000183901 0.0272502 -0.103231 0.0506097 0.0233931 -0.078939 -0.00315589
internal_weight=8066 6373 1693 5226 3387 1147 2523
internal_count=8066 6373 1693 5226 3387 1147 2523
is_linear=0
shrinkage=0.02


Tree=111
num_leaves=8
num_cat=0
split_feature=33 41 44 40 40 33 34
split_gain=52186.7 51003.3 30887.4 16766.6 13706.2 11386.7 10069.1
threshold=3.5000000000000004 56.715000000000011 1.0000000180025095e-35 30.150000000000002 68.375000000000014 1.0000000180025095e-35 1.0000000180025095e-35
decision_type=2 2 2 2 2 2 2
left_child=1 2 -1 -4 5 -3 -5
right_child=-2 4 3 6 -6 -7 -8
leaf_value=-0.18453121928892605 0.083056141491051394 -0.2006610389023411 -0.13194636144492353 -0.13167758955623668 0.1111363701123874 0.022961701421452343 -0.0012594578899324384
leaf_weight=819 2213 93 672 266 799 1286 1877
leaf_count=819 2213 93 672 266 799 1286 1877
internal_value=0.000512404 -0.0309617 -0.0767893 -0.0451711 0.0455027 0.0072101 -0.0177164
internal_weight=8025 5812 3634 2815 2178 1379 2143
internal_count=8025 5812 3634 2815 2178 1379 2143
is_linear=0
shrinkage=0.02


Tree=112
num_leaves=8
num_cat=0
split_feature=64 41 64 34 41 33 52
split_gain=56829.9 42609.3 19584 15072.9 12254.5 12051.7 9671.21
threshold=3.5000000000000004 53.520000000000003 1.5000000000000002 2.5000000000000004 16.995000000000001 1.5000000000000002 60.695000000000007
decision_type=2 2 2 2 2 2 2
left_child=1 2 -1 4 -4 -3 -6
right_child=-2 5 3 -5 6 -7 -8
leaf_value=-0.22222445355723328 0.072779388235583331 -0.043656509862113627 -0.24800210068072823 0.025739163699746131 -0.10242258539055808 0.0595108848280358 0.001779775861299263
leaf_weight=372 2827 639 180 545 1446 1526 472
leaf_count=372 2827 639 180 545 1446 1526 472
internal_value=0.000728771 -0.0386253 -0.0871751 -0.0677833 -0.0920811 0.0290306 -0.0768415
internal_weight=8007 5180 3015 2643 2098 2165 1918
internal_count=8007 5180 3015 2643 2098 2165 1918
is_linear=0
shrinkage=0.02


Tree=113
num_leaves=8
num_cat=0
split_feature=64 41 33 42 64 33 42
split_gain=57528.5 46251.8 20841.6 20351 18316.1 16050.3 9446.22
threshold=1.5000000000000002 36.045000000000009 1.0000000180025095e-35 72.320000000000007 3.5000000000000004 3.5000000000000004 21.795000000000005
decision_type=2 2 2 2 2 2 2
left_child=-1 4 -3 5 6 -4 -2
right_child=1 2 3 -5 -6 -7 -8
leaf_value=-0.1957890342147971 -0.20625425064271402 -0.13565226844445927 0.0043675039689315843 0.12453774659233338 0.014503185675331048 0.087842364950051516 -0.082165725138828305
leaf_weight=554 376 249 3016 1146 566 1322 726
leaf_count=554 376 249 3016 1146 566 1322 726
internal_value=-0.000146036 0.0146211 0.0415909 0.0497548 -0.0779227 0.0298782 -0.125245
internal_weight=7955 7401 5733 5484 1668 4338 1102
internal_count=7955 7401 5733 5484 1668 4338 1102
is_linear=0
shrinkage=0.02


Tree=114
num_leaves=8
num_cat=0
split_feature=66 44 52 44 66 52 66
split_gain=48377.8 26904.5 17679.3 14083.9 10646.5 10132.4 9742.13
threshold=0.18750000000000003 1.0000000180025095e-35 32.615000000000002 1.0000000180025095e-35 0.56250000000000011 49.665000000000006 1.0000000180025095e-35
decision_type=2 2 2 2 2 2 2
left_child=3 4 -3 -1 5 -2 -5
right_child=1 2 -4 6 -6 -7 -8
leaf_value=-0.20556742630503533 -0.1322439233698931 -0.026208305187917422 0.066096585707335079 -0.15852741088360411 0.095689576207236823 -0.01247683042566353 -0.032807717793905844
leaf_weight=353 603 1042 4030 323 160 530 1009
leaf_count=353 603 1042 4030 323 160 530 1009
internal_value=0.0011312 0.0263688 0.0471262 -0.0939983 -0.0549234 -0.0765197 -0.0637726
internal_weight=8050 6365 5072 1685 1293 1133 1332
internal_count=8050 6365 5072 1685 1293 1133 1332
is_linear=0
shrinkage=0.02


Tree=115
num_leaves=8
num_cat=0
split_feature=64 64 33 52 45 52 64
split_gain=49445.1 19489.1 18374.3 16518 10983.6 8611.96 8531.92
threshold=2.5000000000000004 1.5000000000000002 4.5000000000000009 45.045000000000009 1.0000000180025095e-35 66.070000000000007 3.5000000000000004
decision_type=2 2 2 2 2 2 2
left_child=1 -1 3 6 5 -3 -2
right_child=2 4 -4 -5 -6 -7 -8
leaf_value=-0.17967594813430204 -0.06056469295170705 -0.035353488876293394 0.12324907333756441 0.049070445653902235 -0.11603271479453456 0.10193457414190063 0.020745340376906906
leaf_weight=560 1167 951 762 2877 568 221 919
leaf_count=560 1167 951 762 2877 568 221 919
internal_value=0.000669435 -0.077555 0.0321361 0.018037 -0.0442679 -0.0091425 -0.0247791
internal_weight=8025 2300 5725 4963 1740 1172 2086
internal_count=8025 2300 5725 4963 1740 1172 2086
is_linear=0
shrinkage=0.02


Tree=116
num_leaves=8
num_cat=0
split_feature=64 41 41 66 66 64 41
split_gain=51879.3 22119.6 21112.8 18577 12778 9784.43 9633.95
threshold=2.5000000000000004 45.355000000000011 62.095000000000006 0.18750000000000003 0.56250000000000011 1.5000000000000002 21.23
decision_type=2 2 2 2 2 2 2
left_child=1 -1 3 -2 6 -3 -5
right_child=2 5 -4 4 -6 -7 -8
leaf_value=-0.14806646616936758 -0.1046574981012733 -0.12679089324316009 0.091511990170806218 -0.10965336624984047 0.11485946088375254 0.0054401320732191264 0.018808404243488546
leaf_weight=1039 512 283 1692 251 519 1003 2656
leaf_count=1039 512 283 1692 251 519 1003 2656
internal_value=-0.000284087 -0.0796625 0.0325381 0.00711548 0.0239476 -0.0240373 0.00754736
internal_weight=7955 2325 5630 3938 3426 1286 2907
internal_count=7955 2325 5630 3938 3426 1286 2907
is_linear=0
shrinkage=0.02


Tree=117
num_leaves=8
num_cat=1
split_feature=41 41 15 11 38 43 41
split_gain=48977.1 19810.5 11266.5 8673.5 5235.98 4944.46 4530.64
threshold=34.600000000000009 67.365000000000023 1.0000000180025095e-35 0 32567.700000000004 1.0000000180025095e-35 15.475000000000003
decision_type=2 2 2 9 8 2 2
left_child=3 2 5 6 -4 -2 -1
right_child=1 -3 4 -5 -6 -7 -8
leaf_value=-0.21704715240669928 -0.018468996541495985 0.088480951506102384 -0.00061526481478270661 -0.030957310077674847 -0.073958096571201712 0.040617177847963426 -0.10847779078227099
leaf_weight=189 731 1524 756 559 798 2475 929
leaf_count=189 731 1524 756 559 798 2475 929
internal_value=0.00021126 0.0258496 0.00572526 -0.0956512 -0.0383942 0.0271372 -0.127716
internal_weight=7961 6284 4760 1677 1554 3206 1118
internal_count=7961 6284 4760 1677 1554 3206 1118
cat_boundaries=0 1
cat_threshold=2
is_linear=0
shrinkage=0.02


Tree=118
num_leaves=8
num_cat=0
split_feature=64 40 41 34 34 41 16
split_gain=50196.8 40075.2 17469.4 13692.8 12171.9 10818.7 8293.08
threshold=3.5000000000000004 37.755000000000003 58.930000000000007 1.0000000180025095e-35 3.5000000000000004 17.840000000000003 0.50695000000000012
decision_type=2 2 2 2 2 2 2
left_child=1 4 3 -3 5 -1 -5
right_child=-2 2 -4 6 -6 -7 -8
leaf_value=-0.27050059511760871 0.067684083379814436 -0.16484278383865036 0.051248914726185778 -0.058046441023644063 0.091033192802877999 -0.11378027952047592 0.027027983088279941
leaf_weight=205 2788 288 1497 956 97 1254 872
leaf_count=205 2788 288 1497 956 97 1254 872
internal_value=-0.000644263 -0.0375283 -0.000940341 -0.0378963 -0.12221 -0.136649 -0.0175009
internal_weight=7957 5169 3613 2116 1556 1459 1828
internal_count=7957 5169 3613 2116 1556 1459 1828
is_linear=0
shrinkage=0.02


Tree=119
num_leaves=8
num_cat=0
split_feature=64 42 42 64 52 65 65
split_gain=49385.1 34803.5 23249.9 21492 13457.6 8108.56 6503.58
threshold=1.5000000000000002 20.205000000000002 71.985000000000014 3.5000000000000004 42.435000000000009 0.69047619047619058 0.58571428571428574
decision_type=2 2 2 2 2 2 2
left_child=-1 5 3 4 6 -2 -3
right_child=1 2 -4 -5 -6 -7 -8
leaf_value=-0.18145754780613732 -0.1708955488383645 -0.10695674715008777 0.10403728718326936 0.058319001581957082 0.009781522413336536 0.014934966437038023 -0.020267739298018981
leaf_weight=559 472 804 1226 2125 2122 116 610
leaf_count=559 472 804 1226 2125 2122 116 610
internal_value=-0.000988941 0.0126192 0.0252615 0.00812427 -0.0220806 -0.134418 -0.0697623
internal_weight=8034 7475 6887 5661 3536 588 1414
internal_count=8034 7475 6887 5661 3536 588 1414
is_linear=0
shrinkage=0.02


Tree=120
num_leaves=8
num_cat=0
split_feature=40 33 33 44 42 42 42
split_gain=42652.3 29142.7 20205.1 14213 12925.1 10747 9341.56
threshold=45.705000000000005 2.5000000000000004 1.5000000000000002 1.0000000180025095e-35 19.780000000000005 80.415000000000006 72.320000000000007
decision_type=2 2 2 2 2 2 2
left_child=1 4 5 -3 -1 -2 -4
right_child=2 3 6 -5 -6 -7 -8
leaf_value=-0.24931147926773312 -0.065603942678503183 -0.10368187806038429 0.041677962790737773 0.027987552826982846 -0.092710782684572182 0.11812970713305994 0.11469119163319594
leaf_weight=252 882 418 2664 1454 1264 144 952
leaf_count=252 882 418 2664 1454 1264 144 952
internal_value=-0.000539894 -0.0544493 0.0388226 -0.00161087 -0.119476 -0.0393689 0.0610323
internal_weight=8030 3388 4642 1872 1516 1026 3616
internal_count=8030 3388 4642 1872 1516 1026 3616
is_linear=0
shrinkage=0.02


Tree=121
num_leaves=8
num_cat=0
split_feature=33 41 41 33 40 33 44
split_gain=43559.3 30467.8 17699.5 16656.1 17641.3 9959.81 9457.87
threshold=2.5000000000000004 60.125000000000007 29.865000000000006 1.0000000180025095e-35 30.690000000000001 4.5000000000000009 1.0000000180025095e-35
decision_type=2 2 2 2 2 2 2
left_child=1 3 -2 -1 -5 -4 -6
right_child=2 -3 5 4 6 -7 -8
leaf_value=-0.23921449816362425 -0.049997838377423512 0.035819565608034044 0.044411608853023053 -0.17066573775234475 -0.12869560503731015 0.12762444289176728 -0.015723048757309149
leaf_weight=259 678 1137 2894 538 373 717 1382
leaf_count=259 678 1137 2894 538 373 717 1382
internal_value=0.000171939 -0.0501822 0.0434899 -0.0884939 -0.0709862 0.061088 -0.0400311
internal_weight=7978 3689 4289 2552 2293 3611 1755
internal_count=7978 3689 4289 2552 2293 3611 1755
is_linear=0
shrinkage=0.02


Tree=122
num_leaves=8
num_cat=0
split_feature=64 40 66 40 66 34 66
split_gain=45232.4 36927.8 23104.9 16586.5 10249.4 8997.03 8811.47
threshold=1.5000000000000002 22.675000000000004 0.31250000000000006 66.265000000000015 1.0000000180025095e-35 1.5000000000000002 0.56250000000000011
decision_type=2 2 2 2 2 2 2
left_child=-1 5 3 4 -3 -2 -4
right_child=1 2 6 -5 -6 -7 -8
leaf_value=-0.17440722440719081 -0.21748406819757141 -0.17682446824306505 0.042280778587096446 0.064276860409097719 -0.029757610593451424 -0.068831508703102048 0.11881859240517059
leaf_weight=565 272 204 2996 761 2083 413 752
leaf_count=565 272 204 2996 761 2083 413 752
internal_value=-0.00266434 0.0104143 0.0245517 -0.0163296 -0.0432331 -0.129007 0.0577752
internal_weight=8046 7481 6796 3048 2287 685 3748
internal_count=8046 7481 6796 3048 2287 685 3748
is_linear=0
shrinkage=0.02


Tree=123
num_leaves=8
num_cat=0
split_feature=33 42 42 42 33 42 34
split_gain=39821 29765.3 17068.3 16269.7 14724.9 9165.45 8491.15
threshold=1.5000000000000002 20.205000000000002 77.75500000000001 65.805000000000021 4.5000000000000009 38.880000000000003 3.5000000000000004
decision_type=2 2 2 2 2 2 2
left_child=2 6 5 4 -3 -1 -2
right_child=1 3 -4 -5 -6 -7 -8
leaf_value=-0.1826251777614418 -0.14366285128406733 0.002553259814200134 0.095752329165218295 0.093529472375524558 0.11172618145041285 -0.074731877400651736 0.10177631249794594
leaf_weight=470 493 3760 177 1487 564 977 60
leaf_count=470 493 3760 177 1487 564 977 60
internal_value=0.000637535 0.0232066 -0.0876039 0.0365769 0.0169058 -0.110285 -0.11636
internal_weight=7988 6364 1624 5811 4324 1447 553
internal_count=7988 6364 1624 5811 4324 1447 553
is_linear=0
shrinkage=0.02


Tree=124
num_leaves=8
num_cat=0
split_feature=66 41 31 40 40 40 66
split_gain=37820.2 36757.4 16392.2 11723.7 10182.6 9960.78 8515.27
threshold=0.43750000000000006 54.335000000000008 1.0000000180025095e-35 68.00500000000001 37.755000000000003 20.080000000000002 1.0000000180025095e-35
decision_type=2 2 2 2 2 2 2
left_child=1 2 4 6 -1 -4 -3
right_child=-2 3 5 -5 -6 -7 -8
leaf_value=-0.17509342133722514 0.06869385954247581 -0.16081030244749736 -0.15112099062166942 0.090820640176100975 -0.074089946164891229 -0.0076992283160785702 0.012429999053378002
leaf_weight=669 2245 118 218 854 1014 1479 1463
leaf_count=669 2245 118 218 854 1014 1479 1463
internal_value=-0.000941422 -0.0278615 -0.0704982 0.0313453 -0.114639 -0.0265133 -0.000966222
internal_weight=8060 5815 3380 2435 1683 1697 1581
internal_count=8060 5815 3380 2435 1683 1697 1581
is_linear=0
shrinkage=0.02


Tree=125
num_leaves=8
num_cat=0
split_feature=40 34 40 44 44 34 34
split_gain=36854.6 26545.5 17525.1 11056.2 9919.3 9304.77 7499.99
threshold=22.675000000000004 1.5000000000000002 68.00500000000001 1.0000000180025095e-35 1.0000000180025095e-35 1.0000000180025095e-35 3.5000000000000004
decision_type=2 2 2 2 2 2 2
left_child=6 2 3 -2 -3 -5 -1
right_child=1 4 -4 5 -6 -7 -8
leaf_value=-0.15156052849748874 -0.13515068251653822 -0.01521033212189073 0.061181052134239251 -0.11516475656589675 0.063383499792372608 -0.0092030514700253956 0.083195827743801909
leaf_weight=684 519 796 674 416 3286 1564 56
leaf_count=684 519 796 674 416 3286 1564 56
internal_value=0.000607549 0.0143541 -0.0290123 -0.0534117 0.0480577 -0.0316997 -0.133356
internal_weight=7995 7255 3173 2499 4082 1980 740
internal_count=7995 7255 3173 2499 4082 1980 740
is_linear=0
shrinkage=0.02


Tree=126
num_leaves=8
num_cat=0
split_feature=64 41 33 33 42 42 33
split_gain=43296.4 30714 15363.5 14877.7 12800.7 11314.1 10894.8
threshold=1.5000000000000002 36.045000000000009 4.5000000000000009 1.0000000180025095e-35 71.985000000000014 9.1200000000000028 4.5000000000000009
decision_type=2 2 2 2 2 2 2
left_child=-1 2 5 -3 6 -2 -5
right_child=1 3 -4 4 -6 -7 -8
leaf_value=-0.17066387092549326 -0.24285227732525932 -0.11507277777894985 0.10524489110152338 0.013274915514639843 0.10030466014848424 -0.065357084904500609 0.1133784714398826
leaf_weight=559 157 253 188 3824 1127 1357 486
leaf_count=559 157 253 188 3824 1127 1357 486
internal_value=-0.00175289 0.0111273 -0.0632959 0.0334249 0.0404343 -0.0845019 0.024681
internal_weight=7951 7392 1702 5690 5437 1514 4310
internal_count=7951 7392 1702 5690 5437 1514 4310
is_linear=0
shrinkage=0.02


Tree=127
num_leaves=8
num_cat=0
split_feature=31 42 41 42 34 34 42
split_gain=39710.3 23625.8 17866.7 12487.1 10907.2 8380.61 5706.06
threshold=1.0000000180025095e-35 64.565000000000012 38.945000000000007 17.205000000000002 1.0000000180025095e-35 2.5000000000000004 80.415000000000006
decision_type=2 2 2 2 2 2 2
left_child=1 3 5 -1 -5 -2 -3
right_child=2 6 -4 4 -6 -7 -8
leaf_value=-0.22879205116066514 -0.060004605487346242 0.0027600004863479865 0.062920795638285704 -0.16183695328698833 -0.048239715064065936 0.044579900431494089 0.11343799998613902
leaf_weight=212 871 570 3343 412 1835 467 272
leaf_count=212 871 570 3343 412 1835 467 272
internal_value=0.00078263 -0.0522945 0.038228 -0.0835613 -0.0693815 -0.0234716 0.038972
internal_weight=7982 3301 4681 2459 2247 1338 842
internal_count=7982 3301 4681 2459 2247 1338 842
is_linear=0
shrinkage=0.02


Tree=128
num_leaves=8
num_cat=0
split_feature=41 34 52 52 52 41 41
split_gain=33196 27056.9 10793.5 10151.6 9749.58 8423.43 7072.72
threshold=53.705000000000005 1.5000000000000002 62.525000000000006 52.635000000000012 44.855000000000011 15.475000000000003 34.985000000000007
decision_type=2 2 2 2 2 2 2
left_child=1 2 6 5 -2 -3 -1
right_child=4 3 -4 -5 -6 -7 -8
leaf_value=-0.17355080941634388 0.0018185251012157503 -0.18432847312261022 -0.0065501274887175692 0.055779014543865364 0.070791540495616381 -0.012412051426665599 -0.083890708730976551
leaf_weight=577 1319 119 447 985 2162 1427 943
leaf_count=577 1319 119 447 985 2162 1427 943
internal_value=-0.0016398 -0.0375095 -0.0930505 0.00575333 0.0446968 -0.0261965 -0.118384
internal_weight=7979 4498 1967 2531 3481 1546 1520
internal_count=7979 4498 1967 2531 3481 1546 1520
is_linear=0
shrinkage=0.02


Tree=129
num_leaves=8
num_cat=0
split_feature=31 44 41 42 44 42 41
split_gain=38371.9 22369.3 15267.7 14415.5 11733.5 9947.51 6845.07
threshold=1.0000000180025095e-35 1.0000000180025095e-35 60.905000000000008 10.480000000000002 1.0000000180025095e-35 17.990000000000006 71.760000000000005
decision_type=2 2 2 2 2 2 2
left_child=1 6 5 -2 -5 -3 -1
right_child=3 2 -4 4 -6 -7 -8
leaf_value=-0.17829907563186859 -0.14333259061606993 -0.21008846059328135 0.048906914076255581 -0.021419308478136858 0.059347721262141676 -0.042931882377274883 0.023005610637366773
leaf_weight=591 167 151 764 895 3618 1709 75
leaf_count=591 167 151 764 895 3618 1709 75
internal_value=-0.000261971 -0.052557 -0.0261505 0.0365179 0.0433244 -0.057029 -0.155627
internal_weight=7970 3290 2624 4680 4513 1860 666
internal_count=7970 3290 2624 4680 4513 1860 666
is_linear=0
shrinkage=0.02


Tree=130
num_leaves=8
num_cat=0
split_feature=40 33 42 44 34 42 33
split_gain=34558.6 28805.4 18409.9 14329.6 12986.8 8383.26 7810.55
threshold=56.695000000000007 3.5000000000000004 17.205000000000002 1.0000000180025095e-35 1.0000000180025095e-35 79.155000000000015 1.5000000000000002
decision_type=2 2 2 2 2 2 2
left_child=1 2 -1 -4 -5 6 -2
right_child=5 -3 3 4 -6 -7 -8
leaf_value=-0.19328296510527665 -0.034915340860115246 0.045662635094168388 -0.12343808778904636 -0.1417664010981185 -0.0058083110213006817 0.11823741444950855 0.057120308740708517
leaf_weight=368 466 1431 720 316 2261 670 1713
leaf_count=368 466 1431 720 316 2261 670 1713
internal_value=0.000857051 -0.0303243 -0.0600152 -0.0448702 -0.0227222 0.0565865 0.0374027
internal_weight=7945 5096 3665 3297 2577 2849 2179
internal_count=7945 5096 3665 3297 2577 2849 2179
is_linear=0
shrinkage=0.02


Tree=131
num_leaves=8
num_cat=0
split_feature=41 33 33 42 52 44 42
split_gain=34809.5 21660.1 14205.2 11244 11076.5 8905.11 7898
threshold=34.985000000000007 1.5000000000000002 3.5000000000000004 79.600000000000009 48.065000000000005 1.0000000180025095e-35 9.1200000000000028
decision_type=2 2 2 2 2 2 2
left_child=2 3 5 -2 -3 -1 -7
right_child=1 4 -4 -5 -6 6 -8
leaf_value=-0.20353358988536566 -0.070650402741393323 0.010311426784910998 0.01436407950514358 0.10566222347913826 0.069837556900344419 -0.25484255821780954 -0.060252732963691574
leaf_weight=323 1145 2303 479 161 2736 89 811
leaf_count=323 1145 2303 479 161 2736 89 811
internal_value=0.0023084 0.0238607 -0.0778724 -0.048595 0.0426692 -0.113909 -0.0807972
internal_weight=8047 6345 1702 1306 5039 1223 900
internal_count=8047 6345 1702 1306 5039 1223 900
is_linear=0
shrinkage=0.02


Tree=132
num_leaves=8
num_cat=0
split_feature=31 41 41 52 44 41 44
split_gain=36652.3 20428 14396.3 12321.6 8770.81 6287.21 5992.77
threshold=1.0000000180025095e-35 41.255000000000003 28.565000000000001 52.990000000000002 1.0000000180025095e-35 20.735000000000003 1.0000000180025095e-35
decision_type=2 2 2 2 2 2 2
left_child=1 5 -2 6 -4 -1 -3
right_child=2 3 4 -5 -6 -7 -8
leaf_value=-0.22103676372932066 -0.052852328034672803 -0.15000289119364366 -0.0099474272164131027 0.035861099470848375 0.064219636111654183 -0.098335231497021738 -0.037586895020959792
leaf_weight=211 631 228 793 982 3228 842 1055
leaf_count=211 631 228 793 982 3228 842 1055
internal_value=-0.000546935 -0.0512885 0.0356603 -0.0173559 0.0495986 -0.123851 -0.0580689
internal_weight=7970 3318 4652 2265 4021 1053 1283
internal_count=7970 3318 4652 2265 4021 1053 1283
is_linear=0
shrinkage=0.02


Tree=133
num_leaves=8
num_cat=0
split_feature=42 34 42 31 34 42 42
split_gain=34820.1 21214.1 13538.4 15040.9 10893.2 8617.07 8313.21
threshold=46.090000000000011 1.5000000000000002 79.155000000000015 1.0000000180025095e-35 3.5000000000000004 9.1200000000000028 20.205000000000002
decision_type=2 2 2 2 2 2 2
left_child=1 6 3 -2 5 -3 -1
right_child=2 4 -4 -5 -6 -7 -8
leaf_value=-0.20788035863821488 -0.02844587522789738 -0.19291564525183988 0.11117625799436281 0.051906569452689094 0.10092947363372773 -0.015621488395957797 -0.084961183445735097
leaf_weight=271 1598 113 747 2222 305 1571 1183
leaf_count=271 1598 113 747 2222 305 1571 1183
internal_value=-0.00259545 -0.0505813 0.0335962 0.0182999 -0.0080719 -0.0280542 -0.108505
internal_weight=8010 3443 4567 3820 1989 1684 1454
internal_count=8010 3443 4567 3820 1989 1684 1454
is_linear=0
shrinkage=0.02


Tree=134
num_leaves=8
num_cat=0
split_feature=64 40 33 40 33 64 16
split_gain=35022.2 28201.9 18189 17328.9 9074.22 7970.86 7419.61
threshold=1.5000000000000002 22.675000000000004 3.5000000000000004 65.990000000000023 1.5000000000000002 3.5000000000000004 0.36255000000000004
decision_type=2 2 2 2 2 2 2
left_child=-1 5 3 4 -3 -2 -6
right_child=1 2 -4 -5 6 -7 -8
leaf_value=-0.15710328782502658 -0.16163870326184501 -0.074447078767128264 0.07145843265557815 0.06611526172963747 -0.065474781126972983 -0.014185733724519745 0.014934900798960232
leaf_weight=541 454 959 2010 1184 584 217 2075
leaf_count=541 454 959 2010 1184 584 217 2075
internal_value=-0.00246445 0.00881295 0.0210258 -0.000136466 -0.0218788 -0.11441 -0.00281533
internal_weight=8024 7483 6812 4802 3618 671 2659
internal_count=8024 7483 6812 4802 3618 671 2659
is_linear=0
shrinkage=0.02


Tree=135
num_leaves=8
num_cat=0
split_feature=40 31 40 66 66 12 40
split_gain=31662.5 24738.7 11437.8 9906.38 9025.65 5881.06 5133.07
threshold=28.205000000000002 1.0000000180025095e-35 72.305000000000021 0.31250000000000006 0.43750000000000006 65.260000000000005 56.135000000000012
decision_type=2 2 2 2 2 2 2
left_child=3 2 4 -1 5 -2 -3
right_child=1 6 -4 -5 -6 -7 -8
leaf_value=-0.16551658901354674 -0.078394134013564792 0.025839934853144675 0.060993018593575823 -0.047598181171988135 0.052765068779248858 0.009193727554693977 0.071712665919272431
leaf_weight=501 1736 2223 451 666 305 371 1747
leaf_count=501 1736 2223 451 666 305 371 1747
internal_value=-0.00266523 0.0137986 -0.0309823 -0.0987114 -0.0482707 -0.0629864 0.0460911
internal_weight=8000 6833 2863 1167 2412 2107 3970
internal_count=8000 6833 2863 1167 2412 2107 3970
is_linear=0
shrinkage=0.02


Tree=136
num_leaves=8
num_cat=0
split_feature=64 52 66 64 41 40 42
split_gain=36011.9 24619.7 12831 10168.1 8585.37 7572.52 7393.61
threshold=1.5000000000000002 33.585000000000008 0.18750000000000003 3.5000000000000004 61.895000000000003 58.645000000000003 69.470000000000013
decision_type=2 2 2 2 2 2 2
left_child=-1 3 4 5 -3 -2 -4
right_child=1 2 6 -5 -6 -7 -8
leaf_value=-0.15813538759492352 -0.11489276169378315 -0.072644192253903173 0.031923713330673793 0.013212803712043794 0.049265538877767065 0.015306292287508648 0.093733546895373887
leaf_weight=536 922 698 3697 573 340 220 978
leaf_count=536 922 698 3697 573 340 220 978
internal_value=-0.000593112 0.0108738 0.0308236 -0.0554795 -0.0326676 -0.0898532 0.0449405
internal_weight=7964 7428 5713 1715 1038 1142 4675
internal_count=7964 7428 5713 1715 1038 1142 4675
is_linear=0
shrinkage=0.02


Tree=137
num_leaves=8
num_cat=0
split_feature=40 33 33 41 40 41 33
split_gain=27527.2 18506.7 11872 8746.98 7624.62 7254.68 6889.66
threshold=36.135000000000012 1.5000000000000002 3.5000000000000004 67.365000000000023 68.00500000000001 17.840000000000003 4.5000000000000009
decision_type=2 2 2 2 2 2 2
left_child=2 4 5 6 -2 -1 -3
right_child=1 3 -4 -5 -6 -7 -8
leaf_value=-0.20286226036600194 -0.074486991844305156 0.013590890479756659 0.014603226023003251 0.088266676777841543 0.034619591751305218 -0.074684915338430191 0.096726752962422002
leaf_weight=203 948 3057 567 1136 347 1291 454
leaf_count=203 948 3057 567 1136 347 1291 454
internal_value=-0.000338261 0.0215109 -0.0632304 0.0401387 -0.0452308 -0.0927198 0.0244633
internal_weight=8003 5942 2061 4647 1295 1494 3511
internal_count=8003 5942 2061 4647 1295 1494 3511
is_linear=0
shrinkage=0.02


Tree=138
num_leaves=8
num_cat=0
split_feature=40 33 40 33 16 33 42
split_gain=29038.9 23959.2 16290.5 10798.5 7535.39 7439.13 6334.03
threshold=22.675000000000004 2.5000000000000004 65.990000000000023 1.0000000180025095e-35 0.50695000000000012 4.5000000000000009 72.320000000000007
decision_type=2 2 2 2 2 2 2
left_child=-1 2 3 -2 -5 6 -3
right_child=1 5 -4 4 -6 -7 -8
leaf_value=-0.11967073080187737 -0.16990382920399255 0.019090497324442502 0.049248617174529982 -0.070854755587761581 0.0016864262165543729 0.10119399937733854 0.096007465832523148
leaf_weight=736 272 2593 843 1242 1059 771 509
leaf_count=736 272 2593 843 1242 1059 771 509
internal_value=-0.00038189 0.011737 -0.0268524 -0.0518328 -0.0375375 0.0457637 0.0318458
internal_weight=8025 7289 3416 2573 2301 3873 3102
internal_count=8025 7289 3416 2573 2301 3873 3102
is_linear=0
shrinkage=0.02


Tree=139
num_leaves=8
num_cat=0
split_feature=64 42 34 42 64 40 45
split_gain=29141.4 23295.5 13748.7 12725.4 6904.83 4811.67 4451.56
threshold=1.5000000000000002 23.475000000000005 1.5000000000000002 68.805000000000021 3.5000000000000004 59.065000000000005 1.0000000180025095e-35
decision_type=2 2 2 2 2 2 2
left_child=-1 4 3 -3 6 -4 -2
right_child=1 2 5 -5 -6 -7 -8
leaf_value=-0.14009745605584942 -0.079159984231668687 -0.033668874027280964 0.031423432554751364 0.065131086795157639 0.0067776683212146848 0.077912511663317793 -0.19375256674458921
leaf_weight=538 349 2150 2499 683 213 1390 231
leaf_count=538 349 2150 2499 683 213 1390 231
internal_value=0.00140014 0.0116164 0.0237292 -0.00977669 -0.0905648 0.0481182 -0.126065
internal_weight=8053 7515 6722 2833 793 3889 580
internal_count=8053 7515 6722 2833 793 3889 580
is_linear=0
shrinkage=0.02


Tree=140
num_leaves=8
num_cat=0
split_feature=40 64 42 31 64 44 44
split_gain=28626.6 24519.3 13726.6 14396 8273.89 7061.03 5645.15
threshold=22.095000000000002 1.5000000000000002 72.320000000000007 1.0000000180025095e-35 3.5000000000000004 1.0000000180025095e-35 1.0000000180025095e-35
decision_type=2 2 2 2 2 2 2
left_child=4 -2 3 6 -1 -5 -3
right_child=1 2 -4 5 -6 -7 -8
leaf_value=-0.16293515548753795 -0.12285339638932173 -0.11490702581091931 0.083357813011398926 -0.021823940673162196 -0.01053360175763445 0.048338540635288176 -0.019211155818084316
leaf_weight=510 497 280 1196 720 198 2772 1855
leaf_count=510 497 280 1196 720 198 2772 1855
internal_value=0.000289172 0.0120646 0.021975 0.00886586 -0.120687 0.0338615 -0.0320006
internal_weight=8028 7320 6823 5627 708 3492 2135
internal_count=8028 7320 6823 5627 708 3492 2135
is_linear=0
shrinkage=0.02


Tree=141
num_leaves=8
num_cat=0
split_feature=31 40 40 44 44 44 34
split_gain=29551.2 17907.5 13110.1 10234.7 8165.46 8089.71 7243.67
threshold=1.0000000180025095e-35 51.035000000000004 8.9700000000000024 1.0000000180025095e-35 1.0000000180025095e-35 1.0000000180025095e-35 1.0000000180025095e-35
decision_type=2 2 2 2 2 2 2
left_child=1 4 -2 -4 -1 -3 -6
right_child=2 5 3 -5 6 -7 -8
leaf_value=-0.1736182520102609 -0.1689396254174293 -0.089519712101547952 -0.021529862485544102 0.053035407310824428 -0.16409988154546312 0.023997592719922717 -0.04498142011325023
leaf_weight=365 121 305 920 3636 247 1317 1117
leaf_count=365 121 305 920 3636 247 1317 1117
internal_value=-2.32749e-05 -0.045318 0.0324435 0.0379712 -0.0900006 0.00244235 -0.0670726
internal_weight=8028 3351 4677 4556 1729 1622 1364
internal_count=8028 3351 4677 4556 1729 1622 1364
is_linear=0
shrinkage=0.02


Tree=142
num_leaves=8
num_cat=0
split_feature=44 34 52 33 41 43 40
split_gain=27425.7 16911.9 13656.5 12362.9 11174.8 7276.96 7797.36
threshold=1.0000000180025095e-35 1.0000000180025095e-35 32.615000000000002 4.5000000000000009 35.225000000000001 1.0000000180025095e-35 39.015000000000008
decision_type=2 2 2 2 2 2 2
left_child=3 -2 -3 4 -1 6 -4
right_child=1 2 5 -5 -6 -7 -8
leaf_value=-0.18000846500480827 -0.082183223008798531 -0.029259707848227467 -0.080442931880047933 0.095882720235008864 -0.056071347538676375 0.05947448189496831 0.036348148047615741
leaf_weight=399 588 1226 329 154 1070 3540 720
leaf_count=399 588 1226 329 154 1070 3540 720
internal_value=0.000972904 0.0195955 0.0299489 -0.0723309 -0.0902307 0.0457818 -0.000489119
internal_weight=8026 6403 5815 1623 1469 4589 1049
internal_count=8026 6403 5815 1623 1469 4589 1049
is_linear=0
shrinkage=0.02


Tree=143
num_leaves=8
num_cat=0
split_feature=64 42 52 31 42 33 33
split_gain=31039.3 22729.6 16615.2 11596.9 7049.57 6490.59 6448.59
threshold=1.5000000000000002 17.205000000000002 44.855000000000011 1.0000000180025095e-35 82.565000000000012 4.5000000000000009 3.5000000000000004
decision_type=2 2 2 2 2 2 2
left_child=-1 5 3 -3 6 -2 -4
right_child=1 2 4 -5 -6 -7 -8
leaf_value=-0.1452585949771093 -0.1534549085012222 -0.068211927471163961 0.017341125864639349 0.01310864142017322 0.1257988137346098 0.077615361171856259 0.074534933338291531
leaf_weight=562 410 1159 2593 1762 371 52 1131
leaf_count=562 410 1159 2593 1762 371 52 1131
internal_value=-0.00258953 0.00822249 0.0172039 -0.0192193 0.0431767 -0.126894 0.0347879
internal_weight=8040 7478 7016 2921 4095 462 3724
internal_count=8040 7478 7016 2921 4095 462 3724
is_linear=0
shrinkage=0.02


Tree=144
num_leaves=8
num_cat=0
split_feature=64 40 40 66 66 66 66
split_gain=28322.6 18873.2 11424.3 12307.9 8564.02 6789.43 5628.73
threshold=1.5000000000000002 30.690000000000001 72.590000000000018 0.31250000000000006 0.43750000000000006 1.0000000180025095e-35 0.56250000000000011
decision_type=2 2 2 2 2 2 2
left_child=-1 4 3 5 -2 -3 -5
right_child=1 2 -4 6 -6 -7 -8
leaf_value=-0.13715956038525243 -0.091373223647584809 -0.12532706369802488 0.086515477986259803 0.026797186817703388 0.020272240408896646 -0.0097737086694051588 0.096701844286724056
leaf_weight=550 913 221 1023 2247 390 2045 577
leaf_count=550 913 221 1023 2247 390 2045 577
internal_value=0.000653493 0.0109598 0.0256956 0.013399 -0.0580069 -0.0212946 0.0412258
internal_weight=7966 7416 6113 5090 1303 2266 2824
internal_count=7966 7416 6113 5090 1303 2266 2824
is_linear=0
shrinkage=0.02


Tree=145
num_leaves=8
num_cat=0
split_feature=64 41 42 64 52 42 66
split_gain=28465.3 23104.7 11985.9 10139.8 7777.17 7011.51 5776.04
threshold=3.5000000000000004 34.985000000000007 72.320000000000007 1.5000000000000002 52.990000000000002 14.090000000000002 0.56250000000000011
decision_type=2 2 2 2 2 2 2
left_child=1 5 3 -3 6 -1 -5
right_child=-2 2 -4 4 -6 -7 -8
leaf_value=-0.20166948012376748 0.04926832741936351 -0.12635559784039063 0.068735543651295195 -0.046710232289563502 0.028952929491758789 -0.081380209567378722 0.10321254803782159
leaf_weight=243 2780 333 692 1639 1180 970 105
leaf_count=243 2780 333 692 1639 1180 970 105
internal_value=-0.00227457 -0.0300539 -0.00655755 -0.0226356 -0.0106279 -0.106207 -0.0374147
internal_weight=7942 5162 3949 3257 2924 1213 1744
internal_count=7942 5162 3949 3257 2924 1213 1744
is_linear=0
shrinkage=0.02


Tree=146
num_leaves=8
num_cat=0
split_feature=33 40 42 33 52 42 64
split_gain=23899.9 23235.8 12432.1 11505.2 9128.5 6577.77 6421.3
threshold=3.5000000000000004 54.935000000000009 20.675000000000004 1.0000000180025095e-35 32.835000000000008 74.205000000000013 1.5000000000000002
decision_type=2 2 2 2 2 2 2
left_child=1 2 -1 -4 -5 -3 -6
right_child=-2 5 3 4 6 -7 -8
leaf_value=-0.14550160665132472 0.054946150405774288 0.0038547826673146512 -0.18453960564317815 -0.088443114755766911 -0.1237250786775734 0.076387184908281863 0.0043310641877888226
leaf_weight=513 2204 1590 198 737 166 725 1861
leaf_count=513 2204 1590 198 737 166 725 1861
internal_value=-0.00103067 -0.0223676 -0.0550378 -0.0391512 -0.0284218 0.0266858 -0.00643466
internal_weight=7994 5790 3475 2962 2764 2315 2027
internal_count=7994 5790 3475 2962 2764 2315 2027
is_linear=0
shrinkage=0.02


Tree=147
num_leaves=8
num_cat=0
split_feature=42 33 42 33 42 33 43
split_gain=24324.9 18251.2 9095.16 9007.46 8990.53 8291.81 6799.06
threshold=20.205000000000002 1.5000000000000002 66.935000000000016 4.5000000000000009 77.75500000000001 4.5000000000000009 1.0000000180025095e-35
decision_type=2 2 2 2 2 2 2
left_child=5 4 3 6 -2 -1 -3
right_child=1 2 -4 -5 -6 -7 -8
leaf_value=-0.13823089489547333 -0.068883460848613048 -0.044151565726846462 0.071442337784239321 0.085669054321451374 0.080822735493951803 0.095445713703183166 0.016958989773100543
leaf_weight=601 1337 965 1382 584 178 64 2917
leaf_count=601 1337 965 1382 584 178 64 2917
internal_value=0.0001797 0.0106712 0.0267003 0.0127905 -0.0510862 -0.115197 0.00173068
internal_weight=8028 7363 5848 4466 1515 665 3882
internal_count=8028 7363 5848 4466 1515 665 3882
is_linear=0
shrinkage=0.02


Tree=148
num_leaves=8
num_cat=0
split_feature=52 31 41 64 16 41 55
split_gain=22815.1 15183 11779.4 8589.39 7671.2 6932.23 5468.99
threshold=45.045000000000009 1.0000000180025095e-35 21.850000000000005 1.5000000000000002 0.36050000000000004 29.290000000000003 54.125000000000007
decision_type=2 2 2 2 2 2 2
left_child=1 6 -2 -4 -5 -3 -1
right_child=2 5 3 4 -6 -7 -8
leaf_value=-0.070120458246863693 -0.099497727069127212 -0.08771530204291221 -0.071176563841040416 -0.0095351670733451969 0.058014066001092796 0.012803252157611701 -0.17069436504264121
leaf_weight=1188 267 324 274 852 3164 1650 265
leaf_count=1188 267 324 274 852 3164 1650 265
internal_value=-0.0010836 -0.0400379 0.028223 0.0362786 0.0436894 -0.00387517 -0.0889857
internal_weight=7984 3427 4557 4290 4016 1974 1453
internal_count=7984 3427 4557 4290 4016 1974 1453
is_linear=0
shrinkage=0.02


Tree=149
num_leaves=8
num_cat=0
split_feature=66 52 42 66 42 16 42
split_gain=22591.6 15063.5 9190.25 8957.44 9501.36 5520.64 5335.28
threshold=0.18750000000000003 44.235000000000007 58.055000000000007 0.56250000000000011 47.495000000000012 0.49005000000000004 12.335000000000003
decision_type=2 2 2 2 2 2 2
left_child=2 3 -1 4 6 -3 -2
right_child=1 5 -4 -5 -6 -7 -8
leaf_value=-0.10070932267532173 -0.18752201339877242 0.018754617506881083 -0.0039989301425715287 0.0791342354612425 0.011140132416593956 0.067049612443051465 -0.056061633859565127
leaf_weight=1056 136 1912 625 315 1020 1881 1093
leaf_count=1056 136 1912 625 315 1020 1881 1093
internal_value=0.000221505 0.0174715 -0.0648707 -0.0199512 -0.0339741 0.0427615 -0.0713098
internal_weight=8038 6357 1681 2564 2249 3793 1229
internal_count=8038 6357 1681 2564 2249 3793 1229
is_linear=0
shrinkage=0.02


Tree=150
num_leaves=8
num_cat=0
split_feature=44 31 42 41 52 52 42
split_gain=25090.9 16313.2 11577.2 8523.05 8312.18 7192.14 6455.06
threshold=1.0000000180025095e-35 1.0000000180025095e-35 63.755000000000003 70.035000000000011 32.345000000000006 46.815000000000005 9.1200000000000028
decision_type=2 2 2 2 2 2 2
left_child=3 2 4 5 -2 -1 -3
right_child=1 6 -4 -5 -6 -7 -8
leaf_value=-0.13480957729937143 -0.11985886466331208 -0.11883449373747172 0.045711744183306834 0.046064689044247979 -0.022834358650193926 -0.044403123066589903 0.048479377796910146
leaf_weight=682 463 90 755 215 1454 737 3637
leaf_count=682 463 90 755 215 1454 737 3637
internal_value=-0.0006 0.0172711 -0.0204215 -0.0704253 -0.0465189 -0.0881751 0.0442853
internal_weight=8033 6399 2672 1634 1917 1419 3727
internal_count=8033 6399 2672 1634 1917 1419 3727
is_linear=0
shrinkage=0.02


Tree=151
num_leaves=8
num_cat=0
split_feature=40 34 43 41 52 34 34
split_gain=21219.6 15106.4 12133.1 9601.21 8640.93 8667.33 8300.11
threshold=45.705000000000005 3.5000000000000004 1.0000000180025095e-35 72.595000000000013 65.310000000000016 1.5000000000000002 1.0000000180025095e-35
decision_type=2 2 2 2 2 2 2
left_child=1 2 -1 6 5 -4 -2
right_child=3 -3 4 -5 -6 -7 -8
leaf_value=-0.11242512551177035 -0.076760029348632242 0.095711850684029029 -0.090555763246873047 0.085445957266513536 0.062956403866610014 -0.0033441911640713466 0.024022202791773459
leaf_weight=887 357 308 825 948 368 1012 3374
leaf_count=887 357 308 825 948 368 1012 3374
internal_value=0.00116389 -0.0368297 -0.0501656 0.0287818 -0.0249229 -0.0426506 0.0142891
internal_weight=8079 3400 3092 4679 2205 1837 3731
internal_count=8079 3400 3092 4679 2205 1837 3731
is_linear=0
shrinkage=0.02


Tree=152
num_leaves=8
num_cat=0
split_feature=41 33 44 34 41 33 33
split_gain=23292.5 19517 11528.7 6674.52 7017.02 6423.06 6215.18
threshold=29.600000000000005 1.0000000180025095e-35 1.0000000180025095e-35 2.5000000000000004 57.680000000000007 4.5000000000000009 3.5000000000000004
decision_type=2 2 2 2 2 2 2
left_child=5 -2 6 4 -4 -1 -3
right_child=1 2 3 -5 -6 -7 -8
leaf_value=-0.098597453293076023 -0.13439175244201632 -0.060518412752932134 -0.0024875123097431832 0.072337582159711353 0.051758603228511675 0.058018735813892497 0.038351642814050652
leaf_weight=1052 335 912 2225 1351 1664 113 348
leaf_count=1052 335 912 2225 1351 1664 113 348
internal_value=-0.000761278 0.0133446 0.0210562 0.034114 0.0207596 -0.0832233 -0.0331678
internal_weight=8000 6835 6500 5240 3889 1165 1260
internal_count=8000 6835 6500 5240 3889 1165 1260
is_linear=0
shrinkage=0.02


Tree=153
num_leaves=8
num_cat=0
split_feature=44 41 43 16 41 16 10
split_gain=22386.6 13009.4 10717.3 8709.35 7434.89 5857.52 4923.82
threshold=1.0000000180025095e-35 58.930000000000007 1.0000000180025095e-35 0.46745000000000009 48.285000000000004 0.50035000000000007 19100.500000000004
decision_type=2 2 2 2 2 2 2
left_child=4 2 -2 6 5 -1 -4
right_child=1 -3 3 -5 -6 -7 -8
leaf_value=-0.15798851680943982 -0.057232632559804555 0.056032508345396075 -0.084242618015639814 0.046685445224180395 -0.021829517000614453 -0.051327063656454237 0.00075996154109272398
leaf_weight=438 1107 2198 359 1638 777 398 1085
leaf_count=438 1107 2198 359 1638 777 398 1085
internal_value=-0.000134821 0.0166873 -0.00399963 0.0151825 -0.0665911 -0.107817 -0.0205907
internal_weight=8000 6387 4189 3082 1613 836 1444
internal_count=8000 6387 4189 3082 1613 836 1444
is_linear=0
shrinkage=0.02


Tree=154
num_leaves=8
num_cat=0
split_feature=66 44 41 52 41 43 41
split_gain=20408.8 13196.3 9915.95 8934.71 7618.21 5731.5 5602.39
threshold=0.18750000000000003 1.0000000180025095e-35 65.715000000000018 52.635000000000012 15.475000000000003 1.0000000180025095e-35 66.52500000000002
decision_type=2 2 2 2 2 2 2
left_child=2 4 -1 5 -2 -3 -6
right_child=1 3 -4 -5 6 -7 -8
leaf_value=-0.089597566692337718 -0.24004211077951407 -0.040760000116240168 0.028385734522064041 0.060128991727443494 -0.049764223312791442 0.023520708260360887 0.060007994327222418
leaf_weight=1274 68 746 364 2227 995 2120 224
leaf_count=1274 68 746 364 2227 995 2120 224
internal_value=-0.000509506 0.0156669 -0.0633725 0.0301253 -0.0414439 0.00674704 -0.0294301
internal_weight=8018 6380 1638 5093 1287 2866 1219
internal_count=8018 6380 1638 5093 1287 2866 1219
is_linear=0
shrinkage=0.02


Tree=155
num_leaves=8
num_cat=0
split_feature=52 64 40 34 40 31 64
split_gain=22286.5 12591.6 8598.7 8292.24 7850.8 6151.71 5149.11
threshold=45.045000000000009 3.5000000000000004 22.675000000000004 2.5000000000000004 65.990000000000023 1.0000000180025095e-35 1.5000000000000002
decision_type=2 2 2 2 2 2 2
left_child=1 2 -1 4 5 -2 -4
right_child=3 -3 6 -5 -6 -7 -8
leaf_value=-0.15857264311522692 -0.037363001335471442 0.017445934625494198 -0.1444736203411133 0.075373823111686125 0.064591279214896852 0.025420244649547521 -0.03760130696758418
leaf_weight=330 1191 1100 197 1167 885 1301 1770
leaf_count=330 1191 1100 197 1167 885 1301 1770
internal_value=0.000574752 -0.0381452 -0.0647471 0.0295311 0.0136011 -0.00460044 -0.048644
internal_weight=7941 3397 2297 4544 3377 2492 1967
internal_count=7941 3397 2297 4544 3377 2492 1967
is_linear=0
shrinkage=0.02


Tree=156
num_leaves=8
num_cat=0
split_feature=64 42 66 64 45 41 42
split_gain=21982.9 17157.9 11264 8509.64 11379.2 6337.01 6182.46
threshold=3.5000000000000004 57.375000000000007 0.56250000000000011 1.5000000000000002 1.0000000180025095e-35 80.610000000000014 9.1200000000000028
decision_type=2 2 2 2 2 2 2
left_child=1 2 3 -1 6 -3 -5
right_child=-2 5 -4 4 -6 -7 -8
leaf_value=-0.14653454496211782 0.042624650685278639 0.0083018029977201691 0.094051113262622055 -0.1658048538029194 -0.094235499708337792 0.11496512099647249 -0.0033601769104413689
leaf_weight=408 2802 1464 193 95 1246 258 1495
leaf_count=408 2802 1464 193 95 1246 258 1495
internal_value=-0.00242624 -0.0269122 -0.0527037 -0.0615661 -0.0491057 0.0245693 -0.0135553
internal_weight=7961 5159 3437 3244 2836 1722 1590
internal_count=7961 5159 3437 3244 2836 1722 1590
is_linear=0
shrinkage=0.02


Tree=157
num_leaves=8
num_cat=0
split_feature=31 42 42 42 33 34 42
split_gain=21426.6 14391.8 9000.32 8050.65 7210.1 5525.59 5568.49
threshold=1.0000000180025095e-35 69.175000000000026 15.815000000000003 9.1200000000000028 1.0000000180025095e-35 2.5000000000000004 57.025000000000013
decision_type=2 2 2 2 2 2 2
left_child=1 2 -1 -2 -4 6 -5
right_child=3 -3 4 5 -6 -7 -8
leaf_value=-0.19474504347631638 -0.1183983296955992 0.043179739523047898 -0.14410563483783237 -0.0062741953264668143 -0.038172307958295494 0.062743531258145829 0.049767411270661012
leaf_weight=182 144 662 287 1830 2221 1474 1152
leaf_count=182 144 662 287 1830 2221 1474 1152
internal_value=-0.00168943 -0.0401152 -0.0606559 0.0263244 -0.0505573 0.0311288 0.0154227
internal_weight=7952 3352 2690 4600 2508 4456 2982
internal_count=7952 3352 2690 4600 2508 4456 2982
is_linear=0
shrinkage=0.02


Tree=158
num_leaves=8
num_cat=0
split_feature=40 31 42 43 33 44 33
split_gain=19809.3 16928.5 9991.51 6873.71 6654.89 5360.72 4573.02
threshold=20.705000000000002 1.0000000180025095e-35 63.755000000000003 1.0000000180025095e-35 4.5000000000000009 1.0000000180025095e-35 3.5000000000000004
decision_type=2 2 2 2 2 2 2
left_child=4 2 3 6 -1 -3 -2
right_child=1 5 -4 -5 -6 -7 -8
leaf_value=-0.13252504575411328 -0.12930922481096313 -0.011592850640507324 0.02896563554687338 -0.029577234639070471 0.079442398022202876 0.044386001429363935 0.045582742120538436
leaf_weight=551 519 853 866 1604 63 3418 65
leaf_count=551 519 853 866 1604 63 3418 65
internal_value=-0.00166455 0.00751142 -0.0284171 -0.0511432 -0.11031 0.0332055 -0.109622
internal_weight=7939 7325 3054 2188 614 4271 584
internal_count=7939 7325 3054 2188 614 4271 584
is_linear=0
shrinkage=0.02


Tree=159
num_leaves=8
num_cat=0
split_feature=64 52 41 64 16 16 34
split_gain=18374.9 15826 11087.5 8304.57 6537.76 4032.76 4017.77
threshold=1.5000000000000002 53.57500000000001 29.290000000000003 3.5000000000000004 0.55135000000000012 0.50455000000000017 2.5000000000000004
decision_type=2 2 2 2 2 2 2
left_child=-1 2 -2 4 -4 6 -3
right_child=1 5 3 -5 -6 -7 -8
leaf_value=-0.1094942310144045 -0.088594301865330224 0.0024873821433471451 -0.04762031840006975 0.037618355958050902 0.023555019073375531 0.069721183850773902 0.071008223449498697
leaf_weight=547 672 1121 1542 1408 771 1422 488
leaf_count=547 672 1121 1542 1408 771 1422 488
internal_value=0.00183621 0.0101072 -0.0141459 -0.000599893 -0.0238956 0.045224 0.0234249
internal_weight=7971 7424 4393 3721 2313 3031 1609
internal_count=7971 7424 4393 3721 2313 3031 1609
is_linear=0
shrinkage=0.02


Tree=160
num_leaves=8
num_cat=0
split_feature=44 65 52 31 41 34 41
split_gain=19810.8 12522.7 8639.64 8440.52 7348.32 5427.76 4978.31
threshold=1.0000000180025095e-35 0.22500000000000003 61.455000000000005 1.0000000180025095e-35 43.845000000000006 2.5000000000000004 35.445000000000007
decision_type=2 2 2 2 2 2 2
left_child=3 -2 4 -1 5 -3 -5
right_child=1 2 -4 6 -6 -7 -8
leaf_value=-0.11622262842323559 -0.0702292477237796 -0.047624636150358189 0.065190418317123008 -0.098757572017323519 0.030626308473044352 0.034270562247226112 0.0034539021737354713
leaf_weight=668 603 1116 1568 255 2629 451 713
leaf_count=668 603 1116 1568 255 2629 451 713
internal_value=0.000167346 0.016126 0.0252131 -0.0618007 0.0102142 -0.0240203 -0.0238408
internal_weight=8003 6367 5764 1636 4196 1567 968
internal_count=8003 6367 5764 1636 4196 1567 968
is_linear=0
shrinkage=0.02


Tree=161
num_leaves=8
num_cat=0
split_feature=64 42 66 42 66 44 34
split_gain=17821.1 13192.1 9263.84 9215.65 8117.79 6666.62 5326.87
threshold=1.5000000000000002 23.475000000000005 1.0000000180025095e-35 72.320000000000007 0.56250000000000011 1.0000000180025095e-35 3.5000000000000004
decision_type=2 2 2 2 2 2 2
left_child=-1 6 -3 4 5 -4 -2
right_child=1 2 3 -5 -6 -7 -8
leaf_value=-0.10832861732877792 -0.083905495103423114 -0.094831053117423195 -0.049647916109293075 0.074005885800978416 0.081443444943033377 0.013547673677211028 0.10218034863471985
leaf_weight=555 725 275 802 1145 584 3864 63
leaf_count=555 725 275 802 1145 584 3864 63
internal_value=0.00048735 0.00865223 0.0178089 0.022723 0.0114786 0.00264399 -0.0684776
internal_weight=8013 7458 6670 6395 5250 4666 788
internal_count=8013 7458 6670 6395 5250 4666 788
is_linear=0
shrinkage=0.02


Tree=162
num_leaves=8
num_cat=0
split_feature=44 41 33 33 41 41 31
split_gain=16878.3 10742.8 12778.2 8551.45 6192.1 5291.46 4894.16
threshold=1.0000000180025095e-35 62.315000000000005 1.5000000000000002 3.5000000000000004 20.030000000000005 71.760000000000005 1.0000000180025095e-35
decision_type=2 2 2 2 2 2 2
left_child=3 2 -2 5 -4 -1 -6
right_child=1 -3 4 -5 6 -7 -8
leaf_value=-0.099386616479429715 -0.067587341457108388 0.056511104174024121 -0.072217701555308655 0.019587704015727177 -0.010743390271841353 0.035120148434122998 0.040325705938034605
leaf_weight=1055 917 1806 290 426 1122 129 2252
leaf_count=1055 917 1806 290 426 1122 129 2252
internal_value=0.000678301 0.0152737 -0.00102757 -0.0570907 0.0156999 -0.0846457 0.0233523
internal_weight=7997 6387 4581 1610 3664 1184 3374
internal_count=7997 6387 4581 1610 3664 1184 3374
is_linear=0
shrinkage=0.02


Tree=163
num_leaves=8
num_cat=0
split_feature=66 16 40 41 52 41 52
split_gain=16878.8 17262.5 11020.9 6906.36 6760.88 5817.69 5353.37
threshold=0.43750000000000006 0.50035000000000007 71.345000000000013 28.885000000000002 70.035000000000011 17.840000000000003 61.695000000000007
decision_type=2 2 2 2 2 2 2
left_child=1 2 3 -1 5 -3 -5
right_child=-2 4 -4 6 -6 -7 -8
leaf_value=-0.13822775759441513 0.04591342726822463 -0.1415352210374636 0.046407611851726996 -0.069411153030284681 0.086138422584269778 0.0093525131204261307 0.0048921798080780446
leaf_weight=450 2186 102 389 1669 458 2280 504
leaf_count=450 2186 102 389 1669 458 2280 504
internal_value=-0.00144331 -0.0191574 -0.0524737 -0.0671985 0.0162068 0.00260839 -0.0522058
internal_weight=8038 5852 3012 2623 2840 2382 2173
internal_count=8038 5852 3012 2623 2840 2382 2173
is_linear=0
shrinkage=0.02


Tree=164
num_leaves=8
num_cat=0
split_feature=33 44 40 16 16 16 33
split_gain=17253.8 16906.3 11773.9 4914.91 4897.38 4572.45 4028.18
threshold=3.5000000000000004 1.0000000180025095e-35 45.705000000000005 0.38165000000000004 0.46285000000000004 0.50035000000000007 1.0000000180025095e-35
decision_type=2 2 2 2 2 2 2
left_child=1 5 4 -4 -3 -1 -5
right_child=-2 2 3 6 -6 -7 -8
leaf_value=-0.12367951916374507 0.046821664854408244 -0.0747927366802629 -0.025205659073422926 -0.054350164463928742 -0.0095204131239359936 -0.044378061122089127 0.047062092253878147
leaf_weight=615 2222 868 607 166 975 564 1976
leaf_count=615 2222 868 607 166 975 564 1976
internal_value=-0.000471914 -0.0187061 -0.00132995 0.0248766 -0.040381 -0.0860916 0.0390946
internal_weight=7993 5771 4592 2749 1843 1179 2142
internal_count=7993 5771 4592 2749 1843 1179 2142
is_linear=0
shrinkage=0.02


Tree=165
num_leaves=8
num_cat=0
split_feature=41 33 41 34 31 43 44
split_gain=17893.1 11522.4 7555.83 7395.76 7010.48 6379.29 4033.48
threshold=33.255000000000003 1.0000000180025095e-35 67.030000000000015 2.5000000000000004 1.0000000180025095e-35 1.0000000180025095e-35 1.0000000180025095e-35
decision_type=2 2 2 2 2 2 2
left_child=4 -2 3 5 -1 -3 -6
right_child=1 2 -4 -5 6 -7 -8
leaf_value=-0.11296023592850431 -0.098704868129227866 -0.053503650609936032 0.06001086434510753 0.050688832886136723 -0.097775363068288892 0.0091097349699082505 -0.0024683004709390496
leaf_weight=619 336 870 1480 1201 232 2537 710
leaf_count=619 336 870 1480 1201 232 2537 710
internal_value=-0.000312268 0.0144548 0.020776 0.00812313 -0.0609354 -0.00693398 -0.0263333
internal_weight=7985 6424 6088 4608 1561 3407 942
internal_count=7985 6424 6088 4608 1561 3407 942
is_linear=0
shrinkage=0.02


Tree=166
num_leaves=8
num_cat=0
split_feature=44 52 66 43 52 34 66
split_gain=16226.9 11055.8 7201.01 6767.73 5662.39 5138.68 3772.13
threshold=1.0000000180025095e-35 32.615000000000002 0.56250000000000011 1.0000000180025095e-35 48.765000000000008 2.5000000000000004 0.31250000000000006
decision_type=2 2 2 2 2 2 2
left_child=2 5 4 6 -1 -2 -3
right_child=1 3 -4 -5 -6 -7 -8
leaf_value=-0.1061647773082745 -0.055780198304536864 -0.048451560369062258 0.068615684545663899 0.042497592881418446 -0.027329836481254765 0.036383793313009075 0.022488228256583982
leaf_weight=761 1041 577 167 3890 704 311 614
leaf_count=761 1041 577 167 3890 704 311 614
internal_value=0.00192113 0.0162163 -0.0543049 0.0297384 -0.0685028 -0.0345238 -0.0119386
internal_weight=8065 6433 1632 5081 1465 1352 1191
internal_count=8065 6433 1632 5081 1465 1352 1191
is_linear=0
shrinkage=0.02


Tree=167
num_leaves=8
num_cat=0
split_feature=52 64 41 16 64 16 33
split_gain=16108.3 10974.8 8444.27 7596.62 7218.72 3831.38 3742.05
threshold=32.835000000000008 1.5000000000000002 24.235000000000003 0.39065000000000005 3.5000000000000004 0.38705000000000006 4.5000000000000009
decision_type=2 2 2 2 2 2 2
left_child=4 -2 6 -4 5 -1 -3
right_child=1 2 3 -5 -6 -7 -8
leaf_value=-0.13565804952200741 -0.086349482616468867 -0.083649806537148028 -0.010750145738206382 0.042372772005768916 0.0049485359557321388 -0.057705835161276343 0.071062384891510011
leaf_weight=371 404 400 1479 3937 551 815 70
leaf_count=371 404 400 1479 3937 551 815 70
internal_value=-0.00104084 0.0138546 0.0207998 0.0278694 -0.054865 -0.0825577 -0.0601021
internal_weight=8027 6290 5886 5416 1737 1186 470
internal_count=8027 6290 5886 5416 1737 1186 470
is_linear=0
shrinkage=0.02


Tree=168
num_leaves=8
num_cat=0
split_feature=33 33 33 12 12 47 47
split_gain=15263.8 7730.99 7201.18 6034.42 4074.84 2966.54 2588.98
threshold=2.5000000000000004 1.0000000180025095e-35 4.5000000000000009 42.165000000000006 68.995000000000019 6.5000000000000009 7.5000000000000009
decision_type=2 2 2 2 2 2 2
left_child=1 -1 4 -3 5 -2 -5
right_child=2 3 -4 6 -6 -7 -8
leaf_value=-0.1142179058809929 -0.017021674239633629 -0.051002768324612334 0.076021489207358933 -0.014683466879774225 0.059930422818570424 0.023366679878392801 0.035443964099903948
leaf_weight=403 1617 1532 828 1166 556 1314 631
leaf_count=403 1617 1532 828 1166 556 1314 631
internal_value=-0.00241999 -0.0320161 0.0231848 -0.0219086 0.0105477 0.00109383 0.00296783
internal_weight=8047 3732 4315 3329 3487 2931 1797
internal_count=8047 3732 4315 3329 3487 2931 1797
is_linear=0
shrinkage=0.02


Tree=169
num_leaves=8
num_cat=0
split_feature=40 66 34 42 12 66 64
split_gain=15938.1 13870.9 9412.44 9990.63 5254 4472.52 2987.07
threshold=19.550000000000001 1.0000000180025095e-35 2.5000000000000004 68.50500000000001 44.045000000000009 0.56250000000000011 3.5000000000000004
decision_type=2 2 2 2 2 2 2
left_child=5 -2 3 4 6 -1 -3
right_child=1 2 -4 -5 -6 -7 -8
leaf_value=-0.1244300652758373 -0.11496880251185854 -0.054158770482670426 0.052046997788973801 0.051058020561072101 0.0062068724064397755 0.058511587669772491 0.00064961200764255351
leaf_weight=489 353 1424 1801 1154 2156 57 551
leaf_count=489 353 1424 1801 1154 2156 57 551
internal_value=-0.00118211 0.0065013 0.0126293 -0.000839773 -0.0153817 -0.104974 -0.0389049
internal_weight=7985 7439 7086 5285 4131 546 1975
internal_count=7985 7439 7086 5285 4131 546 1975
is_linear=0
shrinkage=0.02


Tree=170
num_leaves=8
num_cat=0
split_feature=40 41 34 66 52 64 41
split_gain=16531.6 10707.8 11905.1 7352.42 7284.74 6116.57 5482.71
threshold=22.675000000000004 67.365000000000023 1.0000000180025095e-35 0.56250000000000011 58.860000000000007 3.5000000000000004 15.475000000000003
decision_type=2 2 2 2 2 2 2
left_child=5 2 -2 4 6 -1 -4
right_child=1 -3 3 -5 -6 -7 -8
leaf_value=-0.12569078675853282 -0.091988418386973164 0.057287705383765007 -0.16595296487516287 0.073665188625326894 0.035576738309078933 0.00019389522516673991 -0.013945706473224755
leaf_weight=524 535 1503 93 577 1434 218 3086
leaf_count=524 535 1503 93 577 1434 218 3086
internal_value=0.000622874 0.00987344 -0.00261348 0.00667921 -0.00177017 -0.0889521 -0.0186462
internal_weight=7970 7228 5725 5190 4613 742 3179
internal_count=7970 7228 5725 5190 4613 742 3179
is_linear=0
shrinkage=0.02


Tree=171
num_leaves=8
num_cat=0
split_feature=44 41 34 33 41 33 16
split_gain=18131.3 8946.64 9854.59 6446.67 6270.46 4635.47 4573.47
threshold=1.0000000180025095e-35 62.315000000000005 1.5000000000000002 1.5000000000000002 15.475000000000003 4.5000000000000009 0.58570000000000011
decision_type=2 2 2 2 2 2 2
left_child=3 2 -2 -1 -5 6 -6
right_child=1 -3 -4 4 5 -7 -8
leaf_value=-0.1364026062469138 -0.034583267451250899 0.051539575326514202 0.024412845401397522 -0.21758174963792165 -0.068235890950793937 0.072872370486711247 0.023535734914739925
leaf_weight=348 1991 1789 2613 70 797 152 295
leaf_count=348 1991 1789 2613 70 797 152 295
internal_value=-0.00165579 0.0136522 -0.00110987 -0.0604033 -0.0398348 -0.029002 -0.0434498
internal_weight=8055 6393 4604 1662 1314 1244 1092
internal_count=8055 6393 4604 1662 1314 1244 1092
is_linear=0
shrinkage=0.02


Tree=172
num_leaves=8
num_cat=0
split_feature=44 16 42 33 16 33 41
split_gain=16593.1 9636.14 8284.24 7153.21 6331.69 5382.32 4857.64
threshold=1.0000000180025095e-35 0.46745000000000009 13.175000000000002 3.5000000000000004 0.50035000000000007 3.5000000000000004 58.930000000000007
decision_type=2 2 2 2 2 2 2
left_child=3 5 -3 4 -1 6 -2
right_child=1 2 -4 -5 -6 -7 -8
leaf_value=-0.123773121637877 -0.051584823405966873 -0.12718927856002535 0.042734836467521957 0.015290329614210696 -0.032290682566467013 0.029646333108769244 0.015752147063122768
leaf_weight=640 1359 114 3417 415 579 847 622
leaf_count=640 1359 114 3417 415 579 847 622
internal_value=0.00045101 0.0150655 0.0370767 -0.0562962 -0.0806302 -0.0124343 -0.0304557
internal_weight=7993 6359 3531 1634 1219 2828 1981
internal_count=7993 6359 3531 1634 1219 2828 1981
is_linear=0
shrinkage=0.02


Tree=173
num_leaves=8
num_cat=0
split_feature=31 52 52 43 33 43 52
split_gain=15679.8 10417.5 4882.44 4837.55 4373.58 3942.97 3471.27
threshold=1.0000000180025095e-35 52.425000000000004 67.205000000000013 1.0000000180025095e-35 4.5000000000000009 1.0000000180025095e-35 32.615000000000002
decision_type=2 2 2 2 2 2 2
left_child=1 3 4 -1 5 -2 -5
right_child=2 -3 -4 6 -6 -7 -8
leaf_value=-0.115437269828575 -0.033344317151744823 0.0083694960174258877 0.066073754008983854 -0.086076458582494464 0.06370428873959047 0.017263661969578972 -0.020619864182784126
leaf_weight=520 822 1382 863 501 582 2407 914
leaf_count=520 822 1382 863 501 582 2407 914
internal_value=-0.000336391 -0.0335642 0.0232551 -0.0634582 0.013485 0.00434886 -0.0440171
internal_weight=7991 3317 4674 1935 3811 3229 1415
internal_count=7991 3317 4674 1935 3811 3229 1415
is_linear=0
shrinkage=0.02


Tree=174
num_leaves=8
num_cat=0
split_feature=41 34 64 42 16 16 16
split_gain=14475.6 10856.8 6215.05 6071.29 5988.15 4495.38 3648.97
threshold=53.935000000000009 1.5000000000000002 4.5000000000000009 28.025000000000002 0.49545000000000006 0.57125000000000015 0.49815000000000004
decision_type=2 2 2 2 2 2 2
left_child=1 3 4 -1 -3 -2 -5
right_child=5 2 -4 6 -6 -7 -8
leaf_value=-0.12094942417968611 0.015235368511671669 -0.03632138370231091 0.090834261847481348 -0.069226503120543265 0.028275961224877546 0.063824264335540684 -0.0076770739489202457
leaf_weight=466 2386 1263 287 771 1044 1117 768
leaf_count=466 2386 1263 287 771 1044 1117 768
internal_value=0.000190803 -0.0231303 0.00389749 -0.0580206 -0.00709084 0.0307978 -0.0386361
internal_weight=8102 4599 2594 2005 2307 3503 1539
internal_count=8102 4599 2594 2005 2307 3503 1539
is_linear=0
shrinkage=0.02


Tree=175
num_leaves=8
num_cat=0
split_feature=40 33 40 43 16 55 33
split_gain=13926.5 12040.8 8869.19 6547.02 4266.07 4251.45 4063.29
threshold=19.550000000000001 2.5000000000000004 72.305000000000021 1.0000000180025095e-35 0.51795000000000013 55.055000000000007 4.5000000000000009
decision_type=2 2 2 2 2 2 2
left_child=6 2 3 -2 -3 -5 -1
right_child=1 4 -4 5 -6 -7 -8
leaf_value=-0.11295271839990421 -0.08227917431767523 0.014284943580584908 0.055847078312403042 -0.0026632953165129166 0.056213265073429587 -0.079243354920584166 0.056087708816383829
leaf_weight=504 773 2316 533 1849 1672 339 61
leaf_count=504 773 2316 533 1849 1672 339 61
internal_value=0.000927586 0.00818219 -0.0189097 -0.0324378 0.0319121 -0.0146819 -0.0943704
internal_weight=8047 7482 3494 2961 3988 2188 565
internal_count=8047 7482 3494 2961 3988 2188 565
is_linear=0
shrinkage=0.02


Tree=176
num_leaves=8
num_cat=0
split_feature=31 42 16 33 42 42 16
split_gain=15696.3 10929.1 8185.2 5906.43 6194.72 5757.9 5234.42
threshold=1.0000000180025095e-35 80.790000000000006 0.36255000000000004 1.0000000180025095e-35 14.795000000000002 9.1200000000000028 0.50455000000000017
decision_type=2 2 2 2 2 2 2
left_child=1 2 -1 -4 -5 -2 -7
right_child=5 -3 3 4 -6 6 -8
leaf_value=-0.10238565684062369 -0.095406225802436961 0.0930994889596405 -0.11007716894354799 -0.1509383547402979 -0.0046787462992127988 0.0092788306208195521 0.052462836089017389
leaf_weight=700 150 253 281 118 1995 2509 2031
leaf_count=700 150 253 281 118 1995 2509 2031
internal_value=0.000968186 -0.0320905 -0.0424611 -0.0247624 -0.0131836 0.0245694 0.028634
internal_weight=8037 3347 3094 2394 2113 4690 4540
internal_count=8037 3347 3094 2394 2113 4690 4540
is_linear=0
shrinkage=0.02


Tree=177
num_leaves=8
num_cat=0
split_feature=40 44 65 42 65 52 40
split_gain=13504.4 9439.76 7527.7 6666.88 4928.28 4542.64 4410.15
threshold=50.305000000000007 1.0000000180025095e-35 0.22500000000000003 9.1200000000000028 0.76388888888888895 31.455000000000002 81.645000000000024
decision_type=2 2 2 2 2 2 2
left_child=1 4 -3 -4 -1 -5 -2
right_child=6 2 3 5 -6 -7 -8
leaf_value=-0.096334800897515241 0.018696458334409086 -0.10733425368447053 -0.12940885874976715 -0.038398161777749476 0.078799051834978692 0.021940134012771919 0.083977525317883592
leaf_weight=822 3416 280 145 651 66 2083 467
leaf_count=822 3416 280 145 651 66 2083 467
internal_value=1.81528e-05 -0.0255316 -0.00928565 0.000419722 -0.0829498 0.00752895 0.0266456
internal_weight=7930 4047 3159 2879 888 2734 3883
internal_count=7930 4047 3159 2879 888 2734 3883
is_linear=0
shrinkage=0.02


Tree=178
num_leaves=8
num_cat=0
split_feature=43 33 33 40 40 12 33
split_gain=13491.6 7672.36 7173.34 6156.01 5485.88 5374.1 3990.91
threshold=1.0000000180025095e-35 1.0000000180025095e-35 3.5000000000000004 21.625000000000004 34.475000000000001 59.515000000000008 4.5000000000000009
decision_type=2 2 2 2 2 2 2
left_child=2 -2 4 6 -1 -5 -3
right_child=1 3 -4 5 -6 -7 -8
leaf_value=-0.12716822640499287 -0.08744089933804873 -0.074358960057517867 0.021323968143906535 0.013573924272001228 -0.041947760529995118 0.058271024095128292 0.1218892100516786
leaf_weight=426 272 374 487 3836 1041 1493 42
leaf_count=426 272 374 487 3836 1041 1493 42
internal_value=0.000571412 0.0154024 -0.0450207 0.0203433 -0.0670427 0.0261394 -0.0533331
internal_weight=7971 6017 1954 5745 1467 5329 416
internal_count=7971 6017 1954 5745 1467 5329 416
is_linear=0
shrinkage=0.02


Tree=179
num_leaves=8
num_cat=0
split_feature=41 33 33 41 33 55 12
split_gain=12341.7 9685.66 6267.66 6690.16 4745.14 3591.63 3466.47
threshold=52.735000000000007 1.5000000000000002 4.5000000000000009 14.405000000000003 1.0000000180025095e-35 56.885000000000012 45.535000000000004
decision_type=2 2 2 2 2 2 2
left_child=1 -1 3 -3 -2 6 -5
right_child=4 2 -4 5 -6 -7 -8
leaf_value=-0.082292655297875134 -0.068401371204123207 -0.13694233231625316 0.064071670927298374 -0.026529580110313027 0.032859558239886025 -0.074912345403306241 0.020137317089378045
leaf_weight=862 191 172 424 1225 3449 301 1315
leaf_count=862 191 172 424 1225 3449 301 1315
internal_value=0.000379804 -0.0225542 -0.00747395 -0.0176316 0.0274596 -0.0101804 -0.00237726
internal_weight=7939 4299 3437 3013 3640 2841 2540
internal_count=7939 4299 3437 3013 3640 2841 2540
is_linear=0
shrinkage=0.02


Tree=180
num_leaves=8
num_cat=0
split_feature=52 34 44 34 40 42 42
split_gain=12957.8 6546.4 5707.59 4478.82 4328.11 4123.7 3846.29
threshold=45.045000000000009 1.5000000000000002 1.0000000180025095e-35 2.5000000000000004 31.845000000000002 41.035000000000004 15.815000000000003
decision_type=2 2 2 2 2 2 2
left_child=1 4 3 -2 -1 -3 -4
right_child=2 5 6 -5 -6 -7 -8
leaf_value=-0.12318211268985853 -0.048000904767607357 -0.040392754663563596 -0.075720024662693661 0.052431540899917861 -0.042498751252252831 0.019593310039009614 0.036510304452416577
leaf_weight=344 699 779 122 233 1165 1099 3508
leaf_count=344 699 779 122 233 1165 1099 3508
internal_value=-0.000681503 -0.0302922 0.0213117 -0.022747 -0.0612378 -0.00533027 0.0326394
internal_weight=7949 3387 4562 932 1509 1878 3630
internal_count=7949 3387 4562 932 1509 1878 3630
is_linear=0
shrinkage=0.02


Tree=181
num_leaves=8
num_cat=0
split_feature=52 44 33 41 34 52 44
split_gain=13881.6 10759.8 6146.51 5986.67 3647.78 3548.65 3262.54
threshold=58.635000000000012 1.0000000180025095e-35 4.5000000000000009 33.255000000000003 2.5000000000000004 15.630000000000001 1.0000000180025095e-35
decision_type=2 2 2 2 2 2 2
left_child=1 2 -1 -3 5 -5 -2
right_child=6 3 -4 4 -6 -7 -8
leaf_value=-0.088899706454415403 -0.0055499775271939623 -0.051313092251594652 0.068765297796963165 -0.08291153830418177 0.043801261231985314 0.0030100182259549073 0.050309348958703148
leaf_weight=1003 528 847 106 204 847 2399 1990
leaf_count=1003 528 847 106 204 847 2399 1990
internal_value=-0.000133869 -0.0181982 -0.0735888 -0.00383368 0.00788025 -0.0038698 0.0386084
internal_weight=7924 5406 1109 4297 3450 2603 2518
internal_count=7924 5406 1109 4297 3450 2603 2518
is_linear=0
shrinkage=0.02


Tree=182
num_leaves=8
num_cat=0
split_feature=34 16 34 40 43 42 42
split_gain=12202.4 10079.7 7992.75 8568.98 8015.09 3706.87 3544.56
threshold=1.0000000180025095e-35 0.57745000000000013 3.5000000000000004 72.590000000000018 1.0000000180025095e-35 20.675000000000004 80.790000000000006
decision_type=2 2 2 2 2 2 2
left_child=6 2 3 4 -2 -6 -1
right_child=1 -3 -4 -5 5 -7 -8
leaf_value=-0.090044970283825201 -0.073207446531783932 0.044210822500877711 0.067064211216832079 0.05759697960327391 -0.07867707740113461 -0.0020334481727331878 0.074555279797521135
leaf_weight=674 1047 2162 516 558 273 2746 53
leaf_count=674 1047 2162 516 558 273 2746 53
internal_value=0.000233458 0.00803229 -0.0072134 -0.0155656 -0.0256646 -0.00908275 -0.0776179
internal_weight=8029 7302 5140 4624 4066 3019 727
internal_count=8029 7302 5140 4624 4066 3019 727
is_linear=0
shrinkage=0.02


Tree=183
num_leaves=8
num_cat=0
split_feature=43 41 65 65 41 41 15
split_gain=10636.9 6732.83 5651.65 4972.81 3653.26 3008.16 3533.5
threshold=1.0000000180025095e-35 18.610000000000003 0.53571428571428581 1.0000000180025095e-35 79.385000000000005 71.760000000000005 1.5000000000000002
decision_type=2 2 2 2 2 2 2
left_child=2 -2 4 -3 -1 6 -5
right_child=1 3 -4 5 -6 -7 -8
leaf_value=-0.083316863736603408 -0.082113442004968729 -0.042138132330993887 -0.0064198885733111298 0.024710608989805875 0.07904506880044937 0.058326643906788135 -0.021803339591021077
leaf_weight=955 283 513 961 3616 55 804 793
leaf_count=955 283 513 961 3616 55 804 793
internal_value=-0.000958675 0.0122694 -0.0412161 0.0170017 -0.0741295 0.0228563 0.0163294
internal_weight=7980 6009 1971 5726 1010 5213 4409
internal_count=7980 6009 1971 5726 1010 5213 4409
is_linear=0
shrinkage=0.02


Tree=184
num_leaves=8
num_cat=0
split_feature=52 44 41 31 41 33 43
split_gain=13299.4 8800.7 6006.1 4939.86 4900.97 5965.97 3969.51
threshold=33.585000000000008 1.0000000180025095e-35 29.290000000000003 1.0000000180025095e-35 68.365000000000023 2.5000000000000004 1.0000000180025095e-35
decision_type=2 2 2 2 2 2 2
left_child=2 3 -1 -2 5 6 -3
right_child=1 4 -4 -5 -6 -7 -8
leaf_value=-0.1225943269854347 -0.0809432407895955 -0.060294370968417575 -0.029796878488275013 -5.0631365694339411e-05 0.06584823762137576 0.038044685127428098 0.0068778319147848842
leaf_weight=341 511 476 1471 728 980 2192 1308
leaf_count=341 511 476 1471 728 980 2192 1308
internal_value=3.39532e-05 0.013979 -0.0475497 -0.0336044 0.0258967 0.0159792 -0.0111632
internal_weight=8007 6195 1812 1239 4956 3976 1784
internal_count=8007 6195 1812 1239 4956 3976 1784
is_linear=0
shrinkage=0.02


Tree=185
num_leaves=8
num_cat=0
split_feature=31 42 41 40 52 52 10
split_gain=12279.2 9813.37 7539.16 6694.53 6280.73 3108.72 2828.39
threshold=1.0000000180025095e-35 80.790000000000006 20.030000000000005 18.925000000000004 50.485000000000007 34.120000000000012 14569.450000000003
decision_type=2 2 2 2 2 2 2
left_child=1 2 -1 -2 -4 -5 -6
right_child=3 -3 4 5 6 -7 -8
leaf_value=-0.16097356505226343 -0.066479449873637284 0.085034706884981603 -0.057933468393203319 -0.003877300315558942 -0.049998293004090685 0.036113959782374833 0.01812257710783766
leaf_weight=187 324 271 1594 1004 319 3428 980
leaf_count=187 324 271 1594 1004 319 3428 980
internal_value=-2.79069e-05 -0.0293271 -0.0395109 0.0206249 -0.0313956 0.0270604 0.00126633
internal_weight=8107 3351 3080 4756 2893 4432 1299
internal_count=8107 3351 3080 4756 2893 4432 1299
is_linear=0
shrinkage=0.02


Tree=186
num_leaves=8
num_cat=0
split_feature=64 52 16 64 40 33 33
split_gain=13014.3 10778.3 7376.32 5904.48 5342.06 3554.6 3361.08
threshold=1.5000000000000002 39.615000000000002 0.56205000000000016 3.5000000000000004 11.365000000000002 1.0000000180025095e-35 4.5000000000000009
decision_type=2 2 2 2 2 2 2
left_child=-1 3 5 4 -2 -3 -6
right_child=1 2 -4 -5 6 -7 -8
leaf_value=-0.09286293733011311 -0.19597078698066372 -0.10277641994973361 0.055832169578883317 0.01385892181923 -0.04867057296101665 0.0089738359585253957 0.082616002302033351
leaf_weight=571 91 113 1733 858 1444 3245 78
leaf_count=571 91 113 1733 858 1444 3245 78
internal_value=-0.0012208 0.00575581 0.0223849 -0.0284812 -0.0509763 0.00506612 -0.0416939
internal_weight=8133 7562 5091 2471 1613 3358 1522
internal_count=8133 7562 5091 2471 1613 3358 1522
is_linear=0
shrinkage=0.02


Tree=187
num_leaves=8
num_cat=0
split_feature=33 41 40 40 33 33 12
split_gain=10724.3 9128.67 6397.55 6258.51 5813.19 3789.19 3167.16
threshold=2.5000000000000004 67.365000000000023 30.690000000000001 14.215000000000002 1.0000000180025095e-35 5.5000000000000009 71.660000000000011
decision_type=2 2 2 2 2 2 2
left_child=1 2 -1 -2 -4 -5 -6
right_child=3 -3 4 5 6 -7 -8
leaf_value=-0.10015147645391549 -0.091915441844612367 0.037562943502162195 -0.11378654725443234 0.020093203377209125 -0.024913492568338382 0.10127733759673274 0.050053880966734139
leaf_weight=597 187 714 270 3872 1898 240 251
leaf_count=597 187 714 270 3872 1898 240 251
internal_value=-0.00175564 -0.0265519 -0.0417673 0.0197645 -0.0271815 0.0249488 -0.0160616
internal_weight=8029 3730 3016 4299 2419 4112 2149
internal_count=8029 3730 3016 4299 2419 4112 2149
is_linear=0
shrinkage=0.02


Tree=188
num_leaves=8
num_cat=0
split_feature=31 16 40 41 16 16 41
split_gain=11313.6 8199.1 6365.41 4645.55 3828.91 3367.31 3294.81
threshold=1.0000000180025095e-35 0.38535000000000003 11.365000000000002 36.045000000000009 0.61585000000000012 0.57345000000000013 29.290000000000003
decision_type=2 2 2 2 2 2 2
left_child=1 -1 -2 -3 6 -5 -4
right_child=2 3 4 5 -6 -7 -8
leaf_value=-0.082507765735370206 -0.10573978269437576 -0.06219870594335259 -0.035404614174267074 -0.01965509494300053 0.057450371183379229 0.03393998115351169 0.020844919447548987
leaf_weight=859 154 540 477 1055 1003 836 3077
leaf_count=859 154 540 477 1055 1003 836 3077
internal_value=-0.00114908 -0.029583 0.0187185 -0.0107509 0.0230357 0.00406599 0.0132563
internal_weight=8001 3290 4711 2431 4557 1891 3554
internal_count=8001 3290 4711 2431 4557 1891 3554
is_linear=0
shrinkage=0.02


Tree=189
num_leaves=8
num_cat=0
split_feature=52 41 66 40 66 40 55
split_gain=11851.8 6222.08 6186.34 4426.89 4539.36 3324.56 2682.51
threshold=45.525000000000013 13.115 0.31250000000000006 81.645000000000024 0.18750000000000003 31.265000000000004 54.735000000000007
decision_type=2 2 2 2 2 2 2
left_child=1 -1 5 4 -2 -3 -7
right_child=3 2 -4 -5 -6 6 -8
leaf_value=-0.16501051170384792 -0.026756432545819768 -0.10712132765891942 0.0036644260741260522 0.089903645552481926 0.025946660280518015 -0.022855631371841337 -0.10208209222864087
leaf_weight=122 805 328 1751 345 3395 1062 200
leaf_count=122 805 328 1751 345 3395 1062 200
internal_value=0.000312669 -0.0275394 -0.0222805 0.0215411 0.0158254 -0.0507744 -0.0357646
internal_weight=8008 3463 3341 4545 4200 1590 1262
internal_count=8008 3463 3341 4545 4200 1590 1262
is_linear=0
shrinkage=0.02


Tree=190
num_leaves=8
num_cat=0
split_feature=16 10 52 34 44 52 8
split_gain=11731.8 6830.87 6499.74 5099.19 4498.86 4251.56 2810.67
threshold=0.42885000000000006 19100.500000000004 67.595000000000013 2.5000000000000004 1.0000000180025095e-35 61.455000000000005 36.495000000000012
decision_type=2 2 2 2 2 2 2
left_child=1 -1 3 4 -2 6 -3
right_child=2 5 -4 -5 -6 -7 -8
leaf_value=-0.082953101096947923 -0.053713019218814502 -0.014833448653904877 0.062900441058673387 0.045876275529911477 0.0055617322427786746 0.032883827188451377 -0.076075148575799764
leaf_weight=801 636 1099 987 972 2545 555 409
leaf_count=801 636 1099 987 972 2545 555 409
internal_value=-0.00116691 -0.0335715 0.0169039 0.00590993 -0.00635519 -0.0142439 -0.0316399
internal_weight=8004 2864 5140 4153 3181 2063 1508
internal_count=8004 2864 5140 4153 3181 2063 1508
is_linear=0
shrinkage=0.02


Tree=191
num_leaves=8
num_cat=0
split_feature=16 64 52 52 64 45 33
split_gain=11874.5 9817.18 6945.05 4443.11 3877.9 3679.63 2686.96
threshold=0.51795000000000013 3.5000000000000004 64.405000000000015 34.365000000000002 1.5000000000000002 1.0000000180025095e-35 1.0000000180025095e-35
decision_type=2 2 2 2 2 2 2
left_child=1 2 4 -2 -1 -6 -5
right_child=3 -3 -4 6 5 -7 -8
leaf_value=-0.13248525971961472 -0.015034960923123555 0.016818872893964987 0.016023907910693774 -0.039201082051871061 -0.026582379794131174 -0.080338795772092714 0.043945924890871395
leaf_weight=260 793 1615 600 162 1143 925 2497
leaf_count=260 793 1615 600 162 1143 925 2497
internal_value=-0.00149887 -0.0227351 -0.0445434 0.0264415 -0.0601544 -0.050763 0.0388161
internal_weight=7995 4543 2928 3452 2328 2068 2659
internal_count=7995 4543 2928 3452 2328 2068 2659
is_linear=0
shrinkage=0.02


Tree=192
num_leaves=8
num_cat=0
split_feature=40 34 41 34 42 34 40
split_gain=10467.2 7339.68 4924.72 3749.97 3472.12 2491.65 2591.53
threshold=20.080000000000002 1.5000000000000002 72.595000000000013 3.5000000000000004 26.055000000000003 3.5000000000000004 58.175000000000004
decision_type=2 2 2 2 2 2 2
left_child=3 2 4 -1 -2 6 -3
right_child=1 5 -4 -5 -6 -7 -8
leaf_value=-0.095294840194962233 -0.092972959459150739 0.0054653400895554706 0.04500100428096479 0.074231863122875413 -0.018234299389017584 0.060659783170435785 0.041373362268248844
leaf_weight=545 272 2330 454 54 2481 640 1224
leaf_count=545 272 2330 454 54 2481 640 1224
internal_value=0.000533915 0.00706272 -0.0157 -0.079524 -0.0257737 0.0244665 0.0178728
internal_weight=8000 7401 3207 599 2753 4194 3554
internal_count=8000 7401 3207 599 2753 4194 3554
is_linear=0
shrinkage=0.02


Tree=193
num_leaves=8
num_cat=0
split_feature=52 31 42 42 33 42 33
split_gain=10529.9 8817.23 4763.69 4609.89 3540.76 3624.84 3072.79
threshold=58.635000000000012 1.0000000180025095e-35 9.1200000000000028 16.500000000000004 1.0000000180025095e-35 71.985000000000014 5.5000000000000009
decision_type=2 2 2 2 2 2 2
left_child=1 3 -3 -1 -5 -6 -4
right_child=-2 2 6 4 5 -7 -8
leaf_value=-0.14992566564037829 0.033121329643761785 -0.11605956160682973 0.006371946791524411 -0.10535069711396799 -0.039525997437564089 0.037535123863102253 0.10076071430485824
leaf_weight=153 2558 118 2865 267 1628 283 140
leaf_count=153 2558 118 2865 267 1628 283 140
internal_value=-0.000320201 -0.0160207 0.00595347 -0.0454107 -0.0377422 -0.0280458 0.0109295
internal_weight=8012 5454 3123 2331 2178 1911 3005
internal_count=8012 5454 3123 2331 2178 1911 3005
is_linear=0
shrinkage=0.02


Tree=194
num_leaves=8
num_cat=0
split_feature=41 33 16 33 31 16 40
split_gain=11007.3 7564.51 5698.89 5317.92 4777.22 4500.31 4280.13
threshold=36.045000000000009 1.0000000180025095e-35 0.57745000000000013 4.5000000000000009 1.0000000180025095e-35 0.50155000000000005 81.645000000000024
decision_type=2 2 2 2 2 2 2
left_child=3 -2 4 5 6 -1 -3
right_child=1 2 -4 -5 -6 -7 -8
leaf_value=-0.086139866028228346 -0.084662447961111123 -0.035662427734863875 0.044933128375539096 0.055990305869810041 0.018708310762617239 -0.019687503480840297 0.089856694811891943
leaf_weight=929 316 1404 1773 181 2551 730 113
leaf_count=929 316 1404 1773 181 2551 730 113
internal_value=-0.00295215 0.00988115 0.015064 -0.0458053 0.00200667 -0.0570462 -0.0260481
internal_weight=7997 6157 5841 1840 4068 1659 1517
internal_count=7997 6157 5841 1840 4068 1659 1517
is_linear=0
shrinkage=0.02


Tree=195
num_leaves=8
num_cat=0
split_feature=44 42 12 33 42 43 33
split_gain=10702.5 6211.92 5122.35 4681.58 4658.91 4302.92 3358.15
threshold=1.0000000180025095e-35 17.205000000000002 45.970000000000006 1.5000000000000002 58.305000000000007 1.0000000180025095e-35 3.5000000000000004
decision_type=2 2 2 2 2 2 2
left_child=4 6 3 -3 5 -1 -2
right_child=1 2 -4 -5 -6 -7 -8
leaf_value=-0.12742098604973259 -0.10882370973488251 -0.0471887583934378 0.035613714193776846 0.012037193786205349 0.010425712331823989 -0.041900237199298258 0.024015603701450994
leaf_weight=326 246 682 2982 2390 434 846 107
leaf_count=326 246 682 2982 2390 434 846 107
internal_value=0.000611998 0.0121902 0.0169646 -0.00116659 -0.0454727 -0.0661287 -0.0687849
internal_weight=8013 6407 6054 3072 1606 1172 353
internal_count=8013 6407 6054 3072 1606 1172 353
is_linear=0
shrinkage=0.02


Tree=196
num_leaves=8
num_cat=0
split_feature=44 41 52 31 41 64 64
split_gain=10677.6 5636.43 5606.05 5571.56 3553.16 4285.37 3109.74
threshold=1.0000000180025095e-35 15.475000000000003 32.835000000000008 1.0000000180025095e-35 67.365000000000023 4.5000000000000009 1.0000000180025095e-35
decision_type=2 2 2 2 2 2 2
left_child=1 -1 -2 6 5 -4 -3
right_child=2 3 4 -5 -6 -7 -8
leaf_value=-0.20073816449804738 -0.022785643962639809 -0.22197547054496305 0.0067369777240309818 -0.0037269480646107823 0.054529327894384381 0.075747945013642307 -0.06640258187748159
leaf_weight=83 1401 53 3607 899 1076 395 577
leaf_count=83 1401 53 3607 899 1076 395 577
internal_value=0.00111014 -0.0448701 0.012576 -0.0357823 0.0223449 0.0136344 -0.0811352
internal_weight=8091 1612 6479 1529 5078 4002 630
internal_count=8091 1612 6479 1529 5078 4002 630
is_linear=0
shrinkage=0.02


Tree=197
num_leaves=8
num_cat=0
split_feature=44 16 41 43 41 9 10
split_gain=11563 6099.47 4651.99 4384.2 3340.95 3122.35 3108.84
threshold=1.0000000180025095e-35 0.36255000000000004 71.760000000000005 1.0000000180025095e-35 15.475000000000003 12.500000000000002 14237.750000000002
decision_type=2 2 2 2 2 2 2
left_child=2 6 4 -3 -1 -5 -2
right_child=1 3 -4 5 -6 -7 -8
leaf_value=-0.18497583702570056 -0.087954746734955014 -0.01159854967886554 0.04405043954230272 0.026254928391533774 -0.052643910912261553 0.086581239594102841 -0.011095346600144057
leaf_weight=77 254 1189 190 3434 1359 378 1135
leaf_count=77 254 1189 190 3434 1359 378 1135
internal_value=-0.000524973 0.0115987 -0.0480592 0.0218943 -0.0603569 0.0323425 -0.0254153
internal_weight=8016 6390 1626 5001 1436 3812 1389
internal_count=8016 6390 1626 5001 1436 3812 1389
is_linear=0
shrinkage=0.02


Tree=198
num_leaves=8
num_cat=0
split_feature=52 41 31 16 43 65 41
split_gain=10604.4 7850.19 5357.73 3626.64 3227.05 3104 2583.73
threshold=54.035000000000004 28.565000000000001 1.0000000180025095e-35 0.38355000000000006 1.0000000180025095e-35 0.76388888888888895 56.715000000000011
decision_type=2 2 2 2 2 2 2
left_child=1 5 3 -3 -2 -1 -4
right_child=4 2 6 -5 -6 -7 -8
leaf_value=-0.090247090933359947 -0.0084117383673435586 -0.084197156568211307 -0.0063065729729367614 -0.017759392871427849 0.038672459951425403 0.062739432848106 0.036254574456862011
leaf_weight=687 758 438 1353 1289 2484 54 980
leaf_count=687 758 438 1353 1289 2484 54 980
internal_value=-0.000254141 -0.0191184 -0.00815094 -0.0348037 0.0276679 -0.0787525 0.011611
internal_weight=8043 4801 4060 1727 3242 741 2333
internal_count=8043 4801 4060 1727 3242 741 2333
is_linear=0
shrinkage=0.02


Tree=199
num_leaves=8
num_cat=0
split_feature=52 64 64 12 55 64 42
split_gain=10332.4 7560.54 4479.7 4367.75 3746.43 3093.02 3045.68
threshold=32.615000000000002 1.5000000000000002 3.5000000000000004 59.07500000000001 54.735000000000007 4.5000000000000009 71.985000000000014
decision_type=2 2 2 2 2 2 2
left_child=2 -2 4 5 -1 6 -3
right_child=1 3 -4 -5 -6 -7 -8
leaf_value=-0.049778892368926096 -0.070525541933914623 -0.0098251288861795644 0.00249323469099155 0.040746876125897356 -0.14353208486185898 0.062590116140859048 0.037609933308266619
leaf_weight=977 426 2968 549 1945 205 327 657
leaf_count=977 426 2968 549 1945 205 327 657
internal_value=-0.0015034 0.0103552 -0.0447254 0.0162528 -0.0665751 0.00416163 -0.00118797
internal_weight=8054 6323 1731 5897 1182 3952 3625
internal_count=8054 6323 1731 5897 1182 3952 3625
is_linear=0
shrinkage=0.02


Tree=200
num_leaves=8
num_cat=0
split_feature=44 31 40 40 55 16 31
split_gain=9964.62 6212.17 6468.19 4979.34 4667.69 3550.28 3249.46
threshold=1.0000000180025095e-35 1.0000000180025095e-35 56.695000000000007 36.615000000000002 53.675000000000004 0.38895000000000007 1.0000000180025095e-35
decision_type=2 2 2 2 2 2 2
left_child=3 2 5 -1 6 -2 -5
right_child=1 -3 -4 4 -6 -7 -8
leaf_value=-0.094882224251087471 -0.080619291460962028 0.029313737369344978 0.029947566900568212 -0.043106903393003507 -0.10221840259337098 -0.016062415333928069 0.032979653090266632
leaf_weight=499 474 3757 983 384 213 1193 526
leaf_count=499 474 3757 983 384 213 1193 526
internal_value=0.00157411 0.0127896 -0.0106483 -0.042631 -0.0190957 -0.0346049 0.000812689
internal_weight=8029 6407 2650 1622 1123 1667 910
internal_count=8029 6407 2650 1622 1123 1667 910
is_linear=0
shrinkage=0.02


Tree=201
num_leaves=8
num_cat=0
split_feature=43 12 31 55 12 55 46
split_gain=9785.11 5576.74 3704.29 3371.22 2500.02 2492.61 1916.21
threshold=1.0000000180025095e-35 42.165000000000006 1.0000000180025095e-35 55.185000000000009 77.385000000000005 53.95000000000001 2.5000000000000004
decision_type=2 2 2 2 2 2 2
left_child=2 3 6 -2 5 -3 -1
right_child=1 4 -4 -5 -6 -7 -8
leaf_value=-0.13763618511900511 -0.00090378141222814028 0.029813567507351122 -0.015680671614453249 -0.064893576339504877 0.06847148054819871 -0.018333317978056662 -0.056848112763732923
leaf_weight=141 2244 2363 1127 381 524 522 711
leaf_count=141 2244 2363 1127 381 524 522 711
internal_value=-0.00105661 0.011604 -0.0395911 -0.0102972 0.0284588 0.0210854 -0.070943
internal_weight=8013 6034 1979 2625 3409 2885 852
internal_count=8013 6034 1979 2625 3409 2885 852
is_linear=0
shrinkage=0.02


Tree=202
num_leaves=8
num_cat=1
split_feature=52 64 42 15 64 42 2
split_gain=8633.88 8078.36 6262.6 4305.94 2520.51 2520.42 2272.05
threshold=66.865000000000023 1.5000000000000002 17.205000000000002 1.5000000000000002 4.5000000000000009 72.320000000000007 0
decision_type=2 2 2 2 2 2 1
left_child=1 -1 -3 4 5 6 -4
right_child=-2 2 3 -5 -6 -7 -8
leaf_value=-0.089653522918621692 0.045028045112817855 -0.076103332765859455 -0.049557660522996261 -0.03078162842828849 0.058879028595373278 0.046549715335731927 0.0064318348529184433
leaf_weight=445 1517 417 304 1142 422 570 3166
leaf_count=445 1517 417 304 1142 422 570 3166
internal_value=0.00216884 -0.00791346 -0.00180284 0.00378885 0.0126613 0.00776684 0.00133835
internal_weight=7983 6466 6021 5604 4462 4040 3470
internal_count=7983 6466 6021 5604 4462 4040 3470
cat_boundaries=0 1
cat_threshold=1
is_linear=0
shrinkage=0.02


Tree=203
num_leaves=8
num_cat=0
split_feature=16 64 40 43 33 12 12
split_gain=10421.3 6951.1 6393.75 4369.18 4161.9 3391.1 2894.6
threshold=0.50455000000000017 3.5000000000000004 71.345000000000013 1.0000000180025095e-35 3.5000000000000004 58.845000000000006 58.085000000000008
decision_type=2 2 2 2 2 2 2
left_child=1 2 4 -2 5 -1 -5
right_child=3 -3 -4 6 -6 -7 -8
leaf_value=-0.079004014103305237 -0.013652044013622567 0.013910152672253588 0.043377550833943214 0.023982676274051741 0.002725168539668029 -0.018917246457167705 0.068213391089463768
leaf_weight=1447 873 1509 325 1951 472 512 851
leaf_count=1447 873 1509 325 1951 472 512 851
internal_value=0.000691593 -0.0205666 -0.0394348 0.0253571 -0.0505723 -0.063388 0.0375136
internal_weight=7940 4265 2756 3675 2431 1959 2802
internal_count=7940 4265 2756 3675 2431 1959 2802
is_linear=0
shrinkage=0.02


Tree=204
num_leaves=8
num_cat=0
split_feature=31 40 40 40 34 66 55
split_gain=9163.99 6942.73 5442.66 4459.81 3899.98 2850.73 2959.39
threshold=1.0000000180025095e-35 31.265000000000004 81.645000000000024 8.9700000000000024 2.5000000000000004 0.68750000000000011 48.895000000000003
decision_type=2 2 2 2 2 2 2
left_child=1 -1 4 -2 -3 6 -5
right_child=3 2 -4 5 -6 -7 -8
leaf_value=-0.086582044593401644 -0.10397748563725215 -0.029011786872109712 0.088658781522512428 0.029185471871419386 0.045682568995980548 0.089632180077689028 -0.0060462528415205479
leaf_weight=603 112 2232 195 2853 315 226 1429
leaf_count=603 112 2232 195 2853 315 226 1429
internal_value=-0.000239605 -0.0254302 -0.011849 0.0180068 -0.0197026 0.0211493 0.0174345
internal_weight=7965 3345 2742 4620 2547 4508 4282
internal_count=7965 3345 2742 4620 2547 4508 4282
is_linear=0
shrinkage=0.02


Tree=205
num_leaves=8
num_cat=0
split_feature=16 64 40 34 42 52 66
split_gain=9968.26 7410.61 6158.82 5229.7 4070.55 3987.59 3891.09
threshold=0.50895000000000012 3.5000000000000004 71.345000000000013 3.5000000000000004 10.480000000000002 53.57500000000001 1.0000000180025095e-35
decision_type=2 2 2 2 2 2 2
left_child=1 2 3 5 -2 -1 -6
right_child=4 -3 -4 -5 6 -7 -8
leaf_value=-0.076541968946912675 -0.092318800821386535 0.014457345553632464 0.039695427382440238 0.068784115274037633 -0.05458562508921757 -0.022108584074071232 0.03352823969997723
leaf_weight=1531 111 1572 341 135 209 837 3298
leaf_count=1531 111 1572 341 135 209 837 3298
internal_value=-0.000207338 -0.020362 -0.0395997 -0.0504602 0.0243868 -0.0573889 0.0282068
internal_weight=8034 4416 2844 2503 3618 2368 3507
internal_count=8034 4416 2844 2503 3618 2368 3507
is_linear=0
shrinkage=0.02


Tree=206
num_leaves=8
num_cat=0
split_feature=52 42 34 9 42 34 57
split_gain=9201.22 7406.79 5598.77 3313.14 3027.26 2894.66 2457.73
threshold=59.07500000000001 17.205000000000002 1.5000000000000002 4.5000000000000009 80.415000000000006 1.0000000180025095e-35 35.355000000000011
decision_type=2 2 2 2 2 2 2
left_child=1 3 4 -1 5 -3 -2
right_child=6 2 -4 -5 -6 -7 -8
leaf_value=-0.15582684132804725 0.052207188701425052 -0.082444111249522015 0.010585408164428281 -0.040060433516969703 0.049338291717028762 -0.025519210150353286 0.012055457230540545
leaf_weight=192 1215 459 2847 208 166 1593 1227
leaf_count=192 1215 459 2847 208 166 1593 1227
internal_value=-0.000138145 -0.0145591 -0.00796989 -0.0968661 -0.0317575 -0.0384219 0.0320985
internal_weight=7907 5465 5065 400 2218 2052 2442
internal_count=7907 5465 5065 400 2218 2052 2442
is_linear=0
shrinkage=0.02


Tree=207
num_leaves=8
num_cat=0
split_feature=44 42 52 55 33 42 12
split_gain=9303.08 6432.58 4698.37 4387.11 4154.85 2848.54 2853.09
threshold=1.0000000180025095e-35 9.1200000000000028 61.455000000000005 51.705000000000005 1.5000000000000002 37.085000000000008 51.270000000000003
decision_type=2 2 2 2 2 2 2
left_child=3 -2 4 -1 5 -3 -7
right_child=1 2 -4 -5 -6 6 -8
leaf_value=-0.022553151250068768 -0.10945622445481336 -0.093858412137198144 0.043449014606268536 -0.098569263633917242 0.014553903736047109 -0.036732603784159316 0.051117816526681334
leaf_weight=1215 165 224 1708 402 3537 541 198
leaf_count=1215 165 224 1708 402 3537 541 198
internal_value=0.00107134 0.011947 0.0152592 -0.041697 0.00452326 -0.0322032 -0.0130095
internal_weight=7990 6373 6208 1617 4500 963 739
internal_count=7990 6373 6208 1617 4500 963 739
is_linear=0
shrinkage=0.02


Tree=208
num_leaves=8
num_cat=0
split_feature=16 41 33 41 64 9 55
split_gain=10195.8 6481.05 6122.64 4342.78 4163.17 3747.68 3540.06
threshold=0.38705000000000006 14.405000000000003 1.0000000180025095e-35 68.115000000000023 4.5000000000000009 3.5000000000000004 55.185000000000009
decision_type=2 2 2 2 2 2 2
left_child=3 -2 -3 4 5 -1 -4
right_child=1 2 6 -5 -6 -7 -8
leaf_value=-0.097224485656569812 -0.10130863550589771 -0.06895927057459654 0.030368629698826068 0.029635753627877431 0.051318930879715952 -0.034550797588388686 -0.015577607181958553
leaf_weight=600 181 297 4564 336 150 1060 783
leaf_count=600 181 297 4564 336 150 1060 783
internal_value=0.00116008 0.0148902 0.018703 -0.0360563 -0.0482992 -0.0574279 0.0236321
internal_weight=7971 5825 5644 2146 1810 1660 5347
internal_count=7971 5825 5644 2146 1810 1660 5347
is_linear=0
shrinkage=0.02


Tree=209
num_leaves=8
num_cat=0
split_feature=43 16 52 66 52 40 16
split_gain=9953.47 6924.2 4581.91 4523.46 3116.41 2998.93 2827.21
threshold=1.0000000180025095e-35 0.32955000000000007 38.885000000000012 0.43750000000000006 30.265000000000004 34.475000000000001 0.71070000000000011
decision_type=2 2 2 2 2 2 2
left_child=3 4 -3 5 -2 -1 -4
right_child=1 2 6 -5 -6 -7 -8
leaf_value=-0.10206004301904238 -0.10602892646675066 -0.0069743440395833144 0.028233387980981656 0.011428228253498674 -0.017909696192256075 -0.038633462502842858 0.087184790402880477
leaf_weight=423 200 1538 3146 515 754 1024 360
leaf_count=423 200 1538 3146 515 754 1024 360
internal_value=-0.000351262 0.012443 0.0217913 -0.0393965 -0.0368398 -0.0574625 0.0344021
internal_weight=7960 5998 5044 1962 954 1447 3506
internal_count=7960 5998 5044 1962 954 1447 3506
is_linear=0
shrinkage=0.02


Tree=210
num_leaves=8
num_cat=0
split_feature=31 41 41 66 43 41 41
split_gain=8372.68 6297.52 4544.17 3954.62 4076.54 2990.41 2952.48
threshold=1.0000000180025095e-35 58.930000000000007 15.475000000000003 0.43750000000000006 1.0000000180025095e-35 83.670000000000016 21.23
decision_type=2 2 2 2 2 2 2
left_child=1 3 -2 4 -1 -3 -6
right_child=2 5 -4 -5 6 -7 -8
leaf_value=-0.10241136078001806 -0.084478029514966399 0.00042004635016637467 0.018567439229590005 0.023305039581039858 -0.13118996882630934 0.10139957906594918 -0.028696967234419661
leaf_weight=544 173 942 4534 285 119 129 1282
leaf_count=544 173 942 4534 285 119 129 1282
internal_value=-0.00242607 -0.0268241 0.0146945 -0.0459355 -0.0561151 0.0129975 -0.0378382
internal_weight=8008 3301 4707 2230 1945 1071 1401
internal_count=8008 3301 4707 2230 1945 1071 1401
is_linear=0
shrinkage=0.02


Tree=211
num_leaves=8
num_cat=0
split_feature=40 31 41 41 66 66 40
split_gain=7996.15 8003.32 4402.18 4002.58 3921.96 2749.53 2603.84
threshold=72.590000000000018 1.0000000180025095e-35 20.030000000000005 15.475000000000003 0.43750000000000006 0.68750000000000011 30.690000000000001
decision_type=2 2 2 2 2 2 2
left_child=1 2 -1 -3 6 -5 -4
right_child=-2 3 4 5 -6 -7 -8
leaf_value=-0.13339446935758872 0.049351135431025622 -0.082521541766781628 -0.083735238196832068 0.0093850442914701071 0.035582116873130294 0.087208830691600972 -0.027782638011449489
leaf_weight=165 1081 178 398 3741 333 186 1977
leaf_count=165 1081 178 398 3741 333 186 1977
internal_value=-0.00113512 -0.00898596 -0.034559 0.00893232 -0.0283022 0.0131773 -0.0373153
internal_weight=8059 6978 2873 4105 2708 3927 2375
internal_count=8059 6978 2873 4105 2708 3927 2375
is_linear=0
shrinkage=0.02


Tree=212
num_leaves=8
num_cat=0
split_feature=66 42 42 43 16 16 66
split_gain=8204.2 6413.62 4189.51 3977.81 3168.13 2980.24 2365.11
threshold=0.31250000000000006 39.675000000000004 14.090000000000002 1.0000000180025095e-35 0.50455000000000017 0.47765000000000007 1.0000000180025095e-35
decision_type=2 2 2 2 2 2 2
left_child=1 4 -2 -3 -1 -4 -5
right_child=2 3 5 6 -6 -7 -8
leaf_value=-0.090382580829396347 -0.063635670605835429 -0.048314575699981585 0.0067684436599868706 -0.054557661440572128 -0.022788346644293349 0.040775217295695623 0.017467180910425265
leaf_weight=624 224 600 2003 198 504 2124 1799
leaf_count=624 224 600 2003 198 504 2124 1799
internal_value=0.00106228 -0.020709 0.0197036 -0.00337999 -0.0604148 0.0242985 0.0102076
internal_weight=8076 3725 4351 2597 1128 4127 1997
internal_count=8076 3725 4351 2597 1128 4127 1997
is_linear=0
shrinkage=0.02


Tree=213
num_leaves=8
num_cat=0
split_feature=33 40 34 40 55 33 64
split_gain=7714.9 6979.55 4724.9 4913.13 3828.69 2953.13 2587.62
threshold=1.0000000180025095e-35 19.550000000000001 2.5000000000000004 72.590000000000018 54.735000000000007 4.5000000000000009 4.5000000000000009
decision_type=2 2 2 2 2 2 2
left_child=-1 5 3 4 6 -2 -3
right_child=1 2 -4 -5 -6 -7 -8
leaf_value=-0.08875698513330374 -0.084091294697992827 -0.00719108792597068 0.034230813773327776 0.043405088878966665 -0.053502348490528297 0.065033174860672865 0.062633967805752713
leaf_weight=394 477 3498 1844 772 710 56 221
leaf_count=394 477 3498 1844 772 710 56 221
internal_value=-0.00303996 0.00147228 0.00677011 -0.00298954 -0.0111162 -0.0679646 -0.00296324
internal_weight=7972 7578 7045 5201 4429 533 3719
internal_count=7972 7578 7045 5201 4429 533 3719
is_linear=0
shrinkage=0.02


Tree=214
num_leaves=8
num_cat=0
split_feature=64 16 41 33 40 64 41
split_gain=7274.89 5987.98 4742.53 3449.9 3109.82 2717.64 2032.42
threshold=1.5000000000000002 0.53735000000000011 43.845000000000006 2.5000000000000004 21.625000000000004 1.0000000180025095e-35 71.760000000000005
decision_type=2 2 2 2 2 2 2
left_child=5 2 3 -2 -3 -1 -4
right_child=1 4 6 -5 -6 -7 -8
leaf_value=-0.19376064900710036 -0.071132543639030821 -0.045509132775226356 -0.0031477735524847845 -0.012875656063185179 0.032460970264872893 -0.054394840432864251 0.037821064366676906
leaf_weight=60 683 217 2291 1001 2706 477 609
leaf_count=60 683 217 2291 1001 2706 477 609
internal_value=-0.000846235 0.00426004 -0.0100016 -0.0366442 0.0266047 -0.0716102 0.00550597
internal_weight=8044 7507 4584 1684 2923 537 2900
internal_count=8044 7507 4584 1684 2923 537 2900
is_linear=0
shrinkage=0.02


Tree=215
num_leaves=8
num_cat=0
split_feature=44 52 66 41 42 43 12
split_gain=8415.33 5189.99 4462 4033.42 3235.7 2966.44 2466.11
threshold=1.0000000180025095e-35 32.615000000000002 0.56250000000000011 15.475000000000003 14.090000000000002 1.0000000180025095e-35 47.345000000000006
decision_type=2 2 2 2 2 2 2
left_child=2 -2 3 -1 -3 -5 -6
right_child=1 4 -4 5 6 -7 -8
leaf_value=-0.19664538809576548 -0.024409917589533481 -0.067416536212865127 0.05765249816102512 -0.093378600417712662 0.006898412198243881 -0.026774060724094148 0.035756307709189951
leaf_weight=69 1375 161 160 361 2199 1020 2570
leaf_count=69 1375 161 160 361 2199 1020 2570
internal_value=-0.000537792 0.00988903 -0.041275 -0.0523517 0.0194702 -0.0444589 0.022471
internal_weight=7915 6305 1610 1450 4930 1381 4769
internal_count=7915 6305 1610 1450 4930 1381 4769
is_linear=0
shrinkage=0.02


Tree=216
num_leaves=8
num_cat=0
split_feature=16 31 42 42 41 33 41
split_gain=8483.03 6146.71 5555.78 3501.63 2945.82 2921.63 2669.77
threshold=0.51055000000000017 1.0000000180025095e-35 42.995000000000012 10.480000000000002 80.095000000000013 1.0000000180025095e-35 36.045000000000009
decision_type=2 2 2 2 2 2 2
left_child=1 2 -1 -2 -4 -5 -3
right_child=3 6 4 5 -6 -7 -8
leaf_value=-0.091422199092678263 -0.089377818040128024 -0.033391127782830828 -0.02889075610537082 -0.045989079875190082 0.082069045575159913 0.031954460483981366 0.013206914359651125
leaf_weight=669 101 645 995 200 101 3287 2016
leaf_count=669 101 645 995 200 101 3287 2016
internal_value=0.00118085 -0.0173376 -0.0462203 0.0240168 -0.0183392 0.0274245 0.00187057
internal_weight=8014 4426 1765 3588 1096 3487 2661
internal_count=8014 4426 1765 3588 1096 3487 2661
is_linear=0
shrinkage=0.02


Tree=217
num_leaves=8
num_cat=0
split_feature=43 12 33 16 16 42 33
split_gain=7400.29 4985.51 3949.6 2864.98 2859.31 2790.75 2782.12
threshold=1.0000000180025095e-35 41.475000000000001 2.5000000000000004 0.68950000000000011 0.50455000000000017 12.335000000000003 1.0000000180025095e-35
decision_type=2 2 2 2 2 2 2
left_child=2 5 4 -3 -1 -2 -7
right_child=1 3 -4 -5 -6 6 -8
leaf_value=-0.094515504754431864 -0.11896057952112622 0.020837356068656599 -0.0050594818288379386 0.078026832016655293 -0.024929894330224564 -0.095895200912342507 -0.00044040909654637723
leaf_weight=501 85 3125 1007 391 452 124 2296
leaf_count=501 85 3125 1007 391 452 124 2296
internal_value=0.00096309 0.0119531 -0.032742 0.0272989 -0.061814 -0.00959773 -0.00551912
internal_weight=7981 6021 1960 3516 953 2505 2420
internal_count=7981 6021 1960 3516 953 2505 2420
is_linear=0
shrinkage=0.02


Tree=218
num_leaves=8
num_cat=0
split_feature=44 42 16 34 40 9 55
split_gain=8406.13 4962.41 4460.63 3916.04 3843.06 3469.28 3250.84
threshold=1.0000000180025095e-35 9.1200000000000028 0.35085000000000005 3.5000000000000004 16.395000000000003 4.5000000000000009 53.675000000000004
decision_type=2 2 2 2 2 2 2
left_child=3 -2 -3 4 -1 -4 -6
right_child=1 2 5 -5 6 -7 -8
leaf_value=-0.16339599753016823 -0.096965142519000069 -0.020618958254761083 0.008934719436838684 0.062149620945327479 -0.025074268648484405 0.043291308930582952 -0.10351916559717872
leaf_weight=106 161 1203 3039 132 1088 1916 259
leaf_count=106 161 1203 3039 132 1088 1916 259
internal_value=0.000631974 0.0109671 0.0138654 -0.0404765 -0.0499809 0.02225 -0.0404846
internal_weight=7904 6319 6158 1585 1453 4955 1347
internal_count=7904 6319 6158 1585 1453 4955 1347
is_linear=0
shrinkage=0.02


Tree=219
num_leaves=8
num_cat=0
split_feature=44 52 34 41 34 42 55
split_gain=7782.17 5537.44 4445.54 4237.01 3938.15 3615.22 2980.78
threshold=1.0000000180025095e-35 61.455000000000005 3.5000000000000004 71.760000000000005 1.0000000180025095e-35 9.1200000000000028 53.675000000000004
decision_type=2 2 2 2 2 2 2
left_child=2 4 3 6 -2 -6 -1
right_child=1 -3 -4 -5 5 -7 -8
leaf_value=-0.047719217948864141 -0.059522663971578529 0.039257698005125477 0.063242311607801208 0.038985322142707154 -0.094500008593377191 0.0067665276292887891 -0.12364463823376501
leaf_weight=1044 435 1729 147 182 141 4129 258
leaf_count=1044 435 1729 147 182 141 4129 258
internal_value=-0.00119135 0.00870612 -0.0401424 -0.0505613 -0.00255077 0.00331598 -0.0631798
internal_weight=8065 6434 1631 1484 4705 4270 1302
internal_count=8065 6434 1631 1484 4705 4270 1302
is_linear=0
shrinkage=0.02


Tree=220
num_leaves=8
num_cat=0
split_feature=16 33 42 55 64 33 16
split_gain=8378.65 4237.35 4114.84 3796.12 3400.47 3190.9 2908.09
threshold=0.38705000000000006 4.5000000000000009 2.3100000000000005 55.685000000000009 1.5000000000000002 1.0000000180025095e-35 0.60625000000000007
decision_type=2 2 2 2 2 2 2
left_child=1 4 -2 5 -1 -4 -7
right_child=2 -3 3 -5 -6 6 -8
leaf_value=-0.13524501222128771 -0.13028546969347363 0.045052852917909621 -0.047676480949863674 -0.025788709088648745 -0.034889338177858172 0.014063195037779362 0.047248981669985028
leaf_weight=142 74 245 249 782 1804 3175 1583
leaf_count=142 74 245 249 782 1804 3175 1583
internal_value=0.000660334 -0.0326651 0.0131313 0.0150754 -0.0425401 0.021477 0.0251422
internal_weight=8054 2191 5863 5789 1946 5007 4758
internal_count=8054 2191 5863 5789 1946 5007 4758
is_linear=0
shrinkage=0.02


Tree=221
num_leaves=8
num_cat=0
split_feature=44 12 34 34 41 41 41
split_gain=6664.9 4590.29 4077.61 4034.64 3842.59 2885.48 2483.64
threshold=1.0000000180025095e-35 45.970000000000006 1.5000000000000002 3.5000000000000004 64.375000000000014 72.595000000000013 23.250000000000004
decision_type=2 2 2 2 2 2 2
left_child=3 2 4 5 -2 -1 -4
right_child=1 -3 6 -5 -6 -7 -8
leaf_value=-0.055590228483221739 -0.051166946952611675 0.026512698541852169 -0.063151225783886059 0.063459778949118306 0.023397618109115649 0.035821375031119741 0.020458742983216909
leaf_weight=1304 1077 3202 151 144 368 151 1607
leaf_count=1304 1077 3202 151 144 368 151 1607
internal_value=0.000473821 0.00959732 -0.00732775 -0.0359875 -0.0321623 -0.0460133 0.0131185
internal_weight=8004 6405 3203 1599 1445 1455 1758
internal_count=8004 6405 3203 1599 1445 1455 1758
is_linear=0
shrinkage=0.02


Tree=222
num_leaves=8
num_cat=0
split_feature=44 52 41 41 51 29 57
split_gain=7540.68 3892.53 3162.25 2756.85 2660.16 2490.36 2867.26
threshold=1.0000000180025095e-35 32.615000000000002 67.365000000000023 71.760000000000005 29.235000000000003 1.0000000180025095e-35 34.760000000000012
decision_type=2 2 2 2 2 2 2
left_child=3 -2 4 5 -3 6 -1
right_child=1 2 -4 -5 -6 -7 -8
leaf_value=-0.029361854801128868 -0.020184922107023873 -0.0049015754919155118 0.048666834650907057 0.034514863953397083 0.028342964967054272 -0.0021889300857708882 -0.094951488573785311
leaf_weight=529 1352 2189 1056 180 1712 360 546
leaf_count=529 1352 2189 1056 180 1712 360 546
internal_value=-3.22643e-05 0.00984406 0.0180464 -0.0385254 0.00970579 -0.0477753 -0.0629606
internal_weight=7924 6309 4957 1615 3901 1435 1075
internal_count=7924 6309 4957 1615 3901 1435 1075
is_linear=0
shrinkage=0.02


Tree=223
num_leaves=8
num_cat=0
split_feature=41 12 55 34 31 41 34
split_gain=7803.68 5660.89 6276.58 3246.75 3155.17 3141.07 2627.6
threshold=23.250000000000004 77.385000000000005 55.055000000000007 1.5000000000000002 1.0000000180025095e-35 80.095000000000013 3.5000000000000004
decision_type=2 2 2 2 2 2 2
left_child=6 2 4 -4 5 -2 -1
right_child=1 -3 3 -5 -6 -7 -8
leaf_value=-0.077101597635814229 -0.014158385981004497 0.065703506514577098 -0.082648969371101166 -0.0096791141261328515 0.022584524735749865 0.073433821378117908 0.051114837515027559
leaf_weight=602 2191 603 466 509 3314 172 68
leaf_count=602 2191 603 466 509 3314 172 68
internal_value=0.00124082 0.00728774 0.00194702 -0.0447987 0.0100077 -0.00764106 -0.0638064
internal_weight=7925 7255 6652 975 5677 2363 670
internal_count=7925 7255 6652 975 5677 2363 670
is_linear=0
shrinkage=0.02


Tree=224
num_leaves=8
num_cat=0
split_feature=16 64 42 42 64 65 65
split_gain=7620.68 5160.17 3405.55 3005.15 2488.97 2375.34 2048.81
threshold=0.50455000000000017 3.5000000000000004 41.395000000000003 10.480000000000002 1.5000000000000002 1.0000000180025095e-35 0.69047619047619058
decision_type=2 2 2 2 2 2 2
left_child=1 2 -1 -2 -4 -5 -6
right_child=3 -3 4 5 6 -7 -8
leaf_value=-0.060762050122306475 -0.078403110647702529 0.011970714836172415 -0.093503252981893173 -0.021889899678431548 -0.017921561085515552 0.030796489676060856 0.044976320070957365
leaf_weight=1104 111 1546 144 380 1282 3175 242
leaf_count=1104 111 1546 144 380 1282 3175 242
internal_value=0.000713988 -0.0172812 -0.0335877 0.0219042 -0.0154739 0.0251419 -0.00781942
internal_weight=7984 4318 2772 3666 1668 3555 1524
internal_count=7984 4318 2772 3666 1668 3555 1524
is_linear=0
shrinkage=0.02


Tree=225
num_leaves=8
num_cat=0
split_feature=52 44 33 33 52 52 47
split_gain=7362.91 6131.83 3402.31 3102.37 2474.8 2415.89 1847.95
threshold=53.845000000000006 1.0000000180025095e-35 4.5000000000000009 4.5000000000000009 32.615000000000002 75.385000000000005 3.5000000000000004
decision_type=2 2 2 2 2 2 2
left_child=1 2 -1 4 6 -2 -3
right_child=5 3 -4 -5 -6 -7 -8
leaf_value=-0.076258904569822636 0.0095427642112817634 -0.078633980211018806 0.054499881089654534 0.046300067806660662 -0.0012696502666949198 0.049278236915790218 -0.022227004770048568
leaf_weight=873 2410 309 84 374 2196 817 920
leaf_count=873 2410 309 84 374 2196 817 920
internal_value=-0.00363673 -0.0194503 -0.064558 -0.0080173 -0.0140074 0.0196635 -0.0366702
internal_weight=7983 4756 957 3799 3425 3227 1229
internal_count=7983 4756 957 3799 3425 3227 1229
is_linear=0
shrinkage=0.02


Tree=226
num_leaves=8
num_cat=0
split_feature=31 41 16 12 44 40 33
split_gain=6734.98 5663.27 4978.65 4113.21 3304.83 2934.52 2539.55
threshold=1.0000000180025095e-35 78.865000000000023 0.36255000000000004 77.385000000000005 1.0000000180025095e-35 5.6100000000000003 5.5000000000000009
decision_type=2 2 2 2 2 2 2
left_child=1 2 -1 4 -4 -2 -7
right_child=5 -3 3 -5 -6 6 -8
leaf_value=-0.076470300671226094 -0.10646448976527423 0.073006697312379493 -0.070623514966182979 0.077962962937993666 -0.010424320619758905 0.013903491067926909 0.082561159640681905
leaf_weight=685 73 229 454 170 1789 4374 222
leaf_count=685 73 229 454 170 1789 4374 222
internal_value=-0.00022926 -0.0219552 -0.029081 -0.0154979 -0.0227391 0.015259 0.017306
internal_weight=7996 3327 3098 2413 2243 4669 4596
internal_count=7996 3327 3098 2413 2243 4669 4596
is_linear=0
shrinkage=0.02


Tree=227
num_leaves=8
num_cat=0
split_feature=52 41 34 44 34 42 9
split_gain=7148.36 4111.93 4380.49 4203.67 3073.43 2775.21 3052.55
threshold=32.835000000000008 67.855000000000018 3.5000000000000004 1.0000000180025095e-35 2.5000000000000004 62.795000000000009 3.5000000000000004
decision_type=2 2 2 2 2 2 2
left_child=4 2 3 -2 5 6 -1
right_child=1 -3 -4 -5 -6 -7 -8
leaf_value=-0.099386017106203289 -0.042082023715347916 0.042387376260223882 0.060684271159085548 0.0054660585222327893 0.011767762744341374 0.0072083980954446639 -0.032058814754725828
leaf_weight=519 932 1228 451 3602 414 268 569
leaf_count=519 932 1228 451 3602 414 268 569
internal_value=-0.000420702 0.00968493 0.00159464 -0.00434342 -0.0358205 -0.0503396 -0.0644831
internal_weight=7983 6213 4985 4534 1770 1356 1088
internal_count=7983 6213 4985 4534 1770 1356 1088
is_linear=0
shrinkage=0.02


Tree=228
num_leaves=8
num_cat=0
split_feature=52 31 12 34 54 14 52
split_gain=6029.09 5085.13 3008.3 2115.92 1926.22 2051.22 1789.94
threshold=23.245000000000001 1.0000000180025095e-35 67.38000000000001 3.5000000000000004 73.02500000000002 41.290000000000013 75.930000000000021
decision_type=2 2 2 2 2 2 2
left_child=-1 2 3 4 -2 -6 -3
right_child=1 6 -4 -5 5 -7 -8
leaf_value=-0.050856197144569154 0.022055567934101586 0.015234811655485934 0.027739516373804438 0.076214106296893305 -0.028485469546751355 -0.10826372378994878 0.057949543422088023
leaf_weight=846 276 3717 549 77 1959 134 435
leaf_count=846 276 3717 549 77 1959 134 435
internal_value=-0.000532147 0.00545617 -0.0143931 -0.023887 -0.0272942 -0.033839 0.0197743
internal_weight=7993 7147 2995 2446 2369 2093 4152
internal_count=7993 7147 2995 2446 2369 2093 4152
is_linear=0
shrinkage=0.02


Tree=229
num_leaves=8
num_cat=0
split_feature=42 66 52 40 55 66 51
split_gain=6383.11 6578.04 5701.38 4663.88 3954.46 2822.97 2342.95
threshold=81.935000000000016 0.56250000000000011 66.070000000000007 11.365000000000002 54.735000000000007 1.0000000180025095e-35 22.415000000000003
decision_type=2 2 2 2 2 2 2
left_child=1 2 3 -1 5 6 -5
right_child=-2 -3 -4 4 -6 -7 -8
leaf_value=-0.11402769037058963 0.063786970534837326 0.049599760283005535 0.025930419660286159 -0.014293977303388423 -0.057503309776427265 -0.0057042250972568998 -0.13715509040811197
leaf_weight=202 567 771 1283 128 815 4154 118
leaf_count=202 567 771 1283 128 815 4154 118
internal_value=-0.000606434 -0.00553286 -0.0119095 -0.0208874 -0.0171739 -0.009647 -0.0747856
internal_weight=8038 7471 6700 5417 5215 4400 246
internal_count=8038 7471 6700 5417 5215 4400 246
is_linear=0
shrinkage=0.02


Tree=230
num_leaves=8
num_cat=0
split_feature=16 31 40 42 41 64 41
split_gain=6861.21 4934.51 4142.69 3302.13 2990.76 2734.85 1959.09
threshold=0.50155000000000005 1.0000000180025095e-35 79.555000000000021 10.480000000000002 36.045000000000009 4.5000000000000009 79.385000000000005
decision_type=2 2 2 2 2 2 2
left_child=1 2 6 -2 5 -3 -1
right_child=3 4 -4 -5 -6 -7 -8
leaf_value=-0.057622158197140061 -0.088157485171625041 -0.054964528997190398 0.065094520565151248 0.021692285694218601 0.011399314026664482 0.064924018987444015 0.049327319148570706
leaf_weight=1554 108 546 124 3638 1939 84 68
leaf_count=1554 108 546 124 3638 1939 84 68
internal_value=-0.00137845 -0.0185606 -0.0444517 0.0184119 -0.000911791 -0.038594 -0.0530006
internal_weight=8061 4315 1746 3746 2569 630 1622
internal_count=8061 4315 1746 3746 2569 630 1622
is_linear=0
shrinkage=0.02


Tree=231
num_leaves=8
num_cat=0
split_feature=44 33 41 16 9 40 33
split_gain=7445.54 4238.66 4521.85 4025.49 3418.07 3140.62 3130.32
threshold=1.0000000180025095e-35 4.5000000000000009 35.225000000000001 0.61795000000000011 3.5000000000000004 55.135000000000012 1.5000000000000002
decision_type=2 2 2 2 2 2 2
left_child=1 2 -1 4 5 -2 -4
right_child=3 -3 6 -5 -6 -7 -8
leaf_value=-0.10364451810467444 -0.037345097798229747 0.060143744893556027 -0.086609811989480964 0.040064984890664512 0.017021075005721521 0.011065240275843173 -0.0060833400646363627
leaf_weight=412 1242 157 250 1442 2724 937 799
leaf_count=412 1242 157 250 1442 2724 937 799
internal_value=0.000982139 -0.0372477 -0.0478829 0.0107525 0.00209956 -0.0165503 -0.0255944
internal_weight=7963 1618 1461 6345 4903 2179 1049
internal_count=7963 1618 1461 6345 4903 2179 1049
is_linear=0
shrinkage=0.02


Tree=232
num_leaves=8
num_cat=0
split_feature=52 43 55 33 16 41 31
split_gain=6978.22 6492.72 3781.39 3160.23 2836.62 2482.5 2353.11
threshold=67.205000000000013 1.0000000180025095e-35 55.055000000000007 3.5000000000000004 0.53915000000000013 40.82500000000001 1.0000000180025095e-35
decision_type=2 2 2 2 2 2 2
left_child=1 3 4 -1 6 -4 -3
right_child=-2 2 5 -5 -6 -7 -8
leaf_value=-0.059481124380009548 0.038854946977247375 -0.0267494224050423 -0.09329129978823357 0.003881162407637482 0.03080428415665688 -0.014206473918874626 0.012294798103741058
leaf_weight=1237 1470 1020 229 421 1577 501 1548
leaf_count=1237 1470 1020 229 421 1577 501 1548
internal_value=-0.000439777 -0.00930449 0.00233389 -0.0434289 0.00973688 -0.0394811 -0.00323526
internal_weight=8003 6533 4875 1658 4145 730 2568
internal_count=8003 6533 4875 1658 4145 730 2568
is_linear=0
shrinkage=0.02


Tree=233
num_leaves=8
num_cat=0
split_feature=52 44 34 33 52 51 47
split_gain=6665.22 6399.25 3397.03 3354 2075.24 1761.16 1656.95
threshold=67.205000000000013 1.0000000180025095e-35 1.0000000180025095e-35 4.5000000000000009 30.840000000000003 61.035000000000004 7.5000000000000009
decision_type=2 2 2 2 2 2 2
left_child=1 3 -3 6 5 -4 -1
right_child=-2 2 4 -5 -6 -7 -8
leaf_value=-0.071173856535002827 0.039801637074541936 -0.046427344028476862 -0.021764402265776538 0.049583547555186132 0.016318867864022712 0.084931038690335831 -0.019523453583130127
leaf_weight=844 1533 485 1014 130 3550 61 358
leaf_count=844 1533 485 1014 130 3550 61 358
internal_value=0.00239183 -0.00653453 0.00365429 -0.0454898 0.00895056 -0.0153449 -0.0559351
internal_weight=7975 6442 5110 1332 4625 1075 1202
internal_count=7975 6442 5110 1332 4625 1075 1202
is_linear=0
shrinkage=0.02


Tree=234
num_leaves=8
num_cat=0
split_feature=41 31 40 43 9 33 12
split_gain=5735.21 5189.69 4089.16 3915.25 2872.96 2842.6 2475.68
threshold=15.475000000000003 1.0000000180025095e-35 81.645000000000024 1.0000000180025095e-35 4.5000000000000009 3.5000000000000004 53.155000000000008
decision_type=2 2 2 2 2 2 2
left_child=4 2 3 5 -1 -2 -5
right_child=1 -3 -4 6 -6 -7 -8
leaf_value=-0.14824218034467385 -0.074802357822823434 0.017738615602318777 0.070097557995557502 -0.023786751927422554 -0.022083003792166708 0.044709054085871447 0.019889980701819451
leaf_weight=143 665 4527 204 1445 145 87 804
leaf_count=143 665 4527 204 1445 145 87 804
internal_value=0.000671073 0.00395989 -0.0154996 -0.0214252 -0.0861853 -0.0607719 -0.00816317
internal_weight=8020 7732 3205 3001 288 752 2249
internal_count=8020 7732 3205 3001 288 752 2249
is_linear=0
shrinkage=0.02


Tree=235
num_leaves=8
num_cat=0
split_feature=16 41 41 9 33 34 16
split_gain=6773.73 5271.73 3385.36 3272.32 2823 2517.45 2185.59
threshold=0.50155000000000005 44.965000000000011 14.405000000000003 3.5000000000000004 1.0000000180025095e-35 1.5000000000000002 0.72825000000000006
decision_type=2 2 2 2 2 2 2
left_child=1 3 -2 -1 -4 -3 -6
right_child=2 5 4 -5 6 -7 -8
leaf_value=-0.078589348777129808 -0.088609902740052315 -0.022830700052875991 -0.048044578361679129 -0.022189435904883245 0.020518352775932527 0.017482977159506054 0.066968401462264085
leaf_weight=685 108 1065 208 1034 2869 1467 469
leaf_count=685 108 1065 208 1034 2869 1467 469
internal_value=-0.000696464 -0.0178514 0.0192584 -0.0448268 0.0226638 0.000514818 0.0271351
internal_weight=7905 4251 3654 1719 3546 2532 3338
internal_count=7905 4251 3654 1719 3546 2532 3338
is_linear=0
shrinkage=0.02


Tree=236
num_leaves=8
num_cat=0
split_feature=34 43 12 44 15 12 64
split_gain=5301.2 5052.76 3326.57 2911.14 2436.07 1790.37 1539.26
threshold=3.5000000000000004 1.0000000180025095e-35 42.165000000000006 1.0000000180025095e-35 1.5000000000000002 67.38000000000001 2.5000000000000004
decision_type=2 2 2 2 2 2 2
left_child=1 3 4 -1 -3 -5 -2
right_child=6 2 -4 5 -6 -7 -8
leaf_value=-0.082040949163187035 0.13415783443364754 -0.0017365752161173165 0.01813924227390656 -0.030945783769751149 -0.048675651844130786 0.027465465667191893 0.041338973872077009
leaf_weight=391 78 1786 3075 1180 583 251 606
leaf_count=391 78 1786 3075 1180 583 251 606
internal_value=-0.000200782 -0.00522493 0.00442969 -0.0340054 -0.0133663 -0.0206404 0.0528203
internal_weight=7950 7266 5444 1822 2369 1431 684
internal_count=7950 7266 5444 1822 2369 1431 684
is_linear=0
shrinkage=0.02


Tree=237
num_leaves=8
num_cat=0
split_feature=12 41 18 42 55 33 33
split_gain=5436.17 3787.11 2974.79 2631.82 2661.91 2537.57 2468.66
threshold=43.755000000000003 36.815000000000005 1362334.7000000002 68.115000000000023 48.695000000000007 3.5000000000000004 1.0000000180025095e-35
decision_type=2 2 2 2 2 2 2
left_child=1 2 -1 4 -2 -6 -3
right_child=3 6 -4 -5 5 -7 -8
leaf_value=-0.061436122072680566 0.021724139651291975 -0.082706701007562805 0.09126798551732844 0.047752529316033632 -0.034286948276888184 0.029487178914008264 -0.0003219126763035507
leaf_weight=833 2225 149 50 870 833 351 2633
leaf_count=833 2225 149 50 870 833 351 2633
internal_value=0.00150252 -0.0163623 -0.052324 0.0168052 0.0088488 -0.0153364 -0.00487479
internal_weight=7944 3665 883 4279 3409 1184 2782
internal_count=7944 3665 883 4279 3409 1184 2782
is_linear=0
shrinkage=0.02


Tree=238
num_leaves=8
num_cat=0
split_feature=52 43 16 42 52 31 42
split_gain=6072.94 4474.43 3285.62 2521.35 2112.13 2097.56 2044.29
threshold=63.135000000000012 1.0000000180025095e-35 0.42885000000000006 9.1200000000000028 4.620000000000001 1.0000000180025095e-35 76.90000000000002
decision_type=2 2 2 2 2 2 2
left_child=1 3 4 -1 -3 -6 -5
right_child=-2 2 -4 6 5 -7 -8
leaf_value=-0.13667222829855452 0.031660490787191159 -0.15714014253516992 0.013496062737670471 -0.037941751201378347 -0.04570155519540043 0.00084930315271534106 0.061311912750929932
leaf_weight=94 1898 40 2898 1352 646 955 84
leaf_count=94 1898 40 2898 1352 646 955 84
internal_value=0.000484264 -0.00928373 0.000697927 -0.0388018 -0.0218759 -0.0180177 -0.0319432
internal_weight=7967 6069 4539 1530 1641 1601 1436
internal_count=7967 6069 4539 1530 1641 1601 1436
is_linear=0
shrinkage=0.02


Tree=239
num_leaves=8
num_cat=0
split_feature=44 40 65 40 65 33 43
split_gain=5214.26 3841.75 3508.16 3083.13 2283.4 2191.88 2052.43
threshold=1.0000000180025095e-35 45.705000000000005 0.22500000000000003 55.930000000000007 0.76388888888888895 3.5000000000000004 1.0000000180025095e-35
decision_type=2 2 2 2 2 2 2
left_child=1 4 3 -2 -1 -3 -4
right_child=2 5 6 -5 -6 -7 -8
leaf_value=-0.073480775963292874 -0.074695886901494188 -0.021266149569699612 -0.0076768425091600879 0.016503636832769012 0.049907753405286304 0.050886151705747062 0.019996942027644096
leaf_weight=716 354 624 1410 250 62 225 4437
leaf_count=716 354 624 1410 250 62 225 4437
internal_value=0.000500789 -0.031439 0.00857439 -0.0371222 -0.0633919 -0.00195854 0.0133226
internal_weight=8078 1627 6451 604 778 849 5847
internal_count=8078 1627 6451 604 778 849 5847
is_linear=0
shrinkage=0.02


Tree=240
num_leaves=8
num_cat=0
split_feature=44 52 33 33 55 12 52
split_gain=6973.53 3822.45 3149.63 2542.47 2767.68 2269.21 1994.04
threshold=1.0000000180025095e-35 63.135000000000012 3.5000000000000004 4.5000000000000009 55.055000000000007 14.955000000000002 15.630000000000001
decision_type=2 2 2 2 2 2 2
left_child=2 3 5 4 6 -1 -2
right_child=1 -3 -4 -5 -6 -7 -8
leaf_value=-0.13518729991009157 -0.050168425431300644 0.036552230268623566 0.0093303299538534269 0.044053738249774356 -0.043205423648070437 -0.044025480400100001 0.0065711353960037147
leaf_weight=119 262 1593 430 484 614 1050 3434
leaf_count=119 262 1593 430 484 614 1050 3434
internal_value=0.000408001 0.00976404 -0.0368774 0.000833775 -0.00406512 -0.0538417 0.00248667
internal_weight=7986 6387 1599 4794 4310 1169 3696
internal_count=7986 6387 1599 4794 4310 1169 3696
is_linear=0
shrinkage=0.02


Tree=241
num_leaves=8
num_cat=0
split_feature=43 40 66 66 44 9 40
split_gain=5423.18 4088.8 3237.53 2800.9 3047.36 2739.85 2483.31
threshold=1.0000000180025095e-35 33.095000000000006 1.0000000180025095e-35 0.31250000000000006 1.0000000180025095e-35 8.5000000000000018 55.930000000000007
decision_type=2 2 2 2 2 2 2
left_child=1 -1 -2 4 -3 6 -4
right_child=2 3 5 -5 -6 -7 -8
leaf_value=-0.076244146202815999 -0.056249602060526559 -0.11717341336475057 -0.0075875106487672027 0.016497251163120702 -0.017576856912174536 0.038252373788822576 0.022628560695033349
leaf_weight=531 284 152 2611 717 577 1268 1858
leaf_count=531 284 152 2611 717 577 1268 1858
internal_value=-0.00035419 -0.0290524 0.00908517 -0.0115196 -0.0389999 0.0123656 0.00498616
internal_weight=7998 1977 6021 1446 729 5737 4469
internal_count=7998 1977 6021 1446 729 5737 4469
is_linear=0
shrinkage=0.02


Tree=242
num_leaves=8
num_cat=0
split_feature=41 33 52 43 9 57 12
split_gain=5451.43 5048.33 3561.37 2757.25 2208.62 2147.26 2005.3
threshold=20.030000000000005 1.0000000180025095e-35 32.835000000000008 1.0000000180025095e-35 6.5000000000000009 41.805000000000007 71.660000000000011
decision_type=2 2 2 2 2 2 2
left_child=4 -2 -3 5 -1 -4 -5
right_child=1 2 3 6 -6 -7 -8
leaf_value=-0.098451007620057693 -0.065550148758198576 -0.018237671273903352 0.010275076019426441 0.017944708048781521 -0.0090676054070987135 -0.043296298264206182 0.054658251176555678
leaf_weight=289 377 1501 814 3621 179 467 710
leaf_count=289 377 1501 814 3621 179 467 710
internal_value=0.00113129 0.00528639 0.00908425 0.0164016 -0.064721 -0.00934725 0.0240194
internal_weight=7958 7490 7113 5612 468 1281 4331
internal_count=7958 7490 7113 5612 468 1281 4331
is_linear=0
shrinkage=0.02


Tree=243
num_leaves=8
num_cat=0
split_feature=41 34 16 41 34 43 31
split_gain=5588.68 5313.09 4393.88 3488.3 2624.88 2605.21 2227.46
threshold=67.365000000000023 1.0000000180025095e-35 0.32955000000000007 14.405000000000003 2.5000000000000004 1.0000000180025095e-35 1.0000000180025095e-35
decision_type=2 2 2 2 2 2 2
left_child=1 -1 6 -4 5 -5 -3
right_child=-2 2 3 4 -6 -7 -8
leaf_value=-0.065742206404499889 0.033659368953758297 -0.080616546189644658 -0.076565638749457113 -0.030691970110715318 0.033353763338411418 0.009595561342747673 -0.018657305292545005
leaf_weight=589 1535 356 196 854 1242 2537 662
leaf_count=589 1535 356 196 854 1242 2537 662
internal_value=-0.000568264 -0.00875142 -0.00295916 0.0050124 0.0085424 -0.000580826 -0.0406129
internal_weight=7971 6436 5847 4829 4633 3391 1018
internal_count=7971 6436 5847 4829 4633 3391 1018
is_linear=0
shrinkage=0.02


Tree=244
num_leaves=8
num_cat=0
split_feature=16 31 42 40 16 33 42
split_gain=5389.84 4856.93 2799.25 2438.64 2265.54 1923.04 1960.27
threshold=0.56585000000000008 1.0000000180025095e-35 46.090000000000011 8.9700000000000024 0.72825000000000006 1.0000000180025095e-35 21.795000000000005
decision_type=2 2 2 2 2 2 2
left_child=1 2 -1 -3 5 -2 -7
right_child=4 3 -4 -5 -6 6 -8
leaf_value=-0.060092831746827724 -0.061212975675670002 -0.10333006473549877 -0.01440075370751079 0.0065078846351003007 0.058803189836062614 -0.045035238527180103 0.024703632522112291
leaf_weight=975 125 78 1194 3131 554 173 1745
leaf_count=975 125 78 1194 3131 554 173 1745
internal_value=-0.000525911 -0.0119497 -0.035031 0.0036815 0.0231085 0.0133093 0.0183126
internal_weight=7975 5378 2169 3209 2597 2043 1918
internal_count=7975 5378 2169 3209 2597 2043 1918
is_linear=0
shrinkage=0.02


Tree=245
num_leaves=8
num_cat=0
split_feature=44 15 40 57 52 40 41
split_gain=5480.21 3498.36 3234.72 2310.51 2257.54 1830.03 1767.52
threshold=1.0000000180025095e-35 1.5000000000000002 37.355000000000011 35.115000000000002 32.615000000000002 76.845000000000013 54.695000000000007
decision_type=2 2 2 2 2 2 2
left_child=2 4 -1 -4 -2 -5 -3
right_child=1 6 3 5 -6 -7 -8
leaf_value=-0.071447073928168361 -0.0081541513070817855 -0.03973911803069903 0.018169561954266437 -0.053489416954336601 0.024570191130992833 0.054451253799951242 0.0075603516009319143
leaf_weight=525 1064 723 540 483 4021 68 556
leaf_count=525 1064 723 540 483 4021 68 556
internal_value=0.00193133 0.0102864 -0.0309022 -0.0111546 0.0177216 -0.0397984 -0.019228
internal_weight=7980 6364 1616 1091 5085 551 1279
internal_count=7980 6364 1616 1091 5085 551 1279
is_linear=0
shrinkage=0.02


Tree=246
num_leaves=8
num_cat=0
split_feature=52 66 43 64 42 42 0
split_gain=4767.46 4365.48 3569.08 2609.34 2574.88 2004.22 1996.08
threshold=63.135000000000012 0.56250000000000011 1.0000000180025095e-35 4.5000000000000009 29.045000000000005 61.195000000000007 56.500000000000007
decision_type=2 2 2 2 2 2 2
left_child=1 2 5 4 -4 6 -1
right_child=-2 -3 3 -5 -6 -7 -8
leaf_value=-0.070644534466399941 0.02543557686736924 0.039912424183334787 -0.047406006989475398 0.048489067614658404 -0.0035652876261922091 0.0018225334662670333 -0.0076562142507345587
leaf_weight=849 1954 614 644 313 3080 308 265
leaf_count=849 1954 614 644 313 3080 308 265
internal_value=-0.00169808 -0.0104421 -0.0161371 -0.00651803 -0.0112002 -0.0433267 -0.0557619
internal_weight=8027 6073 5459 4037 3724 1422 1114
internal_count=8027 6073 5459 4037 3724 1422 1114
is_linear=0
shrinkage=0.02


Tree=247
num_leaves=8
num_cat=1
split_feature=52 55 42 7 34 9 34
split_gain=5101.56 4482.54 2970.19 2933.72 2788.64 1722.48 1672.08
threshold=67.205000000000013 55.055000000000007 9.1200000000000028 0 1.5000000000000002 4.5000000000000009 2.5000000000000004
decision_type=2 2 2 1 2 2 2
left_child=1 2 5 -4 -3 -1 -5
right_child=-2 4 3 6 -6 -7 -8
leaf_value=-0.1373733419951858 0.033416590443538667 -0.082249229852102146 -0.046598278361387101 -0.00020954470175768244 -0.014734752269270528 -0.014614627830525662 0.026208306429169874
leaf_weight=92 1501 461 436 3670 521 89 1292
leaf_count=92 1501 461 436 3670 521 89 1292
internal_value=0.000217435 -0.0073974 -0.000446403 0.00225917 -0.0466855 -0.0790268 0.00667512
internal_weight=8062 6561 5579 5398 982 181 4962
internal_count=8062 6561 5579 5398 982 181 4962
cat_boundaries=0 1
cat_threshold=32
is_linear=0
shrinkage=0.02


Tree=248
num_leaves=8
num_cat=0
split_feature=16 42 9 16 34 42 34
split_gain=6189.71 3869.5 3491.25 2412.49 2439.3 2384.14 2218.58
threshold=0.36255000000000004 9.1200000000000028 4.5000000000000009 0.72825000000000006 2.5000000000000004 54.065000000000005 1.5000000000000002
decision_type=2 2 2 2 2 2 2
left_child=6 -2 3 4 5 -3 -1
right_child=1 2 -4 -5 -6 -7 -8
leaf_value=-0.05939925576960061 -0.081204132611960009 -0.032872533725425063 0.031271851050183305 0.045751033924506419 0.026304707540490357 0.0058039666783438696 -0.014160333138283597
leaf_weight=731 178 1365 2336 406 737 1190 1066
leaf_count=731 178 1365 2336 406 737 1190 1066
internal_value=-3.92295e-05 0.00942081 0.0121592 5.99884e-05 -0.00563589 -0.0148827 -0.0326768
internal_weight=8009 6212 6034 3698 3292 2555 1797
internal_count=8009 6212 6034 3698 3292 2555 1797
is_linear=0
shrinkage=0.02


Tree=249
num_leaves=8
num_cat=1
split_feature=40 12 15 44 40 51 2
split_gain=4489.62 4188.4 2726.44 2277 1768.34 1822.61 1717.43
threshold=13.320000000000002 41.70000000000001 1.5000000000000002 1.0000000180025095e-35 22.675000000000004 23.680000000000003 0
decision_type=2 2 2 2 2 2 1
left_child=-1 2 3 6 -4 -6 -2
right_child=1 -3 4 -5 5 -7 -8
leaf_value=-0.076181378526403415 -0.0089339752040636811 0.015201943138537554 -0.15698279568282042 0.0053150876483842018 -0.07142889864589734 -0.0085003019187779531 -0.083757848911354904
leaf_weight=297 298 4388 50 1982 348 388 208
leaf_count=297 298 4388 50 1982 348 388 208
internal_value=-0.000543316 0.00243639 -0.0146698 -0.00437756 -0.0470153 -0.0385358 -0.0420241
internal_weight=7959 7662 3274 2488 786 736 506
internal_count=7959 7662 3274 2488 786 736 506
cat_boundaries=0 1
cat_threshold=202
is_linear=0
shrinkage=0.02


Tree=250
num_leaves=8
num_cat=0
split_feature=55 41 66 31 42 66 8
split_gain=5356.2 3209.58 3796.44 2977.86 2766.76 2472.81 2304.87
threshold=55.055000000000007 67.365000000000023 0.68750000000000011 1.0000000180025095e-35 28.025000000000002 0.18750000000000003 53.770000000000003
decision_type=2 2 2 2 2 2 2
left_child=1 2 3 -1 -2 -6 -5
right_child=4 -3 -4 6 5 -7 -8
leaf_value=-0.021345645476072997 -0.10892149773224727 0.033648378470449838 0.088824067518033623 0.013751963255290075 -0.08209293672306972 -0.0088300556997763825 -0.05273887533744176
leaf_weight=2240 189 1347 178 2862 237 779 220
leaf_count=2240 189 1347 178 2862 237 779 220
internal_value=-0.000810842 0.00604014 -0.000745783 -0.0038221 -0.0396033 -0.0262383 0.00892797
internal_weight=8052 6847 5500 5322 1205 1016 3082
internal_count=8052 6847 5500 5322 1205 1016 3082
is_linear=0
shrinkage=0.02


Tree=251
num_leaves=8
num_cat=0
split_feature=16 33 41 15 31 40 44
split_gain=5772.22 3624.15 4052.96 3353.04 2877.05 2452.16 2142.21
threshold=0.36255000000000004 1.5000000000000002 14.405000000000003 1.5000000000000002 1.0000000180025095e-35 55.770000000000003 1.0000000180025095e-35
decision_type=2 2 2 2 2 2 2
left_child=3 5 -3 4 -1 -2 -7
right_child=1 2 -4 -5 -6 6 -8
leaf_value=-0.054160672246144632 -0.0446355941884337 -0.081176131784646624 0.019396646780615846 -0.083089955225815151 0.0052937305621019925 -0.069720057058665491 0.029332120410658774
leaf_weight=525 757 161 4753 403 842 103 453
leaf_count=525 757 161 4753 403 842 103 453
internal_value=-0.000926773 0.0081364 0.0160224 -0.0327448 -0.0176541 -0.0213262 0.0105247
internal_weight=7997 6227 4914 1770 1367 1313 556
internal_count=7997 6227 4914 1770 1367 1313 556
is_linear=0
shrinkage=0.02


Tree=252
num_leaves=8
num_cat=0
split_feature=64 42 33 31 42 9 64
split_gain=4294.28 3911.12 4276.88 3577.88 2301.21 2113.87 1905.37
threshold=1.0000000180025095e-35 81.935000000000016 5.5000000000000009 1.0000000180025095e-35 28.025000000000002 5.5000000000000009 4.5000000000000009
decision_type=2 2 2 2 2 2 2
left_child=-1 2 3 4 5 -2 -5
right_child=1 -3 -4 6 -6 -7 -8
leaf_value=-0.17175657917887477 -0.097744880888225708 0.050170175662270812 0.082274396011091738 2.4844353477595726e-05 -0.015902125432775575 -0.01223479278534651 0.041638980863723689
leaf_weight=54 285 561 216 3621 2552 195 496
leaf_count=54 285 561 216 3621 2552 195 496
internal_value=-0.00176057 -0.000494835 -0.00438546 -0.00705948 -0.0235281 -0.0634907 0.00508278
internal_weight=7980 7926 7365 7149 3032 480 4117
internal_count=7980 7926 7365 7149 3032 480 4117
is_linear=0
shrinkage=0.02


Tree=253
num_leaves=8
num_cat=0
split_feature=16 55 34 40 34 16 44
split_gain=6267.19 3126.9 2872.26 2639.75 2675.41 2383.7 2212.13
threshold=0.38705000000000006 55.185000000000009 1.5000000000000002 30.690000000000001 1.5000000000000002 0.76640000000000008 1.0000000180025095e-35
decision_type=2 2 2 2 2 2 2
left_child=2 3 6 4 -2 -5 -1
right_child=1 -3 -4 5 -6 -7 -8
leaf_value=-0.11248908974088373 -0.059970170561625409 -0.023950039453629186 -0.0088102550020697588 0.020232680753371656 0.014046667225667428 0.086149992163856659 -0.037880429203915898
leaf_weight=205 320 845 1282 3969 486 228 698
leaf_count=205 320 845 1282 3969 486 228 698
internal_value=0.000738399 0.0115371 -0.0281239 0.0175488 -0.0155282 0.0239119 -0.0553443
internal_weight=8033 5848 2185 5003 806 4197 903
internal_count=8033 5848 2185 5003 806 4197 903
is_linear=0
shrinkage=0.02


Tree=254
num_leaves=8
num_cat=0
split_feature=16 41 12 55 31 37 55
split_gain=4944.17 3292.98 3189.22 3281.64 2321.03 2240.42 1980.06
threshold=0.32955000000000007 14.405000000000003 77.385000000000005 54.735000000000007 1.0000000180025095e-35 1.0000000180025095e-35 43.935000000000009
decision_type=2 2 2 2 2 2 2
left_child=4 -2 3 5 6 -3 -1
right_child=1 2 -4 -5 -6 -7 -8
leaf_value=-0.020419243667619647 -0.068244403869722761 -0.0018535712971781821 0.055542486057761062 -0.028649688403181401 -0.013364303121701901 0.024957542781709276 -0.10086215362224162
leaf_weight=211 216 2357 563 922 800 2640 297
leaf_count=211 216 2357 563 922 800 2640 297
internal_value=0.000738139 0.00768946 0.0102705 0.00592105 -0.0347519 0.012322 -0.0679745
internal_weight=8006 6698 6482 5919 1308 4997 508
internal_count=8006 6698 6482 5919 1308 4997 508
is_linear=0
shrinkage=0.02


Tree=255
num_leaves=8
num_cat=0
split_feature=16 66 40 42 66 52 16
split_gain=5405.53 4391.2 2946.11 2793.76 2488.66 2354.36 1999.3
threshold=0.36255000000000004 0.18750000000000003 7.5900000000000007 80.790000000000006 0.56250000000000011 31.705000000000002 0.72825000000000006
decision_type=2 2 2 2 2 2 2
left_child=4 3 -3 -2 5 -1 -4
right_child=1 2 6 -5 -6 -7 -8
leaf_value=-0.08506692390293287 -0.034051367706560275 -0.10295270953327418 0.014029163452966018 0.066105580829023347 0.034994630936761292 -0.027103415011940139 0.060105611622315487
leaf_weight=364 1212 77 4380 118 191 1205 408
leaf_count=364 1212 77 4380 118 191 1205 408
internal_value=-0.0016 0.00719191 0.0159958 -0.024951 -0.0324793 -0.0407782 0.0180141
internal_weight=7955 6195 4865 1330 1760 1569 4788
internal_count=7955 6195 4865 1330 1760 1569 4788
is_linear=0
shrinkage=0.02


Tree=256
num_leaves=8
num_cat=0
split_feature=16 66 12 64 12 64 66
split_gain=5299.24 3430.69 2591.48 2423.65 2528.08 2100 1914.72
threshold=0.38705000000000006 1.0000000180025095e-35 67.095000000000013 1.5000000000000002 22.435000000000006 1.5000000000000002 0.68750000000000011
decision_type=2 2 2 2 2 2 2
left_child=3 -2 5 -1 -5 -3 -7
right_child=1 2 -4 4 -6 6 -8
leaf_value=-0.10643056590034038 -0.057099168527721414 -0.046219257485784898 0.041202885528335439 -0.073700147545751854 -0.012628993697889786 0.0067802297167759906 0.083079812872593348
leaf_weight=142 297 287 999 317 1738 4094 131
leaf_count=142 297 287 999 317 1738 4094 131
internal_value=-0.00145697 0.00855303 0.0121397 -0.0278788 -0.0222057 0.00566637 0.00924137
internal_weight=8005 5808 5511 2197 2055 4512 4225
internal_count=8005 5808 5511 2197 2055 4512 4225
is_linear=0
shrinkage=0.02


Tree=257
num_leaves=8
num_cat=0
split_feature=16 41 33 15 40 41 33
split_gain=5073.8 3589.52 3192.64 2939.32 2914.62 2062.58 2226.74
threshold=0.39065000000000005 14.405000000000003 1.5000000000000002 1.5000000000000002 68.00500000000001 78.865000000000023 4.5000000000000009
decision_type=2 2 2 2 2 2 2
left_child=3 -2 4 5 -3 6 -1
right_child=1 2 -4 -5 -6 -7 -8
leaf_value=-0.027438463946286858 -0.076548827380596943 -0.032304359197842844 0.021486842400376776 -0.067911849179150871 0.042556869950990256 0.06956509496336398 0.039460909114829426
leaf_weight=1413 177 917 4439 484 264 110 227
leaf_count=1413 177 917 4439 484 264 110 227
internal_value=0.00102751 0.010896 0.0137157 -0.0245474 -0.0154611 -0.0123948 -0.0180868
internal_weight=8031 5797 5620 2234 1181 1750 1640
internal_count=8031 5797 5620 2234 1181 1750 1640
is_linear=0
shrinkage=0.02


Tree=258
num_leaves=8
num_cat=0
split_feature=16 66 41 42 40 42 66
split_gain=5384.36 3907.82 3116.68 1992.95 1910.9 1797.55 1698.38
threshold=0.57745000000000013 0.31250000000000006 43.845000000000006 8.1000000000000014 11.365000000000002 80.790000000000006 0.68750000000000011
decision_type=2 2 2 2 2 2 2
left_child=1 2 -1 -3 -2 -4 -5
right_child=4 3 5 6 -6 -7 -8
leaf_value=-0.058063037683179372 -0.080253623770688898 -0.088584015683344244 -0.019896557984497375 0.0036561570301854914 0.028284819764972741 0.04370706950953486 0.066852304642699742
leaf_weight=919 62 84 1386 2840 2361 199 176
leaf_count=919 62 84 1386 2840 2361 199 176
internal_value=0.000467235 -0.0103035 -0.0288602 0.00470791 0.025348 -0.0117987 0.00744854
internal_weight=8027 5604 2504 3100 2423 1585 3016
internal_count=8027 5604 2504 3100 2423 1585 3016
is_linear=0
shrinkage=0.02


Tree=259
num_leaves=8
num_cat=0
split_feature=42 33 12 31 57 42 15
split_gain=4069.18 4204.35 3914.98 3664.31 2807.41 2048.87 2027.91
threshold=77.75500000000001 4.5000000000000009 65.815000000000012 1.0000000180025095e-35 40.920000000000009 57.605000000000011 1.5000000000000002
decision_type=2 2 2 2 2 2 2
left_child=1 2 3 4 -1 -6 -5
right_child=-2 -3 -4 6 5 -7 -8
leaf_value=-0.018929050515626912 0.041706285859857292 0.040048058374217127 0.021981142937596235 0.0065732658060052131 -0.084078981114605322 -0.017960421634342173 -0.034543036076246328
leaf_weight=1461 835 743 1228 2217 617 273 607
leaf_count=1461 835 743 1228 2217 617 273 607
internal_value=6.47789e-05 -0.00482673 -0.0100612 -0.0176785 -0.0360951 -0.0640113 -0.00230984
internal_weight=7981 7146 6403 5175 2351 890 2824
internal_count=7981 7146 6403 5175 2351 890 2824
is_linear=0
shrinkage=0.02


Tree=260
num_leaves=8
num_cat=0
split_feature=34 42 12 42 31 34 62
split_gain=4106.94 4427.85 3160.36 2363.39 2673.85 2083.31 1570.03
threshold=2.5000000000000004 81.935000000000016 41.945000000000007 26.055000000000003 1.0000000180025095e-35 1.0000000180025095e-35 1.0000000180025095e-35
decision_type=2 2 2 2 2 2 2
left_child=1 2 5 4 -4 -1 -7
right_child=-2 -3 3 -5 -6 6 -8
leaf_value=-0.078384089955819539 0.022999215234640703 0.050526450186742837 -0.093960058374764163 0.0056752887322245819 0.0031099153901838388 -0.012591272975136849 -0.049202710366774378
leaf_weight=328 1996 442 214 2668 235 1454 690
leaf_count=328 1996 442 214 2668 235 1454 690
internal_value=-0.00183298 -0.0100636 -0.0148962 -0.0014929 -0.0436803 -0.0317596 -0.0244609
internal_weight=8027 6031 5589 3117 449 2472 2144
internal_count=8027 6031 5589 3117 449 2472 2144
is_linear=0
shrinkage=0.02


Tree=261
num_leaves=8
num_cat=0
split_feature=16 10 41 41 40 55 42
split_gain=5325.41 3291.7 2562.33 2527.6 2082.97 2187.89 1871.52
threshold=0.51795000000000013 14569.450000000003 20.030000000000005 68.115000000000023 7.5900000000000007 47.375000000000007 79.600000000000009
decision_type=2 2 2 2 2 2 2
left_child=1 3 -3 -1 -2 -6 -4
right_child=4 2 6 -5 5 -7 -8
leaf_value=-0.064545163474058448 -0.10610992469877567 -0.066716574530948633 -0.0064621924500350789 0.026642280753601241 0.033564275381653463 0.00071492219867650417 0.043811873499338232
leaf_weight=725 48 256 3139 143 2016 1355 322
leaf_count=725 48 256 3139 143 2016 1355 322
internal_value=-0.000424113 -0.0145051 -0.00628793 -0.0494558 0.0184526 0.0203808 -0.0017284
internal_weight=8004 4585 3717 868 3419 3371 3461
internal_count=8004 4585 3717 868 3419 3371 3461
is_linear=0
shrinkage=0.02


Tree=262
num_leaves=8
num_cat=0
split_feature=33 16 34 40 40 51 15
split_gain=4467.76 4411.15 2615.85 2604.09 2382.74 2317.5 2298.43
threshold=1.0000000180025095e-35 0.57545000000000013 2.5000000000000004 79.555000000000021 18.925000000000004 34.095000000000006 1.5000000000000002
decision_type=2 2 2 2 2 2 2
left_child=-1 2 3 6 -3 -6 -2
right_child=1 4 -4 -5 5 -7 -8
leaf_value=-0.062537591644262869 -0.0092998157914424475 -0.055247199608729432 0.0178375622381064 0.045079753650783226 0.019186269382514547 0.063983078041291302 -0.047089148055487744
leaf_weight=408 2751 125 1453 276 1501 667 837
leaf_count=408 2751 125 1453 276 1501 667 837
internal_value=0.00153013 0.00500384 -0.00499902 -0.0135983 0.0281588 0.0330838 -0.0181685
internal_weight=8018 7610 5317 3864 2293 2168 3588
internal_count=8018 7610 5317 3864 2293 2168 3588
is_linear=0
shrinkage=0.02


Tree=263
num_leaves=8
num_cat=0
split_feature=16 64 41 10 52 57 9
split_gain=5844 3637.5 4160.43 2546.98 2115.49 2066.48 1882.43
threshold=0.51795000000000013 4.5000000000000009 32.395000000000003 19100.500000000004 32.835000000000008 39.285000000000004 3.5000000000000004
decision_type=2 2 2 2 2 2 2
left_child=1 2 6 -4 -2 -5 -1
right_child=4 -3 3 5 -6 -7 -8
leaf_value=-0.099362004690172145 -0.011283121041963716 0.04259841120368197 -0.037780417923708794 0.015567789937340423 0.02702482845264402 -0.022533487948320153 -0.036468625969988337
leaf_weight=318 729 388 1007 1403 2711 951 488
leaf_count=318 729 388 1007 1403 2711 951 488
internal_value=-0.000758814 -0.0156114 -0.0210761 -0.0112467 0.0189021 0.000159997 -0.0617422
internal_weight=7995 4555 4167 3361 3440 2354 806
internal_count=7995 4555 4167 3361 3440 2354 806
is_linear=0
shrinkage=0.02


Tree=264
num_leaves=8
num_cat=0
split_feature=52 16 33 33 16 38 0
split_gain=4139.01 3415.01 3696.64 2807.73 2453.45 1861.91 1349.13
threshold=65.310000000000016 0.72825000000000006 1.0000000180025095e-35 4.5000000000000009 0.38705000000000006 8369.3500000000022 59.500000000000007
decision_type=2 2 2 2 2 8 2
left_child=1 2 -1 4 -4 6 -6
right_child=-2 -3 3 -5 5 -7 -8
leaf_value=-0.080807721314678047 0.029397293873643149 0.049087348269919562 -0.032550934320719024 0.03420314270477335 0.0094351312051738599 -0.012248895612861813 0.069158687163664648
leaf_weight=274 1688 418 1496 608 993 2352 174
leaf_count=274 1688 418 1496 608 993 2352 174
internal_value=0.00162597 -0.00581469 -0.00974462 -0.00621311 -0.0111422 -0.00200766 0.018597
internal_weight=8003 6315 5897 5623 5015 3519 1167
internal_count=8003 6315 5897 5623 5015 3519 1167
is_linear=0
shrinkage=0.02


Tree=265
num_leaves=8
num_cat=0
split_feature=44 66 16 9 16 16 12
split_gain=4757.34 3345.68 2839.84 2878.6 2447.77 1674.57 1706.18
threshold=1.0000000180025095e-35 0.43750000000000006 0.33955000000000007 4.5000000000000009 0.49545000000000006 0.77305000000000013 45.970000000000006
decision_type=2 2 2 2 2 2 2
left_child=1 4 -2 5 -1 6 -4
right_child=2 -3 3 -5 -6 -7 -8
leaf_value=-0.075490420332498392 -0.021416422928910973 0.017641718561802914 -0.017386120464309002 0.031696097189551596 -0.018539683506116646 0.059176262355749576 0.01278065118007362
leaf_weight=618 1133 418 1485 2079 594 184 1505
leaf_count=618 1133 418 1485 2079 594 184 1505
internal_value=-0.000550156 -0.0309929 0.00723839 0.0134333 -0.0477698 0.00144001 -0.00220586
internal_weight=8016 1630 6386 5253 1212 3174 2990
internal_count=8016 1630 6386 5253 1212 3174 2990
is_linear=0
shrinkage=0.02


Tree=266
num_leaves=8
num_cat=0
split_feature=34 41 40 45 40 42 12
split_gain=4349 4577.43 2647.17 2241.11 2105.17 2017.43 1871.1
threshold=1.5000000000000002 35.225000000000001 82.190000000000012 1.0000000180025095e-35 8.9700000000000024 37.765000000000008 42.865000000000002
decision_type=2 2 2 2 2 2 2
left_child=1 3 6 5 -2 -1 -3
right_child=4 2 -4 -5 -6 -7 -8
leaf_value=-0.053941672568519908 -0.078336131703853604 -0.028629356668138563 0.064044609768133545 -0.093451510354092257 0.014517775004281709 0.048517866020919675 0.0054597968854290949
leaf_weight=259 95 1226 199 394 4352 104 1348
leaf_count=259 95 1226 199 394 4352 104 1348
internal_value=-0.00070277 -0.0172645 -0.00532417 -0.0606815 0.0124484 -0.0243265 -0.0108009
internal_weight=7977 3530 2773 757 4447 363 2574
internal_count=7977 3530 2773 757 4447 363 2574
is_linear=0
shrinkage=0.02


Tree=267
num_leaves=8
num_cat=0
split_feature=55 33 40 42 10 33 41
split_gain=3419.04 2686.59 2422.94 2013.13 2334.78 1869 2044.38
threshold=55.055000000000007 1.0000000180025095e-35 7.5900000000000007 28.025000000000002 45451.30000000001 5.5000000000000009 73.915000000000006
decision_type=2 2 2 2 2 2 2
left_child=1 -1 -3 4 -2 6 -4
right_child=3 2 5 -5 -6 -7 -8
leaf_value=-0.050589910082278713 -0.13090244431029624 -0.084380626620953553 0.0022730250935614794 -0.020941831789053903 0.027263954678936952 0.067050642926940032 0.037349515813887513
leaf_weight=336 142 109 5353 1021 48 207 754
leaf_count=336 142 109 5353 1021 48 207 754
internal_value=-0.00143105 0.00412054 0.00701968 -0.0323059 -0.0912701 0.00866306 0.00663075
internal_weight=7970 6759 6423 1211 190 6314 6107
internal_count=7970 6759 6423 1211 190 6314 6107
is_linear=0
shrinkage=0.02


Tree=268
num_leaves=8
num_cat=0
split_feature=44 9 52 40 52 8 40
split_gain=3793.92 3156.63 2738.45 2376.25 2009.33 1824.09 1403.64
threshold=1.0000000180025095e-35 10.500000000000002 47.495000000000012 41.410000000000004 32.055000000000007 47.245000000000012 82.190000000000012
decision_type=2 2 2 2 2 2 2
left_child=2 4 3 -1 -2 -6 -4
right_child=1 -3 6 -5 5 -7 -8
leaf_value=-0.089300801985745512 -0.022814919976258629 0.040107780579367425 -0.0081106556384358559 -0.019429730143730003 0.01206660032426179 -0.028925235895193403 0.10550207090118657
leaf_weight=382 1110 976 795 399 3762 486 41
leaf_count=382 1110 976 795 399 3762 486 41
internal_value=0.000140176 0.0071241 -0.0271544 -0.0539555 0.00108409 0.00734836 -0.00194462
internal_weight=7951 6334 1617 781 5358 4248 836
internal_count=7951 6334 1617 781 5358 4248 836
is_linear=0
shrinkage=0.02


Tree=269
num_leaves=8
num_cat=0
split_feature=44 64 16 9 16 29 12
split_gain=4391.36 3081.46 2852.04 2382.69 2158.83 1952.68 1893.65
threshold=1.0000000180025095e-35 1.0000000180025095e-35 0.57745000000000013 4.5000000000000009 0.77305000000000013 1.0000000180025095e-35 67.77500000000002
decision_type=2 2 2 2 2 2 2
left_child=1 -1 5 4 -2 -3 -4
right_child=3 2 6 -5 -6 -7 -8
leaf_value=-0.17116872115433218 -0.0075621511826776512 -0.057656641794615479 -0.0013938769148541736 0.02074029836028379 0.06047416545223766 0.002435678315634278 0.10564721012860537
leaf_weight=55 3518 825 380 2690 192 292 75
leaf_count=55 3518 825 380 2690 192 292 75
internal_value=-0.0010358 -0.0303227 -0.0248678 0.00642733 -0.00396448 -0.0420068 0.0172068
internal_weight=8027 1627 1572 6400 3710 1117 455
internal_count=8027 1627 1572 6400 3710 1117 455
is_linear=0
shrinkage=0.02


Tree=270
num_leaves=8
num_cat=0
split_feature=16 52 52 55 55 16 43
split_gain=5001.7 2703.88 2433.16 2371.4 2175.82 1787.39 1459.22
threshold=0.38705000000000006 45.525000000000013 31.705000000000002 53.675000000000004 55.475000000000001 0.62015000000000009 1.0000000180025095e-35
decision_type=2 2 2 2 2 2 2
left_child=2 4 -1 6 -2 -3 -4
right_child=1 5 3 -5 -6 -7 -8
leaf_value=-0.063764716459935158 0.0027232300093942914 0.012817843489318276 -0.037685871712016053 -0.063220987837870141 -0.050948402809875983 0.044392737773685992 0.009771582561941175
leaf_weight=486 2167 2307 339 304 346 1040 1046
leaf_count=486 2167 2307 339 304 346 1040 1046
internal_value=0.00130839 0.0109219 -0.0245586 -0.0131224 -0.00475299 0.0226806 -0.00193813
internal_weight=8035 5860 2175 1689 2513 3347 1385
internal_count=8035 5860 2175 1689 2513 3347 1385
is_linear=0
shrinkage=0.02


Tree=271
num_leaves=8
num_cat=0
split_feature=16 43 9 52 41 16 41
split_gain=4208.48 3282.49 2821.01 2269.55 2248.46 2126.26 2075.92
threshold=0.35085000000000005 1.0000000180025095e-35 12.500000000000002 45.045000000000009 39.675000000000004 0.62015000000000009 74.365000000000023
decision_type=2 2 2 2 2 2 2
left_child=6 4 3 -3 -2 -5 -1
right_child=1 2 -4 5 -6 -7 -8
leaf_value=-0.038040613853645024 -0.052447254048542682 -0.0087560160674112538 0.058736420125027909 0.0089665546102278577 -0.0021543676126660046 0.048970252002786055 0.039672681201809369
leaf_weight=1431 533 1760 499 1817 1050 748 148
leaf_count=1431 533 1760 499 1817 1050 748 148
internal_value=-0.00146232 0.00575031 0.0139492 0.00871993 -0.0191999 0.0207049 -0.0306543
internal_weight=7986 6407 4824 4325 1583 2565 1579
internal_count=7986 6407 4824 4325 1583 2565 1579
is_linear=0
shrinkage=0.02


Tree=272
num_leaves=8
num_cat=0
split_feature=31 40 40 16 30 8 57
split_gain=3643.15 4046.9 2744.3 2673.23 2222.9 2078.12 2265.49
threshold=1.0000000180025095e-35 81.645000000000024 5.6100000000000003 0.36255000000000004 1.0000000180025095e-35 24.415000000000003 34.595000000000006
decision_type=2 2 2 2 2 2 2
left_child=1 3 -2 5 -5 6 -1
right_child=2 -3 -4 4 -6 -7 -8
leaf_value=0.027358913055345335 -0.107007337365395 0.068910837495780516 0.012652540801953605 -0.023560726458959628 0.020777937148934753 -0.095067678540377717 -0.070866301866182729
leaf_weight=174 73 202 4612 1811 598 311 194
leaf_count=174 73 202 4612 1811 598 311 194
internal_value=-0.00064774 -0.0167645 0.010676 -0.0224713 -0.012534 -0.057378 -0.0246787
internal_weight=7975 3290 4685 3088 2409 679 368
internal_count=7975 3290 4685 3088 2409 679 368
is_linear=0
shrinkage=0.02


Tree=273
num_leaves=8
num_cat=0
split_feature=52 44 55 51 34 38 52
split_gain=3672.99 3646.24 2446.66 2398.71 1780.33 1465.15 1426.46
threshold=67.205000000000013 1.0000000180025095e-35 54.125000000000007 32.095000000000006 2.5000000000000004 36586.900000000009 15.630000000000001
decision_type=2 2 2 2 2 8 2
left_child=1 2 -1 4 6 -5 -3
right_child=-2 3 -4 5 -6 -7 -8
leaf_value=-0.023852678939365501 0.027134704326244589 -0.075834953703054389 -0.093235297026260502 0.032254459121176561 0.017209728841521423 -0.0029409356022198851 -0.014666964074973386
leaf_weight=1086 1494 159 247 1128 704 811 2270
leaf_count=1086 1494 159 247 1128 704 811 2270
internal_value=-0.00105032 -0.00764066 -0.0370094 0.00010674 -0.0107083 0.017564 -0.0188185
internal_weight=7899 6405 1333 5072 3133 1939 2429
internal_count=7899 6405 1333 5072 3133 1939 2429
is_linear=0
shrinkage=0.02


Tree=274
num_leaves=8
num_cat=0
split_feature=43 12 41 41 44 52 41
split_gain=4029.49 3353.5 2723.62 1960.77 1874.21 1815.24 1802.55
threshold=1.0000000180025095e-35 22.085000000000004 79.385000000000005 15.475000000000003 1.0000000180025095e-35 72.825000000000003 32.395000000000003
decision_type=2 2 2 2 2 2 2
left_child=2 6 4 -3 -1 -6 -2
right_child=1 3 -4 -5 5 -7 -8
leaf_value=-0.067022565784898125 -0.089879810707751556 -0.05049991666931998 0.079071956690476869 0.017475687570108544 -0.025969460252881875 0.047499828615660475 -0.013910450618189055
leaf_weight=406 146 171 93 4971 1329 145 740
leaf_count=406 146 171 93 4971 1329 145 740
internal_value=0.00085191 0.0089733 -0.0239209 0.0151683 -0.029212 -0.018606 -0.0268632
internal_weight=8001 6028 1973 5142 1880 1474 886
internal_count=8001 6028 1973 5142 1880 1474 886
is_linear=0
shrinkage=0.02


Tree=275
num_leaves=8
num_cat=0
split_feature=44 34 41 57 55 12 42
split_gain=4661.97 2898.64 2446.2 2307.69 2286.94 1973.81 1627.69
threshold=1.0000000180025095e-35 3.5000000000000004 71.760000000000005 34.005000000000003 55.055000000000007 74.465000000000018 9.1200000000000028
decision_type=2 2 2 2 2 2 2
left_child=1 2 3 -1 6 -6 -2
right_child=4 -3 -4 -5 5 -7 -8
leaf_value=-0.020383058694048221 -0.057834441634534883 0.057740270807681709 0.030694364292754069 -0.073426819314231395 -0.032297336700192358 0.056881545377252374 0.013560712315104459
leaf_weight=633 126 131 175 688 833 108 5344
leaf_count=633 126 131 175 688 833 108 5344
internal_value=-0.000769505 -0.0309507 -0.0388835 -0.0481819 0.0069081 -0.0218156 0.0118648
internal_weight=8038 1627 1496 1321 6411 941 5470
internal_count=8038 1627 1496 1321 6411 941 5470
is_linear=0
shrinkage=0.02


Tree=276
num_leaves=8
num_cat=0
split_feature=40 16 31 43 42 12 66
split_gain=4180.93 3502 3202.77 2915.37 2055.81 2017.72 1954.26
threshold=19.550000000000001 0.72825000000000006 1.0000000180025095e-35 1.0000000180025095e-35 17.990000000000006 20.810000000000006 0.43750000000000006
decision_type=2 2 2 2 2 2 2
left_child=-1 2 3 6 -5 -6 -2
right_child=1 -3 -4 4 5 -7 -8
leaf_value=-0.05343515183272568 -0.064699074462065229 0.053800513612095528 0.010892480834654305 -0.11411636116344537 -0.051195032241698295 0.0062491650642056053 0.034040681929426622
leaf_weight=553 611 507 4103 62 278 1797 89
leaf_count=553 611 507 4103 62 278 1797 89
internal_value=-0.000631161 0.00332318 -0.000400502 -0.0167234 -0.00507609 -0.00155154 -0.0519926
internal_weight=8000 7447 6940 2837 2137 2075 700
internal_count=8000 7447 6940 2837 2137 2075 700
is_linear=0
shrinkage=0.02


Tree=277
num_leaves=8
num_cat=0
split_feature=41 52 66 55 40 12 31
split_gain=3906.83 3668.79 3370.02 3009.1 2439.2 2156.08 1950.05
threshold=73.915000000000006 63.135000000000012 0.56250000000000011 54.735000000000007 14.215000000000002 14.375000000000002 1.0000000180025095e-35
decision_type=2 2 2 2 2 2 2
left_child=1 2 3 4 -1 -6 -7
right_child=-2 -3 -4 -5 5 6 -8
leaf_value=-0.076112400743034159 0.038311077147547369 0.02042762875942012 0.032994866219110956 -0.055467612824104576 -0.052085501594021734 -0.019850154379567445 0.010232240078112152
leaf_weight=220 913 1659 554 754 399 1558 1917
leaf_count=220 913 1659 554 754 399 1558 1917
internal_value=-0.000504061 -0.00554649 -0.0135349 -0.0188805 -0.0120828 -0.00835318 -0.0032642
internal_weight=7974 7061 5402 4848 4094 3874 3475
internal_count=7974 7061 5402 4848 4094 3874 3475
is_linear=0
shrinkage=0.02


Tree=278
num_leaves=8
num_cat=1
split_feature=16 10 9 41 41 2 66
split_gain=3679.24 3270.67 2554.4 2296.03 1830.83 1679.63 1495.41
threshold=0.57745000000000013 14569.450000000003 3.5000000000000004 19.275000000000002 68.115000000000023 0 0.31250000000000006
decision_type=2 2 2 2 2 1 2
left_child=1 4 3 -3 -1 -4 -5
right_child=-2 2 5 6 -6 -7 -8
leaf_value=-0.054069405474231676 0.019398894303970567 -0.10647524130992267 -0.014585723473101147 -0.034699741870587685 0.015508627500585331 0.020968529111534542 0.0013034543713767513
leaf_weight=860 2428 110 742 810 181 1794 1063
leaf_count=860 2428 110 742 810 181 1794 1063
internal_value=-0.00111724 -0.0100858 -0.00270605 -0.0196845 -0.0419555 0.0105827 -0.0143175
internal_weight=7988 5560 4519 1983 1041 2536 1873
internal_count=7988 5560 4519 1983 1041 2536 1873
cat_boundaries=0 1
cat_threshold=13
is_linear=0
shrinkage=0.02


Tree=279
num_leaves=8
num_cat=0
split_feature=44 16 31 38 40 8 0
split_gain=4008.26 2767.21 2144.19 2009.52 2062.19 1969.46 1893
threshold=1.0000000180025095e-35 0.56585000000000008 1.0000000180025095e-35 17351.150000000005 51.865000000000002 32.025000000000013 19.500000000000004
decision_type=2 2 2 8 2 2 2
left_child=2 3 -1 5 -5 -2 -6
right_child=1 -3 -4 4 6 -7 -8
leaf_value=-0.056224574787609755 0.02666187359451163 0.025419223796048409 -0.0091953040273523752 -0.032822707920093779 -0.08529476276465825 -0.013771678867488127 0.013845666052447332
leaf_weight=657 1300 2114 942 1237 79 760 927
leaf_count=657 1300 2114 942 1237 79 760 927
internal_value=-0.000353233 0.00671058 -0.0286338 -0.00249953 -0.0155811 0.0117474 0.00567695
internal_weight=8016 6417 1599 4303 2243 2060 1006
internal_count=8016 6417 1599 4303 2243 2060 1006
is_linear=0
shrinkage=0.02


Tree=280
num_leaves=8
num_cat=0
split_feature=12 44 33 16 34 57 16
split_gain=3889.94 3691.57 2817.63 2029.82 1604.15 1554.03 1514.09
threshold=77.385000000000005 1.0000000180025095e-35 3.5000000000000004 0.30555000000000004 1.0000000180025095e-35 58.170000000000009 0.68950000000000011
decision_type=2 2 2 2 2 2 2
left_child=1 2 -1 -3 5 -5 -2
right_child=6 3 -4 4 -6 -7 -8
leaf_value=-0.048550539644041289 0.034026608046785672 -0.027928135939145001 0.014419294477944884 -0.013530727218705834 0.010944448481348361 -0.12210569566115738 0.12630882317700037
leaf_weight=1109 607 749 379 451 4604 55 77
leaf_count=1109 607 749 379 451 4604 55 77
internal_value=-0.000183909 -0.00444226 -0.0325173 0.00270955 0.00722319 -0.0264117 0.0452563
internal_weight=8031 7347 1488 5859 5110 506 684
internal_count=8031 7347 1488 5859 5110 506 684
is_linear=0
shrinkage=0.02


Tree=281
num_leaves=8
num_cat=0
split_feature=12 10 40 51 34 40 12
split_gain=3622.19 2698.94 2391.86 1920.59 1944.64 1827.71 1986.32
threshold=43.755000000000003 12706.300000000001 7.5900000000000007 42.100000000000009 1.5000000000000002 76.115000000000009 77.385000000000005
decision_type=2 2 2 2 2 2 2
left_child=1 -1 -3 4 -4 6 -2
right_child=5 2 3 -5 -6 -7 -8
leaf_value=-0.04941332324137112 0.0016891981208027129 -0.13469079378404117 -0.03373854533198993 0.026914284512769063 0.0032004300192663912 0.05110002923023288 0.041079932112811378
leaf_weight=717 3277 52 975 632 1361 430 602
leaf_count=717 3277 52 975 632 1361 430 602
internal_value=-0.000272439 -0.0146717 -0.00635536 -0.00388415 -0.0122563 0.0122179 0.00784744
internal_weight=8046 3737 3020 2968 2336 4309 3879
internal_count=8046 3737 3020 2968 2336 4309 3879
is_linear=0
shrinkage=0.02


Tree=282
num_leaves=8
num_cat=0
split_feature=64 16 41 34 40 9 8
split_gain=3709 3114.51 2961.67 2552.64 2569.51 2046 1809.5
threshold=1.0000000180025095e-35 0.72825000000000006 15.475000000000003 1.5000000000000002 71.345000000000013 12.500000000000002 47.245000000000012
decision_type=2 2 2 2 2 2 2
left_child=-1 2 -2 4 5 -4 -5
right_child=1 -3 3 6 -6 -7 -8
leaf_value=-0.16767981847891442 -0.065369758677546241 0.046711291529784343 -0.026825492712474554 0.01626889531952069 0.029234085498317106 0.028715385765764708 -0.024198597219910953
leaf_weight=47 276 568 2341 3562 487 295 500
leaf_count=47 276 568 2341 3562 487 295 500
internal_value=0.000687211 0.00177654 -0.0016733 0.000817251 -0.0127669 -0.0205672 0.011264
internal_weight=8076 8029 7461 7185 3123 2636 4062
internal_count=8076 8029 7461 7185 3123 2636 4062
is_linear=0
shrinkage=0.02


Tree=283
num_leaves=8
num_cat=0
split_feature=41 66 55 52 41 65 41
split_gain=2855.7 2971.5 2826.26 2144.89 2002.54 1927.4 1607.2
threshold=71.760000000000005 0.68750000000000011 48.695000000000007 75.385000000000005 20.030000000000005 0.73214285714285732 22.780000000000005
decision_type=2 2 2 2 2 2 2
left_child=1 2 3 4 -1 6 -4
right_child=-2 -3 5 -5 -6 -7 -8
leaf_value=-0.052476117047110644 0.030304604163057726 0.066245218031432324 -0.092478791730099194 0.046647052706794687 0.00221020884805135 0.013997429786380555 -0.02729439402466095
leaf_weight=284 1091 225 162 398 3655 423 1762
leaf_count=284 1091 225 162 398 3655 423 1762
internal_value=0.000311121 -0.00444364 -0.00687094 0.0026998 -0.00179418 -0.0245248 -0.0330084
internal_weight=8000 6909 6684 4337 3939 2347 1924
internal_count=8000 6909 6684 4337 3939 2347 1924
is_linear=0
shrinkage=0.02


Tree=284
num_leaves=8
num_cat=0
split_feature=41 12 66 9 9 41 31
split_gain=3735.35 2483.6 2909.55 2335.5 1143.3 1442.96 1709.02
threshold=18.610000000000003 41.945000000000007 0.18750000000000003 6.5000000000000009 4.5000000000000009 68.115000000000023 1.0000000180025095e-35
decision_type=2 2 2 2 2 2 2
left_child=3 2 -2 -1 5 6 -3
right_child=1 4 -4 -5 -6 -7 -8
leaf_value=-0.093954618327790493 -0.045364162198351161 -0.024583377939535973 -0.00024857622282447748 0.0030245245903454442 0.025079806167019561 0.03429013230242204 0.01252783616558544
leaf_weight=264 733 869 2539 157 1758 500 1144
leaf_count=264 733 869 2539 157 1758 500 1144
internal_value=-0.000558931 0.00269339 -0.0104093 -0.058178 0.0127317 0.00406081 -0.00351407
internal_weight=7964 7543 3272 421 4271 2513 2013
internal_count=7964 7543 3272 421 4271 2513 2013
is_linear=0
shrinkage=0.02


Tree=285
num_leaves=8
num_cat=0
split_feature=16 31 8 10 42 16 49
split_gain=3606.84 3128.29 2133.98 1701.49 1831.68 1673.6 1547.89
threshold=0.59965000000000013 1.0000000180025095e-35 38.855000000000011 41839.200000000004 51.925000000000004 0.32695000000000007 20.500000000000004
decision_type=2 2 2 2 2 2 2
left_child=1 2 5 -4 -5 -1 -7
right_child=-2 -3 3 4 -6 6 -8
leaf_value=-0.051008606631379419 0.022299319786684601 0.003879694653327066 -0.096373446561753534 -0.068743496490224945 0.040534509183647476 -0.030739784415761546 0.010776630780910597
leaf_weight=417 2107 3526 266 140 102 594 893
leaf_count=417 2107 3526 266 140 102 594 893
internal_value=-0.000150783 -0.00812889 -0.0256554 -0.0618866 -0.022796 -0.0158519 -0.00585504
internal_weight=8045 5938 2412 508 242 1904 1487
internal_count=8045 5938 2412 508 242 1904 1487
is_linear=0
shrinkage=0.02


Tree=286
num_leaves=8
num_cat=0
split_feature=43 16 64 16 55 65 12
split_gain=3405.73 2433.35 2420.87 2062.93 1914.47 1755.84 1970.36
threshold=1.0000000180025095e-35 0.49545000000000006 1.0000000180025095e-35 0.73325000000000007 51.095000000000006 0.53571428571428581 45.970000000000006
decision_type=2 2 2 2 2 2 2
left_child=2 4 -1 5 -2 6 -4
right_child=1 -3 3 -5 -6 -7 -8
leaf_value=-0.1443792634350913 0.005072236519865444 0.020814674560596505 -0.070508439943824677 0.054178427702760046 -0.030224649519202184 -0.0037882633803754434 -0.011711137997960948
leaf_weight=58 2251 2954 490 141 840 877 427
leaf_count=58 2251 2954 490 141 840 877 427
internal_value=0.000373714 0.00785021 -0.0222663 -0.0182433 -0.00455325 -0.0240701 -0.0433415
internal_weight=8038 6045 1993 1935 3091 1794 917
internal_count=8038 6045 1993 1935 3091 1794 917
is_linear=0
shrinkage=0.02


Tree=287
num_leaves=8
num_cat=0
split_feature=40 40 34 64 9 12 64
split_gain=2830.85 2432.06 2350.45 2471.96 2306.26 2136.05 1900.42
threshold=19.550000000000001 81.645000000000024 2.5000000000000004 4.5000000000000009 4.5000000000000009 14.955000000000002 3.5000000000000004
decision_type=2 2 2 2 2 2 2
left_child=4 2 3 5 6 -2 -1
right_child=1 -3 -4 -5 -6 -7 -8
leaf_value=-0.11509897494381204 -0.050765394081186715 0.047125559080490154 0.020441715642731548 0.04961215099662443 -0.0030679069146513937 -0.0054440669401880307 -0.0011823142448375964
leaf_weight=201 453 470 1749 294 295 4555 82
leaf_count=201 453 470 1749 294 295 4555 82
internal_value=3.26166e-05 0.00332154 0.000370367 -0.0062637 -0.0424247 -0.00959016 -0.0826849
internal_weight=8099 7521 7051 5302 578 5008 283
internal_count=8099 7521 7051 5302 578 5008 283
is_linear=0
shrinkage=0.02


Tree=288
num_leaves=8
num_cat=0
split_feature=43 16 42 66 13 55 40
split_gain=3436.22 2779.6 2484.11 2225.15 1832.22 1600.81 1540.38
threshold=1.0000000180025095e-35 0.56385000000000007 66.685000000000016 0.31250000000000006 431.15000000000003 47.765000000000008 25.625000000000004
decision_type=2 2 2 2 2 2 2
left_child=2 5 3 4 -1 -2 -5
right_child=1 -3 -4 6 -6 -7 -8
leaf_value=-0.06262010505877838 0.0085643220621405506 0.027459238595416956 0.02963936099919022 -0.063391849903098069 0.059085815968336883 -0.017447318534724192 0.0045450846620219924
leaf_weight=773 2484 2012 309 161 49 1522 679
leaf_count=773 2484 2012 309 161 49 1522 679
internal_value=0.000803674 0.00831144 -0.0220826 -0.0317589 -0.0550518 -0.00132771 -0.00877421
internal_weight=7989 6018 1971 1662 822 4006 840
internal_count=7989 6018 1971 1662 822 4006 840
is_linear=0
shrinkage=0.02


Tree=289
num_leaves=8
num_cat=0
split_feature=9 41 16 52 16 12 41
split_gain=3473.94 3567.38 2531.09 2223.8 1941.1 1570.27 1566.62
threshold=4.5000000000000009 16.360000000000003 0.50695000000000012 38.685000000000009 0.48145000000000004 71.660000000000011 68.705000000000013
decision_type=2 2 2 2 2 2 2
left_child=1 -1 5 -3 6 -2 -5
right_child=2 3 -4 4 -6 -7 -8
leaf_value=-0.1018325772178099 -0.002710261329674567 -0.027994158812837098 0.03950508333783332 -0.027426361283352147 0.016086088409726945 0.047610834951258514 0.026259628897331817
leaf_weight=156 1866 1294 1276 1002 1867 281 273
leaf_count=156 1866 1294 1276 1002 1867 281 273
internal_value=0.00201837 -0.0093462 0.0172555 -0.00598276 0.00311248 0.0039711 -0.0158736
internal_weight=8015 4592 3423 4436 3142 2147 1275
internal_count=8015 4592 3423 4436 3142 2147 1275
is_linear=0
shrinkage=0.02


Tree=290
num_leaves=8
num_cat=0
split_feature=55 9 42 44 42 12 65
split_gain=3805.85 2436.29 3880.01 2711.63 2170.65 1439.72 1445.55
threshold=55.055000000000007 4.5000000000000009 4.6300000000000017 1.0000000180025095e-35 28.025000000000002 40.635000000000012 0.69047619047619058
decision_type=2 2 2 2 2 2 2
left_child=1 2 -1 -3 -2 6 -4
right_child=4 3 5 -5 -6 -7 -8
leaf_value=-0.15858339244965464 -0.094887277837446396 -0.018685937608758463 -0.025917889618862905 0.029876000075888007 -0.020787192761764738 0.0083737460710668361 0.022880808854450947
leaf_weight=59 183 572 1249 2283 1029 2323 297
leaf_count=59 183 572 1249 2283 1029 2323 297
internal_value=0.000249431 0.00608842 -0.00413076 0.0201309 -0.0323194 -0.00157381 -0.0164997
internal_weight=7995 6783 3928 2855 1212 3869 1546
internal_count=7995 6783 3928 2855 1212 3869 1546
is_linear=0
shrinkage=0.02


Tree=291
num_leaves=8
num_cat=0
split_feature=55 9 16 34 40 16 8
split_gain=3061.39 2144.59 2017.02 1993.72 2266.03 1748.42 1529.56
threshold=48.605000000000011 3.5000000000000004 0.48315000000000002 3.5000000000000004 30.690000000000001 0.33225000000000005 41.82500000000001
decision_type=2 2 2 2 2 2 2
left_child=1 2 6 4 -2 -3 -1
right_child=3 5 -4 -5 -6 -7 -8
leaf_value=-0.013111471806915125 -0.06103237641999474 -0.0086777619515768199 0.011608067422905736 0.039314246768773348 -0.012097619861084485 0.031024746557954189 -0.076530022751041912
leaf_weight=833 457 560 1504 236 2118 2097 182
leaf_count=833 457 560 1504 236 2118 2097 182
internal_value=0.00101647 0.0101388 -0.00308318 -0.015769 -0.0208838 0.0226563 -0.0248025
internal_weight=7987 5176 2519 2811 2575 2657 1015
internal_count=7987 5176 2519 2811 2575 2657 1015
is_linear=0
shrinkage=0.02


Tree=292
num_leaves=8
num_cat=0
split_feature=44 52 66 52 15 24 58
split_gain=4456.94 2359.68 2028.55 1832.19 1810.53 1465.64 1191.49
threshold=1.0000000180025095e-35 73.965000000000018 0.18750000000000003 35.725000000000001 1.0000000180025095e-35 1.0000000180025095e-35 43.815000000000005
decision_type=2 2 2 2 2 2 2
left_child=2 4 6 -4 -2 -5 -1
right_child=1 -3 3 5 -6 -7 -8
leaf_value=-0.099879392933809263 0.0106710542493393 0.040834247714982966 -0.0572172634333106 -0.067740546683405317 -0.013642311043834858 0.0059805777942290505 -0.020427264671931726
leaf_weight=221 3818 737 345 119 1798 825 118
leaf_count=221 3818 737 345 119 1798 825 118
internal_value=-0.000256689 0.00731321 -0.0297289 -0.0181314 0.00288176 -0.0036206 -0.0729224
internal_weight=7981 6353 1628 1289 5616 944 339
internal_count=7981 6353 1628 1289 5616 944 339
is_linear=0
shrinkage=0.02


Tree=293
num_leaves=8
num_cat=0
split_feature=52 64 40 12 55 34 55
split_gain=3523 2574.77 2268.1 2133.8 1932.59 1490.43 1501.93
threshold=30.840000000000003 1.0000000180025095e-35 58.645000000000003 77.385000000000005 55.685000000000009 3.5000000000000004 55.475000000000001
decision_type=2 2 2 2 2 2 2
left_child=2 -2 5 4 -3 6 -1
right_child=1 3 -4 -5 -6 -7 -8
leaf_value=-0.037915418405776231 -0.14258243099172066 0.0067360558737610075 0.018660732562428121 0.040856351742894641 -0.027132022298253181 0.036093639929164596 -0.10533843531822547
leaf_weight=977 42 4993 317 628 774 89 151
leaf_count=977 42 4993 317 628 774 89 151
internal_value=-0.00157629 0.00491954 -0.0287616 0.00599891 0.00217099 -0.0411399 -0.0473661
internal_weight=7971 6437 1534 6395 5767 1217 1128
internal_count=7971 6437 1534 6395 5767 1217 1128
is_linear=0
shrinkage=0.02


Tree=294
num_leaves=8
num_cat=0
split_feature=43 41 40 55 12 14 41
split_gain=3524.84 2968.97 2023.48 2021.36 1933.83 1369.51 1347.82
threshold=1.0000000180025095e-35 79.385000000000005 33.915000000000006 54.735000000000007 21.240000000000006 46.365000000000009 28.075000000000006
decision_type=2 2 2 2 2 2 2
left_child=1 2 -1 -4 6 -6 -2
right_child=4 -3 3 -5 5 -7 -8
leaf_value=-0.061746496490270579 -0.089681601226329802 0.079457922303029949 -0.0055226159614444248 -0.073965935363416002 0.013939660914071755 -0.036126022411420877 -0.011487293576413401
leaf_weight=545 95 101 1128 199 4918 224 766
leaf_count=545 95 101 1128 199 4918 224 766
internal_value=-0.000545919 -0.0237028 -0.0294655 -0.0160257 0.00707843 0.0117257 -0.020583
internal_weight=7976 1973 1872 1327 6003 5142 861
internal_count=7976 1973 1872 1327 6003 5142 861
is_linear=0
shrinkage=0.02


Tree=295
num_leaves=8
num_cat=0
split_feature=52 40 33 33 52 42 48
split_gain=2679.36 1990.06 2352.07 1714.23 1645.29 1971.84 1450.52
threshold=33.815000000000005 71.345000000000013 4.5000000000000009 1.0000000180025095e-35 75.385000000000005 17.205000000000002 4.5000000000000009
decision_type=2 2 2 2 2 2 2
left_child=1 2 -1 6 5 -5 -2
right_child=3 -3 -4 4 -6 -7 -8
leaf_value=-0.03452134515172222 0.0023190403646892971 0.048694038753280572 0.04637221633357072 -0.046389614621086137 0.0360213180720661 0.007683625013741641 -0.082692525064752956
leaf_weight=1560 166 146 154 281 765 4755 150
leaf_count=1560 166 146 154 281 765 4755 150
internal_value=-8.48995e-05 -0.0210723 -0.0271395 0.00630876 0.00879143 0.00462341 -0.038694
internal_weight=7977 1860 1714 6117 5801 5036 316
internal_count=7977 1860 1714 6117 5801 5036 316
is_linear=0
shrinkage=0.02


Tree=296
num_leaves=8
num_cat=0
split_feature=16 52 38 55 21 64 55
split_gain=2885.67 2425.46 2087.49 1538.6 1367.45 1355.16 1371.77
threshold=0.60625000000000007 21.575000000000003 64265.900000000009 65.245000000000019 153827.80000000002 1.5000000000000002 49.105000000000011
decision_type=2 2 8 2 10 2 2
left_child=1 -1 5 4 -4 -3 -7
right_child=-2 2 3 -5 -6 6 -8
leaf_value=-0.044099708056963068 0.022356371583206972 -0.044293765797392352 -0.031272500999047229 -0.13225049914916356 0.00050828239106872155 0.020942649298543184 -0.007865009647418068
leaf_weight=587 1940 177 990 40 1188 2099 961
leaf_count=587 1940 177 990 40 1188 2099 961
internal_value=0.00116682 -0.00564971 -0.0014756 -0.0164017 -0.0139761 0.00876134 0.0118975
internal_weight=7982 6042 5455 2218 2178 3237 3060
internal_count=7982 6042 5455 2218 2178 3237 3060
is_linear=0
shrinkage=0.02


Tree=297
num_leaves=8
num_cat=0
split_feature=44 41 12 65 41 42 66
split_gain=2877.15 2237.05 2090.82 1947.3 1713.44 1682.53 1506.11
threshold=1.0000000180025095e-35 15.475000000000003 68.410000000000011 0.76388888888888895 71.760000000000005 9.1200000000000028 0.43750000000000006
decision_type=2 2 2 2 2 2 2
left_child=1 -1 5 4 -3 6 -2
right_child=2 3 -4 -5 -6 -7 -8
leaf_value=-0.12294701853263028 -0.10849028469902454 -0.032553056158887046 0.032388310747428463 0.056809267604007174 0.033161691871822857 0.0036397164334555959 0.025342255223472165
leaf_weight=80 96 1230 1064 125 178 5188 48
leaf_count=80 96 1230 1064 125 178 5188 48
internal_value=0.00083729 -0.0229912 0.00685983 -0.0173922 -0.0241574 0.00174005 -0.064526
internal_weight=8009 1613 6396 1533 1408 5332 144
internal_count=8009 1613 6396 1533 1408 5332 144
is_linear=0
shrinkage=0.02


Tree=298
num_leaves=8
num_cat=0
split_feature=16 52 34 41 9 42 41
split_gain=3229.25 2653.46 2822.94 2983.21 2337.56 1819.14 1727.04
threshold=0.72825000000000006 75.385000000000005 2.5000000000000004 43.845000000000006 3.5000000000000004 79.600000000000009 14.405000000000003
decision_type=2 2 2 2 2 2 2
left_child=1 2 3 4 6 -5 -1
right_child=-2 -3 -4 5 -6 -7 -8
leaf_value=-0.15161735841551344 0.045886509221904313 0.031704951236006119 0.014673624888033166 -0.0090864463779744518 -0.013655508502845137 0.036404105512757259 -0.049610959173579307
leaf_weight=69 560 755 1679 2709 988 399 835
leaf_count=69 560 755 1679 2709 988 399 835
internal_value=-0.000209294 -0.00371018 -0.00773426 -0.015266 -0.0350305 -0.00319735 -0.058188
internal_weight=7994 7434 6679 5000 1892 3108 904
internal_count=7994 7434 6679 5000 1892 3108 904
is_linear=0
shrinkage=0.02


Tree=299
num_leaves=8
num_cat=0
split_feature=42 33 64 40 8 12 58
split_gain=2713.75 2736.63 2503.47 2373.31 2340.05 2316.48 1930.47
threshold=81.935000000000016 4.5000000000000009 4.5000000000000009 5.6100000000000003 54.410000000000004 71.205000000000013 33.645000000000003
decision_type=2 2 2 2 2 2 2
left_child=1 2 3 -1 5 6 -5
right_child=-2 -3 -4 4 -6 -7 -8
leaf_value=-0.098959653381990573 0.042645702958123248 0.033362356385526051 0.040894851030628877 -0.025824846805798569 -0.05700655712946559 0.028800451243361391 -0.0003501933238030427
leaf_weight=112 568 759 412 1866 362 710 3269
leaf_count=112 568 759 412 1866 362 710 3269
internal_value=0.000695249 -0.00251237 -0.00657943 -0.00970465 -0.00801576 -0.00493547 -0.00962351
internal_weight=8058 7490 6731 6319 6207 5845 5135
internal_count=8058 7490 6731 6319 6207 5845 5135
is_linear=0
shrinkage=0.02


Tree=300
num_leaves=8
num_cat=0
split_feature=44 9 33 16 16 41 65
split_gain=3317.18 2265.2 2050.98 2006.65 1891.86 2111.26 1841.28
threshold=1.0000000180025095e-35 12.500000000000002 1.5000000000000002 0.72825000000000006 0.71795000000000009 71.760000000000005 0.22500000000000003
decision_type=2 2 2 2 2 2 2
left_child=2 3 -1 6 5 -4 -2
right_child=1 -3 4 -5 -6 -7 -8
leaf_value=-0.06841162059811412 -0.03907453250892251 0.039443954637746019 -0.029521162769598503 0.043476515830833125 0.077274848441051883 0.051905427276060498 0.0026966507297913273
leaf_weight=341 458 745 1063 435 81 140 4775
leaf_count=341 458 745 1063 435 81 140 4775
internal_value=0.000308842 0.00677954 -0.02517 0.00245516 -0.0134652 -0.0198695 -0.000993035
internal_weight=8038 6413 1625 5668 1284 1203 5233
internal_count=8038 6413 1625 5668 1284 1203 5233
is_linear=0
shrinkage=0.02


Tree=301
num_leaves=8
num_cat=0
split_feature=41 10 41 16 13 16 8
split_gain=2989.02 2457.6 2238.13 2034.58 1739.13 1577.72 1433.09
threshold=14.405000000000003 14383.050000000001 68.115000000000023 0.26805000000000007 400.85000000000008 0.53355000000000008 55.215000000000011
decision_type=2 2 2 2 2 2 2
left_child=4 2 5 -3 -1 -2 -5
right_child=1 3 -4 6 -6 -7 -8
leaf_value=-0.088252982868401858 -0.051155666462885982 -0.031092097131378598 0.02981481777993587 0.014365465889998239 0.050189948081970213 -0.0057670164727246362 -0.023545805544299248
leaf_weight=217 709 482 288 5270 40 539 427
leaf_count=217 709 482 288 5270 40 539 427
internal_value=0.000276284 0.00253077 -0.0200692 0.00816045 -0.0661588 -0.031654 0.0115058
internal_weight=7972 7715 1536 6179 257 1248 5697
internal_count=7972 7715 1536 6179 257 1248 5697
is_linear=0
shrinkage=0.02


Tree=302
num_leaves=8
num_cat=0
split_feature=64 40 9 41 52 33 64
split_gain=3121.24 2751.19 2630.3 2375.07 2633.28 2471.53 1825.62
threshold=1.0000000180025095e-35 8.9700000000000024 12.500000000000002 72.595000000000013 59.07500000000001 5.5000000000000009 4.5000000000000009
decision_type=2 2 2 2 2 2 2
left_child=-1 -2 3 4 5 6 -3
right_child=1 2 -4 -5 -6 -7 -8
leaf_value=-0.14405490093312021 -0.073428915554765994 -0.020736028509748532 0.035617742345159506 0.02912153335779754 0.014731818858639396 0.07194674047966336 0.033783168207120261
leaf_weight=54 184 3640 911 929 1817 124 259
leaf_count=54 184 3640 911 929 1817 124 259
internal_value=0.000871702 0.00195778 0.00381051 -0.000493365 -0.00522525 -0.014246 -0.0170758
internal_weight=7918 7864 7680 6769 5840 4023 3899
internal_count=7918 7864 7680 6769 5840 4023 3899
is_linear=0
shrinkage=0.02


Tree=303
num_leaves=8
num_cat=0
split_feature=52 16 66 16 55 52 64
split_gain=3113.96 2238.12 1911.09 1716.76 2558.41 1497.55 1744.78
threshold=32.615000000000002 0.72825000000000006 1.0000000180025095e-35 0.32955000000000007 57.045000000000009 75.385000000000005 2.5000000000000004
decision_type=2 2 2 2 2 2 2
left_child=3 2 -2 -1 -5 -4 -7
right_child=1 -3 5 4 -6 6 -8
leaf_value=-0.066891494497058931 -0.050011377433569225 0.049087401703086508 0.00035189489154500736 -0.0055445025226173216 -0.089742551801453643 0.08497236501425505 0.013187025549600936
leaf_weight=319 266 426 4840 1212 159 176 548
leaf_count=319 266 426 4840 1212 159 176 548
internal_value=-0.00140326 0.00510796 0.00185506 -0.0254503 -0.0155999 0.00437733 0.0311007
internal_weight=7946 6256 5830 1690 1371 5564 724
internal_count=7946 6256 5830 1690 1371 5564 724
is_linear=0
shrinkage=0.02


Tree=304
num_leaves=8
num_cat=0
split_feature=16 41 12 31 41 9 12
split_gain=2908.2 2159.8 2049.11 1765.54 2264.64 1591.85 1684.87
threshold=0.38705000000000006 14.405000000000003 77.385000000000005 1.0000000180025095e-35 80.095000000000013 4.5000000000000009 7.3150000000000004
decision_type=2 2 2 2 2 2 2
left_child=3 -2 5 4 -1 6 -3
right_child=1 2 -4 -5 -6 -7 -8
leaf_value=-0.049648650417837462 -0.061239130139680194 -0.07122970196604729 0.048758203625042421 -0.0053451801414035769 0.089566026914119717 0.019494168555949442 -0.00028344633975869841
leaf_weight=836 176 135 469 1284 45 1956 3072
leaf_count=836 176 135 469 1284 45 1956 3072
internal_value=-0.000596052 0.00677978 0.0089578 -0.0203531 -0.0420725 0.00529871 -0.00337619
internal_weight=7973 5808 5632 2165 881 5163 3207
internal_count=7973 5808 5632 2165 881 5163 3207
is_linear=0
shrinkage=0.02


Tree=305
num_leaves=8
num_cat=0
split_feature=12 44 55 42 33 51 51
split_gain=2518.36 2408.33 1750.08 1706.23 1666.66 2075.61 1700.24
threshold=77.385000000000005 1.0000000180025095e-35 53.82500000000001 9.1200000000000028 1.0000000180025095e-35 42.335000000000008 32.095000000000006
decision_type=2 2 2 2 2 2 2
left_child=1 2 -1 -3 5 -5 -6
right_child=-2 3 -4 4 6 -7 -8
leaf_value=-0.014600867764747406 0.037521832632851235 -0.063282078057527544 -0.069722781236365175 -0.017081896978816229 -0.0013257415249054193 -0.16072490099741488 0.021786903199890319
leaf_weight=1226 681 145 280 234 3316 44 2061
leaf_count=1226 681 145 280 234 3316 44 2061
internal_value=0.000882616 -0.00255589 -0.0250461 0.00330035 0.00506199 -0.0422547 0.00754533
internal_weight=7987 7306 1506 5800 5655 278 5377
internal_count=7987 7306 1506 5800 5655 278 5377
is_linear=0
shrinkage=0.02


Tree=306
num_leaves=8
num_cat=0
split_feature=40 64 40 33 44 58 12
split_gain=2562.24 2211.92 2030.27 2061.85 1966.72 1589.09 1444.21
threshold=5.6100000000000003 1.0000000180025095e-35 76.460000000000022 5.5000000000000009 1.0000000180025095e-35 33.645000000000003 47.935000000000009
decision_type=2 2 2 2 2 2 2
left_child=6 -2 3 4 -3 -6 -1
right_child=1 2 -4 -5 5 -7 -8
leaf_value=-0.14455525707304478 -0.12314664214849472 -0.023713601748141393 0.033488584979799868 0.059037070340884901 -0.011151032247255437 0.011220973395168967 -0.00811383908401417
leaf_weight=70 51 1373 781 221 2000 3460 54
leaf_count=70 51 1373 781 221 2000 3460 54
internal_value=0.00066043 0.0021054 0.00299871 -0.000398373 -0.00236246 0.00302339 -0.0877547
internal_weight=8010 7886 7835 7054 6833 5460 124
internal_count=8010 7886 7835 7054 6833 5460 124
is_linear=0
shrinkage=0.02


Tree=307
num_leaves=8
num_cat=1
split_feature=16 64 55 41 2 51 48
split_gain=2855.14 2200.95 1908.44 1348.57 1611.62 1602.81 1473.53
threshold=0.32955000000000007 1.5000000000000002 49.015000000000008 32.395000000000003 0 38.015000000000008 1.0000000180025095e-35
decision_type=2 2 2 2 1 2 2
left_child=3 -2 -3 5 -5 -1 -6
right_child=1 2 -4 4 6 -7 -8
leaf_value=-0.096897345505128019 -0.037378172173836488 0.016172551371607568 -0.0073999259676664408 0.0049215745485917976 0.043867659133578103 0.0082324285311407824 -0.061830973795627894
leaf_weight=193 447 4129 2054 598 58 81 360
leaf_count=193 447 4129 2054 598 58 81 360
internal_value=-6.80703e-05 0.00523375 0.00834209 -0.027232 -0.0164424 -0.0662283 -0.0457382
internal_weight=7920 6630 6183 1290 1016 274 418
internal_count=7920 6630 6183 1290 1016 274 418
cat_boundaries=0 1
cat_threshold=154
is_linear=0
shrinkage=0.02


Tree=308
num_leaves=8
num_cat=0
split_feature=43 41 9 66 16 41 57
split_gain=2605.48 2426.7 2251.43 2304.85 2031.79 1692.59 1691.61
threshold=1.0000000180025095e-35 35.760000000000012 3.5000000000000004 1.0000000180025095e-35 0.53575000000000006 57.935000000000009 38.565000000000005
decision_type=2 2 2 2 2 2 2
left_child=1 -1 4 -4 5 -2 -3
right_child=2 6 3 -5 -6 -7 -8
leaf_value=-0.05633412511087954 -0.039017787499236505 0.012656516031741156 -0.070307050551238814 0.021409327181328496 0.010918539481478471 0.0042482229115129427 -0.031272169510260801
leaf_weight=539 936 796 109 2970 1402 586 619
leaf_count=539 936 796 109 2970 1402 586 619
internal_value=-0.000400231 -0.0204297 0.00613101 0.0180537 -0.00643314 -0.0224002 -0.00660279
internal_weight=7957 1954 6003 3079 2924 1522 1415
internal_count=7957 1954 6003 3079 2924 1522 1415
is_linear=0
shrinkage=0.02


Tree=309
num_leaves=8
num_cat=0
split_feature=34 42 9 33 43 42 48
split_gain=2960.75 3009.49 2595.14 2774.75 1368.08 1254.33 1218.3
threshold=2.5000000000000004 80.790000000000006 3.5000000000000004 1.0000000180025095e-35 1.0000000180025095e-35 54.065000000000005 7.5000000000000009
decision_type=2 2 2 2 2 2 2
left_child=1 2 5 -4 6 -1 -5
right_child=-2 -3 3 4 -6 -7 -8
leaf_value=-0.037940932946356795 0.018812645510626554 0.038849245180109786 -0.084489179733528263 -0.0027799876179656147 0.013555192881109053 -0.010542149531036629 -0.063537062215416329
leaf_weight=1685 1970 471 141 469 1933 1114 179
leaf_count=1685 1970 471 141 469 1933 1114 179
internal_value=-0.00242797 -0.00942114 -0.0135705 0.000339571 0.00512816 -0.0270745 -0.0199212
internal_weight=7962 5992 5521 2722 2581 2799 648
internal_count=7962 5992 5521 2722 2581 2799 648
is_linear=0
shrinkage=0.02


Tree=310
num_leaves=8
num_cat=0
split_feature=16 52 34 55 31 14 12
split_gain=2615.01 2554.51 2397.88 2139.03 1412.38 1709.86 1256.01
threshold=0.72145000000000015 75.385000000000005 3.5000000000000004 55.685000000000009 1.0000000180025095e-35 43.180000000000007 76.370000000000019
decision_type=2 2 2 2 2 2 2
left_child=1 2 3 4 5 -1 -5
right_child=-2 -3 -4 6 -6 -7 -8
leaf_value=-0.015668328325886931 0.038394087936982485 0.029931031604624347 0.030289596619733631 -0.049255703880974958 0.0011371961499454435 -0.093371646304304404 0.047362547137979737
leaf_weight=2126 598 750 566 762 2986 115 54
leaf_count=2126 598 750 566 762 2986 115 54
internal_value=-0.00164937 -0.0049272 -0.0089026 -0.0125954 -0.00787317 -0.0198548 -0.0426123
internal_weight=7957 7359 6609 6043 5227 2241 816
internal_count=7957 7359 6609 6043 5227 2241 816
is_linear=0
shrinkage=0.02


Tree=311
num_leaves=8
num_cat=0
split_feature=41 64 12 13 16 9 10
split_gain=2787.07 2250.71 2251.17 2053.05 1593.27 2036.62 1500.23
threshold=19.275000000000002 1.0000000180025095e-35 78.595000000000013 408.65000000000003 0.77885000000000015 1.5000000000000002 14383.050000000001
decision_type=2 2 2 2 2 2 2
left_child=3 -2 4 -1 5 -3 -7
right_child=1 2 -4 -5 -6 6 -8
leaf_value=-0.065330409817303758 -0.12078846543522204 -0.019993405372699686 0.040927059128370191 0.055984781201590186 0.05120654448201048 -0.019138199891415218 0.010057547561117295
leaf_weight=392 54 1789 579 61 230 849 4008
leaf_count=392 54 1789 579 61 230 849 4008
internal_value=-0.000663237 0.00225674 0.00322838 -0.0485615 2.6491e-05 -0.00178188 0.00493972
internal_weight=7962 7509 7455 453 6876 6646 4857
internal_count=7962 7509 7455 453 6876 6646 4857
is_linear=0
shrinkage=0.02


Tree=312
num_leaves=8
num_cat=0
split_feature=64 40 12 66 9 40 14
split_gain=2512.56 2479.77 2101.67 2016.54 1771.42 1574.99 1716.99
threshold=1.0000000180025095e-35 18.925000000000004 19.995000000000001 0.56250000000000011 10.500000000000002 78.055000000000021 46.365000000000009
decision_type=2 2 2 2 2 2 2
left_child=-1 3 -3 -2 5 6 -4
right_child=1 2 4 -5 -6 -7 -8
leaf_value=-0.12441586591303348 -0.054412276244405262 -0.023302290817005678 0.002993005414412902 0.066689823904917359 0.032702519248423767 0.03719309998459594 -0.054540247095208015
leaf_weight=59 465 951 4728 58 1012 511 212
leaf_count=59 465 951 4728 58 1012 511 212
internal_value=0.000396056 0.00140159 0.00438115 -0.0404779 0.00846951 0.0039447 0.000471317
internal_weight=7996 7937 7414 523 6463 5451 4940
internal_count=7996 7937 7414 523 6463 5451 4940
is_linear=0
shrinkage=0.02


Tree=313
num_leaves=8
num_cat=0
split_feature=16 9 10 9 43 58 46
split_gain=2708.16 1966.98 1704.05 1907.98 1325.7 1190.06 1122.27
threshold=0.42885000000000006 4.5000000000000009 19100.500000000004 1.5000000000000002 1.0000000180025095e-35 29.345000000000002 7.5000000000000009
decision_type=2 2 2 2 2 2 2
left_child=2 4 -1 5 6 -4 -2
right_child=1 -3 3 -5 -6 -7 -8
leaf_value=-0.039157025078108608 -0.035289119040008789 0.025672403803623917 -0.11083001196735046 0.0042384817354383991 0.0071782754153201468 -0.025989426160943255 0.021375485150204911
leaf_weight=821 613 1864 80 1676 2449 322 177
leaf_count=821 613 1864 80 1676 2449 322 177
internal_value=0.000567124 0.00933416 -0.0148547 -0.00518205 -9.33568e-05 -0.0440273 -0.0225388
internal_weight=8002 5103 2899 2078 3239 402 790
internal_count=8002 5103 2899 2078 3239 402 790
is_linear=0
shrinkage=0.02


Tree=314
num_leaves=8
num_cat=0
split_feature=43 31 51 55 41 55 36
split_gain=2570.96 2180.5 1526.5 1451.97 1358.71 1654.7 1345.18
threshold=1.0000000180025095e-35 1.0000000180025095e-35 35.725000000000001 41.705000000000005 40.165000000000006 49.105000000000011 1.0000000180025095e-35
decision_type=2 2 2 2 2 2 2
left_child=1 -1 3 -2 -3 -6 -4
right_child=2 4 6 -5 5 -7 -8
leaf_value=-0.045188817915655453 0.014345447520828074 -0.030118958170111579 -0.0037041026156167597 -0.010349148987303715 0.035429261086458497 -0.028691916475688254 0.03192123783360578
leaf_weight=840 1483 447 632 2641 478 237 1277
leaf_count=840 1483 447 632 2641 478 237 1277
internal_value=-0.00113231 -0.0207421 0.00538683 -0.0014623 -0.00295191 0.0141235 0.0201481
internal_weight=8035 2002 6033 4124 1162 715 1909
internal_count=8035 2002 6033 4124 1162 715 1909
is_linear=0
shrinkage=0.02


Tree=315
num_leaves=8
num_cat=0
split_feature=64 40 9 41 8 45 44
split_gain=2636.56 2173.65 2143.47 2329.78 2313.68 1741.15 2642.05
threshold=1.0000000180025095e-35 87.625000000000014 4.5000000000000009 15.475000000000003 53.770000000000003 1.0000000180025095e-35 1.0000000180025095e-35
decision_type=2 2 2 2 2 2 2
left_child=-1 2 3 -2 -5 -4 -7
right_child=1 -3 5 4 -6 6 -8
leaf_value=-0.12873076245898293 -0.086670499331031756 0.057263556820120708 0.027356543576291165 -0.003278444126113121 -0.063080050391195477 -0.049835660856196791 0.01015369171604469
leaf_weight=58 148 262 1487 3947 272 361 1481
leaf_count=58 148 262 1487 3947 272 361 1481
internal_value=0.00014383 0.00116334 -0.000782454 -0.00999318 -0.00720397 0.0112971 -0.00170626
internal_weight=8016 7958 7696 4367 4219 3329 1842
internal_count=8016 7958 7696 4367 4219 3329 1842
is_linear=0
shrinkage=0.02


Tree=316
num_leaves=8
num_cat=0
split_feature=52 66 9 15 8 17 58
split_gain=2794.06 2456.2 1987.88 1704.88 1557.58 1706.14 1615.96
threshold=66.070000000000007 0.68750000000000011 12.500000000000002 1.5000000000000002 24.545000000000005 2182.8000000000006 22.750000000000004
decision_type=2 2 2 2 2 2 2
left_child=1 2 3 4 6 -6 -1
right_child=-2 -3 -4 -5 5 -7 -8
leaf_value=-0.052609195351225775 0.023631274630191618 0.063719459059860956 0.022109319058169298 -0.03307390600679147 -0.092054733453612578 -0.012759213839301458 0.014272389733962892
leaf_weight=154 1610 192 763 1217 109 2357 1589
leaf_count=154 1610 192 763 1217 109 2357 1589
internal_value=0.000129403 -0.00581425 -0.00802107 -0.0122744 -0.00622833 -0.0164433 0.00822959
internal_weight=7991 6381 6189 5426 4209 2466 1743
internal_count=7991 6381 6189 5426 4209 2466 1743
is_linear=0
shrinkage=0.02


Tree=317
num_leaves=8
num_cat=0
split_feature=55 8 54 10 40 10 40
split_gain=2583.79 1790.45 1492.8 1485.38 1738.54 1364 1638.04
threshold=55.055000000000007 24.415000000000003 85.325000000000003 14383.050000000001 34.775000000000013 47509.350000000013 19.550000000000001
decision_type=2 2 2 2 2 2 2
left_child=1 2 3 4 -1 -3 -7
right_child=-2 5 -4 -5 -6 6 -8
leaf_value=-0.064870996234416958 -0.027466847230345728 -0.015708589484152904 0.0025246964882216505 0.042354856542792432 0.024311082476423575 -0.064067995270485428 0.014684565051739326
leaf_weight=120 1192 2088 1688 1070 286 109 1449
leaf_count=120 1192 2088 1688 1070 286 109 1449
internal_value=-0.000366786 0.00439339 0.0153902 0.0300453 -0.00251667 -0.00515762 0.00898759
internal_weight=8002 6810 3164 1476 406 3646 1558
internal_count=8002 6810 3164 1476 406 3646 1558
is_linear=0
shrinkage=0.02


Tree=318
num_leaves=8
num_cat=0
split_feature=40 66 12 16 40 14 9
split_gain=2263.15 2077.03 1880.87 1735.39 1317.62 1418.99 1299.13
threshold=5.6100000000000003 1.0000000180025095e-35 19.995000000000001 0.59965000000000013 55.770000000000003 12.205000000000002 3.5000000000000004
decision_type=2 2 2 2 2 2 2
left_child=-1 4 -3 6 -2 -6 -4
right_child=1 2 3 -5 5 -7 -8
leaf_value=-0.088431155068718875 -0.075575265796151425 -0.023180388344126467 -0.010763119553327824 0.024429403013691765 0.093149876710265242 -0.036956866551668216 0.010210573066537712
leaf_weight=110 220 934 2115 1700 42 112 2663
leaf_count=110 220 934 2115 1700 42 112 2663
internal_value=-0.000355674 0.000944603 0.00327757 0.00710722 -0.0447239 0.000340194 0.000924942
internal_weight=7896 7786 7412 6478 374 154 4778
internal_count=7896 7786 7412 6478 374 154 4778
is_linear=0
shrinkage=0.02


Tree=319
num_leaves=8
num_cat=0
split_feature=16 42 31 33 15 57 32
split_gain=2989.78 2308.95 2447.93 1634.83 1374.11 1197.04 1159.18
threshold=0.56585000000000008 82.565000000000012 1.0000000180025095e-35 3.5000000000000004 1.5000000000000002 38.725000000000001 1.0000000180025095e-35
decision_type=2 2 2 2 2 2 2
left_child=1 2 3 6 -4 -5 -1
right_child=-2 -3 4 5 -6 -7 -8
leaf_value=-0.025106864618502419 0.01835321667663083 0.041261275373294909 0.006474425883237659 0.053856580322369549 -0.028495178477737037 -0.031118860890655298 -0.061511025733320145
leaf_weight=1271 2557 352 2454 151 545 111 486
leaf_count=1271 2557 352 2454 151 545 111 486
internal_value=0.00057401 -0.007901 -0.0113873 -0.0283826 8.26448e-05 0.017947 -0.0353225
internal_weight=7927 5370 5018 2019 2999 262 1757
internal_count=7927 5370 5018 2019 2999 262 1757
is_linear=0
shrinkage=0.02


Tree=320
num_leaves=8
num_cat=0
split_feature=16 9 33 40 34 15 17
split_gain=2173.58 2194.06 2396.76 2185.32 1658.83 1513.05 2289.65
threshold=0.72825000000000006 3.5000000000000004 1.0000000180025095e-35 45.705000000000005 3.5000000000000004 1.5000000000000002 9065.1500000000015
decision_type=2 2 2 2 2 2 2
left_child=1 3 -3 4 5 -1 -7
right_child=-2 2 -4 -5 -6 6 -8
leaf_value=-0.029393918585054149 0.036889512094620026 -0.073725420726345969 0.0096920150847220853 -0.0026292070516664491 0.038287935097580376 -0.11799946322816933 0.0078640808428035065
leaf_weight=972 565 138 3790 2192 110 198 80
leaf_count=972 565 138 3790 2192 110 198 80
internal_value=-0.00075914 -0.00362566 0.00667136 -0.0150061 -0.0348719 -0.0414369 -0.0822807
internal_weight=8045 7480 3928 3552 1360 1250 278
internal_count=8045 7480 3928 3552 1360 1250 278
is_linear=0
shrinkage=0.02


Tree=321
num_leaves=8
num_cat=0
split_feature=43 42 16 21 44 57 0
split_gain=2368.21 1877.97 1717.76 1318.13 1235.26 1833.43 1210.73
threshold=1.0000000180025095e-35 48.210000000000008 0.48145000000000004 268411.15000000008 1.0000000180025095e-35 42.195000000000007 51.500000000000007
decision_type=2 2 2 10 2 2 2
left_child=1 -1 4 -3 5 -2 -6
right_child=2 3 -4 -5 6 -7 -8
leaf_value=-0.038138303912898831 -0.005857849763881106 -0.016740271446291904 0.015200177927185777 0.033783076477228287 -0.011240218627452321 -0.080816418964489198 0.018505758558457208
leaf_weight=1070 368 581 3124 314 1404 198 890
leaf_count=1070 368 581 3124 314 1404 198 890
internal_value=-0.00129945 -0.0203206 0.0049584 0.00107445 -0.00623579 -0.0325582 0.000315435
internal_weight=7949 1965 5984 895 2860 566 2294
internal_count=7949 1965 5984 895 2860 566 2294
is_linear=0
shrinkage=0.02


Tree=322
num_leaves=8
num_cat=1
split_feature=12 10 2 42 34 51 42
split_gain=2329.01 2221.81 1532.99 1644.11 1246.11 1356.81 1389.97
threshold=42.865000000000002 12706.300000000001 0 24.880000000000006 2.5000000000000004 31.385000000000002 14.090000000000002
decision_type=2 2 1 2 2 2 2
left_child=1 -1 3 -2 5 -3 -7
right_child=2 4 -4 -5 -6 6 -8
leaf_value=-0.0445198836563441 -0.080182148065623335 -0.024323011496174975 0.015856887450093293 -0.0024670716340686213 0.017934545484128209 -0.097171941868802333 0.01489796778633465
leaf_weight=666 122 1326 3540 766 753 42 765
leaf_count=666 122 1326 3540 766 753 42 765
internal_value=0.000317841 -0.0117369 0.00999007 -0.0133834 -0.00410764 -0.0119128 0.0085029
internal_weight=7980 3552 4428 888 2886 2133 807
internal_count=7980 3552 4428 888 2886 2133 807
cat_boundaries=0 1
cat_threshold=65
is_linear=0
shrinkage=0.02


Tree=323
num_leaves=8
num_cat=0
split_feature=44 9 15 33 21 58 12
split_gain=2471.98 2080.69 2323.31 1566.99 1501.7 1689.27 1287.53
threshold=1.0000000180025095e-35 10.500000000000002 1.0000000180025095e-35 1.0000000180025095e-35 1.0000000180025095e-35 20.915000000000003 6.3650000000000011
decision_type=2 2 2 2 10 2 2
left_child=3 2 6 -1 5 -5 -2
right_child=1 -3 -4 4 -6 -7 -8
leaf_value=-0.11281204981578363 -0.049883304717396937 0.031557011286374503 -0.019269245704335199 -0.15189658848138957 -0.0020767630002987776 -0.032088598813861606 0.011353461185336538
leaf_weight=69 138 988 1698 47 915 571 3534
leaf_count=69 138 988 1698 47 915 571 3534
internal_value=-0.000636936 0.00496105 4.29881e-05 -0.0228005 -0.0183955 -0.0423462 0.00898738
internal_weight=7960 6358 5370 1602 1533 618 3672
internal_count=7960 6358 5370 1602 1533 618 3672
is_linear=0
shrinkage=0.02


Tree=324
num_leaves=8
num_cat=0
split_feature=52 33 52 64 64 33 0
split_gain=2589.13 1909.41 1874.14 1291.29 1285.14 2059.22 1103.98
threshold=71.75500000000001 5.5000000000000009 31.455000000000002 4.5000000000000009 2.5000000000000004 1.5000000000000002 34.500000000000007
decision_type=2 2 2 2 2 2 2
left_child=1 2 -1 -4 5 6 -2
right_child=4 -3 3 -5 -6 -7 -8
leaf_value=-0.026497786703890486 -0.0659784581794821 0.055063302259286635 -0.0041407124557595407 0.035177916086717928 0.014330235858301808 0.10592777882019679 0.052014815382659431
leaf_weight=1544 53 198 4815 354 773 175 65
leaf_count=1544 53 198 4815 354 773 175 65
internal_value=-0.000897817 -0.00537834 -0.00720072 -0.00141658 0.0280394 0.06336 -0.00150987
internal_weight=7977 6911 6713 5169 1066 293 118
internal_count=7977 6911 6713 5169 1066 293 118
is_linear=0
shrinkage=0.02


Tree=325
num_leaves=8
num_cat=0
split_feature=55 12 8 12 33 40 52
split_gain=2462.34 2277.56 1871.97 1831.68 1461.18 1340.54 1475.84
threshold=55.055000000000007 78.085000000000022 54.410000000000004 14.955000000000002 2.5000000000000004 61.115000000000002 38.685000000000009
decision_type=2 2 2 2 2 2 2
left_child=2 4 3 -1 5 -2 -7
right_child=1 -3 -4 -5 -6 6 -8
leaf_value=-0.026849065936993863 -0.079386336772578295 0.065486402171850214 -0.034997347872059013 0.011280536821403264 -0.011555783017270482 -0.10814247245589892 0.025204474179763493
leaf_weight=547 362 95 428 5813 551 40 122
leaf_count=547 362 95 428 5813 551 40 122
internal_value=0.00062527 -0.0261077 0.00524888 0.00798264 -0.0344678 -0.0582235 -0.00997271
internal_weight=7958 1170 6788 6360 1075 524 162
internal_count=7958 1170 6788 6360 1075 524 162
is_linear=0
shrinkage=0.02


Tree=326
num_leaves=8
num_cat=0
split_feature=41 33 33 52 64 32 8
split_gain=2257.69 2405.6 2035.01 1987.67 1984.52 1994.04 1809.04
threshold=72.595000000000013 1.0000000180025095e-35 5.5000000000000009 73.135000000000005 4.5000000000000009 1.0000000180025095e-35 52.010000000000012
decision_type=2 2 2 2 2 2 2
left_child=1 -1 3 4 5 6 -3
right_child=-2 2 -4 -5 -6 -7 -8
leaf_value=-0.055878260479786335 0.026771179049269601 0.0012561395473330073 0.057952040322975476 0.027241478490794335 0.034284860674762031 -0.02932538667119159 -0.050827947494862927
leaf_weight=344 1044 3324 214 716 407 1671 285
leaf_count=344 1044 3324 214 716 407 1671 285
internal_value=-0.000582815 -0.0047016 -0.00200088 -0.00404827 -0.00800815 -0.0112976 -0.00292153
internal_weight=8005 6961 6617 6403 5687 5280 3609
internal_count=8005 6961 6617 6403 5687 5280 3609
is_linear=0
shrinkage=0.02


Tree=327
num_leaves=8
num_cat=0
split_feature=55 34 8 16 16 49 66
split_gain=2605.88 2304.84 2249.85 1884.35 1315.89 1118.15 1057.66
threshold=54.735000000000007 1.5000000000000002 54.410000000000004 0.32955000000000007 0.77305000000000013 33.500000000000007 1.0000000180025095e-35
decision_type=2 2 2 2 2 2 2
left_child=2 -2 3 5 6 -1 -5
right_child=1 -3 -4 4 -6 -7 -8
leaf_value=-0.001475976748167828 -0.055462304462004328 -0.001468402629348844 -0.039152744622479925 -0.028752027692748049 0.060877683596913097 -0.045096072803638629 0.013084406287284796
leaf_weight=693 575 696 424 250 216 351 4763
leaf_count=693 575 696 424 250 216 351 4763
internal_value=0.000179381 -0.0260168 0.00516677 0.00819118 0.0130892 -0.0162864 0.0109714
internal_weight=7968 1271 6697 6273 5229 1044 5013
internal_count=7968 1271 6697 6273 5229 1044 5013
is_linear=0
shrinkage=0.02


Tree=328
num_leaves=8
num_cat=0
split_feature=43 40 52 64 64 40 64
split_gain=2237.76 2113.39 1941.83 1564.84 1382.48 1080.3 1045.8
threshold=1.0000000180025095e-35 30.985000000000003 30.840000000000003 1.0000000180025095e-35 2.5000000000000004 73.395000000000024 3.5000000000000004
decision_type=2 2 2 2 2 2 2
left_child=1 6 -2 -3 -4 -5 -1
right_child=2 3 4 5 -6 -7 -8
leaf_value=-0.06557110280457018 -0.015643715742211656 -0.12133686603440179 0.035405833388946373 -0.0082890888164033356 0.0084429491462815927 0.04129783557865567 0.028376241166676794
leaf_weight=391 1107 40 938 1304 3963 198 51
leaf_count=391 1107 40 938 1304 3963 198 51
internal_value=0.00214947 -0.0162414 0.00823108 -0.00512419 0.0136342 -0.001637 -0.0545349
internal_weight=7992 1984 6008 1542 4901 1502 442
internal_count=7992 1984 6008 1542 4901 1502 442
is_linear=0
shrinkage=0.02


Tree=329
num_leaves=8
num_cat=1
split_feature=16 34 40 9 9 2 8
split_gain=2562.28 1707.88 1800.36 2819.73 1518.87 1385.02 1252.27
threshold=0.57745000000000013 3.5000000000000004 59.725000000000001 4.5000000000000009 7.5000000000000009 0 24.685000000000006
decision_type=2 2 2 2 2 1 2
left_child=1 2 3 6 -2 -5 -1
right_child=4 -3 -4 5 -6 -7 -8
leaf_value=-0.017280963035324441 0.0094409891251516324 0.027080940217529839 0.0073995086008594047 0.022105804953155398 0.050437662464754063 -0.014081380224938671 -0.051280153328194994
leaf_weight=769 2005 509 1476 640 437 1180 1010
leaf_count=769 2005 509 1476 640 437 1180 1010
internal_value=-0.000202298 -0.00767481 -0.0111839 -0.0188049 0.0168655 -0.00128655 -0.0366731
internal_weight=8026 5584 5075 3599 2442 1820 1779
internal_count=8026 5584 5075 3599 2442 1820 1779
cat_boundaries=0 1
cat_threshold=130
is_linear=0
shrinkage=0.02


Tree=330
num_leaves=8
num_cat=0
split_feature=44 9 52 16 55 24 16
split_gain=2133.03 2132.4 1700.04 1442.53 1234.75 1209.77 1131.87
threshold=1.0000000180025095e-35 4.5000000000000009 47.905000000000008 0.28220000000000006 37.865000000000002 1.5000000000000002 0.44815000000000005
decision_type=2 2 2 2 2 2 2
left_child=2 4 -1 -4 -2 -5 -3
right_child=1 6 3 5 -6 -7 -8
leaf_value=-0.042218323842969363 0.017094479085814886 0.0048952361657497541 -0.080128563399235894 -0.023266095234364865 -0.011401952495262234 0.028496330922510887 0.030976661535392948
leaf_weight=780 768 1306 78 297 2852 445 1357
leaf_count=780 768 1306 78 297 2852 445 1357
internal_value=-0.000601996 0.00465116 -0.0211807 -0.00103477 -0.00534106 0.00776036 0.0182188
internal_weight=7883 6283 1600 820 3620 742 2663
internal_count=7883 6283 1600 820 3620 742 2663
is_linear=0
shrinkage=0.02


Tree=331
num_leaves=8
num_cat=1
split_feature=52 43 8 10 4 38 57
split_gain=1914.23 1866.96 1347.99 1749.72 1407.67 1377.12 1371.93
threshold=75.385000000000005 1.0000000180025095e-35 24.135000000000002 36042.700000000004 0 3175.2500000000005 10.070000000000002
decision_type=2 2 2 2 1 10 2
left_child=1 -1 -3 4 5 -4 -6
right_child=-2 2 3 -5 6 -7 -8
leaf_value=-0.019872226365592788 0.030433952102210879 0.014649381620522992 -0.077628835334559762 0.0074387354747828573 0.096945834779739379 -0.013454756800888801 -0.011987535342441289
leaf_weight=1780 797 2453 289 1726 45 250 612
leaf_count=1780 797 2453 289 1726 45 250 612
internal_value=0.00113333 -0.00214946 0.00373267 -0.0054412 -0.0239824 -0.0473896 -0.00379318
internal_weight=7952 7155 5375 2922 1196 539 657
internal_count=7952 7155 5375 2922 1196 539 657
cat_boundaries=0 1
cat_threshold=1
is_linear=0
shrinkage=0.02


Tree=332
num_leaves=8
num_cat=1
split_feature=66 16 34 42 64 32 2
split_gain=1962.76 1763.7 1722.03 1632.19 1828.24 1905.36 1325.67
threshold=1.0000000180025095e-35 0.57935000000000014 3.5000000000000004 82.565000000000012 4.5000000000000009 1.0000000180025095e-35 0
decision_type=2 2 2 2 2 2 1
left_child=-1 2 3 4 5 -2 -7
right_child=1 -3 -4 -5 -6 6 -8
leaf_value=-0.041428978550224448 -0.0034879213112653596 0.019016365212120762 0.03309899827908902 0.038683128087270646 0.03661690142445944 -0.0083326240828154978 -0.050176044185134092
leaf_weight=393 2968 2240 499 305 325 544 722
leaf_count=393 2968 2240 499 305 325 544 722
internal_value=0.00186889 0.00413272 -0.00209576 -0.00573669 -0.00874752 -0.0122688 -0.0327598
internal_weight=7996 7603 5363 4864 4559 4234 1266
internal_count=7996 7603 5363 4864 4559 4234 1266
cat_boundaries=0 1
cat_threshold=82
is_linear=0
shrinkage=0.02


Tree=333
num_leaves=8
num_cat=0
split_feature=16 43 65 40 12 58 16
split_gain=2710.1 1995.9 2146.93 1374.19 1218.14 1047.19 1019.6
threshold=0.72145000000000015 1.0000000180025095e-35 0.53571428571428581 8.9700000000000024 14.955000000000002 19.905000000000005 0.17090000000000002
decision_type=2 2 2 2 2 2 2
left_child=1 2 5 -3 -5 -1 -6
right_child=-2 3 -4 4 6 -7 -8
leaf_value=-0.12462589209801272 0.041862739562079677 -0.066485003255031719 0.0022925948521554406 -0.02528765504769822 -0.066285660993307835 -0.03533360083191682 0.0095613155643622626
leaf_weight=52 610 103 896 463 67 888 4893
leaf_count=52 610 103 896 463 67 888 4893
internal_value=0.00152919 -0.0018389 -0.0198756 0.00416629 0.00556819 -0.0409064 0.00847105
internal_weight=7972 7362 1836 5526 5423 940 4960
internal_count=7972 7362 1836 5526 5423 940 4960
is_linear=0
shrinkage=0.02


Tree=334
num_leaves=8
num_cat=0
split_feature=12 41 16 44 16 41 15
split_gain=2204.18 1574.04 1823.92 1596.55 1240.17 1146.63 1093.86
threshold=41.945000000000007 63.215000000000011 0.50155000000000005 1.0000000180025095e-35 0.77305000000000013 14.405000000000003 1.5000000000000002
decision_type=2 2 2 2 2 2 2
left_child=1 2 3 -1 -2 -4 -5
right_child=4 -3 5 6 -6 -7 -8
leaf_value=-0.073552305690153891 0.0083132357518632457 0.011555935187042461 -0.094645966589450833 -0.010867312105463571 0.063565715053201424 0.0042282117684291553 -0.056468633790714373
leaf_weight=312 4339 925 44 834 164 1098 278
leaf_count=312 4339 925 44 834 164 1098 278
internal_value=0.00115189 -0.010767 -0.0188208 -0.0338799 0.0103938 2.27247e-05 -0.0224694
internal_weight=7994 3491 2566 1424 4503 1142 1112
internal_count=7994 3491 2566 1424 4503 1142 1112
is_linear=0
shrinkage=0.02


Tree=335
num_leaves=8
num_cat=0
split_feature=12 41 30 64 42 57 57
split_gain=2149.93 1958.43 2529.99 1891.37 1560.49 1478.48 1396.5
threshold=77.385000000000005 72.595000000000013 1.0000000180025095e-35 4.5000000000000009 15.815000000000003 55.945000000000007 41.605000000000011
decision_type=2 2 2 2 2 2 2
left_child=1 2 3 4 -1 -4 -6
right_child=-2 -3 5 -5 6 -7 -8
leaf_value=-0.061986321897125565 0.035039142356379269 0.024194712249393697 0.021795211001758959 0.033102864134711148 -0.0050958562895136563 -0.033739249973907662 -0.029344911547004689
leaf_weight=289 665 957 1464 313 2532 216 1518
leaf_count=289 665 957 1464 313 2532 216 1518
internal_value=0.000753182 -0.00239672 -0.00643159 -0.0140257 -0.0174596 0.0145761 -0.0142097
internal_weight=7954 7289 6332 4652 4339 1680 4050
internal_count=7954 7289 6332 4652 4339 1680 4050
is_linear=0
shrinkage=0.02


Tree=336
num_leaves=8
num_cat=0
split_feature=44 9 57 29 17 42 9
split_gain=2140.44 1993.86 1741.23 2073.43 1464.99 1560.24 1883.49
threshold=1.0000000180025095e-35 17.500000000000004 34.005000000000003 1.0000000180025095e-35 35017.80000000001 10.480000000000002 4.5000000000000009
decision_type=2 2 2 2 2 2 2
left_child=2 4 -1 -4 5 6 -2
right_child=1 -3 3 -5 -6 -7 -8
leaf_value=0.0013954262348837504 -0.1399862003662217 0.05439865991615566 -0.057951841485677953 0.012419053743711335 0.023252715223686812 -0.00013502968549816376 0.0095383614476989304
leaf_weight=779 66 309 641 224 1123 4775 63
leaf_count=779 66 309 641 224 1123 4775 63
internal_value=-1.55947e-05 0.00526327 -0.0203147 -0.039762 0.00270113 -0.00202401 -0.0693314
internal_weight=7980 6336 1644 865 6027 4904 129
internal_count=7980 6336 1644 865 6027 4904 129
is_linear=0
shrinkage=0.02


Tree=337
num_leaves=8
num_cat=0
split_feature=55 12 8 42 34 62 9
split_gain=1977.6 2093.95 1693.79 1840.34 1674.17 1628.97 1200.35
threshold=38.115000000000002 40.635000000000012 50.695000000000007 48.405000000000008 1.0000000180025095e-35 1.0000000180025095e-35 12.500000000000002
decision_type=2 2 2 2 2 2 2
left_child=-1 4 -3 -4 -2 -6 -7
right_child=1 2 3 -5 5 6 -8
leaf_value=0.018845579869266178 -0.067902361468014968 0.0089830300892948193 -0.090246362175544118 0.0049630772699061675 -0.0025443064465575827 -0.050128967232925641 0.026455619949655437
leaf_weight=1811 246 3356 145 176 1621 579 92
leaf_count=1811 246 3356 145 176 1621 579 92
internal_value=0.00048403 -0.00487722 0.00476733 -0.0387688 -0.018832 -0.0134289 -0.0395105
internal_weight=8026 6215 3677 321 2538 2292 671
internal_count=8026 6215 3677 321 2538 2292 671
is_linear=0
shrinkage=0.02


Tree=338
num_leaves=8
num_cat=1
split_feature=16 44 40 12 5 64 68
split_gain=2504.09 1771.5 1708.93 1504.68 1169.06 1149.54 1157.71
threshold=0.60625000000000007 1.0000000180025095e-35 59.065000000000005 28.825000000000003 0 4.5000000000000009 179015.80000000002
decision_type=2 2 2 2 1 2 2
left_child=1 2 -1 4 -2 6 -3
right_child=3 5 -4 -5 -6 -7 -8
leaf_value=-0.041464951367941365 0.019412821729926401 -0.023465380521320092 0.012602809117045961 0.028953149234446661 -0.04319267095186903 0.027513171847814689 0.0013449082527512129
leaf_weight=914 226 964 311 1535 225 506 3362
leaf_count=914 226 964 311 1535 225 506 3362
internal_value=7.77683e-05 -0.00631379 -0.0277429 0.019538 -0.0124731 -0.000858056 -0.00420449
internal_weight=8043 6057 1225 1986 451 4832 4326
internal_count=8043 6057 1225 1986 451 4832 4326
cat_boundaries=0 1
cat_threshold=2
is_linear=0
shrinkage=0.02


Tree=339
num_leaves=8
num_cat=0
split_feature=40 9 40 13 8 52 38
split_gain=1538.96 1835.87 1684.65 1487.24 1471.57 1460.03 1399.7
threshold=87.625000000000014 4.5000000000000009 20.080000000000002 319.55000000000007 29.825000000000003 73.135000000000005 43767.100000000013
decision_type=2 2 2 2 2 2 8
left_child=1 2 3 -1 6 -3 -4
right_child=-2 5 4 -5 -6 -7 -8
leaf_value=0.00075514044581341143 0.047296649071082247 0.0045359986407102074 0.017439960466797015 -0.090954745558881639 -0.022120132239008751 0.046289879623504858 -0.011784403248832249
leaf_weight=114 257 2958 1253 181 1597 373 1364
leaf_count=114 257 2958 1253 181 1597 373 1364
internal_value=-0.000386089 -0.00197831 -0.0102919 -0.0560924 -0.00702295 0.0092739 0.00221458
internal_weight=8097 7840 4509 295 4214 3331 2617
internal_count=8097 7840 4509 295 4214 3331 2617
is_linear=0
shrinkage=0.02


Tree=340
num_leaves=8
num_cat=0
split_feature=55 45 40 31 32 57 8
split_gain=1860.33 2003.9 1802.65 3077.36 1541.95 1342.78 1224.12
threshold=37.995000000000012 1.0000000180025095e-35 41.895000000000003 1.0000000180025095e-35 1.0000000180025095e-35 44.57500000000001 8.5850000000000026
decision_type=2 2 2 2 2 2 2
left_child=5 6 3 -3 -5 -1 -2
right_child=1 2 -4 4 -6 -7 -8
leaf_value=0.023564401457829637 0.072314875774678933 -0.074005723113336794 -0.0051732671490574344 -0.032265096236869954 0.02984411299368192 -0.039498334500837971 0.0050587213644860338
leaf_weight=1596 108 478 2425 394 262 143 2608
leaf_count=1596 108 478 2425 394 262 143 2608
internal_value=6.19459e-06 -0.00506866 -0.014933 -0.0356893 -0.00742117 0.0182803 0.00786109
internal_weight=8014 6275 3559 1134 656 1739 2716
internal_count=8014 6275 3559 1134 656 1739 2716
is_linear=0
shrinkage=0.02


Tree=341
num_leaves=8
num_cat=0
split_feature=15 41 41 24 21 14 66
split_gain=2124.71 1351.71 1281.44 1250.97 1281.85 1210.4 1199.29
threshold=1.5000000000000002 23.855000000000004 68.115000000000023 1.5000000000000002 270024.60000000003 34.925000000000004 0.56250000000000011
decision_type=2 2 2 2 8 2 2
left_child=1 6 3 4 -2 -3 -1
right_child=2 5 -4 -5 -6 -7 -8
leaf_value=-0.034298814230069918 0.015810224227230957 0.012001629080193232 0.017316715906704624 -0.011871022056664259 -0.064415569087978089 -0.016885897062804182 0.045009108582304586
leaf_weight=513 94 5110 305 814 461 650 85
leaf_count=513 94 5110 305 814 461 650 85
internal_value=0.000473495 0.00575391 -0.0195394 -0.0277837 -0.0508079 0.00872993 -0.0227462
internal_weight=8032 6358 1674 1369 555 5760 598
internal_count=8032 6358 1674 1369 555 5760 598
is_linear=0
shrinkage=0.02


Tree=342
num_leaves=8
num_cat=0
split_feature=42 34 44 57 9 42 43
split_gain=1943.26 1999.16 2047.96 2105.02 1673.38 1851.99 1388.96
threshold=81.935000000000016 3.5000000000000004 1.0000000180025095e-35 11.340000000000002 4.5000000000000009 17.205000000000002 1.0000000180025095e-35
decision_type=2 2 2 2 2 2 2
left_child=1 2 3 -1 5 -4 -5
right_child=-2 -3 4 6 -6 -7 -8
leaf_value=0.046201991400159625 0.035452509812585881 0.030754159830101813 -0.072113685191919408 -0.069379445628775155 0.012700841379981018 -0.0060451552892972779 -0.022479610294063909
leaf_weight=136 565 642 175 346 2260 2998 933
leaf_count=136 565 642 175 346 2260 2998 933
internal_value=-0.000146944 -0.00285421 -0.00602513 -0.027411 -0.000435208 -0.00979675 -0.0353879
internal_weight=8055 7490 6848 1415 5433 3173 1279
internal_count=8055 7490 6848 1415 5433 3173 1279
is_linear=0
shrinkage=0.02


Tree=343
num_leaves=8
num_cat=0
split_feature=16 41 65 47 41 45 64
split_gain=1901.61 1996.32 1676.09 1468.72 1460.31 1170.82 1167.41
threshold=0.72145000000000015 15.475000000000003 0.58571428571428574 7.5000000000000009 36.045000000000009 1.0000000180025095e-35 3.5000000000000004
decision_type=2 2 2 2 2 2 2
left_child=1 6 4 -2 5 -3 -1
right_child=3 2 -4 -5 -6 -7 -8
leaf_value=-0.080110891350169688 0.057997688389647646 -0.0077202584116818395 0.0099099583833225854 -0.0042194573093383087 -0.0031498173617007172 -0.058467521104675076 0.010047477536967822
leaf_weight=196 386 344 3458 247 2899 385 79
leaf_count=196 386 344 3458 247 2899 385 79
internal_value=0.000753832 -0.00211565 -4.59155e-05 0.0338774 -0.00953586 -0.0347367 -0.0544939
internal_weight=7994 7361 7086 633 3628 729 275
internal_count=7994 7361 7086 633 3628 729 275
is_linear=0
shrinkage=0.02


Tree=344
num_leaves=8
num_cat=0
split_feature=43 44 12 40 16 13 21
split_gain=2018.45 1995.73 1956.57 1320.47 1155.31 1228.82 1491.96
threshold=1.0000000180025095e-35 1.0000000180025095e-35 11.290000000000001 59.725000000000001 0.36050000000000004 405.35000000000008 301230.85000000003
decision_type=2 2 2 2 2 2 10
left_child=1 3 -2 -1 5 6 -4
right_child=2 -3 4 -5 -6 -7 -8
leaf_value=-0.078459747565506652 -0.039220945389720693 -0.0072922261760844098 -0.034697572264978702 0.0055114480244139062 0.013346887753440912 0.035070285079780064 0.01808317806559858
leaf_weight=295 358 1528 675 99 4465 206 309
leaf_count=295 358 1528 675 99 4465 206 309
internal_value=9.61294e-05 -0.0177186 0.00580043 -0.0575557 0.00868272 -0.00880034 -0.0181155
internal_weight=7935 1922 6013 394 5655 1190 984
internal_count=7935 1922 6013 394 5655 1190 984
is_linear=0
shrinkage=0.02


Tree=345
num_leaves=8
num_cat=0
split_feature=34 40 45 57 40 10 40
split_gain=1950.9 1719.12 1496.81 1701.86 1513.3 1498.06 1837.97
threshold=3.5000000000000004 81.645000000000024 1.0000000180025095e-35 41.805000000000007 8.9700000000000024 12490.300000000001 30.690000000000001
decision_type=2 2 2 2 2 2 2
left_child=1 2 3 4 -1 6 -4
right_child=-2 -3 5 -5 -6 -7 -8
leaf_value=-0.080087949101741496 0.030339280852429932 0.034377100851317642 -0.11138492571929146 -0.015986847957724128 0.018145044914169097 -0.0094106216152327563 -0.025976868447093571
leaf_weight=60 704 426 121 1116 1890 3245 531
leaf_count=60 704 426 121 1116 1890 3245 531
internal_value=-0.00135313 -0.00439116 -0.00678598 0.00366587 0.0149254 -0.0150032 -0.0425542
internal_weight=8093 7389 6963 3066 1950 3897 652
internal_count=8093 7389 6963 3066 1950 3897 652
is_linear=0
shrinkage=0.02


Tree=346
num_leaves=8
num_cat=1
split_feature=31 42 14 33 23 13 3
split_gain=1567.64 2224.56 1975.61 1569.5 1312.56 1733.58 1330.92
threshold=1.0000000180025095e-35 80.415000000000006 43.180000000000007 4.5000000000000009 12.15 406.65000000000003 0
decision_type=2 2 2 2 2 2 1
left_child=1 2 3 4 6 -6 -1
right_child=-2 -3 -4 -5 5 -7 -8
leaf_value=-0.0041551432646627848 0.0058899506745121446 0.042202102898314109 -0.080952301546521888 0.06841685882344356 -0.0090914114716599687 0.061421543408893733 -0.041282591228872276
leaf_weight=646 4705 272 177 87 961 158 993
leaf_count=646 4705 272 177 87 961 158 993
internal_value=-0.00151641 -0.0120882 -0.0170363 -0.0129248 -0.0156098 0.00109378 -0.0269826
internal_weight=7999 3294 3022 2845 2758 1119 1639
internal_count=7999 3294 3022 2845 2758 1119 1639
cat_boundaries=0 1
cat_threshold=6
is_linear=0
shrinkage=0.02


Tree=347
num_leaves=8
num_cat=0
split_feature=55 16 34 52 44 16 0
split_gain=2031.31 1547.09 1345.98 1471.04 1164.28 1066.56 1366.82
threshold=55.055000000000007 0.60625000000000007 1.5000000000000002 73.135000000000005 1.0000000180025095e-35 0.27935000000000004 56.500000000000007
decision_type=2 2 2 2 2 2 2
left_child=1 5 3 4 -2 -1 -7
right_child=2 -3 -4 -5 -6 6 -8
leaf_value=-0.024885645370018736 -0.11509761354300828 0.021899141821968122 -0.0033972071092802248 0.036550429966542626 -0.040571571516784581 -0.0023894839017641399 0.024978176270799884
leaf_weight=612 108 1674 653 72 371 3606 910
leaf_count=612 108 1674 653 72 371 3606 910
internal_value=0.000993496 0.00523591 -0.0228965 -0.0457672 -0.0583904 -0.000219723 0.00314678
internal_weight=8006 6802 1204 551 479 5128 4516
internal_count=8006 6802 1204 551 479 5128 4516
is_linear=0
shrinkage=0.02


Tree=348
num_leaves=8
num_cat=0
split_feature=52 16 51 16 16 47 10
split_gain=2119.97 1581.47 1470.02 1320.85 1311.93 1205.55 1126.7
threshold=22.785000000000004 0.72145000000000015 40.455000000000005 0.26805000000000007 0.32955000000000007 3.5000000000000004 14383.050000000001
decision_type=2 2 2 2 2 2 2
left_child=2 3 5 -2 -4 -1 -5
right_child=1 -3 4 6 -6 -7 -8
leaf_value=-0.09288587203237908 -0.030307266418154337 0.034943536216743384 -0.063085876413134692 -0.014636537244097272 0.045787328818860731 -0.02915503929042992 0.0070109371025305145
leaf_weight=158 518 564 57 1189 151 469 4941
leaf_count=158 518 564 57 1189 151 469 4941
internal_value=-0.000558389 0.00294198 -0.030629 0.000202821 0.0151714 -0.0458226 0.0028036
internal_weight=8047 7212 835 6648 208 627 6130
internal_count=8047 7212 835 6648 208 627 6130
is_linear=0
shrinkage=0.02


Tree=349
num_leaves=8
num_cat=0
split_feature=55 12 40 0 66 41 12
split_gain=1950.45 2197.65 1478.46 1645.08 1303.6 1259.57 1106.29
threshold=55.055000000000007 78.595000000000013 8.9700000000000024 62.500000000000007 0.18750000000000003 48.485000000000007 52.305000000000007
decision_type=2 2 2 2 2 2 2
left_child=2 4 -1 -4 6 -6 -2
right_child=1 -3 3 -5 5 -7 -8
leaf_value=-0.056851579826089405 -0.10061536360965219 0.068101131777123861 0.0016180528097195898 0.033893713318101294 -0.046131342221951969 0.0024092823664714873 -0.012628935021097942
leaf_weight=153 167 91 5935 702 388 468 88
leaf_count=153 167 91 5935 702 388 468 88
internal_value=-0.000542843 -0.0239707 0.00361906 0.00505482 -0.0317835 -0.0197329 -0.0710782
internal_weight=7992 1202 6790 6637 1111 856 255
internal_count=7992 1202 6790 6637 1111 856 255
is_linear=0
shrinkage=0.02


Tree=350
num_leaves=8
num_cat=0
split_feature=16 9 34 42 55 8 16
split_gain=2317.19 1691.69 1481.35 1620.08 1551.45 1642.63 1466
threshold=0.72825000000000006 12.500000000000002 3.5000000000000004 82.565000000000012 55.845000000000006 53.770000000000003 0.35685000000000006
decision_type=2 2 2 2 2 2 2
left_child=1 2 3 4 5 6 -1
right_child=-2 -3 -4 -5 -6 -7 -8
leaf_value=-0.026770451000118722 0.039570577944412932 0.022477026732937472 0.023871644631256645 0.028564923550648408 -0.03910087766623252 -0.051895021199583433 0.00098306604423155277
leaf_weight=965 547 917 582 413 742 315 3537
leaf_count=965 547 917 582 413 742 315 3537
internal_value=2.73577e-05 -0.00289238 -0.00645636 -0.00942947 -0.0122754 -0.00810695 -0.00498898
internal_weight=8018 7471 6554 5972 5559 4817 4502
internal_count=8018 7471 6554 5972 5559 4817 4502
is_linear=0
shrinkage=0.02


Tree=351
num_leaves=8
num_cat=1
split_feature=16 44 57 9 12 2 42
split_gain=2152.62 1761.28 1561.43 1415.07 1450.66 1342.63 1290.96
threshold=0.32955000000000007 1.0000000180025095e-35 34.155000000000008 3.5000000000000004 45.970000000000006 0 69.175000000000026
decision_type=2 2 2 2 2 1 2
left_child=5 2 -2 4 -3 -1 -4
right_child=1 3 6 -5 -6 -7 -8
leaf_value=-0.0024833138953607816 0.005959260536015757 -0.015556673536818045 -0.047633365221791846 0.019931693048236152 0.013358303891229242 -0.043042312772404105 0.03109990134987296
leaf_weight=635 654 1340 603 2583 1429 676 93
leaf_count=635 654 1340 603 2583 1429 676 93
internal_value=-0.000439914 0.00414927 -0.0162259 0.0092991 -0.000637317 -0.023827 -0.0369662
internal_weight=8013 6702 1350 5352 2769 1311 696
internal_count=8013 6702 1350 5352 2769 1311 696
cat_boundaries=0 1
cat_threshold=146
is_linear=0
shrinkage=0.02


Tree=352
num_leaves=8
num_cat=0
split_feature=40 45 52 64 40 10 64
split_gain=1576.82 1431.22 1698.21 1639.55 1662.72 1979.36 1450.23
threshold=87.625000000000014 1.0000000180025095e-35 65.310000000000016 4.5000000000000009 30.690000000000001 12490.300000000001 3.5000000000000004
decision_type=2 2 2 2 2 2 2
left_child=1 2 -1 4 5 -3 -7
right_child=-2 3 -4 -5 -6 6 -8
leaf_value=0.00087739141400696276 0.047953239060712589 -0.11866349007805874 0.036235174891481564 0.020948478660070755 -0.0082527189099091715 -0.055362469610383748 0.01187974188476801
leaf_weight=2674 259 111 677 611 3116 296 221
leaf_count=2674 259 111 677 611 3116 296 221
internal_value=-0.000109679 -0.00175513 0.00806404 -0.00931117 -0.0142707 -0.0438298 -0.0267802
internal_weight=7965 7706 3351 4355 3744 628 517
internal_count=7965 7706 3351 4355 3744 628 517
is_linear=0
shrinkage=0.02


Tree=353
num_leaves=8
num_cat=0
split_feature=16 40 23 57 40 44 23
split_gain=1775.53 1548.23 1468.47 1337.83 1773.48 1708.58 1761.1
threshold=0.26805000000000007 10.345000000000001 10.750000000000002 33.395000000000003 78.535000000000011 1.0000000180025095e-35 4.1500000000000012
decision_type=2 2 2 2 2 2 2
left_child=-1 2 -2 -3 5 -5 -7
right_child=1 3 -4 4 -6 6 -8
leaf_value=-0.033012453830006366 0.0080479047187928393 0.013240192969290148 -0.10346171015627542 -0.035400824682473651 0.040268620612983259 0.05462653093820527 -0.0055385161017974492
leaf_weight=608 84 3307 101 726 326 205 2650
leaf_count=608 84 3307 101 726 326 205 2650
internal_value=-0.000301806 0.00240661 -0.0539509 0.00388825 -0.00403432 -0.00811801 -0.00113049
internal_weight=8007 7399 185 7214 3907 3581 2855
internal_count=8007 7399 185 7214 3907 3581 2855
is_linear=0
shrinkage=0.02


Tree=354
num_leaves=8
num_cat=0
split_feature=64 45 41 31 20 53 55
split_gain=2123.16 1446.45 1363.57 1901.03 1403.49 1478.53 1157.97
threshold=1.0000000180025095e-35 1.0000000180025095e-35 33.495000000000012 1.0000000180025095e-35 762894.35000000009 62.455000000000005 39.505000000000003
decision_type=2 2 2 2 10 2 2
left_child=-1 -2 3 -3 -5 -6 -4
right_child=1 2 6 4 5 -7 -8
leaf_value=-0.11719057189841424 0.01020588320832953 -0.065156879867943718 0.016147564086271767 0.018363071049430541 -0.11909386691573548 0.012269144049462151 -0.0086953237412437309
leaf_weight=57 3388 351 1026 331 68 63 2754
leaf_count=57 3388 351 1026 331 68 63 2754
internal_value=-0.000604864 0.000300638 -0.00700906 -0.0304223 -0.0036179 -0.0577908 -0.00193983
internal_weight=8038 7981 4593 813 462 131 3780
internal_count=8038 7981 4593 813 462 131 3780
is_linear=0
shrinkage=0.02


Tree=355
num_leaves=8
num_cat=0
split_feature=55 65 42 9 16 52 64
split_gain=2179.66 1699.8 1421.87 1953.66 1280.74 1370.12 1365.23
threshold=48.605000000000011 0.69047619047619058 28.025000000000002 13.500000000000002 0.77305000000000013 82.050000000000011 2.5000000000000004
decision_type=2 2 2 2 2 2 2
left_child=4 2 3 -2 5 -1 -7
right_child=1 -3 -4 -5 -6 6 -8
leaf_value=0.0038735710481992707 -0.078811528026851416 0.018486547549811206 -0.014494373965158375 0.05581142541880791 0.058880771403562841 0.11741584412398792 0.018986168831343884
leaf_weight=4719 284 531 1932 47 188 79 179
leaf_count=4719 284 531 1932 47 188 79 179
internal_value=0.00062506 -0.013591 -0.0211419 -0.0591498 0.00832091 0.0063539 0.0507847
internal_weight=7959 2794 2263 331 5165 4977 258
internal_count=7959 2794 2263 331 5165 4977 258
is_linear=0
shrinkage=0.02


Tree=356
num_leaves=8
num_cat=0
split_feature=41 9 41 17 33 58 15
split_gain=1524.94 1725.31 1652.09 1614.53 1551.67 1311.39 1194.3
threshold=71.760000000000005 16.500000000000004 18.610000000000003 7658.9000000000005 1.0000000180025095e-35 33.645000000000003 1.5000000000000002
decision_type=2 2 2 2 2 2 2
left_child=1 2 3 -1 -4 -6 -7
right_child=-2 -3 4 -5 5 6 -8
leaf_value=-0.10036575725343493 0.023649323320877446 0.035717947629326854 -0.044473743292188769 -0.013879071258231996 -0.011909897979920609 0.013366947811476706 -0.015448667827357097
leaf_weight=130 1097 456 318 245 2129 2967 709
leaf_count=130 1097 456 318 245 2129 2967 709
internal_value=0.00179045 -0.00167232 -0.00432165 -0.0447872 -0.00180883 0.00056463 0.00779577
internal_weight=8051 6954 6498 375 6123 5805 3676
internal_count=8051 6954 6498 375 6123 5805 3676
is_linear=0
shrinkage=0.02


Tree=357
num_leaves=8
num_cat=0
split_feature=16 41 64 41 9 12 66
split_gain=2346.75 1425.72 1449.44 1318.61 1310.66 1199.27 1277.14
threshold=0.38705000000000006 68.705000000000013 4.5000000000000009 6.4150000000000009 21.500000000000004 68.085000000000022 1.0000000180025095e-35
decision_type=2 2 2 2 2 2 2
left_child=1 2 4 -2 -1 6 -5
right_child=3 -3 -4 5 -6 -7 -8
leaf_value=-0.035401205705028777 -0.079443980339500633 0.019143653750530822 0.034387673251834276 -0.040228333332126137 0.041063283067196608 0.027236540667852287 0.0051038288551434174
leaf_weight=1572 67 330 143 258 91 944 4538
leaf_count=1572 67 330 143 258 91 944 4538
internal_value=-0.000962377 -0.0188618 -0.02584 0.00563217 -0.0311065 0.00669349 0.00262584
internal_weight=7943 2136 1806 5807 1663 5740 4796
internal_count=7943 2136 1806 5807 1663 5740 4796
is_linear=0
shrinkage=0.02


Tree=358
num_leaves=8
num_cat=0
split_feature=9 8 17 44 45 42 42
split_gain=1808.87 2132.44 2269.06 1647.22 1524.42 1371.67 1178.52
threshold=4.5000000000000009 54.410000000000004 21120.350000000002 1.0000000180025095e-35 1.0000000180025095e-35 2.3100000000000005 65.100000000000009
decision_type=2 2 2 2 2 2 2
left_child=1 5 -3 4 6 -1 -2
right_child=3 2 -4 -5 -6 -7 -8
leaf_value=-0.10107162995296612 -0.00039814680365594566 -0.11175378880524017 0.0062897117493244314 0.019351705771163435 -0.042763341939720964 -0.0023098482728420534 0.10173015598897581
leaf_weight=52 277 149 112 2691 368 4315 49
leaf_count=52 277 149 112 2691 368 4315 49
internal_value=0.00117097 -0.00695312 -0.061933 0.0122722 -0.015121 -0.0036001 0.0162573
internal_weight=8013 4628 261 3385 694 4367 326
internal_count=8013 4628 261 3385 694 4367 326
is_linear=0
shrinkage=0.02


Tree=359
num_leaves=8
num_cat=0
split_feature=44 57 33 41 12 20 56
split_gain=1697.86 1501.78 1660.18 1451.67 1119.13 1446.5 1416.94
threshold=1.0000000180025095e-35 10.070000000000002 4.5000000000000009 71.760000000000005 70.565000000000012 1463285.6000000003 52.055000000000007
decision_type=2 2 2 2 2 10 2
left_child=1 -1 3 4 5 6 -3
right_child=-2 2 -4 -5 -6 -7 -8
leaf_value=0.045681811802839832 0.004334945024727868 -0.045774709369636492 0.037645945233794359 0.026482237512065521 0.011291842859096918 -0.13830095615753762 0.057689440415093773
leaf_weight=129 6369 919 151 150 153 60 52
leaf_count=129 6369 919 151 150 153 60 52
internal_value=-0.000310862 -0.0186004 -0.0243191 -0.0314475 -0.0388671 -0.0463292 -0.0399667
internal_weight=7983 1614 1485 1334 1184 1031 971
internal_count=7983 1614 1485 1334 1184 1031 971
is_linear=0
shrinkage=0.02


Tree=360
num_leaves=8
num_cat=0
split_feature=52 64 66 55 47 57 37
split_gain=1763.89 1845.67 1357.03 1374.28 1487.24 1246.38 1198.49
threshold=30.840000000000003 1.0000000180025095e-35 0.56250000000000011 57.475000000000001 4.5000000000000009 33.195000000000007 0.28990000000000005
decision_type=2 2 2 2 2 2 2
left_child=2 -2 3 4 6 -3 -1
right_child=1 5 -4 -5 -6 -7 -8
leaf_value=-0.027183045373562184 -0.11873660321036975 0.01530000470428299 0.040741913548047598 -0.08514234480903532 -0.00099873946919865108 -0.0022787876123005662 -0.10036770642788943
leaf_weight=369 43 2964 134 132 774 3531 116
leaf_count=369 43 2964 134 132 774 3531 116
internal_value=0.000319561 0.00484007 -0.0190133 -0.024895 -0.0182666 0.00574891 -0.0455326
internal_weight=8063 6538 1525 1391 1259 6495 485
internal_count=8063 6538 1525 1391 1259 6495 485
is_linear=0
shrinkage=0.02


Tree=361
num_leaves=8
num_cat=0
split_feature=9 41 33 41 16 51 30
split_gain=1823.1 1739.58 1542.85 1569.23 1471.27 1480.63 1155.54
threshold=12.500000000000002 78.865000000000023 5.5000000000000009 15.475000000000003 0.57745000000000013 30.685000000000006 1.0000000180025095e-35
decision_type=2 2 2 2 2 2 2
left_child=1 2 3 -1 6 -6 -5
right_child=-2 -3 -4 4 5 -7 -8
leaf_value=-0.058317258392097594 0.026416003561869 0.031328594704547942 0.048311221171445741 -0.018843031157333864 -0.0033318188488138493 0.034425924659274472 0.005369072576287358
leaf_weight=231 951 538 198 3003 1291 607 1066
leaf_count=231 951 538 198 3003 1291 607 1066
internal_value=0.000523511 -0.00304413 -0.0059576 -0.00772881 -0.0057232 0.00880222 -0.0125011
internal_weight=7885 6934 6396 6198 5967 1898 4069
internal_count=7885 6934 6396 6198 5967 1898 4069
is_linear=0
shrinkage=0.02


Tree=362
num_leaves=8
num_cat=0
split_feature=43 66 44 51 14 13 14
split_gain=1986.84 2177.6 1475.72 1756.3 1309.7 1182.76 1089.56
threshold=1.0000000180025095e-35 0.43750000000000006 1.0000000180025095e-35 6.6550000000000011 33.665000000000006 431.15000000000003 46.365000000000009
decision_type=2 2 2 2 2 2 2
left_child=1 2 3 -1 5 -4 -2
right_child=6 -3 4 -5 -6 -7 -8
leaf_value=-0.17428674654578263 0.0063758299375378325 0.017254761054431234 -0.017748220739916176 -0.046897795276945098 -0.07501083963712056 0.063386192779319409 -0.035250097002140018
leaf_weight=48 5792 504 926 280 145 73 258
leaf_count=48 5792 504 926 280 145 73 258
internal_value=-0.00111587 -0.0185015 -0.0307611 -0.0678771 -0.0198704 -0.0115333 0.00457307
internal_weight=8026 1976 1472 328 1144 999 6050
internal_count=8026 1976 1472 328 1144 999 6050
is_linear=0
shrinkage=0.02


Tree=363
num_leaves=8
num_cat=0
split_feature=40 9 40 8 41 17 58
split_gain=2036.46 1817.25 1705.9 1791.14 1653.47 1459.43 1353.5
threshold=7.5900000000000007 4.5000000000000009 62.045000000000009 55.215000000000011 15.475000000000003 20835.050000000003 33.645000000000003
decision_type=2 2 2 2 2 2 2
left_child=-1 2 3 4 -2 -5 -6
right_child=1 -3 -4 5 6 -7 -8
leaf_value=-0.071464088878390813 -0.086392575770343108 0.01388556006270222 0.012678912419152042 -0.12156760572007409 -0.025212602684928035 -0.0075237451906663821 0.003364155722699616
leaf_weight=146 104 3338 1416 103 1035 78 1826
leaf_count=146 104 3338 1416 103 1035 78 1826
internal_value=0.0012934 0.00268239 -0.00552117 -0.0137201 -0.0099253 -0.073945 -0.00699977
internal_weight=8046 7900 4562 3146 2965 181 2861
internal_count=8046 7900 4562 3146 2965 181 2861
is_linear=0
shrinkage=0.02


Tree=364
num_leaves=8
num_cat=0
split_feature=16 14 38 8 12 52 0
split_gain=1654.14 1798.49 1567.22 1473.38 1513.39 1336.06 1163.82
threshold=0.32955000000000007 43.180000000000007 25777.900000000005 54.410000000000004 77.385000000000005 31.455000000000002 68.500000000000014
decision_type=2 2 8 2 2 2 2
left_child=5 3 -3 4 -2 -1 -7
right_child=1 2 -4 -5 -6 6 -8
leaf_value=-0.055851842827100748 0.0069062230500329981 0.0058468662866431736 -0.075088497677671853 -0.028761738105011838 0.043025211144282711 -0.016776868475259912 0.045917242158639383
leaf_weight=306 5407 179 199 415 503 874 132
leaf_count=306 5407 179 199 415 503 874 132
internal_value=0.000883416 0.00490625 -0.037186 0.00744919 0.0100141 -0.0196098 -0.0083642
internal_weight=8015 6703 378 6325 5910 1312 1006
internal_count=8015 6703 378 6325 5910 1312 1006
is_linear=0
shrinkage=0.02


Tree=365
num_leaves=8
num_cat=1
split_feature=9 41 2 40 16 16 6
split_gain=1881.26 1780.88 1491.65 1353.39 1511.08 1274.11 1181.32
threshold=3.5000000000000004 19.275000000000002 0 72.590000000000018 0.46125000000000005 0.32955000000000007 1.0000000180025095e-35
decision_type=2 2 1 2 2 2 2
left_child=1 6 -2 4 -3 -4 -1
right_child=2 3 5 -5 -6 -7 -8
leaf_value=-0.011502008664196935 0.025471692670557267 -0.030907535906137387 -0.025663451271455435 0.020025010469152626 -0.0016996381507970351 0.0079130118688939717 -0.11296468576347386
leaf_weight=82 1493 1097 576 626 1986 2032 103
leaf_count=82 1493 1097 576 626 1986 2032 103
internal_value=0.000201311 -0.00974844 0.00964921 -0.00667967 -0.0121257 0.000460671 -0.0694782
internal_weight=7995 3894 4101 3709 3083 2608 185
internal_count=7995 3894 4101 3709 3083 2608 185
cat_boundaries=0 1
cat_threshold=130
is_linear=0
shrinkage=0.02


Tree=366
num_leaves=8
num_cat=0
split_feature=12 43 16 16 10 22 46
split_gain=1696.33 1609.35 1570.45 1525.18 1272.95 1182.9 1382.58
threshold=65.815000000000012 1.0000000180025095e-35 0.56385000000000007 0.74725000000000008 13156.85 24519.600000000002 4.5000000000000009
decision_type=2 2 2 2 2 2 2
left_child=1 3 -2 4 -1 6 -6
right_child=2 -3 -4 -5 5 -7 -8
leaf_value=-0.061721107775996799 0.0050550049377214986 0.0015320002299087441 0.04847606630549884 0.053352957329913686 -0.036616664976254938 -0.076386668528119719 0.0096459668058230252
leaf_weight=321 1015 4836 492 97 444 115 605
leaf_count=321 1015 4836 492 97 444 115 605
internal_value=0.000285347 -0.00420145 0.0193444 -0.0216776 -0.0267412 -0.0168719 -0.010016
internal_weight=7925 6418 1507 1582 1485 1164 1049
internal_count=7925 6418 1507 1582 1485 1164 1049
is_linear=0
shrinkage=0.02


Tree=367
num_leaves=8
num_cat=1
split_feature=9 12 21 56 66 23 2
split_gain=1415.66 1426.37 1232.54 1462.48 1190.84 1187 982.477
threshold=3.5000000000000004 41.945000000000007 271576.45000000001 31.805000000000003 1.0000000180025095e-35 21.150000000000002 0
decision_type=2 2 8 2 2 2 1
left_child=1 2 3 -1 -2 -6 -3
right_child=4 6 -4 -5 5 -7 -8
leaf_value=-0.083347327393238191 -0.046986829334497451 -0.023780340245854452 -0.03072755058748362 0.030272247372326297 0.0069967267926388608 0.045505180779675192 0.008447144943633347
leaf_weight=49 145 461 1358 279 3583 347 1832
leaf_count=49 145 461 1358 279 3583 347 1832
internal_value=7.09022e-05 -0.0084093 -0.0223448 0.012302 0.00835148 0.0104503 0.00186355
internal_weight=8054 3979 1686 328 4075 3930 2293
internal_count=8054 3979 1686 328 4075 3930 2293
cat_boundaries=0 1
cat_threshold=65
is_linear=0
shrinkage=0.02


Tree=368
num_leaves=8
num_cat=0
split_feature=55 8 48 8 21 64 16
split_gain=2314.38 2081.96 1521.74 1330.93 1278.32 1273.56 1145.49
threshold=55.055000000000007 54.410000000000004 1.0000000180025095e-35 57.495000000000012 211538.45000000004 1.0000000180025095e-35 0.72145000000000015
decision_type=2 2 2 2 10 2 2
left_child=1 5 -3 -4 -2 -1 -7
right_child=4 2 3 -5 -6 6 -8
leaf_value=-0.092767741149663935 -0.045316191639454682 -0.12365897960852885 -0.092570426059357905 -0.00092620816966048388 -0.003702931617847433 0.0061624161380957419 0.038308924681817492
leaf_weight=45 611 64 76 292 569 5870 475
leaf_count=45 611 64 76 292 569 5870 475
internal_value=0.000450615 0.00492871 -0.0373129 -0.0208399 -0.0253504 0.00781143 0.00859724
internal_weight=8002 6822 432 368 1180 6390 6345
internal_count=8002 6822 432 368 1180 6390 6345
is_linear=0
shrinkage=0.02


Tree=369
num_leaves=8
num_cat=0
split_feature=66 40 40 12 55 30 66
split_gain=1970.34 1795.76 1570.41 1430.82 1576.11 1541.14 1247.83
threshold=1.0000000180025095e-35 87.625000000000014 20.080000000000002 59.07500000000001 57.045000000000009 1.0000000180025095e-35 0.56250000000000011
decision_type=2 2 2 2 2 2 2
left_child=-1 2 6 4 5 -4 -2
right_child=1 -3 3 -5 -6 -7 -8
leaf_value=-0.04469162153708927 -0.042254247779551057 0.0539499977870707 -0.0071821770835434652 0.016680572352159188 -0.037643143240370026 0.019284349903388107 0.053207976069721968
leaf_weight=386 510 246 3140 1948 484 1217 57
leaf_count=386 510 246 3140 1948 484 1217 57
internal_value=-0.000906772 0.00134437 -0.000450327 0.0022295 -0.00359677 0.000224101 -0.0322763
internal_weight=7988 7602 7356 6789 4841 4357 567
internal_count=7988 7602 7356 6789 4841 4357 567
is_linear=0
shrinkage=0.02


Tree=370
num_leaves=8
num_cat=0
split_feature=12 65 9 8 8 42 65
split_gain=1669.33 1795.22 1399.29 1627.87 1242.41 1152.16 1136.61
threshold=42.165000000000006 0.69047619047619058 3.5000000000000004 27.345000000000002 47.245000000000012 27.665000000000003 0.29166666666666669
decision_type=2 2 2 2 2 2 2
left_child=1 2 3 5 -2 -1 -7
right_child=4 -3 -4 -5 -6 6 -8
leaf_value=-0.07598132583174376 0.01250304169591491 0.01931881548548239 -0.0030340595830462337 -0.057339114567784337 -0.020246616420051697 -0.062168988133531194 0.0072411614789976743
leaf_weight=96 4025 684 1450 558 519 107 595
leaf_count=96 4025 684 1450 558 519 107 595
internal_value=0.000758785 -0.0096361 -0.0167161 -0.0312816 0.00874435 -0.0128174 -0.0037033
internal_weight=8034 3490 2806 1356 4544 798 702
internal_count=8034 3490 2806 1356 4544 798 702
is_linear=0
shrinkage=0.02


Tree=371
num_leaves=8
num_cat=1
split_feature=16 21 55 4 55 43 46
split_gain=1715.16 1728.54 1644.7 1151.29 1038.09 928.508 1491.05
threshold=0.39065000000000005 299455.8000000001 52.875000000000007 0 37.715000000000011 1.0000000180025095e-35 7.5000000000000009
decision_type=2 10 2 1 2 2 2
left_child=1 2 3 -1 -3 6 -2
right_child=5 4 -4 -5 -6 -7 -8
leaf_value=0.0039940882229286181 -0.018858079820937877 0.057705477792769674 -0.066080108314277006 -0.034311062036890355 -0.0014770836090249135 0.010353777187632307 0.031494506475892255
leaf_weight=614 1115 149 324 628 514 4356 293
leaf_count=614 1115 149 324 628 514 4356 293
internal_value=3.08935e-05 -0.0148478 -0.0262827 -0.0156774 0.0121557 0.00579254 -0.00830551
internal_weight=7993 2229 1566 1242 663 5764 1408
internal_count=7993 2229 1566 1242 663 5764 1408
cat_boundaries=0 1
cat_threshold=10
is_linear=0
shrinkage=0.02


Tree=372
num_leaves=8
num_cat=0
split_feature=16 54 31 40 44 29 0
split_gain=1602.41 1342.15 1464.12 1162.95 1123.73 1739.43 1431.96
threshold=0.32955000000000007 74.765000000000015 1.0000000180025095e-35 81.645000000000024 1.0000000180025095e-35 1.0000000180025095e-35 51.500000000000007
decision_type=2 2 2 2 2 2 2
left_child=1 -1 -3 4 5 -2 -6
right_child=3 2 -4 -5 6 -7 -8
leaf_value=0.019691265444482933 -0.029158245729805691 -0.059389314751470121 -0.011163250854084143 0.03594691653363858 -0.00066685766598055063 0.024760788138549646 0.023875266685247212
leaf_weight=259 942 422 621 408 3767 316 1267
leaf_count=259 942 422 621 408 3767 316 1267
internal_value=-0.000513745 -0.0207719 -0.0308659 0.00343555 0.00130051 -0.0155698 0.00552767
internal_weight=8002 1302 1043 6700 6292 1258 5034
internal_count=8002 1302 1043 6700 6292 1258 5034
is_linear=0
shrinkage=0.02


Tree=373
num_leaves=8
num_cat=0
split_feature=16 16 33 44 54 13 30
split_gain=1753.95 1351.79 1078.11 1008.69 1452.16 1193.17 1081.2
threshold=0.38355000000000006 0.77885000000000015 4.5000000000000009 1.0000000180025095e-35 63.410000000000004 416.80000000000001 1.0000000180025095e-35
decision_type=2 2 2 2 2 2 2
left_child=2 -2 3 5 -5 6 -1
right_child=1 -3 -4 4 -6 -7 -8
leaf_value=-0.080861131054612831 0.0046051432494742996 0.050498406742751377 0.025272341769020008 0.090960762905624687 -0.01568559531517601 0.039298734281744276 0.0028572097843622465
leaf_weight=260 5673 264 238 48 1448 51 80
leaf_count=260 5673 264 238 48 1448 51 80
internal_value=0.00110554 0.00668665 -0.0144665 -0.0195322 -0.0119722 -0.0479409 -0.0614068
internal_weight=8062 5937 2125 1887 1496 391 340
internal_count=8062 5937 2125 1887 1496 391 340
is_linear=0
shrinkage=0.02


Tree=374
num_leaves=8
num_cat=0
split_feature=12 55 8 21 40 16 40
split_gain=1877.16 1732.98 1453.61 1448.55 1269.41 1253.41 1236.52
threshold=77.385000000000005 55.055000000000007 54.410000000000004 211538.45000000004 8.9700000000000024 0.77885000000000015 39.215000000000011
decision_type=2 2 2 10 2 2 2
left_child=1 2 4 -3 -1 -6 -4
right_child=-2 3 6 -5 5 -7 -8
leaf_value=-0.057203933803976835 0.029543760052652676 -0.050936395810701453 -0.089216911293042364 -0.0049201900268377287 0.0013944058142439193 0.054051001309392284 -0.01310660797838511
leaf_weight=138 685 548 123 544 5483 182 263
leaf_count=138 685 548 123 544 5483 182 263
internal_value=-0.00198674 -0.00497138 -0.000864137 -0.0281395 0.00164943 0.00313228 -0.0381901
internal_weight=7966 7281 6189 1092 5803 5665 386
internal_count=7966 7281 6189 1092 5803 5665 386
is_linear=0
shrinkage=0.02


Tree=375
num_leaves=8
num_cat=0
split_feature=64 16 41 64 10 52 52
split_gain=1718.52 1483.63 1397.38 1695.82 1338 1263.35 1183.56
threshold=1.0000000180025095e-35 0.50155000000000005 58.930000000000007 4.5000000000000009 12878.85 70.035000000000011 58.355000000000011
decision_type=2 2 2 2 2 2 2
left_child=-1 2 3 4 -2 -3 -6
right_child=1 5 -4 -5 6 -7 -8
leaf_value=-0.10852490657071273 -0.053432221946729856 0.0031075715810382882 0.0077062249780393667 0.034034066362461694 -0.024458301724799573 0.035169283352610464 0.0076749066862247467
leaf_weight=55 435 3115 1340 235 1582 579 642
leaf_count=55 435 3115 1340 235 1582 579 642
internal_value=-0.00189081 -0.00108311 -0.00915942 -0.0169685 -0.0215315 0.00817369 -0.015186
internal_weight=7983 7928 4234 2894 2659 3694 2224
internal_count=7983 7928 4234 2894 2659 3694 2224
is_linear=0
shrinkage=0.02


Tree=376
num_leaves=8
num_cat=0
split_feature=8 17 37 16 47 43 21
split_gain=1613.52 1587.85 1561.47 1441.52 1420.35 1193.05 1212.16
threshold=47.245000000000012 5965.8500000000013 1.0000000180025095e-35 0.72825000000000006 6.5000000000000009 1.0000000180025095e-35 451812.50000000006
decision_type=2 2 2 2 2 2 10
left_child=2 -2 3 5 -5 -1 -7
right_child=1 -3 -4 4 -6 6 -8
leaf_value=-0.031651569333704825 -0.080900743804872041 -0.01128926728176477 0.013557839358855529 0.077523785214754018 -0.0054840987209762845 -0.0061793121089532181 0.053370553721507931
leaf_weight=733 155 738 3748 154 170 2150 141
leaf_count=733 155 738 3748 154 170 2150 141
internal_value=0.00150537 -0.0237551 0.00469877 -0.00522416 0.0345488 -0.00953555 -0.00240606
internal_weight=7989 893 7096 3348 324 3024 2291
internal_count=7989 893 7096 3348 324 3024 2291
is_linear=0
shrinkage=0.02


Tree=377
num_leaves=8
num_cat=0
split_feature=41 41 10 9 16 23 41
split_gain=1954.6 1445.2 1656.55 1394.53 1368.25 1265.2 1140.05
threshold=15.475000000000003 83.670000000000016 14383.050000000001 12.500000000000002 0.34815000000000007 4.3500000000000005 58.735000000000007
decision_type=2 2 2 2 2 2 2
left_child=-1 2 4 5 -2 -4 -6
right_child=1 -3 3 -5 6 -7 -8
leaf_value=-0.051058116408490895 -0.058290922937328224 0.040083019350607679 0.033632449359456251 0.031253072492320809 -0.024045950824499358 -0.0021177845271359665 0.016590602585840841
leaf_weight=288 284 366 427 679 779 4743 422
leaf_count=288 284 366 427 679 779 4743 422
internal_value=-0.00035682 0.00157144 -0.000376459 0.00441597 -0.019204 0.000864537 -0.00975774
internal_weight=7988 7700 7334 5849 1485 5170 1201
internal_count=7988 7700 7334 5849 1485 5170 1201
is_linear=0
shrinkage=0.02


Tree=378
num_leaves=8
num_cat=1
split_feature=16 2 14 12 23 46 64
split_gain=1546.34 1264.63 1119.03 1084.41 1031.28 1010.99 1568.38
threshold=0.50695000000000012 0 5.8050000000000006 79.555000000000021 27.750000000000004 1.5000000000000002 3.5000000000000004
decision_type=2 1 2 2 2 2 2
left_child=1 3 -3 5 -4 6 -1
right_child=-2 2 4 -5 -6 -7 -8
leaf_value=-0.1104872843508537 0.010508223676485892 0.078580143253008536 -0.021420405326928741 0.059301588110901693 0.058975807974735901 0.0046788797590815601 0.026308679981309861
leaf_weight=73 3641 43 2227 130 61 1731 56
leaf_count=73 3641 43 2227 130 61 1731 56
internal_value=0.000914015 -0.00717314 -0.0171126 0.00454617 -0.019153 0.000594829 -0.0523372
internal_weight=7962 4321 2331 1990 2288 1860 129
internal_count=7962 4321 2331 1990 2288 1860 129
cat_boundaries=0 1
cat_threshold=162
is_linear=0
shrinkage=0.02


Tree=379
num_leaves=8
num_cat=1
split_feature=16 9 52 44 0 2 54
split_gain=1497.38 1896.37 1281.09 1162.64 1672.2 1139.82 1018.62
threshold=0.72825000000000006 1.5000000000000002 15.630000000000001 1.0000000180025095e-35 44.500000000000007 0 89.985000000000014
decision_type=2 2 2 2 2 1 2
left_child=1 3 5 4 -1 6 -3
right_child=-2 2 -4 -5 -6 -7 -8
leaf_value=-0.031096329577267171 0.030603299937632774 0.042680012207621569 0.0047744423376787342 -0.012580963977458781 -0.13711634636277686 -0.069153012450112669 -0.065076018043284153
leaf_weight=331 547 99 5206 1497 69 168 48
leaf_count=331 547 99 5206 1497 69 168 48
internal_value=-0.00117745 -0.00353998 0.0023913 -0.0207632 -0.0508518 -0.0364541 0.00610921
internal_weight=7965 7418 5521 1897 400 315 147
internal_count=7965 7418 5521 1897 400 315 147
cat_boundaries=0 1
cat_threshold=162
is_linear=0
shrinkage=0.02


Tree=380
num_leaves=8
num_cat=0
split_feature=52 21 40 10 67 13 54
split_gain=1187.79 1452.14 1552.45 1271.62 1265.6 983.639 924.364
threshold=30.840000000000003 429257.55000000005 58.885000000000012 19100.500000000004 12.470580323225848 359.65000000000003 73.02500000000002
decision_type=2 8 2 2 2 2 2
left_child=1 3 5 -1 -5 -3 -2
right_child=6 2 -4 4 -6 -7 -8
leaf_value=-0.039786942113075673 0.023480869369945725 -0.029151705707037689 0.018562761183721681 0.0043638242405292169 0.079440086876924068 -0.081443603578247606 0.00080780970055488021
leaf_weight=189 818 391 170 441 108 232 5709
leaf_count=189 818 391 170 441 108 232 5709
internal_value=-5.61599e-05 -0.0158811 -0.0345836 0.00431269 0.0197166 -0.0491182 0.00366512
internal_weight=8058 1531 793 738 549 623 6527
internal_count=8058 1531 793 738 549 623 6527
is_linear=0
shrinkage=0.02


Tree=381
num_leaves=8
num_cat=1
split_feature=52 41 3 33 52 64 45
split_gain=1816.75 1327.35 1463.86 1322.66 1420.28 1161.32 1047.15
threshold=75.385000000000005 14.405000000000003 0 1.0000000180025095e-35 62.205000000000005 2.5000000000000004 1.0000000180025095e-35
decision_type=2 2 1 2 2 2 2
left_child=1 2 -1 4 -3 -2 -5
right_child=5 3 -4 6 -6 -7 -8
leaf_value=0.0046147728789088542 0.069043143834756765 -0.053315963809839405 -0.092791640513627108 0.012043154728677211 0.065729931111031398 0.015661485189732548 -0.0040195311421121777
leaf_weight=124 225 292 114 2849 42 575 3761
leaf_count=124 225 292 114 2849 42 575 3761
internal_value=0.00251947 -0.000673521 -0.04662 0.00093367 -0.0375974 0.0310107 0.00290758
internal_weight=7982 7182 238 6944 334 800 6610
internal_count=7982 7182 238 6944 334 800 6610
cat_boundaries=0 1
cat_threshold=5
is_linear=0
shrinkage=0.02


Tree=382
num_leaves=8
num_cat=0
split_feature=12 30 16 23 50 33 41
split_gain=1796.9 1634.5 1625.57 1262.32 1123.02 1202.73 1593.28
threshold=19.995000000000001 1.0000000180025095e-35 0.60815000000000008 17.550000000000004 3.5000000000000004 4.5000000000000009 20.030000000000005
decision_type=2 2 2 2 2 2 2
left_child=1 3 4 -1 5 6 -2
right_child=2 -3 -4 -5 -6 -7 -8
leaf_value=-0.029179681097933403 -0.052712900847746214 0.017956110529956364 0.018854856063832411 -0.098473317250609399 0.046874662503948693 0.023044471493187828 -0.0053937619369944642
leaf_weight=643 300 247 1709 123 166 534 4293
leaf_count=643 300 247 1709 123 166 534 4293
internal_value=-0.00168256 -0.0265109 0.00192578 -0.0408729 -0.0035529 -0.00522971 -0.00853846
internal_weight=8015 1013 7002 766 5293 5127 4593
internal_count=8015 1013 7002 766 5293 5127 4593
is_linear=0
shrinkage=0.02


Tree=383
num_leaves=8
num_cat=0
split_feature=12 33 55 12 33 8 9
split_gain=1669.57 1593.74 1406.38 1669.36 1294.43 1222.53 1240.71
threshold=66.475000000000009 1.5000000000000002 54.735000000000007 53.745000000000012 5.5000000000000009 25.515000000000004 12.500000000000002
decision_type=2 2 2 2 2 2 2
left_child=1 2 -1 -4 5 -3 -7
right_child=-2 4 3 -5 -6 6 -8
leaf_value=-0.01614493923944596 0.016773481812908581 0.006485888525072472 -0.096232925516863674 0.02119606481559241 0.048548671161982845 -0.01833482607428253 0.025570952225975767
leaf_weight=1140 1455 2408 193 62 192 2263 286
leaf_count=1140 1455 2408 193 62 192 2263 286
internal_value=-0.00256851 -0.00687855 -0.0258 -0.067823 -0.00173219 -0.00372668 -0.0133681
internal_weight=7999 6544 1395 255 5149 4957 2549
internal_count=7999 6544 1395 255 5149 4957 2549
is_linear=0
shrinkage=0.02


Tree=384
num_leaves=8
num_cat=0
split_feature=33 8 64 45 17 13 55
split_gain=2034.99 1625.12 1361.61 1238.86 1191.24 1136.57 1098.87
threshold=1.0000000180025095e-35 47.245000000000012 1.0000000180025095e-35 1.0000000180025095e-35 5035.1000000000013 431.15000000000003 37.995000000000012
decision_type=2 2 2 2 2 2 2
left_child=-1 2 -2 5 -3 -4 -5
right_child=1 4 3 6 -6 -7 -8
leaf_value=-0.046100216731429104 -0.099815261593461033 -0.08067188522105033 0.011583564930405211 0.017415424864955766 -0.014915792392172068 0.063543743729591373 -0.0082487042697284036
leaf_weight=383 45 125 2707 855 750 175 2975
leaf_count=383 45 125 2707 855 750 175 2975
internal_value=-0.00141868 0.000852311 0.00417892 0.00494992 -0.0247145 0.0148433 -0.00250427
internal_weight=8015 7632 6757 6712 875 2882 3830
internal_count=8015 7632 6757 6712 875 2882 3830
is_linear=0
shrinkage=0.02


Tree=385
num_leaves=8
num_cat=0
split_feature=9 41 66 52 8 38 41
split_gain=1518.9 1559.06 1533.16 1456.24 1961.02 1606.89 1434.2
threshold=12.500000000000002 56.32500000000001 0.68750000000000011 75.385000000000005 20.675000000000004 22388.650000000005 29.600000000000005
decision_type=2 2 2 2 2 8 2
left_child=1 2 3 4 5 -1 -6
right_child=-2 -3 -4 -5 6 -7 -8
leaf_value=0.028563651589142237 0.024325105215046317 0.0089093421617058351 0.055264353201441144 0.02428130606416231 -0.053400851893877867 -0.016291728842853258 -0.017963551430853059
leaf_weight=570 935 2774 133 385 607 714 1842
leaf_count=570 935 2774 133 385 607 714 1842
internal_value=0.000448361 -0.00274458 -0.0103509 -0.0125345 -0.0163589 0.00365426 -0.0268378
internal_weight=7960 7025 4251 4118 3733 1284 2449
internal_count=7960 7025 4251 4118 3733 1284 2449
is_linear=0
shrinkage=0.02


Tree=386
num_leaves=8
num_cat=0
split_feature=16 9 52 15 66 55 14
split_gain=1733.32 1687.93 1346.16 1268.93 1200.84 1034.57 1610.13
threshold=0.32955000000000007 14.500000000000002 30.840000000000003 2.5000000000000004 1.0000000180025095e-35 56.885000000000012 40.695000000000007
decision_type=2 2 2 2 2 2 2
left_child=2 4 -1 -4 -2 -6 -7
right_child=1 -3 3 -5 5 6 -8
leaf_value=-0.05887702906382658 -0.03644480081099935 0.040206458397456971 -0.00133732784611595 -0.065279163007831403 0.0063595372053311004 -0.010799438892466082 -0.12492863917792285
leaf_weight=286 314 477 902 139 5238 604 49
leaf_count=286 314 477 902 139 5238 604 49
internal_value=3.40641e-06 0.00415338 -0.0208306 -0.0101464 0.00135172 0.00339553 -0.0202477
internal_weight=8009 6682 1327 1041 6205 5891 653
internal_count=8009 6682 1327 1041 6205 5891 653
is_linear=0
shrinkage=0.02


Tree=387
num_leaves=8
num_cat=0
split_feature=64 42 64 34 64 57 8
split_gain=1696.94 1270.26 1587.8 1496.94 1590.4 1374.41 1116.38
threshold=1.0000000180025095e-35 82.565000000000012 2.5000000000000004 3.5000000000000004 2.5000000000000004 33.395000000000003 47.245000000000012
decision_type=2 2 2 2 2 2 2
left_child=-1 3 -3 5 -5 6 -2
right_child=1 2 -4 4 -6 -7 -8
leaf_value=-0.10861673581934835 0.0082117229494119062 0.10014383840088797 0.012081581191658709 0.11346010488835541 0.014612242400652779 -0.014153343131380777 -0.028910860304672485
leaf_weight=54 2767 96 443 69 562 3670 362
leaf_count=54 2767 96 443 69 562 3670 362
internal_value=-0.0017515 -0.000959702 0.0285424 -0.00311765 0.0262283 -0.00585845 0.00387767
internal_weight=8023 7969 539 7430 631 6799 3129
internal_count=8023 7969 539 7430 631 6799 3129
is_linear=0
shrinkage=0.02


Tree=388
num_leaves=8
num_cat=0
split_feature=12 66 41 16 21 10 49
split_gain=1429.85 1375.24 1393.11 963.872 1467.44 942.963 1339.82
threshold=65.815000000000012 1.0000000180025095e-35 14.405000000000003 0.57745000000000013 296874.70000000007 28594.450000000004 21.500000000000004
decision_type=2 2 2 2 10 2 2
left_child=1 -1 -3 4 -4 6 -6
right_child=-2 2 3 -5 5 -7 -8
leaf_value=-0.04336337272144921 0.017696743204944125 -0.05105050678127869 -0.012939100824186983 0.012673624042275677 -0.042889070194601024 0.026721214345676817 0.020454967144535235
leaf_weight=328 1529 215 2887 1744 236 768 295
leaf_count=328 1529 215 2887 1744 236 768 295
internal_value=0.00033442 -0.00377726 -0.00163075 0.000202529 -0.00500218 0.0126194 -0.0078354
internal_weight=8002 6473 6145 5930 4186 1299 531
internal_count=8002 6473 6145 5930 4186 1299 531
is_linear=0
shrinkage=0.02


Tree=389
num_leaves=8
num_cat=1
split_feature=51 41 16 52 13 2 17
split_gain=1231.88 1864.45 1290.35 1174.14 1104.19 933.295 1147.51
threshold=30.685000000000006 81.220000000000013 0.61795000000000011 23.745000000000001 354.85000000000008 0 13755.000000000002
decision_type=2 2 2 2 2 1 2
left_child=1 3 5 4 -1 6 -2
right_child=2 -3 -4 -5 -6 -7 -8
leaf_value=-0.014058933904945101 -9.6207116694413419e-05 0.042434443714188745 0.035839127217580667 -0.0050007785824229189 -0.075373738741219359 -0.0013863879676500801 0.061147191504543084
leaf_weight=313 253 300 642 3933 186 2161 232
leaf_count=313 253 300 642 3933 186 2161 232
internal_value=0.00112405 -0.005408 0.0105187 -0.0086906 -0.0374348 0.00431923 0.0289341
internal_weight=8020 4732 3288 4432 499 2646 485
internal_count=8020 4732 3288 4432 499 2646 485
cat_boundaries=0 1
cat_threshold=2
is_linear=0
shrinkage=0.02


Tree=390
num_leaves=8
num_cat=0
split_feature=8 17 12 34 40 52 18
split_gain=1779.09 1252.98 1218.59 1226.42 1593.15 1402.03 1422.42
threshold=54.410000000000004 20595.850000000002 77.385000000000005 2.5000000000000004 72.590000000000018 15.630000000000001 287529.05000000005
decision_type=2 2 2 2 2 2 2
left_child=2 -2 3 4 5 6 -1
right_child=1 -3 -4 -5 -6 -7 -8
leaf_value=-0.075101934797807135 -0.06332030429965832 -0.00083122357611206872 0.02776666701645112 0.013759071354761437 0.021761235756049348 -0.0073036901936504722 0.030035426160868479
leaf_weight=229 296 224 637 1684 715 4180 63
leaf_count=229 296 224 637 1684 715 4180 63
internal_value=-0.0010723 -0.0366662 0.00141568 -0.0010457 -0.0058608 -0.0102965 -0.0522944
internal_weight=8028 520 7508 6871 5187 4472 292
internal_count=8028 520 7508 6871 5187 4472 292
is_linear=0
shrinkage=0.02


Tree=391
num_leaves=8
num_cat=0
split_feature=9 10 16 16 8 64 41
split_gain=1362.51 1380.89 2384.69 1202.9 1038 1250.52 2105.43
threshold=1.5000000000000002 14569.450000000003 0.36675000000000008 0.78750000000000009 47.245000000000012 2.5000000000000004 39.875000000000007
decision_type=2 2 2 2 2 2 2
left_child=3 2 -2 -1 5 6 -3
right_child=1 4 -4 -5 -6 -7 -8
leaf_value=-0.017168981206693038 -0.059941353387681834 -0.0044236152638899694 0.0053984774141328041 0.041368945319643427 -0.013881656983763249 0.0069046770626463661 0.053398499810515164
leaf_weight=2051 327 400 681 146 644 3134 672
leaf_count=2051 327 400 681 146 644 3134 672
internal_value=0.000220089 0.00525783 -0.0159893 -0.0131938 0.00968564 0.0133063 0.0319027
internal_weight=8055 5858 1008 2197 4850 4206 1072
internal_count=8055 5858 1008 2197 4850 4206 1072
is_linear=0
shrinkage=0.02


Tree=392
num_leaves=8
num_cat=1
split_feature=16 52 2 55 12 16 53
split_gain=1769.26 1054.07 1041.26 1003.77 1025.4 896.845 1099.48
threshold=0.32955000000000007 31.455000000000002 0 55.475000000000001 73.935000000000016 0.79410000000000014 70.085000000000022
decision_type=2 2 1 2 2 2 2
left_child=1 2 -1 5 -5 -2 -7
right_child=3 -3 -4 4 -6 6 -8
leaf_value=-0.089040707369458003 0.0060652764128251444 -0.010951154606441993 -0.013212588601193185 -0.022210964223551354 0.041786539044819382 0.089519587255883645 -0.0085525327766081318
leaf_weight=144 5618 1031 162 837 109 109 75
leaf_count=144 5618 1031 162 837 109 109 75
internal_value=0.000228259 -0.0207463 -0.0530421 0.00439629 -0.0146561 0.00751267 0.0503758
internal_weight=8085 1337 306 6748 946 5802 184
internal_count=8085 1337 306 6748 946 5802 184
cat_boundaries=0 1
cat_threshold=165
is_linear=0
shrinkage=0.02


Tree=393
num_leaves=8
num_cat=1
split_feature=45 52 57 55 4 66 17
split_gain=1615.57 1129.11 1104.74 1073.17 1225.48 1034 956.504
threshold=1.0000000180025095e-35 35.125000000000007 33.395000000000003 46.32500000000001 0 0.31250000000000006 6317.7500000000009
decision_type=2 2 2 2 1 2 2
left_child=2 3 -1 4 -2 6 -5
right_child=1 -3 -4 5 -6 -7 -8
leaf_value=0.02226848840572589 0.049788909194067241 -0.0025020580924426696 -0.00055165058080284461 -0.021162171410579311 -0.020554309463879285 -0.01668243837477856 -0.10040202105045319
leaf_weight=1568 108 3446 1842 97 501 253 175
leaf_count=1568 108 3446 1842 97 501 253 175
internal_value=-0.000455551 -0.0082119 0.00995884 -0.0254758 -0.00729965 -0.0462924 -0.0730358
internal_weight=7990 4580 3410 1134 609 525 272
internal_count=7990 4580 3410 1134 609 525 272
cat_boundaries=0 1
cat_threshold=6
is_linear=0
shrinkage=0.02


Tree=394
num_leaves=8
num_cat=0
split_feature=16 33 47 17 0 23 40
split_gain=1647.47 1416.83 1254.23 1086.08 1001.16 1421.54 1319.62
threshold=0.72825000000000006 1.0000000180025095e-35 7.5000000000000009 3730.3000000000006 55.500000000000007 3.6500000000000008 72.590000000000018
decision_type=2 2 2 2 2 2 2
left_child=1 -1 -2 -4 5 -3 -7
right_child=2 4 3 -5 -6 6 -8
leaf_value=-0.039820098607190726 0.059003182264584071 0.039180088570196329 0.084262106445100571 -0.026106761203385717 0.015408965344825281 -0.0091879927358302013 0.01963781000225431
leaf_weight=343 337 303 40 167 1599 4418 737
leaf_count=343 337 303 40 167 1599 4418 737
internal_value=0.00205552 -0.000424198 0.0354836 -0.00329513 0.00151745 -0.00256265 -0.00505179
internal_weight=7944 7400 544 207 7057 5458 5155
internal_count=7944 7400 544 207 7057 5458 5155
is_linear=0
shrinkage=0.02


Tree=395
num_leaves=8
num_cat=0
split_feature=9 8 66 52 21 47 47
split_gain=1343.36 1218.35 1234.62 1204.19 1214.46 1094.4 1064.47
threshold=12.500000000000002 8.5850000000000026 0.68750000000000011 32.055000000000007 459244.60000000003 7.5000000000000009 5.5000000000000009
decision_type=2 2 2 2 8 2 2
left_child=1 5 3 4 -3 -1 -6
right_child=-2 2 -4 -5 6 -7 -8
leaf_value=0.065340077759591872 0.022932098000249358 -0.0041387702973682758 0.042333941964305455 -0.0018088578233324951 -0.068735876750646144 -0.01008448983990509 -0.017729881805452433
leaf_weight=188 911 675 212 5209 313 126 347
leaf_count=188 911 675 212 5209 313 126 347
internal_value=0.000142394 -0.00280829 -0.00460852 -0.00616043 -0.0230696 0.0353905 -0.042254
internal_weight=7981 7070 6756 6544 1335 314 660
internal_count=7981 7070 6756 6544 1335 314 660
is_linear=0
shrinkage=0.02


Tree=396
num_leaves=8
num_cat=0
split_feature=16 12 15 51 40 31 40
split_gain=1525.56 1298.95 1194.58 1152.99 1072.76 1476.22 1083.4
threshold=0.36255000000000004 68.085000000000022 1.5000000000000002 12.735000000000001 54.100000000000009 1.0000000180025095e-35 25.215000000000003
decision_type=2 2 2 2 2 2 2
left_child=2 3 -1 4 5 6 -2
right_child=1 -3 -4 -5 -6 -7 -8
leaf_value=-0.0080854815182261983 0.023779519242048266 0.024163326873774319 -0.047299430532686745 0.0052615647555579693 0.003523092010428136 -0.0066192208617149939 -0.079820088919590818
leaf_weight=1382 45 1058 397 3950 582 384 270
leaf_count=1382 45 1058 397 3950 582 384 270
internal_value=-0.000619621 0.00400806 -0.0169445 -8.76398e-05 -0.0165384 -0.0331483 -0.0648798
internal_weight=8068 6289 1779 5231 1281 699 315
internal_count=8068 6289 1779 5231 1281 699 315
is_linear=0
shrinkage=0.02


Tree=397
num_leaves=8
num_cat=0
split_feature=40 55 0 68 38 48 31
split_gain=987.906 966.74 1376.27 1782.33 898.613 872.035 1444.95
threshold=5.6100000000000003 48.895000000000003 68.500000000000014 736070.55000000016 4555.6500000000005 12.500000000000002 1.0000000180025095e-35
decision_type=2 2 2 2 10 2 2
left_child=4 2 -2 -4 -1 -3 -7
right_child=1 5 3 -5 -6 6 -8
leaf_value=-0.01333337925894316 0.0031126841373992787 -0.0047935341342772494 -0.007650500452518463 0.095464562121530372 -0.12280318907329014 -0.086721998627157237 -0.0046029199005287388
leaf_weight=81 4923 2349 120 145 44 141 209
leaf_count=81 4923 2349 120 145 44 141 209
internal_value=-0.000423071 0.000477986 0.00552719 0.049494 -0.0551079 -0.00921983 -0.0384407
internal_weight=8012 7887 5188 265 125 2699 350
internal_count=8012 7887 5188 265 125 2699 350
is_linear=0
shrinkage=0.02


Tree=398
num_leaves=8
num_cat=0
split_feature=9 8 41 55 45 48 54
split_gain=1287.7 1347.15 1062.74 1249.26 1040.09 1338.11 1091.12
threshold=1.5000000000000002 50.695000000000007 81.220000000000013 36.385000000000012 1.0000000180025095e-35 17.500000000000004 82.785000000000011
decision_type=2 2 2 2 2 2 2
left_child=2 4 3 -1 -2 6 -6
right_child=1 -3 -4 -5 5 -7 -8
leaf_value=0.019115661817287962 0.019415704018879626 -0.023449466734313869 0.041452593829826266 -0.022244125585184613 0.019087043293255071 -0.053571969012835785 -0.0062235926848717539
leaf_weight=347 2281 551 136 1736 1195 162 1572
leaf_count=347 2281 551 136 1736 1195 162 1572
internal_value=0.00116922 0.006155 -0.0117597 -0.0153249 0.00930539 0.00141218 0.00472217
internal_weight=7980 5761 2219 2083 5210 2929 2767
internal_count=7980 5761 2219 2083 5210 2929 2767
is_linear=0
shrinkage=0.02


Tree=399
num_leaves=8
num_cat=0
split_feature=9 16 42 38 16 42 10
split_gain=1108.39 1380.94 1075.7 1175.78 1052.16 1113.77 959.161
threshold=17.500000000000004 0.17090000000000002 31.360000000000003 13178.450000000003 0.77305000000000013 82.565000000000012 19100.500000000004
decision_type=2 2 2 8 2 2 2
left_child=1 -1 -2 -4 5 6 -3
right_child=2 4 3 -5 -6 -7 -8
leaf_value=-0.080663586219588482 0.080983420604010342 -0.017919155107251814 0.042339299307955852 -0.035578033032483962 0.03501055826743444 0.024542613884419664 -0.0011777890042928044
leaf_weight=86 114 1910 181 128 286 511 4803
leaf_count=86 114 1910 181 128 286 511 4803
internal_value=-0.00145639 -0.00321883 0.0298604 0.0100103 -0.0022789 -0.00377839 -0.00595088
internal_weight=8019 7596 423 309 7510 7224 6713
internal_count=8019 7596 423 309 7510 7224 6713
is_linear=0
shrinkage=0.02


Tree=400
num_leaves=8
num_cat=0
split_feature=16 55 34 40 47 56 40
split_gain=1479.26 1275.82 1305.43 1793.86 1120.87 1171.02 1050.35
threshold=0.72825000000000006 48.605000000000011 2.5000000000000004 55.930000000000007 6.5000000000000009 36.285000000000004 52.215000000000011
decision_type=2 2 2 2 2 2 2
left_child=1 -1 3 6 5 -2 -3
right_child=4 2 -4 -5 -6 -7 -8
leaf_value=0.0036444541794669488 -0.0073668778091669088 -0.030096301665876228 0.010981429701762111 0.0024481179405997197 0.0027884540714855706 0.084591064318722375 -0.089029243172501479
leaf_weight=4868 75 1059 639 745 275 199 134
leaf_count=4868 75 1059 639 745 275 199 134
internal_value=-3.52521e-05 -0.00237986 -0.0137449 -0.021905 0.0314946 0.0597392 -0.0370597
internal_weight=7994 7445 2577 1938 549 274 1193
internal_count=7994 7445 2577 1938 549 274 1193
is_linear=0
shrinkage=0.02


Tree=401
num_leaves=8
num_cat=0
split_feature=12 10 21 12 8 52 20
split_gain=1581.97 1507.91 1418.91 1188.29 1184.11 956.982 961.65
threshold=42.165000000000006 12980.500000000002 410709.40000000008 39.885000000000012 8.8050000000000015 75.385000000000005 922176.65000000014
decision_type=2 2 10 2 2 2 10
left_child=1 3 4 -1 -3 6 -6
right_child=-2 2 -4 -5 5 -7 -8
leaf_value=-0.029206536033459556 0.0065480115841425905 0.056734060512161726 0.035180341232424743 -0.11755859178045523 -0.0083423756018370515 0.050118641013740216 -0.03910653809365558
leaf_weight=591 4463 97 307 64 1784 88 523
leaf_count=591 4463 97 307 64 1784 88 523
internal_value=-0.00131415 -0.0114678 -0.00504586 -0.0386646 -0.010062 -0.0128799 -0.0153861
internal_weight=7917 3454 2799 655 2492 2395 2307
internal_count=7917 3454 2799 655 2492 2395 2307
is_linear=0
shrinkage=0.02


Tree=402
num_leaves=8
num_cat=0
split_feature=64 16 8 17 51 10 8
split_gain=1673.02 1215.36 1532.19 1789.15 1287.91 1217.76 1174.57
threshold=1.0000000180025095e-35 0.60625000000000007 24.545000000000005 2412.4500000000003 30.685000000000006 14569.450000000003 8.5850000000000026
decision_type=2 2 2 2 2 2 2
left_child=-1 2 5 -4 -3 -2 -7
right_child=1 4 3 -5 -6 6 -8
leaf_value=-0.10592639944310916 -0.013181194758951702 0.0025729691643460555 -0.065078951944250701 -0.0085362962282972774 0.036366859933893596 0.075639450397491453 0.012123628144798837
leaf_weight=54 788 1271 237 3025 695 120 1773
leaf_count=54 788 1271 237 3025 695 120 1773
internal_value=0.000179998 0.000970923 -0.00354002 -0.0127377 0.0145814 0.00765378 0.0163386
internal_weight=7963 7909 5943 3262 1966 2681 1893
internal_count=7963 7909 5943 3262 1966 2681 1893
is_linear=0
shrinkage=0.02


Tree=403
num_leaves=8
num_cat=0
split_feature=45 12 55 14 33 16 43
split_gain=1673.22 1223.32 1105.65 1182.56 1236.09 1078.79 1191.55
threshold=1.0000000180025095e-35 14.955000000000002 37.07500000000001 43.180000000000007 1.5000000000000002 0.71425000000000016 1.0000000180025095e-35
decision_type=2 2 2 2 2 2 2
left_child=-1 -2 -3 5 -5 6 -4
right_child=1 2 3 4 -6 -7 -8
leaf_value=0.011129994714910703 -0.041596316747874493 0.017105296128167503 -0.031914166858063642 -0.13604310898376365 -0.024750448051239216 0.031447815366329686 -0.002360799071333648
leaf_weight=3443 377 786 722 51 150 274 2192
leaf_count=3443 377 786 722 51 150 274 2192
internal_value=0.000618456 -0.00733565 -0.00419588 -0.00915412 -0.0556055 -0.00614292 -0.00972534
internal_weight=7995 4552 4175 3389 201 3188 2914
internal_count=7995 4552 4175 3389 201 3188 2914
is_linear=0
shrinkage=0.02


Tree=404
num_leaves=8
num_cat=1
split_feature=12 22 12 55 7 38 23
split_gain=1425.41 1391.24 993.162 1340.68 946.157 1129.78 848.37
threshold=22.085000000000004 28469.050000000003 77.385000000000005 54.465000000000011 0 2017.2500000000002 18.850000000000005
decision_type=2 2 2 2 1 8 2
left_child=1 4 3 -2 -1 -6 -7
right_child=2 -3 -4 -5 5 6 -8
leaf_value=0.016698871353711082 0.0053797974095748059 -0.11637500818361315 0.026602464230855671 -0.019870168957205964 -0.09714049052726477 -0.0096795290597541227 -0.070116098025054849
leaf_weight=278 5154 52 683 1000 75 683 103
leaf_count=278 5154 52 683 1000 75 683 103
internal_value=0.000291728 -0.0198528 0.00381283 0.00126398 -0.0149568 -0.0251179 -0.0179925
internal_weight=8028 1191 6837 6154 1139 861 786
internal_count=8028 1191 6837 6154 1139 861 786
cat_boundaries=0 1
cat_threshold=24
is_linear=0
shrinkage=0.02


Tree=405
num_leaves=8
num_cat=0
split_feature=45 64 64 32 52 53 40
split_gain=1813.76 1476.55 1393.64 1259.69 1418.02 1610.56 1132.12
threshold=1.0000000180025095e-35 1.0000000180025095e-35 4.5000000000000009 1.0000000180025095e-35 67.205000000000013 63.555000000000007 84.560000000000016
decision_type=2 2 2 2 2 2 2
left_child=1 -1 6 4 -3 -6 -2
right_child=2 3 -4 -5 5 -7 -8
leaf_value=-0.08635166417990553 -0.014907149313538466 0.014480806174387531 0.019942396388293922 -0.0032309092024041522 0.096554283179979244 0.01510944319055907 0.034457855363927634
leaf_weight=56 3698 1777 611 1224 194 194 191
leaf_count=56 3698 1777 611 1224 194 194 191
internal_value=0.000330154 0.0112428 -0.00802728 0.0129803 0.0221317 0.0565422 -0.0124416
internal_weight=7945 3445 4500 3389 2165 388 3889
internal_count=7945 3445 4500 3389 2165 388 3889
is_linear=0
shrinkage=0.02


Tree=406
num_leaves=8
num_cat=0
split_feature=64 41 30 64 45 34 16
split_gain=1253.65 1243.02 1157.47 1360.7 1117.7 1096.31 1102.6
threshold=1.0000000180025095e-35 72.595000000000013 1.0000000180025095e-35 4.5000000000000009 1.0000000180025095e-35 3.5000000000000004 0.56005000000000016
decision_type=2 2 2 2 2 2 2
left_child=-1 2 3 5 -4 6 -2
right_child=1 -3 4 -5 -6 -7 -8
leaf_value=-0.093968226067198998 -0.020071057073342995 0.020729880480216706 0.029027195895607028 0.028962438146086865 -0.0024395293917414741 0.031410928135301837 0.00088062918654774661
leaf_weight=52 2945 1019 767 368 1086 230 1523
leaf_count=52 2945 1019 767 368 1086 230 1523
internal_value=-0.000507915 0.000163088 -0.00287868 -0.00782478 0.0106283 -0.0107341 -0.0129363
internal_weight=7990 7938 6919 5066 1853 4698 4468
internal_count=7990 7938 6919 5066 1853 4698 4468
is_linear=0
shrinkage=0.02


Tree=407
num_leaves=8
num_cat=0
split_feature=64 45 13 32 41 64 12
split_gain=1377.79 1237.47 1580.02 1157.69 1327.32 1253.46 1033.9
threshold=1.0000000180025095e-35 1.0000000180025095e-35 418.35000000000008 1.0000000180025095e-35 15.475000000000003 1.5000000000000002 5.6350000000000007
decision_type=2 2 2 2 2 2 2
left_child=-1 2 3 5 -5 -2 -7
right_child=1 -3 -4 4 -6 6 -8
leaf_value=-0.09939001603607546 -0.020062729719579224 -0.0075054666959746778 0.048226418167832685 -0.10589115664105991 -0.0075084025878638322 -0.05597552572815296 0.023921313428909345
leaf_weight=52 370 4570 352 53 1035 63 1531
leaf_count=52 370 4570 352 53 1035 63 1531
internal_value=-0.00140992 -0.00070909 0.00841293 0.00374971 -0.0127634 0.0129067 0.0205984
internal_weight=8026 7974 3404 3052 1088 1964 1594
internal_count=8026 7974 3404 3052 1088 1964 1594
is_linear=0
shrinkage=0.02


Tree=408
num_leaves=8
num_cat=0
split_feature=43 9 64 16 9 17 16
split_gain=1158.39 1349.26 1188.39 1585.11 1272.29 1277.63 1591.63
threshold=1.0000000180025095e-35 14.500000000000002 2.5000000000000004 0.25915000000000005 1.5000000000000002 5236.8000000000002 0.58345000000000014
decision_type=2 2 2 2 2 2 2
left_child=-1 2 3 -2 5 -5 -7
right_child=1 -3 -4 4 -6 6 -8
leaf_value=-0.01271608891999752 -0.073761223554611205 0.036885929458623554 -0.0023092995006823757 0.046579112988991998 0.044056694970985841 0.015897973240391026 -0.091992706504464158
leaf_weight=1960 61 482 4488 122 642 118 95
leaf_count=1960 61 482 4488 122 642 118 95
internal_value=0.00061568 0.00497188 0.00215738 0.0213885 0.0276746 -0.00390668 -0.0332285
internal_weight=7968 6008 5526 1038 977 335 213
internal_count=7968 6008 5526 1038 977 335 213
is_linear=0
shrinkage=0.02


Tree=409
num_leaves=8
num_cat=0
split_feature=44 41 57 66 56 58 57
split_gain=1440.91 1752.03 1481.13 1352.87 1392.85 999.052 1206.89
threshold=1.0000000180025095e-35 15.475000000000003 10.070000000000002 0.31250000000000006 50.005000000000003 52.225000000000001 31.135000000000002
decision_type=2 2 2 2 2 2 2
left_child=1 -1 -3 4 -4 6 -5
right_child=-2 2 3 5 -6 -7 -8
leaf_value=-0.10762665589282543 0.004160258943469902 0.051268306757840845 -0.046946071709824726 0.055887772210932884 0.057010406109324674 -0.050569598559202178 -0.0061922209504011432
leaf_weight=76 6460 130 620 168 52 122 451
leaf_count=76 6460 130 620 168 52 122 451
internal_value=-7.04568e-05 -0.0169123 -0.012111 -0.0181023 -0.0385402 0.000566478 0.0109694
internal_weight=8079 1619 1543 1413 672 741 619
internal_count=8079 1619 1543 1413 672 741 619
is_linear=0
shrinkage=0.02


Tree=410
num_leaves=8
num_cat=1
split_feature=9 40 45 2 40 44 33
split_gain=1622.41 1446.66 1553.42 1744.6 1265.69 1166.88 1134.12
threshold=1.5000000000000002 8.9700000000000024 1.0000000180025095e-35 0 87.625000000000014 1.0000000180025095e-35 1.0000000180025095e-35
decision_type=2 2 2 1 2 2 2
left_child=4 -2 3 -3 5 -1 -4
right_child=1 2 6 -5 -6 -7 -8
leaf_value=-0.046330938381808143 -0.055072390415415853 -0.0060222462627627258 -0.061524364519710384 0.030976181946424149 0.050508842111281725 -0.0098565099435508115 0.0008960305747230398
leaf_weight=443 146 731 116 1668 110 1638 3080
leaf_count=443 146 731 116 1668 110 1638 3080
internal_value=0.00044125 0.00602927 0.00767145 0.0198171 -0.0141812 -0.0177136 -0.0014621
internal_weight=7932 5741 5595 2399 2191 2081 3196
internal_count=7932 5741 5595 2399 2191 2081 3196
cat_boundaries=0 1
cat_threshold=25
is_linear=0
shrinkage=0.02


Tree=411
num_leaves=8
num_cat=0
split_feature=8 17 21 64 45 54 18
split_gain=1022.41 1980.54 1086.94 872.49 1071.96 1227 1276.13
threshold=54.410000000000004 20595.850000000002 246826.85000000003 1.0000000180025095e-35 1.0000000180025095e-35 79.215000000000018 211883.75000000003
decision_type=2 2 8 2 2 2 2
left_child=3 -2 -3 -1 -5 6 -6
right_child=1 2 -4 4 5 -7 -8
leaf_value=-0.072743726372718809 -0.06297360719622043 -0.061147514247688751 0.037716635218266535 0.012030876482581578 -0.00041601633562692508 -0.010043217275667893 0.044023828066846467
leaf_weight=56 272 53 188 3152 799 3056 377
leaf_count=56 272 53 188 3152 799 3056 377
internal_value=0.000700366 -0.026469 0.0151738 0.00259025 0.00321042 -0.00336551 0.0139565
internal_weight=7953 513 241 7440 7384 4232 1176
internal_count=7953 513 241 7440 7384 4232 1176
is_linear=0
shrinkage=0.02


Tree=412
num_leaves=8
num_cat=1
split_feature=16 12 66 8 8 2 14
split_gain=1529.86 1117 1238.22 1171.51 1123.14 933.788 1439.69
threshold=0.32955000000000007 77.385000000000005 1.0000000180025095e-35 56.640000000000008 25.925000000000004 0 23.605000000000004
decision_type=2 2 2 2 2 1 2
left_child=5 2 -2 -3 -4 6 -1
right_child=1 3 4 -5 -6 -7 -8
leaf_value=-0.0225980147806654 -0.038081103604039344 0.038008024928130081 0.011299609738348633 -0.066670628748041513 -0.0062746759260062677 -0.036663425916242491 0.043901284068902549
leaf_weight=424 311 524 2923 42 2886 676 182
leaf_count=424 311 524 2923 42 2886 676 182
internal_value=-0.000869832 0.00297179 0.000475354 0.0297246 0.00257055 -0.0208387 -0.00239132
internal_weight=7968 6686 6120 566 5809 1282 606
internal_count=7968 6686 6120 566 5809 1282 606
cat_boundaries=0 1
cat_threshold=146
is_linear=0
shrinkage=0.02


Tree=413
num_leaves=8
num_cat=0
split_feature=14 26 8 17 45 13 41
split_gain=1212.51 1279.63 1007.29 1490.96 1043.39 1147.28 1016.28
threshold=46.365000000000009 1.0000000180025095e-35 47.245000000000012 5035.1000000000013 1.0000000180025095e-35 430.35000000000008 67.855000000000018
decision_type=2 2 2 2 2 2 2
left_child=2 -2 4 -4 5 6 -1
right_child=1 -3 3 -5 -6 -7 -8
leaf_value=0.0062991252330132034 -0.068830026787913209 0.011944462079830744 -0.079030656546126801 -0.0057796427513028947 -0.0008413533044201888 0.062273685619584289 0.039230761587885875
leaf_weight=2314 188 130 126 740 3849 187 443
leaf_count=2314 188 130 126 740 3849 187 443
internal_value=0.00182492 -0.0361353 0.00342356 -0.0168299 0.00601604 0.0149677 0.0116521
internal_weight=7977 318 7659 866 6793 2944 2757
internal_count=7977 318 7659 866 6793 2944 2757
is_linear=0
shrinkage=0.02


Tree=414
num_leaves=8
num_cat=1
split_feature=31 42 65 12 45 3 10
split_gain=1478.34 1761.32 1435.1 943.397 1081.94 1328.76 1227.54
threshold=1.0000000180025095e-35 79.600000000000009 0.76388888888888895 71.660000000000011 1.0000000180025095e-35 0 95308.500000000015
decision_type=2 2 2 2 2 1 2
left_child=1 2 3 4 5 -1 -7
right_child=-2 -3 -4 -5 -6 6 -8
leaf_value=0.013615883891528019 0.0054226361933337195 0.033918317276984453 0.062176588718468942 0.011678427859930925 -0.034458945365470485 -0.038655464518921712 0.067487779123087718
leaf_weight=554 4696 299 85 350 1464 520 43
leaf_count=554 4696 299 85 350 1464 520 43
internal_value=-0.00179425 -0.0120104 -0.0166123 -0.0189992 -0.0231738 -0.00829525 -0.0295064
internal_weight=8011 3315 3016 2931 2581 1117 563
internal_count=8011 3315 3016 2931 2581 1117 563
cat_boundaries=0 1
cat_threshold=5
is_linear=0
shrinkage=0.02


Tree=415
num_leaves=8
num_cat=0
split_feature=33 32 55 64 45 9 55
split_gain=1062.32 1101.95 1501.56 1489.47 1358.36 1395.29 1011.62
threshold=5.5000000000000009 1.0000000180025095e-35 55.055000000000007 4.5000000000000009 1.0000000180025095e-35 4.5000000000000009 35.525000000000013
decision_type=2 2 2 2 2 2 2
left_child=1 2 4 -3 5 -1 -6
right_child=-2 3 -4 -5 6 -7 -8
leaf_value=0.0057397438698526268 0.039934187832435498 -0.020414764316022863 -0.022720381311866135 0.01596979070474306 0.02686018260881121 0.040481439555592059 -0.007713532025884734
leaf_weight=1093 242 2092 754 569 400 799 2058
leaf_count=1093 242 2092 754 569 400 799 2058
internal_value=-0.000899832 -0.00219732 0.00324328 -0.0126193 0.00776456 0.0204793 -0.00204411
internal_weight=8007 7765 5104 2661 4350 1892 2458
internal_count=8007 7765 5104 2661 4350 1892 2458
is_linear=0
shrinkage=0.02


Tree=416
num_leaves=8
num_cat=0
split_feature=9 12 41 62 47 20 41
split_gain=1143.77 1482.1 1165.47 997.052 974.761 956.333 936.544
threshold=1.5000000000000002 42.865000000000002 73.165000000000006 1.0000000180025095e-35 2.5000000000000004 991785.25000000012 34.030000000000008
decision_type=2 2 2 2 2 10 2
left_child=1 2 3 -1 -3 -5 -2
right_child=6 4 -4 5 -6 -7 -8
leaf_value=-0.028279630704156979 -0.012347100106678426 -0.061378209921733838 0.024218982062551356 -0.043392115863201422 0.0063578840557994122 -0.13746162061151621 0.0073030400310060027
leaf_weight=672 1225 87 126 122 1109 69 4591
leaf_count=672 1225 87 126 122 1109 69 4591
internal_value=-0.00147912 -0.0137989 -0.0318467 -0.0401247 0.00119558 -0.0800151 0.00315716
internal_weight=8001 2185 989 863 1196 191 5816
internal_count=8001 2185 989 863 1196 191 5816
is_linear=0
shrinkage=0.02


Tree=417
num_leaves=8
num_cat=0
split_feature=16 50 44 0 40 16 33
split_gain=1297.96 934.064 1096.31 1324.19 1290.02 1275.05 998.841
threshold=0.60625000000000007 3.5000000000000004 1.0000000180025095e-35 45.500000000000007 40.915000000000006 0.32955000000000007 3.5000000000000004
decision_type=2 2 2 2 2 2 2
left_child=1 2 4 -4 -1 -5 -6
right_child=-2 -3 3 5 6 -7 -8
leaf_value=-0.049012682776059753 0.01404411279030658 0.035875099359757523 -0.012042599541203278 -0.014402380200590079 -0.020744614420109428 0.018805335018704461 0.032458428525962896
leaf_weight=466 1982 215 2414 645 507 1603 190
leaf_count=466 1982 215 2414 645 507 1603 190
internal_value=2.08963e-05 -0.00458857 -0.00611157 -0.00176851 -0.0234391 0.0092665 -0.00611375
internal_weight=8022 6040 5825 4662 1163 2248 697
internal_count=8022 6040 5825 4662 1163 2248 697
is_linear=0
shrinkage=0.02


Tree=418
num_leaves=8
num_cat=0
split_feature=43 40 22 41 55 38 14
split_gain=1409.3 1567.16 1242.44 1217.9 1143 1124.37 1017.54
threshold=1.0000000180025095e-35 34.775000000000013 22649.150000000005 79.385000000000005 55.685000000000009 10601.300000000001 46.365000000000009
decision_type=2 2 2 2 2 8 2
left_child=1 5 3 4 -3 -1 -2
right_child=6 2 -4 -5 -6 -7 -8
leaf_value=-0.0080142560851674122 0.0069548375163563311 0.0072906977165124445 -0.049043791740760206 0.073509030780509896 -0.049538236474057279 -0.065174611669621976 -0.032221784515292951
leaf_weight=233 5791 957 195 90 161 337 273
leaf_count=233 5791 957 195 90 161 337 273
internal_value=0.00038801 -0.0142731 -0.00286584 0.00475982 -0.0010772 -0.0420819 0.00516602
internal_weight=8037 1973 1403 1208 1118 570 6064
internal_count=8037 1973 1403 1208 1118 570 6064
is_linear=0
shrinkage=0.02


Tree=419
num_leaves=8
num_cat=0
split_feature=40 33 52 40 57 23 41
split_gain=1153.77 1058.15 1066.07 1011.63 1120.18 1134.2 1004.65
threshold=87.625000000000014 5.5000000000000009 75.385000000000005 5.6100000000000003 34.005000000000003 4.3500000000000005 30.925000000000001
decision_type=2 2 2 2 2 2 2
left_child=1 2 3 -1 -5 -6 -4
right_child=-2 -3 6 4 5 -7 -8
leaf_value=-0.062461381908665355 0.040735671688315482 0.040437618235686444 0.089854634286134272 0.0055237523245284872 0.026780779950437927 -0.014271683837052214 0.013177177963513944
leaf_weight=112 278 241 72 3153 289 3236 636
leaf_count=112 278 241 72 3153 289 3236 636
internal_value=0.00107159 -0.000378605 -0.00171659 -0.00415673 -0.00313287 -0.0108728 0.0215503
internal_weight=8017 7739 7498 6790 6678 3525 708
internal_count=8017 7739 7498 6790 6678 3525 708
is_linear=0
shrinkage=0.02


Tree=420
num_leaves=8
num_cat=0
split_feature=64 17 14 34 0 14 32
split_gain=980.762 787.654 1163.74 1361.63 849.215 1106.65 752.041
threshold=1.0000000180025095e-35 16791.950000000004 43.180000000000007 1.5000000000000002 20.500000000000004 20.935000000000006 1.0000000180025095e-35
decision_type=2 2 2 2 2 2 2
left_child=-1 2 -2 -4 5 -3 -6
right_child=1 4 3 -5 6 -7 -8
leaf_value=-0.079291008168556651 -0.0012360665037392513 -0.091816173110106231 -0.080968880026060855 0.0068343898407075302 0.021050332648916373 0.02942117842863191 0.0003279706058121316
leaf_weight=56 4739 68 157 124 1537 48 1284
leaf_count=56 4739 68 157 124 1537 48 1284
internal_value=0.000599044 0.00121074 -0.00360184 -0.0427808 0.00942866 -0.0425063 0.0116357
internal_weight=8013 7957 5020 281 2937 116 2821
internal_count=8013 7957 5020 281 2937 116 2821
is_linear=0
shrinkage=0.02


Tree=421
num_leaves=8
num_cat=0
split_feature=51 8 40 15 12 67 17
split_gain=1379.84 1252.76 1186.62 992.253 975.372 876.862 1103.17
threshold=32.095000000000006 6.9350000000000014 81.645000000000024 1.5000000000000002 7.3150000000000004 3.5651860809261717 8722.9000000000033
decision_type=2 2 2 2 2 2 2
left_child=2 -2 3 4 -1 6 -5
right_child=1 -3 -4 5 -6 -7 -8
leaf_value=-0.055779607899594998 0.10021366512102466 0.0093378269080784775 0.030447390507823278 -0.052132404546058136 -0.0015515114126448022 0.0064870977112650875 0.0018610011068887489
leaf_weight=133 57 3017 330 534 3447 245 210
leaf_count=133 57 3017 330 534 3447 245 210
internal_value=0.000689541 0.0111829 -0.00589947 -0.00855507 -0.00364112 -0.0262349 -0.0369816
internal_weight=7973 3074 4899 4569 3580 989 744
internal_count=7973 3074 4899 4569 3580 989 744
is_linear=0
shrinkage=0.02


Tree=422
num_leaves=8
num_cat=0
split_feature=9 16 53 40 18 41 14
split_gain=1079.04 1392.02 1511.48 1004.06 1021.29 874.76 824.876
threshold=18.500000000000004 0.26805000000000007 52.165000000000006 17.080000000000002 840236.90000000002 36.045000000000009 29.030000000000005
decision_type=2 2 2 2 2 2 2
left_child=1 2 -1 4 6 -4 -3
right_child=-2 3 5 -5 -6 -7 -8
leaf_value=0.012665089199874607 0.034668954147186785 -0.029188987928386215 -0.10845352903165316 0.0033608011678675303 0.042100189174666555 -0.036207520057704591 -0.11495939862515245
leaf_weight=198 354 259 90 6701 61 261 51
leaf_count=198 354 259 90 6701 61 261 51
internal_value=0.000783886 -0.000811795 -0.0313416 0.00157871 -0.0302261 -0.0559952 -0.0449004
internal_weight=7975 7621 549 7072 371 351 310
internal_count=7975 7621 549 7072 371 351 310
is_linear=0
shrinkage=0.02


Tree=423
num_leaves=8
num_cat=0
split_feature=45 41 34 54 16 64 58
split_gain=1215.94 1444.32 1504.23 1203.82 1124.84 1090.84 1006.62
threshold=1.0000000180025095e-35 33.495000000000012 1.5000000000000002 83.065000000000012 0.35455000000000009 1.0000000180025095e-35 29.345000000000002
decision_type=2 2 2 2 2 2 2
left_child=5 2 4 -3 -2 -1 -6
right_child=1 3 -4 -5 6 -7 -8
leaf_value=-0.077811725555281902 -0.12039260257150709 0.012742864980690728 -0.0065484037371973192 -0.01060390156055506 -0.10746230598596426 0.010450520682241496 -0.016192992178383717
leaf_weight=52 92 1445 445 2256 60 3405 198
leaf_count=52 92 1445 445 2256 60 3405 198
internal_value=0.000101238 -0.00675302 -0.0311214 -0.00148361 -0.0618319 0.00901242 -0.0390579
internal_weight=7953 4496 795 3701 350 3457 258
internal_count=7953 4496 795 3701 350 3457 258
is_linear=0
shrinkage=0.02


Tree=424
num_leaves=8
num_cat=0
split_feature=16 45 0 16 8 52 17
split_gain=1305.34 1106.17 1111.82 1213.1 1494.1 1105.74 1284.15
threshold=0.17090000000000002 1.0000000180025095e-35 39.500000000000007 0.67575000000000007 27.655000000000005 34.805000000000007 31300.600000000002
decision_type=2 2 2 2 2 2 2
left_child=-1 2 3 -2 -5 6 -3
right_child=1 5 -4 4 -6 -7 -8
leaf_value=-0.072243839834506315 -0.012890046524250054 -0.031568334709036264 0.019989110521097857 0.062168504952544897 -0.027392451002037733 0.0010930142862371384 0.025396754133592672
leaf_weight=91 1113 921 2021 208 111 3387 187
leaf_count=91 1113 921 2021 208 111 3387 187
internal_value=0.00106505 0.00194928 0.0104544 -0.00302485 0.0310629 -0.00458858 -0.0218833
internal_weight=8039 7948 3453 1432 319 4495 1108
internal_count=8039 7948 3453 1432 319 4495 1108
is_linear=0
shrinkage=0.02


Tree=425
num_leaves=8
num_cat=1
split_feature=16 42 13 55 66 43 4
split_gain=1041.27 930.882 1211.64 1136.99 950.175 828.701 1111.03
threshold=0.50155000000000005 41.205000000000005 422.85000000000008 50.545000000000009 0.68750000000000011 1.0000000180025095e-35 0
decision_type=2 2 2 2 2 2 1
left_child=1 2 4 -4 -1 6 -2
right_child=5 -3 3 -5 -6 -7 -8
leaf_value=-0.028213217374923473 0.0099227433758944782 -3.3295910842215344e-05 0.070387959743867509 -0.050404197798834913 0.059257226878633863 0.012664638815144316 -0.034231578486035585
leaf_weight=1355 519 2735 101 40 47 2850 386
leaf_count=1355 519 2735 101 40 47 2850 386
internal_value=-0.000305732 -0.00704807 -0.0194416 0.035568 -0.0250807 0.00737485 -0.00926167
internal_weight=8033 4278 1543 141 1402 3755 905
internal_count=8033 4278 1543 141 1402 3755 905
cat_boundaries=0 1
cat_threshold=5
is_linear=0
shrinkage=0.02


Tree=426
num_leaves=8
num_cat=0
split_feature=55 55 41 10 8 12 34
split_gain=993.559 1119.33 897.645 928.745 883.415 842.283 1181.37
threshold=48.895000000000003 49.875000000000007 70.035000000000011 39816.450000000004 20.235000000000003 14.375000000000002 1.5000000000000002
decision_type=2 2 2 2 2 2 2
left_child=5 2 3 4 -2 6 -1
right_child=1 -3 -4 -5 -6 -7 -8
leaf_value=-0.057704665409000884 -0.030507302457286466 -0.0044269379088872672 0.033439526752549777 -0.013451867199995939 -0.13567726517074249 0.0083554748579611499 0.0098569299169048857
leaf_weight=187 57 2403 44 97 80 4910 222
leaf_count=187 57 2403 44 97 80 4910 222
internal_value=0.00105031 -0.00886733 -0.0464932 -0.0619084 -0.0945354 0.00605285 -0.0213569
internal_weight=8000 2681 278 234 137 5319 409
internal_count=8000 2681 278 234 137 5319 409
is_linear=0
shrinkage=0.02


Tree=427
num_leaves=8
num_cat=0
split_feature=12 66 64 44 57 57 0
split_gain=902.769 853.135 1523.31 1290.6 1175.69 1511.6 1476.95
threshold=77.385000000000005 0.56250000000000011 2.5000000000000004 1.0000000180025095e-35 11.340000000000002 16.305000000000003 41.500000000000007
decision_type=2 2 2 2 2 2 2
left_child=1 3 -3 4 -1 -6 -7
right_child=-2 2 -4 -5 5 6 -8
leaf_value=0.032388760084023985 0.021140368774912748 0.11167535620933723 0.0088224103942922613 -0.00044068458119522362 -0.10051678882859579 0.003448619626001302 -0.042554758915227218
leaf_weight=137 692 58 687 5175 102 512 607
leaf_count=137 692 58 687 5175 102 512 607
internal_value=-0.000604881 -0.00268554 0.0175209 -0.00500144 -0.022316 -0.0285611 -0.0215841
internal_weight=7970 7278 745 6533 1358 1221 1119
internal_count=7970 7278 745 6533 1358 1221 1119
is_linear=0
shrinkage=0.02


Tree=428
num_leaves=8
num_cat=0
split_feature=64 9 15 8 30 41 52
split_gain=1154.11 1275.92 1301.72 1557.18 1165.43 1155.52 1137.18
threshold=1.5000000000000002 14.500000000000002 1.5000000000000002 8.5850000000000026 1.0000000180025095e-35 79.385000000000005 15.630000000000001
decision_type=2 2 2 2 2 2 2
left_child=-1 2 3 -2 5 -5 -4
right_child=1 -3 6 4 -6 -7 -8
leaf_value=-0.03102669052714379 0.057965349356683911 0.026601695130761552 -0.090356337636370548 -0.010191220953631548 0.01362458618368572 0.032145126781770193 -0.015872688239094958
leaf_weight=537 181 618 83 3425 1548 274 1284
leaf_count=537 181 618 83 3425 1548 274 1284
internal_value=-0.00285377 -0.000793375 -0.00330266 0.00109574 -0.000919348 -0.00701604 -0.0207079
internal_weight=7950 7413 6795 5428 5247 3699 1367
internal_count=7950 7413 6795 5428 5247 3699 1367
is_linear=0
shrinkage=0.02


Tree=429
num_leaves=8
num_cat=0
split_feature=41 64 43 16 8 34 49
split_gain=1259.01 2421.09 1285.18 1272.3 1739.61 1193.63 1665.69
threshold=79.385000000000005 2.5000000000000004 1.0000000180025095e-35 0.49545000000000006 24.685000000000006 3.5000000000000004 35.500000000000007
decision_type=2 2 2 2 2 2 2
left_child=2 -2 5 4 -4 6 -1
right_child=1 -3 3 -5 -6 -7 -8
leaf_value=-0.0085918688241571547 0.1075931950925539 0.0064520996958995552 0.0093440957501666443 0.011871497408605084 -0.021533942731976761 0.035578398420416484 -0.050458033007759882
leaf_weight=1201 115 452 1353 2635 1574 153 553
leaf_count=1201 115 452 1353 2635 1574 153 553
internal_value=-0.000871565 0.0277269 -0.00305968 0.00180132 -0.00726904 -0.017205 -0.0218973
internal_weight=8036 567 7469 5562 2927 1907 1754
internal_count=8036 567 7469 5562 2927 1907 1754
is_linear=0
shrinkage=0.02


Tree=430
num_leaves=8
num_cat=0
split_feature=16 9 43 8 41 9 41
split_gain=1195.11 1077.13 1021.48 922.295 919.879 877.793 2320.21
threshold=0.77305000000000013 20.500000000000004 1.0000000180025095e-35 30.695000000000004 81.220000000000013 4.5000000000000009 14.405000000000003
decision_type=2 2 2 2 2 2 2
left_child=1 2 4 -2 -1 6 -4
right_child=3 -3 5 -5 -6 -7 -8
leaf_value=-0.018997615703390102 0.0622217852765551 0.037317386316339463 -0.11111825569176381 -0.015511313201336379 0.051755835235892951 0.010709384104496884 -0.0027449184533054104
leaf_weight=1747 203 269 76 84 72 2281 3250
leaf_count=1747 203 269 76 84 72 2281 3250
internal_value=-0.000120905 -0.00162692 -0.0030618 0.0395946 -0.0160628 0.00116649 -0.00538436
internal_weight=7982 7695 7426 287 1819 5607 3326
internal_count=7982 7695 7426 287 1819 5607 3326
is_linear=0
shrinkage=0.02


Tree=431
num_leaves=8
num_cat=0
split_feature=43 41 56 8 38 8 53
split_gain=959.309 1297.13 1215.35 1191.13 1011.01 1104.08 977.66
threshold=1.0000000180025095e-35 79.385000000000005 55.855000000000011 6.9350000000000014 13597.550000000001 16.720000000000002 70.745000000000019
decision_type=2 2 2 2 8 2 2
left_child=1 2 3 -1 5 -5 -6
right_child=-2 -3 -4 4 6 -7 -8
leaf_value=0.082366841798027349 0.0027380149928651005 0.054289905428886412 0.082538778893649578 0.03764073347322322 -0.022172248122182308 -0.017843713713057225 -0.065160316953538688
leaf_weight=40 6000 103 43 181 712 623 302
leaf_count=40 6000 103 43 181 712 623 302
internal_value=-0.00126519 -0.0132278 -0.0170189 -0.0195383 -0.0220002 -0.00519737 -0.0352323
internal_weight=8004 2004 1901 1858 1818 804 1014
internal_count=8004 2004 1901 1858 1818 804 1014
is_linear=0
shrinkage=0.02


Tree=432
num_leaves=8
num_cat=0
split_feature=52 64 8 0 40 42 41
split_gain=1033.4 1132.86 1258.12 1257.67 1200.19 1092.91 1023.27
threshold=75.385000000000005 4.5000000000000009 54.410000000000004 53.500000000000007 52.215000000000011 30.680000000000003 47.965000000000011
decision_type=2 2 2 2 2 2 2
left_child=1 2 -1 4 -4 -3 -2
right_child=6 5 3 -5 -6 -7 -8
leaf_value=-0.0015662883345372784 0.05145617768615484 0.090257234352358273 -0.086321087791229878 0.02913121606487977 -0.012019105131124579 0.013424026486665431 0.0052070516862627297
leaf_weight=6218 295 84 192 90 159 457 532
leaf_count=6218 295 84 192 90 159 457 532
internal_value=0.000810745 -0.00162681 -0.00389495 -0.0363429 -0.0533045 0.0260711 0.0219147
internal_weight=8027 7200 6659 441 351 541 827
internal_count=8027 7200 6659 441 351 541 827
is_linear=0
shrinkage=0.02


Tree=433
num_leaves=8
num_cat=0
split_feature=16 12 68 54 8 17 33
split_gain=1152.81 1270.93 1171.04 1101.26 963.939 982.826 1176.15
threshold=0.56385000000000007 66.215000000000018 179015.80000000002 84.245000000000019 38.595000000000006 30778.950000000004 4.5000000000000009
decision_type=2 2 2 2 2 2 2
left_child=2 3 -1 -2 -4 6 -6
right_child=1 -3 4 -5 5 -7 -8
leaf_value=-0.022338691131956061 0.024194241678898595 0.040679738034120935 0.0056194618216727932 -0.0056957546586330985 -0.041092026958077989 0.012515163187298083 0.035911178181088098
leaf_weight=1140 765 489 3284 1367 574 305 88
leaf_count=1140 765 489 3284 1367 574 305 88
internal_value=0.000903399 0.0117711 -0.00438626 0.00506083 0.000448676 -0.0170503 -0.0306635
internal_weight=8012 2621 5391 2132 4251 967 662
internal_count=8012 2621 5391 2132 4251 967 662
is_linear=0
shrinkage=0.02


Tree=434
num_leaves=8
num_cat=0
split_feature=64 45 12 52 53 64 40
split_gain=1061.46 892.859 1307.52 1093 1530.65 990.294 1671.61
threshold=1.0000000180025095e-35 1.0000000180025095e-35 20.355000000000004 74.845000000000013 63.555000000000007 4.5000000000000009 35.605000000000011
decision_type=2 2 2 2 2 2 2
left_child=-1 3 -3 -2 -5 6 -4
right_child=1 2 5 4 -6 -7 -8
leaf_value=-0.08694027450706425 0.0028799818810519655 -0.03411282544338038 -0.032539960148497936 0.077348498452932402 -0.0077157786990108062 0.021748001171047228 0.00091061764792913283
leaf_weight=53 3067 605 770 190 148 565 2609
leaf_count=53 3067 605 770 190 148 565 2609
internal_value=-0.00169039 -0.00106808 -0.00686223 0.00667148 0.0405319 -0.00264415 -0.00674885
internal_weight=8007 7954 4549 3405 338 3944 3379
internal_count=8007 7954 4549 3405 338 3944 3379
is_linear=0
shrinkage=0.02


Tree=435
num_leaves=8
num_cat=0
split_feature=40 58 9 41 34 56 38
split_gain=971.524 827.814 1100.91 1256.58 1537.77 1033.13 919.199
threshold=8.9700000000000024 30.245000000000001 12.500000000000002 38.945000000000007 1.5000000000000002 37.57500000000001 18689.850000000002
decision_type=2 2 2 2 2 2 8
left_child=-1 2 3 4 5 -2 -7
right_child=1 -3 -4 -5 -6 6 -8
leaf_value=-0.044718596624291465 -0.023650290841857591 0.0056873537218290896 0.028538913638296758 -0.004527757615090112 -0.0089195485457722167 -0.033382413879949217 -0.14831481604337615
leaf_weight=179 85 5746 267 1329 262 44 92
leaf_count=179 85 5746 267 1329 262 44 92
internal_value=0.000707952 0.00177499 -0.0090258 -0.0146243 -0.0420744 -0.0803133 -0.113633
internal_weight=8004 7825 2079 1812 483 221 136
internal_count=8004 7825 2079 1812 483 221 136
is_linear=0
shrinkage=0.02


Tree=436
num_leaves=8
num_cat=1
split_feature=16 41 7 51 12 20 54
split_gain=986.309 1189.2 1159 1109.07 1459.64 1016.74 996.025
threshold=0.36255000000000004 6.4150000000000009 0 12.555000000000001 11.290000000000001 968451.05000000016 61.605000000000011
decision_type=2 2 1 2 2 8 2
left_child=2 -2 5 4 -3 -1 -4
right_child=1 3 6 -5 -6 -7 -8
leaf_value=-0.0026035871486815194 -0.073255476789709964 -0.093649213854913357 0.081076115028311815 0.0087124877825685045 -0.0063269742570044741 -0.10889145521369452 -0.011431093254601152
leaf_weight=58 76 76 43 4641 1422 91 1594
leaf_count=58 76 76 43 4641 1422 91 1594
internal_value=-0.000883578 0.00288269 -0.0139611 0.00388412 -0.011054 -0.0647415 -0.00870863
internal_weight=8001 6215 1786 6139 1498 149 1637
internal_count=8001 6215 1786 6139 1498 149 1637
cat_boundaries=0 1
cat_threshold=32
is_linear=0
shrinkage=0.02


Tree=437
num_leaves=8
num_cat=1
split_feature=16 43 9 17 22 2 16
split_gain=1213.74 1152.08 1067.95 1034.58 1228.24 972.161 963.095
threshold=0.72145000000000015 1.0000000180025095e-35 3.5000000000000004 57757.000000000007 16497.800000000003 0 0.53575000000000006
decision_type=2 2 2 2 2 1 2
left_child=1 3 6 -1 -5 -4 -3
right_child=-2 2 5 4 -6 -7 -8
leaf_value=-0.021601664572837968 0.026096497897497361 -0.018638203787687019 0.021504373977933828 0.080812494766092716 -0.0352415788599423 -0.0015605076974523919 0.0059218227373553037
leaf_weight=1678 598 1493 1380 84 58 1539 1110
leaf_count=1678 598 1493 1380 84 58 1539 1110
internal_value=-0.00118199 -0.00342005 0.00113197 -0.0171964 0.0338238 0.00943009 -0.00817377
internal_weight=7940 7342 5522 1820 142 2919 2603
internal_count=7940 7342 5522 1820 142 2919 2603
cat_boundaries=0 1
cat_threshold=162
is_linear=0
shrinkage=0.02


Tree=438
num_leaves=8
num_cat=2
split_feature=46 47 12 2 2 52 57
split_gain=788.502 997.315 779.517 1400.67 1327.23 1106.16 1334.69
threshold=1.0000000180025095e-35 3.5000000000000004 45.745000000000012 0 1 53.175000000000004 8.7700000000000014
decision_type=2 2 2 1 1 2 2
left_child=1 -1 3 -2 5 -4 -7
right_child=2 -3 4 -5 -6 6 -8
leaf_value=-0.10690657741600468 0.0068249184983964406 0.011476467454007693 -0.032659296656475593 -0.017215460033261135 0.014074639691691209 0.10223260266319761 -0.0022596713231306533
leaf_weight=57 1792 51 527 2084 2762 48 629
leaf_count=57 1792 51 527 2084 2762 48 629
internal_value=-0.000514384 -0.0529693 0.000241315 -0.00613312 0.00647097 -0.0109836 0.00584413
internal_weight=7950 108 7842 3876 3966 1204 677
internal_count=7950 108 7842 3876 3966 1204 677
cat_boundaries=0 1 2
cat_threshold=194 73
is_linear=0
shrinkage=0.02


Tree=439
num_leaves=8
num_cat=0
split_feature=52 44 57 51 38 14 46
split_gain=1151.97 964.486 1513.52 842.383 1126.4 1029.66 1023.02
threshold=83.715000000000018 1.0000000180025095e-35 10.070000000000002 32.095000000000006 6710.0500000000002 41.290000000000013 1.5000000000000002
decision_type=2 2 2 2 8 2 2
left_child=1 2 -1 -3 -5 6 -6
right_child=-2 3 -4 4 5 -7 -8
leaf_value=0.05013044228421823 0.035166507125806969 -0.0032514447742042841 -0.020968685888665056 0.032334098652005198 -0.050930137164002166 -0.044004567078972129 0.012813325792200228
leaf_weight=126 365 3760 1422 740 104 165 1333
leaf_count=126 365 3760 1422 740 104 165 1333
internal_value=0.000700207 -0.000966159 -0.0150388 0.00261328 0.0120158 0.00255885 0.00803942
internal_weight=8015 7650 1548 6102 2342 1602 1437
internal_count=8015 7650 1548 6102 2342 1602 1437
is_linear=0
shrinkage=0.02


Tree=440
num_leaves=8
num_cat=0
split_feature=41 54 33 21 64 33 49
split_gain=899.298 936.481 1751.15 1235.69 1140.25 1123.45 1073.73
threshold=72.595000000000013 82.955000000000013 2.5000000000000004 412848.85000000003 2.5000000000000004 3.5000000000000004 73.500000000000014
decision_type=2 2 2 10 2 2 2
left_child=1 -1 3 6 5 -4 -3
right_child=-2 2 4 -5 -6 -7 -8
leaf_value=0.0061000239736223654 0.016656037402657562 -0.02400964833177564 0.0074304296383250522 0.025912546001605152 -0.0035926243649529559 0.075116398855808036 -0.10013543981772204
leaf_weight=2659 1044 1790 262 189 1808 153 73
leaf_count=2659 1044 1790 262 189 1808 153 73
internal_value=-0.000603697 -0.00321249 -0.00900513 -0.0223047 0.00329394 0.0329817 -0.0272526
internal_weight=7978 6934 4275 2052 2223 415 1863
internal_count=7978 6934 4275 2052 2223 415 1863
is_linear=0
shrinkage=0.02


Tree=441
num_leaves=8
num_cat=0
split_feature=40 33 48 21 40 53 50
split_gain=826.734 819.942 1241.51 1186.81 1281.15 1249.76 728.675
threshold=5.6100000000000003 1.0000000180025095e-35 4.5000000000000009 347883.25000000006 55.770000000000003 68.25500000000001 3.5000000000000004
decision_type=2 2 2 8 2 2 2
left_child=-1 2 3 -2 5 -5 -3
right_child=1 6 -4 4 -6 -7 -8
leaf_value=-0.052432279514790583 -0.079449453837409312 0.00099260212391859238 -0.064759860234783292 -0.079069001761349761 0.098146106764890148 0.062358439849770589 0.035992726328654016
leaf_weight=114 44 7268 182 50 64 41 241
leaf_count=114 44 7268 182 50 64 41 241
internal_value=-0.000109549 0.000679172 -0.0277496 0.00685662 0.0330736 -0.0154199 0.00213913
internal_weight=8004 7890 381 199 155 91 7509
internal_count=8004 7890 381 199 155 91 7509
is_linear=0
shrinkage=0.02


Tree=442
num_leaves=8
num_cat=0
split_feature=55 65 40 0 15 65 40
split_gain=1059.74 1108.8 1066.79 1002.82 910.93 968.609 1105.18
threshold=48.605000000000011 0.69047619047619058 56.695000000000007 55.500000000000007 3.5000000000000004 0.29166666666666669 46.665000000000006
decision_type=2 2 2 2 2 2 2
left_child=3 2 -2 4 -1 -6 -7
right_child=1 -3 -4 -5 5 6 -8
leaf_value=0.0023416054925057242 -0.027847427364438772 0.014480379639579368 0.00050239791320420282 0.021347517564267542 -0.10576883155791485 -0.068753353560964264 0.022108982289420036
leaf_weight=3851 1395 550 855 1093 56 85 128
leaf_count=3851 1395 550 855 1093 56 85 128
internal_value=-0.000966342 -0.0108798 -0.0170973 0.00436366 -0.000162418 -0.0353986 -0.0148959
internal_weight=8013 2800 2250 5213 4120 269 213
internal_count=8013 2800 2250 5213 4120 269 213
is_linear=0
shrinkage=0.02


Tree=443
num_leaves=8
num_cat=0
split_feature=52 38 44 38 38 8 55
split_gain=1218.19 1352.87 1563.58 1119.42 1042.6 1177.1 991.445
threshold=39.615000000000002 5342.6500000000005 1.0000000180025095e-35 3085.9500000000003 4765.3500000000013 43.335000000000008 47.095000000000006
decision_type=2 8 2 10 10 2 2
left_child=1 2 3 -1 5 -2 -4
right_child=4 -3 6 -5 -6 -7 -8
leaf_value=-0.098436256388300336 0.0032862494493530719 -0.019549936422258041 0.051239585406863353 0.026714650814731917 0.016587893822546825 -0.031226810896789456 -0.0034869669976397458
leaf_weight=71 2843 1942 307 43 2070 454 229
leaf_count=71 2843 1942 307 43 2070 454 229
internal_value=4.44794e-05 -0.0112021 0.0136976 -0.0520912 0.00548139 -0.00150632 0.0280421
internal_weight=7959 2592 650 114 5367 3297 536
internal_count=7959 2592 650 114 5367 3297 536
is_linear=0
shrinkage=0.02


Tree=444
num_leaves=8
num_cat=0
split_feature=52 64 66 66 21 64 16
split_gain=1101.84 1372.04 1342.99 1083.81 1070.23 1045.15 1086.98
threshold=67.205000000000013 2.5000000000000004 0.18750000000000003 0.68750000000000011 168101.35000000001 4.5000000000000009 0.57745000000000013
decision_type=2 2 2 2 10 2 2
left_child=3 2 -2 5 -4 6 -1
right_child=1 -3 4 -5 -6 -7 -8
leaf_value=-0.013753804734220023 -0.0010306046626820469 0.0031903197412805769 0.020190278311880926 0.040807690316220606 0.10823932850047163 0.023718492442208007 0.0049599879008465075
leaf_weight=4131 146 1106 91 200 147 438 1771
leaf_count=4131 146 1106 91 200 147 438 1771
internal_value=-0.000924015 0.0145682 0.0468767 -0.00446202 0.0756817 -0.00592112 -0.00813895
internal_weight=8030 1490 384 6540 238 6340 5902
internal_count=8030 1490 384 6540 238 6340 5902
is_linear=0
shrinkage=0.02


Tree=445
num_leaves=8
num_cat=0
split_feature=16 14 34 38 47 68 58
split_gain=1071.91 982.975 1183.69 1161.64 1118.85 1259.36 1119.96
threshold=0.26805000000000007 43.180000000000007 1.5000000000000002 8444.8500000000004 1.5000000000000002 342241.45000000007 30.895000000000003
decision_type=2 2 2 8 2 2 2
left_child=-1 4 3 -3 5 -2 -7
right_child=1 2 -4 -5 -6 6 -8
leaf_value=-0.025713326876721843 0.02508266869732129 0.026831069996823435 0.0031503658625094788 -0.09063301611191675 0.0054463255895087779 0.0055769154289737341 -0.099690799213945858
leaf_weight=594 88 41 225 144 6778 59 120
leaf_count=594 88 41 225 144 6778 59 120
internal_value=2.76755e-05 0.00209453 -0.0278205 -0.0645794 0.003854 -0.0359255 -0.0657849
internal_weight=8049 7455 410 185 7045 267 179
internal_count=8049 7455 410 185 7045 267 179
is_linear=0
shrinkage=0.02


Tree=446
num_leaves=8
num_cat=0
split_feature=16 31 33 14 16 8 21
split_gain=917.198 1020.26 1148.22 1168.05 1148.79 939.742 1341.06
threshold=0.77305000000000013 1.0000000180025095e-35 3.5000000000000004 43.180000000000007 0.23030000000000003 38.125000000000007 275364.35000000003
decision_type=2 2 2 2 2 2 8
left_child=1 2 3 4 -1 -6 -7
right_child=-2 -3 -4 -5 5 6 -8
leaf_value=-0.072189410365810072 0.034459812496271398 0.0041840287565601845 0.021350633216306866 -0.069392748097578685 -0.0028071471888679723 -0.09130928445576636 -0.015245390550957786
leaf_weight=116 283 4553 391 145 2009 116 409
leaf_count=116 283 4553 391 145 2009 116 409
internal_value=-0.000586441 -0.00188944 -0.0105618 -0.0150562 -0.011958 -0.00906404 -0.0327547
internal_weight=8022 7739 3186 2795 2650 2534 525
internal_count=8022 7739 3186 2795 2650 2534 525
is_linear=0
shrinkage=0.02


Tree=447
num_leaves=8
num_cat=0
split_feature=33 41 34 44 0 8 38
split_gain=865.845 1099.54 956.305 804.888 1047.05 792.153 1393.19
threshold=5.5000000000000009 23.250000000000004 3.5000000000000004 1.0000000180025095e-35 50.500000000000007 47.245000000000012 3211.5000000000005
decision_type=2 2 2 2 2 2 8
left_child=1 2 3 -1 -5 -3 -7
right_child=-2 5 -4 4 -6 6 -8
leaf_value=-0.076019359219337806 0.034684022246148645 0.0017723102336024876 0.048926260642707345 -0.046090256836739452 0.015920484243267842 -0.079414601057051476 -0.0075312375643610627
leaf_weight=142 249 6319 55 270 177 125 641
leaf_count=142 249 6319 55 270 177 125 641
internal_value=-0.00165199 -0.00284427 -0.0277605 -0.035273 -0.0216312 -0.000561493 -0.0197005
internal_weight=7978 7729 644 589 447 7085 766
internal_count=7978 7729 644 589 447 7085 766
is_linear=0
shrinkage=0.02


Tree=448
num_leaves=8
num_cat=0
split_feature=17 14 31 23 67 46 42
split_gain=770.328 1035.46 1801.84 892.514 1320.72 885.849 882.931
threshold=17461.800000000003 43.180000000000007 1.0000000180025095e-35 22.850000000000005 4.429665627420035 6.5000000000000009 81.935000000000016
decision_type=2 2 2 2 2 2 2
left_child=1 3 -3 6 5 -5 -1
right_child=-2 2 -4 4 -6 -7 -8
leaf_value=-0.0082891350519152616 0.0070941315968868646 -0.099039169575755065 0.0012710252986151791 0.032397622622806453 0.082251078794654625 -0.053491479456424712 0.025534725866906971
leaf_weight=4254 2861 122 164 111 112 77 328
leaf_count=4254 2861 122 164 111 112 77 328
internal_value=-0.00122437 -0.00583188 -0.0424851 -0.00364337 0.0294925 -0.0032548 -0.00584268
internal_weight=8029 5168 286 4882 300 188 4582
internal_count=8029 5168 286 4882 300 188 4582
is_linear=0
shrinkage=0.02


Tree=449
num_leaves=8
num_cat=2
split_feature=64 7 55 5 52 17 0
split_gain=917.822 889.302 944.676 1192.09 842.157 989.299 1221.07
threshold=1.0000000180025095e-35 0 37.865000000000002 1 63.135000000000012 2956.3500000000004 24.500000000000004
decision_type=2 1 2 1 2 2 2
left_child=-1 -2 -3 -4 -5 -6 -7
right_child=1 2 3 4 5 6 -8
leaf_value=-0.076396793627354784 -0.022795502180212073 0.015275681194811239 0.018074730022517204 -0.010953636078262368 0.054121075748670394 -0.055357482681345001 0.0096713133773433397
leaf_weight=59 634 1585 957 3637 159 128 873
leaf_count=59 634 1585 957 3637 159 128 873
internal_value=-0.000959951 -0.00035419 0.00162749 -0.00213922 -0.00621123 0.00858775 0.00112214
internal_weight=8032 7973 7339 5754 4797 1160 1001
internal_count=8032 7973 7339 5754 4797 1160 1001
cat_boundaries=0 1 2
cat_threshold=32 1
is_linear=0
shrinkage=0.02


Tree=450
num_leaves=8
num_cat=0
split_feature=40 41 8 40 12 9 42
split_gain=1629.81 1145.59 972.849 1002.86 794.197 683.282 1148.17
threshold=5.6100000000000003 26.915000000000003 54.410000000000004 47.045000000000009 85.185000000000016 1.5000000000000002 54.705000000000005
decision_type=2 2 2 2 2 2 2
left_child=1 -1 4 -4 5 6 -2
right_child=2 -3 3 -5 -6 -7 -8
leaf_value=-0.015013624225621637 -0.022367691122062477 -0.14143536740431079 -0.057140993941658814 -0.00063451249482993782 0.034105387670090165 0.0057335509280120904 0.0081977450182857594
leaf_weight=64 1051 49 218 288 314 5045 916
leaf_count=64 1051 49 218 288 314 5045 916
internal_value=0.000271961 -0.0735038 0.00138261 -0.0253001 0.00324156 0.00183615 -0.00814917
internal_weight=7945 113 7832 506 7326 7012 1967
internal_count=7945 113 7832 506 7326 7012 1967
is_linear=0
shrinkage=0.02


Tree=451
num_leaves=8
num_cat=0
split_feature=44 52 50 14 50 41 21
split_gain=1134.16 1002.88 1033.8 1310.81 1084.56 1139.27 1268.77
threshold=1.0000000180025095e-35 83.715000000000018 1.0000000180025095e-35 27.755000000000006 3.5000000000000004 35.445000000000007 275364.35000000003
decision_type=2 2 2 2 2 2 10
left_child=1 2 3 -1 5 -4 -7
right_child=-2 -3 4 -5 -6 6 -8
leaf_value=-0.011627683784267467 0.0045116875372373426 0.064172380273304283 -0.066699891248139839 0.063319347183235355 0.059253656309511932 -0.038926842000573239 0.016443753735332637
leaf_weight=393 6380 58 285 117 49 465 252
leaf_count=393 6380 58 285 117 49 465 252
internal_value=0.000716427 -0.0142074 -0.0173153 0.00601387 -0.0286106 -0.0331803 -0.0194869
internal_weight=7999 1619 1561 510 1051 1002 717
internal_count=7999 1619 1561 510 1051 1002 717
is_linear=0
shrinkage=0.02


Tree=452
num_leaves=8
num_cat=0
split_feature=16 54 0 55 57 55 8
split_gain=962.495 1082.98 979.794 885.942 876.737 858.788 977.543
threshold=0.32955000000000007 63.410000000000004 22.500000000000004 36.385000000000012 35.57500000000001 54.735000000000007 17.635000000000002
decision_type=2 2 2 2 2 2 2
left_child=1 -1 3 -2 -5 -6 -7
right_child=2 -3 -4 4 5 6 -8
leaf_value=0.075667237662801562 0.027986392119330249 -0.018438761516190998 0.0066260164504853601 -0.054528381641264313 0.010872247455020745 -0.0033844215580911348 -0.12655116515689427
leaf_weight=46 139 1271 5852 265 280 61 40
leaf_count=46 139 1271 5852 265 280 61 40
internal_value=0.000707066 -0.0148781 0.00380855 -0.0171041 -0.0269466 -0.00730462 -0.0558318
internal_weight=7954 1317 6637 785 646 381 101
internal_count=7954 1317 6637 785 646 381 101
is_linear=0
shrinkage=0.02


Tree=453
num_leaves=8
num_cat=0
split_feature=16 37 13 51 51 10 22
split_gain=1289.95 1864.37 1058.2 1031.23 1050.89 922.029 1185.9
threshold=0.36255000000000004 0.9285500000000001 431.15000000000003 25.015000000000004 12.135000000000003 14237.750000000002 10960.100000000002
decision_type=2 2 2 2 2 2 2
left_child=1 2 5 4 -3 6 -1
right_child=-2 3 -4 -5 -6 -7 -8
leaf_value=0.027841310277581216 0.0051752705153230777 -0.045442225266311129 0.047902238212991506 -0.011949407378211619 -0.17495367755248611 -0.0039596762909368931 -0.063475214122015927
leaf_weight=71 6211 54 123 65 51 1193 239
leaf_count=71 6211 54 123 65 51 1193 239
internal_value=0.000857502 -0.0140473 -0.00734777 -0.0760855 -0.113441 -0.0120131 -0.0424508
internal_weight=8007 1796 1626 170 105 1503 310
internal_count=8007 1796 1626 170 105 1503 310
is_linear=0
shrinkage=0.02


Tree=454
num_leaves=8
num_cat=0
split_feature=55 65 41 55 33 16 21
split_gain=1670.07 1153.03 1413.37 1029.83 1104.78 1036.89 1305.58
threshold=48.605000000000011 0.73214285714285732 72.595000000000013 49.415000000000006 2.5000000000000004 0.49815000000000004 252926.60000000003
decision_type=2 2 2 2 2 2 10
left_child=-1 2 3 4 -2 6 -5
right_child=1 -3 -4 5 -6 -7 -8
leaf_value=0.006664508316387539 -0.1122184814259691 0.013927066352525184 0.021432741617740874 -0.054953038479129329 -0.011098589687608183 -0.0042899488942046054 -0.0066168047631574682
leaf_weight=5151 101 527 298 537 75 844 383
leaf_count=5151 101 527 298 537 75 844 383
internal_value=-6.45821e-05 -0.0125898 -0.0188511 -0.0250782 -0.0706246 -0.0203471 -0.034975
internal_weight=7916 2765 2238 1940 176 1764 920
internal_count=7916 2765 2238 1940 176 1764 920
is_linear=0
shrinkage=0.02


Tree=455
num_leaves=8
num_cat=0
split_feature=16 53 56 46 51 63 17
split_gain=1086.78 808.334 792.591 1251.94 763.593 964.369 735.368
threshold=0.32695000000000007 37.415000000000006 39.275000000000013 1.5000000000000002 26.025000000000002 1.0000000180025095e-35 9065.1500000000015
decision_type=2 2 2 2 2 2 2
left_child=1 -1 -3 -4 5 -5 -6
right_child=-2 2 3 4 6 -7 -8
leaf_value=0.027750148745188094 0.0027323059445980746 -0.0054186171907556991 -0.13841592692948404 -0.08023156638364666 -0.044117593817126294 0.0046907201651483774 0.018562853416312215
leaf_weight=137 6682 542 42 177 125 75 172
leaf_count=137 6682 542 42 177 125 75 172
internal_value=-0.000494487 -0.0174161 -0.0229755 -0.0388961 -0.0301021 -0.0553575 -0.00811146
internal_weight=7952 1270 1133 591 549 252 297
internal_count=7952 1270 1133 591 549 252 297
is_linear=0
shrinkage=0.02


Tree=456
num_leaves=8
num_cat=0
split_feature=16 52 16 52 10 14 12
split_gain=1096.72 807.344 771.532 849.74 770.88 1305.31 1022.95
threshold=0.38705000000000006 92.180000000000021 0.77885000000000015 32.345000000000006 12706.300000000001 14.225000000000003 46.885000000000012
decision_type=2 2 2 2 2 2 2
left_child=1 -1 4 -4 5 -2 -7
right_child=2 -3 3 -5 -6 6 -8
leaf_value=-0.013273820452433572 0.021132371742594042 0.069742347449064254 -0.031087610147216106 0.058989822486050655 0.0067819988386057803 -0.051385426457982851 0.0017023596985311043
leaf_weight=2151 290 43 50 189 4714 359 241
leaf_count=2151 290 43 50 189 4714 359 241
internal_value=0.000549151 -0.0114919 0.00507644 0.0398943 0.00355728 -0.0134653 -0.030224
internal_weight=8037 2194 5843 239 5604 890 600
internal_count=8037 2194 5843 239 5604 890 600
is_linear=0
shrinkage=0.02


Tree=457
num_leaves=8
num_cat=0
split_feature=14 66 8 16 6 54 42
split_gain=996.694 1414.78 1934.89 877.224 938.724 887.05 1542.17
threshold=42.570000000000007 0.18750000000000003 19.195000000000004 0.32955000000000007 2.5000000000000004 82.955000000000013 9.1200000000000028
decision_type=2 2 2 2 2 2 2
left_child=3 2 -2 4 -1 6 -5
right_child=1 -3 -4 5 -6 -7 -8
leaf_value=-0.021027860889806887 -0.17804666608572006 -0.0075625751653421508 -0.0091927867370938509 -0.07428274595370031 0.021368312577513936 0.00063802788221473149 0.01924668419919319
leaf_weight=977 47 368 58 68 261 3961 2208
leaf_count=977 47 368 58 68 261 3961 2208
internal_value=0.00151853 -0.026482 -0.0894325 0.00330686 -0.0120397 0.00636025 0.0162956
internal_weight=7948 473 105 7475 1238 6237 2276
internal_count=7948 473 105 7475 1238 6237 2276
is_linear=0
shrinkage=0.02


Tree=458
num_leaves=8
num_cat=0
split_feature=45 13 23 41 66 48 58
split_gain=925.643 1185.84 1217.72 1116.02 1019.29 1064.45 909.594
threshold=1.0000000180025095e-35 431.15000000000003 10.65 15.475000000000003 1.0000000180025095e-35 4.5000000000000009 45.07500000000001
decision_type=2 2 2 2 2 2 2
left_child=1 3 -3 -1 5 6 -2
right_child=4 2 -4 -5 -6 -7 -8
leaf_value=-0.050261243440467736 -0.046193449806284023 0.007770587851212719 0.10078885127632123 0.0065256222336755824 -0.0044805851839262254 -0.093439522429403885 0.065195049954497292
leaf_weight=140 76 122 101 3063 4329 103 41
leaf_count=140 76 122 101 3063 4329 103 41
internal_value=-0.000733059 0.00711257 0.0511863 0.00396906 -0.00664318 -0.0481518 -0.00608768
internal_weight=7975 3426 223 3203 4549 220 117
internal_count=7975 3426 223 3203 4549 220 117
is_linear=0
shrinkage=0.02


Tree=459
num_leaves=8
num_cat=0
split_feature=14 34 48 40 51 64 64
split_gain=1262.03 1035.26 1105.95 1020.35 1076.77 1225.77 1057.36
threshold=43.180000000000007 2.5000000000000004 5.5000000000000009 5.6100000000000003 31.210000000000004 1.5000000000000002 2.5000000000000004
decision_type=2 2 2 2 2 2 2
left_child=3 2 -2 -1 -5 -6 -7
right_child=1 -3 -4 4 5 6 -8
leaf_value=-0.057946533081294209 -0.018709442294299758 0.017070781425863969 -0.094807185798995483 -0.0020300374562502712 -0.037459151291914579 0.040296275120246319 0.010173060221540678
leaf_weight=103 187 123 128 4588 172 597 2091
leaf_count=103 187 123 128 4588 172 597 2091
internal_value=0.00116989 -0.03164 -0.0506299 0.00309273 0.00397516 0.0135954 0.0169258
internal_weight=7989 438 315 7551 7448 2860 2688
internal_count=7989 438 315 7551 7448 2860 2688
is_linear=0
shrinkage=0.02


Tree=460
num_leaves=8
num_cat=0
split_feature=40 31 12 55 20 0 12
split_gain=1151.06 1386.9 1214.92 1196.22 1286.91 1587.67 1113.94
threshold=84.560000000000016 1.0000000180025095e-35 65.815000000000012 37.865000000000002 734491.90000000014 49.500000000000007 14.375000000000002
decision_type=2 2 2 2 8 2 2
left_child=1 2 3 4 -1 -6 -3
right_child=-2 6 -4 -5 5 -7 -8
leaf_value=-0.056142196849418381 0.034124305431035874 -0.030196459114637676 0.013297133043136757 -0.025838340297323202 -0.0029739844714959962 0.078168572148830773 0.0071715106771713432
leaf_weight=99 346 341 571 2048 314 134 4110
leaf_count=99 346 341 571 2048 314 134 4110
internal_value=-0.00128873 -0.00291869 -0.0130271 -0.0188339 0.00738758 0.0218912 0.00427801
internal_weight=7963 7617 3166 2595 547 448 4451
internal_count=7963 7617 3166 2595 547 448 4451
is_linear=0
shrinkage=0.02


Tree=461
num_leaves=8
num_cat=0
split_feature=55 21 52 41 57 12 40
split_gain=906.094 1235.83 900.502 988.265 897.784 940.388 1036.74
threshold=55.685000000000009 211538.45000000004 83.715000000000018 47.965000000000011 67.295000000000016 74.465000000000018 55.770000000000003
decision_type=2 10 2 2 2 2 2
left_child=2 4 -1 -4 5 6 -2
right_child=1 -3 3 -5 -6 -7 -8
leaf_value=0.00054854453832139699 -0.079044172537113933 0.00465178564399396 0.084374433764926732 0.010262775210096784 0.03836390319623445 0.037886523194611076 -0.017638773226644845
leaf_weight=6625 275 522 102 225 52 45 187
leaf_count=6625 275 522 102 225 52 45 187
internal_value=-0.000492797 -0.0174829 0.00215975 0.0343027 -0.0380105 -0.046142 -0.0546446
internal_weight=8033 1081 6952 327 559 507 462
internal_count=8033 1081 6952 327 559 507 462
is_linear=0
shrinkage=0.02


Tree=462
num_leaves=8
num_cat=1
split_feature=7 48 45 32 55 65 46
split_gain=1408.86 1285.94 899.575 1339.8 1210.46 1058.74 1161.19
threshold=0 15.500000000000002 1.0000000180025095e-35 1.0000000180025095e-35 54.465000000000011 0.76388888888888895 4.5000000000000009
decision_type=1 2 2 2 2 2 2
left_child=1 -1 3 4 5 6 -2
right_child=2 -3 -4 -5 -6 -7 -8
leaf_value=-0.020866814950794569 0.0045556203764130741 -0.12989989680178624 -0.0040448520098388856 -0.007335395918254716 -0.015080859463639736 0.1131320858028802 0.038287719825288655
leaf_weight=601 726 42 4178 1134 331 50 932
leaf_count=601 726 42 4178 1134 331 50 932
internal_value=-0.000458103 -0.0284963 0.00204809 0.0100711 0.019746 0.0265196 0.0235753
internal_weight=7994 643 7351 3173 2039 1708 1658
internal_count=7994 643 7351 3173 2039 1708 1658
cat_boundaries=0 1
cat_threshold=32
is_linear=0
shrinkage=0.02


Tree=463
num_leaves=8
num_cat=1
split_feature=41 34 8 51 2 21 58
split_gain=1117.74 1370.83 1243.88 1426.22 1307.98 1365.71 1161.19
threshold=23.855000000000004 3.5000000000000004 22.405000000000005 42.335000000000008 0 305493.85000000003 29.785000000000004
decision_type=2 2 2 2 1 8 2
left_child=1 2 4 -4 6 -6 -1
right_child=-2 -3 3 -5 5 -7 -8
leaf_value=-0.040031415700912475 0.0041742552129018845 0.054192128734929228 -0.075759207418784003 0.018481627010247286 0.048441990504662191 -0.086708319135644335 0.08426520833035106
leaf_weight=40 7223 79 289 80 40 89 92
leaf_count=40 7223 79 289 80 40 89 92
internal_value=0.00181719 -0.0220567 -0.0319695 -0.0553537 0.00150985 -0.0414631 0.0433491
internal_weight=7932 709 630 369 261 129 132
internal_count=7932 709 630 369 261 129 132
cat_boundaries=0 1
cat_threshold=116
is_linear=0
shrinkage=0.02


Tree=464
num_leaves=8
num_cat=0
split_feature=52 40 18 54 20 47 54
split_gain=793.628 858.649 956.713 940.266 775.041 653.382 617.3
threshold=15.630000000000001 59.515000000000008 287529.05000000005 75.945000000000007 843941.45000000007 5.5000000000000009 85.645000000000024
decision_type=2 2 2 2 8 2 2
left_child=1 2 3 -1 -5 -6 -4
right_child=-2 -3 6 4 5 -7 -8
leaf_value=-0.12619339248538017 0.0034145693247734539 0.038027278435857674 0.055581830586306752 0.030033024298517327 -0.020349601410329342 -0.10132090088235191 -0.037379598995813959
leaf_weight=55 7576 71 59 52 95 68 47
leaf_count=55 7576 71 59 52 95 68 47
internal_value=0.00188071 -0.0238662 -0.0358992 -0.055604 -0.0350887 -0.0561392 0.014536
internal_weight=8023 447 376 270 215 163 106
internal_count=8023 447 376 270 215 163 106
is_linear=0
shrinkage=0.02


Tree=465
num_leaves=8
num_cat=1
split_feature=16 14 65 64 51 58 2
split_gain=1134.09 938.413 867.382 772.448 2133.18 1408.44 1297.16
threshold=0.32955000000000007 43.180000000000007 0.58571428571428574 2.5000000000000004 12.735000000000001 56.015000000000008 0
decision_type=2 2 2 2 2 2 1
left_child=-1 3 -3 4 5 6 -2
right_child=1 2 -4 -5 -6 -7 -8
leaf_value=-0.018604634350202782 -0.06408588913528257 -0.061165743669715979 0.00098887291184083679 -0.00090106767515440403 0.027570674039710027 0.07107476791739463 0.0030675780482559284
leaf_weight=1294 226 172 182 4477 1347 55 226
leaf_count=1294 226 172 182 4477 1347 55 226
internal_value=-0.00150461 0.00181683 -0.0296418 0.00359786 0.014435 -0.0203924 -0.0321781
internal_weight=7979 6685 354 6331 1854 507 452
internal_count=7979 6685 354 6331 1854 507 452
cat_boundaries=0 1
cat_threshold=114
is_linear=0
shrinkage=0.02


Tree=466
num_leaves=8
num_cat=1
split_feature=16 12 41 2 65 12 41
split_gain=929.693 1513.1 1888.96 1107.12 1173.75 888.92 862.837
threshold=0.60625000000000007 22.710000000000004 29.290000000000003 0 1.0000000180025095e-35 85.185000000000016 32.395000000000003
decision_type=2 2 2 1 2 2 2
left_child=3 2 -2 -1 -5 6 -3
right_child=1 5 -4 4 -6 -7 -8
leaf_value=0.0037243634969715889 -0.14708613921766697 0.048848714024160876 -0.0076646595703294641 -0.058301393926419601 -0.0094987836642154121 0.081994837943849888 0.0095021009788541291
leaf_weight=3486 41 264 255 211 2304 82 1326
leaf_count=3486 41 264 255 211 2304 82 1326
internal_value=0.000335538 0.0122465 -0.0290989 -0.00357756 -0.0136466 0.019631 0.0161678
internal_weight=7969 1968 296 6001 2515 1672 1590
internal_count=7969 1968 296 6001 2515 1672 1590
cat_boundaries=0 1
cat_threshold=178
is_linear=0
shrinkage=0.02


Tree=467
num_leaves=8
num_cat=1
split_feature=33 48 41 2 64 33 41
split_gain=1140.72 1119.65 827.829 800.873 655.716 2109.69 1866.22
threshold=1.0000000180025095e-35 5.5000000000000009 15.475000000000003 0 2.5000000000000004 3.5000000000000004 79.385000000000005
decision_type=2 2 2 1 2 2 2
left_child=1 -1 3 -2 5 6 -4
right_child=2 -3 4 -5 -6 -7 -8
leaf_value=-0.003080716724047845 0.010054014541376801 -0.071081026586202481 0.00096475225557617441 -0.057062713045016526 0.00035974356358714553 0.068628596961043953 0.089521567402499738
leaf_weight=228 118 164 1656 162 5381 241 96
leaf_count=228 118 164 1656 162 5381 241 96
internal_value=0.000990054 -0.0320668 0.00270289 -0.0307471 0.003993 0.0137772 0.00605813
internal_weight=8046 392 7654 280 7374 1993 1752
internal_count=8046 392 7654 280 7374 1993 1752
cat_boundaries=0 1
cat_threshold=38
is_linear=0
shrinkage=0.02


Tree=468
num_leaves=8
num_cat=0
split_feature=64 45 48 9 8 21 40
split_gain=1122.04 904.292 1151.01 936.548 1049.84 1082.73 1049.09
threshold=1.0000000180025095e-35 1.0000000180025095e-35 18.500000000000004 4.5000000000000009 53.770000000000003 337111.30000000005 38.460000000000008
decision_type=2 2 2 2 2 8 2
left_child=-1 3 -3 4 5 -2 -5
right_child=1 2 -4 6 -6 -7 -8
leaf_value=-0.084651643732382403 0.024423838429634005 -0.0027487212905465126 -0.048472091252112701 0.041808041664369314 -0.053656675432869005 -0.0079080536083652748 0.0073327799052400871
leaf_weight=57 631 4357 227 562 134 1184 943
leaf_count=57 631 4357 227 562 134 1184 943
internal_value=0.00010437 0.000757652 -0.00506329 0.00847911 -0.000679321 0.00336862 0.0203024
internal_weight=8095 8038 4584 3454 1949 1815 1505
internal_count=8095 8038 4584 3454 1949 1815 1505
is_linear=0
shrinkage=0.02


Tree=469
num_leaves=8
num_cat=0
split_feature=33 50 32 55 17 42 42
split_gain=963.972 875.024 768.381 1082.9 1312.32 1180.31 988.631
threshold=1.0000000180025095e-35 3.5000000000000004 1.0000000180025095e-35 55.055000000000007 32516.500000000004 27.665000000000003 82.565000000000012
decision_type=2 2 2 2 2 2 2
left_child=-1 2 3 4 6 -5 -2
right_child=1 -3 -4 5 -6 -7 -8
leaf_value=-0.030820586845544153 0.0011521310943250196 0.037287181149543727 -0.0082712880223955627 -0.076685686554597773 0.035845935336001687 -0.0063327081165816344 0.044844651809549545
leaf_weight=388 3101 256 2779 110 612 566 217
leaf_count=388 3101 256 2779 110 612 566 217
internal_value=-0.000272798 0.00129752 2.55586e-05 0.00503495 0.00905997 -0.0182597 0.00407284
internal_weight=8029 7641 7385 4606 3930 676 3318
internal_count=8029 7641 7385 4606 3930 676 3318
is_linear=0
shrinkage=0.02


Tree=470
num_leaves=8
num_cat=0
split_feature=51 12 48 16 13 55 42
split_gain=838.934 1172.85 935.889 1013.82 884.313 918.446 866.912
threshold=32.300000000000004 19.995000000000001 1.0000000180025095e-35 0.41435000000000005 348.75000000000006 44.365000000000002 13.175000000000002
decision_type=2 2 2 2 2 2 2
left_child=1 2 -1 -4 5 -2 -6
right_child=4 -3 3 -5 6 -7 -8
leaf_value=-0.090314927348929847 0.014692388702896233 -0.00085159499528317554 -0.059856961359665999 -0.0014002596741262087 -0.045693074302582799 -0.01749354101989108 0.022454585253980409
leaf_weight=84 654 4286 169 374 74 763 1500
leaf_count=84 654 4286 169 374 74 763 1500
internal_value=0.000479657 -0.0046031 -0.0300377 -0.0199741 0.00882231 -0.00263907 0.0191161
internal_weight=7904 4913 627 543 2991 1417 1574
internal_count=7904 4913 627 543 2991 1417 1574
is_linear=0
shrinkage=0.02


Tree=471
num_leaves=8
num_cat=0
split_feature=55 34 52 41 9 42 55
split_gain=905.7 1020.43 1185.45 856.83 853.575 964.001 827.155
threshold=55.685000000000009 1.5000000000000002 31.190000000000001 26.915000000000003 21.500000000000004 31.360000000000003 56.885000000000012
decision_type=2 2 2 2 2 2 2
left_child=4 2 -2 -4 -1 -6 -5
right_child=1 -3 3 6 5 -7 -8
leaf_value=0.0015991885494373251 -0.096416640839091058 0.0011284749205442252 -0.10171722632139288 -0.072508802062698774 0.11233604244117079 0.01490068124974666 0.0039072634808719163
leaf_weight=6717 103 593 42 65 53 142 295
leaf_count=6717 103 593 42 65 53 142 295
internal_value=0.000128923 -0.016702 -0.0374454 -0.021337 0.00281273 0.0435295 -0.0106943
internal_weight=8010 1098 505 402 6912 195 360
internal_count=8010 1098 505 402 6912 195 360
is_linear=0
shrinkage=0.02


Tree=472
num_leaves=8
num_cat=1
split_feature=2 41 16 43 9 10 12
split_gain=879.549 1417.49 761.776 776.216 937.272 850.927 1136.35
threshold=0 17.840000000000003 0.79410000000000014 1.0000000180025095e-35 16.500000000000004 12355.400000000001 47.695000000000007
decision_type=1 2 2 2 2 2 2
left_child=1 -1 3 5 -5 6 -2
right_child=2 -3 -4 4 -6 -7 -8
leaf_value=-0.095277960432481171 -0.070016671918936679 -0.0080595114529334027 0.046755545247480816 0.0050113568935414559 0.040813113664999935 -0.0015463791389088621 0.007582411179105744
leaf_weight=74 180 1349 161 4509 308 1273 126
leaf_count=74 180 1349 161 4509 308 1273 126
internal_value=0.00135023 -0.012823 0.00444631 0.00335256 0.00734047 -0.00879802 -0.0384559
internal_weight=7980 1423 6557 6396 4817 1579 306
internal_count=7980 1423 6557 6396 4817 1579 306
cat_boundaries=0 1
cat_threshold=9
is_linear=0
shrinkage=0.02


Tree=473
num_leaves=8
num_cat=0
split_feature=45 30 42 13 12 54 64
split_gain=1033.3 1248.95 1742.98 1037.1 1005.23 1066.26 973.647
threshold=1.0000000180025095e-35 1.0000000180025095e-35 19.215000000000003 459.55000000000007 19.995000000000001 86.325000000000003 2.5000000000000004
decision_type=2 2 2 2 2 2 2
left_child=1 3 -3 -1 5 6 -2
right_child=4 2 -4 -5 -6 -7 -8
leaf_value=-0.0021932781211176171 -0.091211251258850101 0.11131949414028211 0.017858565044286519 0.081273400500172482 -0.0039674975274224932 -0.059566762677883855 0.009538472321070017
leaf_weight=2494 40 84 810 56 3983 282 256
leaf_count=2494 40 84 810 56 3983 282 256
internal_value=-0.00132262 0.00694081 0.0272104 -0.000204824 -0.00756308 -0.0320937 -0.00536533
internal_weight=8005 3444 894 2550 4561 578 296
internal_count=8005 3444 894 2550 4561 578 296
is_linear=0
shrinkage=0.02


Tree=474
num_leaves=8
num_cat=1
split_feature=8 17 7 8 12 66 38
split_gain=1004.61 1567.1 971.461 1510.41 1257.57 1161.57 891.923
threshold=47.245000000000012 5035.1000000000013 0 25.365000000000006 49.82500000000001 0.18750000000000003 2787.3500000000008
decision_type=2 2 1 2 2 2 10
left_child=2 -2 3 -1 5 -5 -7
right_child=1 -3 -4 4 -6 6 -8
leaf_value=0.0040447095551504296 -0.08181122059588665 -0.009560882448955553 0.0036226930084173642 -0.16869987924893695 0.015135106891393663 -0.095528190830612897 0.0043585009387496747
leaf_weight=348 138 761 6467 46 65 80 61
leaf_count=348 138 761 6467 46 65 80 61
internal_value=-0.00119044 -0.0210427 0.00134808 -0.0226808 -0.0598306 -0.0856038 -0.0536454
internal_weight=7966 899 7067 600 252 187 141
internal_count=7966 899 7067 600 252 187 141
cat_boundaries=0 1
cat_threshold=32
is_linear=0
shrinkage=0.02


Tree=475
num_leaves=8
num_cat=0
split_feature=64 57 8 48 12 38 16
split_gain=1052.44 896.578 1156.27 1369.93 1197.6 1176.44 1389.12
threshold=1.0000000180025095e-35 33.395000000000003 31.485000000000003 4.5000000000000009 58.845000000000006 3868.3500000000008 0.32955000000000007
decision_type=2 2 2 2 2 8 2
left_child=-1 -2 3 4 5 -3 -7
right_child=1 2 -4 -5 -6 6 -8
leaf_value=-0.084389178192211409 0.0076341568100839379 0.048996225330918873 -0.020147174209065193 -0.013242932209753693 0.043383126550840645 -0.061234855181782656 0.0052829796690088615
leaf_weight=54 3662 182 1473 1288 418 147 719
leaf_count=54 3662 182 1473 1288 418 147 719
internal_value=-0.000233343 0.000395788 -0.00587668 0.0017787 0.0149766 0.00349428 -0.00629486
internal_weight=7943 7889 4227 2754 1466 1048 866
internal_count=7943 7889 4227 2754 1466 1048 866
is_linear=0
shrinkage=0.02


Tree=476
num_leaves=8
num_cat=0
split_feature=9 52 47 8 22 38 56
split_gain=1131.64 1044.23 1576.83 1405.43 946.53 1191.76 1130.97
threshold=12.500000000000002 30.840000000000003 3.5000000000000004 29.825000000000003 18152.450000000004 11873.250000000002 43.145000000000003
decision_type=2 2 2 2 2 10 2
left_child=1 2 4 -3 5 6 -1
right_child=-2 3 -4 -5 -6 -7 -8
leaf_value=-0.04321612787783146 0.019928869202643799 0.0082127421606289306 -0.007184134116279892 -0.01202362462213555 -0.10754362761761461 -0.12265908550708852 0.061878406737671532
leaf_weight=120 929 3480 1035 2260 100 42 56
leaf_count=120 929 3480 1035 2260 100 42 56
internal_value=-0.000766729 -0.00348945 -0.0192607 0.000241583 -0.0578467 -0.0331498 -0.00899134
internal_weight=8022 7093 1353 5740 318 218 176
internal_count=8022 7093 1353 5740 318 218 176
is_linear=0
shrinkage=0.02


Tree=477
num_leaves=8
num_cat=0
split_feature=16 47 56 40 16 41 54
split_gain=985.212 1223.55 853.916 853.608 717.424 1090.61 980.934
threshold=0.72825000000000006 7.5000000000000009 40.495000000000012 48.165000000000006 0.36255000000000004 6.4150000000000009 61.605000000000011
decision_type=2 2 2 2 2 2 2
left_child=4 2 3 -2 6 -6 -1
right_child=1 -3 -4 -5 5 -7 -8
leaf_value=0.078171288755204946 -0.027402675315573975 -0.011779423691833499 0.078676809126604866 0.064886583214004839 -0.072838794898241757 0.0015285904091000579 -0.016549012448545439
leaf_weight=40 86 218 174 67 75 5627 1703
leaf_count=40 86 218 174 67 75 5627 1703
internal_value=-0.0010421 0.0247901 0.0489799 0.013786 -0.00294847 0.000487457 -0.0141579
internal_weight=7990 545 327 153 7445 5702 1743
internal_count=7990 545 327 153 7445 5702 1743
is_linear=0
shrinkage=0.02


Tree=478
num_leaves=8
num_cat=1
split_feature=32 64 47 42 43 41 5
split_gain=1306.51 1420.55 1049.27 989.183 831.121 1246.62 1044.1
threshold=1.0000000180025095e-35 4.5000000000000009 1.5000000000000002 57.215000000000011 1.0000000180025095e-35 79.385000000000005 0
decision_type=2 2 2 2 2 2 1
left_child=4 2 -2 -3 5 -1 -6
right_child=1 3 -4 -5 6 -7 -8
leaf_value=-0.011838192109324016 -0.080255080218454011 0.039106290010279238 -0.014798873767090921 -0.010608944909135188 0.034091347879028483 0.077383173469341163 0.0062938537759124561
leaf_weight=1239 98 338 2163 297 642 61 3164
leaf_count=1239 98 338 2163 297 642 61 3164
internal_value=0.000330471 -0.0103898 -0.0178068 0.0159524 0.00641494 -0.0073712 0.0111273
internal_weight=8002 2896 2261 635 5106 1300 3806
internal_count=8002 2896 2261 635 5106 1300 3806
cat_boundaries=0 1
cat_threshold=1
is_linear=0
shrinkage=0.02


Tree=479
num_leaves=8
num_cat=0
split_feature=55 8 48 0 32 23 45
split_gain=1257.92 1200.25 1141.82 1054.35 1107.83 1201.69 1090.98
threshold=55.055000000000007 54.410000000000004 1.0000000180025095e-35 68.500000000000014 1.0000000180025095e-35 22.850000000000005 1.0000000180025095e-35
decision_type=2 2 2 2 2 2 2
left_child=1 3 -3 4 5 6 -1
right_child=-2 2 -4 -5 -6 -7 -8
leaf_value=0.019763408728836612 -0.018675678986862797 -0.10298994743089745 -0.014300733463181716 0.039034694663370888 -0.0075797209172644231 0.051960728355618414 -0.0026033015496901403
leaf_weight=1551 1200 64 382 354 2188 253 1983
leaf_count=1551 1200 64 382 354 2188 253 1983
internal_value=0.000153961 0.00350041 -0.0280281 0.00574258 0.00373914 0.0102802 0.00722704
internal_weight=7975 6775 446 6329 5975 3787 3534
internal_count=7975 6775 446 6329 5975 3787 3534
is_linear=0
shrinkage=0.02


Tree=480
num_leaves=8
num_cat=0
split_feature=9 8 42 12 16 17 16
split_gain=1001.62 1010 1124.61 1151.73 1209.93 1089.81 1106.87
threshold=1.5000000000000002 31.485000000000003 51.115000000000002 18.585000000000004 0.50695000000000012 3833.6500000000005 0.70390000000000008
decision_type=2 2 2 2 2 2 2
left_child=1 5 3 -3 -5 6 -1
right_child=-2 2 -4 4 -6 -7 -8
leaf_value=0.0056707227535591253 0.0034355366941514571 -0.15366663737499969 -0.0072765581844190068 -0.083863592456760158 0.0025770407545566559 -0.013932337927666467 0.082509820853569074
leaf_weight=323 5828 42 308 135 120 1158 93
leaf_count=323 5828 42 308 135 120 1158 93
internal_value=-0.00089073 -0.0124432 -0.0342929 -0.0617255 -0.0439184 -0.00396286 0.0236246
internal_weight=8007 2179 605 297 255 1574 416
internal_count=8007 2179 605 297 255 1574 416
is_linear=0
shrinkage=0.02


Tree=481
num_leaves=8
num_cat=0
split_feature=57 10 9 23 41 42 31
split_gain=702.612 788.745 1023.87 1003.6 1085.01 1055.83 917.987
threshold=38.565000000000005 18301.050000000007 17.500000000000004 14.65 29.600000000000005 40.495000000000012 1.0000000180025095e-35
decision_type=2 2 2 2 2 2 2
left_child=1 2 -1 4 -3 6 -6
right_child=-2 3 -4 -5 5 -7 -8
leaf_value=-0.013451548742128677 -0.0061649961848130683 -0.02852865272491488 0.062526950185236171 0.027919180808125613 -0.0015231904137821099 0.0011281638549705067 0.053906141594276057
leaf_weight=1076 3431 350 71 960 186 1574 328
leaf_count=1076 3431 350 71 960 186 1574 328
internal_value=0.000662012 0.0058168 -0.00849746 0.010654 0.00381233 0.00928867 0.0340266
internal_weight=7976 4545 1147 3398 2438 2088 514
internal_count=7976 4545 1147 3398 2438 2088 514
is_linear=0
shrinkage=0.02


Tree=482
num_leaves=8
num_cat=0
split_feature=44 0 64 34 42 23 23
split_gain=961.781 1001.61 997.731 2155.09 1678.34 1425.53 1786.59
threshold=1.0000000180025095e-35 53.500000000000007 2.5000000000000004 2.5000000000000004 80.415000000000006 4.3500000000000005 18.250000000000004
decision_type=2 2 2 2 2 2 2
left_child=-1 2 3 4 5 -2 -7
right_child=1 -3 -4 -5 -6 6 -8
leaf_value=-0.013279120986413795 0.077157517306944909 0.01790530499489738 -0.0053457068583229565 0.097943260970300636 0.10232963239445406 -0.022057604289089882 0.057607351616576867
leaf_weight=1627 80 1547 3795 111 63 676 130
leaf_count=1627 80 1547 3795 111 63 676 130
internal_value=0.000427907 0.00391905 -0.000551379 0.0165577 0.00657502 -0.00076975 -0.00893247
internal_weight=8029 6402 4855 1060 949 886 806
internal_count=8029 6402 4855 1060 949 886 806
is_linear=0
shrinkage=0.02


Tree=483
num_leaves=8
num_cat=0
split_feature=48 16 21 42 55 42 14
split_gain=1102.86 1030.26 1356.48 1095.88 1338.37 1319.76 1009.28
threshold=17.500000000000004 0.50155000000000005 255166.55000000002 40.775000000000013 54.735000000000007 9.1200000000000028 25.115000000000006
decision_type=2 2 10 2 2 2 2
left_child=1 2 -1 4 5 -3 -7
right_child=-2 3 -4 -5 -6 6 -8
leaf_value=-0.014975775119345745 -0.029389246920118947 -0.044507204840419361 0.0084628557624026116 0.0020506372284209966 -0.027926697262153508 0.054896779704022632 0.0041898013727965757
leaf_weight=2377 485 72 1683 2401 152 637 209
leaf_count=2377 485 72 1683 2401 152 637 209
internal_value=-0.00031481 0.00157585 -0.00526125 0.00956923 0.0263524 0.0354424 0.0424681
internal_weight=8016 7531 4060 3471 1070 918 846
internal_count=8016 7531 4060 3471 1070 918 846
is_linear=0
shrinkage=0.02


Tree=484
num_leaves=8
num_cat=0
split_feature=16 66 53 14 46 9 16
split_gain=874.064 806.946 1140.22 1254.18 909.676 810.732 845.854
threshold=0.17090000000000002 1.0000000180025095e-35 62.985000000000007 16.115000000000006 5.5000000000000009 21.500000000000004 0.50035000000000007
decision_type=2 2 2 2 2 2 2
left_child=-1 2 -2 -4 -5 6 -3
right_child=1 5 3 4 -6 -7 -8
leaf_value=-0.056597233496961143 -0.061237316078816849 -0.0047312408516553672 0.064544761845435228 0.020226031729983069 -0.092803867563866729 0.041674592111969277 0.0088986322393480293
leaf_weight=100 187 3789 82 54 52 205 3498
leaf_count=100 187 3789 82 54 52 205 3498
internal_value=0.000726528 0.00149067 -0.0269438 0.00787 -0.0369053 0.00293094 0.00181316
internal_weight=7967 7867 375 188 106 7492 7287
internal_count=7967 7867 375 188 106 7492 7287
is_linear=0
shrinkage=0.02


Tree=485
num_leaves=8
num_cat=0
split_feature=54 67 34 64 52 8 9
split_gain=960.533 1393.38 1326.26 1397.77 1178.89 1098.79 1413.33
threshold=82.855000000000004 12.07942789300087 2.5000000000000004 2.5000000000000004 48.065000000000005 27.965000000000003 5.5000000000000009
decision_type=2 2 2 2 2 2 2
left_child=1 5 4 -4 -2 -1 -7
right_child=2 -3 3 -5 -6 6 -8
leaf_value=0.011814211814419219 -0.024221453020653982 0.034119224444844561 0.061729264853791127 0.0021857285660855049 -0.0019011906383985314 -0.034576326227044596 0.013959973600167565
leaf_weight=1420 1822 616 182 1009 1966 605 392
leaf_count=1420 1822 616 182 1009 1966 605 392
internal_value=-0.00146767 0.00739758 -0.00687001 0.0115048 -0.0126548 0.000530885 -0.0155184
internal_weight=8012 3033 4979 1191 3788 2417 997
internal_count=8012 3033 4979 1191 3788 2417 997
is_linear=0
shrinkage=0.02


Tree=486
num_leaves=8
num_cat=1
split_feature=9 2 55 13 64 57 41
split_gain=1260.26 1350.36 872.19 1029.12 1058.59 847.815 815.562
threshold=1.5000000000000002 0 55.355000000000011 382.65000000000003 2.5000000000000004 34.005000000000003 24.235000000000003
decision_type=2 1 2 2 2 2 2
left_child=2 5 -1 4 -4 -2 -3
right_child=1 6 3 -5 -6 -7 -8
leaf_value=-0.0083379394057551473 0.021452787364304466 -0.040329895571583133 -0.085234586056321865 -0.12158120190888121 0.00087927438186410347 0.0016189709955448355 -0.0032410933800231891
leaf_weight=1900 1845 263 79 52 178 1616 2071
leaf_count=1900 1845 263 79 52 178 1616 2071
internal_value=-0.000628994 0.00427157 -0.0134655 -0.0443596 -0.026713 0.0121726 -0.0074657
internal_weight=8004 5795 2209 309 257 3461 2334
internal_count=8004 5795 2209 309 257 3461 2334
cat_boundaries=0 1
cat_threshold=150
is_linear=0
shrinkage=0.02


Tree=487
num_leaves=8
num_cat=0
split_feature=64 40 66 8 64 34 14
split_gain=928.041 794.729 874.207 713.741 768.669 1969.66 1074.15
threshold=1.0000000180025095e-35 84.560000000000016 0.68750000000000011 47.245000000000012 2.5000000000000004 3.5000000000000004 34.32500000000001
decision_type=2 2 2 2 2 2 2
left_child=-1 2 3 4 5 6 -2
right_child=1 -3 -4 -5 -6 -7 -8
leaf_value=-0.083035923380936905 0.010767055714706845 0.027877366966751058 0.035280237287282946 -0.021133312280765888 -0.0061742656279717657 0.12463721703541908 -0.035472166491917478
leaf_weight=51 1694 351 230 846 4548 52 223
leaf_count=51 1694 351 230 846 4548 52 223
internal_value=-0.0019026 -0.00132983 -0.00269744 -0.00390689 -0.00165617 0.00876894 0.00530987
internal_weight=7995 7944 7593 7363 6517 1969 1917
internal_count=7995 7944 7593 7363 6517 1969 1917
is_linear=0
shrinkage=0.02


Tree=488
num_leaves=8
num_cat=0
split_feature=16 47 21 56 40 40 64
split_gain=948.351 1705.39 1340.77 938.082 1173.09 866.743 1135.43
threshold=0.72825000000000006 7.5000000000000009 227385.75000000003 36.285000000000004 48.940000000000005 63.645000000000003 2.5000000000000004
decision_type=2 2 10 2 2 2 2
left_child=5 3 -3 4 -2 -1 -7
right_child=1 2 -4 -5 -6 6 -8
leaf_value=-0.004101242542319204 -0.05875530395528366 -0.060086873201131825 0.039728764289303831 0.075845874401871585 0.074911065726531278 0.040842420794159534 0.0031559638317318595
leaf_weight=5647 53 120 90 237 43 410 1398
leaf_count=5647 53 120 90 237 43 410 1398
internal_value=0.00162479 0.0270182 -0.0173797 0.0548598 0.00186063 -0.000241662 0.0117912
internal_weight=7998 543 210 333 96 7455 1808
internal_count=7998 543 210 333 96 7455 1808
is_linear=0
shrinkage=0.02


Tree=489
num_leaves=8
num_cat=0
split_feature=9 66 8 48 47 54 24
split_gain=989.649 773.333 911.924 1214.37 1130.04 699.869 737.297
threshold=18.500000000000004 0.68750000000000011 47.245000000000012 1.0000000180025095e-35 6.5000000000000009 84.985000000000014 4.5000000000000009
decision_type=2 2 2 2 2 2 2
left_child=1 2 -1 4 -4 -2 -7
right_child=5 -3 3 -5 -6 6 -8
leaf_value=-0.00080786520973213905 0.054029285236134789 0.032606852981562337 -0.13844365175641499 -0.013008832735746519 -0.013863690582414467 0.039669134098213987 -0.049691542332441038
leaf_weight=6609 215 243 60 714 55 72 66
leaf_count=6609 215 243 60 714 55 72 66
internal_value=-0.000625434 -0.00213905 -0.00329534 -0.0230024 -0.0819222 0.0318795 -0.00331172
internal_weight=8034 7681 7438 829 115 353 138
internal_count=8034 7681 7438 829 115 353 138
is_linear=0
shrinkage=0.02


Tree=490
num_leaves=8
num_cat=0
split_feature=52 33 9 12 41 41 12
split_gain=908.311 833.444 843.792 1037.61 761.519 722.14 837.92
threshold=75.385000000000005 5.5000000000000009 14.500000000000002 72.285000000000011 47.965000000000011 72.595000000000013 1.0000000180025095e-35
decision_type=2 2 2 2 2 2 2
left_child=1 2 5 -4 -2 6 -1
right_child=4 -3 3 -5 -6 -7 -8
leaf_value=-0.061899450132707222 0.047051629887802621 0.03676612976591357 0.010497032087531175 0.094572394040949415 0.0063048599630422973 0.012686407760572813 -0.0063723180645339217
leaf_weight=106 281 215 550 61 517 809 5475
leaf_count=106 281 215 550 61 517 809 5475
internal_value=0.000678348 -0.00156602 -0.00276859 0.0195903 0.0208567 -0.00492016 -0.00748141
internal_weight=8014 7216 7001 611 798 6390 5581
internal_count=8014 7216 7001 611 798 6390 5581
is_linear=0
shrinkage=0.02


Tree=491
num_leaves=8
num_cat=0
split_feature=8 68 17 21 12 55 0
split_gain=816.692 876.13 840.6 1305.56 801.18 966.667 807.878
threshold=50.695000000000007 1751684.9000000001 24243.050000000003 228543.40000000005 77.385000000000005 54.735000000000007 68.500000000000014
decision_type=2 2 2 8 2 2 2
left_child=4 2 -2 -4 5 6 -1
right_child=1 -3 3 -5 -6 -7 -8
leaf_value=0.0010693370609360703 -0.045342140694844442 0.050899311823563442 -0.090751271325349811 0.022861984339103386 0.02371045909428128 -0.017763551116192947 0.032277408014498861
leaf_weight=5297 398 58 45 207 603 1058 349
leaf_count=5297 398 58 45 207 603 1058 349
internal_value=-0.000265326 -0.0206971 -0.0274255 0.00120302 0.00172718 -0.000266333 0.00302527
internal_weight=8015 708 650 252 7307 6704 5646
internal_count=8015 708 650 252 7307 6704 5646
is_linear=0
shrinkage=0.02


Tree=492
num_leaves=8
num_cat=0
split_feature=9 45 52 14 57 58 18
split_gain=869.665 848.594 1033.37 966.591 953.616 926.139 1084.97
threshold=1.5000000000000002 1.0000000180025095e-35 35.125000000000007 38.860000000000007 45.675000000000004 27.555000000000003 307895.65000000008
decision_type=2 2 2 2 2 2 2
left_child=-1 -2 5 4 -4 -3 -7
right_child=1 2 3 -5 -6 6 -8
leaf_value=-0.010158168309602594 0.013270063396245256 -0.062336236447947363 0.00021412844852389821 -0.035733114934003316 0.029408529905454887 -0.027426199517657259 0.027818330808981204
leaf_weight=2220 2517 170 1616 214 614 456 201
leaf_count=2220 2517 170 1616 214 614 456 201
internal_value=0.000470343 0.00455218 -0.00216615 0.00437951 0.00830022 -0.0214204 -0.0104424
internal_weight=8008 5788 3271 2444 2230 827 657
internal_count=8008 5788 3271 2444 2230 827 657
is_linear=0
shrinkage=0.02


Tree=493
num_leaves=8
num_cat=0
split_feature=48 15 16 51 54 18 52
split_gain=712.032 763.517 731.082 790.185 599.298 997.448 1451.2
threshold=17.500000000000004 1.5000000000000002 0.81890000000000007 27.010000000000002 82.955000000000013 193877.15000000005 15.630000000000001
decision_type=2 2 2 2 2 2 2
left_child=2 -2 4 -4 5 6 -1
right_child=1 -3 3 -5 -6 -7 -8
leaf_value=-0.076980319001625497 -0.012109245346164975 -0.077632919961816815 0.0088324550176278136 0.11606113902727763 -0.0045462857341906403 0.023036912244969402 0.0025147217743913442
leaf_weight=92 368 84 73 40 4581 1010 1728
leaf_count=92 368 84 73 40 4581 1010 1728
internal_value=-0.000763097 -0.0250024 0.0007087 0.050099 -7.76535e-05 0.00715111 -0.0017036
internal_weight=7976 452 7524 113 7411 2830 1820
internal_count=7976 452 7524 113 7411 2830 1820
is_linear=0
shrinkage=0.02


Tree=494
num_leaves=8
num_cat=0
split_feature=32 66 55 42 64 30 42
split_gain=1405.48 1480.05 1223.77 959.269 1854.9 1224.94 948.273
threshold=1.0000000180025095e-35 0.18750000000000003 54.735000000000007 81.935000000000016 2.5000000000000004 1.0000000180025095e-35 26.905000000000005
decision_type=2 2 2 2 2 2 2
left_child=2 -2 3 5 -5 -1 -4
right_child=1 -3 6 4 -6 -7 -8
leaf_value=0.0018438401506790439 -0.074104852399655752 -0.0074160910424280859 -0.07092408151952205 0.12267376254905354 0.013717593445187122 0.02700947300096947 -0.0072340310573400495
leaf_weight=2983 135 2756 103 83 221 1040 709
leaf_count=2983 135 2756 103 83 221 1040 709
internal_value=0.000492141 -0.0106528 0.00676611 0.0109949 0.0449691 0.00837495 -0.0156976
internal_weight=8030 2891 5139 4327 304 4023 812
internal_count=8030 2891 5139 4327 304 4023 812
is_linear=0
shrinkage=0.02


Tree=495
num_leaves=8
num_cat=0
split_feature=8 10 0 38 23 51 10
split_gain=689.695 814.852 836.617 825.592 968.694 872.716 884.537
threshold=34.155000000000008 14954.450000000003 54.500000000000007 4052.7000000000003 17.350000000000005 12.135000000000003 43528.750000000007
decision_type=2 2 2 8 2 2 2
left_child=-1 2 -2 5 -5 6 -3
right_child=1 3 -4 4 -6 -7 -8
leaf_value=0.0040068465475958086 -0.066705494704683857 -0.14867694407701493 0.02713345899301417 0.0079340184714642541 -0.030617392829920057 -0.014926047309659995 -0.020575003574788569
leaf_weight=5649 164 40 46 1422 314 320 45
leaf_count=5649 164 40 46 1422 314 320 45
internal_value=0.000218614 -0.00887296 -0.0459973 -0.00513294 0.000893105 -0.030659 -0.085769
internal_weight=8000 2351 210 2141 1736 405 85
internal_count=8000 2351 210 2141 1736 405 85
is_linear=0
shrinkage=0.02


Tree=496
num_leaves=8
num_cat=0
split_feature=16 12 34 58 14 9 8
split_gain=947.115 1045.9 936.633 1175.91 1563.02 850.988 835.184
threshold=0.72825000000000006 19.605000000000004 2.5000000000000004 38.185000000000009 11.865 17.500000000000004 8.8050000000000015
decision_type=2 2 2 2 2 2 2
left_child=1 2 3 -1 -5 6 -3
right_child=-2 5 -4 4 -6 -7 -8
leaf_value=-0.007507293135885087 0.025427841217828227 0.032607151551694982 0.013709967026272708 0.014681952200578842 -0.083723179659292365 0.031263826971227857 -0.0024455138799462923
leaf_weight=353 538 280 221 84 256 344 5909
leaf_count=353 538 280 221 84 256 344 5909
internal_value=-7.32856e-05 -0.00193141 -0.0219088 -0.0332846 -0.0595509 0.00087815 -0.000834635
internal_weight=7985 7447 914 693 340 6533 6189
internal_count=7985 7447 914 693 340 6533 6189
is_linear=0
shrinkage=0.02


Tree=497
num_leaves=8
num_cat=1
split_feature=16 43 27 38 16 8 7
split_gain=1081.2 806.819 955.593 873.225 783.129 1187.69 1530.7
threshold=0.17090000000000002 1.0000000180025095e-35 1.0000000180025095e-35 10834.200000000003 0.49545000000000006 25.515000000000004 0
decision_type=2 2 2 8 2 2 1
left_child=-1 2 -2 -4 5 6 -3
right_child=1 4 3 -5 -6 -7 -8
leaf_value=-0.061496916630498645 -0.015106294599812586 0.030837377961909877 0.055683544796446098 -0.0072349335098958979 0.013902639177503642 -0.012671511438391934 -0.010080516809088445
leaf_weight=101 1569 791 156 193 2889 1573 662
leaf_count=101 1569 791 156 193 2889 1573 662
internal_value=0.00195309 0.00280993 -0.00844762 0.0212783 0.00646436 -0.000648376 0.0123665
internal_weight=7934 7833 1918 349 5915 3026 1453
internal_count=7934 7833 1918 349 5915 3026 1453
cat_boundaries=0 1
cat_threshold=42
is_linear=0
shrinkage=0.02


Tree=498
num_leaves=8
num_cat=0
split_feature=16 16 17 43 54 46 36
split_gain=1204.55 979.016 1002.85 931.09 880.648 827.155 980.11
threshold=0.27935000000000004 0.72825000000000006 3784.5500000000006 1.0000000180025095e-35 96.985000000000014 4.5000000000000009 1.5000000000000002
decision_type=2 2 2 2 2 2 2
left_child=-1 3 4 -2 -3 -4 -7
right_child=1 2 5 -5 -6 6 -8
leaf_value=-0.025092752685990309 -0.013020325474216846 0.11795585510096972 0.049714277029220315 0.0043774624985941403 0.0024662116964658102 -0.025703266103763948 0.061627932522220145
leaf_weight=698 1615 74 158 5112 40 228 61
leaf_count=698 1615 74 158 5112 40 228 61
internal_value=-9.0371e-05 0.00231977 0.0275822 0.00019408 0.0792394 0.013677 -0.00653543
internal_weight=7986 7288 561 6727 114 447 289
internal_count=7986 7288 561 6727 114 447 289
is_linear=0
shrinkage=0.02


Tree=499
num_leaves=8
num_cat=1
split_feature=33 32 55 45 9 2 55
split_gain=1034.3 1177.74 1421.76 1031 1473.5 968.262 938.348
threshold=1.0000000180025095e-35 1.0000000180025095e-35 55.055000000000007 1.0000000180025095e-35 4.5000000000000009 0 41.705000000000005
decision_type=2 2 2 2 2 1 2
left_child=-1 2 3 4 -2 6 -6
right_child=1 -3 -4 -5 5 -7 -8
leaf_value=-0.030351158524851263 0.0095758649104473043 -0.0067601972124579669 -0.016488034472128172 0.0052520941066698835 -0.072299451897753053 0.059687941180210896 0.02966704634901805
leaf_weight=378 991 2880 715 2311 42 553 151
leaf_count=378 991 2880 715 2311 42 553 151
internal_value=0.00172379 0.00332892 0.00943011 0.0140227 0.0256431 0.0467813 0.00591339
internal_weight=8021 7643 4763 4048 1737 746 193
internal_count=8021 7643 4763 4048 1737 746 193
cat_boundaries=0 1
cat_threshold=81
is_linear=0
shrinkage=0.02


Tree=500
num_leaves=8
num_cat=0
split_feature=34 42 41 56 56 42 55
split_gain=759.488 1330.36 1149.48 1017.54 877.809 846.633 831.135
threshold=3.5000000000000004 26.905000000000005 16.360000000000003 31.025000000000002 40.945000000000007 81.935000000000016 37.865000000000002
decision_type=2 2 2 2 2 2 2
left_child=2 -2 3 -1 -5 6 -4
right_child=1 -3 5 4 -6 -7 -8
leaf_value=-0.13055604776740073 0.085477809793140624 0.0069250938457870864 0.0099621579028443315 0.01041963356596823 -0.065137811185697378 0.022997737499385617 -0.0075115423979613743
leaf_weight=40 96 598 1375 126 113 502 5161
leaf_count=40 96 598 1375 126 113 502 5161
internal_value=-0.00159484 0.0183249 -0.0034954 -0.0429448 -0.0259069 -0.00190217 -0.00383074
internal_weight=8011 694 7317 279 239 7038 6536
internal_count=8011 694 7317 279 239 7038 6536
is_linear=0
shrinkage=0.02


Tree=501
num_leaves=8
num_cat=0
split_feature=64 66 32 64 40 53 41
split_gain=828.779 711.027 857.247 1733.25 1111.98 925.892 895.33
threshold=1.0000000180025095e-35 0.68750000000000011 1.0000000180025095e-35 4.5000000000000009 40.915000000000006 49.405000000000008 48.105000000000011
decision_type=2 2 2 2 2 2 2
left_child=-1 2 -2 5 -5 -4 -7
right_child=1 -3 3 4 -6 6 -8
leaf_value=-0.073020744926872702 0.0035295330158698467 0.032271477664674551 0.003354143435367486 0.065633403280866337 0.0028381093515796652 -0.042973698909443456 -0.012376628993448907
leaf_weight=58 5055 256 557 155 384 717 826
leaf_count=58 5055 256 557 155 384 717 826
internal_value=-0.000766206 -0.000193501 -0.00129395 -0.0105225 0.0213334 -0.0187301 -0.0266873
internal_weight=8008 7950 7694 2639 539 2100 1543
internal_count=8008 7950 7694 2639 539 2100 1543
is_linear=0
shrinkage=0.02


Tree=502
num_leaves=8
num_cat=0
split_feature=16 0 68 0 42 0 8
split_gain=773.882 721.935 875.564 684.403 679.54 619.744 985.4
threshold=0.28545000000000004 67.500000000000014 765093.45000000007 63.500000000000007 4.6300000000000017 22.500000000000004 22.825000000000003
decision_type=2 2 2 2 2 2 2
left_child=1 3 -3 -1 -2 6 -6
right_child=4 2 -4 -5 5 -7 -8
leaf_value=-0.021315767254600968 -0.042847135880387813 -0.025646716035515459 0.072047815994477613 -0.094946324857217934 -0.0018745761174397203 0.0049629931343107446 -0.054735370104648795
leaf_weight=593 128 72 66 51 641 6162 176
leaf_count=593 128 72 66 51 641 6162 176
internal_value=-0.000143551 -0.0189622 0.0219622 -0.0278333 0.00193898 0.00279048 -0.0135256
internal_weight=7889 782 138 644 7107 6979 817
internal_count=7889 782 138 644 7107 6979 817
is_linear=0
shrinkage=0.02


Tree=503
num_leaves=8
num_cat=0
split_feature=9 41 23 6 13 64 45
split_gain=902.955 1260.8 987.459 882.123 870.759 1059.48 942.588
threshold=4.5000000000000009 16.360000000000003 21.150000000000002 1.0000000180025095e-35 300.65000000000003 1.5000000000000002 1.0000000180025095e-35
decision_type=2 2 2 2 2 2 2
left_child=1 3 4 -1 -2 -6 -7
right_child=2 -3 -4 -5 5 6 -8
leaf_value=-0.0013953467479182614 -0.018206268288638621 -0.0022276182271176084 0.043162815523101479 -0.094912368532489341 -0.033989538586877213 0.028961554471149082 0.0035491789372085977
leaf_weight=67 499 4483 308 97 193 999 1399
leaf_count=67 499 4483 308 97 193 999 1399
internal_value=0.00147645 -0.00425174 0.00930488 -0.0578789 0.00586577 0.0105279 0.0141741
internal_weight=8045 4647 3398 164 3090 2591 2398
internal_count=8045 4647 3398 164 3090 2591 2398
is_linear=0
shrinkage=0.02


Tree=504
num_leaves=8
num_cat=2
split_feature=52 32 22 5 64 42 3
split_gain=757.893 749.99 923.833 1386.8 920.98 1125.75 889.124
threshold=1.0000000180025095e-35 1.0000000180025095e-35 11017.200000000003 0 4.5000000000000009 41.035000000000004 1
decision_type=2 2 2 1 2 2 1
left_child=-1 2 3 -2 -3 -6 -5
right_child=1 4 -4 6 5 -7 -8
leaf_value=-0.061514752847261919 0.046271721993907992 -0.013089485007490281 0.0009959740000830533 -0.044012196035638676 0.05861857483074779 -0.001734424281818003 0.012982722605640689
leaf_weight=73 491 2226 3862 119 163 467 585
leaf_count=73 491 2226 3862 119 163 467 585
internal_value=0.000523765 0.00113457 0.00575996 0.0210879 -0.00705116 0.0142193 0.00263143
internal_weight=7986 7913 5057 1195 2856 630 704
internal_count=7986 7913 5057 1195 2856 630 704
cat_boundaries=0 1 2
cat_threshold=5 4
is_linear=0
shrinkage=0.02


Tree=505
num_leaves=8
num_cat=0
split_feature=40 30 0 57 42 42 56
split_gain=722.916 722.925 825.053 971.765 1001.62 780.324 674.126
threshold=87.625000000000014 1.0000000180025095e-35 46.500000000000007 56.945000000000007 18.605000000000004 43.375000000000007 53.175000000000004
decision_type=2 2 2 2 2 2 2
left_child=1 -1 6 4 -4 -5 -3
right_child=-2 2 3 5 -6 -7 -8
leaf_value=-0.003811397796495098 0.033710393216505374 0.0028040936170223934 0.10833122851298406 -0.085118403887307195 0.025717159911003123 0.017042496923519217 -0.064324262724036269
leaf_weight=5635 257 1188 60 49 697 64 58
leaf_count=5635 257 1188 60 49 697 64 58
internal_value=0.00103622 -6.81942e-05 0.00988561 0.0247709 0.032933 -0.028987 -0.000565264
internal_weight=8008 7751 2116 870 757 113 1246
internal_count=8008 7751 2116 870 757 113 1246
is_linear=0
shrinkage=0.02


Tree=506
num_leaves=8
num_cat=0
split_feature=16 50 12 42 55 17 0
split_gain=786.269 1080.37 908.204 843.699 715.486 709.156 786.776
threshold=0.60625000000000007 3.5000000000000004 85.185000000000016 42.065000000000005 43.57500000000001 4882.1500000000005 23.500000000000004
decision_type=2 2 2 2 2 2 2
left_child=1 -1 5 4 -3 -2 -7
right_child=2 3 -4 -5 -6 6 -8
leaf_value=-0.0074792561316937472 0.025489855571020219 0.13640307408814528 0.071850648051363306 0.0023747376554335156 0.022849700164794925 -0.029833656594013477 0.0063180978218968101
leaf_weight=5826 520 44 82 115 45 306 1062
leaf_count=5826 520 44 82 115 45 306 1062
internal_value=-0.00229906 -0.00588241 0.00865637 0.0388096 0.0832578 0.00572917 -0.00184767
internal_weight=8000 6030 1970 204 89 1888 1368
internal_count=8000 6030 1970 204 89 1888 1368
is_linear=0
shrinkage=0.02


Tree=507
num_leaves=8
num_cat=0
split_feature=52 16 34 44 55 49 28
split_gain=856.737 919.358 844.855 911.041 988.433 1273.05 1142.47
threshold=75.385000000000005 0.17090000000000002 3.5000000000000004 1.0000000180025095e-35 51.57500000000001 54.500000000000007 1.0000000180025095e-35
decision_type=2 2 2 2 2 2 2
left_child=1 -1 3 4 -3 6 -6
right_child=-2 2 -4 -5 5 -7 -8
leaf_value=-0.063417392114798229 0.02173933214083474 -0.0053767724874616432 0.023078380632251382 0.0025729608561480609 -0.079685770558916832 0.051305864261090753 0.0078600938205259391
leaf_weight=85 810 971 622 5167 237 45 78
leaf_count=85 810 971 622 5167 237 45 78
internal_value=0.00230343 0.000104844 0.000907157 -0.00123122 -0.0159536 -0.0440172 -0.0582237
internal_weight=8015 7205 7120 6498 1331 360 315
internal_count=8015 7205 7120 6498 1331 360 315
is_linear=0
shrinkage=0.02


Tree=508
num_leaves=8
num_cat=1
split_feature=15 52 1 48 17 32 42
split_gain=1185.62 1271.5 1073.77 1067.63 1093.48 938.333 888.594
threshold=1.5000000000000002 15.630000000000001 0 14.500000000000002 1796.0500000000002 1.0000000180025095e-35 37.290000000000006
decision_type=2 2 1 2 2 2 2
left_child=5 2 -2 4 6 -1 -3
right_child=1 3 -4 -5 -6 -7 -8
leaf_value=0.012364837157626802 -0.016154419198632239 -0.029603498772544375 -0.14459644170907829 -0.063870804679694596 -0.010367397235710944 -0.0033698017598939767 0.061965841498271924
leaf_weight=3923 55 54 47 121 1238 2466 157
leaf_count=3923 55 54 47 121 1238 2466 157
internal_value=0.00236939 -0.0126004 -0.0793297 -0.00802701 -0.00316012 0.00629376 0.0383882
internal_weight=8061 1672 102 1570 1449 6389 211
internal_count=8061 1672 102 1570 1449 6389 211
cat_boundaries=0 1
cat_threshold=2
is_linear=0
shrinkage=0.02


Tree=509
num_leaves=8
num_cat=0
split_feature=64 54 20 32 48 33 34
split_gain=750.462 698.683 1312.73 1520.96 1015.75 888.254 877.264
threshold=1.0000000180025095e-35 73.02500000000002 697204.45000000007 1.0000000180025095e-35 8.5000000000000018 2.5000000000000004 2.5000000000000004
decision_type=2 2 8 2 2 2 2
left_child=-1 2 -2 4 5 -4 -3
right_child=1 6 3 -5 -6 -7 -8
leaf_value=-0.067224487501071462 -0.026056126784775164 -0.0063120273313948972 0.094740363802468669 -0.0076318959816524838 -0.0014335391140085155 0.029377823612676601 0.010150363877014392
leaf_weight=62 226 5225 199 287 113 151 1716
leaf_count=62 226 5225 199 287 113 151 1716
internal_value=-0.000570369 -6.28484e-06 0.0157934 0.0284931 0.0507282 0.067352 -0.00223771
internal_weight=7979 7917 976 750 463 350 6941
internal_count=7979 7917 976 750 463 350 6941
is_linear=0
shrinkage=0.02


Tree=510
num_leaves=8
num_cat=1
split_feature=8 16 5 58 23 22 17
split_gain=961.347 1182.62 858.989 694.856 893.606 762.815 878.609
threshold=24.545000000000005 0.39235000000000003 0 23.905000000000005 14.050000000000002 27334.000000000004 2136.2000000000003
decision_type=2 2 1 2 2 2 2
left_child=2 -2 -1 -4 -5 6 -6
right_child=1 -3 3 4 5 -7 -8
leaf_value=0.030412166437618376 -0.022212784645957964 0.0015152415040968273 -0.020539471624180791 0.00067960646837613207 0.075628598704166022 0.086454780028263734 0.011117022006717674
leaf_weight=612 1142 3139 378 1921 92 70 675
leaf_count=612 1142 3139 378 1921 92 70 675
internal_value=0.00164006 -0.00483298 0.00903021 0.00470389 0.00821157 0.0253915 0.0192948
internal_weight=8029 4281 3748 3136 2758 837 767
internal_count=8029 4281 3748 3136 2758 837 767
cat_boundaries=0 1
cat_threshold=1
is_linear=0
shrinkage=0.02


Tree=511
num_leaves=8
num_cat=0
split_feature=43 22 41 38 35 10 23
split_gain=889.329 1055.4 938.702 1136.91 1180.26 961.939 913.419
threshold=1.0000000180025095e-35 22649.150000000005 79.385000000000005 13597.550000000001 1.0000000180025095e-35 18301.050000000007 10.750000000000002
decision_type=2 2 2 8 2 2 2
left_child=1 2 3 -1 5 -5 -3
right_child=-2 6 -4 4 -6 -7 -8
leaf_value=0.01068292191890406 0.005538440393784815 -0.084119440225282102 0.055610398709999787 -0.041617988067876061 -0.072983291223645205 0.0053644418698881114 -0.009030525861794491
leaf_weight=726 6029 128 94 274 151 462 129
leaf_count=726 6029 128 94 274 151 462 129
internal_value=0.00173093 -0.00994157 -0.00419216 -0.00783832 -0.0229727 -0.0122891 -0.0473205
internal_weight=7993 1964 1707 1613 887 736 257
internal_count=7993 1964 1707 1613 887 736 257
is_linear=0
shrinkage=0.02


Tree=512
num_leaves=8
num_cat=1
split_feature=64 52 64 22 2 54 33
split_gain=1141.05 565.557 1002 1249.71 913.754 843.413 837.221
threshold=1.0000000180025095e-35 63.135000000000012 2.5000000000000004 19201.050000000003 0 76.725000000000009 1.0000000180025095e-35
decision_type=2 2 2 2 1 2 2
left_child=-1 4 3 -3 6 -6 -2
right_child=1 2 -4 -5 5 -7 -8
leaf_value=-0.087001853060097473 -0.075311105738083514 0.01495360962519742 -0.00013123044859311689 0.08877904788059883 0.018562652354115038 -0.0033710023128955902 -0.012630730512177984
leaf_weight=57 85 391 1406 116 884 3316 1727
leaf_count=57 85 391 1406 116 884 3316 1727
internal_value=-0.00153533 -0.000866154 0.00859162 0.0325467 -0.00388023 0.0012591 -0.0156839
internal_weight=7982 7925 1913 507 6012 4200 1812
internal_count=7982 7925 1913 507 6012 4200 1812
cat_boundaries=0 1
cat_threshold=13
is_linear=0
shrinkage=0.02


Tree=513
num_leaves=8
num_cat=0
split_feature=55 34 54 52 33 14 22
split_gain=1070.5 1089.57 872.439 1313.11 1165.19 1001.22 1122.73
threshold=55.055000000000007 1.5000000000000002 73.02500000000002 16.355000000000004 2.5000000000000004 14.715000000000002 13821.300000000001
decision_type=2 2 2 2 2 2 2
left_child=2 -2 3 -1 5 6 -5
right_child=1 -3 -4 4 -6 -7 -8
leaf_value=-0.071966144949720617 -0.038975138360580065 -0.00072379709204438067 -0.00042328776106274066 -0.051543037374654127 0.007372510216043641 0.084214925437723062 0.062256591229499149
leaf_weight=52 543 653 5943 57 475 197 74
leaf_count=52 543 653 5943 57 475 197 74
internal_value=-0.000772796 -0.0181804 0.0023009 0.0211288 0.0275654 0.0562583 0.0126662
internal_weight=7994 1196 6798 855 803 328 131
internal_count=7994 1196 6798 855 803 328 131
is_linear=0
shrinkage=0.02


Tree=514
num_leaves=8
num_cat=1
split_feature=15 51 56 68 16 2 14
split_gain=497.856 488.899 822.744 653.452 1220.19 830.492 771.852
threshold=6.5000000000000009 31.735000000000003 39.275000000000013 183226.75000000003 0.61205000000000009 0 27.565000000000001
decision_type=2 2 2 2 2 1 2
left_child=1 2 -1 4 5 -3 -5
right_child=-2 3 -4 6 -6 -7 -8
leaf_value=0.0048208953884927947 -0.053546836174268655 0.00035713046157080349 -0.011625288300117114 0.018092836063135206 0.04024342261460321 -0.05050983879458288 -0.0077682610766672154
leaf_weight=2392 64 262 2467 1792 140 246 618
leaf_count=2392 64 262 2467 1792 140 246 618
internal_value=-5.66497e-05 0.000409281 -0.00353249 0.00666809 -0.0111008 -0.0255052 0.0114589
internal_weight=7981 7917 4859 3058 648 508 2410
internal_count=7981 7917 4859 3058 648 508 2410
cat_boundaries=0 1
cat_threshold=86
is_linear=0
shrinkage=0.02


Tree=515
num_leaves=8
num_cat=0
split_feature=45 64 41 53 48 40 51
split_gain=1009.79 1069.57 1522.38 1599.06 1217.11 1060.31 1847.57
threshold=1.0000000180025095e-35 2.5000000000000004 58.735000000000007 72.585000000000022 7.5000000000000009 56.695000000000007 19.905000000000005
decision_type=2 2 2 2 2 2 2
left_child=1 2 4 5 -1 6 -4
right_child=-2 -3 3 -5 -6 -7 -8
leaf_value=0.021629883959702109 -0.0051001262464170985 -0.0015705814119743033 -0.048905641123749767 -0.017018630248136248 -0.022514250924413549 0.10467251716026416 0.090932036394422711
leaf_weight=890 4561 1771 62 99 342 187 83
leaf_count=890 4561 1771 62 99 342 187 83
internal_value=0.00106529 0.00924963 0.0207427 0.0528728 0.00933412 0.0736572 0.0315023
internal_weight=7995 3434 1663 431 1232 332 145
internal_count=7995 3434 1663 431 1232 332 145
is_linear=0
shrinkage=0.02


Tree=516
num_leaves=8
num_cat=0
split_feature=43 40 8 38 38 14 8
split_gain=838.279 1067.07 1125.25 1154.39 979.624 852.605 792.151
threshold=1.0000000180025095e-35 35.005000000000003 49.745000000000005 11757.400000000003 6710.0500000000002 16.115000000000006 24.545000000000005
decision_type=2 2 2 8 10 2 2
left_child=1 2 3 4 5 -1 -2
right_child=6 -3 -4 -5 -6 -7 -8
leaf_value=-0.054166515164239253 0.011472153046178782 -0.0017037209493767226 -0.12688139090935388 -0.048890466496617678 0.0934821123253399 0.030469558439923054 -0.0030137724881311783
leaf_weight=87 2795 1391 43 327 40 94 3274
leaf_count=87 2795 1391 43 327 40 94 3274
internal_value=-2.7384e-05 -0.0113037 -0.0336948 -0.0253016 0.00991089 -0.0105744 0.00366149
internal_weight=8051 1982 591 548 221 181 6069
internal_count=8051 1982 591 548 221 181 6069
is_linear=0
shrinkage=0.02


Tree=517
num_leaves=8
num_cat=1
split_feature=14 34 38 2 52 23 41
split_gain=630.367 881.075 802.651 763.436 640.669 745.218 853.723
threshold=43.180000000000007 1.5000000000000002 8444.8500000000004 0 2.8800000000000003 2.9500000000000006 53.705000000000005
decision_type=2 2 8 1 2 2 2
left_child=4 2 -2 -3 -1 6 -6
right_child=1 3 -4 -5 5 -7 -8
leaf_value=-0.048481674078885498 0.010224400609731675 -0.038342672985667986 -0.080217052957898854 0.028302163588149205 0.069776318861404438 -0.001205410419744517 -0.0074531232029478121
leaf_weight=106 52 105 143 146 123 7205 102
leaf_count=106 52 105 143 146 123 7205 102
internal_value=-0.00216256 -0.0251304 -0.0564467 -0.00017372 -0.000787507 -7.49327e-05 0.0353647
internal_weight=7982 446 195 251 7536 7430 225
internal_count=7982 446 195 251 7536 7430 225
cat_boundaries=0 1
cat_threshold=53
is_linear=0
shrinkage=0.02


Tree=518
num_leaves=8
num_cat=1
split_feature=16 34 40 9 18 2 47
split_gain=1121.17 616.758 776.874 1276.1 1259.98 920.146 860.16
threshold=0.17090000000000002 3.5000000000000004 20.080000000000002 12.500000000000002 809283.25000000012 0 2.5000000000000004
decision_type=2 2 2 2 2 1 2
left_child=-1 2 3 4 5 -2 -7
right_child=1 -3 -4 -5 -6 6 -8
leaf_value=-0.064137792243843986 -0.0051465775134234594 0.019654093403100797 0.0017660469924140223 0.043475536990420602 0.040627629521866923 -0.034204157611071054 -0.11169092150589892
leaf_weight=100 130 689 6644 90 66 113 126
leaf_count=100 130 689 6644 90 66 113 126
internal_value=0.00078473 0.00165119 -9.15348e-05 -0.0233946 -0.0375666 -0.0519087 -0.0734945
internal_weight=7958 7858 7169 525 435 369 239
internal_count=7958 7858 7169 525 435 369 239
cat_boundaries=0 1
cat_threshold=130
is_linear=0
shrinkage=0.02


Tree=519
num_leaves=8
num_cat=0
split_feature=9 41 56 0 55 16 44
split_gain=857.467 948.7 1189.4 1110.03 1262.82 1230.55 988.422
threshold=12.500000000000002 14.405000000000003 33.815000000000005 68.500000000000014 51.185000000000009 0.26345000000000002 1.0000000180025095e-35
decision_type=2 2 2 2 2 2 2
left_child=1 2 -1 5 -5 -3 -4
right_child=-2 3 6 4 -6 -7 -8
leaf_value=-0.13156877178318646 0.016746739586736146 -0.038605260657773942 -0.09196198135614396 0.067059133908368596 -0.033293047437155748 -0.0016652930215237233 0.011784570641874327
leaf_weight=44 937 378 47 175 66 6211 122
leaf_count=44 937 378 47 175 66 6211 122
internal_value=-0.00117561 -0.00357019 -0.0446434 -0.00225756 0.0394587 -0.00381214 -0.0188815
internal_weight=7980 7043 213 6830 241 6589 169
internal_count=7980 7043 213 6830 241 6589 169
is_linear=0
shrinkage=0.02


Tree=520
num_leaves=8
num_cat=0
split_feature=40 12 8 9 52 17 40
split_gain=762.102 770.184 738.068 1112.82 852.042 933.601 1483.92
threshold=5.6100000000000003 49.82500000000001 24.545000000000005 10.500000000000002 68.485000000000014 2537.6500000000001 43.535000000000004
decision_type=2 2 2 2 2 2 2
left_child=1 -1 -2 4 5 6 -4
right_child=2 -3 3 -5 -6 -7 -8
leaf_value=-0.089691240783423595 0.0085593777725594729 0.010661870169320279 -0.11208810039099895 0.020720979510436929 0.0122664874020192 -0.0095086435261345845 -0.007771482575822759
leaf_weight=68 3638 51 90 625 661 2646 130
leaf_count=68 3638 51 90 625 661 2646 130
internal_value=0.00120675 -0.0479871 0.00198853 -0.00377225 -0.00813575 -0.0128544 -0.051989
internal_weight=7909 119 7790 4152 3527 2866 220
internal_count=7909 119 7790 4152 3527 2866 220
is_linear=0
shrinkage=0.02


Tree=521
num_leaves=8
num_cat=0
split_feature=54 67 45 64 16 17 48
split_gain=1075.98 1704.74 928.027 1029.57 897.92 1177.53 1049.02
threshold=82.955000000000013 12.852539548378049 1.0000000180025095e-35 4.5000000000000009 0.48145000000000004 9404.5000000000018 6.5000000000000009
decision_type=2 2 2 2 2 2 2
left_child=1 4 -2 -4 5 -1 -6
right_child=2 -3 3 -5 6 -7 -8
leaf_value=-0.031797232410276405 0.0023937211444122019 0.038648851385468558 -0.020009962233774856 0.014614670424133993 0.026692787340416028 0.0065786711860565377 -0.012943012853536535
leaf_weight=586 2198 575 2366 398 773 694 403
leaf_count=586 2198 575 2366 398 773 694 403
internal_value=-0.00157185 0.00780926 -0.00730432 -0.0150068 0.00052522 -0.0110457 0.0131128
internal_weight=7993 3031 4962 2764 2456 1280 1176
internal_count=7993 3031 4962 2764 2456 1280 1176
is_linear=0
shrinkage=0.02


Tree=522
num_leaves=8
num_cat=0
split_feature=40 41 50 48 49 40 68
split_gain=931.616 708.298 690.065 680.939 695.833 833.436 775.904
threshold=5.6100000000000003 26.915000000000003 3.5000000000000004 17.500000000000004 9.5000000000000018 36.405000000000008 675107.10000000009
decision_type=2 2 2 2 2 2 2
left_child=1 -1 3 4 5 -2 -7
right_child=2 -3 -4 -5 -6 6 -8
leaf_value=-0.0087549488267728258 -0.052893040991627449 -0.10701875135031613 0.034621160018194722 -0.02269952604388879 0.0045669326364599491 0.017319427586516091 -0.029104372018976421
leaf_weight=65 178 50 246 454 6402 312 259
leaf_count=65 178 50 246 454 6402 312 259
internal_value=0.00114911 -0.0541573 0.00199318 0.000915707 0.0024298 -0.0157463 -0.0038078
internal_weight=7966 115 7851 7605 7151 749 571
internal_count=7966 115 7851 7605 7151 749 571
is_linear=0
shrinkage=0.02


Tree=523
num_leaves=8
num_cat=0
split_feature=48 12 9 23 12 22 50
split_gain=859.233 755.906 763.225 1101.4 803.959 1207.64 769.974
threshold=18.500000000000004 77.385000000000005 2.5000000000000004 21.150000000000002 72.865000000000023 13821.300000000001 1.5000000000000002
decision_type=2 2 2 2 2 2 2
left_child=1 2 4 -4 -1 -6 -5
right_child=-2 -3 3 6 5 -7 -8
leaf_value=-0.0068590536672239457 -0.028781205776202329 0.021795467523372674 0.0012752644030315141 0.016876281432314608 0.016371009886568907 -0.1180901649594307 0.078565447216884035
leaf_weight=2672 403 636 3855 252 44 59 117
leaf_count=2672 403 636 3855 252 44 59 117
internal_value=-0.000502848 0.00100763 -0.000895569 0.00445607 -0.00903499 -0.0625518 0.0372251
internal_weight=8038 7635 6999 4224 2775 103 369
internal_count=8038 7635 6999 4224 2775 103 369
is_linear=0
shrinkage=0.02


Tree=524
num_leaves=8
num_cat=0
split_feature=45 64 64 23 51 40 9
split_gain=998.942 905.697 1297.14 1688.39 1373.53 1558.81 1326
threshold=1.0000000180025095e-35 1.5000000000000002 2.5000000000000004 4.3500000000000005 16.240000000000006 58.445000000000007 1.5000000000000002
decision_type=2 2 2 2 2 2 2
left_child=1 -1 3 -3 5 -5 -6
right_child=-2 2 -4 4 6 -7 -8
leaf_value=-0.015662923039292551 -0.0048266677007077477 0.10429541959183979 0.0028155454862494505 -0.040060738055074763 -0.01467822143099814 0.049199447333812714 0.051477449963279263
leaf_weight=487 4521 106 1765 232 151 112 572
leaf_count=487 4521 106 1765 232 151 112 572
internal_value=0.00134364 0.00948361 0.0136714 0.0299248 0.0220845 -0.0107108 0.0376548
internal_weight=7946 3425 2938 1173 1067 344 723
internal_count=7946 3425 2938 1173 1067 344 723
is_linear=0
shrinkage=0.02


Tree=525
num_leaves=8
num_cat=0
split_feature=16 46 47 0 13 16 55
split_gain=890.508 741.211 722.617 717.767 1281.33 1070.9 1016.63
threshold=0.77885000000000015 7.5000000000000009 6.5000000000000009 21.500000000000004 301.95000000000005 0.67360000000000009 37.865000000000002
decision_type=2 2 2 2 2 2 2
left_child=3 2 -2 4 5 -1 -6
right_child=1 -3 -4 -5 6 -7 -8
leaf_value=-0.011503545159831744 0.051431433190676307 0.095515675192529501 -0.02471464342478177 0.0016339144035786863 0.02329357639301655 0.081571941285117244 -0.053888198824712401
leaf_weight=146 105 61 87 7095 81 69 359
leaf_count=146 105 61 87 7095 81 69 359
internal_value=0.000995975 0.0375494 0.0171762 -0.000220758 -0.0201709 0.0195422 -0.0395777
internal_weight=8003 253 192 7750 655 215 440
internal_count=8003 253 192 7750 655 215 440
is_linear=0
shrinkage=0.02


Tree=526
num_leaves=8
num_cat=0
split_feature=55 42 42 32 17 8 17
split_gain=886.031 1016.62 1684.15 825.628 1282.58 1318.27 1146.34
threshold=55.055000000000007 28.025000000000002 22.760000000000002 1.0000000180025095e-35 32516.500000000004 49.745000000000005 5100.5500000000002
decision_type=2 2 2 2 2 2 2
left_child=3 2 -2 4 5 -1 -7
right_child=1 -3 -4 -5 -6 6 -8
leaf_value=0.0072588261198019066 -0.012332244952187295 -0.0071677611229415605 -0.13654266636440718 -0.0058966676606977608 0.033491710289399818 -0.10509027697443962 -0.012803895720972283
leaf_weight=3427 122 1012 64 2440 692 70 197
leaf_count=3427 122 1012 64 2440 692 70 197
internal_value=0.000634357 -0.0151931 -0.0575269 0.00342124 0.00860575 0.00390488 -0.0384859
internal_weight=8024 1198 186 6826 4386 3694 267
internal_count=8024 1198 186 6826 4386 3694 267
is_linear=0
shrinkage=0.02


Tree=527
num_leaves=8
num_cat=0
split_feature=44 57 57 26 21 42 55
split_gain=962.945 1173.53 1233.84 1198.37 949.167 902.047 921.711
threshold=1.0000000180025095e-35 11.340000000000002 18.535000000000004 1.0000000180025095e-35 297922.30000000005 86.065000000000012 51.095000000000006
decision_type=2 2 2 2 10 2 2
left_child=1 -1 3 4 -3 6 -4
right_child=-2 2 5 -5 -6 -7 -8
leaf_value=0.036187346297904759 0.0024771901509638016 -0.14944550850869795 -0.0045813669696835686 0.00162560245755947 -0.02534314677450392 0.072602337258893465 -0.0411115494445864
leaf_weight=158 6312 71 831 61 40 42 410
leaf_count=158 6312 71 831 61 40 42 410
internal_value=-0.00104957 -0.0148155 -0.0204589 -0.0700057 -0.107744 -0.0135707 -0.0167667
internal_weight=7925 1613 1455 172 111 1283 1241
internal_count=7925 1613 1455 172 111 1283 1241
is_linear=0
shrinkage=0.02


Tree=528
num_leaves=8
num_cat=0
split_feature=54 67 66 51 10 13 46
split_gain=885.906 943.501 802.298 1201.04 846.815 800.86 862.767
threshold=73.170000000000016 15.7844756147105 0.43750000000000006 36.290000000000006 32033.900000000005 321.05000000000007 2.5000000000000004
decision_type=2 2 2 2 2 2 2
left_child=1 2 3 5 -5 -1 -7
right_child=-2 -3 -4 4 -6 6 -8
leaf_value=0.040487193950479304 -0.0023843478265368439 0.065007798294569111 -0.018274321081843358 0.032232042180362692 0.11807347653568656 -0.091406886397667655 -0.00099095940764801042
leaf_weight=131 6962 139 277 156 64 48 208
leaf_count=131 6962 139 277 156 64 48 208
internal_value=0.000173099 0.0175047 0.00971169 0.0225279 0.059273 0.00114954 -0.0193703
internal_weight=7985 1023 884 607 220 387 256
internal_count=7985 1023 884 607 220 387 256
is_linear=0
shrinkage=0.02


Tree=529
num_leaves=8
num_cat=0
split_feature=14 66 22 23 54 64 64
split_gain=712.881 1636.25 721.113 1093.64 811.643 728.343 729.132
threshold=43.180000000000007 0.31250000000000006 7121.0500000000011 7.9500000000000011 90.515000000000015 1.0000000180025095e-35 2.5000000000000004
decision_type=2 2 2 2 2 2 2
left_child=2 -2 3 -1 -5 -4 -7
right_child=1 -3 5 4 -6 6 -8
leaf_value=-0.085278257679032243 -0.06460471696035873 0.012522195739836633 -0.066229728056212606 0.02544405778947597 -0.055345740397705845 0.014335046008160235 0.00029885506679564383
leaf_weight=87 202 232 54 139 71 2073 5148
leaf_count=87 202 232 54 139 71 2073 5148
internal_value=0.00107693 -0.0237025 0.00251191 -0.0277746 -0.00252247 0.00376658 0.00433549
internal_weight=8006 434 7572 297 210 7275 7221
internal_count=8006 434 7572 297 210 7275 7221
is_linear=0
shrinkage=0.02


Tree=530
num_leaves=8
num_cat=0
split_feature=52 65 14 10 58 8 48
split_gain=783.095 1117.29 879.412 935.479 1357.14 874.545 769.978
threshold=15.630000000000001 0.69047619047619058 14.525 12490.300000000001 53.955000000000005 8.5850000000000026 3.5000000000000004
decision_type=2 2 2 2 2 2 2
left_child=1 2 6 -4 -5 -2 -1
right_child=5 -3 3 4 -6 -7 -8
leaf_value=-0.050371868013025962 0.032105573376055276 0.037664143409993918 -0.14306165752666336 -0.012021895385781925 -0.13720189573972122 -0.00026561504590373629 0.044068374429146448
leaf_weight=59 345 85 44 145 41 7224 70
leaf_count=59 345 85 44 145 41 7224 70
internal_value=-0.000291428 -0.0259543 -0.0413276 -0.06436 -0.0424847 0.00123011 0.000606929
internal_weight=8013 444 359 230 186 7569 129
internal_count=8013 444 359 230 186 7569 129
is_linear=0
shrinkage=0.02


Tree=531
num_leaves=8
num_cat=1
split_feature=17 8 20 32 23 7 40
split_gain=691.526 1179.32 929.621 925.966 823.626 1078.71 883.027
threshold=43393.55000000001 54.410000000000004 616267.10000000009 1.0000000180025095e-35 22.550000000000004 0 72.590000000000018
decision_type=2 2 8 2 2 1 2
left_child=1 4 -2 -4 6 -6 -1
right_child=2 -3 3 -5 5 -7 -8
leaf_value=-0.006138223074085826 -0.022268219315101225 -0.036833555699155036 0.041743248048899825 0.0009435255087145636 0.042244662448625875 -0.024841365442219852 0.016162246422449473
leaf_weight=5184 224 387 478 413 336 123 818
leaf_count=5184 224 387 478 413 336 123 818
internal_value=-0.000769545 -0.00315025 0.0138009 0.0229424 -0.00110578 0.0245685 -0.00308802
internal_weight=7963 6848 1115 891 6461 459 6002
internal_count=7963 6848 1115 891 6461 459 6002
cat_boundaries=0 1
cat_threshold=14
is_linear=0
shrinkage=0.02


Tree=532
num_leaves=8
num_cat=0
split_feature=66 42 42 64 41 64 45
split_gain=577.602 708.817 655.648 1036.97 906.302 727.188 857.531
threshold=0.68750000000000011 34.155000000000008 80.790000000000006 2.5000000000000004 77.785000000000011 4.5000000000000009 1.0000000180025095e-35
decision_type=2 2 2 2 2 2 2
left_child=2 -2 5 4 -4 6 -1
right_child=1 -3 3 -5 -6 -7 -8
leaf_value=0.0016002067228792314 0.08248795163631438 0.0071897651259179999 0.023670813435545335 0.0044660179218254893 0.13763944094379743 0.019370684718371046 -0.01277037667058389
leaf_weight=3190 65 179 73 493 43 485 3458
leaf_count=3190 65 179 73 493 43 485 3458
internal_value=-0.00148234 0.0285023 -0.00244513 0.0173894 0.0698596 -0.00414955 -0.00587872
internal_weight=7986 244 7742 609 116 7133 6648
internal_count=7986 244 7742 609 116 7133 6648
is_linear=0
shrinkage=0.02


Tree=533
num_leaves=8
num_cat=2
split_feature=16 21 2 14 14 2 34
split_gain=727.189 1258.65 808.064 1385.86 803.607 889.322 1021.53
threshold=0.32410000000000005 290143.85000000003 0 23.725000000000005 33.665000000000006 1 1.5000000000000002
decision_type=2 10 1 2 2 1 2
left_child=1 2 3 -1 -2 6 -6
right_child=4 -3 -4 -5 5 -7 -8
leaf_value=-0.033086268725617304 0.0036744022953629231 0.012673225337133059 -0.047218666649772541 0.048038945113939628 -0.031464914394335616 -0.03690041423734948 0.031975717861764931
leaf_weight=258 5890 418 452 119 175 424 228
leaf_count=258 5890 418 452 119 175 424 228
internal_value=-0.00152933 -0.0155233 -0.0297314 -0.00700219 0.00107825 -0.0173229 0.0042743
internal_weight=7964 1247 829 377 6717 827 403
internal_count=7964 1247 829 377 6717 827 403
cat_boundaries=0 1 2
cat_threshold=146 194
is_linear=0
shrinkage=0.02


Tree=534
num_leaves=8
num_cat=0
split_feature=12 62 0 64 23 51 49
split_gain=752.885 2009.39 1214.59 702.309 672.04 591.138 543.927
threshold=7.3150000000000004 1.0000000180025095e-35 40.500000000000007 1.0000000180025095e-35 6.5500000000000007 13.335000000000003 4.5000000000000009
decision_type=2 2 2 2 2 2 2
left_child=1 4 -3 -2 -1 -6 -5
right_child=3 2 -4 6 5 -7 -8
leaf_value=-0.062527809597977851 -0.067932861631115282 -0.16736152944741428 -0.034508588327204479 -0.041845814037941777 -0.035305647776936587 0.043834295279401185 0.0014300888869384595
leaf_weight=42 55 49 63 113 48 131 7508
leaf_count=42 55 49 63 113 48 131 7508
internal_value=-0.00106091 -0.0302741 -0.0973001 0.000225294 0.00509495 0.0222297 0.000761402
internal_weight=8009 333 112 7676 221 179 7621
internal_count=8009 333 112 7676 221 179 7621
is_linear=0
shrinkage=0.02


Tree=535
num_leaves=8
num_cat=0
split_feature=12 22 30 55 22 32 17
split_gain=704.727 1217.43 809.811 698.967 1046.64 662.331 1035.28
threshold=22.085000000000004 28469.050000000003 1.0000000180025095e-35 44.165000000000006 12431.850000000002 1.0000000180025095e-35 1139.8000000000002
decision_type=2 2 2 2 2 2 2
left_child=1 2 -1 -4 -5 -2 -7
right_child=5 -3 3 4 -6 6 -8
leaf_value=-0.018608837405076392 0.0081833088539719177 -0.10348955671123246 0.052539946182275851 -0.081988483279381158 0.025783273063072591 -0.095765493305361993 -0.0029159221126700968
leaf_weight=840 4307 52 134 48 108 44 2468
leaf_count=840 4307 52 134 48 108 44 2468
internal_value=0.000953116 -0.0132706 -0.00868132 0.0199023 -0.00889366 0.00342656 -0.00472927
internal_weight=8001 1182 1130 290 156 6819 2512
internal_count=8001 1182 1130 290 156 6819 2512
is_linear=0
shrinkage=0.02


Tree=536
num_leaves=8
num_cat=0
split_feature=45 32 0 52 41 53 68
split_gain=1018.95 1056.13 1096.39 1189.68 1421.22 1298.51 1008.15
threshold=1.0000000180025095e-35 1.0000000180025095e-35 44.500000000000007 63.135000000000012 34.030000000000008 55.665000000000006 838565.95000000007
decision_type=2 2 2 2 2 2 2
left_child=1 2 3 -1 -5 -6 -7
right_child=-2 -3 -4 4 5 6 -8
leaf_value=-0.0071235048669913027 -0.0059661350946529244 -0.0064927067829801243 0.032254343489950127 0.12632812787920741 0.083030708014692478 -0.039189177845722775 0.066938115952846905
leaf_weight=943 4595 1230 987 54 77 137 43
leaf_count=943 4595 1230 987 54 77 137 43
internal_value=0.000209461 0.0083817 0.016542 0.00409608 0.03769 0.0170102 -0.0127126
internal_weight=8066 3471 2241 1254 311 257 180
internal_count=8066 3471 2241 1254 311 257 180
is_linear=0
shrinkage=0.02


Tree=537
num_leaves=8
num_cat=1
split_feature=44 33 41 54 54 13 2
split_gain=813.47 1098.85 1023.42 865.204 1110.99 957.678 916.966
threshold=1.0000000180025095e-35 4.5000000000000009 15.475000000000003 98.240000000000023 91.27500000000002 354.85000000000008 0
decision_type=2 2 2 2 2 2 1
left_child=1 2 -1 4 -4 -6 -5
right_child=-2 -3 3 6 5 -7 -8
leaf_value=-0.087768243519188494 0.0036913676748016929 0.035255919422276995 -0.0099932659632829303 -0.02223387114324812 -0.022923433817451513 -0.10052007543805398 0.054403333344780806
leaf_weight=74 6404 171 908 103 153 109 126
leaf_count=74 6404 171 908 103 153 109 126
internal_value=0.000468342 -0.0120597 -0.0176532 -0.0136451 -0.0206 -0.0564839 0.0215695
internal_weight=8048 1644 1473 1399 1170 262 229
internal_count=8048 1644 1473 1399 1170 262 229
cat_boundaries=0 1
cat_threshold=67
is_linear=0
shrinkage=0.02


Tree=538
num_leaves=8
num_cat=0
split_feature=10 8 48 57 57 67 12
split_gain=687.007 1066.65 1117.98 862.515 1427.5 899.21 761.354
threshold=14569.450000000003 8.5850000000000026 8.5000000000000018 11.665000000000001 20.990000000000006 3.8646929379165482 43.515000000000008
decision_type=2 2 2 2 2 2 2
left_child=3 2 -2 -1 5 -5 -6
right_child=1 -3 -4 4 6 -7 -8
leaf_value=0.038222491926824052 0.074318668083572875 -0.00047265873380754125 -0.03649384833574295 -0.090568129299888875 -0.024153722663608827 0.0092628242659802528 0.0060558603816030041
leaf_weight=115 142 6155 45 149 707 46 625
leaf_count=115 142 6155 45 149 707 46 625
internal_value=-0.00201303 0.000975039 0.0473966 -0.0135219 -0.0175309 -0.0673754 -0.0100092
internal_weight=7984 6342 187 1642 1527 195 1332
internal_count=7984 6342 187 1642 1527 195 1332
is_linear=0
shrinkage=0.02


Tree=539
num_leaves=8
num_cat=0
split_feature=13 0 53 10 12 23 38
split_gain=786.152 826.769 1084.2 1067.89 657.021 958.293 995.369
threshold=431.15000000000003 40.500000000000007 76.620000000000019 20519.950000000001 14.375000000000002 18.750000000000004 1608.95
decision_type=2 2 2 2 2 2 8
left_child=4 2 3 -2 5 6 -1
right_child=1 -3 -4 -5 -6 -7 -8
leaf_value=-0.097314533127355385 0.099124089557191597 0.042080083217282419 -0.088473042226305199 -0.013062605656512821 0.00071944300720991274 -0.080298302150938833 -0.0019291981053774401
leaf_weight=43 41 349 46 126 6804 87 498
leaf_count=43 41 349 46 126 6804 87 498
internal_value=0.000637891 0.0233382 -0.00763128 0.0165611 -0.00109322 -0.0205828 -0.0103324
internal_weight=7994 562 213 167 7432 628 541
internal_count=7994 562 213 167 7432 628 541
is_linear=0
shrinkage=0.02


Tree=540
num_leaves=8
num_cat=0
split_feature=8 42 40 14 34 48 40
split_gain=919.21 1162.97 762.237 803.746 926.685 776.556 697.905
threshold=54.410000000000004 25.265000000000004 87.625000000000014 43.180000000000007 2.5000000000000004 6.5000000000000009 35.005000000000003
decision_type=2 2 2 2 2 2 2
left_child=2 -2 3 -1 5 -5 -3
right_child=1 6 -4 4 -6 -7 -8
leaf_value=0.0023953221837549475 -0.10248242740245428 -0.068897627157388966 0.036363285198250418 -0.019302338925366466 0.021185772661435402 -0.087306766595926372 -0.0030875156921943152
leaf_weight=6809 63 72 244 180 113 106 399
leaf_count=6809 63 72 244 180 113 106 399
internal_value=0.000136759 -0.0250859 0.00195979 0.000770784 -0.0266388 -0.0455738 -0.0137657
internal_weight=7986 534 7452 7208 399 286 471
internal_count=7986 534 7452 7208 399 286 471
is_linear=0
shrinkage=0.02


Tree=541
num_leaves=8
num_cat=0
split_feature=51 8 12 23 49 21 21
split_gain=619.436 1077.11 1012.07 863.315 881.28 920.799 829.075
threshold=31.735000000000003 6.9350000000000014 11.290000000000001 22.850000000000005 32.500000000000007 240675.30000000002 357311.15000000008
decision_type=2 2 2 2 2 8 8
left_child=2 -2 -1 4 5 -3 -6
right_child=1 3 -4 -5 6 -7 -8
leaf_value=-0.042102881816693687 0.08336966329174382 -0.023120033741818143 -0.0033252676522198357 0.043559831208323394 0.0064629334821540534 0.015412333763704265 -0.029864723468133784
leaf_weight=281 65 290 4614 201 448 1566 563
leaf_count=281 65 290 4614 201 448 1566 563
internal_value=-0.0011496 0.00578907 -0.00559201 0.00401244 0.00116884 0.00934571 -0.0138144
internal_weight=8028 3133 4895 3068 2867 1856 1011
internal_count=8028 3133 4895 3068 2867 1856 1011
is_linear=0
shrinkage=0.02


Tree=542
num_leaves=8
num_cat=0
split_feature=16 43 40 14 38 17 68
split_gain=832.119 667.943 917.655 866.649 1047.48 879.622 1119.3
threshold=0.79410000000000014 1.0000000180025095e-35 73.395000000000024 34.32500000000001 21048.650000000005 32516.500000000004 280733.95000000007
decision_type=2 2 2 2 8 2 2
left_child=1 2 3 5 -5 -1 -7
right_child=-2 -3 -4 4 -6 6 -8
leaf_value=-0.01583528356173166 0.040629859710274968 0.0032190740275691004 0.031530246470498027 -0.006798764477399263 -0.095267967998914363 -0.043385899220452162 0.054540370310225142
leaf_weight=1293 201 5935 184 105 106 61 159
leaf_count=1293 201 5935 184 105 106 61 159
internal_value=0.000951002 -9.11237e-05 -0.0103693 -0.0149194 -0.0524195 -0.00953429 0.0270273
internal_weight=8044 7843 1908 1724 211 1513 220
internal_count=8044 7843 1908 1724 211 1513 220
is_linear=0
shrinkage=0.02


Tree=543
num_leaves=8
num_cat=0
split_feature=55 9 12 56 8 12 38
split_gain=806.139 641.375 775.86 1122.54 849.84 994.341 991.421
threshold=37.995000000000012 23.500000000000004 45.970000000000006 27.365000000000006 34.155000000000008 49.605000000000011 2323.2500000000005
decision_type=2 2 2 2 2 2 8
left_child=-1 2 -2 -4 6 -6 -5
right_child=1 -3 3 4 5 -7 -8
leaf_value=0.013564271171346431 -0.0097935277067401853 0.042733740004578857 0.056149025535995857 0.04880239498886195 0.034085786786507553 -0.023642207900901741 0.0038564215503256241
leaf_weight=1752 3068 122 154 215 137 756 1834
leaf_count=1752 3068 122 154 215 137 756 1834
internal_value=0.00158756 -0.00175865 -0.00267318 0.00438718 0.00158702 -0.0146454 0.00867989
internal_weight=8038 6286 6164 3096 2942 893 2049
internal_count=8038 6286 6164 3096 2942 893 2049
is_linear=0
shrinkage=0.02


Tree=544
num_leaves=8
num_cat=0
split_feature=14 66 38 54 23 65 55
split_gain=1034.11 1156.01 1034.22 1122.99 754.108 758.864 555.54
threshold=43.180000000000007 0.31250000000000006 61035.600000000006 87.685000000000016 2.9500000000000006 0.61250000000000016 54.735000000000007
decision_type=2 2 8 2 2 2 2
left_child=4 2 -2 -4 5 -1 -6
right_child=1 -3 3 -5 6 -7 -8
leaf_value=0.078153338743835135 -0.0085193402784806433 0.0029093572731528966 -0.022421360512574515 -0.14886662199072642 0.0054949164751515248 0.0013856803271376972 -0.0096351990448739818
leaf_weight=104 88 240 49 68 6201 98 1146
leaf_count=104 88 240 49 68 6201 98 1146
internal_value=0.00243971 -0.0270167 -0.0612872 -0.0990001 0.00419285 0.0418427 0.00312994
internal_weight=7994 445 205 117 7549 202 7347
internal_count=7994 445 205 117 7549 202 7347
is_linear=0
shrinkage=0.02


Tree=545
num_leaves=8
num_cat=1
split_feature=64 52 12 48 2 16 51
split_gain=720.713 695.661 702.711 608.686 646.66 645.844 748.344
threshold=1.0000000180025095e-35 6.910000000000001 23.065000000000001 19.500000000000004 0 0.55135000000000012 61.675000000000004
decision_type=2 2 2 2 1 2 2
left_child=-1 2 -2 5 -5 -3 -7
right_child=1 3 -4 4 -6 6 -8
leaf_value=-0.073357384814215568 -0.07874839016924734 -0.0036587512501434763 0.004384312173956401 0.0076693969166004338 -0.048033044371806402 0.0067076188162973269 0.067412360917244646
leaf_weight=51 87 4808 72 137 198 2555 79
leaf_count=51 87 4808 72 137 198 2555 79
internal_value=-0.00185886 -0.00135348 -0.0421174 -0.000493539 -0.0266626 0.000701567 0.00865257
internal_weight=7987 7936 159 7777 335 7442 2634
internal_count=7987 7936 159 7777 335 7442 2634
cat_boundaries=0 1
cat_threshold=50
is_linear=0
shrinkage=0.02


Tree=546
num_leaves=8
num_cat=0
split_feature=9 40 37 0 14 12 68
split_gain=664.221 1432.01 1188.78 1326.28 1161.7 969.581 921.251
threshold=3.5000000000000004 45.705000000000005 0.64585000000000015 18.500000000000004 10.035000000000002 38.20000000000001 1554047.1000000001
decision_type=2 2 2 2 2 2 2
left_child=1 2 3 -1 -4 -5 -7
right_child=-2 -3 4 5 -6 6 -8
leaf_value=0.02473667965365061 0.0040741665737023536 0.0019032600665825777 -0.073824424584869486 -0.068757746423613444 0.020900563312651114 -0.018671555603924989 -0.10480746860124848
leaf_weight=133 4066 2468 56 342 339 562 50
leaf_count=133 4066 2468 56 342 339 562 50
internal_value=-0.00159796 -0.00743444 -0.0229388 -0.0336964 0.00671626 -0.0419292 -0.0265011
internal_weight=8016 3950 1482 1087 395 954 612
internal_count=8016 3950 1482 1087 395 954 612
is_linear=0
shrinkage=0.02


Tree=547
num_leaves=8
num_cat=1
split_feature=23 18 23 64 41 64 2
split_gain=795.196 929.63 1384.34 804.243 716.186 851.016 803.907
threshold=23.250000000000004 54435.30000000001 25.050000000000004 1.0000000180025095e-35 83.670000000000016 2.5000000000000004 0
decision_type=2 2 2 2 2 2 1
left_child=3 2 -2 -1 6 -6 -5
right_child=1 -3 -4 4 5 -7 -8
leaf_value=-0.07514686811715364 0.065848663418807768 0.05699645347967007 -0.030024313349154879 -0.013183703223252873 0.093276849665812081 0.011382702667050172 0.0014233546430617754
leaf_weight=55 83 197 186 2138 58 271 5020
leaf_count=55 83 197 186 2138 58 271 5020
internal_value=-0.000640877 0.0245718 0.000219119 -0.00221395 -0.00162838 0.0270002 -0.00296216
internal_weight=8008 466 269 7542 7487 329 7158
internal_count=8008 466 269 7542 7487 329 7158
cat_boundaries=0 1
cat_threshold=13
is_linear=0
shrinkage=0.02


Tree=548
num_leaves=8
num_cat=3
split_feature=7 64 41 56 2 3 41
split_gain=694.547 854.003 1501.02 1156.29 922.923 1081.51 1185.63
threshold=0 2.5000000000000004 80.610000000000014 55.295000000000009 1 2 53.935000000000009
decision_type=1 2 2 2 1 1 2
left_child=-1 2 3 4 -2 -6 -7
right_child=1 -3 -4 -5 5 6 -8
leaf_value=-0.019442352919848995 -0.020728884956705627 -0.002503743135168577 0.093400573317300201 0.09334080915602426 0.051816374200795379 -0.00812146284503488 0.030739601905671141
leaf_weight=659 392 5334 83 58 230 861 488
leaf_count=659 392 5334 83 58 230 861 488
internal_value=9.72057e-07 0.00175741 0.012508 0.00897751 0.00626508 0.0130593 0.00595413
internal_weight=8105 7446 2112 2029 1971 1579 1349
internal_count=8105 7446 2112 2029 1971 1579 1349
cat_boundaries=0 1 2 3
cat_threshold=32 65 4
is_linear=0
shrinkage=0.02


Tree=549
num_leaves=8
num_cat=0
split_feature=40 41 16 40 22 17 16
split_gain=840.829 880.646 736.617 708.964 753.219 569.368 658.75
threshold=5.6100000000000003 27.605000000000004 0.77305000000000013 58.645000000000003 19045.250000000004 4954.4500000000016 0.80045000000000011
decision_type=2 2 2 2 2 2 2
left_child=1 -1 -2 4 5 -4 -7
right_child=2 -3 3 -5 -6 6 -8
leaf_value=-0.004066940636990906 -0.00099692157697325997 -0.10908069803796966 0.087075895097520617 -0.0082636232129656359 0.12015945675281378 0.057797642291833963 -0.04417632844427536
leaf_weight=72 7642 53 40 112 47 40 53
leaf_count=72 7642 53 40 112 47 40 53
internal_value=-0.000623111 -0.0510757 0.000203435 0.0311062 0.0551642 0.0286745 0.00039456
internal_weight=8059 125 7934 292 180 133 93
internal_count=8059 125 7934 292 180 133 93
is_linear=0
shrinkage=0.02


Tree=550
num_leaves=8
num_cat=0
split_feature=41 14 14 48 57 8 23
split_gain=667.317 992.288 695.904 668.004 1156.58 1101.25 1064.94
threshold=14.405000000000003 12.895000000000001 22.740000000000006 6.5000000000000009 42.195000000000007 8.5850000000000026 5.2500000000000009
decision_type=2 2 2 2 2 2 2
left_child=1 -1 -3 5 -5 -2 -6
right_child=3 2 -4 4 6 -7 -8
leaf_value=-0.091137180771533544 0.046746612770259377 0.029678485626266116 -0.045686743486186732 0.0033693966257507964 0.028644758480832092 0.0037167651245742701 -0.032548012554160122
leaf_weight=72 245 100 87 1689 128 4952 820
leaf_count=72 245 100 87 1689 128 4952 820
internal_value=0.000576878 -0.0306989 -0.00566114 0.00162981 -0.00656117 0.00578828 -0.0241788
internal_weight=8093 259 187 7834 2637 5197 948
internal_count=8093 259 187 7834 2637 5197 948
is_linear=0
shrinkage=0.02


Tree=551
num_leaves=8
num_cat=0
split_feature=41 51 8 57 58 54 41
split_gain=776.061 837.161 776.085 867.09 673.359 813.885 833.132
threshold=18.610000000000003 54.800000000000004 28.105000000000004 29.325000000000003 31.265000000000004 93.095000000000013 40.82500000000001
decision_type=2 2 2 2 2 2 2
left_child=1 2 3 -1 5 -2 -7
right_child=4 -3 -4 -5 -6 6 -8
leaf_value=-0.064352367355635293 0.00072880935033863199 0.055432326547477553 -0.067353113139786661 0.018907548906059848 0.0058859830078199097 -0.061456130441398395 -0.011774053428029898
leaf_weight=71 1604 41 164 142 5286 181 505
leaf_count=71 1604 41 164 142 5286 181 505
internal_value=0.000492014 -0.0258727 -0.0353247 -0.00968518 0.00196277 -0.00708625 -0.0252324
internal_weight=7994 418 377 213 7576 2290 686
internal_count=7994 418 377 213 7576 2290 686
is_linear=0
shrinkage=0.02


Tree=552
num_leaves=8
num_cat=0
split_feature=34 41 41 16 49 22 16
split_gain=564.406 1413.78 806.531 734.054 816.152 874.081 810.281
threshold=3.5000000000000004 34.600000000000009 11.815000000000001 0.26805000000000007 30.500000000000004 11272.150000000003 0.24975000000000003
decision_type=2 2 2 2 2 2 2
left_child=2 -2 -1 4 6 -6 -4
right_child=1 -3 3 -5 5 -7 -8
leaf_value=-0.043004879339943444 0.070717405099777655 0.0023925346032034754 0.014886087077000294 0.0018678473318409798 0.018123296726833691 -0.076112661222869069 -0.06171046201513529
leaf_weight=173 152 532 244 6691 50 155 66
leaf_count=173 152 532 244 6691 50 155 66
internal_value=0.000667279 0.0179788 -0.000948512 9.02862e-05 -0.0228001 -0.053244 -0.00214224
internal_weight=8063 684 7379 7206 515 205 310
internal_count=8063 684 7379 7206 515 205 310
is_linear=0
shrinkage=0.02


Tree=553
num_leaves=8
num_cat=0
split_feature=54 16 53 20 14 8 37
split_gain=751.192 843.086 975.443 803.658 666.179 751.991 680.996
threshold=73.02500000000002 0.22525000000000003 40.525000000000013 458857.90000000008 25.290000000000003 47.245000000000012 0.15500000000000003
decision_type=2 2 2 8 2 2 2
left_child=3 2 -2 -1 5 -5 -6
right_child=1 -3 -4 4 6 -7 -8
leaf_value=-0.042675438211244698 0.049028983467155028 -0.00075317113366775489 -0.053979613761845471 0.018091904987604955 0.019598739261043743 -0.053467076558333181 0.087719366747747968
leaf_weight=80 40 6780 217 619 137 60 103
leaf_count=80 40 6780 217 619 137 60 103
internal_value=0.00019349 -0.00211409 -0.0373174 0.0163778 0.0217215 0.011424 0.0500274
internal_weight=8036 7037 257 999 919 679 240
internal_count=8036 7037 257 999 919 679 240
is_linear=0
shrinkage=0.02


Tree=554
num_leaves=8
num_cat=0
split_feature=22 12 43 27 51 22 49
split_gain=821.357 767.024 790.338 849.599 1001.05 973.329 1134.68
threshold=7808.0000000000009 79.110000000000014 1.0000000180025095e-35 1.0000000180025095e-35 42.805000000000007 22649.150000000005 7.5000000000000009
decision_type=2 2 2 2 2 2 2
left_child=-1 2 3 5 -5 6 -2
right_child=1 -3 -4 4 -6 -7 -8
leaf_value=-0.027240822164992587 0.053247772556670167 0.022230634410659769 0.0015567143745013304 -0.0041170502755760166 0.080070168801860242 -0.059944723030162413 -0.019235839480653379
leaf_weight=483 89 547 5280 237 69 210 1089
leaf_count=483 89 547 5280 237 69 210 1089
internal_value=-0.00209676 -0.000464978 -0.00225974 -0.0141248 0.0158484 -0.0207659 -0.0135577
internal_weight=8004 7521 6974 1694 306 1388 1178
internal_count=8004 7521 6974 1694 306 1388 1178
is_linear=0
shrinkage=0.02


Tree=555
num_leaves=8
num_cat=0
split_feature=30 16 6 52 41 48 40
split_gain=666.857 678.615 967.874 1038.96 941.214 897.99 834.83
threshold=1.0000000180025095e-35 0.60625000000000007 1.5000000000000002 44.660000000000004 61.680000000000007 8.5000000000000018 59.725000000000001
decision_type=2 2 2 2 2 2 2
left_child=1 -1 3 4 5 -3 -6
right_child=-2 2 -4 -5 6 -7 -8
leaf_value=-0.0074127944610210264 0.009438718338062025 -0.061162432843615652 0.035980346121211003 0.015204639594242753 0.071917421573942361 0.013820705361915438 -0.030678636376415529
leaf_weight=4402 2179 242 371 628 61 84 57
leaf_count=4402 2179 242 371 628 61 84 57
internal_value=8.28483e-06 -0.00351242 0.00837054 -0.0013074 -0.0245715 -0.0419247 0.0231258
internal_weight=8024 5845 1443 1072 444 326 118
internal_count=8024 5845 1443 1072 444 326 118
is_linear=0
shrinkage=0.02


Tree=556
num_leaves=8
num_cat=0
split_feature=13 8 17 9 17 57 48
split_gain=693.044 591.628 885.428 1053.2 735.598 721.566 1297.05
threshold=456.7000000000001 54.410000000000004 21120.350000000002 3.5000000000000004 5035.1000000000013 41.805000000000007 4.5000000000000009
decision_type=2 2 2 2 2 2 2
left_child=1 5 3 -3 -5 -1 -7
right_child=-2 2 -4 4 -6 6 -8
leaf_value=0.0054118477612494498 0.036725459799336474 -0.087314956137376235 0.008237434570325745 -0.072694709184123019 0.018634109484760658 0.0052026158256921915 -0.022754103056942254
leaf_weight=4641 197 124 220 46 110 1443 1222
leaf_count=4641 197 124 220 46 110 1443 1222
internal_value=0.000150022 -0.00079595 -0.0217321 -0.045011 -0.00971744 0.000650738 -0.00763517
internal_weight=8003 7806 500 280 156 7306 2665
internal_count=8003 7806 500 280 156 7306 2665
is_linear=0
shrinkage=0.02


Tree=557
num_leaves=8
num_cat=0
split_feature=48 8 41 48 13 45 48
split_gain=624.943 680.608 935.858 1115.31 1005.71 649.638 603.26
threshold=18.500000000000004 47.245000000000012 53.115000000000002 11.500000000000002 316.25000000000006 1.0000000180025095e-35 1.0000000180025095e-35
decision_type=2 2 2 2 2 2 2
left_child=1 -1 3 4 -3 -2 -6
right_child=5 2 -4 -5 6 -7 -8
leaf_value=0.0049985069145081166 0.0056280203245498315 0.025603378650087577 0.010276941032159133 -0.12092282148552876 -0.097038846078418908 -0.045596676413808858 -0.026339196530461777
leaf_weight=6729 177 125 359 46 57 217 251
leaf_count=6729 177 125 359 46 57 217 251
internal_value=0.00159487 0.00287941 -0.0140653 -0.032227 -0.0215315 -0.0228024 -0.0407644
internal_weight=7961 7567 838 479 433 394 308
internal_count=7961 7567 838 479 433 394 308
is_linear=0
shrinkage=0.02


Tree=558
num_leaves=8
num_cat=0
split_feature=21 54 53 27 47 54 55
split_gain=682.476 834.082 967.314 1101.99 852.601 813.388 793.301
threshold=386670.95000000001 87.135000000000005 58.205000000000005 1.0000000180025095e-35 4.5000000000000009 99.975000000000009 54.735000000000007
decision_type=10 2 2 2 2 2 2
left_child=6 -2 3 4 -3 -4 -1
right_child=1 2 5 -5 -6 -7 -8
leaf_value=-0.00065455071448656545 0.028833620873354976 -0.12812695913463831 -0.0031728188613019256 0.052214267926013219 -0.030355065501972932 0.065527432957778173 -0.019262680243290243
leaf_weight=5785 615 45 231 42 142 93 1084
leaf_count=5785 615 45 231 42 142 93 1084
internal_value=-0.00119767 0.012903 -0.00491321 -0.0359593 -0.056607 0.0172429 -0.00360298
internal_weight=8037 1168 553 229 187 324 6869
internal_count=8037 1168 553 229 187 324 6869
is_linear=0
shrinkage=0.02


Tree=559
num_leaves=8
num_cat=0
split_feature=55 21 12 33 54 42 54
split_gain=613.693 1207.66 886 1296.26 1194.55 824.339 762.708
threshold=55.055000000000007 234379.85000000003 54.945000000000007 2.5000000000000004 85.215000000000018 39.165000000000006 92.315000000000012
decision_type=2 10 2 2 2 2 2
left_child=-1 2 3 4 -2 -6 -7
right_child=1 -3 -4 -5 5 6 -8
leaf_value=0.00055206538996958833 -0.12651264248840641 0.0077517928041295325 0.00088195355209921085 -0.010418326183750999 -0.10382140239079794 0.058807072088122372 -0.047993778071620252
leaf_weight=6821 109 531 219 209 46 40 61
leaf_count=6821 109 531 219 209 46 40 61
internal_value=-0.00178426 -0.0148489 -0.032323 -0.0478045 -0.0775425 -0.0382642 -0.00491765
internal_weight=8036 1215 684 465 256 147 101
internal_count=8036 1215 684 465 256 147 101
is_linear=0
shrinkage=0.02


Tree=560
num_leaves=8
num_cat=0
split_feature=8 40 57 55 21 45 21
split_gain=527.954 1103.67 1044.71 767.158 981.642 588.981 882.505
threshold=54.410000000000004 52.215000000000011 53.445000000000007 45.935000000000009 266111.75000000006 1.0000000180025095e-35 316560.5500000001
decision_type=2 2 2 2 10 2 8
left_child=5 2 3 4 -2 6 -1
right_child=1 -3 -4 -5 -6 -7 -8
leaf_value=0.022364099382793583 -0.071483041139549966 0.011636890010014478 0.035936916006935972 -0.10553072080910206 0.030561411721957109 -0.0042179157750629791 -7.3826341351992646e-05
leaf_weight=1025 92 243 49 95 58 4291 2196
leaf_count=1025 92 243 49 95 58 4291 2196
internal_value=-0.000742817 -0.0198063 -0.0455551 -0.0622462 -0.0323128 0.000632216 0.00709006
internal_weight=8049 537 294 245 150 7512 3221
internal_count=8049 537 294 245 150 7512 3221
is_linear=0
shrinkage=0.02


Tree=561
num_leaves=8
num_cat=0
split_feature=51 38 56 10 52 16 46
split_gain=797.189 1365.51 1189.27 1059.2 847.138 815.476 798.494
threshold=31.735000000000003 11402.6 40.495000000000012 14089.200000000003 21.575000000000003 0.26805000000000007 1.5000000000000002
decision_type=2 8 2 2 2 2 2
left_child=4 2 3 -2 -1 -6 -3
right_child=1 6 -4 -5 5 -7 -8
leaf_value=-0.031122946162886515 -0.046072712254174281 -0.049837484479370253 0.043332461242637753 0.016349890439026661 -0.034945366010568212 -0.0007463660021486164 -0.00039061748181323048
leaf_weight=471 127 137 595 613 294 4152 1633
leaf_count=471 127 137 595 613 294 4152 1633
internal_value=-0.000755011 0.00717214 0.0224046 0.00539951 -0.00576307 -0.00304455 -0.00434747
internal_weight=8022 3105 1335 740 4917 4446 1770
internal_count=8022 3105 1335 740 4917 4446 1770
is_linear=0
shrinkage=0.02


Tree=562
num_leaves=8
num_cat=1
split_feature=52 64 2 53 25 48 54
split_gain=719.785 1416.3 753.191 922.643 940.844 1014.89 1127.75
threshold=83.715000000000018 2.5000000000000004 0 39.525000000000013 1.0000000180025095e-35 4.5000000000000009 85.745000000000019
decision_type=2 2 1 2 2 2 2
left_child=2 -2 -1 -4 5 6 -5
right_child=1 -3 3 4 -6 -7 -8
leaf_value=0.003646993429803614 0.087753608905606809 0.0024081966078604087 0.024365311016929792 0.015056822509616938 0.0015580544120389547 -0.038376170928205833 -0.028259900256434062
leaf_weight=4411 103 279 294 452 1143 795 503
leaf_count=4411 103 279 294 452 1143 795 503
internal_value=-0.000350559 0.0262566 -0.00170466 -0.00908873 -0.012556 -0.0217527 -0.00778652
internal_weight=7980 382 7598 3187 2893 1750 955
internal_count=7980 382 7598 3187 2893 1750 955
cat_boundaries=0 1
cat_threshold=178
is_linear=0
shrinkage=0.02


Tree=563
num_leaves=8
num_cat=0
split_feature=42 9 54 42 16 33 41
split_gain=713.3 752.727 944.201 615.955 590.583 584.546 649.698
threshold=82.565000000000012 21.500000000000004 89.985000000000014 31.800000000000001 0.77885000000000015 5.5000000000000009 15.475000000000003
decision_type=2 2 2 2 2 2 2
left_child=1 4 3 -3 5 6 -1
right_child=-2 2 -4 -5 -6 -7 -8
leaf_value=-0.033869205762781067 0.02354383646871579 0.11543970274237486 -0.045564064713113979 0.031224509825697168 0.029356105150999845 0.029431111674597821 -0.0021488206011682754
leaf_weight=264 538 47 41 123 238 219 6514
leaf_count=264 538 47 41 123 238 219 6514
internal_value=0.00141383 -0.000199869 0.036591 0.0571406 -0.00129736 -0.00236024 -0.00340837
internal_weight=7984 7446 211 170 7235 6997 6778
internal_count=7984 7446 211 170 7235 6997 6778
is_linear=0
shrinkage=0.02


Tree=564
num_leaves=8
num_cat=0
split_feature=21 8 17 49 38 56 42
split_gain=877.189 905.012 749.046 1656.77 1292.44 829.538 1038.37
threshold=153827.80000000002 32.585000000000008 5965.8500000000013 49.500000000000007 8971.0000000000018 37.405000000000008 60.365000000000002
decision_type=10 2 2 2 8 2 2
left_child=2 -2 3 4 -1 -5 -7
right_child=1 -3 -4 5 -6 6 -8
leaf_value=0.050494150829729655 0.013146229148934497 -0.0056469314249014326 -0.013662581081782466 0.0072204720314059936 0.0013494502052139397 -0.12453085508487828 5.9768735714580703e-05
leaf_weight=297 2978 1558 2201 65 736 72 41
leaf_count=297 2978 1558 2201 65 736 72 41
internal_value=0.000932714 0.00669215 -0.00672261 0.00589513 0.0156543 -0.0496213 -0.0812384
internal_weight=7948 4536 3412 1211 1033 178 113
internal_count=7948 4536 3412 1211 1033 178 113
is_linear=0
shrinkage=0.02


Tree=565
num_leaves=8
num_cat=0
split_feature=44 56 55 10 10 40 10
split_gain=1171.74 935.239 1088.02 956.465 883.393 915.189 788.569
threshold=1.0000000180025095e-35 49.855000000000011 46.715000000000011 12980.500000000002 32938.30000000001 50.105000000000011 76121.700000000012
decision_type=2 2 2 2 2 2 2
left_child=1 3 -3 -1 -5 6 -6
right_child=-2 2 -4 4 5 -7 -8
leaf_value=-0.052850781068260057 0.0031474664991857498 -0.024866334066010905 0.085882738208770765 0.0057842964194454519 -0.06969241413178473 -0.0019037899302456202 -0.0063674625045940523
leaf_weight=287 6390 64 70 567 242 293 117
leaf_count=287 6390 64 70 567 242 293 117
internal_value=-0.000725391 -0.0157791 0.0339959 -0.0203058 -0.0124588 -0.0282469 -0.0494254
internal_weight=8030 1640 134 1506 1219 652 359
internal_count=8030 1640 134 1506 1219 652 359
is_linear=0
shrinkage=0.02


Tree=566
num_leaves=8
num_cat=0
split_feature=21 21 44 55 58 14 68
split_gain=626.361 777.462 736.889 1267.8 1058.38 1240.47 989.808
threshold=389926.65000000008 380478.60000000003 1.0000000180025095e-35 54.125000000000007 41.235000000000007 12.785000000000002 561852.35000000021
decision_type=10 10 2 2 2 2 2
left_child=1 2 3 4 6 -6 -1
right_child=-2 -3 -4 -5 5 -7 -8
leaf_value=0.038700287182088178 0.012846359562092454 -0.057236495058806174 0.00091661748161979428 -0.056213265436291689 0.020474188907964694 -0.044125719381450879 -0.014131586869055615
leaf_weight=287 1123 100 5439 245 164 405 272
leaf_count=287 1123 100 5439 245 164 405 272
internal_value=-0.000973602 -0.00322661 -0.00239235 -0.0154562 -0.00639486 -0.0254903 0.0130958
internal_weight=8035 6912 6812 1373 1128 569 559
internal_count=8035 6912 6812 1373 1128 569 559
is_linear=0
shrinkage=0.02


Tree=567
num_leaves=8
num_cat=0
split_feature=9 8 41 46 46 49 21
split_gain=692.204 1102.45 1266.07 781.036 708.577 764.061 681.593
threshold=4.5000000000000009 54.410000000000004 14.405000000000003 3.5000000000000004 1.5000000000000002 35.500000000000007 316560.5500000001
decision_type=2 2 2 2 2 2 8
left_child=1 2 6 4 5 -2 -1
right_child=3 -3 -4 -5 -6 -7 -8
leaf_value=0.0040317474272516043 0.01549403609006956 -0.042650953667159645 -7.6926508253174168e-05 0.0012321708392632846 0.03202624217150124 -0.05944715837379555 -0.095050462484359749
leaf_weight=40 181 279 4195 2408 744 72 83
leaf_count=40 181 279 4195 2408 744 72 83
internal_value=0.000580288 -0.00448044 -0.00196764 0.00740919 0.0222476 -0.00657186 -0.0639298
internal_weight=8002 4597 4318 3405 997 253 123
internal_count=8002 4597 4318 3405 997 253 123
is_linear=0
shrinkage=0.02


Tree=568
num_leaves=8
num_cat=0
split_feature=48 35 48 68 26 41 13
split_gain=501.177 637.948 764.267 588.555 1001.97 977.325 972.398
threshold=17.500000000000004 1.0000000180025095e-35 24.500000000000004 1054345.2500000002 1.0000000180025095e-35 41.255000000000003 380.85000000000008
decision_type=2 2 2 2 2 2 2
left_child=3 -2 -3 6 5 -5 -1
right_child=1 2 -4 4 -6 -7 -8
leaf_value=-0.00087847108091369884 -0.034083299659341149 -0.018172355071607842 0.083744490188748952 -0.049460183935886963 0.0082015382548077005 -0.008262536122529229 0.017985197227121535
leaf_weight=4253 346 78 41 339 769 705 1466
leaf_count=4253 346 78 41 339 769 705 1466
internal_value=-0.000429432 -0.0204666 0.0189028 0.000820351 -0.0090939 -0.0218119 0.0039685
internal_weight=7997 465 119 7532 1813 1044 5719
internal_count=7997 465 119 7532 1813 1044 5719
is_linear=0
shrinkage=0.02


Tree=569
num_leaves=8
num_cat=0
split_feature=52 42 64 53 53 64 42
split_gain=947.418 871.596 698.189 1695.37 497.718 472.914 990.179
threshold=75.385000000000005 29.045000000000005 2.5000000000000004 65.045000000000016 74.475000000000009 4.5000000000000009 41.035000000000004
decision_type=2 2 2 2 2 2 2
left_child=5 -2 3 -3 -5 -1 -7
right_child=1 2 -4 4 -6 6 -8
leaf_value=-0.0033079273120681456 0.089649986214935778 0.099416194434701052 0.0028024903653640783 -0.062381280958652495 0.02640705047382249 0.058822987674705444 -0.00061079725332376436
leaf_weight=6611 63 105 544 43 49 150 405
leaf_count=6611 63 105 544 43 49 150 405
internal_value=0.000499576 0.0210163 0.0146193 0.0463736 -0.0161683 -0.00181538 0.0158342
internal_weight=7970 804 741 197 92 7166 555
internal_count=7970 804 741 197 92 7166 555
is_linear=0
shrinkage=0.02


Tree=570
num_leaves=8
num_cat=0
split_feature=12 56 56 38 0 41 24
split_gain=643.354 1221.21 1105.98 1084.19 1074.31 701.489 766.259
threshold=41.945000000000007 30.865000000000006 27.365000000000006 16156.300000000001 26.500000000000004 43.405000000000008 2.5000000000000004
decision_type=2 2 2 8 2 2 2
left_child=1 4 3 -2 -1 6 -6
right_child=2 -3 -4 -5 5 -7 -8
leaf_value=-0.11348475265683551 -0.0033279761126135837 -0.0029645935607115481 0.0017273410253412157 0.085417632331955248 -0.032494030808468903 -0.047070629544359213 0.057061590667236858
leaf_weight=61 96 3001 4315 123 78 222 66
leaf_count=61 96 3001 4315 123 78 222 66
internal_value=-0.00096307 -0.00749555 0.00397873 0.0473095 -0.0389367 -0.02515 0.00908972
internal_weight=7962 3428 4534 219 427 366 144
internal_count=7962 3428 4534 219 427 366 144
is_linear=0
shrinkage=0.02


Tree=571
num_leaves=8
num_cat=0
split_feature=45 12 8 56 38 8 22
split_gain=854.338 786.42 768.175 933.612 1023.15 1079.39 1060.28
threshold=1.0000000180025095e-35 19.995000000000001 53.770000000000003 38.925000000000004 1563.5500000000002 11.155000000000003 20434.150000000005
decision_type=2 2 2 2 10 2 2
left_child=2 -2 3 4 6 -6 -1
right_child=1 -3 -4 -5 5 -7 -8
leaf_value=0.026078003154185618 -0.028184338432785713 -0.0030622672913180457 -0.026638215704274083 -0.00037418209613754891 -0.074466709686863808 0.012451920562020278 0.087620229338192288
leaf_weight=542 565 3984 247 1716 57 729 139
leaf_count=542 565 3984 247 1716 57 729 139
internal_value=-0.000530123 -0.00621003 0.00700086 0.00964893 0.0213348 0.00571779 0.0391866
internal_weight=7979 4549 3430 3183 1467 786 681
internal_count=7979 4549 3430 3183 1467 786 681
is_linear=0
shrinkage=0.02


Tree=572
num_leaves=8
num_cat=2
split_feature=16 4 54 2 12 41 9
split_gain=758.794 868.698 920.818 820.483 897.836 790.049 777.138
threshold=0.38705000000000006 0 61.605000000000011 1 42.865000000000002 58.930000000000007 3.5000000000000004
decision_type=2 1 2 1 2 2 2
left_child=1 3 -3 4 -1 6 -4
right_child=-2 2 5 -5 -6 -7 -8
leaf_value=-0.088519651819216588 0.0031070851991940756 0.063861354451488564 -0.051683500608511894 0.030424042859986296 0.007245223177596927 0.00078066261672596663 -0.017002834657733914
leaf_weight=52 5879 49 401 328 123 497 734
leaf_count=52 5879 49 401 328 123 497 734
internal_value=-0.000633228 -0.0106857 -0.0175166 0.0121954 -0.0216749 -0.0202546 -0.0294286
internal_weight=8063 2184 1681 503 175 1632 1135
internal_count=8063 2184 1681 503 175 1632 1135
cat_boundaries=0 1 2
cat_threshold=2 137
is_linear=0
shrinkage=0.02


Tree=573
num_leaves=8
num_cat=1
split_feature=64 33 64 34 12 3 41
split_gain=688.581 526.085 563.568 1372.49 902.022 1012.27 1266.6
threshold=1.0000000180025095e-35 6.5000000000000009 2.5000000000000004 3.5000000000000004 68.085000000000022 0 81.220000000000013
decision_type=2 2 2 2 2 1 2
left_child=-1 2 3 4 5 -2 -7
right_child=1 -3 -4 -5 -6 6 -8
leaf_value=-0.067774083672091368 0.032628909470811963 0.063640903793275361 -0.0035857009051464932 0.091777883368103122 0.034516449056041072 -0.010777957616392586 0.075122810904350551
leaf_weight=55 297 47 5614 71 350 1490 67
leaf_count=55 297 47 5614 71 350 1490 67
internal_value=-0.000275225 0.000234951 -0.00018287 0.00820372 0.0053098 -0.000281864 -0.00680929
internal_weight=7991 7936 7889 2275 2204 1854 1557
internal_count=7991 7936 7889 2275 2204 1854 1557
cat_boundaries=0 1
cat_threshold=4
is_linear=0
shrinkage=0.02


Tree=574
num_leaves=8
num_cat=0
split_feature=40 45 8 8 41 41 17
split_gain=594.333 578.119 724.563 680.967 841.999 707.447 1039.51
threshold=87.625000000000014 1.0000000180025095e-35 8.5850000000000026 10.055000000000001 50.965000000000011 15.475000000000003 19948.900000000005
decision_type=2 2 2 2 2 2 2
left_child=1 2 -1 4 -4 6 -5
right_child=-2 -3 3 5 -6 -7 -8
leaf_value=0.051339657832619574 0.029118571771631824 -0.0057796094742392093 -0.095669001857439678 -0.074816684467662681 0.019884916576354401 0.0071308190018181915 0.031670761689291164
leaf_weight=126 266 4403 55 96 41 2996 54
leaf_count=126 266 4403 55 96 41 2996 54
internal_value=3.27695e-06 -0.00101142 0.00522139 0.00335271 -0.0477766 0.00498625 -0.0366962
internal_weight=8037 7771 3368 3242 96 3146 150
internal_count=8037 7771 3368 3242 96 3146 150
is_linear=0
shrinkage=0.02


Tree=575
num_leaves=8
num_cat=0
split_feature=64 40 33 41 34 14 41
split_gain=576.46 1430.3 772.188 741.438 880.969 1255.33 1327.41
threshold=4.5000000000000009 26.705000000000002 3.5000000000000004 62.095000000000006 1.0000000180025095e-35 17.895000000000003 35.225000000000001
decision_type=2 2 2 2 2 2 2
left_child=3 -2 -3 4 5 6 -1
right_child=1 2 -4 -5 -6 -7 -8
leaf_value=-0.06530032115903768 0.11147101207539953 0.036071169498082027 -0.0099947181811382499 0.0074820898497249301 -0.0040467357869863677 -0.062355197926997459 0.028427318870403603
leaf_weight=83 53 229 381 2014 4864 257 188
leaf_count=83 53 229 381 2014 4864 257 188
internal_value=-0.00125665 0.0165389 0.00745153 -0.00285983 -0.00672607 -0.0311389 -0.000941869
internal_weight=8069 663 610 7406 5392 528 271
internal_count=8069 663 610 7406 5392 528 271
is_linear=0
shrinkage=0.02


Tree=576
num_leaves=8
num_cat=0
split_feature=16 30 56 8 38 57 36
split_gain=783.238 755.622 997.605 1250.92 1065.9 1289.46 944.332
threshold=0.57745000000000013 1.0000000180025095e-35 38.995000000000012 41.185000000000009 13597.550000000001 48.335000000000008 2.5000000000000004
decision_type=2 2 2 2 8 2 2
left_child=1 2 -1 4 5 -4 -5
right_child=-2 -3 3 6 -6 -7 -8
leaf_value=0.00088480853221263101 0.0086778972681839459 0.0071884575657407178 0.020362614667609986 -0.06594331973868281 -0.02470094094281098 -0.046392380634772364 0.027095708430938
leaf_weight=1968 2441 1508 570 304 1048 140 48
leaf_count=1968 2441 1508 570 304 1048 140 48
internal_value=-0.000762064 -0.00489126 -0.00936154 -0.0188978 -0.0119277 0.00696728 -0.0530544
internal_weight=8027 5586 4078 2110 1758 710 352
internal_count=8027 5586 4078 2110 1758 710 352
is_linear=0
shrinkage=0.02


Tree=577
num_leaves=8
num_cat=0
split_feature=48 49 20 56 12 12 10
split_gain=804.701 573.544 635.879 809.396 724.292 713.297 621.114
threshold=18.500000000000004 9.5000000000000018 448590.10000000003 48.32500000000001 41.70000000000001 47.535000000000004 16924.350000000002
decision_type=2 2 10 2 2 2 2
left_child=1 2 3 4 -1 -6 -7
right_child=-2 -3 -4 -5 5 6 -8
leaf_value=0.025672244460352007 -0.027272416097212985 0.0032395195768244872 -0.032427124849228717 0.076760297601039598 -0.10192320109738244 0.049284909154687612 -0.033964959557409642
leaf_weight=150 410 6753 397 47 40 44 130
leaf_count=150 410 6753 397 47 40 44 130
internal_value=-0.00015637 0.00133107 -0.014541 0.00291798 -0.00752752 -0.0308532 -0.0121246
internal_weight=7971 7561 808 411 364 214 174
internal_count=7971 7561 808 411 364 214 174
is_linear=0
shrinkage=0.02


Tree=578
num_leaves=8
num_cat=1
split_feature=9 32 2 23 13 17 23
split_gain=864.527 745.752 864.356 887.324 751.8 954.162 936.436
threshold=3.5000000000000004 1.0000000180025095e-35 0 12.750000000000002 339.45000000000005 4801.3000000000011 7.3500000000000005
decision_type=2 2 1 2 2 2 2
left_child=-1 2 3 -2 6 -6 -4
right_child=1 -3 4 -5 5 -7 -8
leaf_value=-0.0078944049760760297 0.010515376709937367 -0.005629236974707204 0.027808451534126158 0.045740255701440663 0.047194370263736157 -0.0012100015559495009 -0.034917223754968189
leaf_weight=3933 739 1546 124 466 222 576 365
leaf_count=3933 739 1546 124 466 222 576 365
internal_value=-0.00122542 0.00527187 0.0120325 0.0240714 0.000520759 0.0124659 -0.0188909
internal_weight=7971 4038 2492 1205 1287 798 489
internal_count=7971 4038 2492 1205 1287 798 489
cat_boundaries=0 1
cat_threshold=134
is_linear=0
shrinkage=0.02


Tree=579
num_leaves=8
num_cat=0
split_feature=23 12 22 17 8 12 22
split_gain=717.55 1387.67 1092.99 788.744 1220.61 867.622 1663.13
threshold=23.150000000000002 18.585000000000004 24519.600000000002 35695.450000000004 47.245000000000012 47.345000000000006 25520.500000000004
decision_type=2 2 2 2 2 2 2
left_child=3 -2 -3 4 5 6 -1
right_child=1 2 -4 -5 -6 -7 -8
leaf_value=-0.0048539942320814803 -0.067520652876545989 0.023065122635544916 0.12070152313079474 0.011728559583404794 -0.032802411901261111 0.006211629729616387 -0.05626148752289882
leaf_weight=2775 55 375 48 1343 574 2585 272
leaf_count=2775 55 375 48 1343 574 2585 272
internal_value=-0.000630257 0.0230035 0.0354251 -0.00214097 -0.00514941 -0.00230449 -0.0095277
internal_weight=8027 478 423 7549 6206 5632 3047
internal_count=8027 478 423 7549 6206 5632 3047
is_linear=0
shrinkage=0.02


Tree=580
num_leaves=8
num_cat=0
split_feature=50 48 55 41 66 56 21
split_gain=542.044 571.747 564.576 577.177 627.854 519.252 516.148
threshold=3.5000000000000004 18.500000000000004 57.695000000000007 43.845000000000006 0.31250000000000006 39.995000000000012 201125.60000000001
decision_type=2 2 2 2 2 2 8
left_child=1 6 3 4 -3 -2 -1
right_child=5 2 -4 -5 -6 -7 -8
leaf_value=0.018841132424250374 4.2976289987564089e-05 -0.088871525396471432 -0.08436487702144034 0.0063194016055312264 -0.0033024771712921765 0.055622235238552094 -0.0010020175561311693
leaf_weight=563 133 64 49 210 69 131 6817
leaf_count=563 133 64 49 210 69 131 6817
internal_value=0.000231688 -0.000733901 -0.0241147 -0.0144191 -0.0462067 0.0281433 0.000523493
internal_weight=8036 7772 392 343 133 264 7380
internal_count=8036 7772 392 343 133 264 7380
is_linear=0
shrinkage=0.02


Tree=581
num_leaves=8
num_cat=0
split_feature=38 9 51 14 56 45 18
split_gain=625.667 910.75 628.352 747.907 652.148 652.653 928.111
threshold=15339.900000000003 1.5000000000000002 40.650000000000006 41.290000000000013 47.675000000000004 1.0000000180025095e-35 276438.50000000006
decision_type=8 2 2 2 2 2 2
left_child=-1 -2 -3 4 5 6 -4
right_child=1 2 3 -5 -6 -7 -8
leaf_value=0.0079431626998160438 -0.01682332680895933 0.0080424663823263944 0.035413325174763387 -0.067613191955130214 0.037080843260496106 -0.032567614370885165 -0.043888195468620821
leaf_weight=3531 1375 2284 175 83 114 332 83
leaf_count=3531 1375 2284 175 83 114 332 83
internal_value=0.0016637 -0.00332675 0.00273369 -0.0126268 -0.00571287 -0.0142236 0.00955223
internal_weight=7977 4446 3071 787 704 590 258
internal_count=7977 4446 3071 787 704 590 258
is_linear=0
shrinkage=0.02


Tree=582
num_leaves=8
num_cat=1
split_feature=51 56 15 56 2 56 23
split_gain=760.609 1129.31 994.332 950.71 923.107 844.992 825.214
threshold=32.095000000000006 41.82500000000001 1.5000000000000002 40.495000000000012 0 43.225000000000001 6.9500000000000011
decision_type=2 2 2 2 1 2 2
left_child=1 4 -3 -2 6 -4 -1
right_child=3 2 5 -5 -6 -7 -8
leaf_value=-0.015945356125682594 -0.0023354903760618253 -0.009691788062918932 -0.10726141670795336 0.020080760847336728 -0.0062216710144712599 -0.030857516556658263 0.025054316738139265
leaf_weight=245 1698 1517 68 1359 1858 321 928
leaf_count=245 1698 1517 68 1359 1858 321 928
internal_value=-0.000186469 -0.00503933 -0.0170803 0.00764625 0.00254814 -0.0454052 0.016321
internal_weight=7994 4937 1906 3057 3031 389 1173
internal_count=7994 4937 1906 3057 3031 389 1173
cat_boundaries=0 1
cat_threshold=162
is_linear=0
shrinkage=0.02


Tree=583
num_leaves=8
num_cat=1
split_feature=9 54 16 41 3 17 20
split_gain=573.634 1107.76 637.022 577.716 1231.88 838.568 789.237
threshold=20.500000000000004 82.335000000000022 0.17090000000000002 15.475000000000003 0 18683.600000000002 1124307.5000000002
decision_type=2 2 2 2 1 2 8
left_child=2 -2 -1 4 6 -6 -4
right_child=1 -3 3 -5 5 -7 -8
leaf_value=-0.052566868177394276 0.068874436413827247 -0.01375956302811933 0.068652843205078001 6.925727747742582e-05 -0.11162534913454933 -0.0085827950175319401 -0.025582832048336664
leaf_weight=92 128 124 57 7385 82 51 79
leaf_count=92 128 124 57 7385 82 51 79
internal_value=-0.00066055 0.0287366 -0.00163485 -0.000988734 -0.0295056 -0.0688651 0.0139571
internal_weight=7998 252 7746 7654 269 133 136
internal_count=7998 252 7746 7654 269 133 136
cat_boundaries=0 1
cat_threshold=5
is_linear=0
shrinkage=0.02


Tree=584
num_leaves=8
num_cat=0
split_feature=16 22 46 40 40 23 22
split_gain=753.93 846.717 724.228 481.622 476.192 474.482 651.191
threshold=0.77305000000000013 19045.250000000004 7.5000000000000009 87.625000000000014 57.395000000000003 22.550000000000004 27334.000000000004
decision_type=2 2 2 2 2 2 2
left_child=3 2 -2 5 -3 -1 -7
right_child=1 4 -4 -5 -6 6 -8
leaf_value=-0.004469613618901888 -0.014253692969447004 0.12089965046598362 0.070491057535012558 0.024217029009476542 0.025725779147899669 0.0084150011968631977 0.088292964220046996
leaf_weight=6982 155 47 49 262 41 458 40
leaf_count=6982 155 47 49 262 41 458 40
internal_value=-0.000982438 0.0302899 0.00730108 -0.0021807 0.0803244 -0.00312089 0.0156448
internal_weight=8034 292 204 7742 88 7480 498
internal_count=8034 292 204 7742 88 7480 498
is_linear=0
shrinkage=0.02


Tree=585
num_leaves=8
num_cat=1
split_feature=52 41 51 54 22 33 2
split_gain=536.938 784.002 711.766 611.844 902.963 1207.62 1527.22
threshold=84.410000000000011 47.785000000000004 32.300000000000004 73.02500000000002 13612.950000000003 2.5000000000000004 0
decision_type=2 2 2 2 2 2 1
left_child=3 2 -2 4 -1 6 -6
right_child=1 -3 -4 -5 5 -7 -8
leaf_value=-0.0075222998268128722 0.019165392003713116 0.0045054991279609904 0.12405290284577537 -0.0027446217585997664 0.11475640821041631 0.006388459603256751 0.007814595240542269
leaf_weight=426 57 238 46 6679 107 323 112
leaf_count=426 57 238 46 6679 107 323 112
internal_value=0.000514297 0.0248838 0.0695829 -0.000587953 0.0142303 0.0312398 0.0669319
internal_weight=7988 341 103 7647 968 542 219
internal_count=7988 341 103 7647 968 542 219
cat_boundaries=0 1
cat_threshold=116
is_linear=0
shrinkage=0.02


Tree=586
num_leaves=8
num_cat=1
split_feature=8 22 26 41 2 41 56
split_gain=756.805 655.947 1143.23 1251.09 821.778 891.323 780.327
threshold=35.045000000000009 20341.900000000005 1.0000000180025095e-35 29.865000000000006 0 30.925000000000001 30.725000000000005
decision_type=2 2 2 2 1 2 2
left_child=-1 2 3 -2 5 -4 -3
right_child=1 6 4 -5 -6 -7 -8
leaf_value=0.004241891090345065 -0.075952509057604603 0.080631670037220271 0.084358058662354199 -0.018003699097034025 -0.020958996659676946 0.0091325357938070346 0.0018733504523333036
leaf_weight=5840 175 53 74 901 265 319 382
leaf_count=5840 175 53 74 901 265 319 382
internal_value=0.000495057 -0.00957979 -0.0150823 -0.0277362 0.00566321 0.0235863 0.0122764
internal_weight=8009 2169 1734 1076 658 393 435
internal_count=8009 2169 1734 1076 658 393 435
cat_boundaries=0 1
cat_threshold=178
is_linear=0
shrinkage=0.02


Tree=587
num_leaves=8
num_cat=0
split_feature=64 51 51 18 68 68 32
split_gain=869.165 860.068 1699.68 957.137 922.283 1055.54 742.564
threshold=1.5000000000000002 25.175000000000004 12.135000000000003 80554.650000000009 150225.00000000003 663289.10000000021 1.0000000180025095e-35
decision_type=2 2 2 2 2 2 2
left_child=1 2 -1 4 -3 -6 -2
right_child=6 3 -4 -5 5 -7 -8
leaf_value=-0.050560559163637019 0.0064711892812639718 0.00072567944623986073 0.04738219925731018 -0.0011956576002692734 -0.17381111010357184 -0.052362284950911997 -0.0065278634260377026
leaf_weight=131 4549 44 143 103 49 75 2858
leaf_count=131 4549 44 143 103 49 75 2858
internal_value=-0.000345797 -0.0246037 0.000488636 -0.049523 -0.0782614 -0.105231 0.00145447
internal_weight=7952 545 274 271 168 124 7407
internal_count=7952 545 274 271 168 124 7407
is_linear=0
shrinkage=0.02


Tree=588
num_leaves=8
num_cat=0
split_feature=8 17 41 61 12 40 46
split_gain=494.801 955.684 783.887 974.017 702.827 576.89 619.472
threshold=54.410000000000004 20835.050000000003 55.735000000000007 1.0000000180025095e-35 61.57500000000001 5.6100000000000003 4.5000000000000009
decision_type=2 2 2 2 2 2 2
left_child=5 2 3 -2 -3 -1 -7
right_child=1 4 -4 -5 -6 6 -8
leaf_value=-0.040599305402548594 -0.089285498121567067 0.033733425149801134 0.0038569554973107117 0.016938803034524125 -0.04066159771134456 0.010409686044552472 -0.0014515456645894146
leaf_weight=117 145 169 99 43 67 2914 4438
leaf_count=117 145 169 99 43 67 2914 4438
internal_value=0.00121882 -0.0174937 -0.0417077 -0.0651801 0.0122074 0.00253994 0.00325359
internal_weight=7992 523 287 188 236 7469 7352
internal_count=7992 523 287 188 236 7469 7352
is_linear=0
shrinkage=0.02


Tree=589
num_leaves=8
num_cat=0
split_feature=16 42 42 10 10 38 58
split_gain=478.232 673.272 893.732 860.111 1257.49 834.206 1039.19
threshold=0.51795000000000013 43.845000000000006 43.185000000000009 37366.650000000001 35237.950000000004 14484.400000000001 26.935000000000006
decision_type=2 2 2 2 2 10 2
left_child=-1 2 3 4 5 6 -2
right_child=1 -3 -4 -5 -6 -7 -8
leaf_value=-0.0035630281645290108 -0.038720732111114639 -0.00033262030542830515 0.1057047096921338 0.034477607549766483 -0.098561060850818963 -0.048145219191748606 0.029511944664770674
leaf_weight=4549 106 2203 40 504 43 88 459
leaf_count=4549 106 2203 40 504 43 88 459
internal_value=0.000691817 0.00631047 0.0180666 0.0147188 0.000266911 0.00747422 0.0164834
internal_weight=7992 3443 1240 1200 696 653 565
internal_count=7992 3443 1240 1200 696 653 565
is_linear=0
shrinkage=0.02


Tree=590
num_leaves=8
num_cat=0
split_feature=12 16 47 15 17 41 49
split_gain=684.331 879.444 841.874 970.184 895.022 776.125 1102.94
threshold=22.085000000000004 0.42505000000000004 6.5000000000000009 1.5000000000000002 12968.650000000003 31.835000000000004 24.500000000000004
decision_type=2 2 2 2 2 2 2
left_child=1 -1 4 -4 -3 -6 -7
right_child=-2 2 3 -5 5 6 -8
leaf_value=-0.037391261663627315 0.0015364500545464116 0.048204643566640892 -0.0036017932902302659 -0.076513988621006113 -0.08037144844532014 -0.053731891533075754 0.060650023647725489
leaf_weight=434 6814 197 280 94 45 54 74
leaf_count=434 6814 197 280 94 45 54 74
internal_value=-0.000900234 -0.0149419 -0.00168419 -0.022695 0.0195732 -0.0134686 0.0121893
internal_weight=7992 1178 744 374 370 173 128
internal_count=7992 1178 744 374 370 173 128
is_linear=0
shrinkage=0.02


Tree=591
num_leaves=8
num_cat=0
split_feature=33 53 14 48 20 9 55
split_gain=1009.07 723.734 1044.97 1092.98 775.493 705.623 782.042
threshold=1.0000000180025095e-35 60.07500000000001 14.615 5.5000000000000009 712203.80000000016 3.5000000000000004 33.390000000000008
decision_type=2 2 2 2 10 2 2
left_child=1 4 -3 -4 -1 6 -2
right_child=5 2 3 -5 -6 -7 -8
leaf_value=-0.0870124032596747 0.022775386113835418 0.04847372242382595 0.0019830848276615144 -0.11149094337666476 0.0075726557829800777 0.0062055648368491857 -0.0088411718261441376
leaf_weight=127 340 79 91 49 46 3943 3383
leaf_count=127 340 79 91 49 46 3943 3383
internal_value=-0.00129661 -0.0323873 -0.00784974 -0.0402078 -0.0623564 0.000313282 -0.00592714
internal_weight=8058 392 219 140 173 7666 3723
internal_count=8058 392 219 140 173 7666 3723
is_linear=0
shrinkage=0.02


Tree=592
num_leaves=8
num_cat=0
split_feature=23 56 14 48 23 16 57
split_gain=571.752 754.442 967.262 783.723 833.005 758.367 1109.79
threshold=4.3500000000000005 30.325000000000003 17.705000000000002 1.5000000000000002 15.750000000000002 0.28835000000000005 38.565000000000005
decision_type=2 2 2 2 2 2 2
left_child=-1 2 3 -2 -5 -4 -7
right_child=1 -3 5 4 -6 6 -8
leaf_value=0.018134928643054646 -0.047168359892148723 0.001275310693929492 0.032243204605579376 0.038615534871572217 -0.036899357639253137 -0.01268460673135445 -0.085672386877805651
leaf_weight=684 90 6537 45 216 75 156 179
leaf_count=684 90 6537 45 216 75 156 179
internal_value=0.000719339 -0.000924224 -0.0197033 0.00285257 0.0188584 -0.0420618 -0.0523704
internal_weight=7982 7298 761 381 291 380 335
internal_count=7982 7298 761 381 291 380 335
is_linear=0
shrinkage=0.02


Tree=593
num_leaves=8
num_cat=1
split_feature=44 2 50 65 42 29 40
split_gain=672.493 959.764 1206.63 1059.49 1053.26 774.453 847.178
threshold=1.0000000180025095e-35 0 1.0000000180025095e-35 0.58571428571428574 52.385000000000012 1.0000000180025095e-35 50.305000000000007
decision_type=2 1 2 2 2 2 2
left_child=1 -1 3 4 -3 6 -4
right_child=-2 2 5 -5 -6 -7 -8
leaf_value=0.0018368911508640105 0.0021861226414586032 0.01920842175708256 -0.090697708973775118 0.053341642070900308 -0.098338434983182843 -0.0041605229978449645 -0.027879399412129757
leaf_weight=865 6482 67 191 105 49 123 164
leaf_count=865 6482 67 191 105 49 123 164
internal_value=-0.000656162 -0.0124054 -0.0295247 0.00858545 -0.0324568 -0.0476624 -0.0624677
internal_weight=8046 1564 699 221 116 478 355
internal_count=8046 1564 699 221 116 478 355
cat_boundaries=0 1
cat_threshold=170
is_linear=0
shrinkage=0.02


Tree=594
num_leaves=8
num_cat=1
split_feature=22 53 32 22 21 7 9
split_gain=665.259 1006.36 964.522 1040.97 771.654 707.438 841.213
threshold=11090.500000000002 65.835000000000022 1.0000000180025095e-35 7627.6500000000005 178939.75000000003 0 8.5000000000000018
decision_type=2 2 2 2 8 1 2
left_child=1 4 -3 -4 -1 6 -2
right_child=5 2 3 -5 -6 -7 -8
leaf_value=0.073821869233140242 -0.040393954573132447 0.04665193316196746 -0.071360417800024153 0.020145157632405448 -0.0035292401843385782 -0.00011931826305686013 0.023968308075190573
leaf_weight=49 358 472 59 218 1150 5564 101
leaf_count=49 358 472 59 218 1150 5564 101
internal_value=0.00116604 0.01131 0.0294142 -0.000264882 -7.46607e-05 -0.00212144 -0.0255746
internal_weight=7971 1948 749 277 1199 6023 459
internal_count=7971 1948 749 277 1199 6023 459
cat_boundaries=0 1
cat_threshold=32
is_linear=0
shrinkage=0.02


Tree=595
num_leaves=8
num_cat=0
split_feature=48 20 13 42 23 40 21
split_gain=615.477 555.292 1099 766.665 1220.36 542.387 496.456
threshold=18.500000000000004 743518.60000000009 336.75000000000006 38.880000000000003 11.550000000000002 65.00500000000001 299455.8000000001
decision_type=2 8 2 2 2 2 10
left_child=6 2 -2 4 -3 -5 -1
right_child=1 3 -4 5 -6 -7 -8
leaf_value=-0.0024411105389875788 -0.1333183123536256 0.02079241989218459 -0.0060653162625298575 0.033024211274208251 -0.11850667458230799 -0.036398861332581592 0.0086852228181651739
leaf_weight=5324 44 44 62 143 50 60 2290
leaf_count=5324 44 44 62 143 50 60 2290
internal_value=-0.00037303 -0.0243048 -0.0625133 -0.00985888 -0.0555458 0.0121234 0.000908769
internal_weight=8017 403 106 297 94 203 7614
internal_count=8017 403 106 297 94 203 7614
is_linear=0
shrinkage=0.02


Tree=596
num_leaves=8
num_cat=0
split_feature=16 50 34 16 56 41 13
split_gain=623.434 621.026 653.456 602.879 930.465 1518.39 827.756
threshold=0.60625000000000007 3.5000000000000004 3.5000000000000004 0.32955000000000007 35.905000000000008 32.655000000000008 376.75000000000006
decision_type=2 2 2 2 2 2 2
left_child=1 2 3 4 -1 6 -6
right_child=-2 -3 -4 -5 5 -7 -8
leaf_value=0.0065585263637279257 0.0086677352878081794 0.031383034330449609 0.016125554593330496 -0.0039768831848246439 -0.11186666113694037 -0.017242471254800409 -0.014749806544610434
leaf_weight=346 2004 185 511 4183 121 587 51
leaf_count=346 2004 185 511 4183 121 587 51
internal_value=-0.000973956 -0.00420743 -0.0053689 -0.00745926 -0.0205646 -0.032891 -0.0843005
internal_weight=7988 5984 5799 5288 1105 759 172
internal_count=7988 5984 5799 5288 1105 759 172
is_linear=0
shrinkage=0.02


Tree=597
num_leaves=8
num_cat=0
split_feature=40 33 18 9 22 16 22
split_gain=579.254 1197.65 704.692 877.928 776.289 640.542 649.176
threshold=17.770000000000007 4.5000000000000009 856136.25000000012 12.500000000000002 11385.650000000001 0.77885000000000015 18085.850000000002
decision_type=2 2 2 2 2 2 2
left_child=1 2 3 4 -1 -2 -7
right_child=5 -3 -4 -5 -6 6 -8
leaf_value=-0.0032744297821347308 0.00060101915405038231 0.068490328794380398 0.031036852364901637 0.022373275152151137 -0.077500125864910521 0.011736097093355857 0.083017173641348724
leaf_weight=77 7255 48 56 64 210 172 69
leaf_count=77 7255 48 56 64 210 172 69
internal_value=0.00034187 -0.0214436 -0.0327525 -0.0432227 -0.057983 0.00167764 0.0334169
internal_weight=7951 455 407 351 287 7496 241
internal_count=7951 455 407 351 287 7496 241
is_linear=0
shrinkage=0.02


Tree=598
num_leaves=8
num_cat=1
split_feature=43 54 38 8 35 14 2
split_gain=589.923 933.526 1567.07 1444.95 1133.7 878.466 1033.08
threshold=1.0000000180025095e-35 93.095000000000013 16347.400000000003 16.565000000000001 1.0000000180025095e-35 27.025000000000002 0
decision_type=2 2 8 2 2 2 1
left_child=1 2 3 -1 -4 6 -5
right_child=-2 -3 4 5 -6 -7 -8
leaf_value=0.053835230761697529 0.0030489419816053472 0.011878761470567045 -0.026150945261024034 -0.074206888499259951 -0.090074400265525656 0.038193797584727546 -0.0047742734956404851
leaf_weight=168 6047 578 611 110 133 102 295
leaf_count=168 6047 578 611 110 133 102 295
internal_value=-6.42799e-05 -0.00947532 -0.0181846 0.00388874 -0.0381031 -0.0130257 -0.0262339
internal_weight=8044 1997 1419 675 744 507 405
internal_count=8044 1997 1419 675 744 507 405
cat_boundaries=0 1
cat_threshold=104
is_linear=0
shrinkage=0.02


Tree=599
num_leaves=8
num_cat=0
split_feature=40 50 44 58 57 38 29
split_gain=729.405 506.772 547.975 975.368 1215.1 1343.41 1182.09
threshold=87.625000000000014 3.5000000000000004 1.0000000180025095e-35 40.055000000000007 11.340000000000002 3868.3500000000008 1.0000000180025095e-35
decision_type=2 2 2 2 2 8 2
left_child=1 2 3 6 -5 -6 -1
right_child=-2 -3 -4 4 5 -7 -8
leaf_value=-0.012352898448705674 0.032302752610020601 0.025730976710328833 -0.00014536051348735502 0.022345365269316568 -0.10786800485423634 -0.028432628599255674 0.04305957578918309
leaf_weight=605 252 251 5979 139 100 489 201
leaf_count=605 252 251 5979 139 100 489 201
internal_value=-0.000847777 -0.00194386 -0.00288494 -0.0135277 -0.0302239 -0.0427136 0.00164612
internal_weight=8016 7764 7513 1534 728 589 806
internal_count=8016 7764 7513 1534 728 589 806
is_linear=0
shrinkage=0.02


Tree=600
num_leaves=8
num_cat=0
split_feature=9 12 54 32 42 0 31
split_gain=845.229 769.615 754.991 695.134 700.777 622.363 605.787
threshold=21.500000000000004 84.325000000000003 89.905000000000015 1.0000000180025095e-35 34.155000000000008 69.500000000000014 1.0000000180025095e-35
decision_type=2 2 2 2 2 2 2
left_child=1 -1 5 4 -3 -2 -6
right_child=2 3 -4 -5 6 -7 -8
leaf_value=-0.0010789475604605222 0.088163725912401625 -0.016321219177200245 -0.030949499954779944 -0.0052411625673994423 0.11774978411017042 0.0065922611384164722 0.038175114554555523
leaf_weight=7423 105 47 43 146 61 58 110
leaf_count=7423 105 47 43 146 61 58 110
internal_value=0.0013922 0.000321751 0.0408898 0.0285136 0.0507306 0.0601983 0.0691001
internal_weight=7993 7787 206 364 218 163 171
internal_count=7993 7787 206 364 218 163 171
is_linear=0
shrinkage=0.02


Tree=601
num_leaves=8
num_cat=1
split_feature=9 57 17 9 4 38 20
split_gain=755.552 914.927 899.891 706.36 741.649 889.814 695.627
threshold=4.5000000000000009 5.0150000000000015 53854.30000000001 20.500000000000004 0 3811.5500000000006 616267.10000000009
decision_type=2 2 2 2 1 8 8
left_child=2 -2 -1 4 5 -3 -4
right_child=1 3 6 -5 -6 -7 -8
leaf_value=-0.0081213372498497565 -0.043105028100797665 -0.019053181826355532 -0.030119883981379835 0.040995748671240929 -8.2214460968899346e-05 0.030543139805378115 0.03118956312622884
leaf_weight=4116 133 174 86 257 2057 776 408
leaf_count=4116 133 174 86 257 2057 776 408
internal_value=0.000216933 0.00736794 -0.00505475 0.00948737 0.00673085 0.0211852 0.0203214
internal_weight=8007 3397 4610 3264 3007 950 494
internal_count=8007 3397 4610 3264 3007 950 494
cat_boundaries=0 1
cat_threshold=6
is_linear=0
shrinkage=0.02


Tree=602
num_leaves=8
num_cat=0
split_feature=30 42 46 42 18 21 38
split_gain=610.582 1414.72 619.437 613.72 848.249 596.796 1086.98
threshold=1.0000000180025095e-35 16.500000000000004 2.5000000000000004 9.1200000000000028 1.0000000180025095e-35 402019.8000000001 21048.650000000005
decision_type=2 2 2 2 2 10 8
left_child=3 2 -2 4 -1 -5 -7
right_child=1 -3 -4 5 -6 6 -8
leaf_value=0.0081713306559966156 0.013876333996975939 0.0053945562315389651 0.1064159191552415 -0.0041928622697805801 -0.083772611913496053 -0.0078984801206323837 0.043178433818647111
leaf_weight=73 47 2011 78 5055 82 355 307
leaf_count=73 47 2011 78 5055 82 355 307
internal_value=0.000398228 0.00954204 0.073493 -0.00293322 -0.0415678 -0.00185034 0.0159344
internal_weight=8008 2136 125 5872 155 5717 662
internal_count=8008 2136 125 5872 155 5717 662
is_linear=0
shrinkage=0.02


Tree=603
num_leaves=8
num_cat=0
split_feature=55 40 13 57 48 55 55
split_gain=830.585 715.703 789.39 835.712 799.335 744.309 967.05
threshold=38.115000000000002 87.625000000000014 376.25000000000006 62.790000000000006 18.500000000000004 38.915000000000006 42.185000000000009
decision_type=2 2 2 2 2 2 2
left_child=-1 2 3 4 -2 -4 -7
right_child=1 -3 5 -5 -6 6 -8
leaf_value=0.012644727429155468 -0.0092524675245375804 0.032622082231217597 -0.055150706625568702 0.021639544948622271 -0.04975208575575097 0.042148848801160488 0.0027136190415058335
leaf_weight=1753 3765 214 69 328 201 297 1415
leaf_count=1753 3765 214 69 328 201 297 1415
internal_value=0.000490871 -0.00290426 -0.00418152 -0.00882176 -0.0113651 0.00699952 0.00965771
internal_weight=8042 6289 6075 4294 3966 1781 1712
internal_count=8042 6289 6075 4294 3966 1781 1712
is_linear=0
shrinkage=0.02


Tree=604
num_leaves=8
num_cat=0
split_feature=49 43 41 51 41 38 10
split_gain=742.852 595.789 1098.42 803.17 820.117 1250.76 1048.68
threshold=4.5000000000000009 1.0000000180025095e-35 78.865000000000023 12.135000000000003 34.030000000000008 9554.2000000000025 13300.150000000003
decision_type=2 2 2 2 2 10 2
left_child=-1 2 3 -2 5 -5 -6
right_child=1 -3 -4 4 6 -7 -8
leaf_value=-0.046857953665382937 -0.036798974477663275 0.0041226177153663758 0.05566831476174959 -0.0099594295852714117 -0.031961963300297901 -0.094138298779726029 0.015178560703993418
leaf_weight=127 405 5953 96 310 241 87 807
leaf_count=127 405 5953 96 310 241 87 807
internal_value=0.000196318 0.000982019 -0.00861131 -0.012088 -0.00505903 -0.0293481 0.00423775
internal_weight=8026 7899 1946 1850 1445 397 1048
internal_count=8026 7899 1946 1850 1445 397 1048
is_linear=0
shrinkage=0.02


Tree=605
num_leaves=8
num_cat=0
split_feature=16 0 13 16 42 21 37
split_gain=572.714 704.797 1026.99 840.228 774.278 678.793 981.37
threshold=0.36255000000000004 21.500000000000004 304.45000000000005 0.80815000000000015 65.100000000000009 171578.70000000004 0.9285500000000001
decision_type=2 2 2 2 2 10 2
left_child=5 2 4 -4 -2 6 -1
right_child=1 -3 3 -5 -6 -7 -8
leaf_value=-0.017625062797395622 0.042247658876410452 0.0046149300093918221 -0.041732870442391524 0.047951345911368411 -0.027076244604826535 -0.00039449274517259185 -0.095174057524498201
leaf_weight=663 161 5482 436 42 101 1052 68
leaf_count=663 161 5482 436 42 101 1052 68
internal_value=-0.000727036 0.00213822 -0.0161174 -0.0334379 0.015517 -0.0107037 -0.0254365
internal_weight=8005 6222 740 478 262 1783 731
internal_count=8005 6222 740 478 262 1783 731
is_linear=0
shrinkage=0.02


Tree=606
num_leaves=8
num_cat=2
split_feature=5 20 2 17 14 40 14
split_gain=687.456 965.801 974.918 875.983 698.875 674.508 623.236
threshold=0 1439280.8 1 8807.3000000000011 43.775000000000006 50.105000000000011 18.385000000000002
decision_type=1 10 1 2 2 2 2
left_child=1 2 3 -1 6 -3 -4
right_child=-2 5 4 -5 -6 -7 -8
leaf_value=0.031411982524394991 -0.0042256438560896543 -0.091785700569971138 0.01164627755429474 -0.075075520628515413 -0.041364560009855209 0.0094485904071845272 0.042259091747180372
leaf_weight=45 6651 54 576 80 61 46 498
leaf_count=45 6651 54 576 80 61 46 498
internal_value=-0.00157431 0.011308 0.0161912 -0.034363 0.0219937 -0.0469855 0.0259711
internal_weight=8011 1360 1260 125 1135 100 1074
internal_count=8011 1360 1260 125 1135 100 1074
cat_boundaries=0 1 2
cat_threshold=1 8
is_linear=0
shrinkage=0.02


Tree=607
num_leaves=8
num_cat=1
split_feature=2 8 21 64 10 14 50
split_gain=607.496 1115.79 737.963 1013.77 1816.16 925.882 828.283
threshold=0 24.685000000000006 178939.75000000003 2.5000000000000004 14764.35 22.495000000000001 2.5000000000000004
decision_type=1 2 10 2 2 2 2
left_child=-1 2 6 4 5 -4 -2
right_child=1 -3 3 -5 -6 -7 -8
leaf_value=0.0041300376141162757 -0.016802800802125446 -0.017821619928667012 0.037163380692082068 0.0035119303920059693 0.093911878048227385 -0.079998265976707145 0.046598524255083602
leaf_weight=4607 671 1795 57 588 151 43 89
leaf_count=4607 671 1795 57 588 151 43 89
internal_value=-0.000595962 -0.00699921 0.00512382 0.018006 0.0512284 -0.0146265 -0.00912213
internal_weight=8001 3394 1599 839 251 100 760
internal_count=8001 3394 1599 839 251 100 760
cat_boundaries=0 1
cat_threshold=178
is_linear=0
shrinkage=0.02


Tree=608
num_leaves=8
num_cat=0
split_feature=23 41 53 41 64 64 42
split_gain=677.164 843.536 726.824 697.892 889.808 776.719 1240.33
threshold=4.3500000000000005 42.375000000000007 77.665000000000006 83.670000000000016 2.5000000000000004 4.5000000000000009 37.965000000000011
decision_type=2 2 2 2 2 2 2
left_child=1 -1 -3 5 -5 -2 -7
right_child=3 2 -4 4 -6 6 -8
leaf_value=0.052310543372233703 -0.0035321694732614599 -0.0052180008332532151 0.067400364960776643 0.095073116458952431 0.011886373589534838 0.076688864268958573 0.0047183596555468886
leaf_weight=220 6428 394 59 59 272 120 413
leaf_count=220 6428 394 59 59 272 120 413
internal_value=0.00153258 0.0206512 0.00487258 -0.000244876 0.0279083 -0.00160265 0.021484
internal_weight=7965 673 453 7292 331 6961 533
internal_count=7965 673 453 7292 331 6961 533
is_linear=0
shrinkage=0.02


Tree=609
num_leaves=8
num_cat=0
split_feature=44 57 57 57 29 0 57
split_gain=529.157 1302.53 845.127 1197.61 780.309 872.53 801.031
threshold=1.0000000180025095e-35 10.070000000000002 17.405000000000005 34.005000000000003 1.0000000180025095e-35 41.500000000000007 44.57500000000001
decision_type=2 2 2 2 2 2 2
left_child=1 -1 -3 -4 5 -5 -6
right_child=-2 2 3 4 6 -7 -8
leaf_value=0.050329050037133338 0.0036958289544565203 -0.054632942645194749 0.016757704679321191 -0.0079981681263368385 -0.038037852320495794 -0.054378364145755767 0.040694257157820247
leaf_weight=131 6361 178 472 299 79 355 130
leaf_count=131 6361 178 472 299 79 355 130
internal_value=0.00108101 -0.00901684 -0.014304 -0.00874305 -0.0227063 -0.0333955 0.0107409
internal_weight=8005 1644 1513 1335 863 654 209
internal_count=8005 1644 1513 1335 863 654 209
is_linear=0
shrinkage=0.02


Tree=610
num_leaves=8
num_cat=0
split_feature=54 67 8 20 67 8 38
split_gain=483.074 1427.81 1398.49 1139.43 878.158 689.529 893.273
threshold=82.785000000000011 22.3538148286347 28.590000000000003 580460.05000000016 12.07942789300087 24.545000000000005 3562.4000000000005
decision_type=2 2 2 10 2 2 8
left_child=4 -2 -3 -4 5 -1 -7
right_child=1 2 3 -5 -6 6 -8
leaf_value=0.010555050661360801 -0.002153723977392379 -0.0034849849398489352 -0.038713498474113539 -0.14143417835235597 0.026698774774152563 -0.04890893743671839 -0.0032300046748776992
leaf_weight=1163 4636 184 113 71 591 201 1020
leaf_count=1163 4636 184 113 71 591 201 1020
internal_value=-0.00139235 -0.00518492 -0.0428307 -0.0810433 0.00498482 -0.000442736 -0.0109184
internal_weight=7979 5004 368 184 2975 2384 1221
internal_count=7979 5004 368 184 2975 2384 1221
is_linear=0
shrinkage=0.02


Tree=611
num_leaves=8
num_cat=0
split_feature=43 46 14 14 13 34 9
split_gain=626.268 863.463 744.526 912.151 737.176 825.579 689.565
threshold=1.0000000180025095e-35 1.5000000000000002 34.32500000000001 40.695000000000007 361.75000000000006 1.5000000000000002 8.5000000000000018
decision_type=2 2 2 2 2 2 2
left_child=1 -1 -3 -4 5 -5 -2
right_child=6 2 3 4 -6 -7 -8
leaf_value=-0.053430949079444991 0.0015688893858582739 0.00097492836357923357 -0.079189995342018926 -0.095718212657504617 0.061673097944989499 0.022815417717484868 0.017890940154292968
leaf_weight=148 4691 1597 105 40 44 46 1324
leaf_count=148 4691 1597 105 40 44 46 1324
internal_value=0.00196235 -0.00778123 -0.00395798 -0.0368027 -0.000901863 -0.0345465 0.00517352
internal_weight=7995 1980 1832 235 130 86 6015
internal_count=7995 1980 1832 235 130 86 6015
is_linear=0
shrinkage=0.02


Tree=612
num_leaves=8
num_cat=1
split_feature=42 7 8 9 17 68 55
split_gain=602.92 661.785 1109.02 846.109 700.662 699.949 700.932
threshold=82.565000000000012 0 25.365000000000006 8.5000000000000018 11209.85 320645.05000000005 46.32500000000001
decision_type=2 1 2 2 2 2 2
left_child=1 2 -1 4 5 -4 -7
right_child=-2 -3 3 -5 -6 6 -8
leaf_value=0.0030357222405550948 0.020947573478195678 0.00084827626979418593 -0.036615783892797703 0.019516286565023556 -0.013718207384097495 -0.056975723170571861 -0.18002217955589295
leaf_weight=337 535 6855 61 52 67 40 45
leaf_count=337 535 6855 61 52 67 40 45
internal_value=0.000540281 -0.000936889 -0.0207759 -0.051322 -0.0686668 -0.0925938 -0.1285
internal_weight=7992 7457 602 265 213 146 85
internal_count=7992 7457 602 265 213 146 85
cat_boundaries=0 1
cat_threshold=32
is_linear=0
shrinkage=0.02


Tree=613
num_leaves=8
num_cat=0
split_feature=16 9 40 55 38 12 6
split_gain=733.183 648.004 630.802 609.04 1109.76 744.719 642.046
threshold=0.17090000000000002 1.5000000000000002 87.625000000000014 35.525000000000013 25338.950000000004 49.82500000000001 2.5000000000000004
decision_type=2 2 2 2 8 2 2
left_child=-1 2 3 4 -2 -6 -5
right_child=1 -3 -4 6 5 -7 -8
leaf_value=-0.053114332867839009 0.056928092502973468 0.0034178886226742529 0.036089681523113419 -0.019927106775092719 -0.053895434419244749 0.029871790070239813 0.022515796792343449
leaf_weight=101 131 5660 111 1637 98 68 152
leaf_count=101 131 5660 111 1637 98 68 152
internal_value=-0.000865889 -0.000160895 -0.00936753 -0.0118669 0.0144756 -0.019711 -0.0162683
internal_weight=7958 7857 2197 2086 297 166 1789
internal_count=7958 7857 2197 2086 297 166 1789
is_linear=0
shrinkage=0.02


Tree=614
num_leaves=8
num_cat=0
split_feature=32 66 21 48 8 8 44
split_gain=634.541 777.698 1160.74 683.473 678.593 810.017 667.469
threshold=1.0000000180025095e-35 1.0000000180025095e-35 246826.85000000003 4.5000000000000009 30.015000000000004 12.685 1.0000000180025095e-35
decision_type=2 2 8 2 2 2 2
left_child=1 2 -1 4 5 -4 -2
right_child=6 -3 3 -5 -6 -7 -8
leaf_value=-0.11223892294168472 -0.026716030719127874 0.0069866319938356857 0.059207057869434358 -0.038239083597381443 0.077089109487003746 -0.039921419374721566 -0.0022786036743973966
leaf_weight=45 550 4734 45 164 49 92 2305
leaf_count=45 550 4734 45 164 49 92 2305
internal_value=0.000525111 0.00473044 -0.0220589 -0.00904681 0.0170198 -0.00642271 -0.00702482
internal_weight=7984 5129 395 350 186 137 2855
internal_count=7984 5129 395 350 186 137 2855
is_linear=0
shrinkage=0.02


Tree=615
num_leaves=8
num_cat=0
split_feature=31 14 65 56 58 22 12
split_gain=584.598 1593.4 1245.34 1142.19 1034.85 1025.91 851.635
threshold=1.0000000180025095e-35 43.180000000000007 0.61250000000000016 31.285000000000004 55.770000000000003 14090.150000000001 10.525
decision_type=2 2 2 2 2 2 2
left_child=1 2 6 -4 -5 -3 -1
right_child=-2 5 3 4 -6 -7 -8
leaf_value=-0.042978913400209311 0.004764596213472104 -0.011123486161675482 -0.069969357506761073 -0.021883354087345576 0.031228403396684434 -0.10944592933905753 0.0095389985726573156
leaf_weight=127 4674 79 153 759 177 90 1932
leaf_count=127 4674 79 153 759 177 90 1932
internal_value=0.0002095 -0.00620662 -0.00294534 -0.0201924 -0.0117272 -0.0651249 0.0062034
internal_weight=7991 3317 3148 1089 936 169 2059
internal_count=7991 3317 3148 1089 936 169 2059
is_linear=0
shrinkage=0.02


Tree=616
num_leaves=8
num_cat=0
split_feature=50 42 29 12 41 64 30
split_gain=999.702 708.23 605.663 549.987 703.665 1276.89 616.145
threshold=3.5000000000000004 44.345000000000006 1.0000000180025095e-35 77.385000000000005 80.610000000000014 2.5000000000000004 1.0000000180025095e-35
decision_type=2 2 2 2 2 2 2
left_child=3 2 -2 4 6 -6 -1
right_child=1 -3 -4 -5 5 -7 -8
leaf_value=-0.0093847802039967645 0.1039669156295282 0.0074712932061498302 0.0078053225676218679 0.015218040618696249 0.08604954023515024 0.0028984943555624737 0.0044225180967312726
leaf_weight=4932 76 153 40 635 88 361 1748
leaf_count=4932 76 153 40 635 88 361 1748
internal_value=-0.00122219 0.0363249 0.0725005 -0.00254563 -0.00413744 0.0199636 -0.00577113
internal_weight=8033 269 116 7764 7129 449 6680
internal_count=8033 269 116 7764 7129 449 6680
is_linear=0
shrinkage=0.02


Tree=617
num_leaves=8
num_cat=0
split_feature=56 56 64 55 49 52 33
split_gain=742.71 879.967 869.599 618.006 746.26 989.044 1027.47
threshold=55.295000000000009 58.75500000000001 3.5000000000000004 37.995000000000012 63.500000000000007 28.745000000000001 2.5000000000000004
decision_type=2 2 2 2 2 2 2
left_child=3 2 -2 -1 -5 -6 -7
right_child=1 -3 -4 4 5 6 -8
leaf_value=0.0095111372519633263 0.10418498921930119 -0.015311960633410964 -0.00066242590546607973 -0.0022626179379882424 0.036367299993832911 -0.079378330973831152 -0.0097201630941937487
leaf_weight=1688 84 81 49 5693 70 164 173
leaf_count=1688 84 81 49 5693 70 164 173
internal_value=-0.000160829 0.0361638 0.0669326 -0.00118152 -0.00414578 -0.0301398 -0.044284
internal_weight=8002 214 133 7788 6100 407 337
internal_count=8002 214 133 7788 6100 407 337
is_linear=0
shrinkage=0.02


Tree=618
num_leaves=8
num_cat=0
split_feature=16 40 40 54 47 43 58
split_gain=674.846 1077.52 607.483 584.654 557.007 525.675 1083.06
threshold=0.72825000000000006 57.395000000000003 5.6100000000000003 98.575000000000003 7.5000000000000009 1.0000000180025095e-35 68.420000000000016
decision_type=2 2 2 2 2 2 2
left_child=2 3 -1 -2 -3 6 -4
right_child=1 4 5 -5 -6 -7 -8
leaf_value=-0.04774196964913402 0.057083620841095924 0.025868971121016441 -0.0084978063618893779 -0.0096631207749031597 -0.037720562650802293 0.0014133494638704112 -0.10688430769288022
leaf_weight=111 257 86 1739 64 136 5572 41
leaf_count=111 257 86 1739 64 136 5572 41
internal_value=-0.000757464 0.0206654 -0.00232896 0.0438318 -0.0130596 -0.00161134 -0.0110571
internal_weight=8006 543 7463 321 222 7352 1780
internal_count=8006 543 7463 321 222 7352 1780
is_linear=0
shrinkage=0.02


Tree=619
num_leaves=8
num_cat=2
split_feature=38 13 7 12 0 40 2
split_gain=500.933 705.725 933.961 949.867 1014.49 942.474 693.822
threshold=17351.150000000005 353.85000000000008 0 67.095000000000013 55.500000000000007 46.665000000000006 1
decision_type=8 2 1 2 2 2 1
left_child=-1 -2 -3 4 5 -4 -7
right_child=1 2 3 -5 -6 6 -8
leaf_value=0.005323791379049334 0.0022442337629457192 -0.0043662227752725245 -0.099618059977584966 0.01930981570783143 0.033292093373768566 -0.069281935937820921 -0.0039464085028473161
leaf_weight=3724 2469 1250 142 99 51 111 151
leaf_count=3724 2469 1250 142 99 51 111 151
internal_value=-3.43069e-05 -0.00470476 -0.0141952 -0.0354234 -0.0481829 -0.0587493 -0.0351484
internal_weight=7997 4273 1804 554 455 404 262
internal_count=7997 4273 1804 554 455 404 262
cat_boundaries=0 1 2
cat_threshold=7 39
is_linear=0
shrinkage=0.02


Tree=620
num_leaves=8
num_cat=0
split_feature=55 21 49 42 42 38 52
split_gain=539.743 814.972 733.125 976.916 1139.2 663.167 690.359
threshold=55.685000000000009 211538.45000000004 9.5000000000000018 28.025000000000002 14.795000000000002 22125.600000000002 42.845000000000006
decision_type=2 8 2 2 2 10 2
left_child=-1 -2 -3 4 -4 6 -5
right_child=1 2 3 5 -6 -7 -8
leaf_value=0.0025802373666768447 -0.067288926839075919 -0.054333822998250347 0.026264073577794162 -0.023596935358804628 -0.089758284656291321 0.066475367252255835 0.017737514163080472
leaf_weight=6880 94 111 50 254 89 66 425
leaf_count=6880 94 111 50 254 89 66 425
internal_value=0.000507039 -0.0125428 -0.0070602 -0.000852057 -0.0485608 0.0083137 0.00221568
internal_weight=7969 1089 995 884 139 745 679
internal_count=7969 1089 995 884 139 745 679
is_linear=0
shrinkage=0.02


Tree=621
num_leaves=8
num_cat=0
split_feature=44 41 12 58 51 56 25
split_gain=881.403 1383.99 930.682 880.773 1005.66 985.376 1065.83
threshold=1.0000000180025095e-35 15.475000000000003 77.385000000000005 33.645000000000003 32.095000000000006 40.495000000000012 1.0000000180025095e-35
decision_type=2 2 2 2 2 2 2
left_child=1 -1 -3 -2 -5 -6 -7
right_child=3 2 -4 4 5 6 -8
leaf_value=-0.095564432642127897 -0.0072068128278323434 -0.014071232298014869 0.044387959066336434 0.0004798788078261991 0.006807592260270983 0.059837467886034904 0.0081734135144837065
leaf_weight=74 2315 1436 113 2515 857 397 268
leaf_count=74 2315 1436 113 2515 857 397 268
internal_value=-0.000744965 -0.013875 -0.00967752 0.00261816 0.00825419 0.0210571 0.0392328
internal_weight=7975 1623 1549 6352 4037 1522 665
internal_count=7975 1623 1549 6352 4037 1522 665
is_linear=0
shrinkage=0.02


Tree=622
num_leaves=8
num_cat=0
split_feature=32 15 16 68 12 8 67
split_gain=969.59 829.223 1228.25 2019.23 1382.72 930.358 1452.1
threshold=1.0000000180025095e-35 1.5000000000000002 0.41805000000000009 971458.90000000014 67.38000000000001 32.425000000000004 3.9456135003585282
decision_type=2 2 2 2 2 2 2
left_child=1 -1 3 -3 5 6 -4
right_child=-2 2 4 -5 -6 -7 -8
leaf_value=0.0093090804860374125 -0.0098001345623308939 -0.011550581281342984 -0.011855229641188576 -0.11409792042695559 0.06774919739340321 -0.053677011146696645 0.06070296107883185
leaf_weight=3885 2849 299 490 99 113 129 137
leaf_count=3885 2849 299 490 99 113 129 137
internal_value=-0.000447371 0.00472909 -0.00929591 -0.0381577 0.00406541 -0.00583605 0.00435361
internal_weight=8001 5152 1267 398 869 756 627
internal_count=8001 5152 1267 398 869 756 627
is_linear=0
shrinkage=0.02


Tree=623
num_leaves=8
num_cat=0
split_feature=64 55 8 40 40 9 0
split_gain=521.978 500.574 630.545 828.615 730.384 697.844 756.036
threshold=1.0000000180025095e-35 38.115000000000002 8.8050000000000015 52.035000000000004 34.205000000000005 18.500000000000004 72.500000000000014
decision_type=2 2 2 2 2 2 2
left_child=-1 -2 3 4 -3 -4 -7
right_child=1 2 5 -5 -6 6 -8
leaf_value=-0.06156162754847453 0.011456478621526385 0.0096194222609202063 -0.0035906678310420469 -0.0067674123150247489 0.096517704630891488 0.045531514082616624 -0.03994026800474295
leaf_weight=47 1746 70 5642 147 85 213 47
leaf_count=47 1746 70 5642 147 85 213 47
internal_value=0.00160097 0.00201284 -0.000651976 0.0272945 0.0588003 -0.00210386 0.0296188
internal_weight=7997 7950 6204 302 155 5902 260
internal_count=7997 7950 6204 302 155 5902 260
is_linear=0
shrinkage=0.02


Tree=624
num_leaves=8
num_cat=1
split_feature=21 42 5 15 42 9 31
split_gain=615.64 960.86 481.678 798.609 835.953 887.309 1428.66
threshold=462676.10000000003 20.205000000000002 0 1.5000000000000002 27.305000000000003 4.5000000000000009 1.0000000180025095e-35
decision_type=10 2 1 2 2 2 2
left_child=2 -2 -1 4 5 6 -4
right_child=1 -3 3 -5 -6 -7 -8
leaf_value=0.009510419514240186 -0.057960807691540633 0.028945459918397105 -0.053727884921519191 -0.017811301804850039 -0.0036836082548177009 0.042353103605882181 0.02817896196218371
leaf_weight=1258 52 494 131 1313 4123 347 223
leaf_count=1258 52 494 131 1313 4123 347 223
internal_value=-0.000177239 0.0202178 -0.00169572 -0.00400766 -0.000244322 0.019867 -0.00245735
internal_weight=7941 546 7395 6137 4824 701 354
internal_count=7941 546 7395 6137 4824 701 354
cat_boundaries=0 1
cat_threshold=1
is_linear=0
shrinkage=0.02


Tree=625
num_leaves=8
num_cat=0
split_feature=56 40 14 21 40 64 32
split_gain=600.169 887.758 609.545 717.309 560.541 668.694 852.172
threshold=54.935000000000009 37.355000000000011 20.035000000000004 245217.30000000002 87.625000000000014 4.5000000000000009 1.0000000180025095e-35
decision_type=2 2 2 10 2 2 2
left_child=4 -2 3 -3 5 6 -1
right_child=1 2 -4 -5 -6 -7 -8
leaf_value=0.0016770730491386667 0.10022254654366908 -0.070225407804908421 0.049186457203967235 0.034785303150614108 0.02793744408679041 0.019235766703638305 -0.013580435184684346
leaf_weight=4792 53 53 79 43 268 583 2103
leaf_count=4792 53 53 79 43 268 583 2103
internal_value=0.000738953 0.0323656 0.00960157 -0.0237958 -0.000212242 -0.00123908 -0.00298299
internal_weight=7974 228 175 96 7746 7478 6895
internal_count=7974 228 175 96 7746 7478 6895
is_linear=0
shrinkage=0.02


Tree=626
num_leaves=8
num_cat=0
split_feature=0 55 54 40 18 16 53
split_gain=540.76 1081.5 600.898 591.29 532.97 1032.93 793.681
threshold=57.500000000000007 52.875000000000007 97.635000000000005 84.560000000000016 227703.90000000002 0.36255000000000004 53.285000000000004
decision_type=2 2 2 2 2 2 2
left_child=3 2 4 -1 -2 6 -6
right_child=1 -3 -4 -5 5 -7 -8
leaf_value=-0.0045330030824888966 0.012812569926790323 -0.02331950114972324 -0.036201681043650652 0.023461015072051873 0.051629158993274339 0.074341095206400129 -0.033327804273680636
leaf_weight=6321 712 298 69 312 77 188 90
leaf_count=6321 712 298 69 312 77 188 90
internal_value=-0.000790569 0.0103246 0.0192138 -0.00319955 0.0229495 0.0428202 0.0062061
internal_weight=8067 1434 1136 6633 1067 355 167
internal_count=8067 1434 1136 6633 1067 355 167
is_linear=0
shrinkage=0.02


Tree=627
num_leaves=8
num_cat=2
split_feature=16 5 7 33 8 58 21
split_gain=770.847 510.909 880.954 1398.63 969.714 762.404 704.904
threshold=0.17090000000000002 0 1 2.5000000000000004 25.095000000000002 32.775000000000013 270024.60000000003
decision_type=2 1 1 2 2 2 8
left_child=-1 2 3 -2 6 -5 -4
right_child=1 -3 4 5 -6 -7 -8
leaf_value=-0.056129110736175651 0.09802527113406509 -0.00333713476555785 0.065427817579196856 0.061475014223158361 -0.01620491602256921 -0.037612187291790798 0.0095533550381489956
leaf_weight=98 106 6578 110 45 546 77 432
leaf_count=98 106 6578 110 45 546 77 432
internal_value=-0.00176848 -0.00105852 0.0102483 0.044734 0.00251143 -8.22728e-05 0.0213876
internal_weight=7992 7894 1316 228 1088 122 542
internal_count=7992 7894 1316 228 1088 122 542
cat_boundaries=0 1 2
cat_threshold=1 24
is_linear=0
shrinkage=0.02


Tree=628
num_leaves=8
num_cat=0
split_feature=16 49 38 40 12 47 53
split_gain=598.492 1022.46 1041.77 662.683 616.703 721.513 573.494
threshold=0.28545000000000004 30.500000000000004 6467.8000000000002 52.035000000000004 36.115000000000002 5.5000000000000009 56.380000000000003
decision_type=2 2 10 2 2 2 2
left_child=1 2 6 -4 -3 -6 -1
right_child=-2 4 3 -5 5 -7 -8
leaf_value=0.049639281708471199 0.0033225648045469651 -0.002352931835487777 -0.072301757404153857 0.015604543845568385 -0.10118010532219433 -0.024341492819476805 -0.0026526142936199905
leaf_weight=157 7275 97 91 51 98 101 173
leaf_count=157 7275 97 91 51 98 101 173
internal_value=0.00154682 -0.0151869 0.00314944 -0.0412729 -0.0439925 -0.0637341 0.0225952
internal_weight=8043 768 472 142 296 199 330
internal_count=8043 768 472 142 296 199 330
is_linear=0
shrinkage=0.02


Tree=629
num_leaves=8
num_cat=1
split_feature=2 8 8 8 34 57 8
split_gain=538.106 1032.83 664.691 751.917 614.192 679.955 678.784
threshold=0 8.5850000000000026 11.470000000000002 12.825000000000001 1.0000000180025095e-35 62.315000000000005 30.305000000000003
decision_type=1 2 2 2 2 2 2
left_child=2 -2 -1 -4 -5 6 -6
right_child=1 -3 3 4 5 -7 -8
leaf_value=-0.047353130465966058 0.038829152510377267 0.00083549378505538537 0.07358586641757385 -0.055812874097450109 0.0038020040513416431 0.029093990757237728 -0.030029694663665434
leaf_weight=171 295 6227 41 97 521 194 429
leaf_count=171 295 6227 41 97 521 194 429
internal_value=0.000121566 0.00257848 -0.0108211 -0.00586736 -0.00877708 -0.00456338 -0.0115529
internal_weight=7975 6522 1453 1282 1241 1144 950
internal_count=7975 6522 1453 1282 1241 1144 950
cat_boundaries=0 1
cat_threshold=9
is_linear=0
shrinkage=0.02


Tree=630
num_leaves=8
num_cat=1
split_feature=16 22 8 55 42 7 8
split_gain=686.107 1023.77 652.558 762.172 507.872 539.13 1134.92
threshold=0.79410000000000014 17555.050000000003 12.825000000000001 45.835000000000008 81.935000000000016 0 28.245000000000001
decision_type=2 2 2 2 2 1 2
left_child=4 2 -2 -4 5 6 -1
right_child=1 -3 3 -5 -6 -7 -8
leaf_value=0.00090248801418252897 0.063490533765326151 0.096971984371387723 0.029588202821965122 -0.082638925581562273 0.017787950382710298 -0.0006257317439267025 -0.056352235285623727
leaf_weight=365 42 67 44 44 538 6645 218
leaf_count=365 42 67 44 44 538 6645 218
internal_value=7.849e-05 0.0364681 0.00284866 -0.0279515 -0.000867474 -0.00226739 -0.0204559
internal_weight=7963 197 130 88 7766 7228 583
internal_count=7963 197 130 88 7766 7228 583
cat_boundaries=0 1
cat_threshold=32
is_linear=0
shrinkage=0.02


Tree=631
num_leaves=8
num_cat=0
split_feature=32 64 41 10 31 57 17
split_gain=669.237 946.351 1214.14 718.914 1025.12 1357.34 788.268
threshold=1.0000000180025095e-35 4.5000000000000009 42.375000000000007 12878.85 1.0000000180025095e-35 49.085000000000008 4416.2000000000007
decision_type=2 2 2 2 2 2 2
left_child=-1 3 -3 4 5 -2 -6
right_child=1 2 -4 -5 6 -7 -8
leaf_value=0.0052761311039685966 -0.033364739434434736 0.057408061741722471 -0.0030990889402196663 -0.0088493885488087048 -0.046600915601985024 -0.16160532732804617 0.062588544990502148
leaf_weight=5113 104 183 449 1986 50 46 46
leaf_count=5113 104 183 449 1986 50 46 46
internal_value=0.000942141 -0.00679089 0.0147343 -0.0129051 -0.0448194 -0.0766363 0.00622738
internal_weight=7977 2864 632 2232 246 150 96
internal_count=7977 2864 632 2232 246 150 96
is_linear=0
shrinkage=0.02


Tree=632
num_leaves=8
num_cat=0
split_feature=23 53 53 21 68 52 56
split_gain=689.427 678.856 1301.21 499.288 477.091 540.711 546.47
threshold=4.3500000000000005 71.115000000000023 68.445000000000007 322797.25000000006 1820341.55 58.635000000000012 46.905000000000008
decision_type=2 2 2 10 2 2 2
left_child=1 2 -1 -3 -2 6 -6
right_child=4 3 -4 -5 5 -7 -8
leaf_value=0.016695269526847238 -0.0025267190056780736 0.068981844972570733 -0.096146158390574984 -0.00050941058224247349 0.019513250255712159 0.057962907211737587 -0.054812479501962663
leaf_weight=443 6955 145 40 57 185 106 45
leaf_count=443 6955 145 40 57 185 106 45
internal_value=0.000411403 0.0195197 0.00646087 0.0498343 -0.001396 0.0217032 0.00411444
internal_weight=7976 685 483 202 7291 336 230
internal_count=7976 685 483 202 7291 336 230
is_linear=0
shrinkage=0.02


Tree=633
num_leaves=8
num_cat=1
split_feature=40 9 8 23 23 5 23
split_gain=543.353 579.454 891.524 808.151 770.858 1009.92 912.108
threshold=84.560000000000016 4.5000000000000009 53.770000000000003 21.150000000000002 17.350000000000005 0 22.850000000000005
decision_type=2 2 2 2 2 1 2
left_child=1 2 4 -3 -1 -6 -7
right_child=-2 3 -4 -5 5 6 -8
leaf_value=0.00071752498458508846 0.02410074376280635 0.0020664645815063197 -0.038834130514474187 0.036043382568773139 -0.045074392276946255 -0.021130936480457746 0.043320413972525035
leaf_weight=3332 354 2994 300 304 357 243 131
leaf_count=3332 354 2994 300 304 357 243 131
internal_value=5.24066e-05 -0.00107382 -0.00585316 0.00524818 -0.0033732 -0.0218975 0.00167379
internal_weight=8015 7661 4363 3298 4063 731 374
internal_count=8015 7661 4363 3298 4063 731 374
cat_boundaries=0 1
cat_threshold=2
is_linear=0
shrinkage=0.02


Tree=634
num_leaves=8
num_cat=0
split_feature=55 9 42 56 23 42 55
split_gain=535.843 669.455 1196.22 754.432 1000.82 958.392 723.837
threshold=38.115000000000002 6.5000000000000009 31.800000000000001 41.82500000000001 4.6500000000000012 34.960000000000008 48.015000000000008
decision_type=2 2 2 2 2 2 2
left_child=-1 3 -3 -2 5 -5 -6
right_child=1 2 -4 4 6 -7 -8
leaf_value=0.010131031417504009 -0.00042568319013934925 0.03632685688415082 -0.0013097377609379162 -0.045860613839966917 -0.037116412439814402 0.060083084679566898 -0.0086480161598624875
leaf_weight=1723 2745 436 1442 44 717 112 715
leaf_count=1723 2745 436 1442 44 717 112 715
internal_value=0.000279465 -0.00245942 0.0075013 -0.00678024 -0.0177289 0.0297053 -0.0229816
internal_weight=7934 6211 1878 4333 1588 156 1432
internal_count=7934 6211 1878 4333 1588 156 1432
is_linear=0
shrinkage=0.02


Tree=635
num_leaves=8
num_cat=0
split_feature=16 16 54 67 49 67 67
split_gain=760.676 655.74 549.042 1097.55 1426.39 1011.81 930.619
threshold=0.26805000000000007 0.27565000000000006 83.065000000000012 23.887008173568699 38.500000000000007 30.485112383453696 21.282391666666673
decision_type=2 2 2 2 2 2 2
left_child=-1 -2 6 -4 5 -5 -3
right_child=1 2 3 4 -6 -7 -8
leaf_value=-0.021370206217235718 0.061930026631388399 0.0048993116215966101 -0.00041376539778728295 -0.11688888447921034 0.033291921429336069 -0.028518253533836843 0.048049296881437026
leaf_weight=605 67 2566 4257 87 75 129 212
leaf_count=605 67 2566 4257 87 75 129 212
internal_value=9.62921e-05 0.00186624 0.00127506 -0.00300359 -0.0402428 -0.0659512 0.00827267
internal_weight=7998 7393 7326 4548 291 216 2778
internal_count=7998 7393 7326 4548 291 216 2778
is_linear=0
shrinkage=0.02


Tree=636
num_leaves=8
num_cat=0
split_feature=32 56 33 14 38 41 8
split_gain=635.103 959.435 745.054 923.57 712.962 887.164 725.387
threshold=1.0000000180025095e-35 55.295000000000009 1.5000000000000002 14.525 3175.2500000000005 83.670000000000016 53.115000000000002
decision_type=2 2 2 2 10 2 2
left_child=1 4 3 -2 5 6 -1
right_child=2 -3 -4 -5 -6 -7 -8
leaf_value=-0.0040076440912845141 0.0097740563505985707 0.056729806236584079 -0.0058950238832613756 -0.093557369632796303 0.011145839858242468 0.048178187010269012 -0.047991022592726744
leaf_weight=2675 56 127 2733 82 2049 119 154
leaf_count=2675 56 127 2733 82 2049 119 154
internal_value=-0.000712365 0.00350652 -0.008235 -0.0527502 0.00209848 -0.00419809 -0.00648238
internal_weight=7995 5124 2871 138 4997 2948 2829
internal_count=7995 5124 2871 138 4997 2948 2829
is_linear=0
shrinkage=0.02


Tree=637
num_leaves=8
num_cat=1
split_feature=68 23 68 67 51 51 7
split_gain=701.086 755.955 758.703 803.386 1014.96 856.363 718.294
threshold=1054345.2500000002 2.5500000000000003 1820341.55 3.9456135003585282 50.775000000000006 16.240000000000006 0
decision_type=2 2 2 2 2 2 1
left_child=-1 -2 3 5 6 -3 -5
right_child=1 2 -4 4 -6 -7 -8
leaf_value=0.0019462328446525556 0.066716448732962216 -0.064954166814746445 0.011180793474504383 -0.015828975970666716 -0.056296451744913566 -0.020170786450563839 0.02806145883545615
leaf_weight=6035 43 237 387 274 117 608 296
leaf_count=6035 43 237 387 274 117 608 296
internal_value=-0.00143198 -0.0118017 -0.0137299 -0.0200385 -0.00392432 -0.0330395 0.00722181
internal_weight=7997 1962 1919 1532 687 845 570
internal_count=7997 1962 1919 1532 687 845 570
cat_boundaries=0 1
cat_threshold=2
is_linear=0
shrinkage=0.02


Tree=638
num_leaves=8
num_cat=1
split_feature=45 18 4 32 12 41 46
split_gain=530.249 651.049 898.793 977.688 867.183 955.282 829.503
threshold=1.0000000180025095e-35 1033211.5500000002 0 1.0000000180025095e-35 61.835000000000008 74.77500000000002 8.5000000000000018
decision_type=2 2 1 2 2 2 2
left_child=1 2 3 4 5 -1 -4
right_child=-2 -3 6 -5 -6 -7 -8
leaf_value=0.0089688468467193968 -0.0046237708459251469 0.031158503994026646 -0.0016352779735627941 -0.0079704377712960552 0.063429346903417241 0.088310750642819194 -0.042750564945796342
leaf_weight=665 4550 357 1414 503 196 62 223
leaf_count=665 4550 357 1414 503 196 62 223
internal_value=-0.000153382 0.00579213 0.00278966 0.0143139 0.0265897 0.0162923 -0.00730484
internal_weight=7970 3420 3063 1426 923 727 1637
internal_count=7970 3420 3063 1426 923 727 1637
cat_boundaries=0 1
cat_threshold=10
is_linear=0
shrinkage=0.02


Tree=639
num_leaves=8
num_cat=0
split_feature=8 40 53 38 38 38 42
split_gain=664.315 622.602 815.077 708.572 624.606 577.215 570.131
threshold=54.410000000000004 52.215000000000011 54.840000000000011 8173.1500000000005 2210.7000000000003 4394.0500000000002 40.775000000000013
decision_type=2 2 2 10 10 10 2
left_child=6 2 -2 4 -4 -3 -1
right_child=1 5 3 -5 -6 -7 -8
leaf_value=0.0094232654357642807 -0.086573481117058718 -0.030145272267735109 -0.026325593404471874 -0.073412147608854006 0.059084394250885915 0.032114501393341002 -0.0023079571496963202
leaf_weight=2488 98 108 77 54 54 121 4938
leaf_count=2488 98 108 77 54 54 121 4938
internal_value=0.00010108 -0.0218203 -0.0413927 -0.0158107 0.00975942 0.00273509 0.00162616
internal_weight=7938 512 283 185 131 229 7426
internal_count=7938 512 283 185 131 229 7426
is_linear=0
shrinkage=0.02


Tree=640
num_leaves=8
num_cat=0
split_feature=16 16 17 41 22 13 22
split_gain=946.544 552.244 1073.38 1221.9 911.75 885.263 518.203
threshold=0.17090000000000002 0.72145000000000015 4882.1500000000005 32.085000000000008 17169.400000000005 343.75000000000006 13552.200000000003
decision_type=2 2 2 2 2 2 2
left_child=-1 -2 5 -4 6 -3 -5
right_child=1 2 3 4 -6 -7 -8
leaf_value=-0.061360442133855476 -0.0018727069638106032 0.02016933298168274 0.080210373294887255 -0.014270820677280428 0.027228466064548817 0.11326638157849443 -0.076216446544442859
leaf_weight=98 7280 99 62 160 142 68 79
leaf_count=98 7280 99 62 160 142 68 79
internal_value=-0.0011231 -0.000336517 0.0178632 0.00138351 -0.0123168 0.0602678 -0.0358888
internal_weight=7988 7890 610 443 381 167 239
internal_count=7988 7890 610 443 381 167 239
is_linear=0
shrinkage=0.02


Tree=641
num_leaves=8
num_cat=0
split_feature=54 33 17 49 24 14 17
split_gain=593.853 981.058 1032.8 970.93 848.42 904.395 1514.41
threshold=82.955000000000013 1.5000000000000002 1044.3000000000002 70.500000000000014 4.5000000000000009 13.055000000000001 5644.7500000000009
decision_type=2 2 2 2 2 2 2
left_child=-1 3 -3 4 5 6 -2
right_child=1 2 -4 -5 -6 -7 -8
leaf_value=0.0073736727722945455 0.082981761585997071 -0.071725500352051746 0.0022576420615154826 -0.10625735308609757 -0.078261004115750155 -0.02294127520846638 -0.017159456558666141
leaf_weight=3053 93 72 3811 46 77 676 154
leaf_count=3053 93 72 3811 46 77 676 154
internal_value=0.000448894 -0.00384341 0.000795344 -0.0209854 -0.0165538 -0.011012 0.0214439
internal_weight=7982 4929 3883 1046 1000 923 247
internal_count=7982 4929 3883 1046 1000 923 247
is_linear=0
shrinkage=0.02


Tree=642
num_leaves=8
num_cat=1
split_feature=22 7 53 12 12 53 23
split_gain=475.082 920.803 905.385 894.249 789.16 733.242 960.051
threshold=11320.400000000001 0 66.00500000000001 20.355000000000004 15.980000000000002 70.745000000000019 4.6500000000000012
decision_type=2 1 2 2 2 2 2
left_child=2 -2 3 4 -1 -4 -7
right_child=1 -3 5 -5 -6 6 -8
leaf_value=-0.016040573347581931 -0.030079574114298468 -0.00098353863771242231 0.056022293197008174 0.0046924441135744776 -0.10508743751261916 0.092013631408864802 0.0040151471037019803
leaf_weight=146 458 5461 213 1085 51 50 510
leaf_count=146 458 5461 213 1085 51 50 510
internal_value=-0.000434183 -0.00331085 0.00783939 -0.00248039 -0.0411239 0.0248604 0.0126169
internal_weight=7974 5919 2055 1282 197 773 560
internal_count=7974 5919 2055 1282 197 773 560
cat_boundaries=0 1
cat_threshold=32
is_linear=0
shrinkage=0.02


Tree=643
num_leaves=8
num_cat=1
split_feature=32 16 54 53 38 4 58
split_gain=695.878 824.646 1068.67 1366.43 970.16 879.234 898.606
threshold=1.0000000180025095e-35 0.38165000000000004 82.955000000000013 29.865000000000006 17577.800000000007 0 39.745000000000012
decision_type=2 2 2 2 8 1 2
left_child=1 5 3 -3 -4 -1 -7
right_child=-2 2 4 -5 -6 6 -8
leaf_value=0.019482454254831763 -0.0086504256870439198 -0.075389463869008161 0.015276129590952814 0.026614977051911053 -0.010244149254834358 -0.001014864087048778 -0.038749726630363267
leaf_weight=299 2911 50 1018 1299 1422 527 480
leaf_count=299 2911 50 1018 1299 1422 527 480
internal_value=-0.000857831 0.00359854 0.00832066 0.0225698 0.000412711 -0.0100809 -0.0189173
internal_weight=8006 5095 3789 1349 2440 1306 1007
internal_count=8006 5095 3789 1349 2440 1306 1007
cat_boundaries=0 1
cat_threshold=2
is_linear=0
shrinkage=0.02


Tree=644
num_leaves=8
num_cat=0
split_feature=16 8 14 33 48 67 54
split_gain=500.708 660.089 572.722 792.382 1238.11 635.74 1419.35
threshold=0.26345000000000002 36.275000000000013 40.695000000000007 1.5000000000000002 3.5000000000000004 23.887008173568699 80.115000000000023
decision_type=2 2 2 2 2 2 2
left_child=1 -1 5 4 -4 -2 -7
right_child=2 -3 3 -5 -6 6 -8
leaf_value=-0.0042752816966500412 0.0057585804313308496 -0.053592672513187702 0.010661468250410897 -0.0041510368952168584 -0.11873531419564697 0.036614994672163739 -0.043406655259794161
leaf_weight=436 6438 140 51 410 63 122 292
leaf_count=436 6438 140 51 410 63 122 292
internal_value=0.00125737 -0.0166202 0.00266376 -0.0173906 -0.0628316 0.00420896 -0.0196699
internal_weight=7952 576 7376 524 114 6852 414
internal_count=7952 576 7376 524 114 6852 414
is_linear=0
shrinkage=0.02


Tree=645
num_leaves=8
num_cat=0
split_feature=46 24 46 22 14 14 51
split_gain=617.569 710.131 491.446 820.347 769.015 991.448 826.436
threshold=1.0000000180025095e-35 1.5000000000000002 3.5000000000000004 28469.050000000003 16.115000000000006 32.695000000000007 25.015000000000004
decision_type=2 2 2 2 2 2 2
left_child=1 -1 3 4 -2 6 -6
right_child=2 -3 -4 -5 5 -7 -8
leaf_value=0.016900270394980908 -0.0041710338682549404 -0.082882519728177562 -0.0036205435985146328 -0.049499675035476684 0.054096627145668083 -0.01263012755162643 0.014028984382111802
leaf_weight=43 797 72 5846 90 373 256 463
leaf_count=43 797 72 5846 90 373 256 463
internal_value=-0.00139516 -0.0464228 -0.000704191 0.00789818 0.0107563 0.0216204 0.0321214
internal_weight=7940 115 7825 1979 1889 1092 836
internal_count=7940 115 7825 1979 1889 1092 836
is_linear=0
shrinkage=0.02


Tree=646
num_leaves=8
num_cat=0
split_feature=33 38 48 58 57 12 60
split_gain=632.216 1362.42 896.323 869.001 633.495 615.414 584.189
threshold=1.0000000180025095e-35 12931.100000000002 4.5000000000000009 48.495000000000012 35.785000000000004 19.995000000000001 1.0000000180025095e-35
decision_type=2 8 2 2 2 2 2
left_child=1 -1 3 4 -3 6 -2
right_child=5 2 -4 -5 -6 -7 -8
leaf_value=-0.10820646143320835 -0.024930159038243197 -0.056951750682459938 -0.041745735250595141 0.095900038008888577 0.031719709575176239 0.0029194855087203131 0.0081527320724447787
leaf_weight=61 649 49 159 43 75 6597 314
leaf_count=61 649 49 159 43 75 6597 314
internal_value=-0.000547246 -0.0253126 -0.00840156 0.023636 -0.00416913 0.000736397 -0.0141566
internal_weight=7947 387 326 167 124 7560 963
internal_count=7947 387 326 167 124 7560 963
is_linear=0
shrinkage=0.02


Tree=647
num_leaves=8
num_cat=0
split_feature=55 49 24 49 14 0 55
split_gain=717.025 867.577 662.068 838.674 760.484 673.552 1137.77
threshold=37.995000000000012 5.5000000000000009 1.5000000000000002 59.500000000000007 31.370000000000001 43.500000000000007 29.305000000000003
decision_type=2 2 2 2 2 2 2
left_child=1 -1 3 5 -4 6 -3
right_child=-2 2 4 -5 -6 -7 -8
leaf_value=-0.064891026441393232 -0.0032321821461225369 0.084461733053942209 -0.0026816174363521856 0.10999688907241335 0.044814499717064298 0.050092387283426021 -0.010306883599422872
leaf_weight=53 6238 56 917 44 153 222 295
leaf_count=53 6238 56 917 44 153 222 295
internal_value=-6.42657e-05 0.0112696 0.013847 0.0302587 0.00428673 0.0232371 0.0057868
internal_weight=7978 1740 1687 617 1070 573 351
internal_count=7978 1740 1687 617 1070 573 351
is_linear=0
shrinkage=0.02


Tree=648
num_leaves=8
num_cat=0
split_feature=9 44 14 17 58 17 49
split_gain=746.893 719.242 1154.59 997.722 973.907 954.316 660.656
threshold=1.5000000000000002 1.0000000180025095e-35 12.205000000000002 10454.500000000002 46.895000000000003 77912.35000000002 12.500000000000002
decision_type=2 2 2 2 2 2 2
left_child=1 3 6 -1 -5 -4 -3
right_child=-2 2 5 4 -6 -7 -8
leaf_value=-0.0053641655502038275 0.0032405229522739732 -0.031414934936123837 -0.017687661008468924 -0.035753683109084763 -0.13304336032417954 0.054907336326969133 0.035976469263022899
leaf_weight=241 5788 66 1268 145 56 72 339
leaf_count=241 5788 66 1268 145 56 72 339
internal_value=-0.000522433 -0.010466 -0.00465319 -0.0331058 -0.0654306 -0.0135974 0.024745
internal_weight=7975 2187 1745 442 201 1340 405
internal_count=7975 2187 1745 442 201 1340 405
is_linear=0
shrinkage=0.02


Tree=649
num_leaves=8
num_cat=0
split_feature=21 22 53 42 42 53 53
split_gain=447.762 1070.8 819.62 811.869 692.609 908.319 1225.77
threshold=451812.50000000006 9729.5000000000018 61.615000000000002 20.205000000000002 60.365000000000002 68.445000000000007 75.550000000000026
decision_type=10 2 2 2 2 2 2
left_child=-1 2 -2 -3 5 -5 -7
right_child=1 3 -4 4 -6 6 -8
leaf_value=-0.0023933193185914341 -0.10919295095978951 -0.04802259812752406 0.013718458414077759 0.026214719252021994 0.0012514776695105765 0.16793520035819626 0.029198613454729822
leaf_weight=7350 40 49 40 202 166 48 54
leaf_count=7350 40 49 40 202 166 48 54
internal_value=-0.00103454 0.0155201 -0.0505453 0.0260888 0.0342394 0.0519409 0.099283
internal_weight=7949 599 80 519 470 304 102
internal_count=7949 599 80 519 470 304 102
is_linear=0
shrinkage=0.02


Tree=650
num_leaves=8
num_cat=0
split_feature=40 31 46 57 10 41 10
split_gain=528.004 665.844 489.136 528.53 760.103 792.754 875.125
threshold=84.560000000000016 1.0000000180025095e-35 11.500000000000002 41.605000000000011 24119.100000000002 68.115000000000023 20381.900000000005
decision_type=2 2 2 2 2 2 2
left_child=2 -2 3 -1 5 6 -5
right_child=1 -3 -4 4 -6 -7 -8
leaf_value=0.0038809386001894537 0.055628837847248896 0.00065400747469691336 -0.03318604141028355 -0.0094889416177273856 -0.015893925818403258 0.044000429682350364 0.043838552988858685
leaf_weight=4738 147 210 179 843 1625 174 139
leaf_count=4738 147 210 179 843 1625 174 139
internal_value=0.000140492 0.0237464 -0.000968951 -0.000180436 -0.00709436 0.00529044 -0.00175671
internal_weight=8055 357 7698 7519 2781 1156 982
internal_count=8055 357 7698 7519 2781 1156 982
is_linear=0
shrinkage=0.02


Tree=651
num_leaves=8
num_cat=1
split_feature=40 33 51 16 46 68 7
split_gain=689.819 425.15 426.685 835.508 865.019 977.91 725.706
threshold=5.6100000000000003 6.5000000000000009 32.095000000000006 0.61585000000000012 6.5000000000000009 838565.95000000007 0
decision_type=2 2 2 2 2 2 1
left_child=-1 2 -2 4 -4 6 -6
right_child=1 -3 3 -5 5 -7 -8
leaf_value=-0.046813711405040759 -0.0032926938912443259 0.060701650920066429 0.0091108603508328959 0.028197048623378095 -0.010134164046281749 0.013471246770624182 -0.061227696386213129
leaf_weight=119 4839 42 1675 561 263 267 202
leaf_count=119 4839 42 1675 561 263 267 202
internal_value=-9.46764e-06 0.00072949 0.000368208 0.00633241 0.00118852 -0.0168786 -0.0342632
internal_weight=7968 7849 7807 2968 2407 732 465
internal_count=7968 7849 7807 2968 2407 732 465
cat_boundaries=0 1
cat_threshold=3
is_linear=0
shrinkage=0.02


Tree=652
num_leaves=8
num_cat=0
split_feature=0 41 46 68 40 14 57
split_gain=757.306 750.451 826.506 651.322 644.911 715.272 980.504
threshold=21.500000000000004 29.290000000000003 3.5000000000000004 276748.35000000003 72.590000000000018 11.715000000000002 13.485000000000001
decision_type=2 2 2 2 2 2 2
left_child=1 -1 3 -3 5 -4 -7
right_child=-2 2 4 -5 -6 6 -8
leaf_value=0.042545253781423174 0.0020814294850322991 -0.012412049835309006 0.0031643423085571617 0.083629429525799229 -0.00058101595964974275 0.022068129468422671 -0.074348666996580284
leaf_weight=68 7211 73 88 40 162 47 287
leaf_count=68 7211 73 88 40 162 47 287
internal_value=6.96115e-05 -0.0187844 -0.0250282 0.023688 -0.0345756 -0.047466 -0.0606557
internal_weight=7976 765 697 113 584 422 334
internal_count=7976 765 697 113 584 422 334
is_linear=0
shrinkage=0.02


Tree=653
num_leaves=8
num_cat=0
split_feature=12 41 33 57 16 23 46
split_gain=666.866 804.37 835.791 787.484 676.232 516.745 750.639
threshold=7.3150000000000004 30.925000000000001 1.5000000000000002 46.960000000000008 0.17090000000000002 5.1500000000000012 3.5000000000000004
decision_type=2 2 2 2 2 2 2
left_child=1 -1 -3 -4 -2 6 -6
right_child=4 2 3 -5 5 -7 -8
leaf_value=-0.097572318327020527 -0.049523583735945155 -0.070059982454894407 0.031275271267037497 -0.054174431828161083 0.044708578901872097 7.8035665162719955e-05 0.0049927082003018604
leaf_weight=50 98 71 149 55 256 6645 709
leaf_count=50 98 71 149 55 256 6645 709
internal_value=0.000189927 -0.0276518 -0.0134237 0.00749247 0.00138101 0.00206864 0.0157049
internal_weight=8033 325 275 204 7708 7610 965
internal_count=8033 325 275 204 7708 7610 965
is_linear=0
shrinkage=0.02


Tree=654
num_leaves=8
num_cat=1
split_feature=9 57 45 4 56 65 9
split_gain=767.433 716.102 715.577 872.544 744.491 628.825 598.658
threshold=17.500000000000004 10.745000000000003 1.0000000180025095e-35 0 29.525000000000002 0.58571428571428574 4.5000000000000009
decision_type=2 2 2 1 2 2 2
left_child=2 -2 6 4 5 -4 -1
right_child=1 -3 3 -5 -6 -7 -8
leaf_value=-0.00055394154980193636 -0.045666903843913149 0.03608208590535153 -0.12690071491524577 -0.00093223643337641952 -0.016709097748958946 -0.020132792717590928 0.016895444710103964
leaf_weight=1945 44 375 43 3359 919 45 1315
leaf_count=1945 44 375 43 3359 919 45 1315
internal_value=0.000871164 0.0270602 -0.000584543 -0.00587565 -0.0220519 -0.0763212 0.00649979
internal_weight=8045 419 7626 4366 1007 88 3260
internal_count=8045 419 7626 4366 1007 88 3260
cat_boundaries=0 1
cat_threshold=8
is_linear=0
shrinkage=0.02


Tree=655
num_leaves=8
num_cat=0
split_feature=40 0 49 60 53 57 51
split_gain=556.411 538.48 910.129 768.919 577.926 710.373 596.29
threshold=8.9700000000000024 68.500000000000014 31.500000000000004 1.0000000180025095e-35 70.305000000000021 38.195000000000007 43.335000000000008
decision_type=2 2 2 2 2 2 2
left_child=-1 -2 4 -4 5 -3 -7
right_child=1 2 3 -5 -6 6 -8
leaf_value=-0.034746968041467409 -0.0004970030144027188 0.06183097258480566 -0.054778825088658119 0.037391799419156969 0.10881622313211362 0.035626393181306344 -0.060842240142578982
leaf_weight=176 7406 119 83 57 43 49 44
leaf_count=176 7406 119 83 57 43 49 44
internal_value=-8.04261e-05 0.000723449 0.0233263 -0.0172569 0.0455107 0.030459 -0.0107903
internal_weight=7977 7801 395 140 255 212 93
internal_count=7977 7801 395 140 255 212 93
is_linear=0
shrinkage=0.02


Tree=656
num_leaves=8
num_cat=0
split_feature=16 10 57 33 32 53 56
split_gain=681.682 595.198 691.084 495.216 635.247 714.451 1071.76
threshold=0.77885000000000015 12000.050000000001 40.375000000000007 5.5000000000000009 1.0000000180025095e-35 85.855000000000004 46.525000000000013
decision_type=2 2 2 2 2 2 2
left_child=3 -2 -3 4 5 -1 -7
right_child=1 2 -4 -5 -6 6 -8
leaf_value=0.00020932829966670716 0.081114686900671099 0.042111120020910615 -0.033687057246135764 0.027355260940656358 -0.010036916214433906 0.050532355698628156 -0.040755256184122776
leaf_weight=4561 66 119 74 231 2602 241 61
leaf_count=4561 66 119 74 231 2602 241 61
internal_value=-8.7167e-05 0.0315138 0.0129318 -0.00117043 -0.00207086 0.00219739 0.03173
internal_weight=7955 259 193 7696 7465 4863 302
internal_count=7955 259 193 7696 7465 4863 302
is_linear=0
shrinkage=0.02


Tree=657
num_leaves=8
num_cat=0
split_feature=32 52 17 58 20 37 13
split_gain=848.261 806.192 838.891 895.619 816.977 760.803 679.484
threshold=1.0000000180025095e-35 66.350000000000009 53854.30000000001 35.065000000000005 1091026.8 0.39230000000000004 372.15000000000003
decision_type=2 2 2 2 10 2 2
left_child=1 2 -1 -4 -3 -5 -2
right_child=6 4 3 5 -6 -7 -8
leaf_value=-8.1151313255691077e-05 -0.014069194307210278 0.014759515883247568 -0.0096051583315657323 0.081143508728037203 0.064447950553504912 -0.0025981871875432822 0.0061580606626638144
leaf_weight=3781 1874 881 124 149 152 60 1024
leaf_count=3781 1874 881 124 149 152 60 1024
internal_value=0.00172383 0.00659475 0.00261736 0.0328052 0.0223461 0.0576038 -0.00692366
internal_weight=8045 5147 4114 333 1033 209 2898
internal_count=8045 5147 4114 333 1033 209 2898
is_linear=0
shrinkage=0.02


Tree=658
num_leaves=8
num_cat=1
split_feature=7 12 67 33 68 23 6
split_gain=524.457 862.818 1053.02 876.397 841.578 747.392 1201.93
threshold=0 51.055000000000007 13.118405517681294 1.5000000000000002 333390.25000000006 12.250000000000002 1.0000000180025095e-35
decision_type=1 2 2 2 2 2 2
left_child=1 2 3 4 -1 6 -3
right_child=-2 5 -4 -5 -6 -7 -8
leaf_value=-0.014534738089357105 0.00049454473925108404 -0.086079417641432787 -0.11385162801073309 -0.0019729322250673755 -0.11970051352183024 0.064733512793915177 0.041116090197773549
leaf_weight=65 7343 48 52 283 55 74 63
leaf_count=65 7343 48 52 283 55 74 63
internal_value=-0.00103539 -0.0181826 -0.0331678 -0.0214894 -0.0655957 0.0176191 -0.0152269
internal_weight=7983 640 455 403 120 185 111
internal_count=7983 640 455 403 120 185 111
cat_boundaries=0 1
cat_threshold=32
is_linear=0
shrinkage=0.02


Tree=659
num_leaves=8
num_cat=0
split_feature=50 9 0 52 67 15 33
split_gain=556.675 542.469 831.277 584.068 749.047 532.616 558.227
threshold=3.5000000000000004 20.500000000000004 69.500000000000014 37.355000000000011 10.521962598394284 1.5000000000000002 2.5000000000000004
decision_type=2 2 2 2 2 2 2
left_child=1 -1 3 -3 -5 6 -2
right_child=5 2 -4 4 -6 -7 -8
leaf_value=-0.002023130845233357 0.094045810138185817 0.1024041645169879 -0.027838177144763287 0.059081724777997259 -0.042725892543792721 -0.027966236940452031 0.021461930084409137
leaf_weight=7463 55 55 72 78 40 51 160
leaf_count=7463 55 55 72 78 40 51 160
internal_value=-6.37994e-05 -0.00105366 0.0279273 0.0512661 0.0242367 0.0281102 0.0417453
internal_weight=7974 7708 245 173 118 266 215
internal_count=7974 7708 245 173 118 266 215
is_linear=0
shrinkage=0.02


Tree=660
num_leaves=8
num_cat=0
split_feature=0 17 49 33 23 17 49
split_gain=421.624 752.603 825.839 846.394 1275.76 788.711 1135.87
threshold=24.500000000000004 4545.5000000000009 39.500000000000007 1.5000000000000002 16.650000000000002 2537.6500000000001 31.500000000000004
decision_type=2 2 2 2 2 2 2
left_child=1 5 3 -3 -5 6 -1
right_child=-2 2 -4 4 -6 -7 -8
leaf_value=0.020618472700810124 0.00067328705529739975 -0.072355393144327249 0.014817457491351714 0.0014949745296869638 -0.098157825313392094 0.038325117776268403 -0.07866594283998786
leaf_weight=111 7056 180 150 260 59 185 72
leaf_count=111 7056 180 150 260 59 185 72
internal_value=-0.0010652 -0.0130712 -0.0259556 -0.0382375 -0.0181665 0.00969501 -0.0194975
internal_weight=8073 1017 649 499 319 368 183
internal_count=8073 1017 649 499 319 368 183
is_linear=0
shrinkage=0.02


Tree=661
num_leaves=8
num_cat=0
split_feature=16 56 53 64 34 46 53
split_gain=532.329 829.754 705.707 659.38 1728.46 1034.63 1268.11
threshold=0.26805000000000007 41.185000000000009 52.165000000000006 2.5000000000000004 3.5000000000000004 4.5000000000000009 66.445000000000007
decision_type=2 2 2 2 2 2 2
left_child=1 -1 -3 4 5 -2 -7
right_child=3 2 -4 -5 -6 6 -8
leaf_value=0.0031746891183110906 -0.0077928826319920421 0.0064273690926023273 -0.065091413921871025 -0.00079800076183831432 0.1080415890549552 0.037199103149300125 -0.0046186127221832674
leaf_weight=366 859 78 177 5249 68 736 475
leaf_count=366 859 78 177 5249 68 736 475
internal_value=0.00151922 -0.0161907 -0.0435122 0.00301798 0.0123666 0.00897087 0.0208451
internal_weight=8008 621 255 7387 2138 2070 1211
internal_count=8008 621 255 7387 2138 2070 1211
is_linear=0
shrinkage=0.02


Tree=662
num_leaves=8
num_cat=0
split_feature=16 62 47 68 46 0 68
split_gain=646.925 623.316 1264.16 926.288 840.236 630.213 564.803
threshold=0.50155000000000005 1.0000000180025095e-35 4.5000000000000009 1041138.9000000001 3.5000000000000004 40.500000000000007 654721.55000000016
decision_type=2 2 2 2 2 2 2
left_child=-1 -2 3 6 -5 -4 -3
right_child=1 2 5 4 -6 -7 -8
leaf_value=-0.0034796898061788175 0.013210603962501772 -0.059579580550392468 -0.0088398565792204183 -0.017891122203852451 -0.11409832830509442 0.026756619653509311 0.023495366800467946
leaf_weight=4241 2623 43 409 65 84 379 98
leaf_count=4241 2623 43 409 65 84 379 98
internal_value=0.00185109 0.00795612 -0.0048311 -0.0401591 -0.0740723 0.00834154 -0.00301231
internal_weight=7942 3701 1078 290 149 788 141
internal_count=7942 3701 1078 290 149 788 141
is_linear=0
shrinkage=0.02


Tree=663
num_leaves=8
num_cat=0
split_feature=16 40 17 56 52 40 52
split_gain=684.964 747.739 958.446 892.354 640.812 596.668 1094.02
threshold=0.72825000000000006 60.895000000000003 4882.1500000000005 39.445000000000007 92.180000000000021 58.175000000000004 29.915000000000003
decision_type=2 2 2 2 2 2 2
left_child=4 2 -2 -4 5 -1 -7
right_child=1 -3 3 -5 -6 6 -8
leaf_value=-0.00606860753642022 0.092754297655882306 -0.009670640985020483 -0.023459205702285515 0.050088281148399409 0.041240475450193499 0.044486189233774155 0.0013307286673605373
leaf_weight=4955 92 193 112 148 134 259 2140
leaf_count=4955 92 193 112 148 134 259 2140
internal_value=0.000277688 0.0218203 0.0389802 0.0185614 -0.00130376 -0.00210647 0.0060727
internal_weight=8033 545 352 260 7488 7354 2399
internal_count=8033 545 352 260 7488 7354 2399
is_linear=0
shrinkage=0.02


Tree=664
num_leaves=8
num_cat=0
split_feature=22 68 49 52 49 40 46
split_gain=548.467 520.121 844.829 1097.81 837.448 860.916 716.736
threshold=6257.7500000000009 172585.30000000002 4.5000000000000009 49.195000000000007 67.500000000000014 30.690000000000001 3.5000000000000004
decision_type=2 2 2 2 2 2 2
left_child=-1 4 3 -3 5 -2 -7
right_child=1 2 -4 -5 -6 6 -8
leaf_value=-0.040833087826613337 -0.039152486764259788 -0.1190741296492371 0.0046815351347931633 0.010593357441718118 -0.065740193398957397 0.030242634280862761 -0.0059861228775858382
leaf_weight=123 250 46 5949 52 92 263 1176
leaf_count=123 250 46 5949 52 92 263 1176
internal_value=0.000232906 0.000903821 0.00370207 -0.0530967 -0.00858078 -0.00528245 0.000717046
internal_weight=7951 7828 6047 98 1781 1689 1439
internal_count=7951 7828 6047 98 1781 1689 1439
is_linear=0
shrinkage=0.02


Tree=665
num_leaves=8
num_cat=0
split_feature=16 20 58 22 23 66 38
split_gain=543.813 601.817 637.444 564.363 563.791 466.119 397.866
threshold=0.77305000000000013 1244246.9000000001 28.565000000000001 18085.850000000002 11.350000000000003 0.81250000000000011 14073.250000000002
decision_type=2 8 2 2 2 2 8
left_child=5 4 -3 -4 -2 6 -1
right_child=1 2 3 -5 -6 -7 -8
leaf_value=0.0046848787660637992 -0.058612866976632268 0.10847030597574571 -0.0032884471777539989 0.075999892101556596 0.037302462076363355 0.060749585363268861 -0.0044847139457282791
leaf_weight=3334 48 46 99 51 41 45 4365
leaf_count=3334 48 46 99 51 41 45 4365
internal_value=0.000888412 0.0277773 0.0469949 0.0252516 -0.0147933 -0.000118455 -0.00051342
internal_weight=8029 285 196 150 89 7744 7699
internal_count=8029 285 196 150 89 7744 7699
is_linear=0
shrinkage=0.02


Tree=666
num_leaves=8
num_cat=0
split_feature=48 57 42 23 51 57 16
split_gain=543.202 601.617 717.543 770.527 566.118 475.662 421.887
threshold=18.500000000000004 50.485000000000007 45.875000000000007 8.5500000000000025 19.570000000000004 18.265000000000004 0.17090000000000002
decision_type=2 2 2 2 2 2 2
left_child=6 2 3 -2 -5 -4 -1
right_child=1 -3 5 4 -6 -7 -8
leaf_value=-0.043636830247938629 -0.0025724561295726086 0.024593602835413921 -0.059725282087635535 -0.036137730468143808 -0.1367516453777041 0.011386199248206877 -7.5470019077574841e-05
leaf_weight=85 50 78 47 42 58 132 7489
leaf_count=85 50 78 47 42 58 132 7489
internal_value=-0.00180976 -0.0241744 -0.0359315 -0.0674536 -0.0982269 -0.00840112 -0.000592807
internal_weight=7981 407 329 150 100 179 7574
internal_count=7981 407 329 150 100 179 7574
is_linear=0
shrinkage=0.02


Tree=667
num_leaves=8
num_cat=0
split_feature=45 51 16 34 41 55 49
split_gain=646.185 888.943 876.822 759.16 993.023 664.067 995.913
threshold=1.0000000180025095e-35 11.505000000000001 0.32955000000000007 2.5000000000000004 73.515000000000015 47.375000000000007 65.500000000000014
decision_type=2 2 2 2 2 2 2
left_child=1 3 -3 4 -1 -4 -7
right_child=-2 2 5 -5 -6 6 -8
leaf_value=-0.032238829092135129 -0.0047021485974883875 -0.012636039903759957 0.026160231894006607 0.026243458232736289 0.05152217924594879 0.0094667480922821755 -0.074907079920172689
leaf_weight=516 4557 470 1342 153 59 828 55
leaf_count=516 4557 470 1342 153 59 828 55
internal_value=0.000228346 0.00678954 0.0120841 -0.0127593 -0.0232742 0.0173225 0.00381912
internal_weight=7980 3423 2695 728 575 2225 883
internal_count=7980 3423 2695 728 575 2225 883
is_linear=0
shrinkage=0.02


Tree=668
num_leaves=8
num_cat=1
split_feature=16 42 42 0 2 53 14
split_gain=576.036 770.201 954.288 719.606 806.44 883.508 751.85
threshold=0.53735000000000011 13.175000000000002 43.845000000000006 53.500000000000007 0 64.805000000000021 9.6550000000000029
decision_type=2 2 2 2 1 2 2
left_child=-1 -2 3 4 5 -3 -6
right_child=1 2 -4 -5 6 -7 -8
leaf_value=-0.0048154285889553125 -0.042471463897824288 0.01347772466761249 0.00018227127387126851 0.060965774257413362 -0.056330682754516602 0.090442724564561136 0.011460008359775091
leaf_weight=4941 120 138 1978 171 70 103 509
leaf_count=4941 120 138 1978 171 70 103 509
internal_value=-0.000581686 0.00618722 0.00822199 0.0241875 0.0161949 0.0456841 0.00280411
internal_weight=8030 3089 2969 991 820 241 579
internal_count=8030 3089 2969 991 820 241 579
cat_boundaries=0 1
cat_threshold=18
is_linear=0
shrinkage=0.02


Tree=669
num_leaves=8
num_cat=0
split_feature=64 33 52 54 68 49 49
split_gain=654.347 2244.97 1699.15 1586.9 1223.61 1180.64 1106.01
threshold=2.5000000000000004 3.5000000000000004 65.310000000000016 93.095000000000013 1263257.9000000001 56.500000000000007 63.500000000000007
decision_type=2 2 2 2 2 2 2
left_child=1 2 4 -3 5 -1 -7
right_child=-2 3 -4 -5 -6 6 -8
leaf_value=-0.0071818096969116039 -0.0039106494919919337 0.030225725588550915 0.037781060942726041 0.13616620147373618 -0.051481202946129172 0.13206398684927759 0.01575147783604719
leaf_weight=1288 5642 196 408 77 215 42 113
leaf_count=1288 5642 196 408 77 215 42 113
internal_value=-0.000223532 0.00865969 0.00147625 0.062018 -0.00754436 -0.000842816 0.0504105
internal_weight=7981 2339 2066 273 1658 1443 155
internal_count=7981 2339 2066 273 1658 1443 155
is_linear=0
shrinkage=0.02


Tree=670
num_leaves=8
num_cat=0
split_feature=43 47 17 53 13 23 14
split_gain=536.477 717.22 789.568 996.562 1528.82 1332.46 911.156
threshold=1.0000000180025095e-35 9.5000000000000018 17694.450000000004 50.225000000000001 373.05000000000007 18.750000000000004 32.695000000000007
decision_type=2 2 2 2 2 2 2
left_child=1 2 3 -1 5 -5 -4
right_child=-2 -3 6 4 -6 -7 -8
leaf_value=0.00466792603392472 0.0013601470306787938 0.017206232657608313 0.015711111989814123 -0.067924429077354284 0.0035121242863577653 0.017067218022214042 -0.059681367319822307
leaf_weight=323 6050 307 438 478 259 85 70
leaf_count=323 6050 307 438 478 259 85 70
internal_value=-0.00158767 -0.0106671 -0.0158801 -0.0250549 -0.036692 -0.0550554 0.00484195
internal_weight=8010 1960 1653 1145 822 563 508
internal_count=8010 1960 1653 1145 822 563 508
is_linear=0
shrinkage=0.02


Tree=671
num_leaves=8
num_cat=0
split_feature=40 64 46 13 10 14 44
split_gain=545.666 817.953 677.514 815.428 615.736 1129.54 1165.87
threshold=87.625000000000014 3.5000000000000004 11.500000000000002 304.45000000000005 12706.300000000001 24.990000000000006 1.0000000180025095e-35
decision_type=2 2 2 2 2 2 2
left_child=2 -2 4 -4 5 6 -1
right_child=1 -3 3 -5 -6 -7 -8
leaf_value=-0.043755041515887383 0.060078203991055491 -0.010775966738650869 0.025883511299717017 -0.064769082181983531 0.0024082734346731575 -0.044603809199986015 0.011503099589413422
leaf_weight=193 140 116 53 130 6294 327 663
leaf_count=193 140 116 53 130 6294 327 663
internal_value=-5.72292e-05 0.028381 -0.00102554 -0.0385244 -8.2622e-05 -0.0132895 -0.00113755
internal_weight=7916 256 7660 183 7477 1183 856
internal_count=7916 256 7660 183 7477 1183 856
is_linear=0
shrinkage=0.02


Tree=672
num_leaves=8
num_cat=0
split_feature=16 20 66 56 14 56 46
split_gain=644.335 1015.4 591.499 743.249 860.826 725.929 548.791
threshold=0.77305000000000013 1244246.9000000001 1.0000000180025095e-35 37.495000000000012 17.205000000000002 45.235000000000007 1.5000000000000002
decision_type=2 8 2 2 2 2 2
left_child=2 -2 3 4 -1 -5 -4
right_child=1 -3 6 5 -6 -7 -8
leaf_value=0.056427009773254398 -0.030104727450498317 0.051831121121961359 -0.02132585435172428 -0.083830204979848055 -0.036064808695823299 -0.0088118343551953637 0.00099248971820389852
leaf_weight=70 81 206 466 113 82 94 6846
leaf_count=70 81 206 466 113 82 94 6846
internal_value=-0.000573593 0.0285868 -0.0016825 -0.0265658 0.00697062 -0.0507752 -0.000443478
internal_weight=7958 287 7671 359 152 207 7312
internal_count=7958 287 7671 359 152 207 7312
is_linear=0
shrinkage=0.02


Tree=673
num_leaves=8
num_cat=0
split_feature=23 52 68 68 27 53 14
split_gain=588.493 779.166 503.989 453.421 622.703 695.28 437.439
threshold=2.9500000000000006 37.105000000000011 1820341.55 1651963.3 1.0000000180025095e-35 68.110000000000014 17.475000000000005
decision_type=2 2 2 2 2 2 2
left_child=1 -1 3 -2 5 6 -5
right_child=2 -3 -4 4 -6 -7 -8
leaf_value=-0.02712553164099946 -0.0010713595102232439 0.053393341859511903 0.022072378052120933 -0.11822352551469772 0.034371921774413852 0.0071350588767152079 -0.027729155063629149
leaf_weight=63 7169 168 364 53 40 52 40
leaf_count=63 7169 168 364 53 40 52 40
internal_value=0.000213722 0.0313242 -0.000737093 -0.00188032 -0.0323755 -0.0513205 -0.0827018
internal_weight=7949 231 7718 7354 185 145 93
internal_count=7949 231 7718 7354 185 145 93
is_linear=0
shrinkage=0.02


Tree=674
num_leaves=8
num_cat=2
split_feature=0 57 7 30 12 14 2
split_gain=613.251 895.565 695.487 1103.06 978.465 995.373 934.818
threshold=24.500000000000004 9.4600000000000026 0 1.0000000180025095e-35 15.385000000000003 11.865 1
decision_type=2 2 1 2 2 2 1
left_child=1 -1 3 4 5 -2 -6
right_child=2 -3 -4 -5 6 -7 -8
leaf_value=0.054644003578684708 0.018884052329593237 -0.019029537505732896 0.0058814708300523487 0.020658268446771381 0.011099700228020709 -0.094873882694736761 -0.025541926156545557
leaf_weight=66 40 970 5336 385 450 110 694
leaf_count=66 40 970 5336 385 450 110 694
internal_value=0.000229124 -0.0140961 0.00235326 -0.00882636 -0.0177125 -0.0649078 -0.0112688
internal_weight=8051 1036 7015 1679 1294 150 1144
internal_count=8051 1036 7015 1679 1294 150 1144
cat_boundaries=0 1 2
cat_threshold=36 164
is_linear=0
shrinkage=0.02


Tree=675
num_leaves=8
num_cat=0
split_feature=44 16 21 10 58 38 9
split_gain=480.147 819.75 856.574 1180.14 830.978 942.398 995.449
threshold=1.0000000180025095e-35 0.58570000000000011 361442.90000000008 24523.900000000005 40.195000000000007 4817.4000000000005 10.500000000000002
decision_type=2 2 10 2 2 10 2
left_child=1 2 4 -4 -1 -6 -7
right_child=-2 -3 3 -5 5 6 -8
leaf_value=-0.009450536940146137 0.0023193084404426498 0.012040026458286883 0.074905610515974289 -0.021049895857577213 -0.070551108257191728 0.022710917803451296 -0.075638349824434806
leaf_weight=513 6373 481 81 123 263 118 57
leaf_count=513 6373 481 81 123 263 118 57
internal_value=-0.000163178 -0.00981125 -0.0189239 0.0179306 -0.026882 -0.0469612 -0.0105341
internal_weight=8009 1636 1155 204 951 438 175
internal_count=8009 1636 1155 204 951 438 175
is_linear=0
shrinkage=0.02


Tree=676
num_leaves=8
num_cat=1
split_feature=22 7 38 22 54 16 0
split_gain=466.856 686.133 773.878 963.861 736.224 821.077 791.37
threshold=10900.950000000003 0 8369.3500000000022 19948.900000000005 73.385000000000005 0.17090000000000002 78.500000000000014
decision_type=2 1 10 2 2 2 2
left_child=-1 2 3 -2 -3 -6 -7
right_child=1 4 -4 -5 5 6 -8
leaf_value=0.0088325670532621806 -0.062764087587716136 0.018350959361950851 0.01847744558406763 0.0065110641505902378 -0.080930123086328867 -0.001700352490879239 -0.081676730188727384
leaf_weight=1852 241 709 116 118 49 4893 45
leaf_count=1852 241 709 116 118 49 4893 45
internal_value=3.97283e-05 -0.00260414 -0.0253129 -0.0402173 -0.000644336 -0.00336186 -0.00251106
internal_weight=8023 6171 475 359 5696 4987 4938
internal_count=8023 6171 475 359 5696 4987 4938
cat_boundaries=0 1
cat_threshold=32
is_linear=0
shrinkage=0.02


Tree=677
num_leaves=8
num_cat=1
split_feature=64 14 33 22 38 23 2
split_gain=491.414 490.727 889.275 509.307 584.61 432.93 852.251
threshold=1.0000000180025095e-35 43.180000000000007 2.5000000000000004 10403.700000000003 31327.600000000002 3.6500000000000008 0
decision_type=2 2 2 2 8 2 1
left_child=-1 5 3 -3 -5 6 -2
right_child=1 2 -4 4 -6 -7 -8
leaf_value=-0.05801180557937672 -0.021351555055463232 0.012594384279516009 0.0063198473323696162 -0.017894823812458615 -0.094619170163037641 -0.00051258431477151545 0.038934950913656945
leaf_weight=55 128 40 228 68 101 7053 282
leaf_count=55 128 40 228 68 101 7053 282
internal_value=-0.000990553 -0.000557128 -0.0210332 -0.0503234 -0.0651492 0.00065514 0.020507
internal_weight=7955 7900 437 209 169 7463 410
internal_count=7955 7900 437 209 169 7463 410
cat_boundaries=0 1
cat_threshold=34
is_linear=0
shrinkage=0.02


Tree=678
num_leaves=8
num_cat=0
split_feature=14 33 8 45 65 64 8
split_gain=747.673 849.567 1113.87 696.951 731.399 844.453 646.382
threshold=42.570000000000007 1.5000000000000002 19.055000000000003 1.0000000180025095e-35 0.76388888888888895 2.5000000000000004 30.165000000000003
decision_type=2 2 2 2 2 2 2
left_child=3 2 -2 4 6 -6 -1
right_child=1 -3 -4 -5 5 -7 -8
leaf_value=0.012848209297764734 -0.13466960968678457 -0.0092838126145671687 -0.0088048323700504923 -0.0039550352910146967 0.1140517008304596 0.0212097947887574 -0.0061636460248025646
leaf_weight=1910 52 359 57 4235 47 173 1138
leaf_count=1910 52 359 57 4235 47 173 1138
internal_value=-0.000138593 -0.0245272 -0.0721234 0.00139797 0.00833037 0.0431379 0.00575148
internal_weight=7971 468 109 7503 3268 220 3048
internal_count=7971 468 109 7503 3268 220 3048
is_linear=0
shrinkage=0.02


Tree=679
num_leaves=8
num_cat=0
split_feature=62 68 12 52 49 68 12
split_gain=603.07 1054.21 1650.34 1355.15 1178.87 991.84 867.681
threshold=1.0000000180025095e-35 971458.90000000014 51.790000000000006 66.350000000000009 12.500000000000002 895530.30000000016 65.52500000000002
decision_type=2 2 2 2 2 2 2
left_child=-1 4 3 -3 -2 -6 -4
right_child=1 2 6 -5 5 -7 -8
leaf_value=0.0019500633844969203 -0.042344259310927654 -0.051030779145112212 0.032694872429948826 0.025856191526011877 0.0043419326009423616 0.060496816925260405 -0.019051315607196025
leaf_weight=5594 175 669 242 103 760 146 268
leaf_count=5594 175 669 242 103 760 146 268
internal_value=-0.00162957 -0.01009 -0.0223214 -0.0406722 0.00445178 0.0136735 0.00558179
internal_weight=7957 2363 1282 772 1081 906 510
internal_count=7957 2363 1282 772 1081 906 510
is_linear=0
shrinkage=0.02


Tree=680
num_leaves=8
num_cat=1
split_feature=12 5 13 41 64 41 8
split_gain=659.573 675.019 774.467 933.791 687.21 656.61 525.052
threshold=77.385000000000005 0 387.95000000000005 31.505000000000006 3.5000000000000004 47.335000000000008 26.195000000000004
decision_type=2 1 2 2 2 2 2
left_child=6 2 3 -2 -3 -4 -1
right_child=1 4 5 -5 -6 -7 -8
leaf_value=0.0058270446173853989 -0.093237594732979559 0.066224551094764134 0.085252060352254716 0.0016592392446712044 0.0033451837934223949 -0.0016306886522026807 -0.0048456304007968558
leaf_weight=3842 48 193 62 190 108 72 3536
leaf_count=3842 48 193 62 190 108 72 3536
internal_value=0.00244749 0.0213256 0.00250203 -0.0190043 0.0426914 0.0401894 0.000712212
internal_weight=8051 673 372 238 301 134 7378
internal_count=8051 673 372 238 301 134 7378
cat_boundaries=0 1
cat_threshold=2
is_linear=0
shrinkage=0.02


Tree=681
num_leaves=8
num_cat=0
split_feature=40 31 44 50 21 38 23
split_gain=525.728 583.039 438.994 970.113 763.583 749.19 874.916
threshold=87.625000000000014 1.0000000180025095e-35 1.0000000180025095e-35 1.0000000180025095e-35 435048.65000000008 3053.1000000000008 10.750000000000002
decision_type=2 2 2 2 10 8 2
left_child=2 -2 3 4 -1 6 -5
right_child=1 -3 -4 5 -6 -7 -8
leaf_value=0.0036918624353459218 0.062502146934469538 0.0021367810684844758 0.00050776634708962743 -0.10444647526368499 0.08913701028927512 -0.014885957137224497 -0.010999949918484981
leaf_weight=468 103 158 6155 83 41 914 76
leaf_count=468 103 158 6155 83 41 914 76
internal_value=-0.000960835 0.0266862 -0.00191011 -0.0112892 0.0113746 -0.0220431 -0.0614774
internal_weight=7998 261 7737 1582 509 1073 159
internal_count=7998 261 7737 1582 509 1073 159
is_linear=0
shrinkage=0.02


Tree=682
num_leaves=8
num_cat=1
split_feature=44 50 65 42 32 55 2
split_gain=510.902 779.759 1469.14 964.126 757.463 706.66 1288.99
threshold=1.0000000180025095e-35 1.0000000180025095e-35 0.58571428571428574 71.455000000000013 1.0000000180025095e-35 48.695000000000007 0
decision_type=2 2 2 2 2 2 1
left_child=1 2 -1 5 -4 -3 -7
right_child=-2 3 4 -5 -6 6 -8
leaf_value=-0.019494717011247019 0.0029657415861925659 -0.013310492822759173 0.073384547975274828 0.030931188188054983 -0.00085731890880399292 0.0048333097008063644 -0.076409932501938033
leaf_weight=292 6382 628 150 131 85 124 215
leaf_count=292 6382 628 150 131 85 124 215
internal_value=0.000415421 -0.00957904 0.0103525 -0.019149 0.0470727 -0.0260576 -0.049135
internal_weight=8007 1625 527 1098 235 967 339
internal_count=8007 1625 527 1098 235 967 339
cat_boundaries=0 1
cat_threshold=168
is_linear=0
shrinkage=0.02


Tree=683
num_leaves=8
num_cat=1
split_feature=23 21 24 66 5 23 24
split_gain=491.784 635.32 670.917 632.689 680.09 1205.4 765.542
threshold=7.5500000000000007 196239.70000000004 1.0000000180025095e-35 1.0000000180025095e-35 0 6.6500000000000012 3.5000000000000004
decision_type=2 8 2 2 1 2 2
left_child=3 2 -2 -1 6 -6 -5
right_child=1 -3 -4 4 5 -7 -8
leaf_value=-0.05068500035366074 -0.036604700120432036 0.0028210189334850937 0.038370158444055252 0.018859388386327561 -0.0026447281414258635 -0.049244180069680794 -0.032907691882909651
leaf_weight=117 51 5395 355 691 1008 280 132
leaf_count=117 51 5395 355 691 1008 280 132
internal_value=0.00158295 0.00464983 0.0286214 -0.00639476 -0.00382605 -0.0128271 0.0102837
internal_weight=8029 5801 406 2228 2111 1288 823
internal_count=8029 5801 406 2228 2111 1288 823
cat_boundaries=0 1
cat_threshold=5
is_linear=0
shrinkage=0.02


Tree=684
num_leaves=8
num_cat=0
split_feature=22 9 10 0 64 40 40
split_gain=596.342 585.307 527.822 505.722 471.824 1199.79 729.578
threshold=5995.1000000000013 28.500000000000004 35548.30000000001 82.500000000000014 4.5000000000000009 40.345000000000006 84.560000000000016
decision_type=2 2 2 2 2 2 2
left_child=2 3 -1 4 6 -6 -2
right_child=1 -3 -4 -5 5 -7 -8
leaf_value=-0.090297635363207937 -0.0017045451296474629 0.054401365496763374 0.0027199681863492847 -0.059746151794086801 0.060348468009502665 -3.8843192344347203e-05 0.029909885275559347
leaf_weight=49 6838 77 44 50 181 450 300
leaf_count=49 6838 77 44 50 181 450 300
internal_value=0.00063767 0.00124545 -0.0483959 0.000687553 0.00111467 0.0176213 -0.000355829
internal_weight=7989 7896 93 7819 7769 631 7138
internal_count=7989 7896 93 7819 7769 631 7138
is_linear=0
shrinkage=0.02


Tree=685
num_leaves=8
num_cat=0
split_feature=8 17 68 23 21 16 31
split_gain=481.439 868.851 1898.75 1075.06 627.209 773.948 1278.94
threshold=34.155000000000008 2350.5500000000006 843999.45000000019 8.9500000000000011 291953.8000000001 0.50455000000000017 1.0000000180025095e-35
decision_type=2 2 2 2 8 2 2
left_child=-1 2 3 -2 5 6 -3
right_child=1 4 -4 -5 -6 -7 -8
leaf_value=0.0053879833245930242 -0.070435461797276319 -0.090246572472275272 -0.13827058997310576 0.052073951456425842 0.0049240195760779553 0.0055970405771972381 -0.010174033105245475
leaf_weight=5683 44 119 56 64 1538 288 228
leaf_count=5683 44 119 56 64 1538 288 228
internal_value=0.00224681 -0.00538692 -0.0490695 0.00125456 -0.00198505 -0.0186269 -0.0385259
internal_weight=8020 2337 164 108 2173 635 347
internal_count=8020 2337 164 108 2173 635 347
is_linear=0
shrinkage=0.02


Tree=686
num_leaves=8
num_cat=0
split_feature=14 34 31 58 13 13 18
split_gain=498.456 963.712 542.668 569.611 485.371 715.632 483.867
threshold=43.180000000000007 1.5000000000000002 1.0000000180025095e-35 40.440000000000005 395.35000000000008 330.75000000000006 316723.40000000008
decision_type=2 2 2 2 2 2 2
left_child=-1 2 3 -2 5 -3 -7
right_child=1 4 -4 -5 -6 6 -8
leaf_value=0.0011112588854241578 -0.11771935558319091 0.028591977000525851 -0.013936635774424238 -0.023321558241546154 0.053873844288529885 -0.077424028079578835 0.0067407249522452454
leaf_weight=7543 65 98 84 45 57 64 44
leaf_count=7543 65 98 84 45 57 64 44
internal_value=-0.000123151 -0.0202892 -0.0535015 -0.0817951 0.00475071 -0.00979616 -0.0443536
internal_weight=8000 457 194 110 263 206 108
internal_count=8000 457 194 110 263 206 108
is_linear=0
shrinkage=0.02


Tree=687
num_leaves=8
num_cat=1
split_feature=64 3 44 55 8 53 66
split_gain=493.407 1305.07 1218.96 1135.27 983.731 931.249 878.891
threshold=2.5000000000000004 0 1.0000000180025095e-35 51.435000000000009 42.400000000000006 81.355000000000004 0.43750000000000006
decision_type=2 1 2 2 2 2 2
left_child=1 4 3 -3 5 -1 -4
right_child=-2 2 6 -5 -6 -7 -8
leaf_value=0.067555630555580615 -0.0017921771992285584 -0.0035630685093812641 0.0094370413775087432 -0.060323123767569264 -0.035380831434015644 -0.031952387392520903 0.067579844938269976
leaf_weight=296 5642 595 1033 180 52 40 111
leaf_count=296 5642 595 1033 180 52 40 111
internal_value=0.00139509 0.00917689 0.00224265 -0.0170482 0.0418851 0.0554146 0.0153481
internal_weight=7949 2307 1919 775 388 336 1144
internal_count=7949 2307 1919 775 388 336 1144
cat_boundaries=0 1
cat_threshold=4
is_linear=0
shrinkage=0.02


Tree=688
num_leaves=8
num_cat=0
split_feature=32 17 23 55 58 61 37
split_gain=495.39 837.668 695.9 1178.82 626.376 668.827 832.923
threshold=1.0000000180025095e-35 53854.30000000001 23.250000000000004 56.225000000000001 23.905000000000005 1.0000000180025095e-35 0.36930000000000002
decision_type=2 2 2 2 2 2 2
left_child=1 2 -1 -4 -3 6 -6
right_child=-2 4 3 -5 5 -7 -8
leaf_value=-0.00056905443495927654 -0.006548051890348525 -0.039203987749333077 0.048344245108356512 -0.058535573458671566 0.079654160157967641 0.0016871536712148296 -0.0015939624768656654
leaf_weight=4419 2845 42 246 45 181 129 69
leaf_count=4419 2845 42 246 45 181 129 69
internal_value=0.000139004 0.00384956 0.0014189 0.0311068 0.0307071 0.0388641 0.0576381
internal_weight=7976 5131 4710 291 421 379 250
internal_count=7976 5131 4710 291 421 379 250
is_linear=0
shrinkage=0.02


Tree=689
num_leaves=8
num_cat=1
split_feature=14 64 51 58 4 17 52
split_gain=619.299 646.036 800.684 1809.09 812.468 834.498 1113.33
threshold=33.665000000000006 2.5000000000000004 12.555000000000001 54.915000000000006 0 4112.7500000000009 69.030000000000015
decision_type=2 2 2 2 1 2 2
left_child=1 2 3 4 -1 -6 -7
right_child=-2 -3 -4 -5 5 6 -8
leaf_value=0.020141322301394902 -0.014390987944692697 -0.0015753125530337867 0.019412940742309304 0.076224411770263137 0.0140779843793975 -0.076729596048046689 0.025761946916580198
leaf_weight=119 1008 4918 1486 80 85 213 50
leaf_count=119 1008 4918 1486 80 85 213 50
internal_value=0.000219267 0.0023468 0.0118153 -0.00881361 -0.0240343 -0.0386863 -0.0571274
internal_weight=7959 6951 2033 547 467 348 263
internal_count=7959 6951 2033 547 467 348 263
cat_boundaries=0 1
cat_threshold=6
is_linear=0
shrinkage=0.02


Tree=690
num_leaves=8
num_cat=0
split_feature=48 31 52 58 13 54 57
split_gain=540.315 625.88 812.708 640.89 752.785 490.378 1143.96
threshold=14.500000000000002 1.0000000180025095e-35 34.120000000000012 41.405000000000008 331.35000000000008 68.885000000000005 53.445000000000007
decision_type=2 2 2 2 2 2 2
left_child=5 2 -2 -4 -5 6 -1
right_child=1 -3 3 4 -6 -7 -8
leaf_value=0.036407024633658087 -0.085510814760593662 0.00084463729266425207 -0.04415794197011931 -0.034621749520301823 0.06735391174593279 0.0012553407769753454 -0.044691107013646293
leaf_weight=390 89 434 134 50 57 6777 80
leaf_count=390 89 434 134 50 57 6777 80
internal_value=0.000943404 -0.014998 -0.035535 -0.0157163 0.0202834 0.00263317 0.022278
internal_weight=8011 764 330 241 107 7247 470
internal_count=8011 764 330 241 107 7247 470
is_linear=0
shrinkage=0.02


Tree=691
num_leaves=8
num_cat=0
split_feature=16 33 41 41 37 63 23
split_gain=526.775 431.002 483.092 462.897 894.53 679.955 1051.77
threshold=0.79410000000000014 5.5000000000000009 33.495000000000012 15.475000000000003 0.22475000000000003 1.0000000180025095e-35 8.4500000000000011
decision_type=2 2 2 2 2 2 2
left_child=1 3 -3 4 5 6 -1
right_child=-2 2 -4 -5 -6 -7 -8
leaf_value=0.098482695361401182 0.033235821459886322 0.079550731092129109 0.010752635310442809 -7.7166143690816e-05 -0.079085974666205316 -0.062197470463135021 -0.015284266018212955
leaf_weight=42 188 48 187 7239 83 50 102
leaf_count=42 188 48 187 7239 83 50 102
internal_value=0.000597817 -0.000214731 0.0261696 -0.00105653 -0.0261956 -0.0021487 0.0200891
internal_weight=7939 7751 235 7516 277 194 144
internal_count=7939 7751 235 7516 277 194 144
is_linear=0
shrinkage=0.02


Tree=692
num_leaves=8
num_cat=1
split_feature=16 54 58 2 18 56 51
split_gain=553.978 830.201 796.565 814.92 768.553 714.248 808.564
threshold=0.35085000000000005 61.605000000000011 23.010000000000002 0 114022.65000000001 39.355000000000011 34.365000000000002
decision_type=2 2 2 1 2 2 2
left_child=1 -1 4 -4 -3 -5 -7
right_child=-2 2 3 5 -6 6 -8
leaf_value=0.071933340896730841 0.0013585226176426144 -0.087941300954634913 -0.031735663323774255 0.020107701538453839 -0.0010774797783561156 -0.033939019687334947 0.018260140865252763
leaf_weight=41 6368 102 421 433 66 317 184
leaf_count=41 6368 102 421 433 66 317 184
internal_value=-0.00126322 -0.0119083 -0.0143933 -0.00919616 -0.0548336 0.00140145 -0.0147771
internal_weight=7932 1564 1523 1355 168 934 501
internal_count=7932 1564 1523 1355 168 934 501
cat_boundaries=0 1
cat_threshold=13
is_linear=0
shrinkage=0.02


Tree=693
num_leaves=8
num_cat=0
split_feature=14 33 16 22 17 8 46
split_gain=525.003 896.911 646.631 897.602 823.308 751.491 740.448
threshold=43.180000000000007 2.5000000000000004 0.27935000000000004 16100.750000000002 17257.700000000004 24.685000000000006 4.5000000000000009
decision_type=2 2 2 2 2 2 2
left_child=2 -2 3 5 -5 6 -1
right_child=1 -3 -4 4 -6 -7 -8
leaf_value=0.061856102868914603 -0.051558533308616553 0.0047902264293344298 0.0023186088592401931 -0.074277620018883189 -0.0032884155958890914 -0.029003252604355417 -0.010021123226732017
leaf_weight=107 208 239 6864 160 109 181 115
leaf_count=107 208 239 6864 160 109 181 115
internal_value=-0.000774483 -0.0217105 0.000480915 -0.0181683 -0.0460974 0.000810646 0.0252218
internal_weight=7983 447 7536 672 269 403 222
internal_count=7983 447 7536 672 269 403 222
is_linear=0
shrinkage=0.02


Tree=694
num_leaves=8
num_cat=1
split_feature=49 24 43 56 49 56 2
split_gain=587.616 704.096 435.782 889.801 676.317 754.108 871.709
threshold=4.5000000000000009 1.5000000000000002 1.0000000180025095e-35 55.855000000000011 13.500000000000002 45.360000000000007 0
decision_type=2 2 2 2 2 2 1
left_child=1 -1 3 4 5 6 -2
right_child=2 -3 -4 -5 -6 -7 -8
leaf_value=0.017725920724868775 0.029343496536920696 -0.079725661292860781 0.0029057482166018156 0.071374310168352995 -0.016422700342180518 0.063810406863689426 -0.03445314931421134
leaf_weight=45 161 74 5980 50 1495 85 152
leaf_count=45 161 74 5980 50 1495 85 152
internal_value=-0.000444374 -0.0436454 0.000231604 -0.00798498 -0.0102636 0.0127884 -0.00185289
internal_weight=8042 119 7923 1943 1893 398 313
internal_count=8042 119 7923 1943 1893 398 313
cat_boundaries=0 1
cat_threshold=170
is_linear=0
shrinkage=0.02


Tree=695
num_leaves=8
num_cat=0
split_feature=21 23 53 38 16 64 38
split_gain=474.069 493.716 763.225 618.466 578.937 859.582 478.338
threshold=197564.45000000004 3.6500000000000008 82.040000000000006 11757.400000000003 0.51215000000000011 2.5000000000000004 4202.3500000000013
decision_type=8 2 2 8 2 2 8
left_child=6 2 3 -2 5 -5 -1
right_child=1 -3 -4 4 -6 -7 -8
leaf_value=-0.019750735855808384 -0.023002775671494589 -0.0026412517083833852 0.094073091988660859 0.12383071138213078 -0.01093085121028544 0.018727965793013574 0.02605565040769205
leaf_weight=109 138 7053 44 43 84 95 469
leaf_count=109 138 7053 44 43 84 95 469
internal_value=-4.7158e-05 -0.00140417 0.0199609 0.00973816 0.030149 0.054662 0.0173221
internal_weight=8035 7457 404 360 222 138 578
internal_count=8035 7457 404 360 222 138 578
is_linear=0
shrinkage=0.02


Tree=696
num_leaves=8
num_cat=1
split_feature=21 21 41 38 2 23 20
split_gain=691.907 624.47 554.872 1003.01 1252.34 668.394 678.822
threshold=388772.75000000006 383661.60000000003 23.855000000000004 11757.400000000003 0 14.350000000000003 612827.70000000007
decision_type=10 10 2 8 1 2 10
left_child=1 2 3 5 -5 6 -1
right_child=-2 -3 -4 4 -6 -7 -8
leaf_value=0.025424831635558726 0.014607166493813628 -0.069273148361932158 0.00017096676437094362 -0.08697727999507171 -0.010089886405815681 0.060198197856258892 -0.053350386969745166
leaf_weight=92 1145 50 6240 128 237 73 75
leaf_count=92 1145 50 6240 128 237 73 75
internal_value=0.000244766 -0.00214915 -0.00160862 -0.0198144 -0.0404876 0.0118108 -0.0104757
internal_weight=8040 6895 6845 605 365 240 167
internal_count=8040 6895 6845 605 365 240 167
cat_boundaries=0 1
cat_threshold=11
is_linear=0
shrinkage=0.02


Tree=697
num_leaves=8
num_cat=0
split_feature=52 21 47 12 45 47 24
split_gain=619.586 803.58 793.827 936.445 614.619 595.09 809.434
threshold=15.630000000000001 221421.50000000003 3.5000000000000004 24.615000000000006 1.0000000180025095e-35 5.5000000000000009 1.5000000000000002
decision_type=2 8 2 2 2 2 2
left_child=1 -1 -3 4 -4 -5 -7
right_child=-2 2 3 5 -6 6 -8
leaf_value=0.044504304944441235 -0.0011764324864196503 -0.082186122191286529 -0.00011079473154885429 0.066641227953388532 -0.087565194251893588 0.050813113013903302 -0.061962376752142181
leaf_weight=53 7558 102 51 54 82 40 54
leaf_count=53 7558 102 51 54 82 40 54
internal_value=-0.00252179 -0.0255655 -0.0357104 -0.0176984 -0.0552491 0.0167493 -0.0138302
internal_weight=7994 436 383 281 133 148 94
internal_count=7994 436 383 281 133 148 94
is_linear=0
shrinkage=0.02


Tree=698
num_leaves=8
num_cat=0
split_feature=52 16 0 58 16 20 62
split_gain=430.483 399.609 350.144 889.803 850.317 551.318 663.467
threshold=2.8800000000000003 0.41585000000000005 55.500000000000007 22.750000000000004 0.37075000000000008 1294149.5500000003 1.0000000180025095e-35
decision_type=2 2 2 2 2 10 2
left_child=1 -1 -2 4 -4 -5 -7
right_child=2 -3 3 5 -6 6 -8
leaf_value=-0.080313936404883851 -0.00096691146627719653 -0.0047165247755391257 -0.087337515282798817 0.018453837638095303 0.0073340145112837062 0.023246161281352953 -0.053075423863264595
leaf_weight=45 6277 65 66 1320 80 79 96
leaf_count=45 6277 65 66 1320 80 79 96
internal_value=0.000628138 -0.03779 0.00118537 0.009396 -0.0369376 0.0140289 -0.018933
internal_weight=8028 110 7918 1641 146 1495 175
internal_count=8028 110 7918 1641 146 1495 175
is_linear=0
shrinkage=0.02


Tree=699
num_leaves=8
num_cat=0
split_feature=22 8 16 8 22 34 0
split_gain=499.75 613.748 462.465 1003.67 904.196 785.809 748.199
threshold=6257.7500000000009 27.345000000000002 0.36255000000000004 24.685000000000006 8673.2500000000018 1.5000000000000002 26.500000000000004
decision_type=2 2 2 2 2 2 2
left_child=1 -1 3 4 -2 -6 -5
right_child=2 -3 -4 6 5 -7 -8
leaf_value=-0.076752113562983434 0.073967059157990123 0.0090385608363430948 0.0033389409706333739 -0.10092063352148584 -0.02015382258630501 0.019396807859567079 -0.018619746169494088
leaf_weight=69 69 59 6126 42 373 424 858
leaf_count=69 69 59 6126 42 373 424 858
internal_value=9.15135e-05 -0.0383548 0.000738962 -0.00826395 0.00709144 0.000876665 -0.0229968
internal_weight=8020 128 7892 1766 866 797 900
internal_count=8020 128 7892 1766 866 797 900
is_linear=0
shrinkage=0.02


Tree=700
num_leaves=8
num_cat=0
split_feature=52 41 52 6 32 36 46
split_gain=567.858 527.459 440.401 510.767 440.711 869.433 772.626
threshold=92.180000000000021 56.175000000000004 2.8800000000000003 1.5000000000000002 1.0000000180025095e-35 1.0000000180025095e-35 1.5000000000000002
decision_type=2 2 2 2 2 2 2
left_child=2 -2 3 -1 5 -4 -7
right_child=1 -3 4 -5 -6 6 -8
leaf_value=-0.077567765038747058 0.07643413371587586 -0.001431223274105125 -0.0070496570394747464 0.0091682982951402665 -0.0076758203589361723 -0.032991486631333826 0.012322187920778476
leaf_weight=60 67 67 2237 45 2823 155 2600
leaf_count=60 67 67 2237 45 2823 155 2600
internal_value=-0.00122536 0.0388504 -0.00192749 -0.0416681 -0.00136725 0.00220439 0.00971763
internal_weight=8054 134 7920 105 7815 4992 2755
internal_count=8054 134 7920 105 7815 4992 2755
is_linear=0
shrinkage=0.02


Tree=701
num_leaves=8
num_cat=0
split_feature=37 8 9 54 20 54 54
split_gain=454.642 682.625 1075.46 903.109 853.523 815.48 808.947
threshold=0.084500000000000006 26.065000000000001 10.500000000000002 84.245000000000019 894195.55000000016 96.165000000000006 77.445000000000007
decision_type=2 2 2 2 10 2 2
left_child=-1 3 5 4 6 -3 -2
right_child=1 2 -4 -5 -6 -7 -8
leaf_value=-0.0048526424817394234 -0.004397174758318613 -0.01525982119504945 0.033255703530813516 0.00036091196512679782 0.063859028760521186 0.017142243432211997 0.040628239582796564
leaf_weight=4089 333 1472 280 944 205 389 300
leaf_count=4089 333 1472 280 944 205 389 300
internal_value=-0.000189009 0.00467195 -0.00293888 0.0137987 0.0288443 -0.00845912 0.0170931
internal_weight=8012 3923 2141 1782 838 1861 633
internal_count=8012 3923 2141 1782 838 1861 633
is_linear=0
shrinkage=0.02


Tree=702
num_leaves=8
num_cat=1
split_feature=16 49 4 17 17 14 41
split_gain=462.635 461.059 690.549 799.861 778.631 796.475 967.412
threshold=0.17090000000000002 9.5000000000000018 0 4223.1000000000013 6211.6000000000013 18.895000000000003 53.705000000000005
decision_type=2 2 1 2 2 2 2
left_child=-1 2 3 -2 -4 6 -6
right_child=1 -3 4 -5 5 -7 -8
leaf_value=-0.041212168890945242 0.021333130747675896 0.003986032554064059 -0.031271077435701448 -0.035933810697856401 -0.054832769685557912 0.091910067005476478 0.061239901150466278
leaf_weight=94 120 6964 89 458 51 66 54
leaf_count=94 120 6964 89 458 51 66 54
internal_value=0.00175378 0.0022975 -0.011675 -0.0235594 0.0150133 0.0401599 0.00493199
internal_weight=7896 7802 838 578 260 171 105
internal_count=7896 7802 838 578 260 171 105
cat_boundaries=0 1
cat_threshold=3
is_linear=0
shrinkage=0.02


Tree=703
num_leaves=8
num_cat=0
split_feature=42 55 42 58 34 52 55
split_gain=459.906 566.923 1282.22 598.445 730.235 1064.44 1021.09
threshold=9.1200000000000028 55.685000000000009 28.025000000000002 20.580000000000002 1.5000000000000002 42.435000000000009 58.665000000000006
decision_type=2 2 2 2 2 2 2
left_child=-1 -2 -3 -4 5 -5 -7
right_child=1 2 3 4 -6 6 -8
leaf_value=-0.029642328724711828 0.00029070661549386687 -0.073211912789673955 0.032530077426891887 -0.076086967708670517 0.0040140649231240376 -0.058804615986974618 0.024598145124974189
leaf_weight=241 6753 129 127 141 447 90 149
leaf_count=241 6753 129 127 141 447 90 149
internal_value=-0.00271424 -0.00186768 -0.0152657 -0.00708936 -0.0133325 -0.0335247 -0.00737018
internal_weight=8077 7836 1083 954 827 380 239
internal_count=8077 7836 1083 954 827 380 239
is_linear=0
shrinkage=0.02


Tree=704
num_leaves=8
num_cat=0
split_feature=40 41 33 38 22 54 23
split_gain=478.487 1061.58 386.258 796.071 926.963 901.257 555.198
threshold=5.6100000000000003 26.915000000000003 1.0000000180025095e-35 8971.0000000000018 18772.700000000004 83.385000000000005 14.050000000000002
decision_type=2 2 2 8 2 2 2
left_child=1 -1 3 -2 5 -5 -7
right_child=2 -3 -4 4 -6 6 -8
leaf_value=0.016214646936996896 -0.090377521239361672 -0.10181838193091385 0.0020761507951944634 0.064988078447905454 -0.059815803896635773 -0.035678819202062652 0.043162914624810221
leaf_weight=63 48 52 7503 83 91 122 45
leaf_count=63 48 52 7503 83 91 122 45
internal_value=0.000461838 -0.0391754 0.00106386 -0.0182397 -0.0069261 0.0131211 -0.0137969
internal_weight=8007 115 7892 389 341 250 167
internal_count=8007 115 7892 389 341 250 167
is_linear=0
shrinkage=0.02


Tree=705
num_leaves=8
num_cat=1
split_feature=14 64 58 48 68 21 2
split_gain=604.971 739.906 732.667 833.137 934.518 577.994 824.866
threshold=43.180000000000007 1.0000000180025095e-35 40.440000000000005 8.5000000000000018 793888.10000000009 405000.60000000003 0
decision_type=2 2 2 2 2 10 1
left_child=1 -1 3 4 -2 -3 -7
right_child=2 5 -4 -5 -6 6 -8
leaf_value=-0.0716647621100409 -0.060729251541539075 -0.001341630053246132 0.0048236064750701189 -0.10676970273256302 0.030267606847561322 -0.008957075644178655 0.030349105390898478
leaf_weight=52 104 6749 195 63 73 337 554
leaf_count=52 104 6749 195 63 73 337 554
internal_value=-0.00117865 0.000125957 -0.0239869 -0.0470161 -0.023399 0.000661136 0.0157542
internal_weight=8127 7692 435 240 177 7640 891
internal_count=8127 7692 435 240 177 7640 891
cat_boundaries=0 1
cat_threshold=145
is_linear=0
shrinkage=0.02


Tree=706
num_leaves=8
num_cat=3
split_feature=2 16 49 65 5 52 3
split_gain=463.79 859.073 687.541 683.504 681.579 672.652 754.423
threshold=0 0.62775000000000014 4.5000000000000009 0.61250000000000016 1 76.320000000000007 2
decision_type=1 2 2 2 1 2 1
left_child=1 5 3 -2 -3 6 -1
right_child=2 4 -4 -5 -6 -7 -8
leaf_value=-0.003373286297341036 -0.10122714002927145 0.039447213699336812 0.0028394017246890185 0.0069505241132797081 -0.0074054115577308786 0.021472186204838626 -0.030044822001159554
leaf_weight=771 46 223 5508 42 256 183 964
leaf_count=771 46 223 5508 42 256 183 964
internal_value=-0.00122896 -0.00856009 0.00192795 -0.051999 0.0152512 -0.0145754 -0.0184283
internal_weight=7993 2397 5596 88 479 1918 1735
internal_count=7993 2397 5596 88 479 1918 1735
cat_boundaries=0 1 2 3
cat_threshold=13 2 6
is_linear=0
shrinkage=0.02


Tree=707
num_leaves=8
num_cat=2
split_feature=67 23 10 50 5 10 4
split_gain=502.099 727.078 608.527 935.678 941.281 910.591 867.226
threshold=4.6974434707168671 24.750000000000004 23549.450000000001 1.5000000000000002 0 37856.80000000001 1
decision_type=2 2 2 2 1 2 1
left_child=-1 2 3 4 -2 6 -4
right_child=1 -3 5 -5 -6 -7 -8
leaf_value=-0.004020893193415768 0.015333961345093015 0.050995390823097536 -0.048327070145105781 -0.013130118158158094 0.073822700363216975 0.0070075102373033807 -0.00077934711369720693
leaf_weight=4947 398 134 260 247 150 1487 359
leaf_count=4947 398 134 260 247 150 1487 359
internal_value=-9.32061e-05 0.00630494 0.00415646 0.0190061 0.0334786 -0.00148092 -0.0217651
internal_weight=7982 3035 2901 795 548 2106 619
internal_count=7982 3035 2901 795 548 2106 619
cat_boundaries=0 1 2
cat_threshold=6 1
is_linear=0
shrinkage=0.02


Tree=708
num_leaves=8
num_cat=0
split_feature=9 57 48 63 8 8 47
split_gain=445.664 574.765 577.54 546.278 467.71 505.715 776.792
threshold=20.500000000000004 13.235000000000001 2.5000000000000004 1.0000000180025095e-35 8.8050000000000015 11.155000000000003 4.5000000000000009
decision_type=2 2 2 2 2 2 2
left_child=4 -2 -3 -4 -1 6 -6
right_child=1 2 3 -5 5 -7 -8
leaf_value=0.021716300688089111 -0.038349030728035784 0.081196567947606019 0.040666574041530928 -0.039036713188084271 -0.072506383592934945 0.00020506492499903562 -0.0060843305403184625
leaf_weight=377 42 78 98 47 92 6993 261
leaf_count=377 42 78 98 47 92 6993 261
internal_value=0.00102274 0.0262802 0.0390266 0.0143917 0.000139638 -0.000981704 -0.0241663
internal_weight=7988 265 223 145 7723 7346 353
internal_count=7988 265 223 145 7723 7346 353
is_linear=0
shrinkage=0.02


Tree=709
num_leaves=8
num_cat=0
split_feature=22 53 27 54 23 23 57
split_gain=435.883 712.024 706.24 954.644 995.982 969.594 896.825
threshold=11017.200000000003 64.225000000000009 1.0000000180025095e-35 73.385000000000005 22.650000000000002 17.150000000000002 30.970000000000002
decision_type=2 2 2 2 2 2 2
left_child=-1 2 3 -2 5 -5 -7
right_child=1 -3 -4 4 -6 6 -8
leaf_value=0.0080642837462527612 0.027971750829981604 -0.010952932683141649 0.021112696440844472 -0.0044903117451319972 0.040527778913505202 -0.0037049320170825179 -0.074843948465070614
leaf_weight=1928 378 2523 684 2042 167 127 157
leaf_count=1928 378 2523 684 2042 167 127 157
internal_value=-0.000209161 -0.00283805 0.00292842 -0.00143306 -0.00593862 -0.00935454 -0.0436463
internal_weight=8006 6078 3555 2871 2493 2326 284
internal_count=8006 6078 3555 2871 2493 2326 284
is_linear=0
shrinkage=0.02


Tree=710
num_leaves=8
num_cat=0
split_feature=16 0 10 13 9 13 37
split_gain=593.45 694.772 877.505 982.823 747.27 716.11 688.546
threshold=0.47055000000000008 57.500000000000007 19100.500000000004 354.85000000000008 9.5000000000000018 356.75000000000006 0.21655000000000002
decision_type=2 2 2 2 2 2 2
left_child=1 -1 3 6 -4 -6 -3
right_child=-2 2 4 -5 5 -7 -8
leaf_value=-0.010323731718378073 0.0057896693319225648 -0.0211930914742606 0.04531364453800784 0.019319804319509522 0.039135317081535184 -0.026727448349441487 -0.10413807735950859
leaf_weight=2721 4334 170 318 196 106 158 49
leaf_count=2721 4334 170 318 196 106 158 49
internal_value=0.000763767 -0.00509474 0.00915647 -0.0129737 0.0249127 -4.66687e-05 -0.0416618
internal_weight=8052 3718 997 415 582 264 219
internal_count=8052 3718 997 415 582 264 219
is_linear=0
shrinkage=0.02


Tree=711
num_leaves=8
num_cat=0
split_feature=40 66 9 15 13 56 12
split_gain=431.523 475.31 436.081 577.177 521.824 725.986 1021.9
threshold=87.625000000000014 0.31250000000000006 1.5000000000000002 6.5000000000000009 337.25000000000006 29.995000000000001 56.035000000000004
decision_type=2 2 2 2 2 2 2
left_child=2 -2 4 -4 -1 6 -6
right_child=1 -3 3 -5 5 -7 -8
leaf_value=0.00081494436043784847 0.052838227845324104 -0.00081769745397780624 0.0028968520675299466 -0.059987269873588767 -0.11902794927591458 -0.013056167371830969 0.0071288849476804127
leaf_weight=1122 124 135 5638 54 59 855 42
leaf_count=1122 124 135 5638 54 59 855 42
internal_value=0.00023858 0.0253851 -0.000615422 0.00224815 -0.0084458 -0.0192623 -0.068705
internal_weight=8029 259 7770 5692 2078 956 101
internal_count=8029 259 7770 5692 2078 956 101
is_linear=0
shrinkage=0.02


Tree=712
num_leaves=8
num_cat=0
split_feature=22 56 64 14 40 10 16
split_gain=439.286 423.979 672.216 673.287 1019.88 660.738 621.259
threshold=5995.1000000000013 38.585000000000008 1.5000000000000002 8.3050000000000015 56.135000000000012 26811.450000000004 0.66865000000000008
decision_type=2 2 2 2 2 2 2
left_child=-1 -2 5 4 -4 6 -3
right_child=1 2 3 -5 -6 -7 -8
leaf_value=-0.040427444552381835 0.0052843725805319817 -0.030363185964254798 -0.058510146163480013 0.00052844586001334591 0.011950097767532699 -0.073123134336321158 0.055288219246599414
leaf_weight=103 3552 133 191 3653 139 102 40
leaf_count=103 3552 133 191 3653 139 102 40
internal_value=-0.000367529 0.000186317 -0.00406766 -0.00195941 -0.029096 -0.0340226 -0.00956264
internal_weight=7913 7810 4258 3983 330 275 173
internal_count=7913 7810 4258 3983 330 275 173
is_linear=0
shrinkage=0.02


Tree=713
num_leaves=8
num_cat=0
split_feature=0 56 18 47 22 40 56
split_gain=433.331 776.789 1303.98 579.204 438.469 708.463 357.721
threshold=67.500000000000014 37.085000000000008 108169.05000000002 5.5000000000000009 12853.050000000001 37.355000000000011 54.935000000000009
decision_type=2 2 2 2 2 2 2
left_child=6 2 3 -2 5 -3 -1
right_child=1 4 -4 -5 -6 -7 -8
leaf_value=-0.0013148255226689168 0.044263340304791933 -0.088460324080288408 0.10452528301322753 -0.053538223506605372 0.016043608268560137 0.016167252595935547 0.0246853707347988
leaf_weight=7283 45 45 87 42 201 51 213
leaf_count=7283 45 45 87 42 201 51 213
internal_value=0.000614588 0.0191188 0.052029 -0.00329489 -0.000704195 -0.0348282 -0.000560064
internal_weight=7967 471 174 87 297 96 7496
internal_count=7967 471 174 87 297 96 7496
is_linear=0
shrinkage=0.02


Tree=714
num_leaves=8
num_cat=0
split_feature=16 10 9 53 13 17 17
split_gain=542.254 731.706 646.66 591.912 591.13 492.859 1294.36
threshold=0.29795000000000005 15835.050000000001 1.5000000000000002 34.865000000000009 318.05000000000007 1044.3000000000002 1225.6000000000001
decision_type=2 2 2 2 2 2 2
left_child=1 4 -3 -4 -1 -2 -7
right_child=5 2 3 -5 -6 6 -8
leaf_value=0.0042895598709583281 -0.031823917423233844 -0.049756020913427727 0.066361928452144975 -0.002417022988974621 -0.068534897654443178 0.09643310270066989 0.0023516340824635724
leaf_weight=63 160 101 50 553 143 54 6883
leaf_count=63 160 101 50 553 143 54 6883
internal_value=0.000475818 -0.0140157 -0.00419313 0.00378488 -0.0466895 0.00234253 0.00315293
internal_weight=8007 910 704 603 206 7097 6937
internal_count=8007 910 704 603 206 7097 6937
is_linear=0
shrinkage=0.02


Tree=715
num_leaves=8
num_cat=0
split_feature=16 13 52 42 13 42 66
split_gain=486.982 469.711 891.958 1004.77 612.295 616.989 544.025
threshold=0.17090000000000002 381.45000000000005 9.2950000000000017 34.155000000000008 392.15000000000003 42.065000000000005 0.18750000000000003
decision_type=2 2 2 2 2 2 2
left_child=-1 -2 -3 6 5 -5 -4
right_child=1 2 3 4 -6 -7 -8
leaf_value=-0.041746269081934136 -0.0010706876300394616 -0.07350697033405304 -0.0090205515703458469 -0.040779410963473116 -0.0025903472033442054 0.038723884634544244 0.046366855590536098
leaf_weight=99 5866 45 84 41 1201 283 405
leaf_count=99 5866 45 84 41 1201 283 405
internal_value=0.00125262 0.00181575 0.0100218 0.0120655 0.00402135 0.0281964 0.0368575
internal_weight=8024 7925 2059 2014 1525 324 489
internal_count=8024 7925 2059 2014 1525 324 489
is_linear=0
shrinkage=0.02


Tree=716
num_leaves=8
num_cat=1
split_feature=22 6 2 31 51 18 51
split_gain=627.808 682.381 1206.27 1207.3 890.544 728.011 733.295
threshold=10900.950000000003 1.0000000180025095e-35 0 1.0000000180025095e-35 26.405000000000005 247058.95000000004 31.040000000000003
decision_type=2 2 1 2 2 2 2
left_child=1 2 3 -1 -5 6 -4
right_child=-2 -3 5 4 -6 -7 -8
leaf_value=0.10671373571564513 -0.0020457974824694145 0.00097460610834644785 -0.027728279568837024 0.065602013427805111 -0.02530945563890848 0.044919505389067381 0.03386473945132247
leaf_weight=118 6166 1088 251 86 78 132 106
leaf_count=118 6166 1088 251 86 78 132 106
internal_value=0.0010274 0.0111988 0.0255276 0.0572218 0.0228941 0.00558436 -0.00922501
internal_weight=8025 1859 771 282 164 489 357
internal_count=8025 1859 771 282 164 489 357
cat_boundaries=0 1
cat_threshold=130
is_linear=0
shrinkage=0.02


Tree=717
num_leaves=8
num_cat=0
split_feature=45 41 9 8 41 51 49
split_gain=458.185 753.302 756.624 1313.08 977.997 906.36 736.371
threshold=1.0000000180025095e-35 74.365000000000023 4.5000000000000009 54.410000000000004 14.405000000000003 11.505000000000001 22.500000000000004
decision_type=2 2 2 2 2 2 2
left_child=1 2 3 4 -1 -6 -7
right_child=-2 -3 -4 -5 5 6 -8
leaf_value=-0.075794545908768968 -0.0045414212328188635 0.034150321335290321 0.013305188361956419 -0.073387333977290178 -0.02142328909914978 0.029174954863938399 -0.0033213795642580493
leaf_weight=64 4531 319 1365 105 492 493 632
leaf_count=64 4531 319 1365 105 492 493 632
internal_value=-0.000355167 0.00510976 0.00212031 -0.00644132 -0.00205444 0.0010888 0.0109853
internal_weight=8001 3470 3151 1786 1681 1617 1125
internal_count=8001 3470 3151 1786 1681 1617 1125
is_linear=0
shrinkage=0.02


Tree=718
num_leaves=8
num_cat=0
split_feature=56 56 33 42 45 54 40
split_gain=491.016 612.277 448.926 751.166 387.264 813.233 735.132
threshold=58.75500000000001 55.295000000000009 5.5000000000000009 34.155000000000008 1.0000000180025095e-35 83.385000000000005 33.915000000000006
decision_type=2 2 2 2 2 2 2
left_child=1 2 4 -4 -1 6 -6
right_child=-2 -3 3 -5 5 -7 -8
leaf_value=0.0039401669148184052 -0.049147535135716569 0.043224511873403579 0.084450943215535243 0.0054152284523018594 -0.019460510648888252 -0.012264658190858854 0.012492888025611257
leaf_weight=3250 76 126 60 188 363 2581 1323
leaf_count=3250 76 126 60 188 363 2581 1323
internal_value=-0.000156318 0.000346351 -0.000376786 0.0258279 -0.00125792 -0.00521707 0.00557604
internal_weight=7967 7891 7765 248 7517 4267 1686
internal_count=7967 7891 7765 248 7517 4267 1686
is_linear=0
shrinkage=0.02


Tree=719
num_leaves=8
num_cat=1
split_feature=32 2 56 10 67 54 50
split_gain=565.288 753.103 897.507 781.431 665.708 1136.91 1012.53
threshold=1.0000000180025095e-35 0 49.365000000000002 25263.000000000004 12.470580323225848 80.245000000000019 1.0000000180025095e-35
decision_type=2 1 2 2 2 2 2
left_child=1 2 4 -4 -1 -6 -7
right_child=-2 -3 3 -5 5 6 -8
leaf_value=-0.0025426292471098207 -0.0054506118970493412 0.010777029630671493 0.10410499427053664 -0.0098467998016387864 0.020861756537969293 -0.00063532157642085375 -0.089996848782436967
leaf_weight=1228 2910 3508 49 42 99 77 144
leaf_count=1228 2910 3508 49 42 99 77 144
internal_value=0.00158903 0.00557051 -0.0056035 0.0537382 -0.0092898 -0.0347446 -0.0595647
internal_weight=8057 5147 1639 91 1548 320 221
internal_count=8057 5147 1639 91 1548 320 221
cat_boundaries=0 1
cat_threshold=81
is_linear=0
shrinkage=0.02


Tree=720
num_leaves=8
num_cat=0
split_feature=64 52 0 20 52 51 0
split_gain=500.178 399.139 854.766 718.301 649.884 583.591 706.903
threshold=1.0000000180025095e-35 15.630000000000001 20.500000000000004 504783.00000000006 13.260000000000002 45.915000000000006 33.500000000000007
decision_type=2 2 2 8 2 2 2
left_child=-1 2 -2 -4 5 6 -5
right_child=1 -3 3 4 -6 -7 -8
leaf_value=-0.05572889845286097 -0.1002001481321123 0.0019496091508088714 0.066492236230684357 0.054151566015913137 -0.066248943340920269 0.057274717261206434 -0.032321247724872645
leaf_weight=58 40 7455 41 42 79 48 193
leaf_count=58 40 7455 41 42 79 48 193
internal_value=0.00040183 0.00084903 -0.0174871 -0.00814998 -0.0173946 -0.00284348 -0.0160603
internal_weight=7956 7898 443 403 362 283 235
internal_count=7956 7898 443 403 362 283 235
is_linear=0
shrinkage=0.02


Tree=721
num_leaves=8
num_cat=0
split_feature=17 20 42 8 65 42 16
split_gain=433.477 1173.38 815.153 898.99 485.958 727.628 692.536
threshold=37822.850000000006 616267.10000000009 26.055000000000003 25.095000000000002 0.76388888888888895 26.905000000000005 0.32955000000000007
decision_type=2 8 2 2 2 2 2
left_child=4 -2 3 -3 6 -6 -1
right_child=1 2 -4 -5 5 -7 -8
leaf_value=-0.020698820345422579 -0.027796158274444802 -0.0044078889317237411 0.011424686922030825 0.10460854657622705 0.07834272027015686 0.0053987392008806876 -0.0025643913105154199
leaf_weight=998 278 47 925 78 60 351 5272
leaf_count=998 278 47 925 78 60 351 5272
internal_value=-0.00200487 0.00841106 0.0180837 0.0650254 -0.00408002 0.0168611 -0.00546505
internal_weight=8009 1328 1050 125 6681 411 6270
internal_count=8009 1328 1050 125 6681 411 6270
is_linear=0
shrinkage=0.02


Tree=722
num_leaves=8
num_cat=1
split_feature=16 52 17 56 11 22 67
split_gain=520.25 714.006 567.444 1039.92 668.27 513.557 553.592
threshold=0.51795000000000013 1.0000000180025095e-35 5100.5500000000002 27.975000000000005 0 8906.3500000000022 8.7492969270558607
decision_type=2 2 2 2 9 2 2
left_child=1 -1 3 -2 -4 -5 -7
right_child=2 -3 4 5 -6 6 -8
leaf_value=-0.077467064209855524 0.095301882245523079 -0.0029236737489464148 -0.0072232801365233017 -0.033008142544504473 0.013550655527988117 0.010455939222581792 0.053030804195045647
leaf_weight=47 63 4530 1453 80 1072 626 148
leaf_count=47 63 4530 1453 80 1072 626 148
internal_value=0.000643272 -0.00377284 0.00651255 0.0199417 0.00160574 0.01386 0.018885
internal_weight=8019 4577 3442 917 2525 854 774
internal_count=8019 4577 3442 917 2525 854 774
cat_boundaries=0 1
cat_threshold=2
is_linear=0
shrinkage=0.02


Tree=723
num_leaves=8
num_cat=0
split_feature=12 23 40 41 16 58 55
split_gain=633.892 609.41 600.344 633.956 599.919 596.068 492.515
threshold=83.555000000000021 1.7500000000000002 5.6100000000000003 26.915000000000003 0.60625000000000007 29.345000000000002 37.07500000000001
decision_type=2 2 2 2 2 2 2
left_child=1 -1 3 -3 5 -2 -4
right_child=4 2 6 -5 -6 -7 -8
leaf_value=0.068032570177316662 0.057259929051157087 -0.0033897089464983471 0.009377652010624845 -0.094712345713847554 0.065642896579596613 -0.0055867665478839517 -0.0037793613497322173
leaf_weight=45 75 66 1398 52 98 243 6023
leaf_count=45 75 66 1398 52 98 243 6023
internal_value=-0.000238138 -0.00156316 -0.00202339 -0.0458477 0.0236496 0.0098925 -0.00129614
internal_weight=8000 7584 7539 118 416 318 7421
internal_count=8000 7584 7539 118 416 318 7421
is_linear=0
shrinkage=0.02


Tree=724
num_leaves=8
num_cat=1
split_feature=5 20 23 52 41 20 14
split_gain=405.61 774.421 815.006 622.864 1001.96 846.585 589.04
threshold=0 1439280.8 10.65 71.75500000000001 47.965000000000011 855137.65000000014 18.385000000000002
decision_type=1 10 2 2 2 10 2
left_child=1 6 -3 -2 5 -5 -1
right_child=3 2 -4 4 -6 -7 -8
leaf_value=0.00048871270371797352 -0.0049708994802213071 0.024483607239193388 -0.088484067614116368 0.020786971982036318 -0.0032110729470350534 0.094281177764589136 0.027707396514622902
leaf_weight=659 5745 40 58 233 548 83 610
leaf_count=659 5745 40 58 233 548 83 610
internal_value=-0.000529073 0.00932838 -0.0434246 -0.00258369 0.0131971 0.0412587 0.0136299
internal_weight=7976 1367 98 6609 864 316 1269
internal_count=7976 1367 98 6609 864 316 1269
cat_boundaries=0 1
cat_threshold=1
is_linear=0
shrinkage=0.02


Tree=725
num_leaves=8
num_cat=1
split_feature=67 16 53 17 41 53 2
split_gain=402.267 752.585 775.046 696.991 1032.76 693.77 778.983
threshold=9.0087177867856028 0.61585000000000012 27.995000000000001 976.75000000000011 50.965000000000011 85.855000000000004 0
decision_type=2 2 2 2 2 2 1
left_child=3 2 -2 4 -1 6 -4
right_child=1 -3 5 -5 -6 -7 -8
leaf_value=-0.096666619967330586 -0.074185012399025682 0.030905841164547518 0.019216929334553465 -0.0020720396960740299 0.0096467491719004223 0.0513701042427838 -0.0097983176084716437
leaf_weight=72 48 416 547 5722 68 108 1069
leaf_count=72 48 416 547 5722 68 108 1069
internal_value=-0.000439823 0.00686863 0.0011545 -0.00317124 -0.0464767 0.00346059 0.000110141
internal_weight=8050 2188 1772 5862 140 1724 1616
internal_count=8050 2188 1772 5862 140 1724 1616
cat_boundaries=0 1
cat_threshold=130
is_linear=0
shrinkage=0.02


Tree=726
num_leaves=8
num_cat=0
split_feature=32 54 53 34 54 33 48
split_gain=489.229 875.624 909.555 889.754 1077.7 774.557 1853.52
threshold=1.0000000180025095e-35 82.955000000000013 92.25500000000001 2.5000000000000004 92.735000000000014 2.5000000000000004 2.5000000000000004
decision_type=2 2 2 2 2 2 2
left_child=1 2 5 4 -3 6 -1
right_child=-2 3 -4 -5 -6 -7 -8
leaf_value=0.062606370088849533 -0.0048841715615626398 -0.018016749936947532 0.10311202304794433 0.023300406065915581 0.0071660818605638341 -0.00041726657214473237 0.0063561473955318038
leaf_weight=349 2835 1361 42 505 1349 841 697
leaf_count=349 2835 1361 42 505 1349 841 697
internal_value=0.00178132 0.00545604 0.0160899 -0.000939378 -0.00549098 0.0138857 0.0253327
internal_weight=7979 5144 1929 3215 2710 1887 1046
internal_count=7979 5144 1929 3215 2710 1887 1046
is_linear=0
shrinkage=0.02


Tree=727
num_leaves=8
num_cat=0
split_feature=43 41 40 34 40 56 54
split_gain=574.541 841.775 712.009 1227.23 1280.85 1320.65 792.506
threshold=1.0000000180025095e-35 78.865000000000023 33.425000000000004 1.5000000000000002 31.265000000000004 33.815000000000005 73.385000000000005
decision_type=2 2 2 2 2 2 2
left_child=1 -1 3 4 5 -2 -4
right_child=2 -3 6 -5 -6 -7 -8
leaf_value=-0.012020146540035564 0.040785770373362479 0.04544121299387404 0.02174030071665543 0.034574595602904344 0.070559064366987764 -0.044206929737015781 -0.0027839313727323197
leaf_weight=1863 94 103 596 682 65 280 4280
leaf_count=1863 94 103 596 682 65 280 4280
internal_value=0.000467054 -0.00890207 0.0035434 0.0178781 -0.00815777 -0.0225889 0.000232898
internal_weight=7963 1966 5997 1121 439 374 4876
internal_count=7963 1966 5997 1121 439 374 4876
is_linear=0
shrinkage=0.02


Tree=728
num_leaves=8
num_cat=0
split_feature=23 51 40 38 40 9 17
split_gain=562.717 1020.02 696.328 586.168 710.26 583.459 1084.57
threshold=4.3500000000000005 17.855000000000004 5.6100000000000003 17076.750000000004 48.335000000000008 10.500000000000002 8003.9000000000005
decision_type=2 2 2 10 2 2 2
left_child=1 -1 -2 4 -3 -4 -7
right_child=2 3 5 -5 -6 6 -8
leaf_value=0.052191829825179621 -0.051485113379793293 -0.039674373483657835 -0.0030232670133764983 0.049423230077013561 0.014358981441113758 -0.010621302891445519 0.028524277527319074
leaf_weight=223 104 170 6124 76 215 478 682
leaf_count=223 104 170 6124 76 215 478 682
internal_value=0.000302537 0.0175892 -0.00130872 0.000470477 -0.00970267 -0.000557486 0.0124172
internal_weight=8072 684 7388 461 385 7284 1160
internal_count=8072 684 7388 461 385 7284 1160
is_linear=0
shrinkage=0.02


Tree=729
num_leaves=8
num_cat=0
split_feature=17 20 17 0 33 57 58
split_gain=543.329 1047 628.418 764.73 855.273 867.439 783.937
threshold=53854.30000000001 596912.85000000009 4882.1500000000005 23.500000000000004 1.5000000000000002 25.950000000000003 26.285000000000004
decision_type=2 8 2 2 2 2 2
left_child=2 -2 -1 4 -4 -6 -7
right_child=1 -3 3 -5 5 6 -8
leaf_value=0.0084902217745679246 -0.030017321844711717 0.026482643191908593 -0.061407331104795036 -0.0020739212006509857 0.038491537066159445 0.037117927852789612 -0.052019335149628365
leaf_weight=2037 157 696 186 4572 104 48 159
leaf_count=2037 157 696 186 4572 104 48 159
internal_value=0.000935344 0.0159691 -0.000879264 -0.00464909 -0.028082 -0.00749476 -0.0309619
internal_weight=7959 853 7106 5069 497 311 207
internal_count=7959 853 7106 5069 497 311 207
is_linear=0
shrinkage=0.02


Tree=730
num_leaves=8
num_cat=0
split_feature=16 56 64 66 54 49 20
split_gain=557.221 411.619 395.025 1398.01 1141.01 1115.29 1029.41
threshold=0.17090000000000002 39.275000000000013 2.5000000000000004 0.43750000000000006 82.685000000000016 26.500000000000004 1276055.05
decision_type=2 2 2 2 2 2 10
left_child=1 -1 3 6 5 -5 -2
right_child=2 -3 -4 4 -6 -7 -8
leaf_value=-0.0045599865212263366 0.0069480667919990663 -0.087058135092258446 -0.0017712212118085036 0.069414218121228069 0.08282318409975796 -0.061181348016706563 -0.04254029314300499
leaf_weight=48 1840 45 5560 42 163 54 180
leaf_count=48 1840 45 5560 42 163 54 180
internal_value=0.000512141 -0.0468835 0.00110396 0.00810696 0.0513904 -0.00343793 0.00244406
internal_weight=7932 93 7839 2279 259 96 2020
internal_count=7932 93 7839 2279 259 96 2020
is_linear=0
shrinkage=0.02


Tree=731
num_leaves=8
num_cat=0
split_feature=16 42 64 66 64 21 8
split_gain=501.783 638.309 588.843 649.33 565.463 1059.29 887.431
threshold=0.47055000000000008 89.440000000000012 4.5000000000000009 0.43750000000000006 2.5000000000000004 242494.15000000002 35.045000000000009
decision_type=2 2 2 2 2 8 2
left_child=1 2 -1 -4 5 6 -2
right_child=4 -3 3 -5 -6 -7 -8
leaf_value=-0.0079245715823460378 0.090763597308643279 0.04284880532891349 0.062236423003395984 0.00071134919621223635 0.0014772383619960465 0.010105490530552437 -0.013898662493584004
leaf_weight=3277 121 108 97 210 3090 1076 42
leaf_count=3277 121 108 97 210 3090 1076 42
internal_value=0.001447 -0.00396686 -0.00543533 0.0208367 0.00606347 0.0174494 0.0641844
internal_weight=8021 3692 3584 307 4329 1239 163
internal_count=8021 3692 3584 307 4329 1239 163
is_linear=0
shrinkage=0.02


Tree=732
num_leaves=8
num_cat=0
split_feature=52 17 38 13 52 13 67
split_gain=482.542 893.374 888.848 1183.9 824.772 785.798 766.563
threshold=41.510000000000012 895.00000000000011 4555.6500000000005 357.25000000000006 39.615000000000002 363.85000000000008 25.083873332093724
decision_type=2 2 8 2 2 2 2
left_child=1 -1 6 4 -4 -5 -3
right_child=-2 2 3 5 -6 -7 -8
leaf_value=-0.068520768940448756 -0.0022984451155757674 0.036454716780710793 0.010380355913715299 -0.068235906651339578 0.065573290798093084 -0.0078132321782816202 -0.048958317410686743
leaf_weight=55 5068 583 1248 92 114 784 41
leaf_count=55 5068 583 1248 92 114 784 41
internal_value=0.00143158 0.00790497 0.00949061 0.00357837 0.015223 -0.0145102 0.0304981
internal_weight=7985 2917 2862 2238 1362 876 624
internal_count=7985 2917 2862 2238 1362 876 624
is_linear=0
shrinkage=0.02


Tree=733
num_leaves=8
num_cat=1
split_feature=33 20 8 2 8 57 57
split_gain=380.268 366.863 880.686 784.052 1352.86 746.693 1421.76
threshold=6.5000000000000009 855137.65000000014 20.675000000000004 0 15.435 38.565000000000005 40.730000000000011
decision_type=2 8 2 1 2 2 2
left_child=1 -1 3 4 -3 -4 -7
right_child=-2 2 5 -5 -6 6 -8
leaf_value=-0.0070086897359383175 0.053938511558450183 -0.073003733327700979 0.0044355973749533708 0.016344105176976275 0.047190223257925552 -0.065644565143800793 -0.0068881771300401953
leaf_weight=2315 47 100 1996 1903 54 183 1345
leaf_count=2315 47 100 1996 1903 54 183 1345
internal_value=3.10619e-05 -0.000323747 0.00245296 0.0128355 -0.0288827 -0.00361705 -0.0141163
internal_weight=7943 7896 5581 2057 154 3524 1528
internal_count=7943 7896 5581 2057 154 3524 1528
cat_boundaries=0 1
cat_threshold=1
is_linear=0
shrinkage=0.02


Tree=734
num_leaves=8
num_cat=1
split_feature=42 3 13 16 56 42 56
split_gain=733.994 606.92 640.111 528.492 507.816 820.873 1141.57
threshold=9.1200000000000028 0 352.75000000000006 0.17090000000000002 35.445000000000007 26.905000000000005 32.155000000000008
decision_type=2 1 2 2 2 2 2
left_child=1 2 -1 -2 5 6 -5
right_child=3 -3 -4 4 -6 -7 -8
leaf_value=0.035706499745904265 -0.044620560153781137 -0.065297766863868748 -0.052687166460922787 0.063390101647298594 0.0056456851816599754 -0.010163047979866217 -0.018518234114050864
leaf_weight=74 92 106 51 147 5452 1963 120
leaf_count=74 92 106 51 147 5452 1963 120
internal_value=0.000720256 -0.0340284 -0.000926199 0.001774 0.00235829 -0.00567354 0.0269137
internal_weight=8005 231 125 7774 7682 2230 267
internal_count=8005 231 125 7774 7682 2230 267
cat_boundaries=0 1
cat_threshold=5
is_linear=0
shrinkage=0.02


Tree=735
num_leaves=8
num_cat=0
split_feature=12 34 38 51 17 42 23
split_gain=478.91 795.805 966.551 1386.1 1094.86 1222.68 1163.87
threshold=42.865000000000002 1.5000000000000002 41987.55000000001 35.865000000000002 6132.4000000000005 54.925000000000004 16.750000000000004
decision_type=2 2 8 2 2 2 2
left_child=1 2 3 4 6 -6 -1
right_child=-2 -3 -4 -5 5 -7 -8
leaf_value=0.044431367673561914 0.004088802857455544 0.0028137102756273418 -0.029862760754250692 0.04206847875526077 -0.075253227567563294 0.0053325181327484273 -0.068067075485984493
leaf_weight=155 4406 1965 900 223 172 130 43
leaf_count=155 4406 1965 900 223 172 130 43
internal_value=-0.000326741 -0.00574709 -0.0160886 0.00114489 -0.0173428 -0.0410421 0.0189251
internal_weight=7994 3588 1623 723 500 302 198
internal_count=7994 3588 1623 723 500 302 198
is_linear=0
shrinkage=0.02


Tree=736
num_leaves=8
num_cat=1
split_feature=68 1 68 10 20 45 24
split_gain=477.142 1198.11 663.125 722.207 633.951 566.37 543.702
threshold=1820341.55 0 1651963.3 65069.100000000006 1379898.8500000003 1.0000000180025095e-35 1.5000000000000002
decision_type=2 1 2 2 10 2 2
left_child=2 5 -1 4 -4 -2 -7
right_child=1 -3 3 -5 -6 6 -8
leaf_value=-0.00089745721832590027 0.090149323571240531 -0.014794984333673303 -0.11979734160152136 0.022737593094685246 -0.027598693924046111 0.075434957961241403 -0.013883722602835737
leaf_weight=7426 91 191 46 51 82 40 66
leaf_count=7426 91 191 46 51 82 40 66
internal_value=-0.000718067 0.0207719 -0.00182739 -0.0393339 -0.0639906 0.0547681 0.0217012
internal_weight=7993 388 7605 179 128 197 106
internal_count=7993 388 7605 179 128 197 106
cat_boundaries=0 1
cat_threshold=2
is_linear=0
shrinkage=0.02


Tree=737
num_leaves=8
num_cat=0
split_feature=58 12 58 24 68 58 22
split_gain=535.771 786.675 679.274 602.781 810.466 589.433 538.352
threshold=33.645000000000003 79.110000000000014 33.035000000000004 5.5000000000000009 675107.10000000009 29.455000000000002 21251.200000000001
decision_type=2 2 2 2 2 2 2
left_child=1 2 3 6 -5 -3 -1
right_child=-2 5 -4 4 -6 -7 -8
leaf_value=-0.009636228069692181 0.0041175111482212746 0.05305299520071545 -0.05616219663247466 0.013958452363999991 -0.089868370237258757 -0.015965198815449493 0.014747653875529397
leaf_weight=1987 5134 141 115 47 73 72 438
leaf_count=1987 5134 141 115 47 73 72 438
internal_value=0.000248477 -0.00666056 -0.00963809 -0.00742982 -0.0502711 0.0298918 -0.00521076
internal_weight=8007 2873 2660 2545 120 213 2425
internal_count=8007 2873 2660 2545 120 213 2425
is_linear=0
shrinkage=0.02


Tree=738
num_leaves=8
num_cat=1
split_feature=2 29 54 20 58 9 44
split_gain=443.348 748.399 907.708 665.544 705.143 566.937 848.861
threshold=0 1.0000000180025095e-35 89.235000000000014 632628.50000000012 44.115000000000002 1.5000000000000002 1.0000000180025095e-35
decision_type=1 2 2 8 2 2 2
left_child=1 3 -3 -1 -5 6 -2
right_child=5 2 -4 4 -6 -7 -8
leaf_value=-0.076792672824027935 -0.031747218275899595 -0.012526235279499316 0.068843456510194509 -0.066250067605920462 -0.0048951879915767821 0.0059061921564502289 0.0001744551781612979
leaf_weight=81 419 148 81 87 409 5223 1556
leaf_count=81 419 148 81 87 409 5223 1556
internal_value=0.000869936 -0.0130594 0.0171112 -0.025302 -0.0162108 0.00245239 -0.00666086
internal_weight=8004 806 229 577 496 7198 1975
internal_count=8004 806 229 577 496 7198 1975
cat_boundaries=0 1
cat_threshold=8
is_linear=0
shrinkage=0.02


Tree=739
num_leaves=8
num_cat=0
split_feature=16 38 16 21 49 6 68
split_gain=445.034 751.884 963.126 1543.18 923.729 742.2 642.492
threshold=0.50155000000000005 31327.600000000002 0.45695000000000002 455989.55000000005 38.500000000000007 2.5000000000000004 1127667.3500000003
decision_type=2 8 2 8 2 2 2
left_child=1 -1 4 -4 6 -6 -3
right_child=-2 2 3 -5 5 -7 -8
leaf_value=0.0015258793145543914 0.0034576137043206708 0.0087984467088812728 -0.0035984648120163678 -0.083571026649885846 -0.046674203228907432 0.023258912641751138 -0.028456700088959907
leaf_weight=2365 3704 897 194 188 328 71 228
leaf_count=2365 3704 897 194 188 328 71 228
internal_value=-0.00161325 -0.00600983 -0.0153398 -0.0435279 -0.00815503 -0.0340961 0.00115556
internal_weight=7975 4271 1906 382 1524 399 1125
internal_count=7975 4271 1906 382 1524 399 1125
is_linear=0
shrinkage=0.02


Tree=740
num_leaves=8
num_cat=0
split_feature=14 40 51 14 22 22 15
split_gain=473.168 796.127 841.597 702.67 555.966 1146.77 505.991
threshold=7.6750000000000007 51.585000000000008 36.775000000000013 7.1050000000000013 11511.000000000002 16225.35 6.5000000000000009
decision_type=2 2 2 2 2 2 2
left_child=1 2 3 4 -1 -6 -2
right_child=6 -3 -4 -5 5 -7 -8
leaf_value=0.024153605341911317 0.002593498624928527 0.0072883696176257789 0.025306323069637107 -0.12344104453650388 -0.13686440715971201 -0.0058897543677261903 -0.048944226060207791
leaf_weight=40 7400 250 54 50 41 65 72
leaf_count=40 7400 250 54 50 41 65 72
internal_value=0.00079947 -0.0179382 -0.042813 -0.0617432 -0.037226 -0.0604328 0.00206448
internal_weight=7972 500 250 196 146 106 7472
internal_count=7972 500 250 196 146 106 7472
is_linear=0
shrinkage=0.02


Tree=741
num_leaves=8
num_cat=0
split_feature=54 41 52 23 52 56 54
split_gain=452.929 641.147 783.694 662.681 672.455 901.625 706.669
threshold=73.02500000000002 49.455000000000005 32.345000000000006 19.950000000000003 47.045000000000009 31.915000000000003 63.410000000000004
decision_type=2 2 2 2 2 2 2
left_child=1 3 -3 4 5 -1 -6
right_child=-2 2 -4 -5 6 -7 -8
leaf_value=0.1383081386367912 -0.00195663952056344 -0.058447997563186735 0.0076071018157256257 -0.041977342057228091 0.078043823093175896 0.038421071952129425 -0.0091085337023768167
leaf_weight=41 7009 82 408 45 42 206 175
leaf_count=41 7009 82 408 45 42 206 175
internal_value=-0.000158297 0.0124058 -0.00392574 0.028013 0.035176 0.0574167 0.00913749
internal_weight=8008 999 490 509 464 247 217
internal_count=8008 999 490 509 464 247 217
is_linear=0
shrinkage=0.02


Tree=742
num_leaves=8
num_cat=0
split_feature=23 10 16 55 51 12 25
split_gain=540.258 606.163 384.646 636.906 947.274 933.714 933.954
threshold=2.9500000000000006 18502.500000000004 0.60625000000000007 45.375000000000007 35.865000000000002 61.835000000000008 1.0000000180025095e-35
decision_type=2 2 2 2 2 2 2
left_child=1 -1 -2 -4 5 6 -5
right_child=2 -3 3 4 -6 -7 -8
leaf_value=-0.02110983634240007 -0.0050743702238618335 0.048339193063623762 0.016368563356846794 -0.051873846450251733 0.027968281772332033 0.020852633406529607 0.0031340732395648959
leaf_weight=68 5884 165 989 329 233 179 195
leaf_count=68 5884 165 989 329 233 179 195
internal_value=-0.00163312 0.0280531 -0.00253626 0.00521484 -0.00659481 -0.0181669 -0.0315672
internal_weight=8042 233 7809 1925 936 703 524
internal_count=8042 233 7809 1925 936 703 524
is_linear=0
shrinkage=0.02


Tree=743
num_leaves=8
num_cat=0
split_feature=22 22 8 40 17 42 56
split_gain=592.659 532.454 731.486 1033.76 874.058 616.27 687.539
threshold=7121.0500000000011 10900.950000000003 13.075000000000001 15.170000000000002 12618.000000000002 26.905000000000005 41.82500000000001
decision_type=2 2 2 2 2 2 2
left_child=-1 2 4 -4 -2 -5 -7
right_child=1 -3 3 5 -6 6 -8
leaf_value=-0.02682331079025627 0.069780284237207446 -0.00063902889790846246 0.078496025459546787 -0.038920694167487495 -0.018645784608088436 0.019135546536179701 -0.012534530308873
leaf_weight=291 159 6159 71 124 59 719 437
leaf_count=291 159 6159 71 124 59 719 437
internal_value=0.000950993 0.00201351 0.0123948 0.00682802 0.045967 0.00256273 0.00716096
internal_weight=8019 7728 1569 1351 218 1280 1156
internal_count=8019 7728 1569 1351 218 1280 1156
is_linear=0
shrinkage=0.02


Tree=744
num_leaves=8
num_cat=0
split_feature=64 50 42 58 38 57 55
split_gain=542.814 499.275 794.398 384.115 508.729 752.933 912.78
threshold=1.0000000180025095e-35 3.5000000000000004 40.775000000000013 66.140000000000015 16347.400000000003 22.695000000000004 41.145000000000003
decision_type=2 2 2 2 10 2 2
left_child=-1 3 -3 4 -2 -6 -7
right_child=1 2 -4 -5 5 6 -8
leaf_value=-0.061526333412953785 0.0012880176399745528 0.070698381940523788 -0.00018148030540565165 0.021598828845901256 -0.041907347546582166 0.035806348815887838 -0.014923833958943438
leaf_weight=51 6352 100 159 312 273 177 639
leaf_count=51 6352 100 159 312 273 177 639
internal_value=0.000525336 0.000958449 0.0280059 3.74221e-05 -0.000880541 -0.0134775 -0.00376881
internal_weight=8063 8012 259 7753 7441 1089 816
internal_count=8063 8012 259 7753 7441 1089 816
is_linear=0
shrinkage=0.02


Tree=745
num_leaves=8
num_cat=0
split_feature=12 62 54 58 8 10 58
split_gain=552.709 1156.14 989.278 870.821 586.247 1138.1 414.419
threshold=7.3150000000000004 1.0000000180025095e-35 84.095000000000013 44.430000000000007 17.785000000000004 22981.950000000004 23.405000000000005
decision_type=2 2 2 2 2 2 2
left_child=1 3 -3 4 -1 -6 -2
right_child=6 2 -4 -5 5 -7 -8
leaf_value=-0.028026294966156665 -0.012448953243275201 -0.0032943938987759444 -0.12129766177028825 -0.053451720259406352 0.12593972123399072 -0.0032385230606252497 0.0024074893192344436
leaf_weight=47 838 47 68 72 44 61 6882
leaf_count=47 838 47 68 72 44 61 6882
internal_value=-0.000316961 -0.0251218 -0.075217 0.00167753 0.028662 0.0541573 0.00078782
internal_weight=8059 339 115 224 152 105 7720
internal_count=8059 339 115 224 152 105 7720
is_linear=0
shrinkage=0.02


Tree=746
num_leaves=8
num_cat=0
split_feature=33 41 13 34 45 68 33
split_gain=432.462 358.233 1101.02 1035.85 775.268 885.427 666.553
threshold=6.5000000000000009 23.250000000000004 415.75000000000006 3.5000000000000004 1.0000000180025095e-35 1000248.5500000002 1.5000000000000002
decision_type=2 2 2 2 2 2 2
left_child=1 2 3 4 5 6 -1
right_child=-2 -3 -4 -5 -6 -7 -8
leaf_value=0.034904083920021853 0.058355818857647936 5.9711113426900079e-05 0.050474585142400531 0.057903922830841371 -0.057079365276714242 0.043369535696640441 -0.05056788456710902
leaf_weight=43 44 7306 85 51 264 84 160
leaf_count=43 44 7306 85 51 264 84 160
internal_value=-0.000880558 -0.00124292 -0.0149963 -0.0245801 -0.0326668 -0.00961786 -0.0320592
internal_weight=8037 7993 687 602 551 287 203
internal_count=8037 7993 687 602 551 287 203
is_linear=0
shrinkage=0.02


Tree=747
num_leaves=8
num_cat=0
split_feature=12 26 10 17 24 67 42
split_gain=592.604 836.083 762.464 869.656 1092.35 922.898 711.826
threshold=14.375000000000002 1.0000000180025095e-35 63610.000000000007 15524.650000000003 3.5000000000000004 8.1966782700151199 50.485000000000007
decision_type=2 2 2 2 2 2 2
left_child=1 2 3 4 5 -1 -5
right_child=-2 -3 -4 6 -6 -7 -8
leaf_value=0.013861832401570788 0.0002222020783147331 0.011669112783070508 0.032048491383592288 -0.15553649643193121 -0.10556383830463065 -0.074690513946707282 -0.040717309610410174
leaf_weight=182 7397 226 55 41 53 58 50
leaf_count=182 7397 226 55 41 53 58 50
internal_value=-0.00140907 -0.0194204 -0.0353767 -0.0453218 -0.0276377 -0.00862588 -0.0978555
internal_weight=8062 665 439 384 293 240 91
internal_count=8062 665 439 384 293 240 91
is_linear=0
shrinkage=0.02


Tree=748
num_leaves=8
num_cat=1
split_feature=55 21 7 53 40 66 23
split_gain=565.585 705.475 766.365 750.715 662.467 621.792 584.148
threshold=37.07500000000001 279415.3000000001 0 45.675000000000004 41.895000000000003 0.31250000000000006 12.050000000000002
decision_type=2 8 1 2 2 2 2
left_child=1 3 5 -1 -5 -3 -7
right_child=-2 2 -4 4 -6 6 -8
leaf_value=-0.07075926817035022 -0.0029287888933148144 0.075538453493605967 0.0089788540266454216 0.039879138265644112 -0.021103631639806324 -0.025800265181755676 0.064643651949507858
leaf_weight=68 6509 149 873 106 194 64 44
leaf_count=68 6509 149 873 106 194 64 44
internal_value=-0.000377325 0.010682 0.0184964 -0.0132399 0.000744137 0.0478685 0.0122772
internal_weight=8007 1498 1130 368 300 257 108
internal_count=8007 1498 1130 368 300 257 108
cat_boundaries=0 1
cat_threshold=24
is_linear=0
shrinkage=0.02


Tree=749
num_leaves=8
num_cat=1
split_feature=2 56 67 52 54 57 23
split_gain=473.07 958.539 927.526 947.966 1804 974.631 893.59
threshold=0 49.685000000000009 22.3538148286347 15.630000000000001 78.405000000000015 32.975000000000001 2.1500000000000008
decision_type=1 2 2 2 2 2 2
left_child=-1 2 3 4 -2 -6 -5
right_child=1 -3 -4 6 5 -7 -8
leaf_value=0.0058978004568352033 -0.14186214056797325 0.036665406482512347 -0.039928652867550235 0.082184091783037372 0.062871929877079444 -0.041667080241206453 -0.0021264149254362368
leaf_weight=3692 51 217 294 46 47 109 3583
leaf_count=3692 51 217 294 46 47 109 3583
internal_value=0.000646572 -0.00381984 -0.00599803 -0.00334891 -0.0444575 -0.00919694 -0.000946117
internal_weight=8039 4347 4130 3836 207 156 3629
internal_count=8039 4347 4130 3836 207 156 3629
cat_boundaries=0 1
cat_threshold=162
is_linear=0
shrinkage=0.02


Tree=750
num_leaves=8
num_cat=2
split_feature=8 2 7 13 37 52 16
split_gain=515.704 651.014 975.525 1146.92 956.088 1014.82 952.602
threshold=24.415000000000003 0 1 320.55000000000007 0.081650000000000014 63.135000000000012 0.50035000000000007
decision_type=2 1 1 2 2 2 2
left_child=-1 2 4 -4 -2 -6 -5
right_child=1 -3 3 6 5 -7 -8
leaf_value=0.004794621705090733 0.015894725309279951 0.00024514362982928797 0.0032282146551491069 -0.10896433686379525 -0.038007700456304243 0.020131240574283952 -0.031530714224775637
leaf_weight=3715 455 2829 139 117 439 161 145
leaf_count=3715 455 2829 139 117 439 161 145
internal_value=-0.000655499 -0.00538071 -0.0161662 -0.0422077 -0.00581501 -0.0223696 -0.0675028
internal_weight=8000 4285 1456 401 1055 600 262
internal_count=8000 4285 1456 401 1055 600 262
cat_boundaries=0 1 2
cat_threshold=76 7
is_linear=0
shrinkage=0.02


Tree=751
num_leaves=8
num_cat=1
split_feature=64 33 17 2 40 41 37
split_gain=860.08 1080.94 933.334 903.505 925.877 889.318 758.16
threshold=2.5000000000000004 3.5000000000000004 4545.5000000000009 0 71.345000000000013 81.220000000000013 0.27525000000000005
decision_type=2 2 2 1 2 2 2
left_child=1 2 3 -1 -5 6 -4
right_child=-2 -3 5 4 -6 -7 -8
leaf_value=0.060258154863410671 -0.003964576575924657 0.047700331748886549 0.0017402319059522356 -0.0028927475254277922 0.086528962670632134 0.071498945162433089 -0.032756893675718733
leaf_weight=192 5705 270 1063 365 48 56 330
leaf_count=192 5705 270 1063 365 48 56 330
internal_value=0.000213525 0.0104565 0.00545682 0.0262117 0.0082143 -0.0032693 -0.00652002
internal_weight=8029 2324 2054 605 413 1449 1393
internal_count=8029 2324 2054 605 413 1449 1393
cat_boundaries=0 1
cat_threshold=160
is_linear=0
shrinkage=0.02


Tree=752
num_leaves=8
num_cat=0
split_feature=16 0 46 40 14 25 54
split_gain=451.621 512.322 894.013 732.04 820.172 898.791 875.543
threshold=0.79410000000000014 21.500000000000004 3.5000000000000004 72.305000000000021 11.715000000000002 1.0000000180025095e-35 84.245000000000019
decision_type=2 2 2 2 2 2 2
left_child=1 2 -1 4 -4 6 -6
right_child=-2 -3 3 -5 5 -7 -8
leaf_value=0.029761665766878474 0.027919442444895776 -0.00045754479448784427 0.010058181838856803 0.0076753132768413602 -0.0073924297742944747 -0.0037419099218389961 -0.10264099404040504
leaf_weight=119 202 7145 85 148 51 84 165
leaf_count=119 202 7145 85 148 51 84 165
internal_value=-0.00123914 -0.00201197 -0.0189132 -0.0299562 -0.0443352 -0.0596589 -0.0808278
internal_weight=7999 7797 652 533 385 300 216
internal_count=7999 7797 652 533 385 300 216
is_linear=0
shrinkage=0.02


Tree=753
num_leaves=8
num_cat=1
split_feature=0 43 40 8 28 52 7
split_gain=519.643 632.326 849.396 1055.45 1110.05 864.259 851.586
threshold=56.500000000000007 1.0000000180025095e-35 65.265000000000015 50.160000000000004 1.0000000180025095e-35 57.615000000000002 0
decision_type=2 2 2 2 2 2 1
left_child=1 2 3 4 -1 -6 -4
right_child=-2 -3 6 -5 5 -7 -8
leaf_value=-0.026670108814099255 0.01123220996194914 0.001801790277815594 0.060074772145437161 -0.084356594084124825 -0.002447847324912831 0.072746457580970716 -0.0075061210663677361
leaf_weight=845 1523 4872 100 90 231 78 209
leaf_count=845 1523 4872 100 90 231 78 209
internal_value=0.00074867 -0.00174318 -0.0128344 -0.0201947 -0.0148484 0.0173894 0.0166472
internal_weight=7948 6425 1553 1244 1154 309 309
internal_count=7948 6425 1553 1244 1154 309 309
cat_boundaries=0 1
cat_threshold=28
is_linear=0
shrinkage=0.02


Tree=754
num_leaves=8
num_cat=1
split_feature=64 34 38 56 2 48 58
split_gain=478.878 1304.8 1081.09 1160.97 1964.44 1340.24 1463.41
threshold=2.5000000000000004 2.5000000000000004 20349.100000000002 39.195000000000007 0 1.5000000000000002 23.225000000000005
decision_type=2 2 10 2 1 2 2
left_child=1 2 3 4 -1 -6 -7
right_child=-2 -3 -4 -5 5 6 -8
leaf_value=0.047580891319084911 -0.0049160455477791441 0.044179013314378728 0.046155352211179772 -0.019913118361586237 0.038256640905657641 0.051020289943427652 -0.047253958296562946
leaf_weight=351 5710 303 180 954 151 69 345
leaf_count=351 5710 303 180 954 151 69 345
internal_value=-0.00178814 0.00579663 2.98384e-05 -0.00452129 0.0115301 -0.0117161 -0.0304615
internal_weight=8063 2353 2050 1870 916 565 414
internal_count=8063 2353 2050 1870 916 565 414
cat_boundaries=0 1
cat_threshold=162
is_linear=0
shrinkage=0.02


Tree=755
num_leaves=8
num_cat=0
split_feature=57 46 56 23 68 49 53
split_gain=504.784 978.097 966.663 578.153 1010.27 974.988 792.48
threshold=22.475000000000005 1.5000000000000002 40.865000000000002 7.8500000000000005 195721.55000000002 41.500000000000007 81.355000000000004
decision_type=2 2 2 2 2 2 2
left_child=1 2 -1 4 5 6 -2
right_child=3 -3 -4 -5 -6 -7 -8
leaf_value=0.005835128498488459 -0.025311745171345049 -0.0041697717641808411 -0.1035008096417849 0.0077551389970000086 0.003027500555670849 -0.080648729370421737 0.063782536633636644
leaf_weight=53 305 1959 76 4155 1332 114 41
leaf_count=53 305 1959 76 4155 1332 114 41
internal_value=0.000692132 -0.0077566 -0.0600383 0.00366252 -0.00582197 -0.031204 -0.0139961
internal_weight=8035 2088 129 5947 1792 460 346
internal_count=8035 2088 129 5947 1792 460 346
is_linear=0
shrinkage=0.02


Tree=756
num_leaves=8
num_cat=0
split_feature=17 17 22 40 22 21 64
split_gain=560.297 863.992 923.109 800.319 787.065 705.954 697.651
threshold=16791.950000000004 13302.750000000002 11320.400000000001 31.265000000000004 18524.700000000001 180162.70000000004 4.5000000000000009
decision_type=2 2 2 2 2 8 2
left_child=1 2 5 -3 -5 -1 -4
right_child=-2 3 6 4 -6 -7 -8
leaf_value=0.085598713645228627 0.0075427286155569633 -0.072925750512187762 -0.0081148631077863926 -0.030480523671384062 0.026516533327453278 0.011400281814161296 0.030984654720373376
leaf_weight=49 2920 113 3117 336 131 1104 189
leaf_count=49 2920 113 3117 336 131 1104 189
internal_value=0.000579018 -0.00345979 -0.000461097 -0.0263126 -0.0143805 0.0149095 -0.00583618
internal_weight=7959 5039 4459 580 467 1153 3306
internal_count=7959 5039 4459 580 467 1153 3306
is_linear=0
shrinkage=0.02


Tree=757
num_leaves=8
num_cat=1
split_feature=68 1 18 45 42 37 56
split_gain=504.064 721.158 562.215 587.422 480.815 465.176 437.558
threshold=1820341.55 0 394966.85000000003 1.0000000180025095e-35 62.995000000000012 0.23670000000000005 38.525000000000013
decision_type=2 1 2 2 2 2 2
left_child=6 2 3 -2 5 -3 -1
right_child=1 4 -4 -5 -6 -7 -8
leaf_value=0.0028616042254957898 0.063364551099571023 -0.052378034810436534 0.098368286324329063 -0.016799787750115265 0.043630133232584703 0.023330358734317852 -0.0067552072300124787
leaf_weight=3426 69 89 56 69 49 46 4217
leaf_count=3426 69 89 56 69 49 46 4217
internal_value=-0.00132491 0.0210668 0.0474686 0.0240965 -0.00728921 -0.0266692 -0.00244539
internal_weight=8021 378 194 138 184 135 7643
internal_count=8021 378 194 138 184 135 7643
cat_boundaries=0 1
cat_threshold=2
is_linear=0
shrinkage=0.02


Tree=758
num_leaves=8
num_cat=0
split_feature=50 64 0 52 41 68 33
split_gain=581.375 567.58 537.343 456.152 659.634 721.053 575.993
threshold=3.5000000000000004 2.5000000000000004 52.500000000000007 75.385000000000005 49.875000000000007 971458.90000000014 5.5000000000000009
decision_type=2 2 2 2 2 2 2
left_child=3 -2 -3 6 5 -5 -1
right_child=1 2 -4 4 -6 -7 -8
leaf_value=-0.0056076355792011347 0.078155654438517311 0.029356094350914162 -0.043807523884556512 0.013735708937441048 -0.0027763449320204032 0.081630377212296365 0.027960380872587953
leaf_weight=6699 61 145 50 204 486 87 206
leaf_count=6699 61 145 50 204 486 87 206
internal_value=-0.00195444 0.0274033 0.00997 -0.00294996 0.0115314 0.0350701 -0.00458668
internal_weight=7938 256 195 7682 777 291 6905
internal_count=7938 256 195 7682 777 291 6905
is_linear=0
shrinkage=0.02


Tree=759
num_leaves=8
num_cat=2
split_feature=2 41 66 3 58 23 42
split_gain=562.304 686.38 975.525 795.056 979.094 678.255 621.981
threshold=0 23.855000000000004 0.56250000000000011 1 45.07500000000001 28.250000000000004 26.905000000000005
decision_type=1 2 2 1 2 2 2
left_child=5 2 3 -2 -5 -1 -3
right_child=1 6 -4 4 -6 -7 -8
leaf_value=0.0045499625754819705 -0.0037894290065678365 0.023788128461002225 0.053815866682840427 -0.14508624616422153 -0.03920649508454583 0.060370615305525538 -0.0050443788682268806
leaf_weight=4123 122 326 41 52 105 84 3121
leaf_count=4123 122 326 41 52 105 84 3121
internal_value=0.000706119 -0.00489717 -0.0326962 -0.046133 -0.0731548 0.00572128 -0.00228704
internal_weight=7974 3767 320 279 157 4207 3447
internal_count=7974 3767 320 279 157 4207 3447
cat_boundaries=0 1 2
cat_threshold=212 5
is_linear=0
shrinkage=0.02


Tree=760
num_leaves=8
num_cat=1
split_feature=8 9 41 64 4 42 56
split_gain=414.387 686.197 853.947 719.077 568.411 557.537 554.665
threshold=50.695000000000007 4.5000000000000009 58.32500000000001 3.5000000000000004 0 61.685000000000009 35.035000000000004
decision_type=2 2 2 2 1 2 2
left_child=-1 2 3 -2 6 -4 -3
right_child=1 4 5 -5 -6 -7 -8
leaf_value=0.00075924997987017657 -0.080802775172036406 -0.030517308658555797 0.057030604032630272 -0.010844260944920305 -0.020995257193850869 -0.022867026833118871 0.05045187879594968
leaf_weight=7334 154 41 50 96 154 91 134
leaf_count=7334 154 41 50 96 154 91 134
internal_value=-0.000666151 -0.0150905 -0.032832 -0.0546781 0.00617011 0.00644828 0.0295211
internal_weight=8054 720 391 250 329 141 175
internal_count=8054 720 391 250 329 141 175
cat_boundaries=0 1
cat_threshold=10
is_linear=0
shrinkage=0.02


Tree=761
num_leaves=8
num_cat=0
split_feature=9 47 56 56 20 21 38
split_gain=491.945 584.366 612.522 1059.64 574.173 1046.84 913.906
threshold=2.5000000000000004 14.500000000000002 45.055000000000007 44.555000000000007 619445.35000000009 160635.65000000002 17812.900000000005
decision_type=2 2 2 2 10 10 8
left_child=1 2 3 -1 6 -6 -4
right_child=-2 -3 4 -5 5 -7 -8
leaf_value=-0.0036200472740144534 0.0054077730456296149 0.055096407880773766 -0.00076287332627147735 0.069120183844702796 -0.044049237394332891 0.042178614423141005 -0.056338701028665311
leaf_weight=2294 4862 59 197 78 95 124 292
leaf_count=2294 4862 59 197 78 95 124 292
internal_value=0.00142515 -0.00474234 -0.00597604 -0.00108772 -0.0222308 0.00462552 -0.0341836
internal_weight=8001 3139 3080 2372 708 219 489
internal_count=8001 3139 3080 2372 708 219 489
is_linear=0
shrinkage=0.02


Tree=762
num_leaves=8
num_cat=0
split_feature=66 32 64 41 53 50 46
split_gain=386.213 430.72 778.328 927.552 758.849 829.334 642.768
threshold=0.81250000000000011 1.0000000180025095e-35 4.5000000000000009 47.535000000000004 87.91500000000002 1.5000000000000002 1.5000000000000002
decision_type=2 2 2 2 2 2 2
left_child=1 4 -3 -4 6 -6 -1
right_child=-2 2 3 -5 5 -7 -8
leaf_value=-0.02526394380379153 0.055717040826840432 -0.011340106997045163 0.044395427650344536 -0.0054365484741007546 0.061371700448841694 -0.017731880492124805 0.0040856701256911775
leaf_weight=314 46 2206 239 383 172 73 4641
leaf_count=314 46 2206 239 383 172 73 4641
internal_value=0.000853351 0.000504501 -0.00577122 0.0139124 0.00391979 0.0379188 0.00220218
internal_weight=8074 8028 2828 622 5200 245 4955
internal_count=8074 8028 2828 622 5200 245 4955
is_linear=0
shrinkage=0.02


Tree=763
num_leaves=8
num_cat=0
split_feature=56 53 37 40 33 48 33
split_gain=477.037 663.503 755.2 733.006 1031.4 556.58 822.298
threshold=30.155000000000005 85.25500000000001 0.21240000000000001 61.355000000000011 2.5000000000000004 4.5000000000000009 1.0000000180025095e-35
decision_type=2 2 2 2 2 2 2
left_child=1 2 -1 4 -4 -2 -7
right_child=5 -3 3 -5 -6 6 -8
leaf_value=-0.0050727864589488825 0.0065326224787334887 0.050524362448988294 -0.12662881309921675 0.0067553175828958811 -0.028798981404910655 -0.048847854332067071 -0.0023493846430202451
leaf_weight=484 3938 53 69 71 113 155 3108
leaf_count=484 3938 53 69 71 113 155 3108
internal_value=-0.000147167 -0.0148498 -0.0198598 -0.0475016 -0.0682824 0.001475 -0.00462953
internal_weight=7991 790 737 253 182 7201 3263
internal_count=7991 790 737 253 182 7201 3263
is_linear=0
shrinkage=0.02


Tree=764
num_leaves=8
num_cat=1
split_feature=23 56 2 34 42 55 62
split_gain=540.022 1078.19 1302.71 1051.79 702.361 664.697 849.489
threshold=17.350000000000005 30.435000000000006 0 1.0000000180025095e-35 50.725000000000001 41.265000000000008 1.0000000180025095e-35
decision_type=2 2 1 2 2 2 2
left_child=-1 4 5 -4 -2 -3 -7
right_child=1 2 3 -5 -6 6 -8
leaf_value=0.0016193337565911631 -0.10393931941552596 0.034647022530436521 -0.11369734485944114 -0.020069490437812681 -0.021391362807538249 0.015560576572603027 -0.041851261635941849
leaf_weight=6534 72 295 49 471 96 303 150
leaf_count=6534 72 295 49 471 96 303 150
internal_value=-0.000823567 -0.0119062 -0.00549326 -0.0293322 -0.0587506 0.0114021 -0.00369932
internal_weight=7970 1436 1268 520 168 748 453
internal_count=7970 1436 1268 520 168 748 453
cat_boundaries=0 1
cat_threshold=150
is_linear=0
shrinkage=0.02


Tree=765
num_leaves=8
num_cat=0
split_feature=48 20 9 67 40 68 52
split_gain=382.333 905.866 832.801 871.902 640.553 546.024 904.046
threshold=7.5000000000000009 1.0000000180025095e-35 20.500000000000004 12.991232340801597 55.930000000000007 1820341.55 66.350000000000009
decision_type=2 10 2 2 2 2 2
left_child=2 -2 5 4 -4 -1 -7
right_child=1 -3 3 -5 -6 6 -8
leaf_value=0.00085139994414140945 0.0075471296402574873 -0.017716839588792607 0.092677796939387921 -0.033446163094562033 -0.00079763337638643055 0.0094863790055932512 0.094927742284077854
leaf_weight=5274 1057 1216 104 41 40 214 60
leaf_count=5274 1057 1216 104 41 40 214 60
internal_value=0.000955263 -0.0059777 0.00370684 0.0448814 0.067557 0.00229468 0.0295621
internal_weight=8006 2273 5733 185 144 5548 274
internal_count=8006 2273 5733 185 144 5548 274
is_linear=0
shrinkage=0.02


Tree=766
num_leaves=8
num_cat=2
split_feature=8 40 48 17 41 4 7
split_gain=808.255 889.515 815.345 685.315 739.109 730.78 774.52
threshold=50.695000000000007 31.535000000000004 1.5000000000000002 5100.5500000000002 18.610000000000003 0 1
decision_type=2 2 2 2 2 1 1
left_child=3 2 -2 4 -1 6 -6
right_child=1 -3 -4 -5 5 -7 -8
leaf_value=-0.040359992871780208 -0.13144237817550192 -0.0084770902874490781 -0.027870250358393318 -0.0011851844149284034 0.0043988320124080616 0.0040679189847802654 0.044073319202534073
leaf_weight=96 44 534 90 5281 332 1081 517
leaf_count=96 44 534 90 5281 332 1081 517
internal_value=0.000680839 -0.0202935 -0.0653838 0.00261086 0.0124842 0.0152103 0.0289044
internal_weight=7975 668 134 7307 2026 1930 849
internal_count=7975 668 134 7307 2026 1930 849
cat_boundaries=0 1 2
cat_threshold=10 36
is_linear=0
shrinkage=0.02


Tree=767
num_leaves=8
num_cat=0
split_feature=33 38 48 42 23 24 22
split_gain=415.836 934.309 561.869 686.086 559.936 498.192 483.022
threshold=1.0000000180025095e-35 8971.0000000000018 5.5000000000000009 51.115000000000002 13.15 1.5000000000000002 7808.0000000000009
decision_type=2 8 2 2 2 2 2
left_child=1 -1 3 -3 -5 -4 -2
right_child=6 2 5 4 -6 -7 -8
leaf_value=-0.091278791385392355 -0.017357100392105928 0.057761636731329932 -0.073766802819711819 0.017637946213546554 -0.07163085552718905 0.00085236549377441405 0.0037699757194761831
leaf_weight=55 456 84 65 71 40 73 7105
leaf_count=55 456 84 65 71 40 73 7105
internal_value=0.00144416 -0.0186159 -0.00544175 0.0162894 -0.0162319 -0.0356447 0.00248518
internal_weight=7949 388 333 195 111 138 7561
internal_count=7949 388 333 195 111 138 7561
is_linear=0
shrinkage=0.02


Tree=768
num_leaves=8
num_cat=2
split_feature=14 64 14 48 4 52 11
split_gain=453.598 652.664 968.239 988.257 1039.19 1116.16 1079.63
threshold=34.32500000000001 2.5000000000000004 18.895000000000003 5.5000000000000009 0 67.595000000000013 1
decision_type=2 2 2 2 1 2 9
left_child=1 2 -1 4 6 -6 -4
right_child=-2 -3 3 -5 5 -7 -8
leaf_value=0.00095484022236621343 -0.012252896711187414 -0.0014849682715954821 -0.071830803789991016 0.00072983185739578936 0.051826670225321621 0.15387069958945115 0.034304934517608437
leaf_weight=1255 951 4973 42 304 187 55 206
leaf_count=1255 951 4973 42 304 187 55 206
internal_value=0.000672842 0.00243087 0.0119152 0.0291249 0.0465561 0.0746419 0.0146855
internal_weight=7973 7022 2049 794 490 242 248
internal_count=7973 7022 2049 794 490 242 248
cat_boundaries=0 1 2
cat_threshold=1 1
is_linear=0
shrinkage=0.02


Tree=769
num_leaves=8
num_cat=0
split_feature=57 64 13 52 57 10 67
split_gain=461.785 834.549 982.022 1024.86 543.68 1096.47 1307.29
threshold=11.340000000000002 3.5000000000000004 343.75000000000006 44.660000000000004 22.475000000000005 17115.100000000002 8.7492969270558607
decision_type=2 2 2 2 2 2 2
left_child=1 2 -1 -4 5 6 -2
right_child=4 -3 3 -5 -6 -7 -8
leaf_value=0.055677458292832882 -0.067386142369135316 -0.012643608736934387 -0.050215644643764303 0.0326929074048996 -0.00013632623281407283 -0.0041984187009051488 0.037017179869237492
leaf_weight=259 244 306 94 145 5890 987 56
leaf_count=259 244 306 94 145 5890 987 56
internal_value=-0.00110071 0.0132253 0.0290883 -0.000276282 -0.00271367 -0.0144628 -0.0476102
internal_weight=7981 804 498 239 7177 1287 300
internal_count=7981 804 498 239 7177 1287 300
is_linear=0
shrinkage=0.02


Tree=770
num_leaves=8
num_cat=0
split_feature=64 58 49 13 64 52 9
split_gain=702.429 1003.02 785.977 605.584 556.358 900.981 749.25
threshold=1.5000000000000002 30.555000000000003 16.500000000000004 325.05000000000007 2.5000000000000004 84.410000000000011 1.5000000000000002
decision_type=2 2 2 2 2 2 2
left_child=1 -1 3 -3 5 6 -2
right_child=4 2 -4 -5 -6 -7 -8
leaf_value=0.022041954132483194 -0.01159930772292312 -0.049800959881395102 -0.058638546291084691 0.034908235798863804 -0.00137147758792721 0.078397616500204256 0.017123724274763174
leaf_weight=147 518 51 257 80 5632 72 1189
leaf_count=147 518 51 257 80 5632 72 1189
internal_value=0.000106944 -0.0219159 -0.0386386 0.00131137 0.00171048 0.0114439 0.00839912
internal_weight=7946 535 388 131 7411 1779 1707
internal_count=7946 535 388 131 7411 1779 1707
is_linear=0
shrinkage=0.02


Tree=771
num_leaves=8
num_cat=0
split_feature=31 52 37 52 56 66 41
split_gain=615.067 809.168 763.227 711.46 817.943 685.52 679.854
threshold=1.0000000180025095e-35 31.455000000000002 1.8333500000000003 29.040000000000003 50.005000000000003 0.43750000000000006 20.735000000000003
decision_type=2 2 2 2 2 2 2
left_child=1 3 5 4 -1 6 -3
right_child=-2 2 -4 -5 -6 -7 -8
leaf_value=-0.026088698169392816 0.0028386344158649324 -0.054970709001872599 0.061211636821988602 -0.070485800152370173 0.054185894330342606 0.021317723233903036 -0.0065789948147024629
leaf_weight=481 4641 118 66 124 52 333 2133
leaf_count=481 4641 118 66 124 52 333 2133
internal_value=-0.00185726 -0.00844174 -0.00349374 -0.0282223 -0.0178262 -0.00526145 -0.00923195
internal_weight=7948 3307 2650 657 533 2584 2251
internal_count=7948 3307 2650 657 533 2584 2251
is_linear=0
shrinkage=0.02


Tree=772
num_leaves=8
num_cat=0
split_feature=64 33 41 43 22 21 53
split_gain=653.182 1259.76 1082.57 814.339 1227.96 1104.97 1019.22
threshold=2.5000000000000004 3.5000000000000004 81.220000000000013 1.0000000180025095e-35 26308.050000000003 217840.55000000002 34.330000000000005
decision_type=2 2 2 2 2 8 2
left_child=1 2 3 4 5 -1 -5
right_child=-2 -3 -4 6 -6 -7 -8
leaf_value=0.062536488511096472 -0.0027251013648495613 0.04981599128905604 0.075206811063619983 -0.069044362317238539 -0.092880572858064059 -0.012377353470953409 0.018838599864024825
leaf_weight=82 5635 273 78 51 64 829 955
leaf_count=82 5635 273 78 51 64 829 955
internal_value=0.00095951 0.00984972 0.0044428 0.00147421 -0.0115212 -0.00532974 0.0140639
internal_weight=7967 2332 2059 1981 975 911 1006
internal_count=7967 2332 2059 1981 975 911 1006
is_linear=0
shrinkage=0.02


Tree=773
num_leaves=8
num_cat=0
split_feature=64 64 65 40 12 14 40
split_gain=527.6 659.236 1053.77 693.415 1034.47 1105.92 1330.95
threshold=1.0000000180025095e-35 2.5000000000000004 0.76388888888888895 30.985000000000003 89.235000000000014 22.375000000000004 38.460000000000008
decision_type=2 2 2 2 2 2 2
left_child=-1 2 3 -2 5 -5 -7
right_child=1 -3 -4 4 -6 6 -8
leaf_value=-0.060038476719938477 -0.013590640799843694 -0.0031471513981620471 0.084377961362877937 0.022119642880281669 0.10784194717473454 0.05797255478062472 -0.02553737609393926
leaf_weight=53 497 5665 68 1106 40 86 473
leaf_count=53 497 5665 68 1106 40 86 473
internal_value=6.34251e-05 0.000502417 0.00959716 0.00710192 0.0131558 0.010565 -0.0122897
internal_weight=7988 7935 2270 2202 1705 1665 559
internal_count=7988 7935 2270 2202 1705 1665 559
is_linear=0
shrinkage=0.02


Tree=774
num_leaves=8
num_cat=0
split_feature=64 16 40 17 55 56 20
split_gain=576.39 485.812 813.091 873.34 916.614 861.119 461.307
threshold=1.0000000180025095e-35 0.72825000000000006 57.395000000000003 3833.6500000000005 53.435000000000009 39.445000000000007 1371505.4500000004
decision_type=2 2 2 2 2 2 8
left_child=-1 -2 3 -3 5 -5 -4
right_child=1 2 6 4 -6 -7 -8
leaf_value=-0.065656103795429438 -0.00082863220004300217 0.10289136368123923 -0.044552286917224848 -0.0062791098432257919 -0.057214683561908952 0.073957301997503291 0.013152157789205803
leaf_weight=48 7344 63 89 94 44 117 131
leaf_count=48 7344 63 89 94 44 117 131
internal_value=7.88455e-05 0.000520529 0.0187754 0.0389915 0.0215294 0.0388943 -0.0106632
internal_weight=7930 7882 538 318 255 211 220
internal_count=7930 7882 538 318 255 211 220
is_linear=0
shrinkage=0.02


Tree=775
num_leaves=8
num_cat=1
split_feature=64 16 3 13 53 12 33
split_gain=466.627 1055.61 837.257 1147.47 963.078 783.737 778.313
threshold=2.5000000000000004 0.25915000000000005 0 431.15000000000003 82.695000000000007 85.185000000000016 3.5000000000000004
decision_type=2 2 1 2 2 2 2
left_child=1 -1 4 5 -3 6 -4
right_child=-2 2 3 -5 -6 -7 -8
leaf_value=-0.038967475695000302 -0.0021665601287071162 0.052872646650775373 -0.0057828096402092622 0.065786239374123631 -0.046097645992818084 0.065461119620005295 0.036811340432900651
leaf_weight=169 5688 312 1425 117 41 70 190
leaf_count=169 5688 312 1425 117 41 70 190
internal_value=0.00091928 0.00846032 0.0122613 0.0065186 0.039783 0.0022594 -0.000673584
internal_weight=8012 2324 2155 1802 353 1685 1615
internal_count=8012 2324 2155 1802 353 1685 1615
cat_boundaries=0 1
cat_threshold=4
is_linear=0
shrinkage=0.02


Tree=776
num_leaves=8
num_cat=1
split_feature=14 33 20 52 2 32 52
split_gain=403.431 539.527 669.757 681.836 476.325 422.991 582.752
threshold=43.180000000000007 2.5000000000000004 835878.10000000021 45.760000000000012 0 1.0000000180025095e-35 15.630000000000001
decision_type=2 2 8 2 1 2 2
left_child=5 2 -2 -4 -3 6 -1
right_child=1 4 3 -5 -6 -7 -8
leaf_value=-0.02456060267514304 -0.10908950546445946 0.023705937310617854 -0.069856379500900706 0.010747068182935993 -0.029958595981949877 -0.0066500186274805499 0.0049287625938108709
leaf_weight=280 43 139 67 98 101 2747 4518
leaf_count=280 43 139 67 98 101 2747 4518
internal_value=-0.00149929 -0.0198311 -0.043 -0.0230748 0.000716397 -0.000398388 0.00318406
internal_weight=7993 448 208 165 240 7545 4798
internal_count=7993 448 208 165 240 7545 4798
cat_boundaries=0 1
cat_threshold=202
is_linear=0
shrinkage=0.02


Tree=777
num_leaves=8
num_cat=0
split_feature=22 21 21 22 8 10 21
split_gain=327.028 376.356 920.704 602.46 629.228 828.426 577.028
threshold=5995.1000000000013 386670.95000000001 380478.60000000003 19948.900000000005 12.065000000000003 21221.600000000002 429257.55000000005
decision_type=2 10 10 2 2 2 8
left_child=-1 2 -2 4 5 -3 -6
right_child=1 3 -4 -5 6 -7 -8
leaf_value=-0.035570671339202858 -0.00073125598612452328 0.10525237272254058 -0.074163220328805249 -0.016771247059530842 0.037373378916911268 -0.00565546779272457 0.00036809045265414822
leaf_weight=98 6730 65 64 241 242 43 531
leaf_count=98 6730 65 64 241 242 43 531
internal_value=-0.000162994 0.000297529 -0.00147702 0.0110018 0.0186509 0.0627983 0.0121189
internal_weight=8014 7916 6794 1122 881 108 773
internal_count=8014 7916 6794 1122 881 108 773
is_linear=0
shrinkage=0.02


Tree=778
num_leaves=8
num_cat=0
split_feature=23 17 34 57 17 41 16
split_gain=513.755 623.732 713.384 659.161 555.659 1014.09 736.666
threshold=2.9500000000000006 9990.0000000000018 1.5000000000000002 36.305000000000007 5791.9000000000005 16.995000000000001 0.50895000000000012
decision_type=2 2 2 2 2 2 2
left_child=1 3 -3 -1 5 -2 -7
right_child=4 2 -4 -5 -6 6 -8
leaf_value=-0.069178240289290746 -0.055086898029131713 0.11118136923898149 0.017577222002449856 0.03336149006559138 -0.0061754875397225309 -0.0024502246833942604 0.020271630320512452
leaf_weight=40 101 49 88 52 5377 1216 1069
leaf_count=40 101 49 88 52 5377 1216 1069
internal_value=-0.00173423 0.0274661 0.0537921 -0.0124888 -0.00261273 0.00541229 0.00820088
internal_weight=7992 229 137 92 7763 2386 2285
internal_count=7992 229 137 92 7763 2386 2285
is_linear=0
shrinkage=0.02


Tree=779
num_leaves=8
num_cat=0
split_feature=8 35 40 17 23 56 22
split_gain=606.708 816.197 949.834 861.143 792.822 492.122 448.51
threshold=8.5850000000000026 1.0000000180025095e-35 51.215000000000011 3730.3000000000006 10.550000000000002 38.925000000000004 7121.0500000000011
decision_type=2 2 2 2 2 2 2
left_child=1 2 3 -1 -4 -5 -2
right_child=6 -3 4 5 -6 -7 -8
leaf_value=0.13750981790839503 -0.027171664653681617 -0.044646397054195409 -0.038446357398406489 -0.015273525528609753 0.047302896801109717 0.070452647135807928 -0.0015164585067154463
leaf_weight=48 278 55 86 43 77 60 7426
leaf_count=48 278 55 86 43 77 60 7426
internal_value=-0.00125311 0.023625 0.0360957 0.0713738 0.00226321 0.0356138 -0.00245925
internal_weight=8073 369 314 151 163 103 7704
internal_count=8073 369 314 151 163 103 7704
is_linear=0
shrinkage=0.02


Tree=780
num_leaves=8
num_cat=0
split_feature=56 51 41 42 33 34 68
split_gain=427.137 1349.02 877.411 1359.57 1123.38 923.187 1082.21
threshold=38.525000000000013 35.525000000000013 36.045000000000009 31.800000000000001 1.5000000000000002 1.5000000000000002 409518.95000000007
decision_type=2 2 2 2 2 2 2
left_child=-1 2 5 4 -4 -2 -7
right_child=1 -3 3 -5 -6 6 -8
leaf_value=0.0067507295129583091 -0.055490220606807743 0.013561458298151341 -0.038554874001336947 -0.0092555276740342377 0.064704148457588068 0.033969227375613677 -0.034052290495704199
leaf_weight=3546 305 1411 51 2095 179 143 250
leaf_count=3546 305 1411 51 2095 179 143 250
internal_value=0.00158133 -0.00255574 -0.0100885 -0.00415885 0.0414744 -0.0296698 -0.00918565
internal_weight=7980 4434 3023 2325 230 698 393
internal_count=7980 4434 3023 2325 230 698 393
is_linear=0
shrinkage=0.02


Tree=781
num_leaves=8
num_cat=0
split_feature=68 64 46 55 64 54 55
split_gain=517.089 576.766 1477.86 1092.5 1057.81 803.569 1051.43
threshold=183226.75000000003 2.5000000000000004 4.5000000000000009 58.905000000000008 1.5000000000000002 99.215000000000018 32.535000000000004
decision_type=2 2 2 2 2 2 2
left_child=-1 2 5 4 -4 6 -2
right_child=1 -3 3 -5 -6 -7 -8
leaf_value=-0.0097342330324082758 0.072401670971087045 -0.0014823339437705688 -0.0063283410609358609 -0.052202140725557768 0.046069512470260907 -0.0623299868167283 -0.0096631035233603699
leaf_weight=1866 65 4459 197 58 685 93 574
leaf_count=1866 65 4459 197 58 685 93 574
internal_value=-0.000530385 0.0022765 0.0122753 0.0288052 0.0343964 -0.00900293 -0.000818043
internal_weight=7997 6131 1672 940 882 732 639
internal_count=7997 6131 1672 940 882 732 639
is_linear=0
shrinkage=0.02


Tree=782
num_leaves=8
num_cat=0
split_feature=6 68 40 68 48 40 49
split_gain=388.014 659.747 848.903 957.567 801.176 765.878 779.003
threshold=1.5000000000000002 574427.50000000012 33.425000000000004 730583.30000000016 3.5000000000000004 45.705000000000005 46.500000000000007
decision_type=2 2 2 2 2 2 2
left_child=-1 -2 3 -3 -5 6 -4
right_child=1 2 5 4 -6 -7 -8
leaf_value=-0.0028335945290949879 0.016523099510091035 -0.05426587111420101 -0.049797238609002481 0.070808953282744252 0.0056523267665634985 -0.00092590197981485438 0.040881906588872273
leaf_weight=5224 1333 49 274 143 156 770 40
leaf_count=5224 1333 49 274 143 156 770 40
internal_value=0.000372669 0.00642454 -0.00300064 0.0239643 0.0374663 -0.0117276 -0.037786
internal_weight=7989 2765 1432 348 299 1084 314
internal_count=7989 2765 1432 348 299 1084 314
is_linear=0
shrinkage=0.02


Tree=783
num_leaves=8
num_cat=0
split_feature=15 64 56 52 0 12 52
split_gain=575.18 452.759 921.434 719.444 687.427 706.548 870.462
threshold=6.5000000000000009 1.5000000000000002 41.255000000000003 65.310000000000016 56.500000000000007 29.485000000000003 55.030000000000008
decision_type=2 2 2 2 2 2 2
left_child=1 2 4 -4 5 -1 -7
right_child=-2 -3 3 -5 -6 6 -8
leaf_value=0.07816305453352855 -0.055040165473603547 0.0030548039613947759 -0.064980501440358898 0.023852660084764162 -0.043574745246144228 -0.035901307929819881 0.048401483665691337
leaf_weight=61 67 7356 174 43 81 104 84
leaf_count=61 67 7356 174 43 81 104 84
internal_value=0.0012342 0.00174578 -0.015726 -0.0472369 0.00539052 0.0218632 0.00204399
internal_weight=7970 7903 547 217 330 249 188
internal_count=7970 7903 547 217 330 249 188
is_linear=0
shrinkage=0.02


Tree=784
num_leaves=8
num_cat=0
split_feature=55 10 54 50 32 23 55
split_gain=391.256 581.766 795.356 663.633 616.716 903.104 852.744
threshold=55.055000000000007 20381.900000000005 75.585000000000022 1.5000000000000002 1.0000000180025095e-35 14.65 57.695000000000007
decision_type=2 2 2 2 2 2 2
left_child=-1 2 -2 -4 5 -3 -7
right_child=1 4 3 -5 -6 6 -8
leaf_value=0.0022285952246168996 -0.088535997778982731 0.0030003338360522942 0.0016642213895801425 -0.057146894515915349 0.020603022242739667 -0.12875797571047493 -0.02074168646141239
leaf_weight=6806 69 323 253 105 334 41 87
leaf_count=6806 69 323 253 105 334 41 87
internal_value=0.000362451 -0.010083 -0.0287233 -0.0161344 0.000173965 -0.0150153 -0.0588805
internal_weight=8018 1212 427 358 785 451 128
internal_count=8018 1212 427 358 785 451 128
is_linear=0
shrinkage=0.02


Tree=785
num_leaves=8
num_cat=1
split_feature=52 0 53 38 5 0 38
split_gain=413.276 468.302 411.211 627.469 593.42 690.293 604.989
threshold=2.8800000000000003 52.500000000000007 39.905000000000008 4004.2500000000005 0 42.500000000000007 4394.0500000000002
decision_type=2 2 2 8 1 2 10
left_child=1 -1 3 -2 -5 -6 -7
right_child=2 -3 -4 4 5 6 -8
leaf_value=-0.0028929593750875288 0.048165636418464899 -0.083744983154535296 -0.00116979258995013 0.01703124161809683 0.037424526962271908 -0.082545009914003778 -0.0049212543285170269
leaf_weight=68 163 45 6993 483 52 76 81
leaf_count=68 163 45 6993 483 52 76 81
internal_value=-0.000123956 -0.0372749 0.000434356 0.0134851 0.00502924 -0.0222151 -0.043885
internal_weight=7961 113 7848 855 692 209 157
internal_count=7961 113 7848 855 692 209 157
cat_boundaries=0 1
cat_threshold=6
is_linear=0
shrinkage=0.02


Tree=786
num_leaves=8
num_cat=0
split_feature=56 55 47 58 38 13 56
split_gain=471.02 433.758 756.346 1036.26 854.116 982.957 667.3
threshold=22.075000000000006 37.865000000000002 2.5000000000000004 57.485000000000007 1500.5000000000002 300.65000000000003 50.285000000000004
decision_type=2 2 2 2 10 2 2
left_child=-1 2 3 -2 6 -6 -4
right_child=1 -3 4 -5 5 -7 -8
leaf_value=0.050095258125144503 -0.0023461324116954255 -0.0048211867074800076 -0.011850124664440659 -0.11227009599407514 0.06263248794035213 0.012148457294475565 0.052813488643773845
leaf_weight=64 121 6257 631 43 200 638 66
leaf_count=64 121 6257 631 43 200 638 66
internal_value=-0.0019382 -0.00238797 0.00656081 -0.0336366 0.0109508 0.0244972 -0.00539448
internal_weight=8020 7956 1699 164 1535 838 697
internal_count=8020 7956 1699 164 1535 838 697
is_linear=0
shrinkage=0.02


Tree=787
num_leaves=8
num_cat=0
split_feature=52 53 48 31 51 53 8
split_gain=405.301 369.452 365.466 489.381 804.955 997.612 538.315
threshold=2.8800000000000003 50.895000000000003 17.500000000000004 1.0000000180025095e-35 23.680000000000003 60.955000000000005 24.685000000000006
decision_type=2 2 2 2 2 2 2
left_child=1 -1 -2 4 6 -6 -4
right_child=2 -3 3 -5 5 -7 -8
leaf_value=0.0031770609381298227 -0.00052735120932106744 -0.073014822486238404 -0.033617038520482867 -0.0013605225882310672 0.047529841262560622 -0.070652839599871162 -0.13482184565585592
leaf_weight=43 7426 56 47 276 60 46 41
leaf_count=43 7426 56 47 276 60 46 41
internal_value=-0.00213328 -0.0413597 -0.00161559 -0.0186233 -0.0425314 -0.00462933 -0.0854827
internal_weight=7995 99 7896 470 194 106 88
internal_count=7995 99 7896 470 194 106 88
is_linear=0
shrinkage=0.02


Tree=788
num_leaves=8
num_cat=0
split_feature=52 65 53 53 18 32 57
split_gain=448.915 961.054 577.24 593.43 595.741 1125.69 667.938
threshold=15.630000000000001 0.69047619047619058 37.835000000000008 47.525000000000013 287529.05000000005 1.0000000180025095e-35 32.110000000000007
decision_type=2 2 2 2 2 2 2
left_child=1 2 -1 -4 5 6 -5
right_child=-2 -3 3 4 -6 -7 -8
leaf_value=0.026947990032257858 0.00049974766478649542 0.037617569546245282 -0.10187110517919062 -0.12618191027250447 0.024690136765280077 0.032514264989982951 -0.03702741892096844
leaf_weight=49 7566 88 55 56 57 50 89
leaf_count=49 7566 88 55 56 57 50 89
internal_value=-0.000652982 -0.0200829 -0.0346695 -0.0447784 -0.0305782 -0.0469469 -0.0745178
internal_weight=8010 444 356 307 252 195 145
internal_count=8010 444 356 307 252 195 145
is_linear=0
shrinkage=0.02


Tree=789
num_leaves=8
num_cat=0
split_feature=17 9 57 23 20 13 41
split_gain=533.399 887.974 840.794 844.901 896.333 1088.09 780.006
threshold=5100.5500000000002 10.500000000000002 9.4600000000000026 10.350000000000003 719301.95000000007 394.55000000000007 36.045000000000009
decision_type=2 2 2 2 10 2 2
left_child=2 -2 -1 4 -4 -6 -5
right_child=1 -3 3 6 5 -7 -8
leaf_value=0.05981341690294386 -0.0051591385562757622 0.016085595115064046 -0.018751642952935032 -0.010960162296946607 0.045588356905382849 -0.059804894401102648 0.028408954226762546
leaf_weight=122 4939 931 692 264 198 44 813
leaf_count=122 4939 931 692 264 198 44 813
internal_value=0.00133491 -0.00177884 0.00988805 0.00671842 -0.00718413 0.0256032 0.0187525
internal_weight=8003 5870 2133 2011 934 242 1077
internal_count=8003 5870 2133 2011 934 242 1077
is_linear=0
shrinkage=0.02


Tree=790
num_leaves=8
num_cat=0
split_feature=32 44 21 22 40 53 55
split_gain=444.292 638.871 692.044 671.815 770.219 674.892 624.495
threshold=1.0000000180025095e-35 1.0000000180025095e-35 378767.25000000006 12788.400000000003 47.045000000000009 60.465000000000011 51.945000000000007
decision_type=2 2 10 2 2 2 2
left_child=-1 2 3 4 5 -2 -3
right_child=1 6 -4 -5 -6 -7 -8
leaf_value=0.0053050629780900093 -0.041674515507659139 -0.0057571743028996874 0.027376106946350457 -0.013276328673541133 -0.022537096076346234 -0.15677668110001833 0.018379356053738315
leaf_weight=5108 44 1754 86 284 101 43 562
leaf_count=5108 44 1754 86 284 101 43 562
internal_value=0.00176751 -0.00451812 -0.0236268 -0.0331093 -0.0619496 -0.103993 0.000126767
internal_weight=7982 2874 558 472 188 87 2316
internal_count=7982 2874 558 472 188 87 2316
is_linear=0
shrinkage=0.02


Tree=791
num_leaves=8
num_cat=1
split_feature=13 4 17 42 58 20 56
split_gain=464.601 759.634 882.707 1202.23 897.936 821.008 802.492
threshold=333.75000000000006 0 12136.550000000001 24.485000000000003 40.775000000000013 1493611.9500000002 47.245000000000012
decision_type=2 1 2 2 2 8 2
left_child=-1 2 3 -2 6 -3 -5
right_child=1 5 -4 4 -6 -7 -8
leaf_value=0.0065386891627630577 0.10559877991676331 -0.019664686110231002 -0.0041975728480893679 0.023934654168107295 -0.012826110764180609 0.00079057599446934331 0.10988385837595419
leaf_weight=3362 64 1476 901 270 234 1669 48
leaf_count=3362 64 1476 901 270 234 1669 48
internal_value=0.000876764 -0.00320896 0.00837059 0.0267742 0.0167692 -0.00879746 0.0384083
internal_weight=8024 4662 1517 616 552 3145 318
internal_count=8024 4662 1517 616 552 3145 318
cat_boundaries=0 1
cat_threshold=6
is_linear=0
shrinkage=0.02


Tree=792
num_leaves=8
num_cat=0
split_feature=17 41 53 41 10 33 61
split_gain=398.207 981.608 603.619 1231.25 844.084 646.242 915.552
threshold=4882.1500000000005 18.610000000000003 82.365000000000023 49.455000000000005 16205.650000000001 2.5000000000000004 1.0000000180025095e-35
decision_type=2 2 2 2 2 2 2
left_child=1 -1 5 4 -4 6 -3
right_child=-2 2 3 -5 -6 -7 -8
leaf_value=-0.052474182522296901 -0.0015844850315641168 0.019227087776005333 -0.1370043960677253 0.029177414258321127 -0.012265110462903977 0.00074409645371267515 0.083726978291358278
leaf_weight=95 6010 941 40 85 44 720 93
leaf_count=95 6010 941 40 85 44 720 93
internal_value=0.000997787 0.00867321 0.0118223 -0.0237944 -0.0760246 0.0153118 0.0254033
internal_weight=8028 2018 1923 169 84 1754 1034
internal_count=8028 2018 1923 169 84 1754 1034
is_linear=0
shrinkage=0.02


Tree=793
num_leaves=8
num_cat=0
split_feature=64 8 48 47 22 42 31
split_gain=419.284 409.383 787.74 876.34 860.428 1158.71 834.433
threshold=1.0000000180025095e-35 39.080000000000005 1.0000000180025095e-35 8.5000000000000018 25227.650000000005 45.07500000000001 1.0000000180025095e-35
decision_type=2 2 2 2 2 2 2
left_child=-1 -2 3 -3 6 -6 -4
right_child=1 2 4 -5 5 -7 -8
leaf_value=-0.053549844814559162 0.0022553970390015977 -0.060314007784426214 -0.028179878939579177 0.03297156619051328 0.12709129039360131 -0.0026847782664715424 0.0050965551862923002
leaf_weight=54 6335 195 487 47 41 68 775
leaf_count=54 6335 195 487 47 41 68 775
internal_value=-0.000430558 -3.62177e-05 -0.00901561 -0.0418959 -0.00308065 0.0495633 -0.0078052
internal_weight=8002 7948 1613 242 1371 109 1262
internal_count=8002 7948 1613 242 1371 109 1262
is_linear=0
shrinkage=0.02


Tree=794
num_leaves=8
num_cat=0
split_feature=23 55 55 23 48 57 9
split_gain=445.16 1116.11 526.822 633.859 692.334 615.214 588.253
threshold=2.9500000000000006 41.535000000000004 37.995000000000012 21.350000000000005 6.5000000000000009 44.57500000000001 18.500000000000004
decision_type=2 2 2 2 2 2 2
left_child=1 -1 3 5 -5 -2 -4
right_child=2 -3 6 4 -6 -7 -8
leaf_value=-0.033915358133231981 0.009781638740066852 0.059560590529520258 -0.004162367855559802 0.013802490050030739 0.10248369868529045 -0.035056637503317938 0.025828568955244373
leaf_weight=73 1421 147 5799 92 54 129 269
leaf_count=73 1421 147 5799 92 54 129 269
internal_value=0.000746384 0.0284792 -5.72722e-05 0.00978037 0.0489098 0.00594921 -0.00281267
internal_weight=7984 220 7764 1696 146 1550 6068
internal_count=7984 220 7764 1696 146 1550 6068
is_linear=0
shrinkage=0.02


Tree=795
num_leaves=8
num_cat=0
split_feature=56 9 57 46 13 40 52
split_gain=518.892 496.239 590.532 932.56 773.855 854.283 853.489
threshold=59.970000000000006 20.500000000000004 11.665000000000001 2.5000000000000004 364.35000000000008 65.00500000000001 33.080000000000005
decision_type=2 2 2 2 2 2 2
left_child=1 2 3 -1 5 -5 -6
right_child=-2 -3 -4 4 6 -7 -8
leaf_value=-0.034897576603488849 -0.061208400991227895 0.028672677754940264 -0.0018035256068537737 0.060338652074308968 -0.072869595449279859 -0.0015179861799785586 0.015827724201503586
leaf_weight=117 49 246 6878 294 49 127 216
leaf_count=117 49 246 6878 294 49 127 216
internal_value=0.00057941 0.000999688 9.53266e-05 0.0162702 0.0251865 0.04188 -0.00161863
internal_weight=7976 7927 7681 803 686 421 265
internal_count=7976 7927 7681 803 686 421 265
is_linear=0
shrinkage=0.02


Tree=796
num_leaves=8
num_cat=0
split_feature=9 20 52 13 53 68 49
split_gain=424.552 550.379 1284.92 687.457 668.106 1121.89 541.429
threshold=1.5000000000000002 922176.65000000014 40.705000000000005 341.85000000000008 66.795000000000016 1394825.1000000003 68.500000000000014
decision_type=2 10 2 2 2 2 2
left_child=1 6 3 -3 5 -4 -1
right_child=-2 2 4 -5 -6 -7 -8
leaf_value=-0.002249171863806214 0.0010507931437249559 -0.039310006260871888 -0.096946202228146219 -0.1413624664166799 0.033778075492642459 0.016172858808773109 -0.049228278768221986
leaf_weight=1750 5843 65 57 47 98 78 99
leaf_count=1750 5843 65 57 47 98 78 99
internal_value=-0.00176744 -0.00925819 -0.0322621 -0.0863466 -0.00499654 -0.0333451 -0.00489053
internal_weight=8037 2194 345 112 233 135 1849
internal_count=8037 2194 345 112 233 135 1849
is_linear=0
shrinkage=0.02


Tree=797
num_leaves=8
num_cat=0
split_feature=43 27 57 57 14 48 42
split_gain=441.688 671.053 762.269 719.351 652.961 1164.23 747.605
threshold=1.0000000180025095e-35 1.0000000180025095e-35 51.425000000000004 15.805000000000001 34.32500000000001 6.5000000000000009 48.210000000000008
decision_type=2 2 2 2 2 2 2
left_child=1 4 3 -3 -1 6 -6
right_child=-2 2 -4 -5 5 -7 -8
leaf_value=-0.0091259653473541244 0.0025189559165667793 0.056742939808302459 0.074618388993872534 -0.015929178564277079 0.033312249720936091 -0.11579406316378224 -0.060672415192310626
leaf_weight=1432 6024 67 67 219 66 62 60
leaf_count=1432 6024 67 67 219 66 62 60
internal_value=-0.000171718 -0.00837253 0.0164522 0.00177785 -0.0138158 -0.0483769 -0.0120499
internal_weight=7997 1973 353 286 1620 188 126
internal_count=7997 1973 353 286 1620 188 126
is_linear=0
shrinkage=0.02


Tree=798
num_leaves=8
num_cat=0
split_feature=8 47 52 52 13 8 49
split_gain=318.177 822.291 917.745 668.61 570.108 532.222 529.556
threshold=8.5850000000000026 7.5000000000000009 38.105000000000011 44.005000000000003 334.85000000000008 9.4650000000000016 25.500000000000004
decision_type=2 2 2 2 2 2 2
left_child=1 2 -1 -3 -4 6 -2
right_child=5 3 4 -5 -6 -7 -8
leaf_value=-0.01192788626165951 0.0070679060276597743 0.040597435665130618 0.11357856824142593 -0.050229183862659524 0.033109172724864702 0.0011626117259649314 -0.070954428842154957
leaf_weight=80 59 45 65 89 83 7530 77
leaf_count=80 59 45 65 89 83 7530 77
internal_value=0.0013137 0.0195056 0.0422757 -0.0193645 0.0710072 0.000442493 -0.0380562
internal_weight=8028 362 228 134 148 7666 136
internal_count=8028 362 228 134 148 7666 136
is_linear=0
shrinkage=0.02


Tree=799
num_leaves=8
num_cat=1
split_feature=17 58 17 4 23 0 9
split_gain=345.817 1318.32 1444.71 617.021 738.357 621.356 565.453
threshold=2537.6500000000001 38.185000000000009 1927.8500000000001 0 14.050000000000002 38.500000000000007 28.500000000000004
decision_type=2 2 2 1 2 2 2
left_child=1 3 -3 -1 5 -5 -2
right_child=6 2 -4 4 -6 -7 -8
leaf_value=-0.010056866960752477 0.00037060527467560733 -0.010528293114536218 -0.088732946656492298 0.066604164633548485 0.091361518342103529 -0.01736437382387384 0.055946541533276842
leaf_weight=266 7037 269 142 48 62 101 69
leaf_count=266 7037 269 142 48 62 101 69
internal_value=-0.000524317 -0.0122552 -0.0382897 0.0103416 0.0345603 0.0109701 0.000949212
internal_weight=7994 888 411 477 211 149 7106
internal_count=7994 888 411 477 211 149 7106
cat_boundaries=0 1
cat_threshold=1
is_linear=0
shrinkage=0.02


Tree=800
num_leaves=8
num_cat=0
split_feature=22 56 22 16 8 56 49
split_gain=382.864 690.537 1017.78 676.526 681.768 765.81 1753.87
threshold=10900.950000000003 41.57500000000001 7483.3500000000013 0.72825000000000006 27.210000000000004 45.360000000000007 22.500000000000004
decision_type=2 2 2 2 2 2 2
left_child=1 2 -1 4 5 6 -3
right_child=-2 3 -4 -5 -6 -7 -8
leaf_value=-0.018832564325239817 -0.0028656258358367402 -0.14200684657292581 0.027440053024233562 0.060095024282282056 0.0093077331623272128 -0.0077983419625205479 -0.0041837241839278831
leaf_weight=239 6146 62 871 50 306 234 83
leaf_count=239 6146 62 871 50 306 234 83
internal_value=-0.000466561 0.00751127 0.0174371 -0.00749527 -0.0128286 -0.0305897 -0.0658842
internal_weight=7991 1845 1110 735 685 379 145
internal_count=7991 1845 1110 735 685 379 145
is_linear=0
shrinkage=0.02


Tree=801
num_leaves=8
num_cat=0
split_feature=38 38 8 38 22 38 22
split_gain=422.584 639.965 938.814 998.096 943.832 882.67 719.668
threshold=16347.400000000003 2876.8500000000004 22.935000000000006 2590.2000000000003 11805.150000000001 2397.6500000000005 23133.600000000002
decision_type=8 10 2 10 2 10 2
left_child=1 2 4 6 -1 -6 -4
right_child=-2 -3 3 -5 5 -7 -8
leaf_value=0.055213539016490086 -0.0047945399407134407 0.010049224129185767 -0.022847590931691229 -0.090657832835671276 -0.020544702012730311 0.06171759352087975 0.045320991118189317
leaf_weight=142 4384 2500 495 74 278 59 66
leaf_count=142 4384 2500 495 74 278 59 66
internal_value=-0.000622984 0.004437 -0.00814639 -0.0240125 0.0129177 -0.00545095 -0.0144982
internal_weight=7998 3614 1114 635 479 337 561
internal_count=7998 3614 1114 635 479 337 561
is_linear=0
shrinkage=0.02


Tree=802
num_leaves=8
num_cat=1
split_feature=0 2 42 49 22 14 14
split_gain=488.642 752.838 1025.11 917.212 832.557 584.628 856.25
threshold=26.500000000000004 0 34.155000000000008 67.500000000000014 11017.200000000003 11.515000000000002 19.085000000000004
decision_type=2 1 2 2 2 2 2
left_child=1 2 -1 4 -3 -6 -7
right_child=-2 3 -4 -5 5 6 -8
leaf_value=0.10371667553549228 0.001658786936119476 0.019020532984544057 0.00032151718134597199 -0.097613942065629469 0.0093145546170049585 -0.063568726031740838 -0.013232554584379575
leaf_weight=41 6769 212 231 53 147 237 314
leaf_count=41 6769 212 231 53 147 237 314
internal_value=-0.00045445 -0.011997 0.016888 -0.0201668 -0.0153678 -0.0258734 -0.0352605
internal_weight=8004 1235 272 963 910 698 551
internal_count=8004 1235 272 963 910 698 551
cat_boundaries=0 1
cat_threshold=40
is_linear=0
shrinkage=0.02


Tree=803
num_leaves=8
num_cat=0
split_feature=51 56 12 34 56 42 41
split_gain=480.918 938.059 730.195 656.944 828.942 968.481 601.043
threshold=31.735000000000003 41.82500000000001 7.3150000000000004 1.5000000000000002 43.225000000000001 54.705000000000005 53.705000000000005
decision_type=2 2 2 2 2 2 2
left_child=1 2 -1 4 5 -3 -6
right_child=-2 3 -4 -5 6 -7 -8
leaf_value=-0.045400071915179967 0.0048083564731899861 -0.11766110546617624 0.0037820916014102437 -0.0055567894023546265 -0.035869023143665059 -0.012100655703402277 0.0013078421742040542
leaf_weight=121 3158 78 2896 1046 406 62 301
leaf_count=121 3158 78 2896 1046 406 62 301
internal_value=-0.00127567 -0.00518969 0.00173774 -0.0162059 -0.0292472 -0.0729422 -0.0201432
internal_weight=8068 4910 3017 1893 847 140 707
internal_count=8068 4910 3017 1893 847 140 707
is_linear=0
shrinkage=0.02


Tree=804
num_leaves=8
num_cat=0
split_feature=16 16 14 33 8 68 14
split_gain=559.635 525.398 480.645 499.808 1814.88 518.065 497.043
threshold=0.17090000000000002 0.19185000000000002 33.970000000000006 1.5000000000000002 19.195000000000004 355183.45000000007 42.570000000000007
decision_type=2 2 2 2 2 2 2
left_child=-1 -2 -3 4 6 -6 -4
right_child=1 2 3 -5 5 -7 -8
leaf_value=-0.045901196636259557 0.057480715934687593 0.0030686537767410076 -0.046917499379908786 -0.0045217646738301785 0.056256896701909725 -0.027413890659809113 -0.1482466574276195
leaf_weight=95 62 6866 42 740 54 55 46
leaf_count=95 62 6866 42 740 54 55 46
internal_value=0.0011156 0.0017123 0.00123266 -0.0121657 -0.0400563 0.014687 -0.105008
internal_weight=7960 7865 7803 937 197 109 88
internal_count=7960 7865 7803 937 197 109 88
is_linear=0
shrinkage=0.02


Tree=805
num_leaves=8
num_cat=0
split_feature=16 52 52 12 56 52 37
split_gain=335.765 685.501 589.582 649.877 598.833 574.996 472.483
threshold=0.26805000000000007 73.135000000000005 46.145000000000003 56.245000000000012 39.715000000000011 36.205000000000005 0.10620000000000002
decision_type=2 2 2 2 2 2 2
left_child=1 2 3 4 5 6 -1
right_child=-2 -3 -4 -5 -6 -7 -8
leaf_value=0.088656591071022889 0.0011375018943706483 0.044333478387340274 -0.045545514054785054 0.055850532124439869 -0.048138010043680193 -0.041105133972915951 -0.004145741329548207
leaf_weight=40 7354 66 232 55 122 46 42
leaf_count=40 7354 66 232 55 122 46 42
internal_value=-4.26895e-05 -0.0143269 -0.0218791 -0.00343278 -0.0173145 0.0127694 0.0436172
internal_weight=7957 603 537 305 250 128 82
internal_count=7957 603 537 305 250 128 82
is_linear=0
shrinkage=0.02


Tree=806
num_leaves=8
num_cat=1
split_feature=2 53 16 40 51 41 56
split_gain=416.346 698.19 595.348 803.839 1219.48 759.04 938.921
threshold=0 40.225000000000001 0.39065000000000005 26.045000000000005 16.015000000000004 55.735000000000007 30.325000000000003
decision_type=1 2 2 2 2 2 2
left_child=-1 -2 5 4 -4 6 -3
right_child=1 2 3 -5 -6 -7 -8
leaf_value=0.0053653415710709631 0.016089378291056538 -0.095122064907609688 0.085504023324359552 -0.0058464900087937957 0.0031308369177867933 0.0017392388006747404 -0.022905570649500981
leaf_weight=2715 593 76 94 3043 264 466 723
leaf_count=2715 593 76 94 3043 264 466 723
internal_value=-0.00097821 -0.00425721 -0.00686662 -0.00249942 0.0256394 -0.0185519 -0.0303236
internal_weight=7974 5259 4666 3401 358 1265 799
internal_count=7974 5259 4666 3401 358 1265 799
cat_boundaries=0 1
cat_threshold=112
is_linear=0
shrinkage=0.02


Tree=807
num_leaves=8
num_cat=0
split_feature=8 17 12 9 42 53 58
split_gain=537.631 859.911 954.397 780.313 559.921 589.582 550.893
threshold=34.155000000000008 2350.5500000000006 49.210000000000008 13.500000000000002 30.335000000000004 62.755000000000003 19.905000000000005
decision_type=2 2 2 2 2 2 2
left_child=6 2 -2 -3 -5 -6 -1
right_child=1 3 -4 4 5 -7 -8
leaf_value=-0.021276817499360504 -0.0063788194338912554 -0.0083467522952630508 -0.10344702820632268 0.088576456548439139 0.04605875672356171 -0.034794585766300325 0.0050284127212410568
leaf_weight=334 87 1979 72 49 80 58 5272
leaf_count=334 87 1979 72 49 80 58 5272
internal_value=9.02127e-05 -0.00798548 -0.052148 -0.004631 0.0338858 0.0120485 0.00344361
internal_weight=7931 2325 159 2166 187 138 5606
internal_count=7931 2325 159 2166 187 138 5606
is_linear=0
shrinkage=0.02


Tree=808
num_leaves=8
num_cat=0
split_feature=44 41 33 58 8 55 8
split_gain=435.963 766.414 717.864 725.574 1047.22 903.387 1198.65
threshold=1.0000000180025095e-35 71.760000000000005 4.5000000000000009 41.235000000000007 25.925000000000004 55.685000000000009 26.805000000000003
decision_type=2 2 2 2 2 2 2
left_child=1 2 3 5 -5 6 -1
right_child=-2 -3 -4 4 -6 -7 -8
leaf_value=-0.018946490769097137 0.0038261077604515477 0.02919993210394824 0.028732927769622548 -0.0076607265233219618 -0.062966639819719339 -0.045751147322469592 0.039027629284896455
leaf_weight=310 6380 192 144 279 267 160 256
leaf_count=310 6380 192 144 279 267 160 256
internal_value=0.00148003 -0.00781144 -0.012915 -0.0177239 -0.0350319 -0.0045566 0.00738716
internal_weight=7988 1608 1416 1272 546 726 566
internal_count=7988 1608 1416 1272 546 726 566
is_linear=0
shrinkage=0.02


Tree=809
num_leaves=8
num_cat=1
split_feature=64 33 46 55 14 51 4
split_gain=729.401 1033.71 595.519 888.93 822.62 781.678 777.819
threshold=2.5000000000000004 4.5000000000000009 4.5000000000000009 34.665000000000006 10.215000000000002 16.920000000000005 0
decision_type=2 2 2 2 2 2 1
left_child=1 -1 4 -4 5 -2 -6
right_child=2 -3 3 -5 6 -7 -8
leaf_value=0.0071369728558964007 -0.06316497863256014 0.084677203054159475 0.017781944960545474 -0.012933018737612198 -0.012566368595565527 -0.00063245399317271274 0.016321315062947504
leaf_weight=2264 125 66 427 2977 488 208 1463
leaf_count=2264 125 66 427 2977 488 208 1463
internal_value=9.68804e-05 0.00951001 -0.00376403 -0.00905968 0.004131 -0.0246928 0.00910124
internal_weight=8018 2330 5688 3404 2284 333 1951
internal_count=8018 2330 5688 3404 2284 333 1951
cat_boundaries=0 1
cat_threshold=8
is_linear=0
shrinkage=0.02


Tree=810
num_leaves=8
num_cat=1
split_feature=8 38 9 20 3 13 34
split_gain=543.56 713.39 856.927 683.98 789.609 957.563 668.11
threshold=24.545000000000005 2876.8500000000004 13.500000000000002 861908.80000000016 0 300.05000000000007 3.5000000000000004
decision_type=2 8 2 8 1 2 2
left_child=3 2 6 4 5 -1 -2
right_child=1 -3 -4 -5 -6 -7 -8
leaf_value=-0.041719983617581849 -0.044339727856208856 -0.0023985606800728445 0.035574339773458773 0.010150068151837412 -0.023677090054374867 0.026814472598096963 0.023335860648017001
leaf_weight=101 439 3684 74 2680 596 351 64
leaf_count=101 439 3684 74 2680 596 351 64
internal_value=-0.000776172 -0.00565274 -0.0262307 0.00479771 -0.00887281 0.0109714 -0.035584
internal_weight=7989 4261 577 3728 1048 452 503
internal_count=7989 4261 577 3728 1048 452 503
cat_boundaries=0 1
cat_threshold=12
is_linear=0
shrinkage=0.02


Tree=811
num_leaves=8
num_cat=1
split_feature=13 41 21 23 10 23 3
split_gain=404.017 574.604 879.12 511.743 994.624 732.975 774.046
threshold=376.75000000000006 14.405000000000003 311504.45000000001 7.5500000000000007 12706.300000000001 5.1500000000000012 0
decision_type=2 2 8 2 2 2 1
left_child=1 2 -1 4 -2 -6 -7
right_child=3 -3 -4 -5 5 6 -8
leaf_value=0.024798483205959201 -0.074786699884212937 -0.0016205682678192444 -0.06685482980654342 0.012990750883960001 0.02574302550777793 0.020413829384637729 -0.040080812652513648
leaf_weight=59 73 5483 123 1671 265 125 213
leaf_count=59 73 5483 123 1671 265 125 213
internal_value=9.29612e-05 -0.00279788 -0.0372744 0.00706176 -0.00758184 0.00110218 -0.0183105
internal_weight=8012 5665 182 2347 676 603 338
internal_count=8012 5665 182 2347 676 603 338
cat_boundaries=0 1
cat_threshold=1
is_linear=0
shrinkage=0.02


Tree=812
num_leaves=8
num_cat=0
split_feature=45 55 40 64 46 41 22
split_gain=551.551 732.776 707.715 1782.33 797.472 1013.33 986.524
threshold=1.0000000180025095e-35 25.525000000000002 28.805000000000003 3.5000000000000004 5.5000000000000009 27.605000000000004 28469.050000000003
decision_type=2 2 2 2 2 2 2
left_child=1 -1 3 -2 6 -6 -4
right_child=2 -3 4 -5 5 -7 -8
leaf_value=-0.069427267977712204 -0.056128620030807264 0.0069728470010366464 0.011522829878429636 0.01219954562396334 -0.070943847331576632 -0.0068784178586561232 -0.051341222671545908
leaf_weight=46 327 3391 1741 280 99 2003 101
leaf_count=46 327 3391 1741 280 99 2003 101
internal_value=-0.000191688 0.00585096 -0.00475662 -0.0247677 -0.00164936 -0.010057 0.00794623
internal_weight=7988 3437 4551 607 3944 2102 1842
internal_count=7988 3437 4551 607 3944 2102 1842
is_linear=0
shrinkage=0.02


Tree=813
num_leaves=8
num_cat=0
split_feature=16 56 0 17 54 41 46
split_gain=474.452 717.332 359.047 575.036 739.806 617.475 561.924
threshold=0.17090000000000002 39.765000000000008 24.500000000000004 3833.6500000000005 80.245000000000019 66.815000000000012 3.5000000000000004
decision_type=2 2 2 2 2 2 2
left_child=1 -1 3 5 -5 6 -2
right_child=2 -3 -4 4 -6 -7 -8
leaf_value=0.0048330668726610758 0.055944975641917208 -0.099902388832353528 0.0026463285252416604 -0.067800238060730475 -0.011065060068340611 0.059068296495605924 -0.020373080789142257
leaf_weight=58 44 42 6842 103 640 80 177
leaf_count=58 44 42 6842 103 640 80 177
internal_value=0.000415881 -0.0418184 0.000977599 -0.00991914 -0.0193307 0.013249 -0.00427698
internal_weight=7986 100 7886 1044 743 301 221
internal_count=7986 100 7886 1044 743 301 221
is_linear=0
shrinkage=0.02


Tree=814
num_leaves=8
num_cat=2
split_feature=8 2 56 56 55 21 7
split_gain=431.393 817.218 646.466 470.209 453.717 852.705 1039.52
threshold=8.5850000000000026 0 38.115000000000002 45.055000000000007 48.895000000000003 216396.85000000003 1
decision_type=2 1 2 2 2 8 1
left_child=1 -1 -3 -4 5 6 -2
right_child=4 2 3 -5 -6 -7 -8
leaf_value=-0.016061387855229498 -0.019655529530597973 0.0068091451790597704 0.1039693011079983 0.024550103945978757 -0.0071791955138990329 0.00023622558403430771 0.042470334079161683
leaf_weight=143 139 103 77 53 2615 4541 398
leaf_count=143 139 103 77 53 2615 4541 398
internal_value=0.000609953 0.0213834 0.0430838 0.0736992 -0.000418591 0.00306653 0.0267773
internal_weight=8069 376 233 130 7693 5078 537
internal_count=8069 376 233 130 7693 5078 537
cat_boundaries=0 1 2
cat_threshold=11 25
is_linear=0
shrinkage=0.02


Tree=815
num_leaves=8
num_cat=0
split_feature=16 14 40 6 16 44 54
split_gain=449.117 582.685 927.833 434.566 494.076 444.53 586.362
threshold=0.77305000000000013 17.285000000000004 50.815000000000005 4.5000000000000009 0.33435000000000004 1.0000000180025095e-35 98.240000000000023
decision_type=2 2 2 2 2 2 2
left_child=3 -2 -3 5 -5 6 -1
right_child=1 2 -4 4 -6 -7 -8
leaf_value=-0.01440773097617816 -0.0058805396501664768 0.10823731748443662 0.0089568353389438832 0.023143680720148902 -0.046119246540591123 0.0029132098412878332 0.020082786752974272
leaf_weight=1292 130 61 90 52 155 5967 228
leaf_count=1292 130 61 90 52 155 5967 228
internal_value=0.000567788 0.0251772 0.0512472 -0.000346764 -0.0285844 0.000452503 -0.00918527
internal_weight=7975 281 151 7694 207 7487 1520
internal_count=7975 281 151 7694 207 7487 1520
is_linear=0
shrinkage=0.02


Tree=816
num_leaves=8
num_cat=0
split_feature=64 42 32 40 22 66 8
split_gain=445.449 1324.38 557.104 640.209 848.094 623.654 573.644
threshold=4.5000000000000009 57.215000000000011 1.0000000180025095e-35 17.080000000000002 11805.150000000001 0.68750000000000011 20.235000000000003
decision_type=2 2 2 2 2 2 2
left_child=2 -2 3 4 -1 -4 -5
right_child=1 -3 5 6 -6 -7 -8
leaf_value=0.023471408478383506 0.041641946890074708 -0.016330651451801431 -0.013149660683078332 0.012171515333782953 -0.054472661790131147 0.030200679389313916 -0.0020761198746041963
leaf_weight=79 342 285 2102 1774 168 137 3097
leaf_count=79 342 285 2102 1774 168 137 3097
internal_value=-0.000743916 0.01537 -0.00212673 0.0015149 -0.0295721 -0.0104358 0.00311998
internal_weight=7984 627 7357 5118 247 2239 4871
internal_count=7984 627 7357 5118 247 2239 4871
is_linear=0
shrinkage=0.02


Tree=817
num_leaves=8
num_cat=1
split_feature=16 16 20 2 49 42 23
split_gain=623.193 409.852 887.598 640.379 753.815 602.401 446.139
threshold=0.77305000000000013 0.26805000000000007 669932.35000000021 0 34.500000000000007 52.155000000000008 14.050000000000002
decision_type=2 2 8 1 2 2 2
left_child=1 2 -1 5 6 -4 -5
right_child=-2 -3 3 4 -6 -7 -8
leaf_value=0.029780571958848409 0.030682835764401444 0.0019825337747421991 -0.078273810622557796 -0.0024477001282549094 -0.053615453429968964 -0.013396775181804384 0.06492305283916408
leaf_weight=135 281 7142 137 121 78 100 53
leaf_count=135 281 7142 137 121 78 100 53
internal_value=0.00168893 0.000620763 -0.0148573 -0.0273573 -0.00371894 -0.0496887 0.0193136
internal_weight=8047 7766 624 489 252 237 174
internal_count=8047 7766 624 489 252 237 174
cat_boundaries=0 1
cat_threshold=204
is_linear=0
shrinkage=0.02


Tree=818
num_leaves=8
num_cat=0
split_feature=0 41 9 57 33 16 57
split_gain=453.463 731.066 708.249 640.861 727.532 577.903 496.011
threshold=67.500000000000014 56.525000000000013 10.500000000000002 48.115000000000002 2.5000000000000004 0.17090000000000002 26.485000000000003
decision_type=2 2 2 2 2 2 2
left_child=5 3 -3 6 -5 -1 -2
right_child=1 2 -4 4 -6 -7 -8
leaf_value=-0.057336734261115394 0.018267585838382894 0.019945715579641872 -0.067765168396394654 -0.070733732044696809 0.040808471197984655 -0.0015355829715906696 0.075315792912201918
leaf_weight=70 116 78 62 40 44 7375 134
leaf_count=70 116 78 62 40 44 7375 134
internal_value=-0.000886138 0.0179772 -0.019895 0.0339111 -0.0132967 -0.00209837 0.0497226
internal_weight=7919 474 140 334 84 7445 250
internal_count=7919 474 140 334 84 7445 250
is_linear=0
shrinkage=0.02


Tree=819
num_leaves=8
num_cat=0
split_feature=17 10 24 46 51 14 14
split_gain=605.486 1113.86 743.911 1306.35 833.687 909.869 727.024
threshold=5488.5000000000009 12706.300000000001 1.5000000000000002 2.5000000000000004 18.875000000000004 25.485000000000003 16.315000000000001
decision_type=2 2 2 2 2 2 2
left_child=2 -2 -1 6 5 -5 -4
right_child=1 -3 3 4 -6 -7 -8
leaf_value=-0.0057385591401349911 -0.033013547910904197 -0.001619008822109755 -0.069917602660835437 0.064998304103440666 0.013716608508506872 -0.013574157257221248 0.0033185103179803541
leaf_weight=955 490 5217 88 303 769 71 129
leaf_count=955 490 5217 88 303 769 71 129
internal_value=-0.000841952 -0.00434107 0.00777492 0.0172504 0.0257879 0.0500998 -0.0272867
internal_weight=8022 5707 2315 1360 1143 374 217
internal_count=8022 5707 2315 1360 1143 374 217
is_linear=0
shrinkage=0.02


Tree=820
num_leaves=8
num_cat=0
split_feature=14 48 57 47 22 50 54
split_gain=538.86 724.677 889.581 747.267 789.782 574.235 841.094
threshold=43.180000000000007 7.5000000000000009 30.970000000000002 5.5000000000000009 12853.050000000001 3.5000000000000004 96.805000000000021
decision_type=2 2 2 2 2 2 2
left_child=5 3 -3 -2 -5 -1 -7
right_child=1 2 -4 4 -6 6 -8
leaf_value=0.0011764873072525955 0.035307307870892007 0.015894275095234528 -0.093147510225944058 0.023052297852273231 -0.058199634332060816 0.047711523241161756 -0.04546990257532646
leaf_weight=7283 118 42 89 74 120 212 43
leaf_count=7283 118 42 89 74 120 212 43
internal_value=0.000954824 -0.0203568 -0.0588885 -0.00350481 -0.0274061 0.00221995 0.0314263
internal_weight=7981 443 131 312 194 7538 255
internal_count=7981 443 131 312 194 7538 255
is_linear=0
shrinkage=0.02


Tree=821
num_leaves=8
num_cat=1
split_feature=3 21 20 14 67 42 42
split_gain=431.003 701.874 658.237 874.328 721.06 608.251 594.022
threshold=0 216396.85000000003 429593.40000000008 23.895000000000003 9.5993948881794093 41.035000000000004 4.6300000000000017
decision_type=1 8 10 2 2 2 2
left_child=-1 2 3 4 5 -2 -3
right_child=1 6 -4 -5 -6 -7 -8
leaf_value=0.0051003114638205243 0.15452381946643193 -0.071225077321654867 -0.0061380218642088473 -0.015129109692573549 0.001516074883002861 0.053526706727345781 -0.0060984710081801062
leaf_weight=4000 40 52 206 70 46 70 3472
leaf_count=4000 40 52 206 70 46 70 3472
internal_value=0.000480986 -0.00419255 0.0197153 0.0429035 0.0686049 0.0953746 -0.00715903
internal_weight=7956 3956 432 226 156 110 3524
internal_count=7956 3956 432 226 156 110 3524
cat_boundaries=0 1
cat_threshold=5
is_linear=0
shrinkage=0.02


Tree=822
num_leaves=8
num_cat=0
split_feature=14 66 10 10 22 55 48
split_gain=355.068 725.526 1200.28 668.517 690.323 650.91 425.461
threshold=43.180000000000007 0.18750000000000003 22351.700000000004 35548.30000000001 19045.250000000004 46.815000000000005 3.5000000000000004
decision_type=2 2 2 2 2 2 2
left_child=-1 2 -2 5 -5 6 -3
right_child=1 3 -4 4 -6 -7 -8
leaf_value=0.00040615053128047939 -0.12213955474893252 0.0080199571796085532 0.01647321576009626 -0.007768187645979854 -0.094474450337390103 -0.022878913737055081 0.093259905720579225
leaf_weight=7484 55 41 41 161 43 62 53
leaf_count=7484 55 41 41 161 43 62 53
internal_value=-0.000642937 -0.0176785 -0.0650555 -0.00432654 -0.0278674 0.0263671 0.0583636
internal_weight=7940 456 96 360 204 156 94
internal_count=7940 456 96 360 204 156 94
is_linear=0
shrinkage=0.02


Tree=823
num_leaves=8
num_cat=1
split_feature=58 56 36 2 21 56 10
split_gain=398.103 703.623 953.254 648.276 745.452 611.647 610.281
threshold=34.375000000000007 30.865000000000006 1.0000000180025095e-35 0 320417.20000000007 25.385000000000002 26439.000000000004
decision_type=2 2 2 1 10 2 2
left_child=5 2 -2 4 6 -1 -3
right_child=1 3 -4 -5 -6 -7 -8
leaf_value=0.047579774691397889 0.012130506966883938 0.095773296819432918 -0.04085410951153387 0.0040011629197651494 -0.023188562696350029 -0.0074805570650054425 0.017486212048679589
leaf_weight=78 235 87 311 4175 53 2989 75
leaf_count=78 235 87 311 4175 53 2989 75
internal_value=-0.000351682 0.00316361 -0.0181462 0.00583162 0.0385439 -0.0060051 0.061138
internal_weight=8003 4936 546 4390 215 3067 162
internal_count=8003 4936 546 4390 215 3067 162
cat_boundaries=0 1
cat_threshold=16
is_linear=0
shrinkage=0.02


Tree=824
num_leaves=8
num_cat=0
split_feature=56 41 14 56 64 42 66
split_gain=356.959 937.257 1012.54 679.587 404.454 1064.35 795.581
threshold=51.885000000000005 45.725000000000001 18.785000000000004 54.180000000000007 4.5000000000000009 30.335000000000004 0.43750000000000006
decision_type=2 2 2 2 2 2 2
left_child=4 2 3 -2 -1 -6 -7
right_child=1 -3 -4 -5 5 6 -8
leaf_value=-0.0019836820626502587 0.059399844387715513 -0.0068303506854227036 0.093141164464446216 -0.034293443279367099 0.079393708392639054 0.037763653828731772 -0.014055181695860538
leaf_weight=6908 50 290 99 66 83 177 335
leaf_count=6908 50 290 99 66 83 177 335
internal_value=0.00048316 0.0166743 0.0478129 0.00687733 -0.000616985 0.0151348 0.00405072
internal_weight=8008 505 215 116 7503 595 512
internal_count=8008 505 215 116 7503 595 512
is_linear=0
shrinkage=0.02


Tree=825
num_leaves=8
num_cat=0
split_feature=16 46 12 8 12 36 58
split_gain=463.887 442.357 817.048 789.688 767.199 746.813 677.776
threshold=0.17090000000000002 3.5000000000000004 14.375000000000002 55.885000000000005 17.765000000000004 1.0000000180025095e-35 20.915000000000003
decision_type=2 2 2 2 2 2 2
left_child=-1 2 5 4 -4 -2 -6
right_child=1 -3 3 -5 6 -7 -8
leaf_value=-0.042939694767246149 -0.083095831357770503 -0.0026317753267668183 0.089574693077140388 -0.035158288778820594 -0.031151252899032374 0.0035650684900822177 0.016394819983458674
leaf_weight=96 67 5804 49 129 125 88 1606
leaf_count=96 67 5804 49 129 125 88 1606
internal_value=-0.000349859 0.000196734 0.00813768 0.0117493 0.0152378 -0.0353209 0.0128816
internal_weight=7964 7868 2064 1909 1780 155 1731
internal_count=7964 7868 2064 1909 1780 155 1731
is_linear=0
shrinkage=0.02


Tree=826
num_leaves=8
num_cat=0
split_feature=57 58 46 57 66 41 13
split_gain=492.693 924.408 825.613 705.486 837.813 719.842 611.559
threshold=16.620000000000001 33.155000000000008 1.5000000000000002 11.665000000000001 0.18750000000000003 30.235000000000003 364.35000000000008
decision_type=2 2 2 2 2 2 2
left_child=1 -1 -3 6 -5 -6 -4
right_child=-2 2 3 4 5 -7 -8
leaf_value=-0.092246105109944063 0.0044502103913988643 -0.066548351581062537 0.024666178894134919 -0.080294750393965303 -0.068810315611146727 0.0026634317722207968 -0.011608160270608551
leaf_weight=46 6594 78 469 73 62 353 302
leaf_count=46 6594 78 469 73 62 353 302
internal_value=0.00217329 -0.00865978 -0.00545099 -0.00141749 -0.0201212 -0.00870663 0.0104743
internal_weight=7977 1383 1337 1259 488 415 771
internal_count=7977 1383 1337 1259 488 415 771
is_linear=0
shrinkage=0.02


Tree=827
num_leaves=8
num_cat=0
split_feature=23 38 55 38 42 55 20
split_gain=359.436 358.775 603.282 892.81 670.035 719.946 537.912
threshold=1.7500000000000002 14073.250000000002 33.735000000000007 1500.5000000000002 54.705000000000005 30.065000000000001 477777.5500000001
decision_type=2 8 2 10 2 2 10
left_child=-1 2 3 -2 5 6 -5
right_child=1 -3 -4 4 -6 -7 -8
leaf_value=0.051553605393721502 -0.044082661709448294 -0.0048713098789658557 0.00079256329820220071 0.065757802308213958 0.0054388165141221224 0.10159381327062551 -0.030470334847768146
leaf_weight=47 54 4547 3033 44 126 96 40
leaf_count=47 54 4547 3033 44 126 96 40
internal_value=-0.000858616 -0.00120111 0.00371729 0.0280097 0.0412361 0.06547 0.0207974
internal_weight=7987 7940 3393 360 306 180 84
internal_count=7987 7940 3393 360 306 180 84
is_linear=0
shrinkage=0.02


Tree=828
num_leaves=8
num_cat=0
split_feature=33 49 33 41 21 14 40
split_gain=373.224 350.683 1025.94 964.523 883.661 850.276 801.3
threshold=6.5000000000000009 47.500000000000007 2.5000000000000004 50.565000000000005 267703.80000000005 29.265000000000004 28.805000000000003
decision_type=2 2 2 2 8 2 2
left_child=1 -1 3 5 -5 6 -3
right_child=-2 2 -4 4 -6 -7 -8
leaf_value=0.00044052859527327271 0.055123213884678293 0.020443437275752215 0.0056783084130082517 0.067791970859874373 -0.020234058202425045 -0.12302667412601533 -0.060203523560248134
leaf_weight=6710 42 66 694 50 263 56 168
leaf_count=6710 42 66 694 50 263 56 168
internal_value=-0.00107331 -0.0014023 -0.0109012 -0.0298726 -0.00532758 -0.0558249 -0.0375051
internal_weight=8049 8007 1297 603 313 290 234
internal_count=8049 8007 1297 603 313 290 234
is_linear=0
shrinkage=0.02


Tree=829
num_leaves=8
num_cat=0
split_feature=17 18 52 17 8 64 38
split_gain=402.902 1250.35 1270.55 463.302 449.264 364.324 282.578
threshold=1044.3000000000002 106407.80000000002 36.840000000000011 1225.6000000000001 17.635000000000002 1.0000000180025095e-35 17351.150000000005
decision_type=2 2 2 2 2 2 10
left_child=1 2 -1 -2 -4 -5 -7
right_child=3 -3 4 5 -6 6 -8
leaf_value=-0.13781230247937715 0.051715274742155364 0.0576501147127619 0.034121620959705778 -0.051878328216180471 -0.046934221407897034 0.00040875251043710672 -0.010660659682290867
leaf_weight=47 61 46 40 52 66 6649 1066
leaf_count=47 61 46 40 52 66 6649 1066
internal_value=-0.00177596 -0.0295242 -0.0567285 -0.00105216 -0.0161879 -0.00149959 -0.00112665
internal_weight=8027 199 153 7828 106 7767 7715
internal_count=8027 199 153 7828 106 7767 7715
is_linear=0
shrinkage=0.02


Tree=830
num_leaves=8
num_cat=0
split_feature=9 42 49 14 68 22 12
split_gain=396.862 624.999 513.145 420.785 401.38 738.153 1083.98
threshold=18.500000000000004 31.075000000000003 38.500000000000007 12.205000000000002 971458.90000000014 18873.400000000005 7.3150000000000004
decision_type=2 2 2 2 2 2 2
left_child=4 -2 3 -3 -1 6 -6
right_child=1 2 -4 -5 5 -7 -8
leaf_value=0.00050828598008637298 0.060385733163700661 -0.029869982802642966 -0.039870826210136767 0.035666975661352941 -0.076548586740697686 -0.029736438070234912 0.00083122745310247039
leaf_weight=5534 99 48 76 152 71 542 1533
leaf_count=5534 99 48 76 152 71 542 1533
internal_value=-0.00135515 0.0185979 0.00280096 0.0195932 -0.00234088 -0.00967229 -0.00282117
internal_weight=8055 375 276 200 7680 2146 1604
internal_count=8055 375 276 200 7680 2146 1604
is_linear=0
shrinkage=0.02


Tree=831
num_leaves=8
num_cat=0
split_feature=48 57 56 64 67 42 40
split_gain=432.649 1384.19 634.861 720.193 499.011 509.065 539.316
threshold=19.500000000000004 55.345000000000006 55.295000000000009 2.5000000000000004 13.914676067895092 38.880000000000003 60.445000000000007
decision_type=2 2 2 2 2 2 2
left_child=2 4 -1 -4 5 -2 -7
right_child=1 -3 3 -5 -6 6 -8
leaf_value=-0.00061504008154999231 -0.065394989752475124 0.07573779425024986 0.086499975770711904 0.0078790506223837525 -0.088054300192743545 0.022488265612295697 -0.050304956561885772
leaf_weight=7416 76 45 66 139 59 107 59
leaf_count=7416 76 45 66 139 59 107 59
internal_value=-0.000644072 -0.0223544 0.000355608 0.034648 -0.0380173 -0.0242827 -0.00409843
internal_weight=7967 346 7621 205 301 242 166
internal_count=7967 346 7621 205 301 242 166
is_linear=0
shrinkage=0.02


Tree=832
num_leaves=8
num_cat=0
split_feature=64 41 64 52 13 0 16
split_gain=372.705 986.384 496.237 1357.29 1199.54 856.114 912.466
threshold=4.5000000000000009 51.355000000000011 2.5000000000000004 65.310000000000016 304.45000000000005 24.500000000000004 0.60415000000000008
decision_type=2 2 2 2 2 2 2
left_child=2 -2 3 -1 -5 -6 -7
right_child=1 -3 -4 4 5 6 -8
leaf_value=-0.0012735338388840801 0.040559093643685963 -0.0088656333010091425 -0.0048448017790415077 0.10269171894258923 -0.045141086194551358 0.015119601591088907 0.095852965817258176
leaf_weight=1869 301 339 5071 85 61 241 69
leaf_count=1869 301 339 5071 85 61 241 69
internal_value=-6.74079e-05 0.0145137 -0.00133811 0.00630424 0.0370401 0.0208331 0.0343255
internal_weight=8036 640 7396 2325 456 371 310
internal_count=8036 640 7396 2325 456 371 310
is_linear=0
shrinkage=0.02


Tree=833
num_leaves=8
num_cat=1
split_feature=16 9 41 2 68 10 10
split_gain=435.407 629.184 610.164 672.444 904.289 884.575 1014.77
threshold=0.50155000000000005 28.500000000000004 44.755000000000003 0 298839.15000000008 14383.050000000001 26608.600000000002
decision_type=2 2 2 1 2 2 2
left_child=1 -1 3 4 5 -2 -7
right_child=2 -3 -4 -5 -6 6 -8
leaf_value=-0.0046674091781652308 0.00021465313845667346 0.054566714669743631 -0.00051014372683150049 0.0046899397220610877 0.014955933359438693 0.16169001979132491 0.046171281370502637
leaf_weight=4178 53 68 2341 839 356 52 78
leaf_count=4178 53 68 2341 839 356 52 78
internal_value=0.000718707 -0.00365571 0.0057112 0.0162439 0.0333215 0.0694734 0.0966559
internal_weight=7965 4246 3719 1378 539 183 130
internal_count=7965 4246 3719 1378 539 183 130
cat_boundaries=0 1
cat_threshold=14
is_linear=0
shrinkage=0.02


Tree=834
num_leaves=8
num_cat=0
split_feature=45 14 14 54 10 53 58
split_gain=444.173 714.771 1308.29 904.917 1371.58 1069.49 984.609
threshold=1.0000000180025095e-35 16.205000000000002 14.225000000000003 77.575000000000003 15445.900000000003 52.525000000000013 20.580000000000002
decision_type=2 2 2 2 2 2 2
left_child=1 2 3 -1 5 -5 -6
right_child=-2 -3 -4 4 6 -7 -8
leaf_value=-0.028442798544851579 -0.0049941074456831165 0.012608377128831757 -0.041538089116260134 -0.011473550875821421 -0.088916439368672981 0.090587747434990998 0.0066790941561603616
leaf_weight=262 4518 1921 317 57 41 133 678
leaf_count=262 4518 1921 317 57 41 133 678
internal_value=-0.000884101 0.00456229 -0.0058326 0.0039687 0.0134151 0.0604603 0.000651471
internal_weight=7927 3409 1488 1171 909 190 719
internal_count=7927 3409 1488 1171 909 190 719
is_linear=0
shrinkage=0.02


Tree=835
num_leaves=8
num_cat=0
split_feature=16 46 54 64 40 21 13
split_gain=486.533 611.817 555.536 508.63 545.302 647.183 570.569
threshold=0.57745000000000013 11.500000000000002 60.395000000000003 4.5000000000000009 81.645000000000024 381777.40000000008 455.35000000000008
decision_type=2 2 2 2 2 10 2
left_child=2 -2 -1 4 6 -6 -4
right_child=1 -3 3 -5 5 -7 -8
leaf_value=0.04784822349521247 0.010681911986700283 -0.041941262559722296 -0.0072549739739897548 0.018019343140355526 0.0072527490967306601 0.083367301183087494 0.035234311604478326
leaf_weight=83 2329 87 4724 428 227 51 125
leaf_count=83 2329 87 4724 428 227 51 125
internal_value=0.00120473 0.00870425 -0.00201384 -0.00280121 -0.00455516 0.0224424 -0.0061245
internal_weight=8054 2416 5638 5555 5127 278 4849
internal_count=8054 2416 5638 5555 5127 278 4849
is_linear=0
shrinkage=0.02


Tree=836
num_leaves=8
num_cat=0
split_feature=16 10 13 21 14 33 38
split_gain=352.062 464.698 509.921 435.855 292.367 824.847 465.955
threshold=0.79410000000000014 20214.450000000001 343.75000000000006 231106.00000000003 43.180000000000007 2.5000000000000004 31327.600000000002
decision_type=2 2 2 10 2 2 8
left_child=4 2 -2 -3 -1 6 -6
right_child=1 3 -4 -5 5 -7 -8
leaf_value=-0.0003402752851308887 0.011692301805289287 -0.042407997072788708 0.10679565111133787 0.03283341333047668 -0.01043345824230549 0.0084339460174199278 -0.074027171205498482
leaf_weight=7317 48 52 40 62 81 224 108
leaf_count=7317 48 52 40 62 81 224 108
internal_value=-0.000581377 0.0251598 0.0583387 -0.00182703 -0.00126987 -0.0175382 -0.0477441
internal_weight=7932 202 88 114 7730 413 189
internal_count=7932 202 88 114 7730 413 189
is_linear=0
shrinkage=0.02


Tree=837
num_leaves=8
num_cat=0
split_feature=68 68 48 14 31 57 40
split_gain=438.223 635.622 546.361 1133.5 968.255 1925.49 832.289
threshold=172585.30000000002 209373.40000000005 11.500000000000002 13.225000000000003 1.0000000180025095e-35 52.175000000000004 47.045000000000009
decision_type=2 2 2 2 2 2 2
left_child=-1 -2 -3 -4 5 6 -5
right_child=1 2 3 4 -6 -7 -8
leaf_value=-0.0098550583220338699 0.036868275342528352 0.0026921961989261486 0.021559658028015391 -0.073518074389991417 -0.007198618546091661 -0.17595382965107761 0.00051928380425547216
leaf_weight=1845 189 5059 258 104 402 40 137
leaf_count=1845 189 5059 258 104 402 40 137
internal_value=-0.00131402 0.00123804 8.5925e-05 -0.0138661 -0.0273074 -0.0554463 -0.0322753
internal_weight=8034 6189 6000 941 683 281 241
internal_count=8034 6189 6000 941 683 281 241
is_linear=0
shrinkage=0.02


Tree=838
num_leaves=8
num_cat=1
split_feature=41 3 10 41 54 41 10
split_gain=412.39 1886.34 998.652 939.199 686.864 661.492 660.044
threshold=23.250000000000004 0 76121.700000000012 21.23 96.52500000000002 25.175000000000004 29015.800000000003
decision_type=2 1 2 2 2 2 2
left_child=1 3 -3 4 -1 6 -2
right_child=5 2 -4 -5 -6 -7 -8
leaf_value=0.018053665464976804 -0.0067565437613940627 -0.067614761370230703 0.021192082533469568 -0.047439830180009211 0.10052417940022995 -0.00010878275189605386 0.082923461572303389
leaf_weight=251 56 262 60 70 44 7113 72
leaf_count=251 56 262 60 70 44 7113 72
internal_value=-0.000691741 -0.0154425 -0.0494827 0.0157617 0.0318247 0.00071745 0.0449095
internal_weight=7928 687 322 365 295 7241 128
internal_count=7928 687 322 365 295 7241 128
cat_boundaries=0 1
cat_threshold=5
is_linear=0
shrinkage=0.02


Tree=839
num_leaves=8
num_cat=0
split_feature=22 13 41 22 45 63 36
split_gain=415.305 432.904 544.118 416.65 733.978 911.766 680.815
threshold=7483.3500000000013 356.75000000000006 59.425000000000004 10900.950000000003 1.0000000180025095e-35 1.0000000180025095e-35 1.5000000000000002
decision_type=2 2 2 2 2 2 2
left_child=1 -1 -3 4 5 -2 -7
right_child=3 2 -4 -5 -6 6 -8
leaf_value=-0.0032213579727133285 0.038504254435955065 -0.06967795629707868 0.0096804591338589506 -0.0020147369165779286 -0.0029582070266823365 -0.040851447715246972 0.048368277636667088
leaf_weight=233 502 109 48 6123 809 116 43
leaf_count=233 502 109 48 6123 809 116 43
internal_value=-0.000757497 -0.0207517 -0.0458656 0.000282445 0.00982531 0.0253758 -0.0159838
internal_weight=7983 390 157 7593 1470 661 159
internal_count=7983 390 157 7593 1470 661 159
is_linear=0
shrinkage=0.02


Tree=840
num_leaves=8
num_cat=0
split_feature=6 56 54 68 68 42 37
split_gain=414.657 599.923 631.595 539.946 1053.72 1231.3 699.237
threshold=1.5000000000000002 54.180000000000007 83.665000000000006 1041138.9000000001 1376277.2500000002 25.625000000000004 1.2916500000000002
decision_type=2 2 2 2 2 2 2
left_child=-1 3 -3 6 5 -5 -2
right_child=1 2 -4 4 -6 -7 -8
leaf_value=-0.0036944523660521378 0.015776672248763623 0.015931418635407275 -0.081285761995093214 0.049567442500875115 0.01716359666201063 -0.048262735173507577 -0.041696976819232616
leaf_weight=5266 1855 44 58 58 350 292 84
leaf_count=5266 1855 44 58 58 350 292 84
internal_value=-0.000411689 0.00589039 -0.0405641 0.00775922 -0.00725987 -0.0315811 0.013186
internal_weight=8007 2741 102 2639 700 350 1939
internal_count=8007 2741 102 2639 700 350 1939
is_linear=0
shrinkage=0.02


Tree=841
num_leaves=8
num_cat=0
split_feature=43 49 53 53 0 33 54
split_gain=562.358 850.225 1910.23 921.269 754.04 911.902 849.841
threshold=1.0000000180025095e-35 27.500000000000004 73.475000000000009 85.25500000000001 19.500000000000004 3.5000000000000004 81.965000000000018
decision_type=2 2 2 2 2 2 2
left_child=1 -1 4 -4 -3 6 -6
right_child=-2 2 3 -5 5 -7 -8
leaf_value=0.0018920535395798241 0.0025639979502564436 0.067962849623694713 -0.10201003682324963 -0.0072982643881151759 0.0085417586030792792 0.024931807709920605 -0.048767038423301011
leaf_weight=1113 6046 44 150 57 158 173 288
leaf_count=1113 6046 44 150 57 158 173 288
internal_value=-0.000468307 -0.00969674 -0.0244485 -0.0767172 -0.00767724 -0.0135554 -0.0285952
internal_weight=8029 1983 870 207 663 619 446
internal_count=8029 1983 870 207 663 619 446
is_linear=0
shrinkage=0.02


Tree=842
num_leaves=8
num_cat=0
split_feature=15 48 16 64 20 53 53
split_gain=602.296 869.751 918.576 753.687 681.677 591.911 734.174
threshold=1.5000000000000002 10.500000000000002 0.80045000000000011 2.5000000000000004 1328843.7000000002 82.365000000000023 58.020000000000003
decision_type=2 2 2 2 10 2 2
left_child=-1 2 4 -3 5 6 -2
right_child=1 3 -4 -5 -6 -7 -8
leaf_value=0.0027910965359824935 -0.014746671719087206 -0.081637172203125635 0.084909725454118526 -0.015760388920404097 -0.064350604435954348 -0.045864940080322145 0.017105605545839609
leaf_weight=6283 581 111 40 181 73 114 567
leaf_count=6283 581 111 40 181 73 114 567
internal_value=-4.58089e-05 -0.0107146 -0.00399528 -0.0417554 -0.00696598 -0.00340574 0.000991203
internal_weight=7950 1667 1375 292 1335 1262 1148
internal_count=7950 1667 1375 292 1335 1262 1148
is_linear=0
shrinkage=0.02


Tree=843
num_leaves=8
num_cat=0
split_feature=23 55 56 23 35 55 0
split_gain=370.771 386.169 627.788 684.741 518.355 512.978 1278.3
threshold=1.7500000000000002 55.685000000000009 27.160000000000004 15.950000000000001 1.0000000180025095e-35 52.135000000000012 20.500000000000004
decision_type=2 2 2 2 2 2 2
left_child=-1 5 -3 -4 -5 -2 -7
right_child=1 2 3 4 -6 6 -8
leaf_value=0.054966326712266263 -0.0021036713916696669 -0.080259305840393286 -0.00099530762176609604 -0.056962483091729466 0.013852836683131101 0.096930830536144125 0.0069454899086418267
leaf_weight=41 6165 48 812 169 52 65 656
leaf_count=41 6165 48 812 169 52 65 656
internal_value=-0.00165529 -0.00198097 -0.0130652 -0.00957132 -0.0403622 -0.000232699 0.0156696
internal_weight=8008 7967 1081 1033 221 6886 721
internal_count=8008 7967 1081 1033 221 6886 721
is_linear=0
shrinkage=0.02


Tree=844
num_leaves=8
num_cat=0
split_feature=16 22 23 54 0 49 42
split_gain=404.553 398.841 621.488 402.868 375.372 727.128 468.405
threshold=0.17090000000000002 7121.0500000000011 7.9500000000000011 90.975000000000009 36.500000000000007 4.5000000000000009 41.395000000000003
decision_type=2 2 2 2 2 2 2
left_child=-1 2 -2 -4 6 -6 -3
right_child=1 4 3 -5 5 -7 -8
leaf_value=-0.04109090506331995 -0.065418334186718025 0.02045297317424985 0.018518831128762528 -0.039290263088125936 -0.061182802441734366 -0.0011328365842929353 0.001818134080869763
leaf_weight=91 88 755 127 71 77 4945 1864
leaf_count=91 88 755 127 71 77 4945 1864
internal_value=-0.000280741 0.000213356 -0.022768 -0.00266785 0.00108787 -0.00211349 0.00721888
internal_weight=8018 7927 286 198 7641 5022 2619
internal_count=8018 7927 286 198 7641 5022 2619
is_linear=0
shrinkage=0.02


Tree=845
num_leaves=8
num_cat=0
split_feature=22 20 37 57 42 42 22
split_gain=379.523 1004.53 784.068 1045.39 1053.72 886.617 783.262
threshold=20130.600000000002 1310939.9500000002 0.39230000000000004 51.705000000000005 47.025000000000013 59.495000000000012 19948.900000000005
decision_type=2 10 2 2 2 2 2
left_child=6 2 5 4 -4 -2 -1
right_child=1 -3 3 -5 -6 -7 -8
leaf_value=-0.0018038933934025206 0.032219977336173711 -0.040429110666498159 -0.075514500016036129 0.055097302211862473 0.0018394495372261318 -0.0039575097689757473 -0.069564594021741893
leaf_weight=6213 820 151 115 67 170 402 64
leaf_count=6213 820 151 115 67 170 402 64
internal_value=-0.000265463 0.00802948 0.0127916 -0.0133693 -0.0301374 0.0203511 -0.0025496
internal_weight=8002 1725 1574 352 285 1222 6277
internal_count=8002 1725 1574 352 285 1222 6277
is_linear=0
shrinkage=0.02


Tree=846
num_leaves=8
num_cat=0
split_feature=14 49 68 49 14 68 48
split_gain=357.945 795.003 815.437 757.959 615.002 836.608 733.597
threshold=22.235000000000003 62.500000000000007 183226.75000000003 95.500000000000014 23.895000000000003 1054345.2500000002 17.500000000000004
decision_type=2 2 2 2 2 2 2
left_child=3 4 -3 -1 5 -2 -6
right_child=1 2 -4 -5 6 -7 -8
leaf_value=0.0037726643000426207 -0.00526645711101437 -0.11687281347811222 -0.019960338446141791 0.080522976480424405 0.0053498014252773432 -0.07303101563791059 -0.042081329761987564
leaf_weight=5208 236 41 154 47 2115 101 134
leaf_count=5208 236 41 154 47 2115 101 134
internal_value=0.00146574 -0.00433168 -0.0427492 0.004535 -0.00135787 -0.0263465 0.00243668
internal_weight=8036 2781 195 5255 2586 337 2249
internal_count=8036 2781 195 5255 2586 337 2249
is_linear=0
shrinkage=0.02


Tree=847
num_leaves=8
num_cat=0
split_feature=14 48 22 46 56 56 47
split_gain=411.156 705.462 731.74 663.659 404.612 449.797 549.988
threshold=46.365000000000009 7.5000000000000009 13761.800000000001 4.5000000000000009 58.75500000000001 55.295000000000009 5.5000000000000009
decision_type=2 2 2 2 2 2 2
left_child=4 2 -2 -3 5 -1 -7
right_child=1 3 -4 -5 -6 6 -8
leaf_value=-0.00071883739067203991 0.033328061398487908 -0.12412297323994015 -0.036119907815287365 -0.015881935678563028 -0.045579060082194173 0.084848434296521266 0.0012583921151825145
leaf_weight=7509 106 41 129 48 74 50 74
leaf_count=7509 106 41 129 48 74 50 74
internal_value=-0.00148433 -0.0233801 -0.00475272 -0.0696957 -0.000549276 -8.31719e-05 0.0369463
internal_weight=8031 324 235 89 7707 7633 124
internal_count=8031 324 235 89 7707 7633 124
is_linear=0
shrinkage=0.02


Tree=848
num_leaves=8
num_cat=1
split_feature=16 22 53 13 48 43 2
split_gain=526.368 588.8 694.849 611.028 534.853 514.055 636.491
threshold=0.74725000000000008 19045.250000000004 64.585000000000022 362.15000000000003 4.5000000000000009 1.0000000180025095e-35 0
decision_type=2 2 2 2 2 2 1
left_child=5 3 -3 -2 -5 6 -1
right_child=1 2 -4 4 -6 -7 -8
leaf_value=0.008116130586129448 0.026459760404227733 0.10282978837614629 0.0098282032513964009 0.01344976747477496 -0.076648168806676506 0.0026150951547939212 -0.017355292547088362
leaf_weight=559 203 62 64 49 49 5692 1261
leaf_count=559 203 62 64 49 49 5692 1261
internal_value=0.00089 0.022358 0.057769 0.00683306 -0.0331331 -0.000344352 -0.00958175
internal_weight=7939 427 126 301 98 7512 1820
internal_count=7939 427 126 301 98 7512 1820
cat_boundaries=0 1
cat_threshold=18
is_linear=0
shrinkage=0.02


Tree=849
num_leaves=8
num_cat=0
split_feature=52 64 56 56 56 64 56
split_gain=399.147 470.071 367.392 334.017 746.156 400.431 321.13
threshold=92.180000000000021 2.5000000000000004 22.075000000000006 55.295000000000009 58.75500000000001 3.5000000000000004 53.880000000000003
decision_type=2 2 2 2 2 2 2
left_child=2 -2 -1 6 5 -5 -4
right_child=1 -3 3 4 -6 -7 -8
leaf_value=0.046477219111314326 0.083315058970937925 0.0072802955110867823 -0.001075568925611535 0.078310090442036476 -0.025823181414759002 0.004189010274410248 -0.034898107868676455
leaf_weight=61 44 100 7516 81 72 45 109
leaf_count=61 44 100 7516 81 72 45 109
internal_value=9.9883e-05 0.0325293 -0.000512677 -0.000908534 0.0244125 0.0530085 -0.00158162
internal_weight=8028 144 7884 7823 198 126 7625
internal_count=8028 144 7884 7823 198 126 7625
is_linear=0
shrinkage=0.02


Tree=850
num_leaves=8
num_cat=1
split_feature=22 4 40 58 8 68 40
split_gain=451.999 503.918 665.823 522.264 516.291 473.896 404.988
threshold=7808.0000000000009 0 56.135000000000012 51.705000000000005 31.345000000000002 389925.50000000006 68.00500000000001
decision_type=2 1 2 2 2 2 2
left_child=1 3 5 4 -1 -3 -4
right_child=-2 2 6 -5 -6 -7 -8
leaf_value=-0.00092682890469829239 0.001891442224203265 -0.012885452059230633 0.039564346466878696 -0.04724773767747377 0.074481201129701899 -0.088874384276930576 -0.034355577466979863
leaf_weight=115 7566 51 51 52 48 98 58
leaf_count=115 7566 51 51 52 48 98 58
internal_value=0.000700998 -0.0181617 -0.035987 0.00497027 0.022835 -0.0641276 0.000449141
internal_weight=8039 473 258 215 163 149 109
internal_count=8039 473 258 215 163 149 109
cat_boundaries=0 1
cat_threshold=1
is_linear=0
shrinkage=0.02


Tree=851
num_leaves=8
num_cat=0
split_feature=68 46 41 41 23 56 48
split_gain=452.808 648.669 773.046 774.439 853.404 1245.96 780.43
threshold=1133805.2500000002 1.5000000000000002 30.925000000000001 44.755000000000003 9.7500000000000018 36.285000000000004 2.5000000000000004
decision_type=2 2 2 2 2 2 2
left_child=-1 -2 -3 4 5 -4 -7
right_child=1 2 3 -5 -6 6 -8
leaf_value=0.0035792964188123061 -0.054832647958317327 0.027587652841066741 -0.076220184266567237 -0.0014175372071234256 -0.062057075844141857 -0.021741968174191082 0.08434725018683821
leaf_weight=6319 106 244 52 966 204 46 59
leaf_count=6319 106 244 52 966 204 46 59
internal_value=0.00112697 -0.00809668 -0.00477931 -0.010812 -0.0355877 -0.000340536 0.0389944
internal_weight=7996 1677 1571 1327 361 157 105
internal_count=7996 1677 1571 1327 361 157 105
is_linear=0
shrinkage=0.02


Tree=852
num_leaves=8
num_cat=0
split_feature=53 14 9 53 68 54 35
split_gain=401.577 582.456 713.489 534.807 735.852 832.627 802.41
threshold=39.905000000000008 34.32500000000001 3.5000000000000004 45.675000000000004 497110.65000000008 85.535000000000011 1.0000000180025095e-35
decision_type=2 2 2 2 2 2 2
left_child=1 -1 -3 4 5 -2 -7
right_child=3 2 -4 -5 -6 6 -8
leaf_value=0.019067988222683917 0.041958192859345413 -0.091456386990845198 0.012980672168043944 0.00073289823647588646 -0.038340269659191024 -0.047646148278765434 0.050123766116797926
leaf_weight=786 129 40 60 6546 339 132 40
leaf_count=786 129 40 60 6546 339 132 40
internal_value=0.000591011 0.0132559 -0.0311599 -0.000978639 -0.0183544 0.00441322 -0.0241353
internal_weight=8072 886 100 7186 640 301 172
internal_count=8072 886 100 7186 640 301 172
is_linear=0
shrinkage=0.02


Tree=853
num_leaves=8
num_cat=0
split_feature=32 44 38 38 37 42 68
split_gain=555.236 689.763 1309.39 1261.2 843.634 752.421 1008.88
threshold=1.0000000180025095e-35 1.0000000180025095e-35 2831.0500000000006 13769.950000000003 0.15190000000000001 29.995000000000001 1453595.5000000002
decision_type=2 2 8 10 2 2 2
left_child=-1 2 -2 4 -4 6 -3
right_child=1 5 3 -5 -6 -7 -8
leaf_value=0.0044144008965745826 -0.092493869483169885 0.036453978640382134 -0.016991961000206987 -0.068762991804692697 0.046217731199330751 -0.006720293279180542 -0.057004261778460609
leaf_weight=5074 94 331 221 113 130 1990 49
leaf_count=5074 94 331 221 113 130 1990 49
internal_value=0.000413682 -0.00651497 -0.0264151 -0.0121851 0.00673936 -0.00178386 0.023819
internal_weight=8002 2928 558 464 351 2370 380
internal_count=8002 2928 558 464 351 2370 380
is_linear=0
shrinkage=0.02


Tree=854
num_leaves=8
num_cat=0
split_feature=54 50 20 57 22 23 22
split_gain=406.519 886.848 710.737 623.188 1063.62 680.533 608.633
threshold=96.265000000000015 3.5000000000000004 1761690.8500000003 57.635000000000005 19299.950000000004 3.1500000000000008 9958.6500000000015
decision_type=2 2 10 2 2 2 2
left_child=1 -1 3 5 -5 -2 -7
right_child=2 -3 -4 4 -6 6 -8
leaf_value=-0.0046337614113908729 0.078180401348753981 0.036414817463640774 0.086320123579767025 -0.053149283410838015 0.048213007471017671 0.037204148571452371 0.0014856378065673174
leaf_weight=6165 52 213 40 151 52 225 1123
leaf_count=6165 52 213 40 151 52 225 1123
internal_value=-0.000949612 -0.00323545 0.00790673 0.00568774 -0.0266497 0.0104548 0.00756301
internal_weight=8021 6378 1643 1603 203 1400 1348
internal_count=8021 6378 1643 1603 203 1400 1348
is_linear=0
shrinkage=0.02


Tree=855
num_leaves=8
num_cat=0
split_feature=41 64 54 67 41 67 8
split_gain=386.204 554.823 397.31 889.626 806.236 794.184 1063.95
threshold=83.670000000000016 2.5000000000000004 82.955000000000013 15.537965575665924 8.3950000000000014 12.156343934978635 12.225000000000003
decision_type=2 2 2 2 2 2 2
left_child=2 -2 5 4 -4 -1 -7
right_child=1 -3 3 -5 -6 6 -8
leaf_value=-0.0010437003227161139 0.070509840230578963 0.0074284267702789388 -0.068930948193584168 -0.026306046417359907 -0.00046926818556027006 -0.053153288778331545 0.034118705193942528
leaf_weight=2307 64 299 65 677 4039 58 523
leaf_count=2307 64 299 65 677 4039 58 523
internal_value=-0.000657858 0.0193571 -0.00161723 -0.00515328 -0.00163614 0.00423539 0.0250273
internal_weight=8032 363 7669 4781 4104 2888 581
internal_count=8032 363 7669 4781 4104 2888 581
is_linear=0
shrinkage=0.02


Tree=856
num_leaves=8
num_cat=0
split_feature=23 22 67 53 23 23 57
split_gain=341.949 1129.41 955.1 875.367 709.004 397.319 939.112
threshold=23.250000000000004 23336.750000000004 2.8791160539777048 65.565000000000012 27.250000000000004 17.250000000000004 18.265000000000004
decision_type=2 2 2 2 2 2 2
left_child=5 2 3 -2 -5 -1 -7
right_child=1 -3 -4 4 -6 6 -8
leaf_value=0.0021308645148787977 0.013121894598007203 0.094680258216279928 0.041642836015228009 -0.013911149941506933 -0.11952004972161079 0.027002489931336263 -0.020950653879135576
leaf_weight=6612 132 61 163 56 44 200 806
leaf_count=6612 132 61 163 56 44 200 806
internal_value=0.00135933 0.0180857 0.00522158 -0.0207062 -0.0638577 0.000346906 -0.0113308
internal_weight=8074 456 395 232 100 7618 1006
internal_count=8074 456 395 232 100 7618 1006
is_linear=0
shrinkage=0.02


Tree=857
num_leaves=8
num_cat=0
split_feature=64 67 17 40 21 17 18
split_gain=402.037 394.481 831.426 946.376 699.396 1151.04 659.12
threshold=1.0000000180025095e-35 5.0568319950061822 976.75000000000011 42.615000000000002 371772.75000000006 4344.1000000000013 264676.10000000003
decision_type=2 2 2 2 10 2 2
left_child=-1 2 3 -2 -3 -6 -4
right_child=1 4 6 -5 5 -7 -8
leaf_value=-0.05093101164228038 -0.1162092831393458 0.0036968164412741035 0.0014785109669983067 -0.0035634600592626109 0.093110906267037954 0.015089105818980318 -0.043023872259650792
leaf_weight=52 48 2467 4701 69 88 421 132
leaf_count=52 48 2467 4701 69 88 421 132
internal_value=0.00199969 0.00237884 -0.00108157 -0.0526458 0.00812674 0.0293527 0.000219843
internal_weight=7978 7926 4950 117 2976 509 4833
internal_count=7978 7926 4950 117 2976 509 4833
is_linear=0
shrinkage=0.02


Tree=858
num_leaves=8
num_cat=1
split_feature=22 22 2 49 67 40 12
split_gain=471.656 568.891 763.678 586.51 732.97 915.501 635.916
threshold=6257.7500000000009 11090.500000000002 0 10.500000000000002 10.5829130709902 29.540000000000003 41.70000000000001
decision_type=2 2 1 2 2 2 2
left_child=-1 2 -2 4 5 -3 -7
right_child=1 3 -4 -5 -6 6 -8
leaf_value=-0.038569157949944095 -0.0097167578731574087 -0.065002974555220291 0.01886775377117943 0.00027007048222851186 -0.053873259607288573 0.03208519241399093 -0.015010722445814233
leaf_weight=118 516 87 1289 5351 175 187 280
leaf_count=118 516 87 1289 5351 175 187 280
internal_value=0.000293617 0.000899276 0.0107425 -0.00202936 -0.0187945 -0.0073309 0.00398793
internal_weight=8003 7885 1805 6080 729 554 467
internal_count=8003 7885 1805 6080 729 554 467
cat_boundaries=0 1
cat_threshold=13
is_linear=0
shrinkage=0.02


Tree=859
num_leaves=8
num_cat=0
split_feature=55 49 23 12 15 23 64
split_gain=387.975 951.257 524.557 1150.81 945.121 754.157 646.363
threshold=37.995000000000012 72.500000000000014 17.550000000000004 20.810000000000006 2.5000000000000004 20.150000000000002 2.5000000000000004
decision_type=2 2 2 2 2 2 2
left_child=1 -1 -2 5 6 -4 -5
right_child=2 -3 3 4 -6 -7 -8
leaf_value=0.0051064959757516409 0.00019438033232401221 0.078403800574911614 -0.13002302443206895 0.014408930468559265 0.046801011238409122 -0.032133468350768093 -0.02558842125235632
leaf_weight=1680 5133 69 46 220 110 95 577
leaf_count=1680 5133 69 46 220 110 95 577
internal_value=-8.92002e-05 0.00821341 -0.00244328 -0.0153019 -0.00687317 -0.0674282 -0.0145267
internal_weight=7930 1749 6181 1048 907 141 797
internal_count=7930 1749 6181 1048 907 141 797
is_linear=0
shrinkage=0.02


Tree=860
num_leaves=8
num_cat=0
split_feature=64 42 32 20 48 20 40
split_gain=462.499 1031.31 587.422 841.043 916.854 683.1 616.41
threshold=4.5000000000000009 30.335000000000004 1.0000000180025095e-35 1359507.9500000004 5.5000000000000009 1283677.3500000003 42.785000000000004
decision_type=2 2 2 10 2 10 2
left_child=2 -2 3 5 6 -1 -5
right_child=1 -3 -4 4 -6 -7 -8
leaf_value=0.00050552279116146273 0.078697301511031881 0.0055347110993861064 -0.010323521246688323 0.014031862759980085 -0.0085268638176577427 -0.059172792732715605 0.078409161022619203
leaf_weight=4673 85 543 2258 102 156 73 147
leaf_count=4673 85 543 2258 102 156 73 147
internal_value=-0.000429025 0.0159807 -0.00182978 0.00189995 0.0293824 -0.00047372 0.0528331
internal_weight=8037 628 7409 5151 405 4746 249
internal_count=8037 628 7409 5151 405 4746 249
is_linear=0
shrinkage=0.02


Tree=861
num_leaves=8
num_cat=0
split_feature=52 41 22 22 53 66 52
split_gain=418.434 551.365 398.135 478.313 788.11 927.318 768.527
threshold=92.180000000000021 56.175000000000004 7808.0000000000009 10900.950000000003 66.975000000000009 0.31250000000000006 13.260000000000002
decision_type=2 2 2 2 2 2 2
left_child=2 -2 -1 4 6 -6 -4
right_child=1 -3 3 -5 5 -7 -8
leaf_value=-0.016787092510726034 0.074615020961828635 -0.0065310237578936484 0.08095925932345184 -0.00048385938158313207 0.064144641563989399 0.0079721137793706872 -0.0030043876159553881
leaf_weight=480 66 62 41 6054 210 263 833
leaf_count=480 66 62 41 6054 210 263 833
internal_value=0.0013627 0.036542 0.00076853 0.00191768 0.0126731 0.0333214 0.00137252
internal_weight=8009 128 7881 7401 1347 473 874
internal_count=8009 128 7881 7401 1347 473 874
is_linear=0
shrinkage=0.02


Tree=862
num_leaves=8
num_cat=0
split_feature=56 22 46 23 8 17 48
split_gain=496.057 453.705 770.871 789.815 693.435 475.276 389.704
threshold=22.075000000000006 28930.100000000002 6.5000000000000009 10.950000000000001 28.415000000000003 6637.0000000000009 17.500000000000004
decision_type=2 2 2 2 2 2 2
left_child=-1 6 3 4 -3 -4 -2
right_child=1 2 5 -5 -6 -7 -8
leaf_value=0.052566906775253407 0.00085381673970885263 -0.12416954387479753 0.069161209079954364 -0.0081143163902274631 -0.018720483370125295 -0.012989043454071144 -0.018315723261108287
leaf_weight=64 7134 62 40 113 43 72 446
leaf_count=64 7134 62 40 113 43 72 446
internal_value=-0.000827323 -0.00129227 -0.0240697 -0.0456297 -0.0837995 0.0180521 -0.000285431
internal_weight=7974 7910 330 218 105 112 7580
internal_count=7974 7910 330 218 105 112 7580
is_linear=0
shrinkage=0.02


Tree=863
num_leaves=8
num_cat=0
split_feature=20 6 40 37 13 40 56
split_gain=364.402 595.565 583.27 991.022 1043.19 814.055 733.989
threshold=1493611.9500000002 2.5000000000000004 26.045000000000005 0.23670000000000005 351.05000000000007 19.550000000000001 35.625000000000007
decision_type=8 2 2 2 2 2 2
left_child=2 -2 3 4 6 -5 -1
right_child=1 -3 -4 5 -6 -7 -8
leaf_value=0.13712221469364916 0.0016551762628134903 0.022090533839673111 -0.0066839170244530136 -0.05854847954936547 9.7607811550041303e-06 0.027451462745666504 0.042127085226620065
leaf_weight=46 3575 674 3246 96 149 74 111
leaf_count=46 3575 674 3246 96 149 74 111
internal_value=0.0009193 0.0049189 -0.00364708 0.0169163 0.0382041 -0.0213985 0.0733332
internal_weight=7971 4249 3722 476 306 170 157
internal_count=7971 4249 3722 476 306 170 157
is_linear=0
shrinkage=0.02


Tree=864
num_leaves=8
num_cat=0
split_feature=9 64 46 56 38 54 54
split_gain=357.09 514.05 839.128 1110.63 979.645 1106.48 1011.65
threshold=1.5000000000000002 2.5000000000000004 4.5000000000000009 49.855000000000011 7433.2000000000007 87.235000000000014 90.635000000000005
decision_type=2 2 2 2 8 2 2
left_child=-1 2 3 4 6 -6 -2
right_child=1 -3 -4 -5 5 -7 -8
leaf_value=-0.0058709693412990873 -0.017323916590486477 -0.00019251263843345849 0.025577029023910319 0.06419887766070749 -0.023405060981172156 0.039261491982971582 -0.1122459542390072
leaf_weight=2212 148 4172 925 82 244 201 61
leaf_count=2212 148 4172 925 82 244 201 61
internal_value=0.000963117 0.00355756 0.0129491 -0.00298716 -0.0118343 0.00502224 -0.0470037
internal_weight=8045 5833 1661 736 654 445 209
internal_count=8045 5833 1661 736 654 445 209
is_linear=0
shrinkage=0.02


Tree=865
num_leaves=8
num_cat=0
split_feature=23 41 55 38 0 55 41
split_gain=492.202 867.696 594.002 531.536 477.684 943.207 581.907
threshold=4.3500000000000005 42.635000000000012 37.345000000000006 1913.6000000000001 57.500000000000007 52.875000000000007 31.835000000000004
decision_type=2 2 2 10 2 2 2
left_child=1 2 -1 -3 -2 -6 -7
right_child=4 3 -4 -5 5 6 -8
leaf_value=-0.010370679825544358 -0.0061195115454975449 0.019446192223233461 0.064287384349939428 -0.023460826752545395 0.015909348117891683 -0.07578574767147285 -0.0087720757777040668
leaf_weight=55 6024 227 167 225 1040 64 215
leaf_count=55 6024 227 167 225 1040 64 215
internal_value=-0.00222857 0.0140659 0.04597 -0.00193539 -0.00373276 0.00714969 -0.025208
internal_weight=8017 674 222 452 7343 1319 279
internal_count=8017 674 222 452 7343 1319 279
is_linear=0
shrinkage=0.02


Tree=866
num_leaves=8
num_cat=1
split_feature=7 58 58 8 53 51 46
split_gain=323.618 644.245 863.032 637.309 633.508 613.953 603.514
threshold=0 20.915000000000003 29.015000000000004 13.855000000000002 59.655000000000008 28.665000000000003 1.5000000000000002
decision_type=1 2 2 2 2 2 2
left_child=1 -1 3 4 -3 -5 -4
right_child=-2 2 6 5 -6 -7 -8
leaf_value=-0.043895245797795024 0.003576933375472764 0.0072296326252263643 -0.056583269951168934 0.039037956065601773 0.081139288997011519 -0.045956072062253953 -0.0053730218178417175
leaf_weight=158 6106 81 94 58 107 69 1338
leaf_count=158 6106 81 94 58 107 69 1338
internal_value=0.00133355 -0.00583575 -0.00231148 0.0274 0.0503075 -0.0071315 -0.00891977
internal_weight=8011 1905 1747 315 188 127 1432
internal_count=8011 1905 1747 315 188 127 1432
cat_boundaries=0 1
cat_threshold=20
is_linear=0
shrinkage=0.02


Tree=867
num_leaves=8
num_cat=0
split_feature=14 17 8 67 58 58 20
split_gain=573.023 580.177 833.514 879.332 821.291 667.776 760.68
threshold=34.32500000000001 5791.9000000000005 17.385000000000002 20.909217247113606 30.105000000000004 60.120000000000012 1077965.05
decision_type=2 2 2 2 2 2 10
left_child=1 2 3 5 -3 6 -1
right_child=-2 4 -4 -5 -6 -7 -8
leaf_value=0.033277107803060299 -0.014467709758015056 -0.015716964726102348 0.00081241500809155838 0.094054831854054624 0.0030899862490827153 -0.042117526771908158 -0.030560483682987305
leaf_weight=611 945 1241 1290 66 3644 59 81
leaf_count=611 945 1241 1290 66 3644 59 81
internal_value=0.000107359 0.00208618 0.0108451 0.026585 -0.00169897 0.0200727 0.0256392
internal_weight=7937 6992 2107 817 4885 751 692
internal_count=7937 6992 2107 817 4885 751 692
is_linear=0
shrinkage=0.02


Tree=868
num_leaves=8
num_cat=1
split_feature=22 46 53 40 53 53 7
split_gain=420.954 490.862 1102.47 845.149 1193.1 841.889 730.593
threshold=38110.700000000004 5.5000000000000009 73.845000000000013 47.975000000000001 79.645000000000024 93.585000000000022 0
decision_type=2 2 2 2 2 2 1
left_child=1 5 -3 4 -4 -1 -5
right_child=-2 2 3 6 -6 -7 -8
leaf_value=0.0038795135758704319 0.05297972993023934 0.0010226805366268731 -0.0084488676690760954 0.00084151648706005478 -0.11810815258499455 0.064087791562080387 -0.043914740996155069
leaf_weight=4269 57 2871 76 419 80 90 211
leaf_count=4269 57 2871 76 419 80 90 211
internal_value=0.00106614 0.0006642 -0.00473562 -0.0256423 -0.0666059 0.00519463 -0.0150544
internal_weight=8073 8016 3657 786 156 4359 630
internal_count=8073 8016 3657 786 156 4359 630
cat_boundaries=0 1
cat_threshold=14
is_linear=0
shrinkage=0.02


Tree=869
num_leaves=8
num_cat=1
split_feature=68 53 2 68 13 10 22
split_gain=484.533 1025.36 781.961 601.238 890.124 938.058 956.054
threshold=1041138.9000000001 78.435000000000016 0 1820341.55 342.35000000000008 79003.800000000017 18873.400000000005
decision_type=2 2 1 2 2 2 2
left_child=-1 3 -3 4 -2 6 -6
right_child=1 2 -4 -5 5 -7 -8
leaf_value=0.0031920113333716651 -0.0020097978184429499 -0.012394855404496193 0.05617411460037585 0.0099939290846145605 -0.030818380243752316 0.0047434697133133712 -0.090003301996663704
leaf_weight=6026 645 110 147 344 432 189 146
leaf_count=6026 645 110 147 344 432 189 146
internal_value=0.00035374 -0.0081296 0.02882 -0.0136039 -0.0193679 -0.0338574 -0.0464119
internal_weight=8039 2013 257 1756 1412 767 578
internal_count=8039 2013 257 1756 1412 767 578
cat_boundaries=0 1
cat_threshold=76
is_linear=0
shrinkage=0.02


Tree=870
num_leaves=8
num_cat=0
split_feature=17 17 41 20 32 54 9
split_gain=522.43 851.436 949.302 791.837 773.716 738.672 968.942
threshold=17041.350000000002 13302.750000000002 38.235000000000007 412248.50000000006 1.0000000180025095e-35 72.565000000000012 1.0000000180025095e-35
decision_type=2 2 2 8 2 2 2
left_child=1 5 4 -2 -3 6 -1
right_child=3 2 -4 -5 -6 -7 -8
leaf_value=-0.070614384250796358 -0.03577111381878878 -0.098119704783733552 -0.013035635750902736 0.0066787199427151868 -0.0088558135737593358 -0.006705028004824802 0.02530575642067762
leaf_weight=41 183 111 455 2707 60 3930 520
leaf_count=41 183 111 455 2707 60 3930 520
internal_value=-0.00285986 -0.00669678 -0.0284531 0.00393358 -0.0679404 -0.0036359 0.0177337
internal_weight=8007 5117 626 2890 171 4491 561
internal_count=8007 5117 626 2890 171 4491 561
is_linear=0
shrinkage=0.02


Tree=871
num_leaves=8
num_cat=1
split_feature=55 6 3 47 55 53 54
split_gain=418.87 551.121 423.003 554.583 532.458 496.421 685.977
threshold=65.245000000000019 1.5000000000000002 0 1.0000000180025095e-35 62.415000000000006 65.195000000000007 73.555000000000021
decision_type=2 2 1 2 2 2 2
left_child=2 -2 5 -4 -5 -1 -7
right_child=1 -3 3 4 -6 6 -8
leaf_value=0.022712306590543855 -0.0047683773150569517 -0.082665095914493905 0.056132025034988625 -0.0019464587206621689 0.046505992346159791 0.058656641205803293 -0.013295758527237923
leaf_weight=715 109 50 63 6545 87 56 400
leaf_count=715 109 50 63 6545 87 56 400
internal_value=0.00059803 -0.0310377 0.00125681 -0.000693558 -0.00127629 0.0122649 -0.00391915
internal_weight=8025 159 7866 6695 6632 1171 456
internal_count=8025 159 7866 6695 6632 1171 456
cat_boundaries=0 1
cat_threshold=4
is_linear=0
shrinkage=0.02


Tree=872
num_leaves=8
num_cat=0
split_feature=54 33 56 40 48 67 14
split_gain=501.536 797.486 1106.66 1111.02 1047.96 1152.56 1004.14
threshold=83.285000000000011 2.5000000000000004 48.615000000000002 44.445000000000007 6.5000000000000009 12.571927485045455 20.470000000000002
decision_type=2 2 2 2 2 2 2
left_child=1 2 4 -4 5 6 -1
right_child=-2 -3 3 -5 -6 -7 -8
leaf_value=-0.0085826496165475729 -0.0050263020800706279 -0.0037179676711802251 0.12922215710986745 0.02123596422743089 -0.016982427489818985 0.070398286564230195 0.042749459329004189
leaf_weight=400 4890 1720 61 96 383 159 240
leaf_count=400 4890 1720 61 96 383 159 240
internal_value=-0.00105481 0.0052917 0.0168358 0.0658858 0.0100706 0.0230634 0.0108491
internal_weight=7949 3059 1339 157 1182 799 640
internal_count=7949 3059 1339 157 1182 799 640
is_linear=0
shrinkage=0.02


Tree=873
num_leaves=8
num_cat=0
split_feature=15 12 58 40 21 9 40
split_gain=462.883 437.727 573.405 1218.71 631.117 537.699 530.844
threshold=6.5000000000000009 78.595000000000013 29.455000000000002 42.785000000000004 248792.15000000002 4.5000000000000009 22.675000000000004
decision_type=2 2 2 2 8 2 2
left_child=1 -1 3 -3 5 -4 -6
right_child=-2 2 4 -5 6 -7 -8
leaf_value=-0.00079797072821771178 -0.049352358740568161 0.12146938764442831 0.0033771078288555145 0.0018509081803088964 -0.06479411565340483 0.096507180926262162 0.0037896235518395729
leaf_weight=7329 70 54 49 81 47 46 339
leaf_count=7329 70 54 49 81 47 46 339
internal_value=0.000101084 0.000567562 0.0166899 0.0523277 0.00625219 0.0510423 -0.00528303
internal_weight=8015 7945 616 135 481 95 386
internal_count=8015 7945 616 135 481 95 386
is_linear=0
shrinkage=0.02


Tree=874
num_leaves=8
num_cat=0
split_feature=22 52 41 16 38 17 41
split_gain=455.417 736.001 696.161 522.488 562.321 495.932 1031.96
threshold=28048.750000000004 52.205000000000005 53.32500000000001 0.53185000000000016 7200.3500000000013 976.75000000000011 49.000000000000007
decision_type=2 2 2 2 8 2 2
left_child=5 2 -2 4 -3 6 -1
right_child=1 3 -4 -5 -6 -7 -8
leaf_value=-0.080460636326293841 -0.075369063785930321 0.040221293970294621 -0.005827960677977119 0.052595942371957742 -0.048187402977775309 0.0020081881607157178 0.019062695648612044
leaf_weight=82 122 41 107 66 73 7452 77
leaf_count=82 122 41 107 66 73 7452 77
internal_value=0.000141981 -0.0202868 -0.0436949 0.00986959 -0.0160373 0.00125238 -0.033152
internal_weight=8020 409 229 180 114 7611 159
internal_count=8020 409 229 180 114 7611 159
is_linear=0
shrinkage=0.02


Tree=875
num_leaves=8
num_cat=0
split_feature=17 40 41 14 67 40 17
split_gain=429.228 701.376 558.938 605.371 777.002 1190.4 553.198
threshold=17461.800000000003 26.995000000000001 17.840000000000003 13.805000000000001 8.0172247932228107 19.550000000000001 13302.750000000002
decision_type=2 2 2 2 2 2 2
left_child=6 2 -2 -4 5 -5 -1
right_child=1 -3 3 4 -6 -7 -8
leaf_value=-0.0011722979181743834 0.081606317611589818 0.0021764888324938801 -0.020662884370794572 -0.053463580412790181 0.09542682053916382 0.062987567553153406 -0.020774388450807955
leaf_weight=4478 68 2471 98 59 61 73 656
leaf_count=4478 68 2471 98 59 61 73 656
internal_value=-0.000248435 0.00599912 0.031919 0.0191259 0.0393411 0.0108858 -0.00369474
internal_weight=7964 2830 359 291 193 132 5134
internal_count=7964 2830 359 291 193 132 5134
is_linear=0
shrinkage=0.02


Tree=876
num_leaves=8
num_cat=0
split_feature=8 17 13 13 12 9 57
split_gain=695.219 940.171 502.812 596.97 550.88 723.004 474.685
threshold=47.245000000000012 5035.1000000000013 405.35000000000008 422.85000000000008 27.005000000000006 4.5000000000000009 30.605000000000004
decision_type=2 2 2 2 2 2 2
left_child=-1 6 4 -4 5 -3 -2
right_child=1 2 3 -5 -6 -7 -8
leaf_value=0.001674511361450459 -0.01473607745553766 -0.0052262919300641768 -0.099889867529273035 -0.011083936040279465 -0.010100467540100664 0.089494298908271278 -0.093106783150949252
leaf_weight=7104 51 73 43 86 496 52 83
leaf_count=7104 51 73 43 86 496 52 83
internal_value=-0.000410944 -0.0170852 -0.0081724 -0.0433086 -0.000585958 0.036104 -0.0648821
internal_weight=7988 884 750 129 621 125 134
internal_count=7988 884 750 129 621 125 134
is_linear=0
shrinkage=0.02


Tree=877
num_leaves=8
num_cat=0
split_feature=46 33 38 14 26 64 58
split_gain=357.061 694.982 457.543 450.311 585.218 554.688 434.223
threshold=11.500000000000002 2.5000000000000004 33568.650000000009 43.180000000000007 1.0000000180025095e-35 3.5000000000000004 42.195000000000007
decision_type=2 2 8 2 2 2 2
left_child=3 2 -2 -1 5 -5 -6
right_child=1 -3 -4 4 6 -7 -8
leaf_value=0.00092799222438980967 0.049407724499702453 -0.057979824442055919 -0.026723355054855347 -0.059758169584681498 -0.016268704165003995 0.0020374643640673679 0.047181745065110067
leaf_weight=7335 55 119 62 168 108 87 65
leaf_count=7335 55 119 62 168 108 87 65
internal_value=-0.000985806 -0.0249606 0.00962294 -0.000241361 -0.0200609 -0.0390412 0.00822673
internal_weight=7999 236 117 7763 428 255 173
internal_count=7999 236 117 7763 428 255 173
is_linear=0
shrinkage=0.02


Tree=878
num_leaves=8
num_cat=0
split_feature=51 47 40 42 57 57 21
split_gain=303.856 692.601 735.258 1209.45 642.93 704.723 692.336
threshold=12.555000000000001 1.5000000000000002 57.82500000000001 42.500000000000007 61.175000000000004 56.600000000000009 278413.60000000003
decision_type=2 2 2 2 2 2 10
left_child=1 -1 4 -4 5 6 -3
right_child=-2 2 3 -5 -6 -7 -8
leaf_value=0.057072190055480372 0.0021858821303927674 -0.031512405170566866 0.10492474211023209 -0.00026834364504466296 0.03399237574920768 -0.092347803162901018 0.0043349424571347385
leaf_weight=60 6176 644 42 626 79 52 321
leaf_count=60 6176 644 42 626 79 52 321
internal_value=6.6951e-05 -0.00709404 -0.00943171 0.00707599 -0.0194794 -0.023779 -0.0196272
internal_weight=8000 1824 1764 668 1096 1017 965
internal_count=8000 1824 1764 668 1096 1017 965
is_linear=0
shrinkage=0.02


Tree=879
num_leaves=8
num_cat=0
split_feature=57 58 9 57 12 57 38
split_gain=321.808 572.92 662.328 714.253 612.685 512.885 1033.87
threshold=11.340000000000002 40.305000000000007 12.500000000000002 6.035000000000001 14.375000000000002 16.620000000000001 17351.150000000005
decision_type=2 2 2 2 2 2 8
left_child=1 -1 4 -4 -3 6 -2
right_child=5 2 3 -5 -6 -7 -8
leaf_value=-0.049690728855544125 0.0073931239976161188 -0.047493405355059581 -0.083742901390561703 0.014771860842193877 0.028637425724936421 -0.0006246117058430965 -0.044798962071490964
leaf_weight=53 289 41 47 65 601 6625 312
leaf_count=53 289 41 47 65 601 6625 312
internal_value=-0.000895988 0.011043 0.0156113 -0.0283812 0.023446 -0.00223605 -0.0198477
internal_weight=8033 807 754 112 642 7226 601
internal_count=8033 807 754 112 642 7226 601
is_linear=0
shrinkage=0.02


Tree=880
num_leaves=8
num_cat=1
split_feature=12 34 58 40 16 14 7
split_gain=338.098 671.951 1293.98 687.495 638.097 679.369 629.491
threshold=19.995000000000001 2.5000000000000004 39.265000000000008 39.685000000000009 0.42175000000000007 16.855000000000004 0
decision_type=2 2 2 2 2 2 1
left_child=1 2 6 -3 -4 -6 -1
right_child=-2 3 4 -5 5 -7 -8
leaf_value=-0.032398315462428079 0.001446072599647496 0.071983371532481646 -0.081643044566400619 -0.0027938570030033587 0.017320774168103605 -0.053700877236311929 0.017849728678286606
leaf_weight=127 6949 64 134 170 86 131 321
leaf_count=127 6949 64 134 170 86 131 321
internal_value=-0.000143314 -0.0107906 -0.0195007 0.0187361 -0.0479649 -0.0257979 0.00308377
internal_weight=7982 1033 799 234 351 217 448
internal_count=7982 1033 799 234 351 217 448
cat_boundaries=0 1
cat_threshold=36
is_linear=0
shrinkage=0.02


Tree=881
num_leaves=8
num_cat=1
split_feature=23 54 54 7 23 58 58
split_gain=463.63 550.707 789.282 713.776 923.941 670.021 785.58
threshold=7.5500000000000007 98.240000000000023 85.535000000000011 0 7.0500000000000007 35.065000000000005 22.750000000000004
decision_type=2 2 2 1 2 2 2
left_child=1 2 3 -1 -5 6 -3
right_child=-2 5 -4 4 -6 -7 -8
leaf_value=0.030155561114486043 0.0033005924735264496 0.05021640142908803 -0.026514131237782197 -0.0011656762915978911 -0.064875221361334501 0.038795468976649525 -0.040888168970122936
leaf_weight=224 5799 49 817 733 99 203 123
leaf_count=224 5799 49 817 733 99 203 123
internal_value=0.000311645 -0.00738894 -0.0118183 -0.000377109 -0.00898145 0.0145986 -0.0142486
internal_weight=8047 2248 1873 1056 832 375 172
internal_count=8047 2248 1873 1056 832 375 172
cat_boundaries=0 1
cat_threshold=24
is_linear=0
shrinkage=0.02


Tree=882
num_leaves=8
num_cat=0
split_feature=0 38 68 53 58 32 45
split_gain=438.903 760.746 482.907 427.94 467.041 405.121 553.369
threshold=68.500000000000014 8776.0500000000011 687560.20000000007 61.955000000000005 46.895000000000003 1.0000000180025095e-35 1.0000000180025095e-35
decision_type=2 8 2 2 2 2 2
left_child=5 2 -2 4 -3 6 -1
right_child=1 3 -4 -5 -6 -7 -8
leaf_value=0.010434093673521827 0.005866460915292717 -0.043973998525890255 0.072881799254417429 0.032622932632421622 0.027037947500971229 -0.0069003746828216715 -0.0032389784920744719
leaf_weight=2094 67 113 120 82 50 2745 2712
leaf_count=2094 67 113 120 82 50 2745 2712
internal_value=0.000349748 0.0198374 0.049649 -0.0034546 -0.0220348 -0.000777551 0.0027231
internal_weight=7983 432 187 245 163 7551 4806
internal_count=7983 432 187 245 163 7551 4806
is_linear=0
shrinkage=0.02


Tree=883
num_leaves=8
num_cat=2
split_feature=5 42 2 14 42 51 42
split_gain=478.107 627.124 572.31 637.669 730.955 889.651 612.056
threshold=0 12.335000000000003 1 45.515000000000008 53.625000000000007 9.5050000000000008 79.155000000000015
decision_type=1 2 1 2 2 2 2
left_child=1 -1 6 4 5 -4 -3
right_child=-2 2 3 -5 -6 -7 -8
leaf_value=-0.052701095049343415 -0.0041049889522349631 -0.01688578194959239 -0.018058026745205832 -0.048813372588157655 0.0046120736662967083 0.05472518395400286 0.05918138397236665
leaf_weight=58 6610 356 79 45 385 376 43
leaf_count=58 6610 356 79 45 385 376 43
internal_value=-0.0018951 0.00892869 0.0119755 0.0207683 0.0250084 0.0420292 -0.00786247
internal_weight=7952 1342 1284 885 840 455 399
internal_count=7952 1342 1284 885 840 455 399
cat_boundaries=0 1 2
cat_threshold=1 25
is_linear=0
shrinkage=0.02


Tree=884
num_leaves=8
num_cat=2
split_feature=2 52 17 3 67 22 51
split_gain=420.736 568.703 717.08 762.259 757.188 613.357 572.789
threshold=0 46.585000000000008 2005.0500000000002 1 8.1313889992493333 11017.200000000003 36.290000000000006
decision_type=1 2 2 1 2 2 2
left_child=1 -1 -3 -4 5 -5 -7
right_child=-2 2 3 4 -6 6 -8
leaf_value=0.02323410736773671 -0.0023428454992898001 0.074133302906285156 -0.037060234439719855 0.040002006634692604 0.045772098295546917 -0.0033108842795494427 -0.066349037215990184
leaf_weight=655 6710 41 217 74 138 181 80
leaf_count=655 6710 41 217 74 138 181 80
internal_value=-0.000266497 0.00970503 -0.0023611 -0.00740705 0.00706983 -0.00910392 -0.0235169
internal_weight=8096 1386 731 690 473 335 261
internal_count=8096 1386 731 690 473 335 261
cat_boundaries=0 1 2
cat_threshold=128 8
is_linear=0
shrinkage=0.02


Tree=885
num_leaves=8
num_cat=0
split_feature=16 10 53 38 16 10 10
split_gain=703.318 547.867 820.997 648.089 612.825 684.017 784.83
threshold=0.32955000000000007 19100.500000000004 52.315000000000005 1642.95 0.19945000000000002 22769.550000000007 35548.30000000001
decision_type=2 2 2 8 2 2 2
left_child=1 -1 -3 -4 -5 -6 -7
right_child=-2 2 3 4 5 6 -8
leaf_value=-0.031805800492640098 0.0038707433519009262 0.022433941731077135 0.052877750457549583 -0.075713514564196005 0.058183038440790584 -0.061878548273293685 -0.0045161778265639723
leaf_weight=391 6674 313 44 72 42 133 312
leaf_count=391 6674 313 44 72 42 133 312
internal_value=0.00124172 -0.0121466 -0.0036278 -0.0172289 -0.023167 -0.0147079 -0.0221575
internal_weight=7981 1307 916 603 559 487 445
internal_count=7981 1307 916 603 559 487 445
is_linear=0
shrinkage=0.02


Tree=886
num_leaves=8
num_cat=1
split_feature=10 10 18 55 40 66 2
split_gain=367.255 876.764 662.676 721.323 712.898 885.043 596.768
threshold=14569.450000000003 15617.250000000002 225085.90000000002 47.185000000000009 20.705000000000002 0.18750000000000003 0
decision_type=2 2 2 2 2 2 1
left_child=2 -2 4 -4 5 -1 -6
right_child=1 -3 3 -5 6 -7 -8
leaf_value=0.019965199602974788 0.049079000677300408 0.0013689225550420534 0.080380279627792983 -0.0090306000960990781 -0.029094918226077168 -0.090582788855485305 0.00038731452205526418
leaf_weight=40 153 6215 63 75 362 87 1019
leaf_count=40 153 6215 63 75 362 87 1019
internal_value=0.000375247 0.00255283 -0.00803154 0.0331707 -0.0118992 -0.0563271 -0.00762504
internal_weight=8014 6368 1646 138 1508 127 1381
internal_count=8014 6368 1646 138 1508 127 1381
cat_boundaries=0 1
cat_threshold=136
is_linear=0
shrinkage=0.02


Tree=887
num_leaves=8
num_cat=1
split_feature=8 2 17 10 67 37 17
split_gain=375.411 854.854 631.514 1427.53 413.188 841.433 687.159
threshold=8.5850000000000026 0 4223.1000000000013 12490.300000000001 6.0458509187514062 1.2916500000000002 11481.900000000001
decision_type=2 1 2 2 2 2 2
left_child=1 -1 -3 -4 -2 -6 -7
right_child=4 2 3 -5 5 6 -8
leaf_value=-0.020792036412620091 -0.0048542188808107954 0.08812474833755958 -0.062615495930638226 0.062743452029062979 0.0071858005322602272 -0.1020327157756457 -0.0024871183587954595
leaf_weight=129 4952 77 52 96 2585 47 60
leaf_count=129 4952 77 52 96 2585 47 60
internal_value=-0.000489607 0.0194991 0.0416426 0.0180915 -0.00142744 0.00487351 -0.0488157
internal_weight=7998 354 225 148 7644 2692 107
internal_count=7998 354 225 148 7644 2692 107
cat_boundaries=0 1
cat_threshold=11
is_linear=0
shrinkage=0.02


Tree=888
num_leaves=8
num_cat=1
split_feature=22 22 41 68 65 42 2
split_gain=413.547 1134.51 979.114 989.135 914.166 907.23 699.726
threshold=10900.950000000003 12431.850000000002 20.030000000000005 350242.90000000008 0.69047619047619058 72.320000000000007 0
decision_type=2 2 2 2 2 2 1
left_child=-1 2 -2 4 5 -4 -5
right_child=1 -3 3 6 -6 -7 -8
leaf_value=0.0084418808121463282 -0.10080308473501048 0.0012076954388228686 -0.076625489976426417 0.023498654270233003 0.034332914352416991 0.022527410121674234 -0.021936326078901829
leaf_weight=1865 56 5263 215 242 45 42 272
leaf_count=1865 56 5263 215 242 45 42 272
internal_value=0.000207461 -0.00230059 -0.0233612 -0.017465 -0.0458703 -0.0603008 -0.000494357
internal_weight=8000 6135 872 816 302 257 514
internal_count=8000 6135 872 816 302 257 514
cat_boundaries=0 1
cat_threshold=216
is_linear=0
shrinkage=0.02


Tree=889
num_leaves=8
num_cat=0
split_feature=56 0 52 56 56 57 13
split_gain=542.064 368.391 703.147 897.584 772.859 714.265 930.305
threshold=22.075000000000006 22.500000000000004 39.335000000000008 45.360000000000007 34.535000000000004 9.4600000000000026 304.45000000000005
decision_type=2 2 2 2 2 2 2
left_child=-1 2 3 4 -2 -4 -7
right_child=1 -3 5 -5 -6 6 -8
leaf_value=0.058300692113116385 -0.066399249927355686 0.0013531247450142957 0.070801156023659925 -0.10555156781338156 0.015082357625166576 0.029018557060589183 -0.025490313906499997
leaf_weight=59 73 7076 46 59 112 183 371
leaf_count=59 73 7076 46 59 112 183 371
internal_value=0.000328771 -0.000139601 -0.0125887 -0.0408426 -0.0179711 -0.000856215 -0.00738617
internal_weight=7979 7920 844 244 185 600 554
internal_count=7979 7920 844 244 185 600 554
is_linear=0
shrinkage=0.02


Tree=890
num_leaves=8
num_cat=0
split_feature=50 48 31 55 52 52 51
split_gain=400.416 501.648 716.574 954.407 679.27 549.969 524.285
threshold=3.5000000000000004 18.500000000000004 1.0000000180025095e-35 44.855000000000011 50.045000000000009 42.205000000000005 20.245000000000001
decision_type=2 2 2 2 2 2 2
left_child=1 -1 3 -3 -5 -4 -7
right_child=-2 2 5 4 -6 6 -8
leaf_value=0.0001045972185676795 0.024408192267604902 0.0027175879352529285 0.040046753867767577 -0.14209893588450823 -0.02918221711450153 0.030218897999501695 -0.048558607219288556
leaf_weight=7354 250 66 81 50 40 46 99
leaf_count=7354 250 66 81 50 40 46 99
internal_value=-0.00025113 -0.00106328 -0.0232574 -0.0555012 -0.096091 -0.000280998 -0.0233929
internal_weight=7986 7736 382 156 90 226 145
internal_count=7986 7736 382 156 90 226 145
is_linear=0
shrinkage=0.02


Tree=891
num_leaves=8
num_cat=1
split_feature=58 64 68 4 38 14 33
split_gain=389.069 786.13 1003.91 681.493 914.876 876.611 736.617
threshold=33.645000000000003 1.5000000000000002 224685.70000000004 0 10601.300000000001 18.175000000000004 1.5000000000000002
decision_type=2 2 2 1 10 2 2
left_child=-1 2 -2 4 5 -3 -7
right_child=1 3 -4 -5 -6 6 -8
leaf_value=-0.0052672900908382614 0.022947514030582657 0.021204702543013768 -0.04714392715795751 0.010326190468874777 -0.04187746020041621 -0.067591345335307876 -0.0046581141879274085
leaf_weight=2892 118 455 244 3601 238 90 347
leaf_count=2892 118 455 244 3601 238 90 347
internal_value=0.000585855 0.0039114 -0.0242951 0.00609303 -0.00740864 0.00188777 -0.0182372
internal_weight=7985 5093 362 4731 1130 892 437
internal_count=7985 5093 362 4731 1130 892 437
cat_boundaries=0 1
cat_threshold=8
is_linear=0
shrinkage=0.02


Tree=892
num_leaves=8
num_cat=0
split_feature=66 22 8 32 22 41 10
split_gain=362.117 368.778 1611.92 758.345 620.432 632.887 815.212
threshold=0.81250000000000011 11511.000000000002 14.155000000000003 1.0000000180025095e-35 12431.850000000002 66.815000000000012 45783.750000000007
decision_type=2 2 2 2 2 2 2
left_child=1 2 3 -1 5 6 -3
right_child=-2 4 -4 -5 -6 -7 -8
leaf_value=0.062948263329631507 0.055791679212580554 -0.051379237487191157 -0.0011791313230606235 -0.00063546979156407443 -0.00099140797327281491 0.024948665111936552 0.0040873792659152633
leaf_weight=257 41 305 1828 105 5235 88 160
leaf_count=257 41 305 1828 105 5235 88 160
internal_value=-0.000162049 -0.000484367 0.00649713 0.0447481 -0.00312928 -0.0231773 -0.0324535
internal_weight=8019 7978 2190 362 5788 553 465
internal_count=8019 7978 2190 362 5788 553 465
is_linear=0
shrinkage=0.02


Tree=893
num_leaves=8
num_cat=0
split_feature=21 49 52 55 68 47 54
split_gain=496.313 545.053 840.589 884.559 1091.41 837.557 515.51
threshold=408995.65000000008 68.500000000000014 28.745000000000001 37.995000000000012 811629.45000000019 4.5000000000000009 87.485000000000014
decision_type=10 2 2 2 2 2 2
left_child=1 -1 -3 -4 5 -5 -2
right_child=6 2 3 4 -6 -7 -8
leaf_value=-0.00022168084050681522 0.027956806988823378 0.040537882037460803 0.021913561360170579 -0.014207504117488862 0.0065753066811609917 -0.118381108103828 -0.002208141438716098
leaf_weight=6711 491 59 68 45 69 105 416
leaf_count=6711 491 59 68 45 69 105 416
internal_value=0.000300732 -0.00149255 -0.0257881 -0.0398837 -0.0591327 -0.0885955 0.0141853
internal_weight=7964 7057 346 287 219 150 907
internal_count=7964 7057 346 287 219 150 907
is_linear=0
shrinkage=0.02


Tree=894
num_leaves=8
num_cat=0
split_feature=56 51 17 52 17 21 64
split_gain=378.224 466.514 399.443 386.653 453.04 474.866 443.863
threshold=55.295000000000009 43.585000000000008 21757.000000000004 82.050000000000011 10279.100000000002 168101.35000000001 4.5000000000000009
decision_type=2 2 2 2 2 10 2
left_child=3 2 -2 6 5 -5 -1
right_child=1 -3 -4 4 -6 -7 -8
leaf_value=-0.0025439097869136792 0.031524136900901792 0.08045080997347831 -0.03295263597677494 0.0041837150164139572 -6.4296253702857275e-05 0.071439416942620043 0.015640634122834979
leaf_weight=6790 110 45 53 73 215 96 578
leaf_count=6790 110 45 53 73 215 96 578
internal_value=0.000639894 0.0269322 0.0102025 -8.24818e-05 0.0193511 0.0433432 -0.00110774
internal_weight=7960 208 163 7752 384 169 7368
internal_count=7960 208 163 7752 384 169 7368
is_linear=0
shrinkage=0.02


Tree=895
num_leaves=8
num_cat=1
split_feature=22 7 21 22 68 24 50
split_gain=327.71 634.489 798.187 779.257 632.25 1189.39 1213.5
threshold=10900.950000000003 0 278413.60000000003 29402.200000000004 183226.75000000003 1.0000000180025095e-35 1.5000000000000002
decision_type=2 1 8 2 2 2 2
left_child=-1 2 -2 -4 5 6 -3
right_child=1 4 3 -5 -6 -7 -8
leaf_value=0.0080360608556012767 -0.05392534351881656 -0.11036684665083886 -0.0032236189279605506 -0.080163387187889637 0.0050407084366517023 -0.0040914095646922902 0.016150309139368487
leaf_weight=1865 174 85 891 51 4024 852 44
leaf_count=1865 174 85 891 51 4024 852 44
internal_value=0.000708085 -0.0015294 -0.0150576 -0.0077904 0.0015261 -0.0128276 -0.0682213
internal_weight=7986 6121 1116 942 5005 981 129
internal_count=7986 6121 1116 942 5005 981 129
cat_boundaries=0 1
cat_threshold=48
is_linear=0
shrinkage=0.02


Tree=896
num_leaves=8
num_cat=1
split_feature=5 19 41 45 47 14 33
split_gain=516.239 642.103 612.024 582.413 697.864 835.276 988.345
threshold=0 1.0000000180025095e-35 17.840000000000003 1.0000000180025095e-35 5.5000000000000009 14.225000000000003 2.5000000000000004
decision_type=1 2 2 2 2 2 2
left_child=1 2 -1 4 -2 6 -6
right_child=3 -3 -4 -5 5 -7 -8
leaf_value=-0.045024985189621267 0.018257700543242265 -0.0083755149376329961 0.025811845683309624 -0.0049528282954539324 0.044527238721826248 -0.012524902305556734 -0.0075301866483319466
leaf_weight=47 1238 377 936 3797 275 1025 302
leaf_count=47 1238 377 936 3797 275 1025 302
internal_value=0.00248276 0.0136351 0.0222142 0.000168202 0.00701214 -0.00170802 0.0174499
internal_weight=7997 1360 983 6637 2840 1602 577
internal_count=7997 1360 983 6637 2840 1602 577
cat_boundaries=0 1
cat_threshold=1
is_linear=0
shrinkage=0.02


Tree=897
num_leaves=8
num_cat=2
split_feature=3 41 23 20 20 2 22
split_gain=438.516 927.084 1407.22 1274.59 1237.03 979.527 651.48
threshold=0 29.865000000000006 14.15 996435.15000000002 784564.25000000012 1 14381.35
decision_type=1 2 2 8 10 1 2
left_child=-1 2 3 4 -2 6 -5
right_child=1 -3 -4 5 -6 -7 -8
leaf_value=0.0031741969880979843 -0.052737666545683036 -0.0021513984622931223 0.015313124879812583 -0.031398436123249579 -0.17564369556995538 -0.054393872474664012 0.063089981317520152
leaf_weight=3988 108 3365 190 46 47 134 65
leaf_count=3988 108 3365 190 46 47 134 65
internal_value=-0.00150231 -0.00620823 -0.0292378 -0.0503273 -0.0943302 -0.0211588 0.0223411
internal_weight=7943 3955 590 400 155 245 111
internal_count=7943 3955 590 400 155 245 111
cat_boundaries=0 1 2
cat_threshold=5 70
is_linear=0
shrinkage=0.02


Tree=898
num_leaves=8
num_cat=0
split_feature=12 41 24 64 40 40 13
split_gain=468.412 794.868 557.384 543.035 1392.74 568.505 522.498
threshold=85.185000000000016 51.355000000000011 2.5000000000000004 4.5000000000000009 27.395000000000003 87.625000000000014 340.35000000000008
decision_type=2 2 2 2 2 2 2
left_child=3 2 6 5 -5 -1 -2
right_child=1 -3 -4 4 -6 -7 -8
leaf_value=-0.0047288728175183623 0.0725158819688691 -0.0089332325472145958 0.089765718068927539 0.11122838882330273 0.0062353020563034123 0.027796341036656149 -0.014051802078882854
leaf_weight=6837 40 181 75 51 526 217 70
leaf_count=6837 40 181 75 51 526 217 70
internal_value=-0.00111415 0.0208329 0.0494241 -0.00217973 0.0163913 -0.00370933 0.0192116
internal_weight=7997 366 185 7631 577 7054 110
internal_count=7997 366 185 7631 577 7054 110
is_linear=0
shrinkage=0.02


Tree=899
num_leaves=8
num_cat=0
split_feature=49 40 24 0 10 12 12
split_gain=479.768 677.813 541.868 507.873 906.58 662.085 644.396
threshold=80.500000000000014 54.100000000000009 2.5000000000000004 22.500000000000004 30872.350000000002 47.695000000000007 45.145000000000003
decision_type=2 2 2 2 2 2 2
left_child=3 2 -2 4 5 6 -1
right_child=1 -3 -4 -5 -6 -7 -8
leaf_value=-0.013966423281045626 0.091360014831864997 -0.013999835194998913 0.0035884154617786407 -0.0001955987795223179 -0.059379544609359333 0.016041460606785542 -0.09420383562212406
leaf_weight=332 72 84 45 6973 156 291 41
leaf_count=332 72 84 45 6973 156 291 41
internal_value=-0.00115622 0.0289716 0.0591323 -0.00195137 -0.0167902 -0.00641523 -0.0239155
internal_weight=7994 201 117 7793 820 664 373
internal_count=7994 201 117 7793 820 664 373
is_linear=0
shrinkage=0.02


Tree=900
num_leaves=8
num_cat=0
split_feature=32 22 14 49 51 13 16
split_gain=415.552 587.684 607.789 741.172 496.956 493.591 530.877
threshold=1.0000000180025095e-35 28048.750000000004 11.625000000000002 18.500000000000004 75.780000000000015 329.05000000000007 0.45180000000000003
decision_type=2 2 2 2 2 2 2
left_child=1 -1 -3 -4 -2 -5 -7
right_child=4 2 3 5 -6 6 -8
leaf_value=0.0055149009731538315 -0.0044282491832080403 0.034305523398675417 0.013438319126764933 -0.0089582512483877292 -0.067435097683440234 -0.13384839057360057 -0.038051510628845014
leaf_weight=4851 2871 52 70 46 46 48 51
leaf_count=4851 2871 52 70 46 46 48 51
internal_value=0.000483469 0.00391605 -0.0247001 -0.0394266 -0.00553554 -0.0645448 -0.0887005
internal_weight=8035 5118 267 215 2917 145 99
internal_count=8035 5118 267 215 2917 145 99
is_linear=0
shrinkage=0.02


Tree=901
num_leaves=8
num_cat=2
split_feature=7 51 2 41 22 12 41
split_gain=314.167 812.623 834.004 984.049 1122.62 904.784 691.182
threshold=0 34.365000000000002 1 43.015000000000008 16225.35 65.52500000000002 38.945000000000007
decision_type=1 2 1 2 2 2 2
left_child=1 2 -1 4 -4 -5 -3
right_child=-2 6 3 5 -6 -7 -8
leaf_value=0.00019360187964366927 0.0023501271797400918 -0.028831851598556325 -0.036906701458483626 -0.066090918307344371 0.068656186902207206 0.017432033502425139 0.034642621433612575
leaf_weight=606 6573 88 92 308 64 60 263
leaf_count=606 6573 88 92 308 64 60 263
internal_value=0.000472723 -0.00780278 -0.016102 -0.03413 0.00718837 -0.0524219 0.0185474
internal_weight=8054 1481 1130 524 156 368 351
internal_count=8054 1481 1130 524 156 368 351
cat_boundaries=0 1 2
cat_threshold=48 180
is_linear=0
shrinkage=0.02


Tree=902
num_leaves=8
num_cat=1
split_feature=54 21 52 20 3 10 52
split_gain=421.639 577.385 602.03 624.981 386.321 722.971 348.389
threshold=68.885000000000005 198641.90000000002 68.805000000000021 819002.75000000012 0 33181.150000000001 41.510000000000012
decision_type=2 8 2 8 1 2 2
left_child=1 -1 3 -3 -5 -6 -2
right_child=6 2 -4 4 5 -7 -8
leaf_value=0.084024558812379843 0.0050796851999104454 -0.01367910166974548 -0.037160869684763426 0.060853650408739947 -0.024459807283422921 0.068394840823279485 -0.0039337729302390987
leaf_weight=43 2672 134 81 132 84 49 4770
leaf_count=43 2672 134 81 132 84 49 4770
internal_value=0.00052853 0.0177989 0.0110611 0.0211893 0.0387477 0.0102459 -0.000696314
internal_weight=7965 523 480 399 265 133 7442
internal_count=7965 523 480 399 265 133 7442
cat_boundaries=0 1
cat_threshold=5
is_linear=0
shrinkage=0.02


Tree=903
num_leaves=8
num_cat=0
split_feature=49 57 17 42 49 17 41
split_gain=451.896 773.835 381.763 874.153 598.736 569.127 715.479
threshold=4.5000000000000009 30.125000000000004 1044.3000000000002 33.20000000000001 21.500000000000004 5035.1000000000013 18.610000000000003
decision_type=2 2 2 2 2 2 2
left_child=1 -1 3 -2 -5 6 -4
right_child=2 -3 5 4 -6 -7 -8
leaf_value=-0.091691460235599889 -0.090938608454445652 0.0080174672769175639 -0.042583393863541014 0.047082899929955603 -0.033909621394294154 -0.0013891452146314897 0.014092989601295734
leaf_weight=52 54 67 89 59 80 5831 1778
leaf_count=52 54 67 89 59 80 5831 1778
internal_value=0.000391062 -0.0374932 0.000985755 -0.0264363 0.000909637 0.00168998 0.0112847
internal_weight=8010 119 7891 193 139 7698 1867
internal_count=8010 119 7891 193 139 7698 1867
is_linear=0
shrinkage=0.02


Tree=904
num_leaves=8
num_cat=0
split_feature=57 57 31 58 9 51 12
split_gain=363.038 864.077 1123.8 997.479 1063.83 817.237 736.567
threshold=18.775000000000002 11.665000000000001 1.0000000180025095e-35 54.405000000000008 7.5000000000000009 64.395000000000024 35.20000000000001
decision_type=2 2 2 2 2 2 2
left_child=1 5 3 4 -3 -1 -5
right_child=-2 2 -4 6 -6 -7 -8
leaf_value=0.0095832992833263884 0.0012988108973837243 -0.11522076454570913 -0.0039957282896197974 0.047735885573694348 -0.0034677967944970502 -0.077090211847554088 -0.042026306698322295
leaf_weight=806 6429 122 478 47 47 41 120
leaf_count=806 6429 122 478 47 47 41 120
internal_value=-0.000856315 -0.00917672 -0.023827 -0.0515671 -0.0851343 0.00495998 -0.0161106
internal_weight=8090 1661 814 336 169 847 167
internal_count=8090 1661 814 336 169 847 167
is_linear=0
shrinkage=0.02


Tree=905
num_leaves=8
num_cat=0
split_feature=17 18 23 56 42 23 53
split_gain=339.736 1285.15 380.532 712.198 742.09 509.9 660.638
threshold=895.00000000000011 54435.30000000001 2.9500000000000006 37.705000000000005 42.500000000000007 7.5500000000000007 32.220000000000006
decision_type=2 2 2 2 2 2 2
left_child=1 -1 3 -2 -5 6 -4
right_child=2 -3 5 4 -6 -7 -8
leaf_value=-0.073850899535748693 0.070442219851026819 0.056676538482956264 -0.058789124067911168 -0.069252755535973445 0.029018701198174783 0.0039391641437270079 -0.0052300069302866859
leaf_weight=85 86 41 92 40 92 5644 1870
leaf_count=85 86 41 92 40 92 5644 1870
internal_value=0.00110783 -0.0308356 0.00164162 0.0273932 -0.00220117 0.000886024 -0.0078845
internal_weight=7950 126 7824 218 132 7606 1962
internal_count=7950 126 7824 218 132 7606 1962
is_linear=0
shrinkage=0.02


Tree=906
num_leaves=8
num_cat=2
split_feature=42 2 1 42 42 41 48
split_gain=366.546 569.109 628.218 420.707 996.76 619.199 1140.55
threshold=9.1200000000000028 0 1 40.775000000000013 41.205000000000005 36.045000000000009 17.500000000000004
decision_type=2 1 1 2 2 2 2
left_child=1 -1 -3 5 -5 -2 -7
right_child=3 2 -4 4 -6 6 -8
leaf_value=0.0093864825564967704 -0.0036068714696931899 -0.0088539066258817908 -0.10015429981518537 -0.082707980659700212 -0.0020426976094385036 0.021319073773114511 -0.055853480747560171
leaf_weight=106 1155 59 59 57 5279 1214 77
leaf_count=106 1155 59 59 57 5279 1214 77
internal_value=-0.000566505 -0.0255055 -0.0524551 0.000167264 -0.002981 0.00702733 0.0165185
internal_weight=8006 224 118 7782 5336 2446 1291
internal_count=8006 224 118 7782 5336 2446 1291
cat_boundaries=0 1 2
cat_threshold=51 2
is_linear=0
shrinkage=0.02


Tree=907
num_leaves=8
num_cat=1
split_feature=42 22 41 48 21 16 2
split_gain=515.419 886.886 886.328 904.437 724.898 1186.86 916.899
threshold=37.085000000000008 7927.2500000000009 36.045000000000009 14.500000000000002 311504.45000000001 0.23385000000000003 0
decision_type=2 2 2 2 10 2 1
left_child=1 -1 4 -4 5 -3 -6
right_child=-2 2 3 -5 6 -7 -8
leaf_value=-0.042392369746230542 -0.0035848313330809479 -0.089546785576546439 0.031313510244966675 -0.03736659737720209 -0.064349784180000938 0.013806855359839068 0.0055869079998561314
leaf_weight=128 5850 42 857 80 128 823 160
leaf_count=128 5850 42 857 80 128 823 160
internal_value=-0.000472219 0.00772693 0.0108903 0.0252825 -0.000864363 0.00830273 -0.0280693
internal_weight=8068 2218 2090 937 1153 865 288
internal_count=8068 2218 2090 937 1153 865 288
cat_boundaries=0 1
cat_threshold=152
is_linear=0
shrinkage=0.02


Tree=908
num_leaves=8
num_cat=0
split_feature=16 14 47 17 51 50 51
split_gain=307.029 456.055 784.262 728.297 603.418 603.8 881.661
threshold=0.57745000000000013 13.055000000000001 7.5000000000000009 2788.9000000000005 21.015000000000004 1.5000000000000002 17.235000000000003
decision_type=2 2 2 2 2 2 2
left_child=1 2 -1 -4 5 6 -3
right_child=-2 4 3 -5 -6 -7 -8
leaf_value=-0.0032736873838799347 0.0062074678494230427 0.0041212018102208389 0.082227841046638786 0.016490674286147432 -0.011534858968215997 -0.014593782178910645 0.052293879436673942
leaf_weight=1048 2427 781 75 458 2621 441 184
leaf_count=1048 2427 781 75 458 2621 441 184
internal_value=0.000271918 -0.00230008 0.00678828 0.026419 -0.00587216 0.00468744 0.0135287
internal_weight=8035 5608 1581 533 4027 1406 965
internal_count=8035 5608 1581 533 4027 1406 965
is_linear=0
shrinkage=0.02


Tree=909
num_leaves=8
num_cat=0
split_feature=52 64 56 48 57 52 62
split_gain=318.471 433.899 305.147 1109.98 774.832 1078.6 624.479
threshold=92.180000000000021 2.5000000000000004 27.365000000000006 11.500000000000002 32.340000000000011 56.535000000000004 1.0000000180025095e-35
decision_type=2 2 2 2 2 2 2
left_child=2 -2 3 4 -1 6 -6
right_child=1 -3 -4 -5 5 -7 -8
leaf_value=0.047428184706790777 0.076830602373395659 0.0039676545461018878 -0.0023612473912128559 0.093373969976579957 -0.018396503985622675 0.04371210665274889 -0.10117575719276958
leaf_weight=97 44 100 7454 57 113 73 51
leaf_count=97 44 100 7454 57 113 73 51
internal_value=-0.000904612 0.0280624 -0.00145386 0.015656 0.00121118 -0.0182937 -0.0463706
internal_weight=7989 144 7845 391 334 237 164
internal_count=7989 144 7845 391 334 237 164
is_linear=0
shrinkage=0.02


Tree=910
num_leaves=8
num_cat=0
split_feature=17 46 16 23 50 59 23
split_gain=485.817 554.593 394.558 601.675 585.349 671.833 567.767
threshold=895.00000000000011 4.5000000000000009 0.50455000000000017 29.750000000000004 3.5000000000000004 1.0000000180025095e-35 2.9500000000000006
decision_type=2 2 2 2 2 2 2
left_child=1 -1 3 4 6 -6 -2
right_child=2 -3 -4 -5 5 -7 -8
leaf_value=-0.082936348352642339 0.035795381331468014 -0.00015036274452467221 0.0048376667836633929 0.056710078747710217 0.063934968741238121 -0.022962382608338407 -0.0078659991250369359
leaf_weight=56 118 69 3605 59 95 52 3902
leaf_count=56 118 69 3605 59 95 52 3902
internal_value=-0.000655924 -0.0390019 -1.93419e-05 -0.00416345 -0.00509228 0.0334516 -0.00654152
internal_weight=7956 125 7831 4226 4167 147 4020
internal_count=7956 125 7831 4226 4167 147 4020
is_linear=0
shrinkage=0.02


Tree=911
num_leaves=8
num_cat=0
split_feature=64 34 41 49 51 38 16
split_gain=433.942 1200.23 1056.71 965.44 972.231 849.073 812.815
threshold=2.5000000000000004 3.5000000000000004 81.220000000000013 57.500000000000007 6.3550000000000013 7499.4500000000007 0.25915000000000005
decision_type=2 2 2 2 2 10 2
left_child=1 2 3 4 -1 -5 -6
right_child=-2 -3 -4 5 6 -7 -8
leaf_value=-0.035345504474486936 -0.0027682057280031796 0.085657209691248445 0.073181919620597155 0.018446176287656772 -0.044201782439046239 0.11019812916625631 0.0076897171315334061
leaf_weight=297 5684 71 82 162 126 50 1541
leaf_count=297 5684 71 82 162 126 50 1541
internal_value=0.000211198 0.00747288 0.00483065 0.00209305 -0.00232426 0.0421263 0.00364705
internal_weight=8013 2329 2258 2176 1964 212 1667
internal_count=8013 2329 2258 2176 1964 212 1667
is_linear=0
shrinkage=0.02


Tree=912
num_leaves=8
num_cat=2
split_feature=48 32 53 2 7 53 68
split_gain=347.997 336.102 616.715 582.703 545.961 475.308 1235.78
threshold=31.500000000000004 1.0000000180025095e-35 87.91500000000002 0 1 80.415000000000006 379138.45000000001
decision_type=2 2 2 1 1 2 2
left_child=1 2 5 4 -3 -1 -7
right_child=-2 3 -4 -5 -6 6 -8
leaf_value=0.0048031837156515883 -0.049021139876409013 0.038419425144467667 0.035861018095495335 -0.0072512724931504628 -0.015479678293302036 -0.058402607903377535 0.015072094927728177
leaf_weight=4433 50 215 235 2530 105 165 195
leaf_count=4433 50 215 235 2530 105 165 195
internal_value=0.00111401 0.00146309 0.00457166 -0.00401947 0.0208326 0.00300177 -0.0189425
internal_weight=7928 7878 5028 2850 320 4793 360
internal_count=7928 7878 5028 2850 320 4793 360
cat_boundaries=0 1 2
cat_threshold=64 22
is_linear=0
shrinkage=0.02


Tree=913
num_leaves=8
num_cat=0
split_feature=24 0 60 49 22 48 15
split_gain=380.275 479.595 628.465 1373.2 643.523 510.319 591.576
threshold=5.5000000000000009 67.500000000000014 1.0000000180025095e-35 31.500000000000004 15534.850000000002 18.500000000000004 1.0000000180025095e-35
decision_type=2 2 2 2 2 2 2
left_child=1 5 3 -3 -5 -1 -7
right_child=-2 2 -4 4 -6 6 -8
leaf_value=0.00036972977749156783 -0.020983475873027971 0.03319225925933092 0.051005489498022055 -0.0051243194275432157 -0.10668757473620084 -0.0070559508606791504 -0.061549075615077629
leaf_weight=6829 344 190 163 49 47 270 109
leaf_count=6829 344 190 163 49 47 270 109
internal_value=-0.000566642 0.000363704 0.0203016 0.00222688 -0.057668 -0.00089148 -0.0233255
internal_weight=8001 7657 449 286 96 7208 379
internal_count=8001 7657 449 286 96 7208 379
is_linear=0
shrinkage=0.02


Tree=914
num_leaves=8
num_cat=0
split_feature=8 9 38 42 49 38 14
split_gain=480.309 586.102 764.934 725.248 681.766 900.226 602.411
threshold=50.695000000000007 1.0000000180025095e-35 19667.700000000001 53.835000000000008 30.500000000000004 1851.8000000000002 11.405000000000003
decision_type=2 2 10 2 2 8 2
left_child=1 2 -1 -4 -3 -6 -7
right_child=-2 4 3 -5 5 6 -8
leaf_value=-0.0068523747461136956 -0.015552587372579163 0.0095239732064424706 -0.12478763505112793 -0.0088153231081863244 -0.048286760592321204 0.018490348695786505 -0.0061588159737328606
leaf_weight=925 690 3745 40 43 166 504 1791
leaf_count=925 690 3745 40 43 166 504 1791
internal_value=0.000327207 0.00185579 -0.012252 -0.0686202 0.00415524 -0.00401731 -0.000717237
internal_weight=7904 7214 1008 83 6206 2461 2295
internal_count=7904 7214 1008 83 6206 2461 2295
is_linear=0
shrinkage=0.02


Tree=915
num_leaves=8
num_cat=0
split_feature=16 22 12 51 16 16 56
split_gain=613.626 578.187 465.38 660.362 1000.56 1224.15 945.159
threshold=0.77305000000000013 19045.250000000004 19.995000000000001 31.575000000000003 0.41095000000000004 0.62775000000000014 48.185000000000009
decision_type=2 2 2 2 2 2 2
left_child=2 -2 3 4 -1 6 -6
right_child=1 -3 -4 -5 5 -7 -8
leaf_value=-0.067338434189558025 0.010156845912028294 0.073286535114417836 0.00021524321084235432 0.0046959990446638561 0.025883637830960243 -0.065830195606525602 -0.068379614037625935
leaf_weight=175 212 76 6650 423 254 111 46
leaf_count=175 212 76 6650 423 254 111 46
internal_value=-0.000623509 0.0277824 -0.00170908 -0.0143302 -0.0279877 -0.0106245 0.0105459
internal_weight=7947 288 7659 1009 586 411 300
internal_count=7947 288 7659 1009 586 411 300
is_linear=0
shrinkage=0.02


Tree=916
num_leaves=8
num_cat=0
split_feature=52 9 62 14 55 46 51
split_gain=398.82 349.827 679.774 800.517 754.364 663.794 839.036
threshold=1.0000000180025095e-35 1.5000000000000002 1.0000000180025095e-35 30.635000000000002 55.355000000000011 3.5000000000000004 29.545000000000005
decision_type=2 2 2 2 2 2 2
left_child=-1 2 4 5 -2 -4 -7
right_child=1 -3 3 -5 -6 6 -8
leaf_value=-0.043759081600568239 0.0066504127173005511 0.0042983581086698556 0.027285263975118768 -0.083628466363194626 -0.031299262219545793 -0.043916892796970794 0.031957121874888736
leaf_weight=73 1442 5718 111 74 240 271 70
leaf_count=73 1442 5718 111 74 240 271 70
internal_value=0.00124629 0.00168812 -0.00506598 -0.0247944 0.00115876 -0.0143527 -0.0281049
internal_weight=7999 7926 2208 526 1682 452 341
internal_count=7999 7926 2208 526 1682 452 341
is_linear=0
shrinkage=0.02


Tree=917
num_leaves=8
num_cat=0
split_feature=16 54 33 20 26 54 34
split_gain=593.735 632.033 577.704 512.068 885.567 834.241 797.173
threshold=0.57745000000000013 61.605000000000011 2.5000000000000004 991785.25000000012 1.0000000180025095e-35 77.285000000000011 1.5000000000000002
decision_type=2 2 2 10 2 2 2
left_child=1 2 -1 -2 5 -5 -7
right_child=3 -3 -4 4 -6 6 -8
leaf_value=0.099294298648834226 0.013045740562577481 -0.0040288871829733831 0.0069012625137964889 0.030278707958184756 0.026561500640188578 -0.090506224653152667 -0.011316106046949116
leaf_weight=40 1990 5437 70 60 152 102 100
leaf_count=40 1990 5437 70 60 152 102 100
internal_value=0.000547109 -0.00305104 0.0433551 0.00883859 -0.0112985 -0.0333492 -0.0525235
internal_weight=7951 5547 110 2404 414 262 202
internal_count=7951 5547 110 2404 414 262 202
is_linear=0
shrinkage=0.02


Tree=918
num_leaves=8
num_cat=0
split_feature=52 18 52 23 55 55 24
split_gain=337.185 1048.5 507.781 675.008 639.499 469.971 491.7
threshold=15.630000000000001 336080.90000000008 13.260000000000002 6.0500000000000007 51.815000000000005 46.605000000000011 1.5000000000000002
decision_type=2 2 2 2 2 2 2
left_child=1 2 3 -1 5 6 -5
right_child=-2 -3 -4 4 -6 -7 -8
leaf_value=-0.089086415854593121 0.0011625030977501223 0.034233833530471346 -0.081035166449240748 0.041572182525287972 0.05146357391928804 -0.078519913579026865 -0.035935798240710554
leaf_weight=43 7498 116 69 50 53 43 76
leaf_count=43 7498 116 69 50 53 43 76
internal_value=0.0001488 -0.0165689 -0.0344577 -0.0210539 -0.0062044 -0.0252488 -0.00476587
internal_weight=7948 450 334 265 222 169 126
internal_count=7948 450 334 265 222 169 126
is_linear=0
shrinkage=0.02


Tree=919
num_leaves=8
num_cat=0
split_feature=16 42 40 14 22 48 22
split_gain=341.066 675.582 1511.03 1038.07 1172.54 1202.81 775.407
threshold=0.50155000000000005 41.035000000000004 58.175000000000004 29.495000000000001 7808.0000000000009 10.500000000000002 15202.250000000002
decision_type=2 2 2 2 2 2 2
left_child=-1 2 3 4 -2 -6 -7
right_child=1 -3 -4 -5 5 6 -8
leaf_value=-0.0047695085208819595 -0.068154194961334097 -0.002280561818020476 0.1120925564246793 -0.031120009788058022 0.035835803979788 -0.065282173793034998 0.019524218896510955
leaf_weight=4241 53 2570 57 193 726 82 82
leaf_count=4241 53 2570 57 193 726 82 82
internal_value=-0.000883221 0.00349724 0.0159016 0.010605 0.0192638 0.0248213 -0.0235559
internal_weight=8004 3763 1193 1136 943 890 164
internal_count=8004 3763 1193 1136 943 890 164
is_linear=0
shrinkage=0.02


Tree=920
num_leaves=8
num_cat=0
split_feature=23 23 21 41 6 57 10
split_gain=433.099 613.469 326.075 513.971 602.835 580.516 533.053
threshold=31.750000000000004 29.750000000000004 216396.85000000003 34.985000000000007 1.5000000000000002 28.73 34399.100000000013
decision_type=2 2 8 2 2 2 2
left_child=1 2 3 4 5 -1 -5
right_child=-2 -3 -4 6 -6 -7 -8
leaf_value=0.11580041403662074 -0.050388034772181858 0.072762565185194431 -0.0018759130879104791 0.021940620488122755 -0.0038292704195511053 0.024959476652422121 -0.014773183351914798
leaf_weight=50 64 41 7055 294 77 65 331
leaf_count=50 64 41 7055 294 77 65 331
internal_value=-0.000497996 -6.29233e-05 -0.000488169 0.0114339 0.039605 0.0676349 0.00253406
internal_weight=7977 7913 7872 817 192 115 625
internal_count=7977 7913 7872 817 192 115 625
is_linear=0
shrinkage=0.02


Tree=921
num_leaves=8
num_cat=0
split_feature=50 40 43 47 17 17 20
split_gain=444.858 503.314 382.4 646.892 745.771 1011.99 783.069
threshold=3.5000000000000004 37.090000000000011 1.0000000180025095e-35 6.5000000000000009 2350.5500000000006 3784.5500000000006 773523.55000000016
decision_type=2 2 2 2 2 2 10
left_child=2 -2 3 4 6 -6 -1
right_child=1 -3 -4 -5 5 -7 -8
leaf_value=-0.087803077863698661 0.067038615562021731 0.0067800530490318414 0.0013269222682796536 0.0047027887058660994 0.039710320561896752 -0.019944303453319573 0.013967315597666634
leaf_weight=105 75 185 5806 816 126 871 40
leaf_count=105 75 185 5806 816 126 871 40
internal_value=-0.000383103 0.0250992 -0.00125206 -0.00888333 -0.0185693 -0.0122447 -0.0601987
internal_weight=8024 260 7764 1958 1142 997 145
internal_count=8024 260 7764 1958 1142 997 145
is_linear=0
shrinkage=0.02


Tree=922
num_leaves=8
num_cat=0
split_feature=55 10 38 42 9 10 37
split_gain=400.616 497.048 1043.33 616.239 554.65 530.589 504.072
threshold=55.685000000000009 20381.900000000005 10281.800000000001 41.625000000000007 14.500000000000002 12355.400000000001 0.12060000000000001
decision_type=2 2 10 2 2 2 2
left_child=-1 2 3 5 -3 -2 -5
right_child=1 4 -4 6 -6 -7 -8
leaf_value=0.00059403074845997429 -0.029606199172826916 -0.0075780746303726592 0.033536783765597517 -0.006666030371041032 0.056453628753453999 -0.12196670739925825 -0.077336092211983426
leaf_weight=6896 47 649 78 156 54 60 50
leaf_count=6896 47 649 78 156 54 60 50
internal_value=-0.0011928 -0.0124075 -0.0303296 -0.0465222 -0.00229562 -0.08453 -0.0252451
internal_weight=7990 1094 391 313 703 107 206
internal_count=7990 1094 391 313 703 107 206
is_linear=0
shrinkage=0.02


Tree=923
num_leaves=8
num_cat=0
split_feature=48 51 20 8 41 19 0
split_gain=334.561 430.478 547.788 543.923 577.652 383.992 356.212
threshold=19.500000000000004 7.2350000000000012 666499.80000000016 17.525000000000002 42.375000000000007 1.0000000180025095e-35 22.500000000000004
decision_type=2 2 10 2 2 2 2
left_child=6 -2 3 -3 -5 -4 -1
right_child=1 2 5 4 -6 -7 -8
leaf_value=-0.011698182883153026 0.036532876272590789 0.0050874279520163939 0.039707655035185092 -0.12682761906309331 -0.037739117912203073 -0.030249132327386179 0.0021572126572100636
leaf_weight=827 44 55 61 42 95 55 6874
leaf_count=827 44 55 61 42 95 55 6874
internal_value=-0.000214336 -0.019142 -0.0275521 -0.0478658 -0.068555 0.00665915 0.000662676
internal_weight=8053 352 308 192 137 116 7701
internal_count=8053 352 308 192 137 116 7701
is_linear=0
shrinkage=0.02


Tree=924
num_leaves=8
num_cat=0
split_feature=32 10 40 37 38 46 10
split_gain=306.008 498.901 815.728 475.787 615.223 467.278 520.931
threshold=1.0000000180025095e-35 14237.750000000002 43.535000000000004 0.30385000000000001 4988.5000000000009 9.5000000000000018 23746.350000000002
decision_type=2 2 2 2 8 2 2
left_child=-1 2 -2 4 -4 6 -3
right_child=1 5 3 -5 -6 -7 -8
leaf_value=0.0040195336431396332 -0.06567999694404672 0.023772819367768837 -0.082344244835169431 0.047212494031379101 0.0016865930343801911 -0.028809450308707629 -0.0023517699224187643
leaf_weight=5134 127 356 41 52 143 215 1975
leaf_count=5134 127 356 41 52 143 215 1975
internal_value=0.00108436 -0.00409384 -0.0258611 -0.00351497 -0.0187207 -0.000945745 0.00168043
internal_weight=8043 2909 363 236 184 2546 2331
internal_count=8043 2909 363 236 184 2546 2331
is_linear=0
shrinkage=0.02


Tree=925
num_leaves=8
num_cat=0
split_feature=50 42 21 12 54 32 53
split_gain=325.782 644.9 473.517 423.383 938.804 351.804 506.789
threshold=3.5000000000000004 38.880000000000003 367739.50000000006 1.0000000180025095e-35 92.425000000000026 1.0000000180025095e-35 85.855000000000004
decision_type=2 2 8 2 2 2 2
left_child=3 2 -2 4 -1 6 -5
right_child=1 -3 -4 5 -6 -7 -8
leaf_value=0.004720330869212099 0.11104929848512013 -0.0011537108254957606 0.017490495396595376 0.0012038859518069536 -0.10180366552100992 -0.0061006222084331397 0.027677325298195905
leaf_weight=87 40 171 46 4534 48 2709 304
leaf_count=87 40 171 46 4534 48 2709 304
internal_value=-0.000228537 0.021703 0.0647169 -0.000975892 -0.035438 -0.000336382 0.00289423
internal_weight=7939 257 86 7682 135 7547 4838
internal_count=7939 257 86 7682 135 7547 4838
is_linear=0
shrinkage=0.02


Tree=926
num_leaves=8
num_cat=0
split_feature=23 40 68 38 40 0 40
split_gain=362.032 684.305 627.439 685.006 666.643 800.504 1086.74
threshold=7.5500000000000007 10.345000000000001 187472.75000000003 49227.700000000004 47.975000000000001 36.500000000000007 37.090000000000011
decision_type=2 2 2 10 2 2 2
left_child=1 -1 4 -4 5 6 -3
right_child=-2 2 3 -5 -6 -7 -8
leaf_value=0.062223417639475448 0.0038944530966544891 0.066545585281337083 -0.0038935667306704575 0.062842103838920596 -0.0064096373921117911 -0.082168125133934636 -0.064674346691795753
leaf_weight=53 5745 41 1586 59 296 134 51
leaf_count=53 5745 41 1586 59 296 134 51
internal_value=0.00124441 -0.00560681 -0.00740521 -0.00131683 -0.0263972 -0.0518703 -0.00578007
internal_weight=7965 2220 2167 1645 522 226 92
internal_count=7965 2220 2167 1645 522 226 92
is_linear=0
shrinkage=0.02


Tree=927
num_leaves=8
num_cat=0
split_feature=14 10 53 53 42 10 22
split_gain=389.307 616.129 918.422 685.439 929.78 712.968 855.882
threshold=12.405000000000003 16773.450000000004 38.57500000000001 59.265000000000008 64.565000000000012 43819.80000000001 10612.800000000001
decision_type=2 2 2 2 2 2 2
left_child=1 -1 -3 4 5 6 -4
right_child=-2 2 3 -5 -6 -7 -8
leaf_value=0.026358468160481156 -0.0030603617310664228 0.048800041068554054 0.017545186536652702 0.0078570251573697007 0.023676122873271473 -0.0044601853101996318 -0.071853807889287497
leaf_weight=494 6005 140 51 822 144 194 216
leaf_count=494 6005 140 51 822 144 194 216
internal_value=-0.000486077 0.0070037 0.00083764 -0.00402181 -0.0200934 -0.0338728 -0.054769
internal_weight=8066 2061 1567 1427 605 461 267
internal_count=8066 2061 1567 1427 605 461 267
is_linear=0
shrinkage=0.02


Tree=928
num_leaves=8
num_cat=0
split_feature=64 40 32 53 18 13 52
split_gain=460.971 729.296 451.109 833.378 691.036 685.916 616.327
threshold=4.5000000000000009 26.705000000000002 1.0000000180025095e-35 64.225000000000009 1462523.2000000004 373.05000000000007 67.205000000000013
decision_type=2 2 2 2 2 2 2
left_child=2 -2 6 5 -5 -4 -1
right_child=1 -3 3 4 -6 -7 -8
leaf_value=-0.0019103554955760074 0.080301922355142857 0.0086697768044388408 -0.0095951960064454677 -0.030555508574131949 0.026576625752107553 0.020112504716325776 0.015803100633037189
leaf_weight=4187 58 603 921 785 91 463 962
leaf_count=4187 58 603 921 785 91 463 962
internal_value=-0.000428032 0.0155109 -0.00185954 -0.00929801 -0.0245034 0.00037977 0.00141121
internal_weight=8070 661 7409 2260 876 1384 5149
internal_count=8070 661 7409 2260 876 1384 5149
is_linear=0
shrinkage=0.02


Tree=929
num_leaves=8
num_cat=0
split_feature=16 17 15 52 51 16 52
split_gain=387.506 380.289 296.774 754.237 751.251 1181.21 897.107
threshold=0.81890000000000007 8327.3500000000004 1.5000000000000002 15.630000000000001 23.455000000000002 0.38165000000000004 38.105000000000011
decision_type=2 2 2 2 2 2 2
left_child=2 -2 -1 -4 5 6 -5
right_child=1 -3 3 4 -6 -7 -8
leaf_value=0.00087566128684153795 0.070692397589484854 -0.0016332698002701901 -0.061634958019793622 0.0061416223119286932 0.0077982881803751423 -0.0063449939865145889 -0.097726263826308044
leaf_weight=6238 55 56 96 46 826 562 110
leaf_count=6238 55 56 96 46 826 562 110
internal_value=-0.000582811 0.0357062 -0.00111644 -0.00867335 -0.00519208 -0.020087 -0.067859
internal_weight=7989 111 7878 1640 1544 718 156
internal_count=7989 111 7878 1640 1544 718 156
is_linear=0
shrinkage=0.02


Tree=930
num_leaves=8
num_cat=0
split_feature=58 23 23 67 10 10 58
split_gain=287.335 790.817 1054.94 925.259 741.467 584.805 559.221
threshold=52.225000000000001 14.250000000000002 9.7500000000000018 5.544156046646191 74207.300000000003 15293.300000000001 51.515000000000008
decision_type=2 2 2 2 2 2 2
left_child=6 2 -2 4 5 -4 -1
right_child=1 -3 3 -5 -6 -7 -8
leaf_value=0.00019131209031092789 -0.0025510214274095384 0.013097023055803007 -0.021476856628432871 -0.0026109996465119452 0.0032117821897069618 -0.096444049165584148 0.049598309416924752
leaf_weight=6251 750 484 59 160 55 171 88
leaf_count=6251 750 484 59 160 55 171 88
internal_value=-0.00103438 -0.00837788 -0.017094 -0.041304 -0.0626068 -0.0780795 0.000915746
internal_weight=8018 1679 1195 445 285 230 6339
internal_count=8018 1679 1195 445 285 230 6339
is_linear=0
shrinkage=0.02


Tree=931
num_leaves=8
num_cat=1
split_feature=64 41 68 1 22 54 20
split_gain=457.086 1152.76 546.134 591.796 615.533 884.587 501.643
threshold=4.5000000000000009 46.725000000000001 1820341.55 0 14381.35 86.055000000000021 1244246.9000000001
decision_type=2 2 2 1 2 2 10
left_child=2 -2 6 4 -4 -6 -1
right_child=1 -3 3 -5 5 -7 -8
leaf_value=-0.00069627193929250547 0.051599953247218569 -0.0045358158673789581 0.084050918906293029 -0.0035921217629621771 -0.04227632818253417 0.076433147986729941 -0.023360054985541535
leaf_weight=6665 233 378 89 169 52 40 410
leaf_count=6665 233 378 89 169 52 40 410
internal_value=0.000560939 0.0171162 -0.000811986 0.0233958 0.0480136 0.0106159 -0.00202522
internal_weight=8036 611 7425 350 181 92 7075
internal_count=8036 611 7425 350 181 92 7075
cat_boundaries=0 1
cat_threshold=2
is_linear=0
shrinkage=0.02


Tree=932
num_leaves=8
num_cat=0
split_feature=47 52 25 62 52 47 16
split_gain=369.056 559.584 646.417 587.564 1227.04 323.915 824.901
threshold=1.5000000000000002 22.785000000000004 1.0000000180025095e-35 1.0000000180025095e-35 50.845000000000006 5.5000000000000009 0.72825000000000006
decision_type=2 2 2 2 2 2 2
left_child=1 -1 3 4 -3 6 -2
right_child=5 2 -4 -5 -6 -7 -8
leaf_value=-0.073747054261545986 0.004563097735443728 0.043634572334877858 0.033056979819255719 -0.088273825106024745 -0.086067099063954461 -0.0011016138440444812 0.047436059380221808
leaf_weight=57 2790 72 97 45 42 4681 187
leaf_count=57 2790 72 97 45 42 4681 187
internal_value=0.0013039 -0.0198097 -0.00661751 -0.0310914 -0.00575875 0.00217923 0.00733118
internal_weight=7971 313 256 159 114 7658 2977
internal_count=7971 313 256 159 114 7658 2977
is_linear=0
shrinkage=0.02


Tree=933
num_leaves=8
num_cat=1
split_feature=6 40 68 40 28 21 2
split_gain=413.405 825.609 1377.11 1034.51 1069.87 891.644 756.596
threshold=1.5000000000000002 32.425000000000004 537672.05000000016 42.615000000000002 1.0000000180025095e-35 201125.60000000001 0
decision_type=2 2 2 2 2 10 1
left_child=-1 -2 6 4 5 -4 -3
right_child=1 2 3 -5 -6 -7 -8
leaf_value=-0.004786350261628978 0.025158523628216925 0.036731508242170807 -0.015404511710835829 -0.00559111467467013 0.012255784148051414 -0.1070140926321111 0.0016862627178522399
leaf_weight=5183 613 395 67 862 76 121 634
leaf_count=5183 613 395 67 862 76 121 634
internal_value=-0.00145513 0.00477987 -0.00106175 -0.0163109 -0.0505583 -0.0756109 0.0156231
internal_weight=7951 2768 2155 1126 264 188 1029
internal_count=7951 2768 2155 1126 264 188 1029
cat_boundaries=0 1
cat_threshold=84
is_linear=0
shrinkage=0.02


Tree=934
num_leaves=8
num_cat=0
split_feature=23 31 21 23 42 21 21
split_gain=531.712 793.83 1384.86 1346.02 838.899 939.078 1025.3
threshold=11.050000000000002 1.0000000180025095e-35 478624.60000000003 4.3500000000000005 80.790000000000006 204331.30000000002 188267.50000000003
decision_type=2 2 10 2 2 8 10
left_child=1 2 3 -1 5 6 -5
right_child=-2 -3 -4 4 -6 -7 -8
leaf_value=0.022556384274485839 0.0064556087003089973 0.0034482069501865303 0.058530801146319415 -0.02243497707694769 0.026065583232361661 -0.036612985904935912 0.095598364535798411
leaf_weight=263 3842 2464 94 75 108 1145 42
leaf_count=263 3842 2464 94 75 108 1145 42
internal_value=0.00108569 -0.00383887 -0.0142157 -0.018569 -0.0265172 -0.0311023 0.0221174
internal_weight=8033 4191 1727 1633 1370 1262 117
internal_count=8033 4191 1727 1633 1370 1262 117
is_linear=0
shrinkage=0.02


Tree=935
num_leaves=8
num_cat=0
split_feature=22 68 56 20 22 57 54
split_gain=414.031 1047.56 900.864 840.933 712.312 844.895 693.93
threshold=20130.600000000002 1106880.9500000004 27.365000000000006 847894.15000000014 31465.000000000004 24.555000000000003 91.495000000000019
decision_type=2 2 2 10 2 2 2
left_child=-1 2 -2 4 5 -4 -7
right_child=1 -3 3 -5 -6 6 -8
leaf_value=-0.0029305149517640989 0.081390790550038228 -0.021506664632581808 0.039491633193122343 0.077133190866311388 -0.036645916005363689 0.016342520948078591 -0.02278989595348296
leaf_weight=6315 75 371 334 70 123 473 287
leaf_count=6315 75 371 334 70 123 473 287
internal_value=-0.000553464 0.00809195 0.0162036 0.0121045 0.00806388 0.0132345 0.00151252
internal_weight=8048 1733 1362 1287 1217 1094 760
internal_count=8048 1733 1362 1287 1217 1094 760
is_linear=0
shrinkage=0.02


Tree=936
num_leaves=8
num_cat=1
split_feature=45 3 54 13 33 10 13
split_gain=516.809 596.599 692.062 764.251 697.373 685.282 1121.92
threshold=1.0000000180025095e-35 0 77.575000000000003 430.35000000000008 2.5000000000000004 29015.800000000003 334.15000000000003
decision_type=2 1 2 2 2 2 2
left_child=1 2 4 5 -1 6 -4
right_child=-2 -3 3 -5 -6 -7 -8
leaf_value=0.0062025363259501278 -0.0037086607243631982 0.011072065785982825 0.066424208120034453 0.077413687950798449 -0.072636281061467939 -0.022302043559536723 -0.023363391316749832
leaf_weight=72 4573 2645 109 44 111 344 105
leaf_count=72 4573 2645 109 44 111 344 105
internal_value=0.000691493 0.0065548 -0.00866996 0.00166762 -0.0422777 -0.00493966 0.0228419
internal_weight=8003 3430 785 602 183 558 214
internal_count=8003 3430 785 602 183 558 214
cat_boundaries=0 1
cat_threshold=2
is_linear=0
shrinkage=0.02


Tree=937
num_leaves=8
num_cat=0
split_feature=40 31 44 57 54 40 32
split_gain=363.871 489.538 362.621 743.435 871.325 774.361 747.698
threshold=87.625000000000014 1.0000000180025095e-35 1.0000000180025095e-35 34.005000000000003 99.545000000000016 40.725000000000001 1.0000000180025095e-35
decision_type=2 2 2 2 2 2 2
left_child=2 -2 3 5 -5 6 -1
right_child=1 -3 -4 4 -6 -7 -8
leaf_value=0.0031235247659208501 0.054572517964988951 -0.00022517076282767775 0.0011512987683379406 -0.030742026493867064 0.02923593980672283 0.022920398656392761 -0.060624938160181045
leaf_weight=221 107 156 6150 711 108 414 105
leaf_count=221 107 156 6150 711 108 414 105
internal_value=-0.000238773 0.0226712 -0.00103456 -0.00963351 -0.0227034 0.00488701 -0.0180146
internal_weight=7972 263 7709 1559 819 740 326
internal_count=7972 263 7709 1559 819 740 326
is_linear=0
shrinkage=0.02


Tree=938
num_leaves=8
num_cat=1
split_feature=64 51 21 9 2 17 47
split_gain=478.007 1032.68 1058.57 1408.56 753.546 802.721 945.62
threshold=2.5000000000000004 11.505000000000001 375287.90000000008 4.5000000000000009 0 4112.7500000000009 5.5000000000000009
decision_type=2 2 10 2 1 2 2
left_child=1 4 -3 -4 -1 -6 -7
right_child=-2 2 3 -5 5 6 -8
leaf_value=-0.052710671837732294 -0.0024148904275680685 0.009237946092490212 0.006856973915220165 0.09953768707124086 0.046931601630080318 0.023265019639888231 -0.046575784233736463
leaf_weight=142 5703 1545 134 125 100 131 177
leaf_count=142 5703 1545 134 125 100 131 177
internal_value=0.000715348 0.00828797 0.0155953 0.0526251 -0.0156045 -0.000910004 -0.0169736
internal_weight=8057 2354 1804 259 550 408 308
internal_count=8057 2354 1804 259 550 408 308
cat_boundaries=0 1
cat_threshold=68
is_linear=0
shrinkage=0.02


Tree=939
num_leaves=8
num_cat=0
split_feature=46 14 40 57 14 31 26
split_gain=341.772 470.003 462.862 419.532 335.713 627.396 794.363
threshold=11.500000000000002 17.805000000000003 78.055000000000021 39.975000000000001 43.180000000000007 1.0000000180025095e-35 1.0000000180025095e-35
decision_type=2 2 2 2 2 2 2
left_child=4 2 -2 -3 -1 6 -6
right_child=1 3 -4 -5 5 -7 -8
leaf_value=0.0031613648200219512 -0.081030388691940819 -0.029121173441410068 0.002450059911479121 0.044910961115925477 -0.077911054802901836 0.0035558479889850753 0.014465845622122289
leaf_weight=7391 69 60 41 53 102 272 55
leaf_count=7391 69 60 41 53 102 272 55
internal_value=0.00145705 -0.0226824 -0.0511613 0.00603355 0.00215948 -0.0149391 -0.0461021
internal_weight=8043 223 110 113 7820 429 157
internal_count=8043 223 110 113 7820 429 157
is_linear=0
shrinkage=0.02


Tree=940
num_leaves=8
num_cat=1
split_feature=18 18 16 16 10 10 4
split_gain=312.245 526.42 493.903 511.177 433.189 910.301 550.852
threshold=284197.20000000007 227703.90000000002 0.47765000000000007 0.63060000000000016 37616.250000000007 23332.100000000002 0
decision_type=2 2 2 2 2 2 1
left_child=1 -1 -3 -4 5 -2 -7
right_child=4 2 3 -5 -6 6 -8
leaf_value=0.0015031342534271696 0.0095334757189422647 0.055362191490001149 -0.032602412754081586 0.050765652051195501 0.00015844797414664877 -0.058532666523532097 -0.01372205166854489
leaf_weight=5461 293 139 71 43 1586 206 269
leaf_count=5461 293 139 71 43 1586 206 269
internal_value=0.000298221 0.00282344 0.0307408 -0.000344807 -0.00582438 -0.0181007 -0.0350683
internal_weight=8068 5714 253 114 2354 768 475
internal_count=8068 5714 253 114 2354 768 475
cat_boundaries=0 1
cat_threshold=1
is_linear=0
shrinkage=0.02


Tree=941
num_leaves=8
num_cat=0
split_feature=46 14 14 33 14 24 13
split_gain=296.353 883.406 893.623 797.864 738.555 850.676 648.638
threshold=3.5000000000000004 11.405000000000003 10.795000000000002 2.5000000000000004 7.6750000000000007 2.5000000000000004 303.15000000000003
decision_type=2 2 2 2 2 2 2
left_child=4 2 -2 -4 5 -1 -6
right_child=1 -3 3 -5 6 -7 -8
leaf_value=0.0016989739048175324 0.0057494995816268473 -0.0063412855355257291 0.098102213555383816 0.011681661778480136 0.030108603635896198 -0.10591605154835448 0.0029783179695212765
leaf_weight=73 1048 4695 81 88 454 44 1525
leaf_count=73 1048 4695 81 88 454 44 1525
internal_value=-0.000113232 -0.00240437 0.0127475 0.0547309 0.00633951 -0.0414538 0.00926244
internal_weight=8008 5912 1217 169 2096 117 1979
internal_count=8008 5912 1217 169 2096 117 1979
is_linear=0
shrinkage=0.02


Tree=942
num_leaves=8
num_cat=0
split_feature=53 12 12 14 10 20 37
split_gain=404.474 791.249 1035.24 774.361 762.475 719.979 1100.75
threshold=39.905000000000008 19.995000000000001 29.485000000000003 22.740000000000006 31752.650000000005 1350032.4000000001 0.070200000000000026
decision_type=2 2 2 2 2 8 2
left_child=1 5 -3 -4 -5 -1 -7
right_child=-2 2 3 4 -6 6 -8
leaf_value=-0.061935370316884175 -0.001870578973188384 0.075227600999416847 0.02741951773474614 -0.064396739711364115 0.016767943559848154 0.067662369640973899 -0.054623093229753006
leaf_weight=91 7145 119 370 85 92 60 49
leaf_count=91 7145 119 370 85 92 60 49
internal_value=-0.000303231 0.0125648 0.0230124 0.0110745 -0.0229078 -0.0219385 0.0127053
internal_weight=8011 866 666 547 177 200 109
internal_count=8011 866 666 547 177 200 109
is_linear=0
shrinkage=0.02


Tree=943
num_leaves=8
num_cat=1
split_feature=56 14 38 2 42 64 49
split_gain=400.064 356.48 559.132 454.343 460.213 447.204 441.579
threshold=22.075000000000006 43.180000000000007 9268.5000000000018 0 35.955000000000005 1.0000000180025095e-35 100.50000000000001
decision_type=2 2 8 1 2 2 2
left_child=-1 5 -3 -4 -5 -2 -7
right_child=1 2 3 4 -6 6 -8
leaf_value=0.049275489945465066 -0.056647729390072378 0.01304276244147964 -0.057364017881599123 -0.059550225211550359 0.015627431429124303 0.0012244647760005388 0.057110230134505974
leaf_weight=62 48 156 138 41 107 7301 52
leaf_count=62 48 156 138 41 107 7301 52
internal_value=0.000611189 0.000195342 -0.0171495 -0.0335592 -0.00606772 0.00124209 0.00165823
internal_weight=7905 7843 442 286 148 7401 7353
internal_count=7905 7843 442 286 148 7401 7353
cat_boundaries=0 1
cat_threshold=134
is_linear=0
shrinkage=0.02


Tree=944
num_leaves=8
num_cat=0
split_feature=16 12 12 13 17 24 17
split_gain=410.179 746.386 1279.17 941.274 998.432 926.053 743.075
threshold=0.57745000000000013 30.115000000000006 19.995000000000001 380.35000000000008 54971.200000000004 2.5000000000000004 4545.5000000000009
decision_type=2 2 2 2 2 2 2
left_child=1 2 3 4 -1 -4 -2
right_child=6 -3 5 -5 -6 -7 -8
leaf_value=-0.0051115999676315397 0.025967147965520875 -0.0075086905402418939 0.0097495980134008672 -0.051586198943513857 0.08300260453893428 0.059480812900556394 0.00011594813704597569
leaf_weight=523 585 4254 359 153 52 255 1807
leaf_count=523 585 4254 359 153 52 255 1807
internal_value=-0.000444555 -0.00340726 0.00957347 -0.00834706 0.00350383 0.0307171 0.00647923
internal_weight=7988 5596 1342 728 575 614 2392
internal_count=7988 5596 1342 728 575 614 2392
is_linear=0
shrinkage=0.02


Tree=945
num_leaves=8
num_cat=0
split_feature=45 12 41 57 10 46 41
split_gain=362.538 524.234 897.156 827.719 848.865 732.258 643.587
threshold=1.0000000180025095e-35 19.995000000000001 31.505000000000006 37.985000000000007 18677.550000000007 4.5000000000000009 41.045000000000009
decision_type=2 2 2 2 2 2 2
left_child=-1 2 -2 6 -5 -3 -4
right_child=1 5 3 4 -6 -7 -8
leaf_value=0.0048869816730990733 -0.082340858400720779 0.0096987313529218033 0.0302420330366918 0.066450967077123987 -0.014588983775377274 -0.0078983014956245413 -0.045454918473205035
leaf_weight=3454 78 1537 51 84 120 2442 247
leaf_count=3454 78 1537 51 84 120 2442 247
internal_value=3.43051e-06 -0.00369776 -0.0213758 -0.0111846 0.0195718 -0.00109731 -0.0322148
internal_weight=8013 4559 580 502 204 3979 298
internal_count=8013 4559 580 502 204 3979 298
is_linear=0
shrinkage=0.02


Tree=946
num_leaves=8
num_cat=0
split_feature=16 22 49 10 54 66 22
split_gain=388.527 562.174 619.738 758.687 1019.84 590.845 535.584
threshold=0.32955000000000007 11320.400000000001 30.500000000000004 19100.500000000004 92.425000000000026 0.31250000000000006 20651.600000000002
decision_type=2 2 2 2 2 2 2
left_child=1 -1 6 5 -5 -4 -3
right_child=-2 2 3 4 -6 -7 -8
leaf_value=0.011250829296420661 0.0020840226077156708 -0.016401709353621226 -0.11460771548586923 0.00211695865910744 -0.092625421333158847 -0.018811526993910473 0.026624373931367441
leaf_weight=363 6634 421 69 209 53 43 154
leaf_count=363 6634 421 69 209 53 43 154
internal_value=0.000115597 -0.00980768 -0.0178795 -0.0377392 -0.0184241 -0.0802045 -0.00474802
internal_weight=7946 1312 949 374 262 112 575
internal_count=7946 1312 949 374 262 112 575
is_linear=0
shrinkage=0.02


Tree=947
num_leaves=8
num_cat=0
split_feature=32 17 20 20 49 42 64
split_gain=379.309 695.212 1233.64 677.829 579.437 584.5 560.299
threshold=1.0000000180025095e-35 43393.55000000001 616267.10000000009 801344.65000000014 27.500000000000004 33.505000000000003 4.5000000000000009
decision_type=2 2 8 8 2 2 2
left_child=1 -1 -3 -4 5 -5 -2
right_child=6 2 3 4 -6 -7 -8
leaf_value=0.00099429041681502075 -0.010125197511141057 -0.036905381644719112 0.094573138315935404 -0.054462491588853301 0.055751038234301671 0.022819830551331872 0.011138670517923678
leaf_weight=4556 2261 102 69 45 162 176 630
leaf_count=4556 2261 102 69 45 162 176 630
internal_value=0.000303715 0.00357814 0.0246283 0.0387661 0.0276229 0.00622684 -0.00548019
internal_weight=8001 5110 554 452 383 221 2891
internal_count=8001 5110 554 452 383 221 2891
is_linear=0
shrinkage=0.02


Tree=948
num_leaves=8
num_cat=0
split_feature=42 31 48 46 46 0 14
split_gain=418.791 947.929 1109.65 800.109 990.036 855.917 912.658
threshold=40.775000000000013 1.0000000180025095e-35 7.5000000000000009 5.5000000000000009 2.5000000000000004 34.500000000000007 17.975000000000005
decision_type=2 2 2 2 2 2 2
left_child=1 2 -1 4 -4 -6 -7
right_child=-2 -3 3 -5 5 6 -8
leaf_value=0.0052058279514076364 -0.0029743868417467147 0.016570371058072499 -0.076629210308000642 -0.088152582653342415 0.076752915636829608 0.034804035389827466 -0.078249428666063714
leaf_weight=783 5357 1585 72 89 48 54 51
leaf_count=783 5357 1585 72 89 48 54 51
internal_value=0.000255222 0.00669954 -0.0075728 -0.0390201 -0.0180916 0.0110087 -0.0211685
internal_weight=8039 2682 1097 314 225 153 105
internal_count=8039 2682 1097 314 225 153 105
is_linear=0
shrinkage=0.02


Tree=949
num_leaves=8
num_cat=0
split_feature=0 0 17 52 55 21 52
split_gain=439.181 458.671 839.039 936.876 899.724 672.942 698.976
threshold=82.500000000000014 22.500000000000004 14123.750000000002 45.760000000000012 33.580000000000005 375287.90000000008 64.165000000000006
decision_type=2 2 2 2 2 8 2
left_child=1 2 4 -4 -1 -6 -7
right_child=-2 -3 3 -5 5 6 -8
leaf_value=0.068369622261208657 -0.051179087200472428 0.0039287159610042009 -0.10455503289830195 -0.014220013936508949 0.027896853895171693 -0.0061195658439876623 -0.064100936635264325
leaf_weight=63 57 7056 68 129 147 328 107
leaf_count=63 57 7056 68 129 147 328 107
internal_value=0.00184697 0.0022618 -0.0116478 -0.0472178 -0.000504099 -0.00847836 -0.020948
internal_weight=7955 7898 842 197 645 582 435
internal_count=7955 7898 842 197 645 582 435
is_linear=0
shrinkage=0.02


Tree=950
num_leaves=8
num_cat=0
split_feature=21 42 24 19 21 16 33
split_gain=420.439 899.11 1277.79 799.236 879.326 606.597 572.811
threshold=216396.85000000003 49.245000000000012 1.0000000180025095e-35 1.0000000180025095e-35 197564.45000000004 0.34615000000000007 3.5000000000000004
decision_type=8 2 2 2 10 2 2
left_child=1 2 -1 5 -5 -4 -7
right_child=-2 -3 3 4 -6 6 -8
leaf_value=-0.06545871441778929 -0.00081389017865143485 -0.0063402662537032327 0.00308190014356604 0.042628662636974353 -0.06319664210081101 0.1089286557896412 0.034668052596481223
leaf_weight=41 7152 422 47 86 43 123 71
leaf_count=41 7152 422 47 86 43 123 71
internal_value=0.000755978 0.014159 0.0350302 0.0468898 0.00631171 0.0680402 0.0833047
internal_weight=7985 833 411 370 129 241 194
internal_count=7985 833 411 370 129 241 194
is_linear=0
shrinkage=0.02


Tree=951
num_leaves=8
num_cat=0
split_feature=64 40 17 47 23 12 65
split_gain=329.161 1019.53 762.897 817.808 731.845 885.392 745.821
threshold=2.5000000000000004 80.490000000000023 2897.4000000000001 8.5000000000000018 5.1500000000000012 30.655000000000005 0.58571428571428574
decision_type=2 2 2 2 2 2 2
left_child=1 2 3 -1 6 -6 -4
right_child=-2 -3 4 -5 5 -7 -8
leaf_value=0.011389431349769759 -0.0042885476530447201 0.065860869196745067 0.0027822865170753553 0.08217674372501152 0.016497187433596572 -0.01684387298871971 0.077966989998716901
leaf_weight=280 5638 99 146 81 428 1205 78
leaf_count=280 5638 99 146 81 428 1205 78
internal_value=-0.0016814 0.00465818 0.00178442 0.0281781 -0.00340839 -0.00808169 0.0300934
internal_weight=7955 2317 2218 361 1857 1633 224
internal_count=7955 2317 2218 361 1857 1633 224
is_linear=0
shrinkage=0.02


Tree=952
num_leaves=8
num_cat=0
split_feature=62 68 51 41 49 68 8
split_gain=338.073 824.518 1270.46 1260.65 979.387 794.159 897.713
threshold=1.0000000180025095e-35 971458.90000000014 9.7050000000000018 66.52500000000002 12.500000000000002 858511.95000000007 50.695000000000007
decision_type=2 2 2 2 2 2 2
left_child=-1 4 3 -3 -2 6 -6
right_child=1 2 -4 -5 5 -7 -8
leaf_value=0.0019251014703716455 -0.03620189970834882 -0.082892757575347947 -0.0085167334518047224 0.032001332618296144 0.011651492392617551 0.047370956586376176 -0.059895983448700063
leaf_weight=5563 181 184 1049 45 622 214 74
leaf_count=5563 181 184 1049 45 622 214 74
internal_value=-0.000769806 -0.00708884 -0.0179605 -0.060114 0.00567006 0.0141508 0.00367147
internal_weight=7932 2369 1278 229 1091 910 696
internal_count=7932 2369 1278 229 1091 910 696
is_linear=0
shrinkage=0.02


Tree=953
num_leaves=8
num_cat=0
split_feature=23 22 23 24 6 56 56
split_gain=445.751 776.279 547.076 739.323 1001.87 618.739 627.297
threshold=23.250000000000004 25728.400000000005 18.250000000000004 1.0000000180025095e-35 3.5000000000000004 31.445000000000004 36.82500000000001
decision_type=2 2 2 2 2 2 2
left_child=2 -2 -1 -4 5 -5 -7
right_child=1 -3 3 4 -6 6 -8
leaf_value=-0.00097161331486962698 0.0079719470925280981 0.088632917360023225 -0.07869090940157572 -0.053864980498949687 -0.099344359538993052 0.042306812908181231 -0.0088786285389170511
leaf_weight=6792 423 49 70 85 44 119 416
leaf_count=6792 423 49 70 85 44 119 416
internal_value=-0.00156382 0.0171869 -0.00275043 -0.0190926 -0.0122684 -0.00534353 0.00279286
internal_weight=7998 472 7526 734 664 620 535
internal_count=7998 472 7526 734 664 620 535
is_linear=0
shrinkage=0.02


Tree=954
num_leaves=8
num_cat=0
split_feature=42 17 42 38 68 55 24
split_gain=492.013 1050.23 844.084 615.862 680.142 575.615 1104.43
threshold=40.775000000000013 1044.3000000000002 41.205000000000005 1642.95 926080.05000000016 56.885000000000012 3.5000000000000004
decision_type=2 2 2 8 2 2 2
left_child=1 -1 -2 4 -3 -5 -7
right_child=2 3 -4 5 -6 6 -8
leaf_value=-0.065405380451365527 -0.075360951669632442 0.06959385491403422 -0.0017130272405974131 0.010744140517960568 -0.011591088530563174 -0.040159454575147142 0.058848003588224715
leaf_weight=71 58 128 5253 2150 58 215 52
leaf_count=71 58 128 5253 2150 58 215 52
internal_value=0.000935291 0.00792378 -0.00258744 0.0100455 0.0446374 0.00729681 -0.0201498
internal_weight=7985 2674 5311 2603 186 2417 267
internal_count=7985 2674 5311 2603 186 2417 267
is_linear=0
shrinkage=0.02


Tree=955
num_leaves=8
num_cat=0
split_feature=14 26 53 48 41 56 31
split_gain=477.643 623.956 503.652 648.159 576.193 573.519 496.951
threshold=43.180000000000007 1.0000000180025095e-35 38.245000000000012 7.5000000000000009 44.115000000000002 44.045000000000009 1.0000000180025095e-35
decision_type=2 2 2 2 2 2 2
left_child=2 6 3 4 5 -1 -2
right_child=1 -3 -4 -5 -6 -7 -8
leaf_value=0.076700353853404526 -0.070481901477803199 0.0092050769353328749 -0.0013874359865749797 -0.014794838318512554 0.011653415639639687 -0.0054858874423163277 -0.01576925217741873
leaf_weight=135 114 167 6873 184 299 44 159
leaf_count=135 114 167 6873 184 299 44 159
internal_value=-0.000967088 -0.0211016 0.000221866 0.0168151 0.0290101 0.056898 -0.039473
internal_weight=7975 440 7535 662 478 179 273
internal_count=7975 440 7535 662 478 179 273
is_linear=0
shrinkage=0.02


Tree=956
num_leaves=8
num_cat=0
split_feature=32 57 41 41 41 40 48
split_gain=394.216 688.657 547.619 631.51 638.979 515.447 510.312
threshold=1.0000000180025095e-35 18.535000000000004 54.335000000000008 45.165000000000006 27.605000000000004 26.705000000000002 1.5000000000000002
decision_type=2 2 2 2 2 2 2
left_child=-1 2 3 4 -2 6 -3
right_child=1 5 -4 -5 -6 -7 -8
leaf_value=0.00338661254135316 -0.074065162016795236 0.067391945674449588 -0.0039280475808185075 -0.079178884772236571 0.00022269395219319196 -0.0044391874155031074 0.0078709293728960426
leaf_weight=5084 60 74 284 113 161 1967 219
leaf_count=5084 60 74 284 113 161 1967 219
internal_value=3.91444e-05 -0.00586979 -0.0244873 -0.041653 -0.0211384 -0.000735994 0.0237821
internal_weight=7962 2878 618 334 221 2260 293
internal_count=7962 2878 618 334 221 2260 293
is_linear=0
shrinkage=0.02


Tree=957
num_leaves=8
num_cat=1
split_feature=64 41 32 53 2 38 12
split_gain=357.211 576.407 519.672 676.147 776.215 629.033 617.32
threshold=4.5000000000000009 51.355000000000011 1.0000000180025095e-35 51.955000000000005 0 2356.5500000000006 85.185000000000016
decision_type=2 2 2 2 1 8 2
left_child=2 -2 6 5 -5 -4 -1
right_child=1 -3 3 4 -6 -7 -8
leaf_value=-0.00018920963420312992 0.034149137147385433 -0.0041690859553501622 -0.044790247404712373 0.0034167246290539599 -0.027499634608047649 0.012561438231717275 0.033615202027809835
leaf_weight=4924 286 339 82 475 1025 632 221
leaf_count=4924 286 339 82 475 1025 632 221
internal_value=-0.000957928 0.0134972 -0.00219393 -0.0102842 -0.0178906 0.00570916 0.00129406
internal_weight=7984 625 7359 2214 1500 714 5145
internal_count=7984 625 7359 2214 1500 714 5145
cat_boundaries=0 1
cat_threshold=66
is_linear=0
shrinkage=0.02


Tree=958
num_leaves=8
num_cat=0
split_feature=33 13 51 41 13 41 14
split_gain=345.547 297.908 530.301 675.76 480.457 467.51 836.388
threshold=6.5000000000000009 431.15000000000003 19.765000000000004 36.595000000000006 438.25000000000006 14.405000000000003 12.895000000000001
decision_type=2 2 2 2 2 2 2
left_child=1 5 -3 -4 -5 6 -1
right_child=-2 2 3 4 -6 -7 -8
leaf_value=-0.08178117107261311 0.054796021939255299 -0.014035398051401094 0.073316888172518122 0.063645318237871965 -0.00080772629943016777 0.00086243212161230443 -0.0026038794546491572
leaf_weight=72 43 168 94 53 228 7237 175
leaf_count=72 43 168 94 53 228 7237 175
internal_value=0.00129332 0.000972779 0.0152071 0.02832 0.012249 -6.94505e-05 -0.0268486
internal_weight=8070 8027 543 375 281 7484 247
internal_count=8070 8027 543 375 281 7484 247
is_linear=0
shrinkage=0.02


Tree=959
num_leaves=8
num_cat=0
split_feature=48 57 35 48 57 23 9
split_gain=397.308 875.591 493.159 489.08 405.271 391.407 1071.64
threshold=18.500000000000004 56.600000000000009 1.0000000180025095e-35 24.500000000000004 18.265000000000004 17.250000000000004 4.5000000000000009
decision_type=2 2 2 2 2 2 2
left_child=5 2 4 -4 -2 -1 -7
right_child=1 -3 3 -5 -6 6 -8
leaf_value=0.001466991387731064 -0.090945529313314538 0.05545216032918894 -0.030619183470968338 0.056343454152345658 -0.03115091733634472 -0.025963375591763319 0.0093400915075489439
leaf_weight=6229 58 48 56 40 201 768 616
leaf_count=6229 58 48 56 40 201 768 616
internal_value=-0.00170356 -0.0209314 -0.031886 0.00661075 -0.0460101 -0.000672653 -0.0102732
internal_weight=8016 403 355 96 259 7613 1384
internal_count=8016 403 355 96 259 7613 1384
is_linear=0
shrinkage=0.02


Tree=960
num_leaves=8
num_cat=0
split_feature=23 17 46 17 8 6 31
split_gain=353.984 902.217 579.481 429.38 858.332 717.664 618.35
threshold=2.9500000000000006 11983.050000000001 4.5000000000000009 4882.1500000000005 44.32500000000001 1.5000000000000002 1.0000000180025095e-35
decision_type=2 2 2 2 2 2 2
left_child=1 2 -1 4 -2 6 -6
right_child=3 -3 -4 -5 5 -7 -8
leaf_value=0.037526165153466018 0.011884957388572193 0.062960918414568121 -0.050540695459875343 -0.002801406023852585 -0.11529122256315671 0.024511431287635457 -0.018741567879915239
leaf_weight=46 1817 116 68 5785 47 50 59
leaf_count=46 1817 116 68 5785 47 50 59
internal_value=0.000679396 0.0248623 -0.0149213 -5.31011e-05 0.00799187 -0.0363135 -0.0648163
internal_weight=7988 230 114 7758 1973 156 106
internal_count=7988 230 114 7758 1973 156 106
is_linear=0
shrinkage=0.02


Tree=961
num_leaves=8
num_cat=0
split_feature=50 42 42 33 54 17 41
split_gain=488.76 788.247 355.66 576.217 575.507 330.74 1500.38
threshold=3.5000000000000004 40.775000000000013 81.935000000000016 1.5000000000000002 84.245000000000019 1044.3000000000002 51.175000000000004
decision_type=2 2 2 2 2 2 2
left_child=2 -2 5 4 -4 6 -1
right_child=1 -3 3 -5 -6 -7 -8
leaf_value=-0.079036163855897318 0.072309237572611595 0.00083215559291285142 0.10239291910855275 0.0035227795407666075 0.016940806106235204 -0.00087021007990984215 0.038129732961981348
leaf_weight=96 93 167 48 434 84 7023 73
leaf_count=96 93 167 48 434 84 7023 73
internal_value=0.000571622 0.0272809 -0.000340502 0.014853 0.0506172 -0.0015457 -0.0287847
internal_weight=8018 260 7758 566 132 7192 169
internal_count=8018 260 7758 566 132 7192 169
is_linear=0
shrinkage=0.02


Tree=962
num_leaves=8
num_cat=1
split_feature=52 0 46 47 52 68 1
split_gain=326.506 891.131 733.089 846.273 628.047 499.191 530.066
threshold=41.510000000000012 21.500000000000004 4.5000000000000009 5.5000000000000009 41.105000000000011 1820341.55 0
decision_type=2 2 2 2 2 2 1
left_child=1 2 -1 -4 -3 -2 -7
right_child=5 4 3 -5 -6 6 -8
leaf_value=0.011322354420143016 -0.0046078425762771527 0.0070127223421619731 -0.12141643244569952 -0.021548450002861715 0.068627341879970008 0.050897194662668406 -0.0064358268871903424
leaf_weight=97 4824 2601 50 96 63 132 120
leaf_count=97 4824 2601 50 96 63 132 120
internal_value=-0.000105213 0.00523434 -0.031046 -0.0586377 0.00859566 -0.00316529 0.0240017
internal_weight=7983 2907 243 146 2664 5076 252
internal_count=7983 2907 243 146 2664 5076 252
cat_boundaries=0 1
cat_threshold=2
is_linear=0
shrinkage=0.02


Tree=963
num_leaves=8
num_cat=1
split_feature=42 64 42 64 3 10 42
split_gain=323.431 652.637 337.087 563.311 646.546 800.082 769.576
threshold=82.565000000000012 2.5000000000000004 50.485000000000007 4.5000000000000009 0 26216.650000000005 27.305000000000003
decision_type=2 2 2 2 1 2 2
left_child=2 -2 3 4 6 -6 -1
right_child=1 -3 -4 -5 5 -7 -8
leaf_value=-0.041686434470480531 0.060289176942408089 0.0037309875682784784 -0.0065054869656200453 0.028845465658200564 0.017066387125186089 -0.004338169190737531 -0.0026018423645904187
leaf_weight=282 95 448 3377 286 1212 1636 679
leaf_count=282 95 448 3377 286 1212 1636 679
internal_value=-0.000745796 0.0140859 -0.00183233 0.00202469 -2.43339e-05 0.00476803 -0.0140816
internal_weight=8015 543 7472 4095 3809 2848 961
internal_count=8015 543 7472 4095 3809 2848 961
cat_boundaries=0 1
cat_threshold=8
is_linear=0
shrinkage=0.02


Tree=964
num_leaves=8
num_cat=1
split_feature=14 38 55 55 41 2 0
split_gain=547.079 1137.76 772.645 497.599 599.256 424.959 606.913
threshold=38.860000000000007 19667.700000000001 35.985000000000007 47.555000000000007 45.535000000000004 0 45.500000000000007
decision_type=2 8 2 2 2 1 2
left_child=-1 2 -2 -3 -5 6 -4
right_child=1 3 5 4 -6 -7 -8
leaf_value=0.00097870364643594192 0.079932836621415385 -0.067298362152127741 -0.024616959632611742 -0.059263566568277887 0.020931381088931385 -0.023821987430164074 0.069931838844281932
leaf_weight=7414 46 173 46 64 77 165 55
leaf_count=7414 46 173 46 64 77 165 55
internal_value=-0.000542182 -0.0184197 0.00860903 -0.0449903 -0.0162521 -0.00497237 0.0253487
internal_weight=8040 626 312 314 141 266 101
internal_count=8040 626 312 314 141 266 101
cat_boundaries=0 1
cat_threshold=200
is_linear=0
shrinkage=0.02


Tree=965
num_leaves=8
num_cat=0
split_feature=40 66 43 22 22 23 22
split_gain=424.268 557.926 405.63 736.599 729.837 969.239 780.038
threshold=87.625000000000014 0.31250000000000006 1.0000000180025095e-35 22649.150000000005 21710.200000000004 23.250000000000004 28930.100000000002
decision_type=2 2 2 2 2 2 2
left_child=2 -2 3 -1 -4 6 -6
right_child=1 -3 4 -5 5 -7 -8
leaf_value=-0.0047490949970401533 0.053131092927838103 -0.0053902806235211235 -0.0023706492851912316 -0.039781812868243435 0.022283074639355228 0.088005888327746334 -0.020606442799074053
leaf_weight=1662 126 128 4882 276 638 66 226
leaf_count=1662 126 128 4882 276 638 66 226
internal_value=-0.00107644 0.0241053 -0.00191676 -0.00982781 0.000727348 0.0169159 0.0110103
internal_weight=8004 254 7750 1938 5812 930 864
internal_count=8004 254 7750 1938 5812 930 864
is_linear=0
shrinkage=0.02


Tree=966
num_leaves=8
num_cat=0
split_feature=12 13 42 53 58 52 54
split_gain=482.872 748.429 1006.97 1435.57 906.496 635.037 658.236
threshold=19.995000000000001 316.85000000000008 31.075000000000003 47.735000000000007 59.595000000000006 59.475000000000001 98.575000000000003
decision_type=2 2 2 2 2 2 2
left_child=1 4 3 -3 -1 6 -4
right_child=-2 2 5 -5 -6 -7 -8
leaf_value=-0.0022526207623104959 0.0027495534152747214 -0.053855503350496291 -0.055664260672897571 0.085299341544508939 0.087782893188151662 0.022731770728864977 0.018617406665233142
leaf_weight=362 6970 47 381 65 46 57 52
leaf_count=362 6970 47 381 65 46 57 52
internal_value=0.000874512 -0.0120149 -0.0261044 0.027098 0.00883829 -0.0384158 -0.0466329
internal_weight=7980 1010 602 112 408 490 433
internal_count=7980 1010 602 112 408 490 433
is_linear=0
shrinkage=0.02


Tree=967
num_leaves=8
num_cat=1
split_feature=42 64 41 50 66 2 16
split_gain=330.175 931.894 453.882 435.766 877.629 374.634 541.351
threshold=80.415000000000006 2.5000000000000004 77.785000000000011 1.5000000000000002 0.31250000000000006 0 0.43875000000000003
decision_type=2 2 2 2 2 1 2
left_child=5 2 -2 4 -3 6 -1
right_child=1 3 -4 -5 -6 -7 -8
leaf_value=-0.039664806608272637 0.02984549495778727 0.048390889435288423 0.10733248667334611 -0.024156701465739925 -0.014349570484044625 0.0010544184738152929 -0.0005230748592825827
leaf_weight=225 84 161 48 165 189 6727 367
leaf_count=225 84 161 48 165 189 6727 367
internal_value=0.000913148 0.0145511 0.0609115 0.00219698 0.0147861 -0.000301557 -0.0153501
internal_weight=7966 647 132 515 350 7319 592
internal_count=7966 647 132 515 350 7319 592
cat_boundaries=0 1
cat_threshold=1
is_linear=0
shrinkage=0.02


Tree=968
num_leaves=8
num_cat=1
split_feature=57 22 5 8 64 38 21
split_gain=565.452 745.338 495.764 840.949 562.896 539.599 597.534
threshold=33.805000000000007 7035.6000000000013 0 22.555000000000003 3.5000000000000004 6027.7000000000007 281112.85000000003
decision_type=2 2 1 2 2 8 10
left_child=1 -1 3 5 -4 -2 -7
right_child=2 -3 4 -5 -6 6 -8
leaf_value=-0.041008037510719006 0.081196758171043742 0.0075539780252834943 -0.013467673056439292 -0.0061979517182274646 0.003221714590081201 0.041556805655730111 -0.033222165112533876
leaf_weight=126 77 3673 2355 456 1227 136 57
leaf_count=126 77 3673 2355 456 1227 136 57
internal_value=0.000270899 0.00589156 -0.00468675 0.0102572 -0.00773271 0.0380286 0.0191906
internal_weight=8107 3799 4308 726 3582 270 193
internal_count=8107 3799 4308 726 3582 270 193
cat_boundaries=0 1
cat_threshold=1
is_linear=0
shrinkage=0.02


Tree=969
num_leaves=8
num_cat=0
split_feature=17 51 20 41 52 49 14
split_gain=675.558 661.065 870.451 1074.36 652.22 581.773 1145.75
threshold=4223.1000000000013 7.5150000000000006 426268.55000000005 48.485000000000007 84.410000000000011 22.500000000000004 7.6750000000000007
decision_type=2 2 10 2 2 2 2
left_child=1 2 -1 -4 5 -3 -7
right_child=-2 4 3 -5 -6 6 -8
leaf_value=0.067333140885105003 -0.00029237818789777935 0.020339707485670426 -0.077657087305758862 0.050065735692779223 0.074060739515156584 0.086002480796739167 -0.012006235906894329
leaf_weight=180 6252 598 42 55 53 46 739
leaf_count=180 6252 598 42 55 53 46 739
internal_value=0.00275974 0.0138676 0.0418819 -0.00633273 0.00833716 0.00556076 -0.00575508
internal_weight=7965 1713 277 97 1436 1383 785
internal_count=7965 1713 277 97 1436 1383 785
is_linear=0
shrinkage=0.02


Tree=970
num_leaves=8
num_cat=0
split_feature=67 17 23 23 56 22 54
split_gain=440.467 782.778 693.947 531.045 530.309 832.524 662.447
threshold=4.8428938273215296 1044.3000000000002 23.950000000000003 31.750000000000004 45.055000000000007 26939.100000000002 78.925000000000026
decision_type=2 2 2 2 2 2 2
left_child=3 -2 4 -1 -3 6 -6
right_child=1 2 -4 -5 5 -7 -8
leaf_value=-0.0040298673087820367 0.075873672559735234 0.0059743294762275015 0.043480228074803583 -0.067691777629672364 0.027560056918745586 -0.094693760865678392 -0.019869605357904097
leaf_weight=4953 56 2155 159 48 152 43 469
leaf_count=4953 56 2155 159 48 152 43 469
internal_value=-0.00106228 0.00494473 0.003486 -0.0047079 0.00115722 -0.0144044 -0.00813301
internal_weight=8035 3034 2978 5001 2819 664 621
internal_count=8035 3034 2978 5001 2819 664 621
is_linear=0
shrinkage=0.02


Tree=971
num_leaves=8
num_cat=0
split_feature=23 22 48 22 49 51 10
split_gain=409.695 819.244 644.397 694.848 675.438 382.069 435.253
threshold=23.250000000000004 25227.650000000005 7.5000000000000009 16497.800000000003 33.500000000000007 7.9250000000000007 59741.700000000004
decision_type=2 2 2 2 2 2 2
left_child=-1 2 3 5 -4 -2 -7
right_child=1 -3 4 -5 -6 6 -8
leaf_value=-0.001702494416197938 -0.038816715051730476 0.096844410780579496 0.0096928368361643806 -0.050673454580828552 0.10687368197644011 0.045949653999542629 -0.024409502172470093
leaf_weight=7533 40 42 76 94 42 122 45
leaf_count=7533 40 42 76 94 42 122 45
internal_value=-0.0005778 0.0176214 0.00863182 -0.00702057 0.047221 0.0135301 0.0268322
internal_weight=7994 461 419 301 118 207 167
internal_count=7994 461 419 301 118 207 167
is_linear=0
shrinkage=0.02


Tree=972
num_leaves=8
num_cat=0
split_feature=44 56 41 9 42 56 58
split_gain=363.345 595.832 627.961 522.233 699.022 473.907 428.729
threshold=1.0000000180025095e-35 52.905000000000008 79.385000000000005 17.500000000000004 31.075000000000003 39.845000000000006 33.645000000000003
decision_type=2 2 2 2 2 2 2
left_child=1 2 -1 6 -5 -6 -2
right_child=3 -3 -4 4 5 -7 -8
leaf_value=-0.014857873838376934 -0.0068861052042640839 0.04640291863196605 0.040237803032875739 0.074004963885030056 -0.018859623847893092 0.036510371785610916 0.0041822127392241058
leaf_weight=1448 2178 69 83 84 123 115 3897
leaf_count=1448 2178 69 83 84 123 115 3897
internal_value=-0.000596534 -0.00910514 -0.0117497 0.00153706 0.026158 0.00809553 0.000211616
internal_weight=7997 1600 1531 6397 322 238 6075
internal_count=7997 1600 1531 6397 322 238 6075
is_linear=0
shrinkage=0.02


Tree=973
num_leaves=8
num_cat=0
split_feature=23 67 14 23 12 23 12
split_gain=372.09 553.731 729.274 632.263 859.114 527.799 824.169
threshold=22.550000000000004 2.8791160539777048 9.3550000000000022 25.050000000000004 52.305000000000007 18.450000000000003 57.025000000000013
decision_type=2 2 2 2 2 2 2
left_child=5 2 -2 4 -4 -1 -7
right_child=1 -3 3 -5 -6 6 -8
leaf_value=0.0015365520600873089 -0.072713950479284251 0.041358090295447958 0.090988016525904339 -0.012404044890961452 -0.018650135815143586 -0.03268916914014651 0.016926542933281396
leaf_weight=6831 42 217 67 166 45 434 189
leaf_count=6831 42 217 67 166 45 434 189
internal_value=0.00108786 0.0170876 0.000246102 0.0123588 0.0480225 -7.54694e-05 -0.0176223
internal_weight=7991 537 320 278 112 7454 623
internal_count=7991 537 320 278 112 7454 623
is_linear=0
shrinkage=0.02


Tree=974
num_leaves=8
num_cat=0
split_feature=20 6 51 52 56 54 49
split_gain=685.615 662.071 654.787 536.252 912.656 771.581 721.138
threshold=1.0000000180025095e-35 2.5000000000000004 47.905000000000008 54.455000000000005 27.365000000000006 78.805000000000021 63.500000000000007
decision_type=10 2 2 2 2 2 2
left_child=1 3 -3 5 -5 -1 -7
right_child=-2 2 -4 4 -6 6 -8
leaf_value=0.031637274508066783 -0.0045806521548049962 0.034983858466362885 -0.021014984037985306 0.068195175477227227 -0.011259376565107049 0.0065913100029779135 -0.046207910876588099
leaf_weight=483 4235 516 96 56 1122 1356 107
leaf_count=483 4235 516 96 56 1122 1356 107
internal_value=0.000926176 0.0071663 0.0261006 0.00342124 -0.00720998 0.00985878 0.00258548
internal_weight=7971 3736 612 3124 1178 1946 1463
internal_count=7971 3736 612 3124 1178 1946 1463
is_linear=0
shrinkage=0.02


Tree=975
num_leaves=8
num_cat=0
split_feature=42 65 58 34 64 17 58
split_gain=323.846 433.482 380.309 358.817 640.579 627.429 502.342
threshold=81.935000000000016 0.45000000000000007 59.870000000000012 3.5000000000000004 2.5000000000000004 53854.30000000001 34.655000000000008
decision_type=2 2 2 2 2 2 2
left_child=3 -2 -3 5 -5 -1 -7
right_child=1 2 -4 4 -6 6 -8
leaf_value=-0.0064055113234220609 0.049271208428201228 0.010654617140605494 -0.04476487623793738 0.064511846741543546 0.003752380581620576 -0.0099503346015272186 0.02676703793469894
leaf_weight=6071 100 426 51 74 578 224 428
leaf_count=6071 100 426 51 74 578 224 428
internal_value=-0.00189337 0.0124721 0.00432636 -0.00302497 0.0110869 -0.00440077 0.0141728
internal_weight=7952 577 477 7375 652 6723 652
internal_count=7952 577 477 7375 652 6723 652
is_linear=0
shrinkage=0.02


Tree=976
num_leaves=8
num_cat=0
split_feature=16 56 67 54 42 42 56
split_gain=288.499 443.381 304.695 1819.75 680.813 774.366 954.529
threshold=0.17090000000000002 37.405000000000008 23.887008173568699 80.115000000000023 39.460000000000008 74.205000000000013 39.195000000000007
decision_type=2 2 2 2 2 2 2
left_child=1 -1 -2 -4 -5 6 -6
right_child=2 -3 3 4 5 -7 -8
leaf_value=0.012488582514080346 0.0025920233918226817 -0.07015831977128982 0.047374606098927241 -0.0016165068824874594 -0.12442091773602773 0.013728626060719585 -0.030552880034001188
leaf_weight=46 7447 51 137 136 83 46 94
leaf_count=46 7447 51 137 136 83 46 94
internal_value=0.00114972 -0.032274 0.00157793 -0.0135217 -0.0370922 -0.0582176 -0.076779
internal_weight=8040 97 7943 496 359 223 177
internal_count=8040 97 7943 496 359 223 177
is_linear=0
shrinkage=0.02


Tree=977
num_leaves=8
num_cat=1
split_feature=56 56 68 44 3 68 36
split_gain=265.03 744.846 337.272 254.242 672.494 982.771 1250.89
threshold=58.75500000000001 55.295000000000009 266994.45000000007 1.0000000180025095e-35 0 150225.00000000003 1.0000000180025095e-35
decision_type=2 2 2 2 1 2 2
left_child=1 3 -3 4 5 6 -1
right_child=-2 2 -4 -5 -6 -7 -8
leaf_value=0.021918679572440484 -0.036403118998902605 0.091064951241664277 0.021914618996903303 0.00077888346533742416 -0.018552050690842245 0.021267272860953406 -0.094791816250483191
leaf_weight=69 77 41 85 6185 961 491 70
leaf_count=69 77 41 85 6185 961 491 70
internal_value=-0.000632277 -0.000260914 0.0470329 -0.00105698 -0.00817396 0.00784676 -0.038107
internal_weight=7979 7902 126 7776 1591 630 139
internal_count=7979 7902 126 7776 1591 630 139
cat_boundaries=0 1
cat_threshold=6
is_linear=0
shrinkage=0.02


Tree=978
num_leaves=8
num_cat=1
split_feature=64 14 54 54 2 60 47
split_gain=348.806 307.238 701.818 683.718 624.729 672.426 545.885
threshold=1.0000000180025095e-35 8.7450000000000028 82.785000000000011 98.240000000000023 0 1.0000000180025095e-35 6.5000000000000009
decision_type=2 2 2 2 1 2 2
left_child=-1 2 4 6 -2 -6 -4
right_child=1 -3 3 -5 5 -7 -8
leaf_value=-0.048121471900050922 0.046756725267384398 0.0019931391661899508 -0.060385604059522591 0.017250756914332761 0.018573748766008865 -0.062809983473557693 -0.012421669741285677
leaf_weight=54 114 7116 201 113 104 60 182
leaf_count=54 114 7116 201 113 104 60 182
internal_value=0.000327184 0.000689038 -0.0112364 -0.0254026 0.0140407 -0.0114978 -0.0380471
internal_weight=7944 7890 774 496 278 164 383
internal_count=7944 7890 774 496 278 164 383
cat_boundaries=0 1
cat_threshold=120
is_linear=0
shrinkage=0.02


Tree=979
num_leaves=8
num_cat=0
split_feature=23 22 21 13 51 51 6
split_gain=421.721 1130.09 910.672 832.269 579.037 947.963 639.288
threshold=15.950000000000001 21710.200000000004 295433.15000000008 325.05000000000007 45.685000000000009 18.000000000000004 1.5000000000000002
decision_type=2 2 8 2 2 2 2
left_child=-1 4 -3 -4 5 6 -2
right_child=1 2 3 -5 -6 -7 -8
leaf_value=0.0026736714021713304 -0.044220945148671052 -0.029079411278752718 0.09709467338571369 0.016810620265966612 -0.040983247963704991 0.0050168914089656694 0.0029151232004688498
leaf_weight=6120 366 80 81 136 276 765 166
leaf_count=6120 366 80 81 136 276 765 166
internal_value=0.000133103 -0.00816644 0.0273135 0.0482903 -0.0149308 -0.00925075 -0.0296229
internal_weight=7990 1870 297 217 1573 1297 532
internal_count=7990 1870 297 217 1573 1297 532
is_linear=0
shrinkage=0.02


Tree=980
num_leaves=8
num_cat=0
split_feature=8 58 68 58 15 55 16
split_gain=460.843 565.651 612.354 689.177 552.308 550.981 499.434
threshold=24.545000000000005 20.580000000000002 400032.65000000008 18.745000000000001 5.5000000000000009 53.435000000000009 0.50455000000000017
decision_type=2 2 2 2 2 2 2
left_child=-1 2 -2 5 6 -4 -3
right_child=1 4 3 -5 -6 -7 -8
leaf_value=0.0042112222902628482 -0.015434663811455602 -0.01286888165356025 -0.017407945136965058 0.10015891519643493 -0.06763495091100534 0.064859276226298376 0.0014987759584811893
leaf_weight=3740 110 2162 76 54 55 50 1747
leaf_count=3740 110 2162 76 54 55 50 1747
internal_value=-0.000907173 -0.00540679 0.0213275 0.0436032 -0.00738703 0.0164673 -0.00645401
internal_weight=7994 4254 290 180 3964 126 3909
internal_count=7994 4254 290 180 3964 126 3909
is_linear=0
shrinkage=0.02


Tree=981
num_leaves=8
num_cat=0
split_feature=52 40 17 20 21 58 47
split_gain=544.083 680.344 639.631 545.106 660.499 477.946 519.229
threshold=15.630000000000001 59.265000000000008 37822.850000000006 857732.45000000007 227385.75000000003 29.785000000000004 5.5000000000000009
decision_type=2 2 2 8 10 2 2
left_child=1 2 3 4 -1 -5 -7
right_child=-2 -3 -4 5 -6 6 -8
leaf_value=0.054602561503648755 0.00019689111155058798 0.031342106240801512 0.024207755300536087 -0.012118997893241399 -0.049592732460993647 -0.046856771167029035 -0.12229371035721764
leaf_weight=40 7581 75 62 63 48 105 62
leaf_count=40 7581 75 62 63 48 105 62
internal_value=-0.00108449 -0.0222044 -0.0330426 -0.0444065 -0.00184193 -0.0603064 -0.0776042
internal_weight=8036 455 380 318 88 230 167
internal_count=8036 455 380 318 88 230 167
is_linear=0
shrinkage=0.02


Tree=982
num_leaves=8
num_cat=1
split_feature=3 14 53 8 51 57 33
split_gain=371.235 487.567 511.996 523.586 471.055 1469.79 831.551
threshold=0 42.570000000000007 67.285000000000011 17.385000000000002 11.505000000000001 60.295000000000009 1.5000000000000002
decision_type=1 2 2 2 2 2 2
left_child=1 4 3 -3 5 -1 -6
right_child=-2 2 -4 -5 6 -7 -8
leaf_value=-0.015737317876327758 -0.003650978220188613 -0.054980250026317352 -0.058428223072551189 0.024770137906074522 0.031988461165540695 0.070272438948074084 0.0052106132236609702
leaf_weight=740 3989 42 91 105 573 84 2364
leaf_count=740 3989 42 91 105 573 84 2364
internal_value=0.000660107 0.00495634 -0.022504 0.000925286 0.00673479 -0.00659838 0.0104804
internal_weight=7988 3999 238 147 3761 824 2937
internal_count=7988 3999 238 147 3761 824 2937
cat_boundaries=0 1
cat_threshold=5
is_linear=0
shrinkage=0.02


Tree=983
num_leaves=8
num_cat=0
split_feature=43 22 58 42 49 21 10
split_gain=322.803 1109.09 782.569 632.071 608.309 796.304 966.66
threshold=1.0000000180025095e-35 22649.150000000005 50.245000000000012 2.3100000000000005 35.500000000000007 163310.50000000003 21965.950000000004
decision_type=2 2 2 2 2 10 2
left_child=1 3 -3 -1 -5 6 -6
right_child=-2 2 -4 4 5 -7 -8
leaf_value=-0.070882596023953873 0.0010778982919180768 -0.02695530509975947 -0.10979949949185054 0.0081485596134983941 -0.00047960798626819863 0.0028029076167093679 -0.085166777619471154
leaf_weight=47 5993 214 55 1134 98 308 115
leaf_count=47 5993 214 55 1134 98 308 115
internal_value=-0.00123262 -0.0082429 -0.0455883 -0.00222425 -6.68033e-05 -0.0178557 -0.0471074
internal_weight=7964 1971 269 1702 1655 521 213
internal_count=7964 1971 269 1702 1655 521 213
is_linear=0
shrinkage=0.02


Tree=984
num_leaves=8
num_cat=0
split_feature=58 12 40 56 40 40 56
split_gain=445.348 1153.17 539.074 770.629 607.962 490.838 490.188
threshold=29.345000000000002 80.110000000000014 45.475000000000001 52.905000000000008 46.665000000000006 42.785000000000004 49.57500000000001
decision_type=2 2 2 2 2 2 2
left_child=1 2 3 -1 -4 -3 -6
right_child=-2 5 4 -5 6 -7 -8
leaf_value=-0.031057284781835511 0.0013530974047157055 0.090908225779732066 0.065400140248239036 0.052927157016510656 -0.0023117998028616528 0.0091538005425379834 -0.045580165053115178
leaf_weight=733 5994 55 43 42 879 60 114
leaf_count=733 5994 55 43 42 879 60 114
internal_value=-0.00133684 -0.00969015 -0.013635 -0.0261958 -0.00415799 0.0504124 -0.00748264
internal_weight=7920 1926 1811 775 1036 115 993
internal_count=7920 1926 1811 775 1036 115 993
is_linear=0
shrinkage=0.02


Tree=985
num_leaves=8
num_cat=2
split_feature=14 40 20 53 2 2 20
split_gain=368.595 728.295 601.173 763.216 512.926 509.066 813.535
threshold=8.7450000000000028 56.135000000000012 927004.05000000016 57.455000000000005 0 1 664228.00000000012
decision_type=2 2 10 2 1 1 10
left_child=1 2 5 -4 -3 -1 -7
right_child=-2 4 3 -5 -6 6 -8
leaf_value=-0.047869753742175142 0.0016790352139523061 0.039473220911267752 -0.12684370551109314 -0.0099117174047104861 -0.01098666274500767 -0.015805001145828577 0.074518682211637502
leaf_weight=124 7179 128 45 42 176 231 43
leaf_count=124 7179 128 45 42 176 231 43
internal_value=0.000250018 -0.0126811 -0.0277857 -0.0740004 0.0114764 -0.0168908 -0.000529701
internal_weight=7968 789 485 87 304 398 274
internal_count=7968 789 485 87 304 398 274
cat_boundaries=0 1 2
cat_threshold=50 6
is_linear=0
shrinkage=0.02


Tree=986
num_leaves=8
num_cat=0
split_feature=56 51 56 56 36 0 33
split_gain=463.159 1223.79 1066.53 1277.28 906.424 868.527 828.963
threshold=41.82500000000001 35.525000000000013 43.225000000000001 42.815000000000005 1.0000000180025095e-35 31.500000000000004 3.5000000000000004
decision_type=2 2 2 2 2 2 2
left_child=-1 2 3 -2 5 -3 -6
right_child=1 4 -4 -5 6 -7 -8
leaf_value=0.0054645589037279644 -0.019786287025208512 0.060134206246245991 -0.0065359870522785713 -0.1044784299167348 0.046329406710455608 -0.027080117721697348 -0.0017940788074072612
leaf_weight=4929 247 50 1768 97 387 268 225
leaf_count=4929 247 50 1768 97 387 268 225
internal_value=0.00167927 -0.00445299 -0.0128631 -0.0448222 0.0146128 -0.0126486 0.0287658
internal_weight=7971 3042 2112 344 930 318 612
internal_count=7971 3042 2112 344 930 318 612
is_linear=0
shrinkage=0.02


Tree=987
num_leaves=8
num_cat=0
split_feature=40 17 42 30 31 40 20
split_gain=310.783 412.467 348.131 1498.39 907.346 808.054 769.873
threshold=5.6100000000000003 11346.750000000002 18.605000000000004 1.0000000180025095e-35 1.0000000180025095e-35 22.675000000000004 582880.95000000007
decision_type=2 2 2 2 2 2 10
left_child=1 -1 3 4 5 -2 -5
right_child=2 -3 -4 6 -6 -7 -8
leaf_value=0.0063015489396639167 0.0067175745964050291 -0.066250736791353959 -0.00065348400557812267 0.024743361728819638 0.021413211693400391 -0.085884251404553663 0.12258972920703165
leaf_weight=59 70 60 7370 69 214 75 61
leaf_count=59 70 60 7370 69 214 75 61
internal_value=-5.98699e-05 -0.0314758 0.000435536 0.0166893 -0.00460832 -0.0424461 0.0734958
internal_weight=7978 119 7859 489 359 145 130
internal_count=7978 119 7859 489 359 145 130
is_linear=0
shrinkage=0.02


Tree=988
num_leaves=8
num_cat=1
split_feature=8 3 55 8 53 56 8
split_gain=315.449 673.242 764.46 532.12 616.926 422.496 577.96
threshold=54.410000000000004 0 54.905000000000008 57.495000000000012 71.655000000000015 36.655000000000008 67.925000000000011
decision_type=2 1 2 2 2 2 2
left_child=-1 2 3 -2 -5 -3 -7
right_child=1 5 -4 4 -6 6 -8
leaf_value=0.00069379893694785201 -0.060939841761308559 -0.09294949209690094 0.061212207206957782 0.026009865024564215 -0.049226298115907181 -0.054667093326347047 0.026306716576218605
leaf_weight=7519 63 50 66 142 57 94 51
leaf_count=7519 63 50 66 142 57 94 51
internal_value=-0.000355085 -0.0152983 0.00283842 -0.012631 0.00378147 -0.0431004 -0.0262591
internal_weight=8042 523 328 262 199 195 145
internal_count=8042 523 328 262 199 195 145
cat_boundaries=0 1
cat_threshold=9
is_linear=0
shrinkage=0.02


Tree=989
num_leaves=8
num_cat=0
split_feature=12 8 9 8 0 17 48
split_gain=278.873 642.966 394.87 637.643 508.498 519.066 379.713
threshold=65.815000000000012 11.470000000000002 9.5000000000000018 19.505000000000006 49.500000000000007 11346.750000000002 24.500000000000004
decision_type=2 2 2 2 2 2 2
left_child=6 -2 -3 -4 -5 -6 -1
right_child=1 2 3 4 5 -7 -8
leaf_value=-0.0017727418253823538 0.050288754069983073 -0.00068133150789079406 -0.026378469870026625 0.084701035955509582 0.063974615356751849 -0.016355702147468346 0.031296654245488241
leaf_weight=6342 129 1144 65 72 51 72 137
leaf_count=6342 129 1144 65 72 51 72 137
internal_value=0.000766752 0.00842296 0.00441152 0.0264101 0.0442258 0.0181499 -0.00104989
internal_weight=8012 1533 1404 260 195 123 6479
internal_count=8012 1533 1404 260 195 123 6479
is_linear=0
shrinkage=0.02


Tree=990
num_leaves=8
num_cat=1
split_feature=23 58 21 2 36 56 12
split_gain=264.148 600.807 817.371 673.52 737.468 840.044 785.586
threshold=17.350000000000005 21.625000000000004 250110.90000000005 0 1.5000000000000002 39.505000000000003 53.445000000000007
decision_type=2 2 10 1 2 2 2
left_child=-1 2 -2 -3 5 6 -5
right_child=1 3 -4 4 -6 -7 -8
leaf_value=0.0039708052291120904 -0.08239075962154345 0.010240042105211357 0.018168560961882275 0.031951773877787804 0.019905060776503197 -0.059539859200379359 -0.057730795656641326
leaf_weight=6621 82 788 49 107 137 211 55
leaf_count=6621 82 788 49 107 137 211 55
internal_value=0.00228766 -0.00549755 -0.0454919 -0.00130206 -0.018894 -0.0337192 0.000687131
internal_weight=8050 1429 131 1298 510 373 162
internal_count=8050 1429 131 1298 510 373 162
cat_boundaries=0 1
cat_threshold=150
is_linear=0
shrinkage=0.02


Tree=991
num_leaves=8
num_cat=0
split_feature=23 23 17 49 17 17 66
split_gain=312.121 682.951 641.051 763.074 731.631 580.005 736.769
threshold=7.8500000000000005 8.1500000000000004 3833.6500000000005 49.500000000000007 2182.8000000000006 1044.3000000000002 0.18750000000000003
decision_type=2 2 2 2 2 2 2
left_child=-1 -2 3 5 -5 -3 -7
right_child=1 2 -4 4 -6 6 -8
leaf_value=-0.0042139159879302744 0.044840445715336151 -0.017258513930995586 -0.00017947747518308883 0.025986640608473999 -0.058376756138168277 0.061710718332027847 0.018196823753787741
leaf_weight=2423 157 113 4409 68 91 215 557
leaf_count=2423 157 113 4409 68 91 215 557
internal_value=0.00177903 0.00436888 0.00316363 0.0172158 -0.0226045 0.0244567 0.0306345
internal_weight=8033 5610 5453 1044 159 885 772
internal_count=8033 5610 5453 1044 159 885 772
is_linear=0
shrinkage=0.02


Tree=992
num_leaves=8
num_cat=0
split_feature=40 23 23 23 0 12 41
split_gain=509.036 765.86 535.176 693.051 532.984 354.011 1206.39
threshold=11.365000000000002 10.65 13.450000000000001 16.750000000000004 54.500000000000007 7.3150000000000004 30.580000000000002
decision_type=2 2 2 2 2 2 2
left_child=1 4 -3 -4 -1 6 -2
right_child=5 2 3 -5 -6 -7 -8
leaf_value=0.0449675552127227 -0.10964308584437651 -0.11033622448174459 0.031850088583098519 -0.076034932617957782 -0.040888619950535346 0.0011486480284311818 -0.0027759246021626968
leaf_weight=66 46 48 40 47 44 7367 248
leaf_count=66 46 48 40 47 44 7367 248
internal_value=-0.000632727 -0.0287169 -0.0597742 -0.0273974 0.0103405 0.000283554 -0.0210505
internal_weight=7906 245 135 87 110 7661 294
internal_count=7906 245 135 87 110 7661 294
is_linear=0
shrinkage=0.02


Tree=993
num_leaves=8
num_cat=0
split_feature=47 49 55 13 33 68 68
split_gain=336.704 299.799 964.098 526.741 483.855 455.699 402.568
threshold=1.0000000180025095e-35 62.500000000000007 41.795000000000009 332.65000000000003 2.5000000000000004 298839.15000000008 889690.60000000021
decision_type=2 2 2 2 2 2 2
left_child=-1 -2 3 -3 6 -5 -4
right_child=1 2 4 5 -6 -7 -8
leaf_value=0.04045627192733809 0.00027869599037563071 0.056235642573208844 -0.075452229572942967 -0.055803736995677554 -0.010768785532347338 0.021172667605443354 -0.0040501072765030764
leaf_weight=75 7387 83 130 44 167 78 42
leaf_count=75 7387 83 130 44 167 78 42
internal_value=-0.000369533 -0.000780851 -0.01504 0.0189128 -0.0355484 -0.00769332 -0.0586238
internal_weight=8006 7931 544 205 339 122 172
internal_count=8006 7931 544 205 339 122 172
is_linear=0
shrinkage=0.02


Tree=994
num_leaves=8
num_cat=0
split_feature=43 58 47 18 10 67 35
split_gain=329.43 657.265 453.336 666.82 766.302 717.329 624.814
threshold=1.0000000180025095e-35 67.810000000000016 4.5000000000000009 698910.65000000014 41315.000000000007 20.909217247113606 1.0000000180025095e-35
decision_type=2 2 2 2 2 2 2
left_child=1 2 6 5 -5 -4 -1
right_child=-2 -3 3 4 -6 -7 -8
leaf_value=-0.0085224727593496124 0.0025102641401950928 -0.075082836747169493 0.0041718331125673329 -0.10005348412429585 -0.0063448433917394631 0.084851228257884145 -0.057179029923968748
leaf_weight=524 5980 50 1077 46 113 41 128
leaf_count=524 5980 50 1077 46 113 41 128
internal_value=0.000169116 -0.0068937 -0.00493668 0.0020013 -0.0356794 0.00749517 -0.0184371
internal_weight=7959 1979 1929 1277 159 1118 652
internal_count=7959 1979 1929 1277 159 1118 652
is_linear=0
shrinkage=0.02


Tree=995
num_leaves=8
num_cat=0
split_feature=53 51 54 14 43 53 16
split_gain=498.611 678.594 513.065 657.336 519.467 471.135 1218.29
threshold=85.25500000000001 37.675000000000004 93.465000000000018 16.385000000000002 1.0000000180025095e-35 81.355000000000004 0.62015000000000009
decision_type=2 2 2 2 2 2 2
left_child=5 2 4 -4 -2 -1 -7
right_child=1 -3 3 -5 -6 6 -8
leaf_value=0.00013715146985843497 0.091761696361578424 -0.022134468729998313 -0.043715731719849819 0.038950033835357147 0.028964749304432946 -0.051761845274340537 0.036138556848515517
leaf_weight=7140 73 119 66 79 188 205 86
leaf_count=7140 73 119 66 79 188 205 86
internal_value=0.000448372 0.0191904 0.0314248 0.00111991 0.0479233 -0.000887766 -0.0256128
internal_weight=7956 525 406 145 261 7431 291
internal_count=7956 525 406 145 261 7431 291
is_linear=0
shrinkage=0.02


Tree=996
num_leaves=8
num_cat=1
split_feature=55 54 58 58 3 53 12
split_gain=414.364 691.104 546.736 317.771 696.506 553.379 589.97
threshold=65.245000000000019 92.875000000000014 28.275000000000002 29.345000000000002 0 37.415000000000006 79.110000000000014
decision_type=2 2 2 2 1 2 2
left_child=3 2 -2 4 -1 -6 -7
right_child=1 -3 -4 -5 5 6 -8
leaf_value=-0.049805953075742197 0.051063104997510489 -0.091645905581804424 -0.03876149187598265 0.0030806009200902485 0.033961995238025719 -0.0096808737735379711 0.037546793279940621
leaf_weight=122 41 47 61 5945 144 1484 109
leaf_count=122 41 47 61 5945 144 1484 109
internal_value=0.000183095 -0.0323048 -0.00195659 0.000823666 -0.00638281 -0.0028962 -0.00634198
internal_weight=7953 149 102 7804 1859 1737 1593
internal_count=7953 149 102 7804 1859 1737 1593
cat_boundaries=0 1
cat_threshold=2
is_linear=0
shrinkage=0.02


Tree=997
num_leaves=8
num_cat=0
split_feature=40 17 17 17 47 20 53
split_gain=403.853 871.223 1394.26 1002.55 922.906 733.548 648.943
threshold=45.705000000000005 1044.3000000000002 1603.5500000000002 2537.6500000000001 4.5000000000000009 1676579.9000000001 64.045000000000016
decision_type=2 2 2 2 2 8 2
left_child=1 5 -3 4 6 -1 -4
right_child=-2 2 3 -5 -6 -7 -8
leaf_value=0.0017237175936284273 0.0031936472398599071 0.070585006788833851 -0.052514551991286379 -0.0035224602878686502 -0.08977059974013088 -0.10746165144394657 0.052609612267950308
leaf_weight=41 4650 92 43 2942 102 56 41
leaf_count=41 4650 92 43 2942 102 56 41
internal_value=-0.000608316 -0.00593496 -0.00410544 -0.00641136 -0.0508173 -0.0634889 -0.00113097
internal_weight=7967 3317 3220 3128 186 97 84
internal_count=7967 3317 3220 3128 186 97 84
is_linear=0
shrinkage=0.02


Tree=998
num_leaves=8
num_cat=0
split_feature=14 33 23 47 8 8 14
split_gain=366.009 663.239 882.656 762.034 730.825 540.234 507.639
threshold=11.625000000000002 1.5000000000000002 10.65 8.5000000000000018 28.245000000000001 15.575000000000001 10.215000000000002
decision_type=2 2 2 2 2 2 2
left_child=1 2 4 -4 -1 -3 -7
right_child=-2 5 3 -5 -6 6 -8
leaf_value=0.027592354089249184 -0.0013851375319417791 0.027848645338948378 0.034053923805052094 0.12399183696609432 -0.05820069605844063 -0.012536673388815452 0.016505309509938317
leaf_weight=126 6241 269 121 54 52 767 345
leaf_count=126 6241 269 121 54 52 767 345
internal_value=0.000874809 0.00898939 0.0332499 0.0644795 0.00162382 0.00269053 -0.0034928
internal_weight=7975 1734 353 175 178 1381 1112
internal_count=7975 1734 353 175 178 1381 1112
is_linear=0
shrinkage=0.02


Tree=999
num_leaves=8
num_cat=1
split_feature=12 56 18 42 2 64 36
split_gain=340.458 837.246 840.072 743.435 482.877 519.277 593.511
threshold=65.815000000000012 32.57500000000001 354269.95000000007 48.815000000000005 0 2.5000000000000004 1.0000000180025095e-35
decision_type=2 2 2 2 1 2 2
left_child=-1 2 3 -2 -3 6 -6
right_child=1 4 -4 -5 5 -7 -8
leaf_value=-0.0031558912162071907 0.10838977883706187 -0.031027182726455584 -0.014535783323936347 0.025595003045954794 -0.0041528645707360392 -0.0032247365700389875 0.05119683555212249
leaf_weight=6521 77 153 77 101 136 791 173
leaf_count=6521 77 153 77 101 136 791 173
internal_value=-0.00117478 0.00737417 0.040035 0.0633936 0.000594615 0.00534582 0.0271576
internal_weight=8029 1508 255 178 1253 1100 309
internal_count=8029 1508 255 178 1253 1100 309
cat_boundaries=0 1
cat_threshold=64
is_linear=0
shrinkage=0.02


Tree=1000
num_leaves=8
num_cat=0
split_feature=49 56 8 31 23 17 48
split_gain=369.448 565.449 637.485 295.509 846.855 1199.8 916.752
threshold=4.5000000000000009 37.495000000000012 24.835000000000004 1.0000000180025095e-35 11.050000000000002 2956.3500000000004 6.5000000000000009
decision_type=2 2 2 2 2 2 2
left_child=1 -1 -3 4 6 -6 -2
right_child=3 2 -4 -5 5 -7 -8
leaf_value=0.02664210753970676 -0.0036940353509509988 -0.108265342930624 -0.0027140873924214786 0.0033827454243299184 0.048041653177486023 -0.0012309333449703646 -0.034751413482945505
leaf_weight=40 1130 46 42 4632 229 1272 569
leaf_count=40 1130 46 42 4632 229 1272 569
internal_value=-0.000406102 -0.0334601 -0.060743 0.00015511 -0.00451488 0.00642088 -0.0141667
internal_weight=7960 128 88 7832 3200 1501 1699
internal_count=7960 128 88 7832 3200 1501 1699
is_linear=0
shrinkage=0.02


Tree=1001
num_leaves=8
num_cat=0
split_feature=31 34 47 17 58 41 12
split_gain=376.439 705.925 689.873 569.477 874.992 1112.11 738.208
threshold=1.0000000180025095e-35 3.5000000000000004 14.500000000000002 2468.3500000000004 36.195000000000007 36.045000000000009 54.945000000000007
decision_type=2 2 2 2 2 2 2
left_child=1 2 -1 4 6 -6 -2
right_child=3 -3 -4 -5 5 -7 -8
leaf_value=-0.010085018955242863 0.033381557635580886 0.041981672296921416 0.053007226863377534 0.0041772487547850961 -0.1236041272562324 -0.020883129015564918 -0.04302115343113741
leaf_weight=3110 151 109 66 4202 52 173 70
leaf_count=3110 151 109 66 4202 52 173 70
internal_value=-0.00177292 -0.00694997 -0.00869265 0.00188953 -0.0194716 -0.0467941 0.00876521
internal_weight=7933 3285 3176 4648 446 225 221
internal_count=7933 3285 3176 4648 446 225 221
is_linear=0
shrinkage=0.02


Tree=1002
num_leaves=8
num_cat=0
split_feature=42 54 55 33 8 21 54
split_gain=261.555 860.779 678.679 501.469 519.813 334.766 680.167
threshold=9.1200000000000028 82.465000000000018 43.57500000000001 3.5000000000000004 23.115000000000006 408995.65000000008 66.605000000000004
decision_type=2 2 2 2 2 10 2
left_child=1 2 -1 4 -3 -2 -7
right_child=5 3 -4 -5 -6 6 -8
leaf_value=-0.007050913561273504 -0.0017091751750376294 0.029143897863449873 -0.10814429677526156 0.066492052531760673 -0.062022587171894433 -0.063704158676707229 0.015357519950206891
leaf_weight=49 6891 49 55 41 42 41 841
leaf_count=49 6891 49 55 41 42 41 841
internal_value=-0.000858057 -0.0213779 -0.0630221 0.0125354 -0.0139718 -0.000221702 0.0113439
internal_weight=8009 236 104 132 91 7773 882
internal_count=8009 236 104 132 91 7773 882
is_linear=0
shrinkage=0.02


Tree=1003
num_leaves=8
num_cat=0
split_feature=40 66 52 20 21 18 40
split_gain=358.226 625.621 266.187 746.461 1014 841.107 643.591
threshold=87.625000000000014 0.31250000000000006 15.630000000000001 504783.00000000006 251138.50000000003 292749.5500000001 39.015000000000008
decision_type=2 2 2 8 8 2 2
left_child=2 -2 3 -1 6 -6 -5
right_child=1 -3 -4 4 5 -7 -8
leaf_value=0.060706048647562662 0.052715348743527901 -0.0089222506869722305 -0.0010591721846953651 0.082334070861339564 -0.061166038051687716 0.012478155486885158 -0.021236665459970633
leaf_weight=40 126 130 7274 45 232 82 43
leaf_count=40 126 130 7274 45 232 82 43
internal_value=-0.00120222 0.0218437 -0.00198049 -0.0169612 -0.0253401 -0.04204 0.0333048
internal_weight=7972 256 7716 442 402 314 88
internal_count=7972 256 7716 442 402 314 88
is_linear=0
shrinkage=0.02


Tree=1004
num_leaves=8
num_cat=1
split_feature=23 8 3 59 23 16 64
split_gain=342.197 584.119 1101.21 987.481 925.129 675.851 661.768
threshold=16.350000000000005 31.485000000000003 0 1.0000000180025095e-35 23.250000000000004 0.53575000000000006 3.5000000000000004
decision_type=2 2 1 2 2 2 2
left_child=-1 5 3 -3 6 -2 -4
right_child=1 2 4 -5 -6 -7 -8
leaf_value=0.0021354136804508108 0.013173011219964699 0.020585574938803333 -0.11632692223175033 -0.0524551825855787 0.0017206716556579637 -0.018056539759693999 -0.033069260795911153
leaf_weight=6250 677 252 96 99 73 462 70
leaf_count=6250 677 252 96 99 73 462 70
internal_value=-4.39937e-05 -0.00790557 -0.0239661 -0.0004504 -0.0554921 0.000482159 -0.0832118
internal_weight=7979 1729 590 351 239 1139 166
internal_count=7979 1729 590 351 239 1139 166
cat_boundaries=0 1
cat_threshold=3
is_linear=0
shrinkage=0.02


Tree=1005
num_leaves=8
num_cat=0
split_feature=30 64 16 44 20 68 40
split_gain=396.808 684.282 901.904 1014.82 1175.71 647.553 640.629
threshold=1.0000000180025095e-35 2.5000000000000004 0.33685000000000004 1.0000000180025095e-35 566041.55000000016 364974.20000000007 69.250000000000014
decision_type=2 2 2 2 10 2 2
left_child=-1 2 -2 4 5 -4 -3
right_child=1 6 3 -5 -6 -7 -8
leaf_value=-0.0017743201716588386 -0.027792193969339133 0.0076346707992427532 -0.00027989375489679251 0.063363243956118823 0.066732303651200753 -0.094513425509134927 -0.024576460517403722
leaf_weight=5853 95 1312 83 270 69 40 299
leaf_count=5853 95 1312 83 270 69 40 299
internal_value=0.000933937 0.00823274 0.0272351 0.0387267 0.00335257 -0.0334198 0.00159877
internal_weight=8021 2168 557 462 192 123 1611
internal_count=8021 2168 557 462 192 123 1611
is_linear=0
shrinkage=0.02


Tree=1006
num_leaves=8
num_cat=0
split_feature=56 68 38 54 38 42 56
split_gain=476.506 607.963 665.125 942.648 854.199 966.291 651.577
threshold=30.575000000000003 1771695.7500000002 2323.2500000000005 86.845000000000013 20349.100000000002 50.275000000000013 28.245000000000001
decision_type=2 2 10 2 10 2 2
left_child=1 2 6 4 5 -4 -1
right_child=-2 -3 3 -5 -6 -7 -8
leaf_value=0.022276237465356563 4.62375021924362e-05 0.048028982909102187 -0.13713477177298572 -0.0043038707029743077 -0.0016298952605575323 -0.038015777390864161 -0.026799903866165962
leaf_weight=215 7130 52 78 190 63 85 208
leaf_count=215 7130 52 78 190 63 85 208
internal_value=-0.00168125 -0.0154282 -0.0196224 -0.0374197 -0.0645647 -0.0881167 -0.00188693
internal_weight=8021 891 839 416 226 163 423
internal_count=8021 891 839 416 226 163 423
is_linear=0
shrinkage=0.02


Tree=1007
num_leaves=8
num_cat=0
split_feature=67 17 8 48 51 13 45
split_gain=343.088 624.655 827.945 697.458 672.665 548.909 607.384
threshold=4.6974434707168671 2537.6500000000001 43.615000000000002 4.5000000000000009 34.585000000000008 328.35000000000008 1.0000000180025095e-35
decision_type=2 2 2 2 2 2 2
left_child=1 2 3 5 -5 -1 -7
right_child=-2 -3 -4 4 -6 6 -8
leaf_value=0.039022938930164508 0.0053777888184521139 -0.0004914735680015762 -0.096870559122827327 -0.056270649298621807 0.014729815164208413 0.021790152570252776 -0.049558061616438803
leaf_weight=118 3018 4376 49 198 70 88 94
leaf_count=118 3018 4376 49 198 70 88 94
internal_value=5.92255e-05 -0.00315772 -0.0219118 -0.0146565 -0.0377956 0.00629527 -0.0153998
internal_weight=8011 4993 617 568 268 300 182
internal_count=8011 4993 617 568 268 300 182
is_linear=0
shrinkage=0.02


Tree=1008
num_leaves=8
num_cat=0
split_feature=56 12 53 20 24 27 46
split_gain=348.144 916.193 1011.99 862.558 609.247 535.531 493.208
threshold=30.155000000000005 43.085000000000008 67.945000000000007 811772.10000000021 2.5000000000000004 1.0000000180025095e-35 6.5000000000000009
decision_type=2 2 2 10 2 2 2
left_child=1 2 3 4 6 -3 -1
right_child=-2 5 -4 -5 -6 -7 -8
leaf_value=-0.05258780162315816 0.00066560169807036663 0.016923921827025509 -0.094634291781940383 -0.071558906911384487 0.044857255908110266 -0.036111131847525638 0.02583406849570994
leaf_weight=79 7222 365 85 79 83 91 48
leaf_count=79 7222 365 85 79 83 91 48
internal_value=-0.000747583 -0.0129744 -0.0359598 -0.0173867 0.00418265 0.0060633 -0.0230922
internal_weight=8052 830 374 289 210 456 127
internal_count=8052 830 374 289 210 456 127
is_linear=0
shrinkage=0.02


Tree=1009
num_leaves=8
num_cat=0
split_feature=46 22 43 57 32 16 16
split_gain=324.227 609.562 501.025 826.062 686.732 848.205 626.532
threshold=3.5000000000000004 28469.050000000003 1.0000000180025095e-35 38.565000000000005 1.0000000180025095e-35 0.55605000000000016 0.55135000000000012
decision_type=2 2 2 2 2 2 2
left_child=1 2 3 4 5 -1 -5
right_child=-2 -3 -4 6 -6 -7 -8
leaf_value=0.065890377486836821 -0.0018402189639955126 -0.041971362121403219 0.015765987797064156 -0.055722165713530211 -0.023928559567617334 -0.02106938392355822 0.010872078143398871
leaf_weight=131 5860 91 1458 163 110 64 83
leaf_count=131 5860 91 1458 163 110 64 83
internal_value=0.000576829 0.00730989 0.0096408 -0.00656306 0.0153404 0.0375365 -0.0334844
internal_weight=7960 2100 2009 551 305 195 246
internal_count=7960 2100 2009 551 305 195 246
is_linear=0
shrinkage=0.02


Tree=1010
num_leaves=8
num_cat=1
split_feature=43 41 49 38 12 7 12
split_gain=454.935 767.62 1254.36 1169.4 766.614 656.578 621.847
threshold=1.0000000180025095e-35 38.945000000000007 21.500000000000004 17351.150000000005 67.38000000000001 0 25.775000000000002
decision_type=2 2 2 10 2 1 2
left_child=1 2 5 4 6 -1 -4
right_child=-2 -3 3 -5 -6 -7 -8
leaf_value=0.042080822854690877 0.0023185782706520212 0.00020774247315144737 0.0069858320886269209 -0.12586615348040167 0.03414649965434239 -0.017229402387261991 -0.063304156437516218
leaf_weight=105 6010 1316 65 62 53 184 205
leaf_count=105 6010 1316 65 62 53 184 205
internal_value=-0.000426693 -0.00870272 -0.025974 -0.0493779 -0.0330011 0.00551377 -0.0465631
internal_weight=8000 1990 674 385 323 289 270
internal_count=8000 1990 674 385 323 289 270
cat_boundaries=0 1
cat_threshold=21
is_linear=0
shrinkage=0.02


Tree=1011
num_leaves=8
num_cat=1
split_feature=13 53 4 18 53 48 13
split_gain=320.01 622.453 656.829 652.879 556.542 545.031 539.255
threshold=381.45000000000005 92.25500000000001 0 509596.55000000005 80.02500000000002 7.5000000000000009 404.65000000000003
decision_type=2 2 1 2 2 2 2
left_child=-1 2 3 4 5 6 -2
right_child=1 -3 -4 -5 -6 -7 -8
leaf_value=-0.0014532987848300098 0.025798054229544131 -0.060744570470773258 0.0022548970812278422 -0.0047248550191864207 -0.017378732384296887 0.0070931177768442369 0.087961046504901677
leaf_weight=5917 93 47 1482 169 52 85 159
leaf_count=5917 93 47 1482 169 52 85 159
internal_value=0.000922702 0.00764644 0.00936678 0.0275384 0.0421361 0.0514392 0.0659682
internal_weight=8004 2087 2040 558 389 337 252
internal_count=8004 2087 2040 558 389 337 252
cat_boundaries=0 1
cat_threshold=2
is_linear=0
shrinkage=0.02


Tree=1012
num_leaves=8
num_cat=0
split_feature=16 12 54 20 33 54 20
split_gain=357.296 540.382 422.408 993.796 854.356 717.053 696.355
threshold=0.57745000000000013 85.185000000000016 83.285000000000011 786768.15000000002 2.5000000000000004 79.885000000000005 632628.50000000012
decision_type=2 2 2 8 2 2 10
left_child=-1 2 3 5 -5 6 -2
right_child=1 -3 -4 4 -6 -7 -8
leaf_value=-0.0015629231016107883 -0.013244827174278627 0.051784976150067344 -0.00047423518312562322 0.052857776797827216 0.0056841470366821457 0.034213484316054039 -0.11171198926073439
leaf_weight=5597 78 101 1552 305 307 54 42
leaf_count=5597 78 101 1552 305 307 54 42
internal_value=0.00122168 0.00760188 0.00558677 0.0174819 0.0294317 -0.0241966 -0.0507983
internal_weight=8036 2439 2338 786 612 174 120
internal_count=8036 2439 2338 786 612 174 120
is_linear=0
shrinkage=0.02


Tree=1013
num_leaves=8
num_cat=0
split_feature=20 56 57 56 50 56 40
split_gain=327.493 289.469 445.933 347.66 706.965 584.08 545.268
threshold=2455266.1000000001 55.295000000000009 45.425000000000004 38.525000000000013 3.5000000000000004 37.965000000000011 35.875000000000007
decision_type=10 2 2 2 2 2 2
left_child=1 3 -3 5 -5 -1 -7
right_child=-2 2 -4 4 -6 6 -8
leaf_value=0.0042674295265878954 -0.045654916904474561 0.046873397667727926 -0.015537369687792282 -0.0037547540294423161 0.038993104583358175 -0.021171638212114013 0.052700494454519166
leaf_weight=3352 52 131 66 3989 156 48 180
leaf_count=3352 52 131 66 3989 156 48 180
internal_value=0.00211856 0.00246074 0.0260972 0.00184148 -0.00210087 0.00640258 0.0370279
internal_weight=7974 7922 197 7725 4145 3580 228
internal_count=7974 7922 197 7725 4145 3580 228
is_linear=0
shrinkage=0.02


Tree=1014
num_leaves=8
num_cat=0
split_feature=64 30 42 54 42 9 64
split_gain=386.673 364.117 910.171 786.741 503.433 500.3 640.786
threshold=1.0000000180025095e-35 1.0000000180025095e-35 19.215000000000003 82.465000000000018 10.480000000000002 11.500000000000002 2.5000000000000004
decision_type=2 2 2 2 2 2 2
left_child=-1 4 3 -3 -2 6 -4
right_child=1 2 5 -5 -6 -7 -8
leaf_value=-0.051604397003849355 -0.035422967880013145 -0.0041107654706998304 0.027541750722869476 0.086702363446354874 -0.0021491238173901128 -0.023755584900770337 -0.00055579052048131009
leaf_weight=55 183 61 429 95 5631 245 1288
leaf_count=55 183 61 429 95 5631 245 1288
internal_value=-0.00102274 -0.000639721 0.00645055 0.0521672 -0.00322598 0.00269221 0.00652409
internal_weight=7987 7932 2118 156 5814 1962 1717
internal_count=7987 7932 2118 156 5814 1962 1717
is_linear=0
shrinkage=0.02


Tree=1015
num_leaves=8
num_cat=0
split_feature=46 16 53 32 53 50 48
split_gain=350.074 468.506 379.886 747.813 709.645 628.253 509.017
threshold=11.500000000000002 0.67360000000000009 85.855000000000004 1.0000000180025095e-35 84.300000000000011 1.5000000000000002 3.5000000000000004
decision_type=2 2 2 2 2 2 2
left_child=2 -2 4 5 -1 -4 -7
right_child=1 -3 3 -5 -6 6 -8
leaf_value=-0.0012293702996327529 -0.038813132626713868 0.033464161131117082 0.054404500854148899 -0.016253107945124308 -0.056540669660936009 -0.052146588160711174 0.035619540030306034
leaf_weight=7205 188 40 207 175 89 46 50
leaf_count=7205 188 40 207 175 89 46 50
internal_value=-0.00153102 -0.0256869 -0.000806325 0.0163722 -0.00194254 0.0351732 -0.00693467
internal_weight=8000 228 7772 478 7294 303 96
internal_count=8000 228 7772 478 7294 303 96
is_linear=0
shrinkage=0.02


Tree=1016
num_leaves=8
num_cat=0
split_feature=16 40 23 58 56 42 14
split_gain=427.453 912.499 553.202 432.407 662.932 890.527 538.409
threshold=0.72825000000000006 69.960000000000022 19.650000000000002 33.525000000000013 36.285000000000004 36.265000000000008 17.975000000000005
decision_type=2 2 2 2 2 2 2
left_child=-1 2 3 6 -5 -6 -2
right_child=1 -3 -4 4 5 -7 -8
leaf_value=-0.00057215885877059502 0.0072834585892827541 -0.033162474428352559 0.092703321809862183 -0.04126548803797582 0.089535133203522105 -0.0041542797663807873 0.084414730954915279
leaf_weight=7415 68 109 46 77 56 120 75
leaf_count=7415 68 109 46 77 56 120 75
internal_value=0.000695695 0.0176094 0.0303609 0.0220535 0.00604104 0.0273058 0.0492221
internal_weight=7966 551 442 396 253 176 143
internal_count=7966 551 442 396 253 176 143
is_linear=0
shrinkage=0.02


Tree=1017
num_leaves=8
num_cat=2
split_feature=42 64 10 7 10 3 8
split_gain=394.729 575.766 496.073 437.808 744.722 705.778 618.789
threshold=81.935000000000016 2.5000000000000004 25571.950000000001 0 14383.050000000001 1 11.965000000000002
decision_type=2 2 2 1 2 1 2
left_child=3 2 -2 4 6 -6 -1
right_child=1 -3 -4 -5 5 -7 -8
leaf_value=-0.061574078188618514 0.0079188578217117885 0.0047400238096875994 0.094572915346672129 -7.0006456361743866e-05 -0.02757802940562696 0.010377763716713891 -0.016861825870509266
leaf_weight=159 49 455 55 5770 257 686 533
leaf_count=159 49 455 55 5770 257 686 533
internal_value=-0.00144545 0.0146851 0.0559816 -0.00267223 -0.0117553 -0.000238831 -0.0275033
internal_weight=7964 559 104 7405 1635 943 692
internal_count=7964 559 104 7405 1635 943 692
cat_boundaries=0 1 2
cat_threshold=36 2
is_linear=0
shrinkage=0.02


Tree=1018
num_leaves=8
num_cat=0
split_feature=8 17 21 20 46 51 23
split_gain=424.848 704.499 714.302 1202.27 766.558 854.701 887.866
threshold=24.545000000000005 1859.6500000000003 284278.15000000008 676794.00000000012 3.5000000000000004 6.0050000000000008 11.950000000000001
decision_type=2 2 8 8 2 2 2
left_child=1 -1 3 -3 5 -4 -7
right_child=-2 2 4 -5 -6 6 -8
leaf_value=0.033949351413082599 -0.0022668973569531154 -0.024569269621071862 -0.038763780348198981 0.032392237916822303 -0.0077337584538360437 0.0038745043336025986 0.053506184432484297
leaf_weight=346 4248 186 90 669 1870 324 256
leaf_count=346 4248 186 90 669 1870 324 256
internal_value=0.00206045 0.00697072 0.00417533 0.0199298 -0.00115659 0.0171219 0.026051
internal_weight=7989 3741 3395 855 2540 670 580
internal_count=7989 3741 3395 855 2540 670 580
is_linear=0
shrinkage=0.02


Tree=1019
num_leaves=8
num_cat=0
split_feature=8 48 15 57 17 21 8
split_gain=316.414 537.114 502.813 469.146 436.135 412.42 360.151
threshold=8.5850000000000026 8.5000000000000018 2.5000000000000004 29.145000000000003 7315.3500000000013 422506.45000000007 9.4650000000000016
decision_type=2 2 2 2 2 8 2
left_child=1 2 3 4 -1 -3 -2
right_child=6 5 -4 -5 -6 -7 -8
leaf_value=-0.034507476351362594 -0.032703151460874963 0.019671999062747799 -0.018131544161587954 0.070327144488123536 0.050875002535022036 -0.066255648317544352 0.00025738370911221277
leaf_weight=42 130 40 59 126 44 41 7467
leaf_count=42 130 40 59 126 44 41 7467
internal_value=0.000536735 0.0189382 0.0323314 0.0464695 0.00957169 -0.0251456 -0.000327776
internal_weight=7949 352 271 212 86 81 7597
internal_count=7949 352 271 212 86 81 7597
is_linear=0
shrinkage=0.02


Tree=1020
num_leaves=8
num_cat=0
split_feature=48 20 42 31 47 10 10
split_gain=297.54 653.388 528.703 1112.32 439.83 333.849 741.293
threshold=17.500000000000004 743518.60000000009 38.880000000000003 1.0000000180025095e-35 7.5000000000000009 67549.35000000002 61107.400000000001
decision_type=2 8 2 2 2 2 2
left_child=5 4 3 -3 -2 6 -1
right_child=1 2 -4 -5 -6 -7 -8
leaf_value=0.0009114861685343014 -0.023013203911807226 -0.10534867520425835 0.015529445283936235 0.021686629165084129 -0.099362697842717174 0.010294166088935542 -0.033289841481818343
leaf_weight=5833 87 46 249 57 45 1383 260
leaf_count=5833 87 46 249 57 45 1383 260
internal_value=0.000454321 -0.0146607 -0.000234544 -0.0372983 -0.0517179 0.00144202 -0.000574049
internal_weight=7960 484 352 103 132 7476 6093
internal_count=7960 484 352 103 132 7476 6093
is_linear=0
shrinkage=0.02


Tree=1021
num_leaves=8
num_cat=0
split_feature=50 16 42 16 10 57 42
split_gain=431.716 548.163 1019.75 380.525 524.665 845.515 526.281
threshold=3.5000000000000004 0.60415000000000008 38.880000000000003 0.77885000000000015 17115.100000000002 42.695000000000007 57.765000000000008
decision_type=2 2 2 2 2 2 2
left_child=3 2 -2 -1 -5 6 -6
right_child=1 -3 -4 4 5 -7 -8
leaf_value=-0.0021521957737094446 0.1025216718248918 -0.021344703761014074 0.00701569983659283 0.060929278430083528 0.067374834551740051 -0.064197494343475062 -0.022134122550487519
leaf_weight=7474 66 72 123 87 62 49 40
leaf_count=7474 66 72 123 87 62 49 40
internal_value=-0.000489579 0.0245621 0.0421497 -0.00135278 0.0232795 0.000329575 0.0328792
internal_weight=7973 261 189 7712 238 151 102
internal_count=7973 261 189 7712 238 151 102
is_linear=0
shrinkage=0.02


Tree=1022
num_leaves=8
num_cat=1
split_feature=41 3 12 53 48 47 36
split_gain=404.968 1253.86 695.287 622.142 573.652 499.22 421.54
threshold=23.855000000000004 0 14.955000000000002 38.82500000000001 4.5000000000000009 7.5000000000000009 2.5000000000000004
decision_type=2 1 2 2 2 2 2
left_child=1 4 -3 -4 -1 6 -5
right_child=-2 2 3 5 -6 -7 -8
leaf_value=0.0032175794875217694 0.0020812030444273101 -0.091049776119258949 0.052472235871397932 -0.039685544118677314 0.094887548732970436 0.02858544689322275 0.017801968904792284
leaf_weight=54 7336 54 41 375 51 58 56
leaf_count=54 7336 54 41 375 51 58 56
internal_value=0.000701088 -0.0139026 -0.0252954 -0.0182803 0.0458628 -0.0246836 -0.0320977
internal_weight=8025 689 584 530 105 489 431
internal_count=8025 689 584 530 105 489 431
cat_boundaries=0 1
cat_threshold=4
is_linear=0
shrinkage=0.02


Tree=1023
num_leaves=8
num_cat=0
split_feature=54 20 58 6 53 40 20
split_gain=365.843 723.777 524.847 559.147 1021.71 749.877 745.487
threshold=73.02500000000002 467350.40000000008 65.195000000000007 1.0000000180025095e-35 51.565000000000005 63.365000000000002 679828.95000000007
decision_type=2 8 2 2 2 2 10
left_child=1 -1 3 6 -5 -6 -3
right_child=-2 2 -4 4 5 -7 -8
leaf_value=-0.043864827280243233 -0.0015698429120549881 -0.022792827001821375 -0.041410707578820698 -0.0041223886594396507 0.066456185497369147 -0.0060451140617330873 0.043504677001759411
leaf_weight=82 7077 206 54 198 286 70 95
leaf_count=82 7077 206 54 198 286 70 95
internal_value=2.63351e-05 0.0113757 0.0165716 0.0204531 0.0322872 0.052314 -0.00149941
internal_weight=8068 991 909 855 554 356 301
internal_count=8068 991 909 855 554 356 301
is_linear=0
shrinkage=0.02


Tree=1024
num_leaves=8
num_cat=0
split_feature=17 17 8 67 40 8 12
split_gain=477.043 869.491 940.525 1085.92 1026.95 994.921 796.563
threshold=2897.4000000000001 2468.3500000000004 24.275000000000002 18.751524156740739 43.535000000000004 17.925000000000004 47.535000000000004
decision_type=2 2 2 2 2 2 2
left_child=1 2 3 5 -4 6 -1
right_child=-2 -3 4 -5 -6 -7 -8
leaf_value=-0.034648664284459486 -0.0012331859764173408 0.048264134995505685 -0.069342146212855976 0.10375317087130886 0.0040397145098923512 0.054798750794420002 0.027592231400415931
leaf_weight=191 6958 218 115 51 208 136 137
leaf_count=191 6958 218 115 51 208 136 137
internal_value=0.000670831 0.0131631 0.00379972 0.0205072 -0.0227457 0.0103488 -0.00862775
internal_weight=8014 1056 838 515 323 464 328
internal_count=8014 1056 838 515 323 464 328
is_linear=0
shrinkage=0.02


Tree=1025
num_leaves=8
num_cat=0
split_feature=22 53 22 12 42 0 34
split_gain=347.394 716.854 674.254 515.499 999.654 674.621 633.113
threshold=10900.950000000003 66.00500000000001 12431.850000000002 47.535000000000004 32.870000000000012 39.500000000000007 1.5000000000000002
decision_type=2 2 2 2 2 2 2
left_child=1 -1 -2 5 -5 -3 -6
right_child=2 3 -4 4 6 -7 -8
leaf_value=-0.0036529516871912321 -0.019851964183303605 0.010825223698724755 -0.00094973931260337256 -0.055940178442432223 0.056605408759567676 0.067727268411402114 -0.0011066526781825215
leaf_weight=1152 878 167 5205 78 122 166 189
leaf_count=1152 878 167 5205 78 122 166 189
internal_value=-0.0013727 0.00614582 -0.00369209 0.021698 0.00591665 0.0397731 0.0220702
internal_weight=7957 1874 6083 722 389 333 311
internal_count=7957 1874 6083 722 389 333 311
is_linear=0
shrinkage=0.02


Tree=1026
num_leaves=8
num_cat=0
split_feature=40 52 40 65 14 8 40
split_gain=426.853 658.83 792.299 731.205 632.169 582.849 551.795
threshold=45.705000000000005 65.310000000000016 45.085000000000008 0.76388888888888895 5.205000000000001 58.455000000000005 31.535000000000004
decision_type=2 2 2 2 2 2 2
left_child=1 2 3 5 -2 -1 -7
right_child=4 -3 -4 -5 -6 6 -8
leaf_value=-0.0081965745736229754 0.064856249089561294 0.01583377852659635 -0.071241481315344565 0.02981698913735498 0.0029681829003182524 -0.10640156957010427 -0.013374938643167888
leaf_weight=2496 62 490 75 192 4604 43 58
leaf_count=2496 62 490 75 192 4604 43 58
internal_value=-5.12719e-05 -0.00548889 -0.00915821 -0.0073642 0.00385907 -0.0101651 -0.0561311
internal_weight=8020 3354 2864 2789 4666 2597 101
internal_count=8020 3354 2864 2789 4666 2597 101
is_linear=0
shrinkage=0.02


Tree=1027
num_leaves=8
num_cat=0
split_feature=49 67 40 6 21 17 13
split_gain=365.656 580.766 820.084 752.063 734.677 693.793 657.649
threshold=38.500000000000007 21.709829573554007 42.615000000000002 1.5000000000000002 214791.40000000002 2828.2500000000005 394.15000000000003
decision_type=2 2 2 2 8 2 2
left_child=-1 2 3 4 -2 -5 -6
right_child=1 -3 -4 5 6 -7 -8
leaf_value=0.0036035911792134077 0.029181478894673863 0.02956753761951058 0.00049870773277573336 0.071811384518941243 -0.066059410677830319 -0.014182812978999804 -0.002566352558604787
leaf_weight=5858 47 163 1242 40 294 221 84
leaf_count=5858 47 163 1242 40 294 221 84
internal_value=0.00104106 -0.00612944 -0.00921606 -0.0266809 -0.0429366 9.84833e-05 -0.0521675
internal_weight=7949 2091 1928 686 425 261 378
internal_count=7949 2091 1928 686 425 261 378
is_linear=0
shrinkage=0.02


Tree=1028
num_leaves=8
num_cat=0
split_feature=12 22 20 51 42 20 20
split_gain=371.205 950.785 655.634 584.831 540.63 1079.08 804.482
threshold=30.115000000000006 28469.050000000003 1676579.9000000001 23.295000000000005 51.115000000000002 1195415.7500000002 679828.95000000007
decision_type=2 2 10 2 2 10 10
left_child=1 2 4 -3 6 -6 -1
right_child=-2 3 -4 -5 5 -7 -8
leaf_value=0.036240623057980981 -0.0023802570354056903 -0.1034623476366202 -0.050359741370467573 -0.0022534977051676536 -0.0052714979720369934 0.071299806099706958 -0.0037526742202673579
leaf_weight=631 6072 43 63 44 803 76 293
leaf_count=631 6072 43 63 44 803 76 293
internal_value=5.98698e-05 0.00763308 0.0107013 -0.0551806 0.0129683 0.00171483 0.0236068
internal_weight=8025 1953 1866 87 1803 879 924
internal_count=8025 1953 1866 87 1803 879 924
is_linear=0
shrinkage=0.02


Tree=1029
num_leaves=8
num_cat=2
split_feature=12 48 21 2 20 4 49
split_gain=407.053 617.51 863.699 899.083 1004 962.406 1107.05
threshold=59.07500000000001 3.5000000000000004 241464.05000000002 0 676794.00000000012 1 38.500000000000007
decision_type=2 2 10 1 10 1 2
left_child=-1 2 3 5 -5 -2 -7
right_child=1 -3 -4 4 -6 6 -8
leaf_value=-0.0033138864083777264 0.045198304600129698 -0.0029931622111966255 -0.002088145788966809 0.029338689236596684 0.10131449570819255 0.0058600470910266959 -0.11379939136297808
leaf_weight=5762 103 1230 479 224 119 93 41
leaf_count=5762 103 1230 479 224 119 93 41
internal_value=-0.000479634 0.00664658 0.0178043 0.0341102 0.0538591 0.00267029 -0.0312784
internal_weight=8051 2289 1059 580 343 237 134
internal_count=8051 2289 1059 580 343 237 134
cat_boundaries=0 1 2
cat_threshold=7 10
is_linear=0
shrinkage=0.02


Tree=1030
num_leaves=8
num_cat=0
split_feature=22 22 21 21 42 23 38
split_gain=454.445 451.824 633.798 573.861 1146.96 556.919 547.496
threshold=38110.700000000004 11090.500000000002 177185.20000000004 449637.20000000007 33.505000000000003 9.4500000000000011 13045.250000000002
decision_type=2 2 8 10 2 2 8
left_child=1 2 -1 -3 5 -5 -6
right_child=-2 3 -4 4 6 -7 -8
leaf_value=0.060445804826560479 0.052265127774268859 -0.0061417429089856449 0.0042655779799626462 0.0076063503116621809 0.0090363662321777914 -0.080640265825441329 0.060069547803141179
leaf_weight=79 58 5544 1868 54 165 54 171
leaf_count=79 58 5544 1868 54 165 54 171
internal_value=-0.0012405 -0.00166426 0.0066941 -0.0043853 0.0173706 -0.0381328 0.0355086
internal_weight=7993 7935 1947 5988 444 108 336
internal_count=7993 7935 1947 5988 444 108 336
is_linear=0
shrinkage=0.02


Tree=1031
num_leaves=8
num_cat=1
split_feature=64 42 32 2 41 31 41
split_gain=315.819 672.802 419.909 418.346 559.318 817.717 1154.65
threshold=4.5000000000000009 30.335000000000004 1.0000000180025095e-35 0 47.965000000000011 1.0000000180025095e-35 30.925000000000001
decision_type=2 2 2 1 2 2 2
left_child=2 -2 -1 4 5 6 -4
right_child=1 -3 3 -5 -6 -7 -8
leaf_value=0.0019415269508796136 0.063153401181422264 0.0048848317645978738 0.0037016697468296171 -0.0018635608567808247 -0.0048980683725430739 -0.0097816353897802796 -0.10575633366393229
leaf_weight=5064 88 544 57 1440 445 194 112
leaf_count=5064 88 544 57 1440 445 194 112
internal_value=-7.6677e-05 0.0134302 -0.0012525 -0.00843593 -0.0197991 -0.0382895 -0.069793
internal_weight=7944 632 7312 2248 808 363 169
internal_count=7944 632 7312 2248 808 363 169
cat_boundaries=0 1
cat_threshold=28
is_linear=0
shrinkage=0.02


Tree=1032
num_leaves=8
num_cat=0
split_feature=54 53 25 68 6 52 14
split_gain=375.508 488.428 487.069 446.417 580.873 468.376 880.5
threshold=63.410000000000004 42.855000000000011 1.0000000180025095e-35 561852.35000000021 1.5000000000000002 50.665000000000006 10.035000000000002
decision_type=2 2 2 2 2 2 2
left_child=1 -1 -3 4 5 6 -2
right_child=3 2 -4 -5 -6 -7 -8
leaf_value=-0.023660349808633328 0.043590201650215772 0.072558215312736554 -0.0039117430245334452 -0.0050944740180003598 0.015706724928715506 -0.0095472970523569796 0.0005680165314976861
leaf_weight=51 218 92 50 3747 1262 1273 1298
leaf_count=51 218 92 50 3747 1262 1273 1298
internal_value=0.000568193 0.0277678 0.046415 -0.000122357 0.00447725 -0.000623015 0.00687754
internal_weight=7991 193 142 7798 4051 2789 1516
internal_count=7991 193 142 7798 4051 2789 1516
is_linear=0
shrinkage=0.02


Tree=1033
num_leaves=8
num_cat=0
split_feature=45 57 13 38 42 57 22
split_gain=362.037 762.461 591.791 867.311 829.519 563.421 497.033
threshold=1.0000000180025095e-35 56.600000000000009 431.15000000000003 5304.0000000000009 39.915000000000006 59.600000000000009 7726.3500000000013
decision_type=2 2 2 10 2 2 2
left_child=1 2 -1 4 -4 6 -2
right_child=5 -3 3 -5 -6 -7 -8
leaf_value=0.0057530135186216625 -0.03379452327558817 -0.021015095770680978 0.13972174362260467 -0.004461517498487293 0.029870161747461869 0.01893946994592122 -0.0042522817922625222
leaf_weight=2830 237 400 44 96 71 393 3938
leaf_count=2830 237 400 44 96 71 393 3938
internal_value=-0.000117613 0.00477788 0.0081995 0.0401198 0.0759708 -0.0038065 -0.00596771
internal_weight=8009 3441 3041 211 115 4568 4175
internal_count=8009 3441 3041 211 115 4568 4175
is_linear=0
shrinkage=0.02


Tree=1034
num_leaves=8
num_cat=1
split_feature=5 15 41 56 56 17 38
split_gain=377.556 678.617 2040.68 1177.87 719.107 1079.88 1066.65
threshold=0 1.5000000000000002 72.190000000000012 31.445000000000004 38.845000000000006 4416.2000000000007 6859.0000000000009
decision_type=1 2 2 2 2 2 8
left_child=-1 4 3 -3 5 -2 -6
right_child=1 2 -4 -5 6 -7 -8
leaf_value=0.0020960349230358896 0.057359793865998113 -0.11760471193303525 0.058606679254432317 -0.029031834214452715 0.017806960376045212 0.00099147173059246007 -0.026850104431166266
leaf_weight=5644 164 66 92 436 307 696 680
leaf_count=5644 164 66 92 436 307 696 680
internal_value=-0.000748379 -0.00729473 -0.0258232 -0.0417218 -0.00132166 0.0120102 -0.0129401
internal_weight=8085 2441 594 502 1847 860 987
internal_count=8085 2441 594 502 1847 860 987
cat_boundaries=0 1
cat_threshold=3
is_linear=0
shrinkage=0.02


Tree=1035
num_leaves=8
num_cat=0
split_feature=57 48 17 43 55 47 57
split_gain=436.441 614.182 723.382 680.599 955.758 877.739 725.373
threshold=38.565000000000005 1.5000000000000002 10731.850000000002 1.0000000180025095e-35 42.295000000000009 6.5000000000000009 40.920000000000009
decision_type=2 2 2 2 2 2 2
left_child=-1 2 -2 4 5 -3 -6
right_child=1 3 -4 -5 6 -7 -8
leaf_value=0.0051695671227789805 0.028125629491727339 -0.11244595144072485 -0.0074465788755924993 -0.0034131675197869773 -0.089086741828855051 -0.003980800077026966 -0.0063610850907820709
leaf_weight=4588 440 82 467 1940 42 46 444
leaf_count=4588 440 82 467 1940 42 46 444
internal_value=0.00112706 -0.00423154 0.00986965 -0.00924878 -0.0275105 -0.0750813 -0.0143446
internal_weight=8049 3461 907 2554 614 128 486
internal_count=8049 3461 907 2554 614 128 486
is_linear=0
shrinkage=0.02


Tree=1036
num_leaves=8
num_cat=0
split_feature=38 37 53 68 38 32 53
split_gain=411.318 806.289 726.486 804.873 721.733 820.66 755.578
threshold=4695.9000000000005 0.31010000000000004 82.365000000000023 317573.40000000008 2397.6500000000005 1.0000000180025095e-35 45.475000000000001
decision_type=10 2 2 2 8 2 2
left_child=1 4 3 -3 5 6 -1
right_child=-2 2 -4 -5 -6 -7 -8
leaf_value=0.095266907128848527 0.0036771454344856616 -0.0016379007627256215 0.031962047694694427 -0.046129555585312433 -0.0051704493656139503 -0.013131910466261812 0.022072324694398744
leaf_weight=71 3071 251 79 459 3628 180 238
leaf_count=71 3071 251 79 459 3628 180 238
internal_value=-0.00205932 -0.00565025 -0.024104 -0.0305223 -0.00208874 0.0205961 0.0401397
internal_weight=7977 4906 789 710 4117 489 309
internal_count=7977 4906 789 710 4117 489 309
is_linear=0
shrinkage=0.02


Tree=1037
num_leaves=8
num_cat=0
split_feature=22 46 54 50 64 10 42
split_gain=299.011 295.494 482.412 623.695 543.279 1279.76 983.911
threshold=38110.700000000004 6.5000000000000009 95.865000000000023 2.5000000000000004 2.5000000000000004 27451.900000000005 72.635000000000005
decision_type=2 2 2 2 2 2 2
left_child=1 -1 3 4 5 -3 -7
right_child=-2 2 -4 -5 -6 6 -8
leaf_value=0.0022525675968994101 0.041975583588676674 -0.059388476104273669 0.010225424917060202 0.022438770986269587 -0.0076785380822161674 -0.017137819380036692 0.087050344436726684
leaf_weight=5330 62 281 573 203 1373 154 42
leaf_count=5330 62 281 573 203 1373 154 42
internal_value=-9.87541e-05 -0.000452791 -0.00593771 -0.0104628 -0.0141238 -0.0324038 0.00679827
internal_weight=8018 7956 2626 2053 1850 477 196
internal_count=8018 7956 2626 2053 1850 477 196
is_linear=0
shrinkage=0.02


Tree=1038
num_leaves=8
num_cat=1
split_feature=23 56 42 3 52 23 58
split_gain=358.682 958.144 782.438 707.905 1019.55 967.363 901.017
threshold=17.350000000000005 30.435000000000006 50.915000000000006 0 38.885000000000012 21.050000000000004 22.750000000000004
decision_type=2 2 2 1 2 2 2
left_child=-1 2 -2 4 -3 -5 -7
right_child=1 3 -4 5 -6 6 -8
leaf_value=0.0036946982126490804 -0.093182381774214187 -0.090723876226239092 -0.0089903901579479369 -0.013835132393139792 0.001838418425581718 -0.053253497600555422 0.032413966569541527
leaf_weight=6561 83 77 91 528 113 50 490
leaf_count=6561 83 77 91 528 113 50 490
internal_value=0.00171489 -0.0073373 -0.050632 -0.00117227 -0.0352313 0.0053018 0.024066
internal_weight=7993 1432 174 1258 190 1068 540
internal_count=7993 1432 174 1258 190 1068 540
cat_boundaries=0 1
cat_threshold=4
is_linear=0
shrinkage=0.02


Tree=1039
num_leaves=8
num_cat=1
split_feature=55 15 15 2 48 38 34
split_gain=319.388 624.857 495.602 490.426 616.094 487.762 692.874
threshold=54.735000000000007 1.0000000180025095e-35 3.5000000000000004 0 3.5000000000000004 5084.6500000000005 1.0000000180025095e-35
decision_type=2 2 2 1 2 8 2
left_child=-1 3 5 4 -2 -3 -7
right_child=1 2 -4 -5 -6 6 -8
leaf_value=0.0023409861843631278 0.084434641695791679 -0.083862499166783455 0.010730195203713612 -0.0051256930020300538 0.0006266706465840946 -0.093739615030586712 -0.011947392363921098
leaf_weight=6783 57 69 108 656 81 45 254
leaf_count=6783 57 69 108 656 81 45 254
internal_value=0.000616213 -0.00856876 -0.0265586 0.00231477 0.0345676 -0.0374991 -0.0255966
internal_weight=8053 1270 476 794 138 368 299
internal_count=8053 1270 476 794 138 368 299
cat_boundaries=0 1
cat_threshold=200
is_linear=0
shrinkage=0.02


Tree=1040
num_leaves=8
num_cat=0
split_feature=55 57 48 47 20 12 47
split_gain=378.988 685.281 645.335 607.859 933.326 575.384 584.22
threshold=38.355000000000011 41.365000000000002 4.5000000000000009 2.5000000000000004 927004.05000000016 56.035000000000004 5.5000000000000009
decision_type=2 2 2 2 8 2 2
left_child=1 3 -3 4 -1 6 -5
right_child=-2 2 -4 5 -6 -7 -8
leaf_value=-0.10026300229924791 -0.0025386777196840077 0.0062852430303198424 -0.060526742843266965 0.044399590803055597 0.0081391271889799891 -0.0023487951203365566 0.012913770013984692
leaf_weight=42 6137 124 102 368 96 468 658
leaf_count=42 6137 124 102 368 96 468 658
internal_value=-0.000142067 0.00775954 -0.0245263 0.0122917 -0.027205 0.0160186 0.0243675
internal_weight=7995 1858 226 1632 138 1494 1026
internal_count=7995 1858 226 1632 138 1494 1026
is_linear=0
shrinkage=0.02


Tree=1041
num_leaves=8
num_cat=0
split_feature=51 17 20 38 57 38 57
split_gain=243.882 243.441 495.031 305.66 264.869 847.759 822.482
threshold=85.955000000000013 133909.85000000003 582880.95000000007 9369.3000000000011 16.115000000000006 27483.200000000004 11.340000000000002
decision_type=2 2 8 8 2 8 2
left_child=1 4 -3 -4 5 -1 -7
right_child=-2 2 3 -5 -6 6 -8
leaf_value=0.0056357973211844051 -0.04486860848912038 -0.033009276329254614 0.00029839875319829351 0.063378755306259971 0.00054524825400922719 -0.0081744367813383033 -0.056496948249962022
leaf_weight=695 45 44 47 84 6555 369 225
leaf_count=695 45 44 47 84 6555 369 225
internal_value=-0.00083459 -0.000559681 0.0224376 0.0415899 -0.00108672 -0.00935586 -0.0267972
internal_weight=8064 8019 175 131 7844 1289 594
internal_count=8064 8019 175 131 7844 1289 594
is_linear=0
shrinkage=0.02


Tree=1042
num_leaves=8
num_cat=0
split_feature=56 51 34 56 41 6 30
split_gain=330.36 1269.58 939.566 882.316 1134.62 855.639 791.476
threshold=41.82500000000001 34.960000000000008 1.5000000000000002 43.225000000000001 34.985000000000007 1.0000000180025095e-35 1.0000000180025095e-35
decision_type=2 2 2 2 2 2 2
left_child=-1 2 3 -2 -5 -4 -6
right_child=1 -3 5 4 6 -7 -8
leaf_value=0.00085547703789724166 -0.073837346964926456 0.011419210237218067 -0.023434548933704304 -0.069337155217373811 0.00055830465867405846 0.011309217937817258 -0.057836073093050347
leaf_weight=4902 156 963 503 157 520 637 108
leaf_count=4902 156 963 503 157 520 637 108
internal_value=-0.00235887 -0.00752812 -0.0163025 -0.0310389 -0.0221202 -0.0040561 -0.00986156
internal_weight=7946 3044 2081 941 785 1140 628
internal_count=7946 3044 2081 941 785 1140 628
is_linear=0
shrinkage=0.02


Tree=1043
num_leaves=8
num_cat=1
split_feature=8 41 55 55 45 55 3
split_gain=387.602 656.153 552.017 501.502 457.903 550.961 427.491
threshold=54.410000000000004 55.735000000000007 54.905000000000008 48.315000000000005 1.0000000180025095e-35 27.190000000000001 0
decision_type=2 2 2 2 2 2 1
left_child=4 2 3 -2 5 -1 -7
right_child=1 -3 -4 -5 -6 6 -8
leaf_value=-0.052689385912457455 -0.029420595374745381 0.012232509294381508 0.027901014178991317 -0.094853138038888576 -0.0031116604767706941 0.02447811252747973 0.0046830987483494355
leaf_weight=56 208 190 45 59 4250 513 2642
leaf_count=56 208 190 45 59 4250 513 2642
internal_value=4.47379e-05 -0.0168773 -0.0345178 -0.0453573 0.00119385 0.00688849 0.00802767
internal_weight=7963 502 312 267 7461 3211 3155
internal_count=7963 502 312 267 7461 3211 3155
cat_boundaries=0 1
cat_threshold=4
is_linear=0
shrinkage=0.02


Tree=1044
num_leaves=8
num_cat=0
split_feature=17 67 47 17 8 55 10
split_gain=361.443 587.467 747.05 446.39 634.811 532.218 640.022
threshold=976.75000000000011 4.5842279216035307 7.5000000000000009 5791.9000000000005 47.650000000000006 55.845000000000006 22769.550000000007
decision_type=2 2 2 2 2 2 2
left_child=1 2 -1 4 5 6 -2
right_child=3 -3 -4 -5 -6 -7 -8
leaf_value=-0.08383021668826833 0.024619869887702654 0.034460369785842687 0.017486163301274497 -0.001497073934524792 -0.030710638087760929 -0.012754172923323375 0.00013525820052588377
leaf_weight=80 1176 41 42 5570 146 301 669
leaf_count=80 1176 41 42 5570 146 301 669
internal_value=0.000941771 -0.0280866 -0.0496356 0.00156107 0.00898004 0.0117454 0.0157661
internal_weight=8025 163 122 7862 2292 2146 1845
internal_count=8025 163 122 7862 2292 2146 1845
is_linear=0
shrinkage=0.02


Tree=1045
num_leaves=8
num_cat=0
split_feature=31 17 23 41 51 14 23
split_gain=408.011 1160.48 1661.92 1052.09 818.833 626.391 623.575
threshold=1.0000000180025095e-35 2956.3500000000004 11.15 46.725000000000001 19.035000000000004 8.9950000000000028 7.5500000000000007
decision_type=2 2 2 2 2 2 2
left_child=1 2 3 -1 -5 -2 -6
right_child=5 -3 -4 4 6 -7 -8
leaf_value=-0.058927400325392856 -0.017932124650599717 -0.011592983739413237 0.058557502246246895 0.072498564232626683 -0.058643041595083767 0.0051907466693831769 0.036353785991668705
leaf_weight=111 523 2826 242 64 56 4167 46
leaf_count=111 523 2826 242 64 56 4167 46
internal_value=-0.00120955 -0.00654101 0.0208155 -0.0126112 0.0191767 0.00259588 -0.0161045
internal_weight=8035 3345 519 277 166 4690 102
internal_count=8035 3345 519 277 166 4690 102
is_linear=0
shrinkage=0.02


Tree=1046
num_leaves=8
num_cat=1
split_feature=16 23 42 54 54 21 3
split_gain=497.128 1121.35 1121.23 930.929 1130.67 923.714 958.645
threshold=0.50155000000000005 19.950000000000003 44.345000000000006 73.170000000000016 96.165000000000006 240675.30000000002 0
decision_type=2 2 2 2 2 8 1
left_child=-1 2 3 -2 5 -5 -7
right_child=1 -3 -4 4 -6 6 -8
leaf_value=-0.0040545956571522972 0.070940865706774145 -0.02614272494766957 0.00066412767323185083 0.052062732288549685 0.052454933971428037 0.015445212743951661 -0.031900409109182133
leaf_weight=4251 148 385 2072 140 280 416 269
leaf_count=4251 148 385 2072 140 280 416 269
internal_value=0.000612258 0.0059579 0.00970849 0.0246024 0.0181044 0.00620032 -0.00348236
internal_weight=7961 3710 3325 1253 1105 825 685
internal_count=7961 3710 3325 1253 1105 825 685
cat_boundaries=0 1
cat_threshold=3
is_linear=0
shrinkage=0.02


Tree=1047
num_leaves=8
num_cat=2
split_feature=21 2 41 42 2 22 54
split_gain=527.52 786.517 650.756 810.734 892.029 842.645 706.899
threshold=347883.25000000006 0 43.015000000000008 21.795000000000005 1 12134.350000000002 66.605000000000004
decision_type=10 1 2 2 1 2 2
left_child=1 -1 3 -2 5 -5 -4
right_child=2 -3 6 4 -6 -7 -8
leaf_value=0.0028984690089693538 -0.014782017977642161 -0.011042029626310923 -0.071329251658861281 -0.075644263082080415 0.059716873761344623 0.028582034123875201 0.0029520319817096588
leaf_weight=3086 142 3383 49 40 271 95 1000
leaf_count=3086 142 3383 49 40 271 95 1000
internal_value=-0.00186561 -0.00440727 0.00841154 0.025968 0.0402269 -0.00363859 -0.000839647
internal_weight=8066 6469 1597 548 406 135 1049
internal_count=8066 6469 1597 548 406 135 1049
cat_boundaries=0 1 2
cat_threshold=177 161
is_linear=0
shrinkage=0.02


Tree=1048
num_leaves=8
num_cat=1
split_feature=0 17 2 24 28 65 8
split_gain=391.622 820.638 662.276 646.147 597.926 585.244 583.281
threshold=22.500000000000004 5299.5000000000009 0 1.0000000180025095e-35 1.0000000180025095e-35 0.35416666666666669 10.415000000000001
decision_type=2 2 1 2 2 2 2
left_child=1 2 5 -3 -5 -1 -4
right_child=-2 3 6 4 -6 -7 -8
leaf_value=0.10493195784754222 0.0026025110822570281 0.016318674790627749 -0.058904235772788527 -0.055862709809493802 -0.00026764561688261373 0.017589343786239626 0.0096095732297104448
leaf_weight=40 7111 98 67 275 107 105 157
leaf_count=40 7111 98 67 275 107 105 157
internal_value=0.00106732 -0.011731 0.0106214 -0.0288468 -0.0404949 0.0416048 -0.0112316
internal_weight=7960 849 369 480 382 145 224
internal_count=7960 849 369 480 382 145 224
cat_boundaries=0 1
cat_threshold=50
is_linear=0
shrinkage=0.02


Tree=1049
num_leaves=8
num_cat=0
split_feature=14 20 17 41 41 63 56
split_gain=359.744 620.094 793.19 662.512 1317.04 1068.54 744.321
threshold=18.785000000000004 453860.80000000005 12968.650000000003 40.385000000000012 41.495000000000012 1.0000000180025095e-35 52.615000000000002
decision_type=2 8 2 2 2 2 2
left_child=-1 2 -2 5 -5 6 -3
right_child=1 3 -4 4 -6 -7 -8
leaf_value=-0.0033949551466075285 0.012656943094197329 0.027752555894813891 -0.05752453844184461 -0.079751597548072997 0.0043097453647780231 -0.012248141285766598 0.10695163238507052
leaf_weight=4314 118 685 133 72 2343 279 47
leaf_count=4314 118 685 133 72 2343 279 47
internal_value=0.000521047 0.00511382 -0.0249281 0.00734791 0.00164397 0.0208979 0.0335288
internal_weight=7991 3677 251 3426 2415 1011 732
internal_count=7991 3677 251 3426 2415 1011 732
is_linear=0
shrinkage=0.02


Tree=1050
num_leaves=8
num_cat=0
split_feature=68 42 38 23 40 6 68
split_gain=297.512 474.559 618.111 604.35 698.165 639.919 444.19
threshold=1820341.55 18.605000000000004 21816.250000000004 18.550000000000004 26.705000000000002 1.0000000180025095e-35 1060371.3
decision_type=2 2 10 2 2 2 2
left_child=1 2 3 4 -1 -6 -3
right_child=-2 6 -4 -5 5 -7 -8
leaf_value=0.03459526244247179 0.017536834437651031 0.00063093162145873652 -0.036730086255717921 0.080950053368202032 0.033979737282845014 -0.051435197385088095 -0.01200101713027677
leaf_weight=274 381 5628 69 63 52 88 1383
leaf_count=274 381 5628 69 63 52 88 1383
internal_value=0.000410156 -0.000464341 0.0174084 0.0255395 0.0162421 -0.0196319 -0.00186764
internal_weight=7938 7557 546 477 414 140 7011
internal_count=7938 7557 546 477 414 140 7011
is_linear=0
shrinkage=0.02


Tree=1051
num_leaves=8
num_cat=1
split_feature=3 56 36 56 42 0 56
split_gain=381.855 528.347 697.02 798.884 565.726 579.073 543.249
threshold=0 30.155000000000005 1.0000000180025095e-35 28.685000000000006 51.925000000000004 45.500000000000007 58.75500000000001
decision_type=1 2 2 2 2 2 2
left_child=-1 2 3 -2 5 -4 -3
right_child=1 6 4 -5 -6 -7 -8
leaf_value=0.0053210573998978125 0.03923839658356848 -0.00017432677469247712 -0.12277564155558744 -0.052765296541028101 -0.013214518486034305 -0.030930879446677863 -0.070107251829571199
leaf_weight=4037 100 3522 55 54 100 59 40
leaf_count=4037 100 3522 55 54 100 59 40
internal_value=0.0010116 -0.00342115 -0.0260771 0.00633257 -0.0490121 -0.0785388 -0.00105682
internal_weight=7967 3930 368 154 214 114 3562
internal_count=7967 3930 368 154 214 114 3562
cat_boundaries=0 1
cat_threshold=5
is_linear=0
shrinkage=0.02


Tree=1052
num_leaves=8
num_cat=3
split_feature=7 5 66 23 12 58 1
split_gain=319.777 563.118 519.841 544.199 587.703 503.119 458.576
threshold=0 1 0.31250000000000006 9.2500000000000018 47.345000000000006 31.265000000000004 2
decision_type=1 1 2 2 2 2 1
left_child=1 2 3 -1 -5 -4 -3
right_child=-2 6 5 4 -6 -7 -8
leaf_value=-0.0034533654102834603 0.0036054513535172411 -0.023770890965948043 0.050134994996354931 0.021952984913879509 0.1278275269932217 -0.026654958972930909 -0.00041701830652372097
leaf_weight=54 6336 657 42 44 40 120 684
leaf_count=54 6336 657 42 44 40 120 684
internal_value=0.00156893 -0.00626509 0.0179323 0.046323 0.0767184 -0.00584147 -0.0118169
internal_weight=7977 1641 300 138 84 162 1341
internal_count=7977 1641 300 138 84 162 1341
cat_boundaries=0 1 2 3
cat_threshold=40 1 2
is_linear=0
shrinkage=0.02


Tree=1053
num_leaves=8
num_cat=0
split_feature=22 8 64 49 10 49 16
split_gain=382.408 540.664 315.204 375.285 325.429 298.172 663.209
threshold=6257.7500000000009 27.345000000000002 1.0000000180025095e-35 94.500000000000014 35237.950000000004 9.5000000000000018 0.27115000000000006
decision_type=2 2 2 2 2 2 2
left_child=1 -1 -2 5 -5 6 -4
right_child=2 -3 3 4 -6 -7 -8
leaf_value=-0.065178051298415224 -0.045214301013109977 0.014557308750074419 0.051743090725862063 0.073756248497024737 -0.00087456580899331884 0.0028734317728195515 -0.014809633819592329
leaf_weight=76 52 56 60 49 41 6891 775
leaf_count=76 52 56 60 49 41 6891 775
internal_value=0.00107445 -0.0320542 0.00165024 0.00199074 0.0415011 0.00150394 -0.00974787
internal_weight=8000 132 7868 7816 90 7726 835
internal_count=8000 132 7868 7816 90 7726 835
is_linear=0
shrinkage=0.02


Tree=1054
num_leaves=8
num_cat=0
split_feature=17 54 41 66 22 22 41
split_gain=328.673 783.868 951.055 728.668 453.173 645.104 545.837
threshold=1796.0500000000002 93.645000000000024 49.875000000000007 0.31250000000000006 14498.450000000003 11272.150000000003 60.745000000000012
decision_type=2 2 2 2 2 2 2
left_child=1 3 -3 4 5 -1 -6
right_child=-2 2 -4 -5 6 -7 -8
leaf_value=0.064286366600256703 0.00031252753117091872 -0.077719249957624609 0.022953294520868976 -0.0039752398926305443 0.10744030378330713 -0.029212229273535992 0.015899265156851874
leaf_weight=60 7536 63 80 141 82 50 40
leaf_count=60 7536 63 80 141 82 50 40
internal_value=0.00137486 0.0167379 -0.0225262 0.0318898 0.053311 0.0223647 0.0792344
internal_weight=8052 516 143 373 232 110 122
internal_count=8052 516 143 373 232 110 122
is_linear=0
shrinkage=0.02


Tree=1055
num_leaves=8
num_cat=1
split_feature=14 33 2 49 13 10 23
split_gain=444.721 805.381 495.636 666.114 582.17 493.048 479.529
threshold=43.180000000000007 1.5000000000000002 0 21.500000000000004 389.85000000000008 21221.600000000002 15.450000000000001
decision_type=2 2 1 2 2 2 2
left_child=-1 5 3 -3 6 -2 -4
right_child=1 2 4 -5 -6 -7 -8
leaf_value=0.00074710067413709402 -0.11042382821169767 -0.092294988390409713 0.014271782155311297 -0.00082178580235032486 0.065364722513383433 -0.016437898252321326 -0.060052789946397143
leaf_weight=7563 50 48 121 80 57 41 43
leaf_count=7563 50 48 121 80 57 41 43
internal_value=-0.000395674 -0.0198261 -0.0056304 -0.0346957 0.0125776 -0.0711401 -0.00641591
internal_weight=8003 440 349 128 221 91 164
internal_count=8003 440 349 128 221 91 164
cat_boundaries=0 1
cat_threshold=52
is_linear=0
shrinkage=0.02


Tree=1056
num_leaves=8
num_cat=0
split_feature=42 38 20 40 10 42 47
split_gain=376.18 737.781 953.367 983.229 816.656 678.791 881.007
threshold=52.385000000000012 17351.150000000005 790474.20000000007 56.285000000000004 82147.85000000002 41.205000000000005 5.5000000000000009
decision_type=2 10 8 2 2 2 2
left_child=1 -1 -3 4 5 -4 -7
right_child=-2 2 3 -5 -6 6 -8
leaf_value=0.0075781769158955563 -0.004392597250091947 0.024284347737030615 -0.037492165586879948 0.038159969388574792 0.015371499014528174 -0.028984131230248344 -0.15727344943693392
leaf_weight=3788 3595 163 204 64 71 40 49
leaf_count=3788 3595 163 204 64 71 40 49
internal_value=0.000398396 0.00433215 -0.0163622 -0.0319437 -0.0446197 -0.0591709 -0.104224
internal_weight=7974 4379 591 428 364 293 89
internal_count=7974 4379 591 428 364 293 89
is_linear=0
shrinkage=0.02


Tree=1057
num_leaves=8
num_cat=0
split_feature=22 41 58 51 22 24 23
split_gain=453.794 595.269 517.056 623.972 508.165 494.837 487.793
threshold=7726.3500000000013 72.595000000000013 36.515000000000008 29.845000000000002 8295.3500000000022 1.5000000000000002 16.550000000000004
decision_type=2 2 2 2 2 2 2
left_child=1 2 3 -1 5 -2 -4
right_child=4 -3 6 -5 -6 -7 -8
leaf_value=-0.033775050829236326 -0.011517633445122664 0.033873169312351632 -0.062205866133229114 0.040787223379445986 0.0018607379572262099 0.05533758263765038 0.013592859440379673
leaf_weight=99 63 71 173 74 7339 133 40
leaf_count=99 63 71 173 74 7339 133 40
internal_value=0.00154328 -0.0176992 -0.0274971 -0.00163154 0.00272131 0.0340965 -0.0479861
internal_weight=7992 457 386 173 7535 196 213
internal_count=7992 457 386 173 7535 196 213
is_linear=0
shrinkage=0.02


Tree=1058
num_leaves=8
num_cat=0
split_feature=53 16 38 38 53 14 0
split_gain=477.659 454.36 471.764 522.768 872.079 636.711 484.748
threshold=40.225000000000001 0.21995000000000003 2356.5500000000006 6389.8000000000002 31.555000000000003 17.805000000000003 50.500000000000007
decision_type=2 2 8 10 2 2 2
left_child=1 -1 -3 4 5 -4 -7
right_child=-2 2 3 -5 -6 6 -8
leaf_value=0.073830482272029513 0.00021130047782148628 0.052728538896777845 -0.00064376123083962331 0.027261633033285271 0.015462460737127983 -0.031016934241714148 -0.12440656989481713
leaf_weight=46 7122 96 85 291 274 53 40
leaf_count=46 7122 96 85 291 274 53 40
internal_value=0.00193773 0.0157519 0.0121491 0.00658857 -0.0068735 -0.0407389 -0.0754824
internal_weight=8007 885 839 743 452 178 93
internal_count=8007 885 839 743 452 178 93
is_linear=0
shrinkage=0.02


Tree=1059
num_leaves=8
num_cat=0
split_feature=17 41 17 31 17 56 46
split_gain=324.523 820.017 456.531 419.386 385.174 553.124 354.552
threshold=1044.3000000000002 49.000000000000007 793.20000000000016 1.0000000180025095e-35 1293.5000000000002 38.925000000000004 3.5000000000000004
decision_type=2 2 2 2 2 2 2
left_child=1 2 -1 -3 5 -2 -6
right_child=4 3 -4 -5 6 -7 -8
leaf_value=-0.016599125418008544 0.086108996333444821 0.05220156936791906 -0.10414158117229289 -0.024744564258215723 0.0076767777946323548 -0.0082067199624501746 -0.0020231694619431127
leaf_weight=46 46 52 50 52 2048 47 5666
leaf_count=46 46 52 50 52 2048 47 5666
internal_value=0.000404711 -0.0244356 -0.0650925 0.0143583 0.0010563 0.0404572 0.000555387
internal_weight=8007 200 96 104 7807 93 7714
internal_count=8007 200 96 104 7807 93 7714
is_linear=0
shrinkage=0.02


Tree=1060
num_leaves=8
num_cat=0
split_feature=64 17 66 68 10 8 9
split_gain=679.613 651.867 638.528 710.574 1225.03 800.983 796.135
threshold=2.5000000000000004 3229.8500000000008 0.56250000000000011 1272147.5000000002 67549.35000000002 53.770000000000003 4.5000000000000009
decision_type=2 2 2 2 2 2 2
left_child=1 -1 3 5 -5 -3 -7
right_child=-2 2 -4 4 -6 6 -8
leaf_value=0.030801824711874488 -0.0035380210146818505 0.010958372181757759 0.064697282636788353 -0.047140049863178116 0.065531020849309063 -0.089120509263240943 0.018904004954561897
leaf_weight=449 5679 1438 62 221 42 61 44
leaf_count=449 5679 1438 62 221 42 61 44
internal_value=0.000186504 0.00930333 0.00406743 0.00181313 -0.02826 0.00701374 -0.0450514
internal_weight=7996 2317 1868 1806 263 1543 105
internal_count=7996 2317 1868 1806 263 1543 105
is_linear=0
shrinkage=0.02


Tree=1061
num_leaves=8
num_cat=1
split_feature=17 49 67 42 42 2 55
split_gain=362.645 691.113 1342.71 1283.86 648.511 983.635 650.043
threshold=5965.8500000000013 49.500000000000007 11.542423413327004 64.830000000000013 60.565000000000005 0 55.845000000000006
decision_type=2 2 2 2 2 1 2
left_child=1 4 3 -3 6 -6 -1
right_child=-2 2 -4 -5 5 -7 -8
leaf_value=0.024667382894944551 -0.0016937540523553497 -0.060004795426143086 0.051848770684740517 0.032177987818617415 0.024653379800159941 -0.023993399776249046 -0.011327688990781704
leaf_weight=1274 5482 228 84 78 263 400 235
leaf_count=1274 5482 228 84 78 263 400 235
internal_value=0.00120983 0.00741391 -0.0169514 -0.0363677 0.0118178 -0.00464614 0.0190429
internal_weight=8044 2562 390 306 2172 663 1509
internal_count=8044 2562 390 306 2172 663 1509
cat_boundaries=0 1
cat_threshold=57
is_linear=0
shrinkage=0.02


Tree=1062
num_leaves=8
num_cat=2
split_feature=56 2 17 56 53 2 12
split_gain=511.485 1328.38 718.328 678.244 1276.78 785.309 775.958
threshold=34.465000000000011 0 2072.0000000000005 38.525000000000013 67.455000000000013 1 44.920000000000009
decision_type=2 1 2 2 2 1 2
left_child=1 -1 -3 4 -2 -6 -7
right_child=3 2 -4 -5 5 6 -8
leaf_value=0.014129814945875268 0.0014117727737916943 -0.069911712853708008 -0.015727289665590387 -0.00091437984489924301 0.062779951494120592 0.055524127646571116 -0.01387685136049099
leaf_weight=679 1031 102 1243 4415 265 100 163
leaf_count=679 1031 102 1243 4415 265 100 163
internal_value=0.000149447 -0.00852741 -0.0199325 0.00309385 0.0144116 0.0395443 0.0125853
internal_weight=7998 2024 1345 5974 1559 528 263
internal_count=7998 2024 1345 5974 1559 528 263
cat_boundaries=0 1 2
cat_threshold=224 27
is_linear=0
shrinkage=0.02


Tree=1063
num_leaves=8
num_cat=0
split_feature=56 41 17 13 33 48 0
split_gain=624.82 615.435 837.102 1050.81 741.617 1300.48 825.679
threshold=39.195000000000007 24.665000000000003 18997.350000000002 370.45000000000005 1.0000000180025095e-35 3.5000000000000004 40.500000000000007
decision_type=2 2 2 2 2 2 2
left_child=-1 2 3 -2 5 6 -3
right_child=1 4 -4 -5 -6 -7 -8
leaf_value=0.0062820584314711523 -0.079508011579469198 -0.038571943591852662 0.011037831580513842 0.0035372998923063276 -0.000321849938109202 -0.092328705786122497 0.073057424025015638
leaf_weight=3805 163 56 138 95 3542 92 42
leaf_count=3805 163 56 138 95 3542 92 42
internal_value=0.000440005 -0.00494602 -0.0284918 -0.0494434 -0.00241281 -0.040385 0.0104933
internal_weight=7933 4128 396 258 3732 190 98
internal_count=7933 4128 396 258 3732 190 98
is_linear=0
shrinkage=0.02


Tree=1064
num_leaves=8
num_cat=1
split_feature=57 64 21 50 56 41 4
split_gain=343.993 848.116 708.353 572.644 541.787 436.144 471.437
threshold=11.665000000000001 2.5000000000000004 292899.75000000006 1.5000000000000002 38.715000000000011 36.355000000000011 0
decision_type=2 2 8 2 2 2 1
left_child=1 2 -1 5 -5 -3 -7
right_child=-2 3 -4 4 -6 6 -8
leaf_value=-0.0091591307319499344 -0.00057262976069749844 0.055271148779651239 0.065965671344050042 0.020911478636165461 -0.045893701491161031 0.028456968650608868 -0.020093670137906951
leaf_weight=69 7216 79 169 67 151 139 152
leaf_count=69 7216 79 169 67 151 139 152
internal_value=0.000830248 0.0130156 0.0444455 2.65022e-05 -0.0253533 0.0151187 0.00346868
internal_weight=8042 826 238 588 218 370 291
internal_count=8042 826 238 588 218 370 291
cat_boundaries=0 1
cat_threshold=10
is_linear=0
shrinkage=0.02


Tree=1065
num_leaves=8
num_cat=1
split_feature=68 52 10 5 42 12 54
split_gain=607.402 960.404 1065.02 843.323 642.54 628.335 631.259
threshold=971458.90000000014 63.135000000000012 68368.800000000003 0 74.605000000000004 7.3150000000000004 93.885000000000005
decision_type=2 2 2 1 2 2 2
left_child=-1 2 3 -2 5 -5 -7
right_child=1 -3 -4 4 -6 6 -8
leaf_value=0.0034127827773300728 -0.073759209290146829 0.013881857552785646 0.010094791284383653 -0.083709178711561597 0.024373418619235358 -0.029245176163204066 0.0089949599374598514
leaf_weight=5686 119 558 450 63 115 742 222
leaf_count=5686 119 558 450 63 115 742 222
internal_value=-7.84769e-05 -0.00881567 -0.0162368 -0.0256362 -0.0195088 -0.0247059 -0.0204379
internal_weight=7955 2269 1711 1261 1142 1027 964
internal_count=7955 2269 1711 1261 1142 1027 964
cat_boundaries=0 1
cat_threshold=8
is_linear=0
shrinkage=0.02


Tree=1066
num_leaves=8
num_cat=0
split_feature=22 68 68 51 53 42 17
split_gain=333.164 678.636 1439.04 800.1 606.092 573.617 750.348
threshold=21710.200000000004 1012605.4500000001 903962.85000000009 19.195000000000004 50.225000000000001 26.055000000000003 5965.8500000000013
decision_type=2 2 2 2 2 2 2
left_child=-1 2 5 -3 -5 -2 -7
right_child=1 3 -4 4 -6 6 -8
leaf_value=-0.0020040586249239255 0.054943062601983547 -0.061610371448631795 0.095349297854442933 0.063183452996340664 -0.012848795932733406 0.030692618271164224 -0.009426046566752052
leaf_weight=6719 95 100 81 50 172 277 546
leaf_count=6719 95 100 81 50 172 277 546
internal_value=-0.000197342 0.00896507 0.0170876 -0.0161108 0.0052901 0.009703 0.00418064
internal_weight=8040 1321 999 322 222 918 823
internal_count=8040 1321 999 322 222 918 823
is_linear=0
shrinkage=0.02


Tree=1067
num_leaves=8
num_cat=0
split_feature=21 42 51 42 8 18 21
split_gain=536.399 579.002 833.349 747.893 589.327 694.201 478.355
threshold=408995.65000000008 34.960000000000008 25.905000000000005 37.765000000000008 11.820000000000002 150048.15000000005 478624.60000000003
decision_type=10 2 2 2 2 2 10
left_child=-1 2 -2 -3 -5 -6 -4
right_child=1 3 6 4 5 -7 -8
leaf_value=-0.0036675290826451929 -0.056622793179892356 0.092322795239361849 0.058103561962489038 0.067607757912850688 -0.009195817595337356 0.035540360828701587 -0.022793729909018363
leaf_weight=7042 100 50 59 71 353 222 50
leaf_count=7042 100 50 59 71 353 222 50
internal_value=-0.00180256 0.0126495 -0.0162636 0.0213859 0.0152285 0.00823372 0.0216226
internal_weight=7947 905 209 696 646 575 109
internal_count=7947 905 209 696 646 575 109
is_linear=0
shrinkage=0.02


end of trees

feature_importances:
digital_behavior_score=460
internet_activity=459
mobile_app_usage=421
insurance_products=396
online_payments_ratio=369
cyber_hygiene=364
marketing_response=266
financial_literacy=224
occupation_risk=203
regional_risk=192
coverage_share=191
active_policies=174
average_balance=169
years_with_company=167
two_factor_auth=161
crime_rate=159
payment_discipline=154
smartphone_age=153
smartphone_price=141
cyber_protection=136
natural_disaster_risk=129
income=127
health_index=126
average_claim_cost=123
car_value=114
risk_tolerance=113
region=109
customer_loyalty=106
days_since_last_login=101
password_manager=99
cyber_risk=98
age=95
credit_score=94
assets=91
house_value=87
days_since_last_policy=82
website_visits=75
mobile_sessions=70
security_training=67
identity_protection=66
policy_ratio=65
loan_to_income=48
late_payments=44
call_center_contacts=39
employment=35
loan_amount=34
city_type=33
bank_products=30
claim_frequency=27
children=25
education=24
family_status=21
gadget_insurance=21
number_of_claims=13
house_uncovered=13
property_insurance=9
car_insurance=9
expired_policies=9
gender=7
life_insurance=7
health_insurance=7
travel_insurance=5
family_life_covered=5
car_uncovered=4
wealth_segment=3
mortgage=3
house_covered=3
car_covered=2

parameters:
[boosting: gbdt]
[objective: regression]
[metric: l2]
[tree_learner: serial]
[device_type: cpu]
[data_sample_strategy: bagging]
[data: ]
[valid: ]
[num_iterations: 1068]
[learning_rate: 0.02]
[num_leaves: 8]
[num_threads: 4]
[seed: 352776]
[deterministic: 0]
[force_col_wise: 0]
[force_row_wise: 0]
[histogram_pool_size: -1]
[max_depth: -1]
[min_data_in_leaf: 40]
[min_sum_hessian_in_leaf: 0.001]
[bagging_fraction: 0.8]
[pos_bagging_fraction: 1]
[neg_bagging_fraction: 1]
[bagging_freq: 1]
[bagging_seed: 5643]
[bagging_by_query: 0]
[feature_fraction: 0.5]
[feature_fraction_bynode: 1]
[feature_fraction_seed: 18387]
[extra_trees: 0]
[extra_seed: 655]
[early_stopping_round: 0]
[early_stopping_min_delta: 0]
[first_metric_only: 0]
[max_delta_step: 0]
[lambda_l1: 0]
[lambda_l2: 5]
[linear_lambda: 0]
[min_gain_to_split: 0]
[drop_rate: 0.1]
[max_drop: 50]
[skip_drop: 0.5]
[xgboost_dart_mode: 0]
[uniform_drop: 0]
[drop_seed: 32126]
[top_rate: 0.2]
[other_rate: 0.1]
[min_data_per_group: 100]
[max_cat_threshold: 32]
[cat_l2: 10]
[cat_smooth: 10]
[max_cat_to_onehot: 4]
[top_k: 20]
[monotone_constraints: ]
[monotone_constraints_method: basic]
[monotone_penalty: 0]
[feature_contri: ]
[forcedsplits_filename: ]
[refit_decay_rate: 0.9]
[cegb_tradeoff: 1]
[cegb_penalty_split: 0]
[cegb_penalty_feature_lazy: ]
[cegb_penalty_feature_coupled: ]
[path_smooth: 0]
[interaction_constraints: ]
[verbosity: -1]
[saved_feature_importance_type: 0]
[use_quantized_grad: 0]
[num_grad_quant_bins: 4]
[quant_train_renew_leaf: 0]
[stochastic_rounding: 1]
[linear_tree: 0]
[max_bin: 255]
[max_bin_by_feature: ]
[min_data_in_bin: 3]
[bin_construct_sample_cnt: 200000]
[data_random_seed: 5176]
[is_enable_sparse: 1]
[enable_bundle: 1]
[use_missing: 1]
[zero_as_missing: 0]
[feature_pre_filter: 1]
[pre_partition: 0]
[two_round: 0]
[header: 0]
[label_column: ]
[weight_column: ]
[group_column: ]
[ignore_column: ]
[categorical_feature: 1,2,3,4,5,7,11]
[forcedbins_filename: ]
[precise_float_parser: 0]
[parser_config_file: ]
[objective_seed: 20599]
[num_class: 1]
[is_unbalance: 0]
[scale_pos_weight: 1]
[sigmoid: 1]
[boost_from_average: 1]
[reg_sqrt: 0]
[alpha: 0.9]
[fair_c: 1]
[poisson_max_delta_step: 0.7]
[tweedie_variance_power: 1.5]
[lambdarank_truncation_level: 30]
[lambdarank_norm: 1]
[label_gain: ]
[lambdarank_position_bias_regularization: 0]
[eval_at: ]
[multi_error_top_k: 1]
[auc_mu_weights: ]
[num_machines: 1]
[local_listen_port: 12400]
[time_out: 120]
[machine_list_filename: ]
[machines: ]
[gpu_platform_id: -1]
[gpu_device_id: -1]
[gpu_device_id_list: ]
[gpu_use_dp: 0]
[num_gpu: 1]

end of parameters

pandas_categorical:[["F", "M"], ["FarEast", "Moscow", "NorthWest", "SPb", "Siberia", "South", "Ural", "Volga"], ["large_city", "metro", "rural", "town"], ["bachelor", "master", "phd", "secondary"], ["divorced", "married", "single", "widowed"], ["business_owner", "employed", "retired", "self_employed", "student", "unemployed"], ["affluent", "mass", "premium", "private"]]
