tree
version=v4
num_class=1
num_tree_per_iteration=1
label_index=0
max_feature_idx=68
objective=regression
feature_names=age gender region city_type education family_status children employment occupation_risk years_with_company income wealth_segment financial_literacy credit_score payment_discipline late_payments online_payments_ratio average_balance loan_amount mortgage house_value car_value smartphone_price smartphone_age bank_products life_insurance property_insurance health_insurance travel_insurance car_insurance gadget_insurance cyber_protection identity_protection insurance_products active_policies expired_policies number_of_claims claim_frequency average_claim_cost fraud_flag mobile_app_usage internet_activity digital_behavior_score password_manager two_factor_auth security_training website_visits mobile_sessions days_since_last_login days_since_last_policy call_center_contacts customer_loyalty marketing_response risk_tolerance health_index regional_risk crime_rate natural_disaster_risk cyber_risk car_covered car_uncovered house_covered house_uncovered family_life_covered cyber_hygiene policy_ratio coverage_share loan_to_income assets
feature_infos=[18:85] -1:1:0 -1:1:7:2:4:6:5:3:0 -1:0:3:1:2 -1:0:1:3:2 -1:1:2:0:3 [0:6] -1:1:2:3:4:5:0 [5:80] [0:40] [12000:346531] -1:1:0:2 [0:100] [300:563.89999999999998] [2.1000000000000001:87] [0:12] [0.058599999999999999:0.95999999999999996] [793:301551] [0:1483767] [0:1] [400000:2615010] [150000:497023] [3967:68081] [1:48] [0:9] [0:1] [0:1] [0:1] [0:1] [0:1] [0:1] [0:1] [0:1] [0:8] [0:7] [0:5] [0:8] [0:6] [1500:243251] [0:1] [0:100] [0:100] [0:100] [0:1] [0:1] [0:1] [0:19] [0:21] [0:53] [2:171] [0:8] [6:100] [0:100] [0:100] [45.490000000000002:100] [12.789999999999999:75] [12:68] [2:79] [5:82] [0:1] [0:1] [0:1] [0:1] [0:1] [0:5] [0:0.875] [0:1] [0:123.64725] [0:3112033]
tree_sizes=815 848 852 848 839 841 840 854 848 848 843 841 841 839 840 847 843 843 843 841 845 853 842 839 852 848 865 845 850 847 853 849 849 856 849 853 842 846 847 844 851 852 856 847 847 847 852 852 846 844 849 848 851 849 853 865 852 851 853 845 850 849 858 858 847 854 853 855 862 853 861 854 855 855 864 860 858 849 852 863 858 851 851 855 861 864 849 853 854 851 857 857 856 854 861 855 864 857 862 859 862 859 861 852 860 862 869 875 861 867 865 860 868 872 866 853 868 855 853 862 860 861 869 861 853 862 856 862 859 863 858 852 868 865 869 858 860 866 860 859 856 858 877 867 845 864 873 866 868 861 865 860 858 869 862 860 875 871 859 856 860 866 871 868 848 868 869 865 861 863 872 866 867 859 856 863 862 862 872 863 866 869 856 868 858 872 870 869 873 857 866 857 864 863 854 839 870 871 865 858 864 871 867 864 870 873 867 864 869 868 860 869 858 862 858 866 858 862 868 857 874 861 862 868 868 870 871 861 864 862 861 864 870 871 865 860 861 866 867 862 855 859 861 869 861 869 864 874 870 866 864 869 866 878 860 868 862 863 854 882 866 862 861 865 865 861 867 862 862 865 871 853 862 868 856 868 863 873 866 850 867 852 863 873 859 872 868 864 870 862 885 863 860 863 869 865 870 873 849 866 867 867 880 867 862 861 861 872 869 862 859 866 843 863 860 864 857 860 856 854 859 872 854 867 855 862 861 866 859 874 869 889 863 869 851 866 863 860 856 851 862 857 880 869 875 863 854 863 860 867 865 862 864 854 880 860 889 873 861 863 880 871 859 867 872 865 869 855 865 877 858 858 882 858 883 862 862 859 854 869 867 864 851 859 864 856 863 872 864 872 852 861 868 862 883 860 858 852 856 854 852 862 854 866 857 861 856 854 841 854 885 873 867 867 861 866 868 879 868 851 860 864 850 863 865 861 854 857 853 851 856 847 860 853 861 861 862 856 859 842 877 844 853 860 869 865 859 844 853 859 854 850 865 864 847 850 851 855 871 861 866 863 869 887 876 872 865 845 866 863 856 849 862 858 886 850 857 885 869 858 857 868 873 860 859 850 870 871 865 882 844 865 881 889 853 858 847 854 849 857 870 857 864 853 867 873 836 865 871 862 865 858 877 874 841 843 879 865 858 857 852 860 858 845 848 848 846 876 852 852 839 853 858 845 864 843 855 866 879 863 850 851 840 870 857 857 867 864 851 846 857 836 848 863 864 841 884 854 853 878 846 857 861 861 839 853 835 881 851 872 853 850 847 844 854 870 844 875 863 838 845 839 850 853 854 869 849 858 846 843 843 826 846 866 852 854 851 854 840 853 859 847 855 882 853 872 854 856 855 856 873 862 872 873 852 844 846 849 849 863 840 865 849 845 863 851 883 858 870 875 854 852 843 847 852 873 853 865 854 853 877 861 886 862 852 845 863 829 866 842 858 841 855 864 871 859 852 837 854 843 850 869 877 852 857 858 853 860 854 849 878 851 874 843 853 861 856 857 882 857 844 839 841 853 856 871 871 864 862 852 846 832 858 855 847 863 860 849 855 854 856 856 883 883 844 848 837 866 861 850 838 842 867 846 843 839 862 833 845 869 854 852 848 852 866 882 855 848 865 851 845 837 841 844 844 875 826 844 837 857 850 851 862 850 863 845 841 851 862 863 883 833 829 851 854 857 852 837 846 847 838 837 870 862 858 864 863 850 871 878 865 848 843 866 839 851 852 859 859 850 848 836 861 855 850 874 874 851 846 859 836 846 875 843 841 851 859 845 850 861 851 865 852 846 853 853 841 862 850 838 864 853 863 842 842 847 849 859 840 853 839 853 864 838 834 856 843 841 854 836 860 869 881 846 855 853 849 830 844 866 859 836 864 851 835 861 859 859 831 849 850 856 863 847 821 852 857 861 844 851 848 850 862 843 868 850 850 854 879 844 857 836 855 863 850 859 854 846 877 863 834 862 856 849 857 849 851 850 842 854 866 851 876 857 855 841 840 845 848 855 863 837 879 856 858 856 859 837 845 845 850 854 838 837 841 831 867 834 856 837 840 860 859 849 830 846 861 860 872 868 849 832 862 835 856 829 858 855 848 875 847 850 859 851 858 849 840 867 848 855 847 839 828 853 855 839 856 846 853 868 842 847 836 833 872 848 862 850 857 859 837 850 851 858 850 859 845 854 847 847 839 847 855 867 856 843 851 844 854 853 868 858 850 836 859 834 850 852 847 861 838 860 856 839 850 844 871 833 849 871 845 847 849 856 848 858 846 876 851 861 861 834 847 857 878 865 865 847 843 853 841 862 873 834 880 867 873 845 870 838 841 851 867 850 843 853 832 851 846 851 859 849 839 846 850 836 848 839 874 831 840 837 864 832 853 859 837 848

Tree=0
num_leaves=8
num_cat=0
split_feature=64 64 41 41 34 34 41
split_gain=1.3408e+06 313971 196834 165785 124246 82524.6 82264.7
threshold=2.5000000000000004 3.5000000000000004 42.375000000000007 47.785000000000004 1.5000000000000002 1.5000000000000002 45.725000000000001
decision_type=2 2 2 2 2 2 2
left_child=2 3 -1 5 -4 -2 -3
right_child=1 6 4 -5 -6 -7 -8
leaf_value=68.742132627549523 69.022974079778791 69.537776930018765 68.975163159177754 69.520544836599228 69.359243199228061 69.351840801536298 69.762200319965572
leaf_weight=929 525 1033 912 1577 533 721 1830
leaf_count=929 525 1033 912 1577 533 721 1830
internal_value=69.3676 69.5343 68.9689 69.3845 69.1163 69.2124 69.6817
internal_weight=8060 5686 2374 2823 1445 1246 2863
internal_count=8060 5686 2374 2823 1445 1246 2863
is_linear=0
shrinkage=1


Tree=1
num_leaves=8
num_cat=0
split_feature=66 42 42 66 66 66 42
split_gain=1.06269e+06 491625 292013 141173 124934 101513 62591.2
threshold=0.31250000000000006 47.495000000000012 41.205000000000005 0.18750000000000003 0.18750000000000003 0.43750000000000006 68.805000000000021
decision_type=2 2 2 2 2 2 2
left_child=1 4 5 6 -1 -2 -3
right_child=2 3 -4 -5 -6 -7 -8
leaf_value=-0.71188859902452917 -0.16748335159355493 -0.3480914921795476 0.33513816126582596 0.10601588534502249 -0.35509946678843568 0.15490670615355406 -0.0085976545246274662
leaf_weight=708 787 601 2719 1109 921 766 339
leaf_count=708 787 601 2719 1109 921 766 339
internal_value=-0.0040849 -0.253108 0.210358 -0.0466404 -0.511872 -0.00848122 -0.22635
internal_weight=7950 3678 4272 2049 1629 1553 940
internal_count=7950 3678 4272 2049 1629 1553 940
is_linear=0
shrinkage=0.02


Tree=2
num_leaves=8
num_cat=0
split_feature=33 40 40 31 31 33 40
split_gain=1.03701e+06 366421 256547 156039 136178 75086.1 67683.9
threshold=2.5000000000000004 45.705000000000005 37.090000000000011 1.0000000180025095e-35 1.0000000180025095e-35 3.5000000000000004 71.345000000000013
decision_type=2 2 2 2 2 2 2
left_child=1 4 5 6 -1 -2 -3
right_child=2 3 -4 -5 -6 -7 -8
leaf_value=-0.64059631180063659 -0.18968223277054705 -0.29934932980242579 0.30954881177974963 0.12880079996326141 -0.24753513367014626 0.12508177577566124 0.031652496135633292
leaf_weight=896 609 977 3097 870 595 594 329
leaf_count=896 609 977 3097 870 595 594 329
internal_value=0.00279638 -0.244114 0.213398 -0.0782615 -0.485092 -0.0343882 -0.216163
internal_weight=7967 3667 4300 2176 1491 1203 1306
internal_count=7967 3667 4300 2176 1491 1203 1306
is_linear=0
shrinkage=0.02


Tree=3
num_leaves=8
num_cat=0
split_feature=64 64 34 34 64 34 47
split_gain=1.19418e+06 300128 144680 131366 57024.9 50182.1 46829.7
threshold=2.5000000000000004 3.5000000000000004 1.5000000000000002 1.5000000000000002 1.5000000000000002 2.5000000000000004 6.5000000000000009
decision_type=2 2 2 2 2 2 2
left_child=2 3 4 6 -1 -3 -2
right_child=1 5 -4 -5 -6 -7 -8
leaf_value=-0.72707864878955231 -0.26109643945661115 0.23625409722882346 -0.18497566334960053 0.13468444667742166 -0.42962533988174756 0.41129996293805288 -0.017377064647667969
leaf_weight=366 630 1763 913 1548 1021 1074 628
leaf_count=366 630 1763 913 1548 1021 1074 628
internal_value=0.00169973 0.158261 -0.38193 0.0115151 -0.510447 0.303128 -0.139981
internal_weight=7943 5643 2300 2806 1387 2837 1258
internal_count=7943 5643 2300 2806 1387 2837 1258
is_linear=0
shrinkage=0.02


Tree=4
num_leaves=8
num_cat=0
split_feature=33 42 42 33 33 33 33
split_gain=949754 478422 278198 143923 112637 75545.6 61392.1
threshold=2.5000000000000004 47.495000000000012 34.475000000000001 1.5000000000000002 1.5000000000000002 3.5000000000000004 3.5000000000000004
decision_type=2 2 2 2 2 2 2
left_child=1 4 6 -3 -1 -4 -2
right_child=2 3 5 -5 -6 -7 -8
leaf_value=-0.6814136339209067 -0.22159516523954725 -0.21539749497673519 0.19229403278243218 0.11958275877749712 -0.34137635467499339 0.38640674475576126 0.081286779829964101
leaf_weight=701 555 928 1537 1135 918 1717 509
leaf_count=701 555 928 1537 1135 918 1717 509
internal_value=0.00234703 -0.233472 0.203469 -0.031258 -0.490251 0.295155 -0.076999
internal_weight=8000 3682 4318 2063 1619 3254 1064
internal_count=8000 3682 4318 2063 1619 3254 1064
is_linear=0
shrinkage=0.02


Tree=5
num_leaves=8
num_cat=0
split_feature=66 42 42 66 66 66 42
split_gain=905737 455938 260829 127320 107694 95983 56019.7
threshold=0.31250000000000006 49.640000000000008 42.70000000000001 0.18750000000000003 0.18750000000000003 0.43750000000000006 30.335000000000004
decision_type=2 2 2 2 2 2 2
left_child=1 3 5 -1 -3 -2 -5
right_child=2 4 -4 6 -6 -7 -8
leaf_value=-0.65801177560913016 -0.15003528691454832 -0.17880021757723846 0.32206757247560786 -0.51193368250376559 0.12133339236007221 0.15267018655179457 -0.19939795101242042
leaf_weight=760 833 884 2587 360 1030 833 650
leaf_count=760 833 884 2587 360 1030 833 650
internal_value=-0.00216653 -0.231557 0.196573 -0.462445 -0.017391 0.00132139 -0.31277
internal_weight=7937 3684 4253 1770 1914 1666 1010
internal_count=7937 3684 4253 1770 1914 1666 1010
is_linear=0
shrinkage=0.02


Tree=6
num_leaves=8
num_cat=0
split_feature=64 33 41 41 41 33 33
split_gain=1.0993e+06 289774 185735 150683 113500 93379.1 77638.8
threshold=2.5000000000000004 2.5000000000000004 53.935000000000009 48.655000000000008 38.725000000000001 2.5000000000000004 1.5000000000000002
decision_type=2 2 2 2 2 2 2
left_child=2 3 5 -2 -3 -1 -4
right_child=1 4 6 -5 -6 -7 -8
leaf_value=-0.62145553233573048 -0.22881558765530721 0.076744941309661571 -0.37369657388286315 0.11058569464375052 0.3325320694833151 -0.27595636171031351 0.0073888783510183053
leaf_weight=940 893 954 340 1249 2576 487 562
leaf_count=940 893 954 340 1249 2576 487 562
internal_value=0.00215837 0.15238 -0.363231 -0.0311141 0.263611 -0.50492 -0.137526
internal_weight=8001 5672 2329 2142 3530 1427 902
internal_count=8001 5672 2329 2142 3530 1427 902
is_linear=0
shrinkage=0.02


Tree=7
num_leaves=8
num_cat=0
split_feature=64 64 40 40 34 34 34
split_gain=1.09715e+06 259627 186612 156816 86138.7 71725.5 64583.5
threshold=2.5000000000000004 3.5000000000000004 45.705000000000005 44.095000000000006 1.5000000000000002 1.5000000000000002 1.0000000180025095e-35
decision_type=2 2 2 2 2 2 2
left_child=2 3 -1 5 -4 -2 -5
right_child=1 -3 4 6 -6 -7 -8
leaf_value=-0.54960484832157086 -0.37923811077897107 0.28576270540612991 -0.31872577542640146 -0.22517124424109589 0.031315108175062362 -0.042221672844967584 0.17042175175248986
leaf_weight=1127 422 2821 764 180 442 622 1575
leaf_count=1127 422 2821 764 180 442 622 1575
internal_value=-0.000815221 0.150536 -0.364951 0.0139808 -0.190836 -0.179607 0.129324
internal_weight=7953 5620 2333 2799 1206 1044 1755
internal_count=7953 5620 2333 2799 1206 1044 1755
is_linear=0
shrinkage=0.02


Tree=8
num_leaves=8
num_cat=0
split_feature=64 64 34 34 64 64 34
split_gain=1.06496e+06 263607 129677 103252 51623.5 42533.6 38980.3
threshold=2.5000000000000004 3.5000000000000004 1.5000000000000002 1.5000000000000002 1.5000000000000002 1.5000000000000002 2.5000000000000004
decision_type=2 2 2 2 2 2 2
left_child=2 3 4 -2 -1 -4 -3
right_child=1 6 5 -5 -6 -7 -8
leaf_value=-0.68982438232469312 -0.11727460775388661 0.22430733712151538 -0.45983619091154515 0.12132669673747723 -0.40758296902731117 -0.1116408884104307 0.38020473520735371
leaf_weight=367 1340 1752 169 1570 1033 756 1047
leaf_count=367 1340 1752 169 1570 1033 756 1047
internal_value=-0.00214174 0.144809 -0.362513 0.0114426 -0.483762 -0.177387 0.283197
internal_weight=8034 5709 2325 2910 1400 925 2799
internal_count=8034 5709 2325 2910 1400 925 2799
is_linear=0
shrinkage=0.02


Tree=9
num_leaves=8
num_cat=0
split_feature=66 40 40 31 31 66 66
split_gain=829543 343878 203185 151376 119291 65758 64037.2
threshold=0.31250000000000006 45.705000000000005 37.090000000000011 1.0000000180025095e-35 1.0000000180025095e-35 0.18750000000000003 0.43750000000000006
decision_type=2 2 2 2 2 2 2
left_child=1 4 6 5 -1 -3 -2
right_child=2 3 -4 -5 -6 -7 -8
leaf_value=-0.59055627676166689 -0.1726519697001159 -0.31268049037454548 0.27455140871160028 0.14164199464155716 -0.22408245587276188 -0.031675919592380523 0.11576600734174936
leaf_weight=927 616 776 3103 894 589 583 606
leaf_count=927 616 776 3103 894 589 583 606
internal_value=-0.000268458 -0.21701 0.188642 -0.0600056 -0.449378 -0.19269 -0.0297342
internal_weight=8094 3769 4325 2253 1516 1359 1222
internal_count=8094 3769 4325 2253 1516 1359 1222
is_linear=0
shrinkage=0.02


Tree=10
num_leaves=8
num_cat=0
split_feature=64 42 42 64 34 34 34
split_gain=988451 251470 214533 144350 85999.4 69435.9 64608
threshold=2.5000000000000004 47.495000000000012 48.210000000000008 3.5000000000000004 1.5000000000000002 1.5000000000000002 1.5000000000000002
decision_type=2 2 2 2 2 2 2
left_child=2 3 -1 6 -3 -4 -2
right_child=1 4 5 -5 -6 -7 -8
leaf_value=-0.52548419264401058 -0.32993657125750864 0.12156867050363841 -0.26497082816633666 0.14648982499319321 0.33494670382648944 0.063414931801614546 -0.041272872974558561
leaf_weight=1269 531 1231 686 1142 1986 408 740
leaf_count=1269 531 1231 686 1142 1986 408 740
internal_value=-0.00610203 0.137989 -0.348974 -0.016365 0.253612 -0.14277 -0.162691
internal_weight=7993 5630 2363 2413 3217 1094 1271
internal_count=7993 5630 2363 2413 3217 1094 1271
is_linear=0
shrinkage=0.02


Tree=11
num_leaves=8
num_cat=0
split_feature=64 64 40 40 34 34 40
split_gain=963544 236574 175067 139439 63410 59662.2 56593.9
threshold=2.5000000000000004 3.5000000000000004 45.705000000000005 40.725000000000001 1.5000000000000002 1.5000000000000002 47.045000000000009
decision_type=2 2 2 2 2 2 2
left_child=2 3 -1 -2 -5 -4 -3
right_child=1 6 5 4 -6 -7 -8
leaf_value=-0.52518665257675778 -0.19128592827072699 0.15780240181071004 -0.284816922608499 -0.014817259905559385 0.21522545448830813 0.0059588386823996795 0.340573450949053
leaf_weight=1120 934 1159 757 911 1005 448 1679
leaf_count=1120 934 1159 757 911 1005 448 1679
internal_value=-0.00296468 0.137255 -0.345565 0.00847202 0.106093 -0.177133 0.266341
internal_weight=8013 5688 2325 2850 1916 1205 2838
internal_count=8013 5688 2325 2850 1916 1205 2838
is_linear=0
shrinkage=0.02


Tree=12
num_leaves=8
num_cat=0
split_feature=33 42 42 33 33 33 33
split_gain=711143 389917 219519 106343 96187.7 80249.8 51413.3
threshold=2.5000000000000004 47.495000000000012 41.205000000000005 1.5000000000000002 1.5000000000000002 3.5000000000000004 3.5000000000000004
decision_type=2 2 2 2 2 2 2
left_child=1 4 5 -3 -1 -2 -4
right_child=2 3 6 -5 -6 -7 -8
leaf_value=-0.60443677321180023 -0.16034681410835908 -0.17460520420373912 0.19341376649301506 0.1129442167676296 -0.29346972831421869 0.13079221364701002 0.36816851529606692
leaf_weight=714 759 936 1321 1130 935 746 1419
leaf_count=714 759 936 1321 1130 935 746 1419
internal_value=0.00124234 -0.200689 0.17799 -0.0174369 -0.429535 -0.0160795 0.284422
internal_weight=7960 3715 4245 2066 1649 1505 2740
internal_count=7960 3715 4245 2066 1649 1505 2740
is_linear=0
shrinkage=0.02


Tree=13
num_leaves=8
num_cat=0
split_feature=64 64 41 40 34 34 41
split_gain=855506 228930 165122 146073 72647.1 61266.6 61192.1
threshold=2.5000000000000004 3.5000000000000004 53.520000000000003 45.705000000000005 1.5000000000000002 1.5000000000000002 33.495000000000012
decision_type=2 2 2 2 2 2 2
left_child=2 3 4 5 -1 -2 -3
right_child=1 6 -4 -5 -6 -7 -8
leaf_value=-0.58158398258913102 -0.33557161557582232 0.053901595138179846 -0.11336296586098257 0.12543063608150357 -0.28187108715560205 -0.0434157846043563 0.30200604733285713
leaf_weight=822 480 481 903 1721 559 708 2359
leaf_count=822 480 481 903 1721 559 708 2359
internal_value=0.00249381 0.13259 -0.324543 0.00781935 -0.461721 -0.16237 0.260154
internal_weight=8033 5749 2284 2909 1381 1188 2840
internal_count=8033 5749 2284 2909 1381 1188 2840
is_linear=0
shrinkage=0.02


Tree=14
num_leaves=8
num_cat=0
split_feature=42 42 42 10 10 10 38
split_gain=517416 136520 96303.7 72883 56135.8 37386.9 30938
threshold=47.985000000000007 24.880000000000006 64.565000000000012 31456.450000000004 37856.80000000001 37366.650000000001 33568.650000000009
decision_type=2 2 2 2 2 2 8
left_child=1 5 4 6 -2 -1 -3
right_child=2 3 -4 -5 -6 -7 -8
leaf_value=-0.47479980485112061 -0.027295274534158618 -0.1115685142508962 0.24541071517023208 0.0019606033693721045 0.17488919306590464 -0.22095526635351015 -0.30598473356473049
leaf_weight=607 1337 677 2030 1335 926 398 646
leaf_count=607 1337 677 2030 1335 926 398 646
internal_value=-0.00335117 -0.17783 0.145557 -0.102388 0.05564 -0.375864 -0.207294
internal_weight=7956 3663 4293 2658 2263 1005 1323
internal_count=7956 3663 4293 2658 2263 1005 1323
is_linear=0
shrinkage=0.02


Tree=15
num_leaves=8
num_cat=0
split_feature=64 66 42 42 42 66 66
split_gain=876450 237137 199399 148840 106533 77366.9 73370.3
threshold=2.5000000000000004 0.31250000000000006 49.245000000000012 54.065000000000005 33.775000000000013 0.18750000000000003 0.18750000000000003
decision_type=2 2 2 2 2 2 2
left_child=2 3 5 -2 -3 -1 -4
right_child=1 4 6 -5 -6 -7 -8
leaf_value=-0.69826274441488201 -0.19155916176202759 0.026309504151554714 -0.32910254358373037 0.13823307215784739 0.29235217336736535 -0.37259172815723579 0.013592263804806501
leaf_weight=468 1126 774 405 1056 2722 839 639
leaf_count=468 1126 774 405 1056 2722 839 639
internal_value=-0.00288436 0.131577 -0.327217 -0.0320019 0.233573 -0.491422 -0.120285
internal_weight=8029 5678 2351 2182 3496 1307 1044
internal_count=8029 5678 2351 2182 3496 1307 1044
is_linear=0
shrinkage=0.02


Tree=16
num_leaves=8
num_cat=0
split_feature=64 64 42 42 34 34 34
split_gain=778305 213704 166529 135956 59755.4 59739.5 59671.6
threshold=2.5000000000000004 3.5000000000000004 47.765000000000008 49.640000000000008 1.5000000000000002 1.5000000000000002 1.5000000000000002
decision_type=2 2 2 2 2 2 2
left_child=2 3 5 6 -4 -1 -2
right_child=1 -3 4 -5 -6 -7 -8
leaf_value=-0.58761998832298534 -0.29248439888668876 0.24846289277375355 -0.24162581110362616 0.13796551066162585 0.060928998708707063 -0.30016884292281781 -0.02721364040933321
leaf_weight=712 580 2808 703 1446 411 518 810
leaf_count=712 580 2808 703 1446 411 518 810
internal_value=-0.0022776 0.124948 -0.308232 0.00243065 -0.130228 -0.468269 -0.138554
internal_weight=7988 5644 2344 2836 1114 1230 1390
internal_count=7988 5644 2344 2836 1114 1230 1390
is_linear=0
shrinkage=0.02


Tree=17
num_leaves=8
num_cat=0
split_feature=64 66 41 41 41 66 66
split_gain=805112 222004 156562 127219 84667.8 80074.2 66676.5
threshold=2.5000000000000004 0.31250000000000006 53.115000000000002 49.000000000000007 47.785000000000004 0.31250000000000006 0.18750000000000003
decision_type=2 2 2 2 2 2 2
left_child=2 3 5 -2 -3 -1 -4
right_child=1 4 6 -5 -6 -7 -8
leaf_value=-0.54996109075323385 -0.20878165571700608 0.11501496813073996 -0.32249381220541717 0.10101115395288915 0.31295423134747213 -0.2267590549679179 0.020675954864931709
leaf_weight=939 916 1542 362 1245 1988 470 590
leaf_count=939 916 1542 362 1245 1988 470 590
internal_value=0.000334507 0.129147 -0.309775 -0.030482 0.226774 -0.443334 -0.110818
internal_weight=8052 5691 2361 2161 3530 1409 952
internal_count=8052 5691 2361 2161 3530 1409 952
is_linear=0
shrinkage=0.02


Tree=18
num_leaves=8
num_cat=0
split_feature=64 33 33 64 64 64 33
split_gain=729502 228029 131930 66750.5 55731.7 52385.6 40145.8
threshold=2.5000000000000004 2.5000000000000004 1.5000000000000002 3.5000000000000004 3.5000000000000004 1.5000000000000002 3.5000000000000004
decision_type=2 2 2 2 2 2 2
left_child=2 3 -1 -2 -3 -4 -7
right_child=1 4 5 -5 -6 6 -8
leaf_value=-0.50371711550320852 -0.12133627626094001 0.12364098190283915 -0.42613980519224187 0.11126911526582889 0.28576193066246863 -0.18495289223813216 0.10497468832370156
leaf_weight=825 1421 1451 289 750 2080 939 236
leaf_count=825 1421 1451 289 750 2080 939 236
internal_value=-0.00073154 0.120347 -0.301947 -0.0409087 0.21941 -0.186917 -0.126523
internal_weight=7991 5702 2289 2171 3531 1464 1175
internal_count=7991 5702 2289 2171 3531 1464 1175
is_linear=0
shrinkage=0.02


Tree=19
num_leaves=8
num_cat=0
split_feature=64 33 42 42 33 33 64
split_gain=715950 210235 198786 168453 68257.3 62206.5 61374.5
threshold=2.5000000000000004 3.5000000000000004 47.495000000000012 47.985000000000007 1.5000000000000002 2.5000000000000004 3.5000000000000004
decision_type=2 2 2 2 2 2 2
left_child=3 2 6 5 -5 -1 -2
right_child=1 -3 -4 4 -6 -7 -8
leaf_value=-0.55375930737929335 -0.23978629919120553 0.28877422136213637 0.15490023352448892 -0.30921603630079286 0.014579764742571973 -0.253274913455447 0.016814601598216482
leaf_weight=830 954 1927 2186 423 664 432 609
leaf_count=830 954 1927 2186 423 664 432 609
internal_value=-0.00224078 0.119287 0.0319008 -0.295523 -0.112262 -0.452305 -0.140071
internal_weight=8025 5676 3749 2349 1087 1262 1563
internal_count=8025 5676 3749 2349 1087 1262 1563
is_linear=0
shrinkage=0.02


Tree=20
num_leaves=8
num_cat=0
split_feature=64 33 42 42 42 33 33
split_gain=697402 205373 171195 129382 95224.5 72834.9 64066.6
threshold=2.5000000000000004 2.5000000000000004 49.640000000000008 45.875000000000007 27.305000000000003 2.5000000000000004 1.5000000000000002
decision_type=2 2 2 2 2 2 2
left_child=2 3 5 -2 -3 -1 -4
right_child=1 4 6 -5 -6 -7 -8
leaf_value=-0.547990928683875 -0.24156651113170413 -0.038892227307047327 -0.29308893037311501 0.081132722427024295 0.25383492298026589 -0.22923049078162516 0.031649341473439743
leaf_weight=874 778 519 395 1356 3042 442 617
leaf_count=874 778 519 395 1356 3042 442 617
internal_value=-0.000917937 0.118304 -0.292199 -0.0368046 0.211177 -0.442203 -0.0959191
internal_weight=8023 5695 2328 2134 3561 1316 1012
internal_count=8023 5695 2328 2134 3561 1316 1012
is_linear=0
shrinkage=0.02


Tree=21
num_leaves=8
num_cat=0
split_feature=66 42 42 66 66 66 66
split_gain=563054 296650 185737 93942.6 68270.1 57552.3 52248
threshold=0.31250000000000006 52.765000000000008 33.775000000000013 0.18750000000000003 1.0000000180025095e-35 0.43750000000000006 0.43750000000000006
decision_type=2 2 2 2 2 2 2
left_child=1 3 6 -1 -3 -4 -2
right_child=2 4 5 -5 -6 -7 -8
leaf_value=-0.4999010429037663 -0.22011058837932951 -0.35238455888189252 0.13933117707896553 -0.22253992750987883 0.056699555625406094 0.30793204671573987 0.064514774188782154
leaf_weight=896 523 178 1575 1100 1502 1695 501
leaf_count=896 523 178 1575 1100 1502 1695 501
internal_value=-0.00191897 -0.183471 0.153537 -0.347985 0.0124391 0.227062 -0.0812186
internal_weight=7970 3676 4294 1996 1680 3270 1024
internal_count=7970 3676 4294 1996 1680 3270 1024
is_linear=0
shrinkage=0.02


Tree=22
num_leaves=8
num_cat=0
split_feature=64 64 42 42 64 42 42
split_gain=635237 186068 157161 123643 55929.6 52245.6 41854.3
threshold=2.5000000000000004 3.5000000000000004 56.795000000000009 49.640000000000008 1.5000000000000002 39.460000000000008 26.905000000000005
decision_type=2 2 2 2 2 2 2
left_child=2 3 4 -2 -1 -3 -6
right_child=1 5 -4 -5 6 -7 -8
leaf_value=-0.59719091717500983 -0.13094736453668071 0.080983824925834419 -0.037062993670403957 0.1298572264247779 -0.51389836258024257 0.27984221643649898 -0.24512965137408363
leaf_weight=392 1429 713 745 1470 322 2096 880
leaf_count=392 1429 713 745 1470 322 2096 880
internal_value=-1.33807e-06 0.11375 -0.277247 0.00129507 -0.389036 0.2296 -0.31896
internal_weight=8047 5708 2339 2899 1594 2809 1202
internal_count=8047 5708 2339 2899 1594 2809 1202
is_linear=0
shrinkage=0.02


Tree=23
num_leaves=8
num_cat=0
split_feature=33 42 42 33 33 33 42
split_gain=546686 273655 154480 85958.1 76749 52869.2 42786.1
threshold=2.5000000000000004 47.495000000000012 33.20000000000001 1.5000000000000002 1.5000000000000002 3.5000000000000004 68.805000000000021
decision_type=2 2 2 2 2 2 2
left_child=1 4 -2 6 -1 -4 -3
right_child=2 3 5 -5 -6 -7 -8
leaf_value=-0.52199730830496716 -0.066885173347267582 -0.26484400369168243 0.135802312942464 0.095542807142876648 -0.24567774443534462 0.29690279401483166 0.011990877030038568
leaf_weight=725 970 598 1579 1119 935 1713 354
leaf_count=725 970 598 1579 1119 935 1713 354
internal_value=-3.04941e-06 -0.17666 0.15467 -0.0231243 -0.367565 0.219954 -0.162378
internal_weight=7993 3731 4262 2071 1660 3292 952
internal_count=7993 3731 4262 2071 1660 3292 952
is_linear=0
shrinkage=0.02


Tree=24
num_leaves=8
num_cat=0
split_feature=66 42 42 66 42 42 66
split_gain=531541 255720 165056 96209.8 64537.4 63788.5 46736.8
threshold=0.31250000000000006 57.375000000000007 25.265000000000004 0.18750000000000003 29.995000000000001 57.025000000000013 1.0000000180025095e-35
decision_type=2 2 2 2 2 2 2
left_child=1 3 -2 -1 -5 -4 -3
right_child=2 6 5 4 -6 -7 -8
leaf_value=-0.45052326833761092 -0.15762622925481945 -0.30515844051105279 0.12715453862513496 -0.41304341945516804 -0.10011605885808136 0.29615672811003158 0.075392405738328977
leaf_weight=1033 604 139 2150 367 922 1541 1246
leaf_count=1033 604 139 2150 367 922 1541 1246
internal_value=-0.00347794 -0.178807 0.14788 -0.306877 -0.190463 0.198018 0.0362396
internal_weight=8002 3707 4295 2322 1289 3691 1385
internal_count=8002 3707 4295 2322 1289 3691 1385
is_linear=0
shrinkage=0.02


Tree=25
num_leaves=8
num_cat=0
split_feature=33 41 40 40 33 33 40
split_gain=491921 232268 149398 86110 62970.4 52770.3 43932.8
threshold=2.5000000000000004 43.845000000000006 37.755000000000003 65.725000000000009 1.0000000180025095e-35 3.5000000000000004 34.475000000000001
decision_type=2 2 2 2 2 2 2
left_child=1 6 5 4 -3 -2 -1
right_child=2 3 -4 -5 -6 -7 -8
leaf_value=-0.52088200648387417 -0.16670399109193501 -0.48497195068995164 0.22371973455963173 0.12719331070709397 -0.086550437359436266 0.091913623884756823 -0.28142753063384252
leaf_weight=537 618 175 3025 752 1375 635 771
leaf_count=537 618 175 3025 752 1375 635 771
internal_value=0.00274723 -0.169061 0.147756 -0.0478757 -0.132948 -0.0357964 -0.381345
internal_weight=7888 3610 4278 2302 1550 1253 1308
internal_count=7888 3610 4278 2302 1550 1253 1308
is_linear=0
shrinkage=0.02


Tree=26
num_leaves=8
num_cat=0
split_feature=33 33 44 43 33 44 33
split_gain=466747 202073 116894 54522.7 50955.5 41993.3 25549.7
threshold=1.5000000000000002 3.5000000000000004 1.0000000180025095e-35 1.0000000180025095e-35 1.0000000180025095e-35 1.0000000180025095e-35 4.5000000000000009
decision_type=2 2 2 2 2 2 2
left_child=4 2 -2 -4 -1 -6 -3
right_child=1 6 3 -5 5 -7 -8
leaf_value=-0.50085324627911876 -0.20984543319974627 0.17727525194523774 -0.093543091443739845 0.096254888627865257 -0.46016796119176273 -0.17613787520271848 0.31832388225187314
leaf_weight=381 870 1375 795 2490 262 1016 848
leaf_count=381 870 1375 795 2490 262 1016 848
internal_value=0.000229529 0.0780004 -0.00439742 0.0502497 -0.298096 -0.235933 0.231674
internal_weight=8037 6378 4155 3285 1659 1278 2223
internal_count=8037 6378 4155 3285 1659 1278 2223
is_linear=0
shrinkage=0.02


Tree=27
num_leaves=8
num_cat=0
split_feature=64 41 42 33 33 33 42
split_gain=571646 169717 134465 117615 75777.4 69581.2 45576.9
threshold=2.5000000000000004 49.000000000000007 57.605000000000011 2.5000000000000004 1.5000000000000002 1.5000000000000002 31.075000000000003
decision_type=2 2 2 2 2 2 2
left_child=2 3 5 -2 -3 -1 -7
right_child=1 4 -4 -5 -6 6 -8
leaf_value=-0.54177266695734994 -0.19384887218903032 -0.028980229637479482 -0.034798109677085222 0.08675020797698349 0.24651696317814792 -0.43659961357323113 -0.16085002352074593
leaf_weight=582 927 469 700 1660 2647 387 644
leaf_count=582 927 469 700 1660 2647 387 644
internal_value=-0.00178203 0.105781 -0.266649 -0.0139769 0.205071 -0.366848 -0.265964
internal_weight=8016 5703 2313 2587 3116 1613 1031
internal_count=8016 5703 2313 2587 3116 1613 1031
is_linear=0
shrinkage=0.02


Tree=28
num_leaves=8
num_cat=0
split_feature=64 42 42 64 64 34 42
split_gain=545241 164523 125354 80832.8 67856.6 59057.3 38236.5
threshold=2.5000000000000004 41.205000000000005 57.375000000000007 3.5000000000000004 3.5000000000000004 2.5000000000000004 26.455000000000002
decision_type=2 2 2 2 2 2 2
left_child=2 3 5 -2 -3 6 -1
right_child=1 4 -4 -5 -6 -7 -8
leaf_value=-0.57932317237163844 -0.17639345044779986 0.091005345612226715 -0.037118744492216013 0.093680992535699614 0.25979233303902488 -0.046363370682394836 -0.33775473709596265
leaf_weight=375 965 1826 705 812 2006 213 1005
leaf_count=375 965 1826 705 812 2006 213 1005
internal_value=-0.000407952 0.105898 -0.259547 -0.0530664 0.179586 -0.357561 -0.405253
internal_weight=7907 5609 2298 1777 3832 1593 1380
internal_count=7907 5609 2298 1777 3832 1593 1380
is_linear=0
shrinkage=0.02


Tree=29
num_leaves=8
num_cat=0
split_feature=64 41 42 64 64 64 42
split_gain=532607 149623 125337 96589.6 54842.3 46481.1 40922.3
threshold=2.5000000000000004 48.485000000000007 57.605000000000011 3.5000000000000004 1.5000000000000002 3.5000000000000004 26.905000000000005
decision_type=2 2 2 2 2 2 2
left_child=2 3 4 -2 -1 -3 -6
right_child=1 5 -4 -5 6 -7 -8
leaf_value=-0.54276284472211278 -0.12932890728970331 0.11472557231945585 -0.025391000691034341 0.11970230464561311 -0.46508969947782369 0.26904040335604384 -0.20554065302429195
leaf_weight=432 1325 1524 675 1167 339 1624 893
leaf_count=432 1325 1524 675 1167 339 1624 893
internal_value=-0.00213599 0.103094 -0.255554 -0.0127018 -0.348564 0.194634 -0.27855
internal_weight=7979 5640 2339 2492 1664 3148 1232
internal_count=7979 5640 2339 2492 1664 3148 1232
is_linear=0
shrinkage=0.02


Tree=30
num_leaves=8
num_cat=0
split_feature=64 66 41 41 41 66 66
split_gain=515892 154303 112119 99302.9 68601.8 54864 40381.2
threshold=2.5000000000000004 0.31250000000000006 48.485000000000007 50.735000000000007 32.395000000000003 0.31250000000000006 0.43750000000000006
decision_type=2 2 2 2 2 2 2
left_child=2 3 6 -2 -3 -4 -1
right_child=1 4 5 -5 -6 -7 -8
leaf_value=-0.43372173535372616 -0.17821630413772929 -0.0099014588311266676 -0.20244079000373005 0.093219944109079036 0.22208906629118655 0.098660283425676509 -0.076585504891056755
leaf_weight=1032 1001 617 787 1157 2920 345 147
leaf_count=1032 1001 617 787 1157 2920 345 147
internal_value=-0.00183805 0.100436 -0.253546 -0.0328081 0.181663 -0.110644 -0.389705
internal_weight=8006 5695 2311 2158 3537 1132 1179
internal_count=8006 5695 2311 2158 3537 1132 1179
is_linear=0
shrinkage=0.02


Tree=31
num_leaves=8
num_cat=0
split_feature=64 64 40 40 66 66 41
split_gain=479942 145900 109103 95755.8 59770.8 56188.3 41402.9
threshold=2.5000000000000004 3.5000000000000004 55.32500000000001 56.695000000000007 0.18750000000000003 0.43750000000000006 36.045000000000009
decision_type=2 2 2 2 2 2 2
left_child=2 3 4 5 -1 6 -2
right_child=1 -3 -4 -5 -6 -7 -8
leaf_value=-0.50297714235627022 -0.31629809280626248 0.20228083034090202 -0.047511448959762947 0.15252060339535059 -0.2424056287870619 0.10228136930751491 -0.077930097832117337
leaf_weight=560 422 2797 779 1030 991 458 934
leaf_count=560 422 2797 779 1030 991 458 934
internal_value=0.000113248 0.0998531 -0.241057 -0.00106021 -0.337801 -0.0884439 -0.153002
internal_weight=7971 5641 2330 2844 1551 1814 1356
internal_count=7971 5641 2330 2844 1551 1814 1356
is_linear=0
shrinkage=0.02


Tree=32
num_leaves=8
num_cat=0
split_feature=64 66 42 42 66 66 66
split_gain=477980 147519 147393 112058 74390.2 43821.1 40806.7
threshold=2.5000000000000004 0.43750000000000006 47.495000000000012 39.165000000000006 0.18750000000000003 0.18750000000000003 0.18750000000000003
decision_type=2 2 2 2 2 2 2
left_child=3 2 6 -1 -5 -4 -2
right_child=1 -3 5 4 -6 -7 -8
leaf_value=-0.42461536549805479 -0.33534754883397272 0.23950458562411112 -0.034600750951612573 -0.31599911799586511 -0.01829335374712739 0.17933271565681561 -0.073739273078452405
leaf_weight=852 291 1961 493 544 866 1689 1253
leaf_count=852 291 1961 493 544 866 1689 1253
internal_value=0.00151938 0.099332 0.0253368 -0.244073 -0.133864 0.131028 -0.123968
internal_weight=7949 5687 3726 2262 1410 2182 1544
internal_count=7949 5687 3726 2262 1410 2182 1544
is_linear=0
shrinkage=0.02


Tree=33
num_leaves=8
num_cat=0
split_feature=64 66 42 42 31 66 66
split_gain=450580 137331 128096 102153 59815.6 47313.3 44495.3
threshold=2.5000000000000004 0.43750000000000006 52.765000000000008 49.640000000000008 1.0000000180025095e-35 0.31250000000000006 0.31250000000000006
decision_type=2 2 2 2 2 2 2
left_child=3 2 4 6 -2 -5 -1
right_child=1 -3 -4 5 -6 -7 -8
leaf_value=-0.43823478451515457 -0.24533254354367548 0.23352516460347525 0.14606545906760154 -0.17409945096069795 -0.0088809130849898613 0.12068254699191404 -0.18968662289756796
leaf_weight=842 641 1921 1803 705 1269 310 455
leaf_count=842 641 1921 1803 705 1269 310 455
internal_value=2.56493e-06 0.0964811 0.0253597 -0.234802 -0.0886679 -0.0839173 -0.352105
internal_weight=7946 5634 3713 2312 1910 1015 1297
internal_count=7946 5634 3713 2312 1910 1015 1297
is_linear=0
shrinkage=0.02


Tree=34
num_leaves=8
num_cat=0
split_feature=31 40 40 33 33 33 40
split_gain=434315 159566 132450 84596.8 73241.5 58363 30670.2
threshold=1.0000000180025095e-35 45.705000000000005 47.045000000000009 1.5000000000000002 3.5000000000000004 1.5000000000000002 20.080000000000002
decision_type=2 2 2 2 2 2 2
left_child=1 5 4 -3 6 -1 -2
right_child=2 3 -4 -5 -6 -7 -8
leaf_value=-0.51886462052080606 -0.30021227857106408 -0.22066938764187019 0.22238850690473747 0.047183030956612602 0.15606372533907842 -0.24047941988459412 -0.04113077805517025
leaf_weight=481 216 777 2564 1185 815 842 1070
leaf_count=481 216 777 2564 1185 815 842 1070
internal_value=0.00206862 -0.173942 0.126065 -0.0591844 0.00826674 -0.343264 -0.085641
internal_weight=7950 3285 4665 1962 2101 1323 1286
internal_count=7950 3285 4665 1962 2101 1323 1286
is_linear=0
shrinkage=0.02


Tree=35
num_leaves=8
num_cat=0
split_feature=64 66 42 42 66 31 66
split_gain=431967 134038 130823 108176 67459 48592.3 38141.9
threshold=2.5000000000000004 0.43750000000000006 46.840000000000011 38.165000000000006 0.18750000000000003 1.0000000180025095e-35 0.18750000000000003
decision_type=2 2 2 2 2 2 2
left_child=3 2 5 -1 -5 -2 -4
right_child=1 -3 6 4 -6 -7 -8
leaf_value=-0.41508428402872755 -0.27368004474683272 0.22918376834925183 -0.031173873443236362 -0.29946614167805541 -0.023935909886685112 -0.036434595746261567 0.16546737017912691
leaf_weight=814 524 1924 508 569 936 1000 1740
leaf_count=814 524 1924 508 569 936 1000 1740
internal_value=-0.000114831 0.0935714 0.0241871 -0.229936 -0.128753 -0.118635 0.12106
internal_weight=8015 5696 3772 2319 1505 1524 2248
internal_count=8015 5696 3772 2319 1505 1524 2248
is_linear=0
shrinkage=0.02


Tree=36
num_leaves=8
num_cat=0
split_feature=64 64 40 40 33 33 40
split_gain=403655 126895 92963.2 92532.1 59339.1 56299 34546.9
threshold=2.5000000000000004 3.5000000000000004 35.875000000000007 55.135000000000012 1.5000000000000002 1.5000000000000002 56.285000000000004
decision_type=2 2 2 2 2 2 2
left_child=3 2 -2 5 -4 -1 -3
right_child=1 6 4 -5 -6 -7 -8
leaf_value=-0.47141381855221043 -0.20174266641426986 0.12762650060074493 -0.1294483043254544 -0.041313924052418821 0.11902909278319752 -0.217877054826527 0.27007950625387123
leaf_weight=554 698 1666 493 768 1687 989 1169
leaf_count=554 698 1666 493 768 1687 989 1169
internal_value=0.00167123 0.091893 -0.00169723 -0.221082 0.0626691 -0.310136 0.186738
internal_weight=8024 5713 2878 2311 2180 1543 2835
internal_count=8024 5713 2878 2311 2180 1543 2835
is_linear=0
shrinkage=0.02


Tree=37
num_leaves=8
num_cat=0
split_feature=31 42 42 42 42 42 65
split_gain=402461 166604 135132 51716 44433 41723.9 35382.6
threshold=1.0000000180025095e-35 47.495000000000012 34.960000000000008 69.175000000000026 28.025000000000002 60.115000000000009 0.22500000000000003
decision_type=2 2 2 2 2 2 2
left_child=1 4 -2 6 -1 -4 -3
right_child=2 3 5 -5 -6 -7 -8
leaf_value=-0.48154186546862482 -0.065542333429852911 -0.35756911355417736 0.12324725540305474 0.10608409749752364 -0.24618924883925344 0.26353051385895554 -0.067576614501306934
leaf_weight=492 1175 199 2051 629 981 1463 984
leaf_count=492 1175 199 2051 629 981 1463 984
internal_value=0.00104402 -0.168568 0.119923 -0.039912 -0.326163 0.181943 -0.117658
internal_weight=7974 3285 4689 1812 1473 3514 1183
internal_count=7974 3285 4689 1812 1473 3514 1183
is_linear=0
shrinkage=0.02


Tree=38
num_leaves=8
num_cat=0
split_feature=64 64 40 40 33 33 33
split_gain=382715 117406 96355.9 82524.7 51759.6 44334.7 39634.6
threshold=2.5000000000000004 3.5000000000000004 45.705000000000005 37.355000000000011 2.5000000000000004 1.5000000000000002 1.5000000000000002
decision_type=2 2 2 2 2 2 2
left_child=2 3 6 -2 -4 -5 -1
right_child=1 -3 4 5 -6 -7 -8
leaf_value=-0.51267061256657531 -0.18277664759133921 0.18000721917401852 -0.1742604839894602 -0.10765986139240416 0.10944942403901113 0.11202677358413567 -0.25904148741599065
leaf_weight=384 741 2827 872 471 360 1614 742
leaf_count=384 741 2827 872 471 360 1614 742
internal_value=-0.00028143 0.0889986 -0.214054 -0.00219927 -0.0912509 0.0622609 -0.347421
internal_weight=8011 5653 2358 2826 1232 2085 1126
internal_count=8011 5653 2358 2826 1232 2085 1126
is_linear=0
shrinkage=0.02


Tree=39
num_leaves=8
num_cat=0
split_feature=64 42 33 42 33 33 64
split_gain=371080 119975 110421 98124 46056.2 43109.3 42176.7
threshold=2.5000000000000004 57.375000000000007 3.5000000000000004 47.765000000000008 1.5000000000000002 2.5000000000000004 1.5000000000000002
decision_type=2 2 2 2 2 2 2
left_child=3 2 4 6 -2 -5 -1
right_child=1 -3 -4 5 -6 -7 -8
leaf_value=-0.52828351645131133 -0.25356666030525338 0.20413152392964651 0.16648720172150713 -0.15909184964040393 -0.024053415249975604 0.1063027361142372 -0.26035566392802933
leaf_weight=326 429 2193 1238 755 1808 357 905
leaf_count=326 429 2193 1238 755 1808 357 905
internal_value=0.00096734 0.0884837 0.0153123 -0.210483 -0.0685356 -0.0737943 -0.33316
internal_weight=8011 5668 3475 2343 2237 1112 1231
internal_count=8011 5668 3475 2343 2237 1112 1231
is_linear=0
shrinkage=0.02


Tree=40
num_leaves=8
num_cat=0
split_feature=64 42 42 66 66 66 64
split_gain=368406 121235 98936.9 92867.5 59293 51423.4 38374.8
threshold=2.5000000000000004 49.640000000000008 57.375000000000007 0.43750000000000006 0.31250000000000006 0.18750000000000003 3.5000000000000004
decision_type=2 2 2 2 2 2 2
left_child=2 3 4 6 -1 -3 -2
right_child=1 5 -4 -5 -6 -7 -8
leaf_value=-0.38140459896191059 -0.17902880510226774 -0.021114371574278607 -0.013403703548760257 0.14362128833132068 -0.13019665736400959 0.20689071997395553 0.015810781134284132
leaf_weight=1091 1026 467 714 954 583 2554 664
leaf_count=1091 1026 467 714 954 583 2554 664
internal_value=-0.00260777 0.0852203 -0.210703 -0.0136914 -0.294565 0.171668 -0.102656
internal_weight=8053 5665 2388 2644 1674 3021 1690
internal_count=8053 5665 2388 2644 1674 3021 1690
is_linear=0
shrinkage=0.02


Tree=41
num_leaves=8
num_cat=0
split_feature=31 42 42 42 65 42 42
split_gain=361559 158660 124949 60007.4 42950.9 38590.6 25698.8
threshold=1.0000000180025095e-35 57.605000000000011 34.475000000000001 26.455000000000002 0.22500000000000003 60.115000000000009 80.790000000000006
decision_type=2 2 2 2 2 2 2
left_child=1 3 -2 -1 -5 -4 -3
right_child=2 6 5 4 -6 -7 -8
leaf_value=-0.46593768792288048 -0.066992317792044398 -0.023476513915834808 0.11646239850472233 -0.41980827064389908 -0.15637547096251198 0.25023577121079599 0.20053501131336662
leaf_weight=452 1144 976 2066 302 1359 1498 254
leaf_count=452 1144 976 2066 302 1359 1498 254
internal_value=0.00175287 -0.157169 0.114645 -0.262092 -0.205389 0.172961 0.0234074
internal_weight=8051 3343 4708 2113 1661 3564 1230
internal_count=8051 3343 4708 2113 1661 3564 1230
is_linear=0
shrinkage=0.02


Tree=42
num_leaves=8
num_cat=0
split_feature=31 40 40 66 66 66 40
split_gain=350563 131571 110670 66310.7 49625.4 41026.8 37355.9
threshold=1.0000000180025095e-35 44.095000000000006 33.915000000000006 0.18750000000000003 0.43750000000000006 0.18750000000000003 55.930000000000007
decision_type=2 2 2 2 2 2 2
left_child=1 5 -2 -3 6 -1 -4
right_child=2 3 4 -5 -6 -7 -8
leaf_value=-0.46495681120452154 -0.068268966595193603 -0.20014226938196406 0.025781924981566427 0.03245677038573417 0.25660056266305287 -0.22719403843658334 0.1900526583498795
leaf_weight=474 1064 800 1162 1251 1400 792 1056
leaf_count=474 1064 800 1162 1251 1400 792 1056
internal_value=-0.000607089 -0.157777 0.110791 -0.0585354 0.163471 -0.317693 0.104244
internal_weight=7999 3317 4682 2051 3618 1266 2218
internal_count=7999 3317 4682 2051 3618 1266 2218
is_linear=0
shrinkage=0.02


Tree=43
num_leaves=8
num_cat=0
split_feature=64 42 42 33 64 33 40
split_gain=328919 114533 84720.6 70890 60583.7 54334.7 35670.3
threshold=2.5000000000000004 33.775000000000013 34.475000000000001 1.5000000000000002 1.5000000000000002 3.5000000000000004 59.065000000000005
decision_type=2 2 2 2 2 2 2
left_child=2 5 -1 -3 -4 -2 -5
right_child=1 3 4 6 -6 -7 -8
leaf_value=-0.3863911496618867 -0.20046174599542929 -0.061887942311299203 -0.35051125398656946 0.10771027312097689 -0.057193655961778569 0.083371210214551364 0.23160430466492435
leaf_weight=688 729 675 357 2228 1282 423 1612
leaf_count=688 729 675 357 2228 1282 423 1612
internal_value=-0.000847733 0.0813613 -0.200799 0.126756 -0.121955 -0.0963319 0.159953
internal_weight=7994 5667 2327 4515 1639 1152 3840
internal_count=7994 5667 2327 4515 1639 1152 3840
is_linear=0
shrinkage=0.02


Tree=44
num_leaves=8
num_cat=0
split_feature=64 41 33 33 33 42 41
split_gain=318745 179705 112867 74068.2 38648.7 35356 33431.6
threshold=3.5000000000000004 43.845000000000006 1.5000000000000002 3.5000000000000004 1.5000000000000002 63.540000000000006 33.255000000000003
decision_type=2 2 2 2 2 2 2
left_child=1 3 -3 4 -1 -4 -2
right_child=6 2 5 -5 -6 -7 -8
leaf_value=-0.44238574374184814 0.011089441288943574 -0.18567243099462055 0.014346048708318853 0.00070191876939785331 -0.23266043545540221 0.17924782355446053 0.19746594722099414
leaf_weight=536 460 936 1404 400 1088 822 2375
leaf_count=536 460 936 1404 400 1088 822 2375
internal_value=-0.0030507 -0.0962455 -0.0019786 -0.243147 -0.303026 0.0755049 0.167298
internal_weight=8021 5186 3162 2024 1624 2226 2835
internal_count=8021 5186 3162 2024 1624 2226 2835
is_linear=0
shrinkage=0.02


Tree=45
num_leaves=8
num_cat=0
split_feature=31 40 40 33 33 33 40
split_gain=332992 122814 100053 63665.8 52044 41860 39765.7
threshold=1.0000000180025095e-35 44.620000000000012 29.540000000000003 1.5000000000000002 3.5000000000000004 1.5000000000000002 61.630000000000003
decision_type=2 2 2 2 2 2 2
left_child=1 5 -2 -3 6 -1 -4
right_child=2 3 4 -5 -6 -7 -8
leaf_value=-0.44815416518546952 -0.099023555834647989 -0.19465672631578584 0.034353510984763164 0.034810307381629574 0.23923119906165408 -0.21357555204988898 0.20729626007662838
leaf_weight=498 785 792 1657 1227 1523 821 780
leaf_count=498 785 792 1657 1227 1523 821 780
internal_value=-0.000859335 -0.153781 0.106766 -0.055462 0.147634 -0.303501 0.0900176
internal_weight=8083 3338 4745 2019 3960 1319 2437
internal_count=8083 3338 4745 2019 3960 1319 2437
is_linear=0
shrinkage=0.02


Tree=46
num_leaves=8
num_cat=0
split_feature=66 40 40 40 66 40 66
split_gain=280798 134832 88282.8 63375.9 47778 29037.4 26374.5
threshold=0.31250000000000006 62.045000000000009 37.090000000000011 35.005000000000003 1.0000000180025095e-35 20.705000000000002 0.43750000000000006
decision_type=2 2 2 2 2 2 2
left_child=1 3 5 -1 -5 -2 -4
right_child=2 -3 6 4 -6 -7 -8
leaf_value=-0.35059192789033478 -0.18799088616581525 0.065608296625646004 0.10321463341427713 -0.41700390586433889 -0.10221907808826868 0.02631410507856085 0.22040224038353443
leaf_weight=808 352 1034 1487 214 1682 864 1621
leaf_count=808 352 1034 1487 214 1682 864 1621
internal_value=-0.00155041 -0.128408 0.108137 -0.202583 -0.138752 -0.0362373 0.164591
internal_weight=8062 3738 4324 2704 1896 1216 3108
internal_count=8062 3738 4324 2704 1896 1216 3108
is_linear=0
shrinkage=0.02


Tree=47
num_leaves=8
num_cat=0
split_feature=64 42 42 64 64 34 34
split_gain=292060 95869 78933.7 55356 47730.7 32912.8 32572
threshold=2.5000000000000004 32.615000000000002 57.605000000000011 3.5000000000000004 1.5000000000000002 2.5000000000000004 1.0000000180025095e-35
decision_type=2 2 2 2 2 2 2
left_child=2 -2 4 6 -1 -6 -3
right_child=1 3 -4 -5 5 -7 -8
leaf_value=-0.44456705107733058 -0.091335913806655608 -0.18411666259440509 -0.010350152176878092 0.18704069270312232 -0.24072748232959154 0.052294287124007452 0.072332385149844691
leaf_weight=427 1072 215 707 2312 1034 178 2003
leaf_count=427 1072 215 707 2312 1034 178 2003
internal_value=-2.84175e-05 0.0784274 -0.187141 0.118657 -0.263138 -0.197655 0.0471155
internal_weight=7948 5602 2346 4530 1639 1212 2218
internal_count=7948 5602 2346 4530 1639 1212 2218
is_linear=0
shrinkage=0.02


Tree=48
num_leaves=8
num_cat=0
split_feature=64 41 42 64 64 41 64
split_gain=284512 101608 80036.9 52050.6 34072.3 34063 32424.3
threshold=2.5000000000000004 33.495000000000012 41.625000000000007 3.5000000000000004 1.5000000000000002 60.905000000000008 3.5000000000000004
decision_type=2 2 2 2 2 2 2
left_child=2 6 -1 5 -4 -3 -2
right_child=1 3 4 -5 -6 -7 -8
leaf_value=-0.3251566911091876 -0.20330992859842251 -0.010184808385552005 -0.27931695463258299 0.18330091829807407 -0.034414506268446721 0.1484104916851163 0.019320646533322688
leaf_weight=962 564 1445 284 2332 1072 861 483
leaf_count=962 564 1445 284 2332 1072 861 483
internal_value=0.000457211 0.0766037 -0.186058 0.116763 -0.0865445 0.0492235 -0.101003
internal_weight=8003 5685 2318 4638 1356 2306 1047
internal_count=8003 5685 2318 4638 1356 2306 1047
is_linear=0
shrinkage=0.02


Tree=49
num_leaves=8
num_cat=0
split_feature=33 42 42 64 33 42 42
split_gain=259369 140070 85708 64071.8 34232.1 33512.8 28419.3
threshold=2.5000000000000004 59.685000000000009 25.265000000000004 2.5000000000000004 4.5000000000000009 57.025000000000013 32.330000000000005
decision_type=2 2 2 2 2 2 2
left_child=1 3 -2 -1 5 -4 -5
right_child=2 -3 4 6 -6 -7 -8
leaf_value=-0.3199672194067138 -0.11944052635481134 0.053222282005194348 0.055494755227367083 -0.27438169310712035 0.26571489529075099 0.19219598444943017 -0.061949472397430212
leaf_weight=1110 569 1234 1720 331 732 1233 1025
leaf_count=1110 569 1234 1720 331 732 1233 1025
internal_value=0.00177395 -0.1206 0.108227 -0.207513 0.143496 0.112802 -0.114622
internal_weight=7954 3700 4254 2466 3685 2953 1356
internal_count=7954 3700 4254 2466 3685 2953 1356
is_linear=0
shrinkage=0.02


Tree=50
num_leaves=8
num_cat=0
split_feature=31 41 41 33 33 33 40
split_gain=269101 121609 96323.8 60955.7 38783.4 30743.5 28353
threshold=1.0000000180025095e-35 41.255000000000003 38.945000000000007 1.5000000000000002 3.5000000000000004 3.5000000000000004 58.175000000000004
decision_type=2 2 2 2 2 2 2
left_child=1 -1 4 -3 -2 6 -4
right_child=2 3 5 -5 -6 -7 -8
leaf_value=-0.31732861148609642 -0.12422798705353025 -0.18626045874836897 0.043498788821160234 0.025767991928410929 0.095703427413547482 0.23365843159281291 0.19270880630035159
leaf_weight=1011 852 867 1166 1432 508 1295 905
leaf_count=1011 852 867 1166 1432 508 1295 905
internal_value=0.0030959 -0.135082 0.0999134 -0.054423 -0.0420275 0.157241 0.109009
internal_weight=8036 3310 4726 2299 1360 3366 2071
internal_count=8036 3310 4726 2299 1360 3366 2071
is_linear=0
shrinkage=0.02


Tree=51
num_leaves=8
num_cat=0
split_feature=31 42 42 33 33 42 42
split_gain=277084 120129 94024.8 72398.9 41896 38921.9 38123.4
threshold=1.0000000180025095e-35 63.755000000000003 27.305000000000003 1.5000000000000002 3.5000000000000004 28.025000000000002 60.115000000000009
decision_type=2 2 2 2 2 2 2
left_child=1 3 -2 -1 6 -5 -4
right_child=2 -3 4 5 -6 -7 -8
leaf_value=-0.34946145248961102 -0.11034828567457944 0.056662805321127295 0.021952031251402219 -0.33037890047726043 0.21732970301980267 -0.07551645837150138 0.18670166042120134
leaf_weight=963 741 887 1525 296 1508 1202 886
leaf_count=963 741 887 1525 296 1508 1202 886
internal_value=-0.00397979 -0.142657 0.0956994 -0.214465 0.13475 -0.126808 0.0827557
internal_weight=8008 3348 4660 2461 3919 1498 2411
internal_count=8008 3348 4660 2461 3919 1498 2411
is_linear=0
shrinkage=0.02


Tree=52
num_leaves=8
num_cat=0
split_feature=31 42 42 33 41 33 33
split_gain=265183 118173 88607.3 62402 39995.4 37524.2 25625.3
threshold=1.0000000180025095e-35 64.565000000000012 38.165000000000006 1.5000000000000002 34.030000000000008 4.5000000000000009 3.5000000000000004
decision_type=2 2 2 2 2 2 2
left_child=1 3 5 -1 -5 -2 -4
right_child=2 -3 6 4 -6 -7 -8
leaf_value=-0.33453630362908976 -0.079276966643801683 0.065680967448828384 0.1083985148267035 -0.30107672951766584 -0.066770188628029262 0.19575977392211744 0.22469672552203793
leaf_weight=955 1217 843 1987 390 1128 232 1241
leaf_count=955 1217 843 1987 390 1128 232 1241
internal_value=-0.00182705 -0.138523 0.0951347 -0.208124 -0.127758 -0.034719 0.153388
internal_weight=7993 3316 4677 2473 1518 1449 3228
internal_count=7993 3316 4677 2473 1518 1449 3228
is_linear=0
shrinkage=0.02


Tree=53
num_leaves=8
num_cat=0
split_feature=64 41 41 66 66 64 34
split_gain=249665 94224.6 73327.7 57512.3 40155.1 36980.8 27486.4
threshold=2.5000000000000004 36.045000000000009 53.935000000000009 0.18750000000000003 0.43750000000000006 1.5000000000000002 2.5000000000000004
decision_type=2 2 2 2 2 2 2
left_child=2 4 5 -3 -2 -1 -7
right_child=1 3 -4 -5 -6 6 -8
leaf_value=-0.43202255669274392 -0.16790237475566439 -0.064899795664127694 -0.030874376044654032 0.14114443817724548 0.069156288593265808 -0.24294140876931444 0.046755127980111118
leaf_weight=385 809 629 857 3795 437 917 151
leaf_count=385 809 629 857 3795 437 917 151
internal_value=-0.0028433 0.0685633 -0.177884 0.111809 -0.0848165 -0.264189 -0.201955
internal_weight=7980 5670 2310 4424 1246 1453 1068
internal_count=7980 5670 2310 4424 1246 1453 1068
is_linear=0
shrinkage=0.02


Tree=54
num_leaves=8
num_cat=0
split_feature=64 42 42 64 34 64 64
split_gain=232152 80869.4 70230 67772.8 32295.7 31531.3 24757.3
threshold=2.5000000000000004 60.115000000000009 47.985000000000007 3.5000000000000004 1.5000000000000002 1.5000000000000002 1.5000000000000002
decision_type=2 2 2 2 2 2 2
left_child=2 3 5 4 -2 -1 -4
right_child=1 -3 6 -5 -6 -7 -8
leaf_value=-0.43913188910910061 -0.16145199798872553 0.17336028139327961 -0.23739891161960838 0.10267382693653002 0.0034936730041079324 -0.20891987599674572 -0.0020707970603505311
leaf_weight=331 836 1929 221 1778 1090 899 857
leaf_count=331 836 1929 221 1778 1090 899 857
internal_value=-0.000686937 0.0685333 -0.169412 0.0137805 -0.0683353 -0.272398 -0.0511885
internal_weight=7941 5633 2308 3704 1926 1230 1078
internal_count=7941 5633 2308 3704 1926 1230 1078
is_linear=0
shrinkage=0.02


Tree=55
num_leaves=8
num_cat=0
split_feature=44 10 47 43 47 47 28
split_gain=112886 45485 32599.6 21705.4 20197.6 13331.7 12134.8
threshold=1.0000000180025095e-35 43528.750000000007 6.5000000000000009 1.0000000180025095e-35 4.5000000000000009 4.5000000000000009 1.0000000180025095e-35
decision_type=2 2 2 2 2 2 2
left_child=4 2 3 -2 -1 -3 -6
right_child=1 5 -4 -5 6 -7 -8
leaf_value=-0.25125249099434543 -0.15514616318245264 0.030453150467668288 0.056120964563604901 -0.015664568781737637 -0.13880408131534697 0.13645659249505879 0.014481538564921275
leaf_weight=527 634 663 1910 1484 806 1696 276
leaf_count=527 634 663 1910 1484 806 1696 276
internal_value=-0.000587808 0.0371502 -0.00371716 -0.0576839 -0.150042 0.106792 -0.0998167
internal_weight=7996 6387 4028 2118 1609 2359 1082
internal_count=7996 6387 4028 2118 1609 2359 1082
is_linear=0
shrinkage=0.02


Tree=56
num_leaves=8
num_cat=0
split_feature=31 40 40 33 33 33 40
split_gain=233824 95050.2 86488.3 46683.7 36944.2 33778.2 30266
threshold=1.0000000180025095e-35 45.705000000000005 29.540000000000003 1.5000000000000002 3.5000000000000004 2.5000000000000004 61.355000000000011
decision_type=2 2 2 2 2 2 2
left_child=1 5 -2 -3 6 -1 -4
right_child=2 3 4 -5 -6 -7 -8
leaf_value=-0.33115870296308714 -0.097922607380276694 -0.15956251219492884 0.029331086065629487 0.039359473256070331 0.20615170272774386 -0.12170587016500035 0.17929430598177987
leaf_weight=871 806 775 1597 1191 1520 488 809
leaf_count=871 806 775 1597 1191 1520 488 809
internal_value=5.20007e-05 -0.128373 0.0903314 -0.0392617 0.129055 -0.256669 0.0800224
internal_weight=8057 3325 4732 1966 3926 1359 2406
internal_count=8057 3325 4732 1966 3926 1359 2406
is_linear=0
shrinkage=0.02


Tree=57
num_leaves=8
num_cat=0
split_feature=42 34 42 34 34 34 42
split_gain=167235 113812 65165.1 61700 37410.1 29092.2 24236.9
threshold=33.20000000000001 1.5000000000000002 68.115000000000023 1.5000000000000002 1.0000000180025095e-35 2.5000000000000004 66.935000000000016
decision_type=2 2 2 2 2 2 2
left_child=3 2 4 -1 -2 6 -3
right_child=1 5 -4 -5 -6 -7 -8
leaf_value=-0.314875074172835 -0.27905029543980175 0.028012611225803036 0.11032617956831836 -0.072569391615285875 -0.063812576458502454 0.18746432421825007 0.18559221955030056
leaf_weight=719 400 1418 754 1012 1621 1566 535
leaf_count=719 400 1418 754 1012 1621 1566 535
internal_value=-2.75811e-05 0.0478729 -0.0478551 -0.173832 -0.106996 0.123322 0.0715433
internal_weight=8025 6294 2775 1731 2021 3519 1953
internal_count=8025 6294 2775 1731 2021 3519 1953
is_linear=0
shrinkage=0.02


Tree=58
num_leaves=8
num_cat=0
split_feature=31 41 41 33 33 40 40
split_gain=239066 97427.1 75467.4 49614 40245.6 23906.1 22063.2
threshold=1.0000000180025095e-35 41.255000000000003 41.965000000000011 1.5000000000000002 3.5000000000000004 20.080000000000002 65.725000000000009
decision_type=2 2 2 2 2 2 2
left_child=1 -1 4 -3 5 -2 -5
right_child=2 3 -4 6 -6 -7 -8
leaf_value=-0.29068014488102406 -0.30094925619307022 -0.17512020586107457 0.14870029326943565 -0.033250301961427857 0.10769940679673763 -0.050667181880516145 0.14126666438230026
leaf_weight=1032 184 870 3122 1014 607 810 400
leaf_count=1032 184 870 3122 1014 607 810 400
internal_value=0.000172817 -0.129881 0.0915238 -0.0567493 -0.0200879 -0.0982714 0.0164418
internal_weight=8039 3316 4723 2284 1601 994 1414
internal_count=8039 3316 4723 2284 1601 994 1414
is_linear=0
shrinkage=0.02


Tree=59
num_leaves=8
num_cat=0
split_feature=33 42 42 42 33 33 41
split_gain=219228 119785 65881.2 49440.9 34056.7 28779.9 25366.8
threshold=2.5000000000000004 57.375000000000007 25.265000000000004 28.025000000000002 1.5000000000000002 4.5000000000000009 53.520000000000003
decision_type=2 2 2 2 2 2 2
left_child=1 3 -2 -1 -5 6 -4
right_child=2 -3 5 4 -6 -7 -8
leaf_value=-0.370725934215002 -0.10016389092985882 0.035224499746512858 0.044129465285921168 -0.24861224362788639 -0.071622330326762407 0.24014977919287206 0.16116604158526418
leaf_weight=527 580 1364 1549 777 993 736 1424
leaf_count=527 580 1364 1549 777 993 736 1424
internal_value=0.000419969 -0.113175 0.0974007 -0.201182 -0.149799 0.128388 0.100364
internal_weight=7950 3661 4289 2297 1770 3709 2973
internal_count=7950 3661 4289 2297 1770 3709 2973
is_linear=0
shrinkage=0.02


Tree=60
num_leaves=8
num_cat=0
split_feature=31 42 40 33 33 40 42
split_gain=212474 102023 74125.7 46291.8 35474.5 31910.8 29620.3
threshold=1.0000000180025095e-35 57.605000000000011 27.805000000000003 1.5000000000000002 3.5000000000000004 56.135000000000012 27.665000000000003
decision_type=2 2 2 2 2 2 2
left_child=1 3 -2 -1 5 -4 -5
right_child=2 -3 4 6 -6 -7 -8
leaf_value=-0.32693398333522927 -0.10355534215402638 0.023159888371073519 0.011026011813033029 -0.30414800246909651 0.19606636842469491 0.15564595205802817 -0.078348773843777114
leaf_weight=789 688 1229 1412 301 1534 1071 991
leaf_count=789 688 1229 1412 301 1534 1071 991
internal_value=0.00136786 -0.1213 0.087703 -0.206467 0.120548 0.0735928 -0.131923
internal_weight=8015 3310 4705 2081 4017 2483 1292
internal_count=8015 3310 4705 2081 4017 2483 1292
is_linear=0
shrinkage=0.02


Tree=61
num_leaves=8
num_cat=0
split_feature=64 41 64 33 42 33 33
split_gain=203082 72332.7 61723.1 54791.4 44152.1 28353.1 27450.7
threshold=2.5000000000000004 49.000000000000007 1.5000000000000002 2.5000000000000004 26.455000000000002 1.5000000000000002 2.5000000000000004
decision_type=2 2 2 2 2 2 2
left_child=2 3 -1 -2 -4 -3 -6
right_child=1 5 4 -5 6 -7 -8
leaf_value=-0.34181634714742432 -0.13690882318986208 -0.01459802636579305 -0.3141161889827308 0.054856635669249705 -0.11652928415982093 0.15351326576064328 0.062333765581693845
leaf_weight=546 929 471 312 1642 976 2675 524
leaf_count=546 929 471 312 1642 976 2675 524
internal_value=-0.000286309 0.0641284 -0.156266 -0.0145668 -0.0995682 0.128361 -0.054047
internal_weight=8075 5717 2358 2571 1812 3146 1500
internal_count=8075 5717 2358 2571 1812 3146 1500
is_linear=0
shrinkage=0.02


Tree=62
num_leaves=8
num_cat=0
split_feature=64 41 64 64 41 31 41
split_gain=195665 68916.3 58078.3 46302.5 41573.4 20474.6 17193.4
threshold=2.5000000000000004 50.565000000000005 1.5000000000000002 3.5000000000000004 41.495000000000012 1.0000000180025095e-35 18.610000000000003
decision_type=2 2 2 2 2 2 2
left_child=2 3 -1 6 -4 -3 -2
right_child=1 5 4 -5 -6 -7 -8
leaf_value=-0.33167432221332499 -0.28838609548373112 0.051003322294803984 -0.22587778736676636 0.07988950252753442 -0.024997628913765169 0.16676127981264482 -0.060960284556746153
leaf_weight=543 144 873 633 1296 1168 2079 1293
leaf_count=543 144 873 633 1296 1168 2079 1293
internal_value=0.00236021 0.065756 -0.151209 -0.00663248 -0.0960311 0.132672 -0.0846713
internal_weight=8029 5685 2344 2733 1801 2952 1437
internal_count=8029 5685 2344 2733 1801 2952 1437
is_linear=0
shrinkage=0.02


Tree=63
num_leaves=8
num_cat=0
split_feature=31 41 41 33 33 33 33
split_gain=193595 91049.8 70282.1 37780.3 29386.6 27902.6 21478.8
threshold=1.0000000180025095e-35 52.945000000000007 38.725000000000001 1.5000000000000002 1.5000000000000002 4.5000000000000009 3.5000000000000004
decision_type=2 2 2 2 2 2 2
left_child=1 3 5 -1 -3 -2 -4
right_child=2 4 6 -5 -6 -7 -8
leaf_value=-0.33155194211282196 -0.081435087926422359 -0.11427297011247049 0.088177390172574643 -0.14249220778928892 0.067376750409030628 0.16954113925390299 0.19228885648962959
leaf_weight=686 1135 580 2069 1128 906 205 1298
leaf_count=686 1135 580 2069 1128 906 205 1298
internal_value=-0.00247324 -0.119823 0.0798387 -0.214704 -0.00366832 -0.0425519 0.128539
internal_weight=8007 3300 4707 1814 1486 1340 3367
internal_count=8007 3300 4707 1814 1486 1340 3367
is_linear=0
shrinkage=0.02


Tree=64
num_leaves=8
num_cat=0
split_feature=33 42 42 42 33 33 42
split_gain=180972 101837 61262 43213.5 27604.7 25099.4 23171.5
threshold=2.5000000000000004 59.925000000000004 23.475000000000005 30.335000000000004 1.0000000180025095e-35 4.5000000000000009 70.175000000000011
decision_type=2 2 2 2 2 2 2
left_child=1 3 -2 -1 -5 6 -4
right_child=2 -3 5 4 -6 -7 -8
leaf_value=-0.32224576062869792 -0.11338621746232659 0.047506794038185148 0.06328454411170277 -0.34852581179894437 -0.099887698087094412 0.22146777158844061 0.19981642311919409
leaf_weight=607 522 1214 2435 197 1641 737 623
leaf_count=607 522 1214 2435 197 1641 737 623
internal_value=0.00129715 -0.102107 0.0889573 -0.176339 -0.12741 0.116902 0.0913807
internal_weight=7976 3659 4317 2445 1838 3795 3058
internal_count=7976 3659 4317 2445 1838 3795 3058
is_linear=0
shrinkage=0.02


Tree=65
num_leaves=8
num_cat=0
split_feature=66 40 40 40 66 66 40
split_gain=178880 92066.9 58500 40921.2 34978.3 21318.3 21873.5
threshold=0.31250000000000006 62.045000000000009 30.425000000000004 30.690000000000001 1.0000000180025095e-35 0.56250000000000011 56.695000000000007
decision_type=2 2 2 2 2 2 2
left_child=1 3 -2 -1 -5 6 -4
right_child=2 -3 5 4 -6 -7 -8
leaf_value=-0.3078067578066207 -0.065253242630619768 0.056716069058580072 0.046892328809201952 -0.34893717179944117 -0.09155817989518969 0.21935405495124499 0.15993426909333228
leaf_weight=612 821 1042 1563 235 1836 714 1222
leaf_count=612 821 1042 1563 235 1836 714 1222
internal_value=-0.00114977 -0.102638 0.0863776 -0.164516 -0.121533 0.121998 0.0966905
internal_weight=8045 3725 4320 2683 2071 3499 2785
internal_count=8045 3725 4320 2683 2071 3499 2785
is_linear=0
shrinkage=0.02


Tree=66
num_leaves=8
num_cat=0
split_feature=64 41 41 31 64 64 64
split_gain=183260 66201.5 56740 39656.4 27093.4 24091.5 19587.9
threshold=2.5000000000000004 33.495000000000012 50.340000000000011 1.0000000180025095e-35 1.5000000000000002 3.5000000000000004 1.5000000000000002
decision_type=2 2 2 2 2 2 2
left_child=2 5 6 -3 -4 -2 -1
right_child=1 3 4 -5 -6 -7 -8
leaf_value=-0.37196234477347284 -0.17308255394108099 0.0035526485664221191 -0.22953782328989961 0.13066656243506486 0.010824544493070092 0.020275130859628225 -0.19033703186013565
leaf_weight=327 552 1395 235 3311 857 478 946
leaf_count=327 552 1395 235 3311 857 478 946
internal_value=0.000171428 0.0612524 -0.147789 0.0930299 -0.0417122 -0.0836851 -0.238264
internal_weight=8101 5736 2365 4706 1092 1030 1273
internal_count=8101 5736 2365 4706 1092 1030 1273
is_linear=0
shrinkage=0.02


Tree=67
num_leaves=8
num_cat=0
split_feature=33 42 42 42 33 41 33
split_gain=158167 98371.1 58618.2 41832.1 36626.7 25144.1 21567.5
threshold=2.5000000000000004 39.675000000000004 23.475000000000005 79.600000000000009 1.0000000180025095e-35 55.735000000000007 4.5000000000000009
decision_type=2 2 2 2 2 2 2
left_child=1 -1 -2 4 -3 6 -4
right_child=2 3 5 -5 -6 -7 -8
leaf_value=-0.25071334910323834 -0.11928067302169996 -0.28599401286821591 0.033295169694495093 0.17327260616533771 -0.030258492134965821 0.16749454289209376 0.19877333579034848
leaf_weight=1130 503 248 1731 354 1971 1674 381
leaf_count=1130 503 248 1731 354 1971 1674 381
internal_value=8.1734e-05 -0.0956047 0.0827098 -0.0271305 -0.0594187 0.109668 0.063546
internal_weight=7992 3703 4289 2573 2219 3786 2112
internal_count=7992 3703 4289 2573 2219 3786 2112
is_linear=0
shrinkage=0.02


Tree=68
num_leaves=8
num_cat=0
split_feature=31 42 42 66 66 42 66
split_gain=178909 84980.6 58897.6 40182.6 27263.9 24102.7 20971.5
threshold=1.0000000180025095e-35 57.375000000000007 34.755000000000003 0.18750000000000003 0.56250000000000011 21.795000000000005 1.0000000180025095e-35
decision_type=2 2 2 2 2 2 2
left_child=1 3 4 -1 -2 -5 -3
right_child=2 6 -4 5 -6 -7 -8
leaf_value=-0.30118385949789889 -0.087035649316271349 -0.20471391790465221 0.11943708141661775 -0.33181624353254163 0.17314625489047772 -0.08425810931759059 0.048050254746336007
leaf_weight=803 975 144 3542 180 188 1101 1102
leaf_count=803 975 144 3542 180 188 1101 1102
internal_value=-0.000432482 -0.112517 0.0789311 -0.190489 -0.0444158 -0.120199 0.0181369
internal_weight=8035 3330 4705 2084 1163 1281 1246
internal_count=8035 3330 4705 2084 1163 1281 1246
is_linear=0
shrinkage=0.02


Tree=69
num_leaves=8
num_cat=0
split_feature=66 42 66 42 42 44 66
split_gain=162370 83512 50259.4 44749.6 43868.4 29800.8 25144.7
threshold=0.18750000000000003 23.475000000000005 0.43750000000000006 63.755000000000003 58.725000000000009 1.0000000180025095e-35 0.56250000000000011
decision_type=2 2 2 2 2 2 2
left_child=4 6 3 5 -1 -3 -2
right_child=1 2 -4 -5 -6 -7 -8
leaf_value=-0.25420523336711248 -0.20107162983256316 -0.14645677231187218 0.15387029201265606 0.13635580550837695 -0.038045385736340691 0.018528635408793764 0.1391928301769875
leaf_weight=1054 631 554 1947 1071 585 2018 97
leaf_count=1054 631 554 1947 1071 585 2018 97
internal_value=-0.000332361 0.0457068 0.0719728 0.0280518 -0.177403 -0.0172239 -0.155094
internal_weight=7957 6318 5590 3643 1639 2572 728
internal_count=7957 6318 5590 3643 1639 2572 728
is_linear=0
shrinkage=0.02


Tree=70
num_leaves=8
num_cat=0
split_feature=31 64 64 44 46 46 10
split_gain=158914 61902.9 41614.1 19489.5 16290.4 15349.9 9549.31
threshold=1.0000000180025095e-35 1.5000000000000002 3.5000000000000004 1.0000000180025095e-35 4.5000000000000009 4.5000000000000009 37031.500000000007
decision_type=2 2 2 2 2 2 2
left_child=1 -1 4 -3 -2 -5 -7
right_child=2 3 -4 5 -6 6 -8
leaf_value=-0.3116547810749673 -0.047701338733731169 -0.20095076807325832 0.13338402135412442 -0.11031644230262061 0.059959510942367289 -0.048951125788798081 0.052919099369679257
leaf_weight=487 968 381 2421 963 1327 921 606
leaf_count=487 968 381 2421 963 1327 921 606
internal_value=0.000787185 -0.104277 0.0756285 -0.0686191 0.0145446 -0.0480086 -0.00848249
internal_weight=8074 3358 4716 2871 2295 2490 1527
internal_count=8074 3358 4716 2871 2295 2490 1527
is_linear=0
shrinkage=0.02


Tree=71
num_leaves=8
num_cat=0
split_feature=31 42 41 42 34 34 41
split_gain=155220 82525 57535.5 39004.5 31129.1 22054 19476.7
threshold=1.0000000180025095e-35 64.565000000000012 34.985000000000007 21.795000000000005 1.0000000180025095e-35 2.5000000000000004 62.095000000000006
decision_type=2 2 2 2 2 2 2
left_child=1 3 5 -1 -5 -2 -4
right_child=2 -3 6 4 -6 -7 -8
leaf_value=-0.38032460410872965 -0.12388130850582452 0.063468903323541562 0.075391391062705149 -0.29589218591108241 -0.098394624801270605 0.068359603774352157 0.17156036467143185
leaf_weight=293 685 848 2336 389 1744 361 1327
leaf_count=293 685 848 2336 389 1744 361 1327
internal_value=-0.000415663 -0.106091 0.073091 -0.165368 -0.13502 -0.0575247 0.110417
internal_weight=7983 3274 4709 2426 2133 1046 3663
internal_count=7983 3274 4709 2426 2133 1046 3663
is_linear=0
shrinkage=0.02


Tree=72
num_leaves=8
num_cat=0
split_feature=64 41 66 40 66 64 66
split_gain=154405 97266.1 57335.5 33716.1 31717.4 26101.9 18855.8
threshold=3.5000000000000004 53.935000000000009 0.43750000000000006 22.675000000000004 0.18750000000000003 1.5000000000000002 0.18750000000000003
decision_type=2 2 2 2 2 2 2
left_child=1 2 3 -1 -3 -5 -7
right_child=-2 4 -4 5 -6 6 -8
leaf_value=-0.35194337940769982 0.11973005316810388 -0.080358866528637066 0.040965861811005776 -0.32471324490955134 0.089153774250678886 -0.21183257210285555 -0.072714080736952638
leaf_weight=377 2845 618 588 280 1514 574 1221
leaf_count=377 2845 618 588 280 1514 574 1221
internal_value=0.00150838 -0.0635755 -0.136122 -0.178585 0.0399443 -0.146318 -0.117666
internal_weight=8017 5172 3040 2452 2132 2075 1795
internal_count=8017 5172 3040 2452 2132 2075 1795
is_linear=0
shrinkage=0.02


Tree=73
num_leaves=8
num_cat=0
split_feature=33 40 40 40 31 33 33
split_gain=140554 81250.7 44279.2 36255.8 31120.5 19171.5 14881.2
threshold=2.5000000000000004 62.270000000000003 36.615000000000002 29.540000000000003 1.0000000180025095e-35 4.5000000000000009 4.5000000000000009
decision_type=2 2 2 2 2 2 2
left_child=1 3 5 -1 -5 -2 -4
right_child=2 -3 6 4 -6 -7 -8
leaf_value=-0.29458896084160108 -0.063081558347167777 0.061201761019876844 0.095996542379765126 -0.17285846787267947 -0.017114941755598509 0.14801228710909209 0.20667774136264797
leaf_weight=536 972 1024 2477 1281 856 204 608
leaf_count=536 972 1024 2477 1281 856 204 608
internal_value=0.000104582 -0.090067 0.0783546 -0.148023 -0.110659 -0.0259916 0.118109
internal_weight=7958 3697 4261 2673 2137 1176 3085
internal_count=7958 3697 4261 2673 2137 1176 3085
is_linear=0
shrinkage=0.02


Tree=74
num_leaves=8
num_cat=0
split_feature=42 34 34 42 42 34 44
split_gain=108285 74626 43787.7 38737.3 28442.8 25697.7 26640.8
threshold=50.065000000000005 2.5000000000000004 1.0000000180025095e-35 20.205000000000002 71.985000000000014 1.0000000180025095e-35 1.0000000180025095e-35
decision_type=2 2 2 2 2 2 2
left_child=1 3 -2 -1 -4 -5 -7
right_child=2 -3 4 5 -6 6 -8
leaf_value=-0.28132596082658623 -0.13087628146638447 0.073228038555815514 0.057199003660406804 -0.25613376343829763 0.17686177934542754 -0.19270781214654445 -0.026038088957598671
leaf_weight=508 372 1044 2484 319 1169 495 1657
leaf_count=508 372 1044 2484 319 1169 495 1657
internal_value=0.00130922 -0.072026 0.0746064 -0.122968 0.0956818 -0.0899098 -0.0647331
internal_weight=8048 4023 4025 2979 3653 2471 2152
internal_count=8048 4023 4025 2979 3653 2471 2152
is_linear=0
shrinkage=0.02


Tree=75
num_leaves=8
num_cat=0
split_feature=34 34 34 52 52 43 34
split_gain=106287 38840.7 29043.1 23875 18840.1 10314.9 9457.34
threshold=1.5000000000000002 1.0000000180025095e-35 2.5000000000000004 44.855000000000011 33.585000000000008 1.0000000180025095e-35 3.5000000000000004
decision_type=2 2 2 2 2 2 2
left_child=1 -1 4 -3 -2 -5 -4
right_child=2 3 6 5 -6 -7 -8
leaf_value=-0.21182798710433937 -0.079162820502995099 -0.11720805217041984 0.086750216988042653 -0.092834899429284357 0.04773865933849164 0.02982912537208237 0.17910126208839131
leaf_weight=752 613 1184 1297 350 1924 1200 687
leaf_count=752 613 1184 1297 350 1924 1200 687
internal_value=-0.00208117 -0.0849976 0.0618763 -0.0497892 0.0169808 0.00192135 0.119098
internal_weight=8007 3486 4521 2734 2537 1550 1984
internal_count=8007 3486 4521 2734 2537 1550 1984
is_linear=0
shrinkage=0.02


Tree=76
num_leaves=8
num_cat=0
split_feature=33 42 42 33 42 44 33
split_gain=124574 79569.6 47417.5 37132.5 33615.7 19360.5 17317.3
threshold=2.5000000000000004 39.915000000000006 24.880000000000006 1.0000000180025095e-35 68.50500000000001 1.0000000180025095e-35 4.5000000000000009
decision_type=2 2 2 2 2 2 2
left_child=1 -1 -2 -3 5 -5 -4
right_child=2 3 6 4 -6 -7 -8
leaf_value=-0.22528694858672732 -0.095378167558781118 -0.24015019079156247 0.079459123932402564 -0.1821991202099757 0.12254799450458352 -0.010053874892831039 0.19003404855452985
leaf_weight=1111 566 274 3008 325 671 1259 699
leaf_count=1111 566 274 3008 325 671 1259 699
internal_value=0.00130334 -0.0846128 0.0745052 -0.0224914 0.0044286 -0.0458363 0.100537
internal_weight=7913 3640 4273 2529 2255 1584 3707
internal_count=7913 3640 4273 2529 2255 1584 3707
is_linear=0
shrinkage=0.02


Tree=77
num_leaves=8
num_cat=0
split_feature=64 41 33 41 64 33 33
split_gain=136587 93605.1 57681.4 23605.6 16787.2 16644 16054.1
threshold=3.5000000000000004 34.985000000000007 1.5000000000000002 59.930000000000007 1.5000000000000002 3.5000000000000004 3.5000000000000004
decision_type=2 2 2 2 2 2 2
left_child=1 5 4 6 -3 -1 -4
right_child=-2 2 3 -5 -6 -7 -8
leaf_value=-0.24863384963641158 0.11455413505032415 -0.30693286893131971 -0.042128741357543353 0.11285104561558268 -0.096331475941491135 -0.059513114198072196 0.09532675532713597
leaf_weight=965 2859 177 1313 1050 967 235 453
leaf_count=965 2859 177 1313 1050 967 235 453
internal_value=0.00377878 -0.05765 -0.0106694 0.0379978 -0.13011 -0.211998 -0.00670018
internal_weight=8019 5160 3960 2816 1144 1200 1766
internal_count=8019 5160 3960 2816 1144 1200 1766
is_linear=0
shrinkage=0.02


Tree=78
num_leaves=8
num_cat=0
split_feature=64 41 64 41 33 33 40
split_gain=130733 49546.6 42315.3 32168.6 28518.8 23469 17298.5
threshold=2.5000000000000004 33.255000000000003 1.5000000000000002 41.495000000000012 1.5000000000000002 3.5000000000000004 59.065000000000005
decision_type=2 2 2 2 2 2 2
left_child=2 5 -1 -4 -3 -2 -6
right_child=1 4 3 -5 6 -7 -8
leaf_value=-0.28038778720308433 -0.14711864981236397 -0.043443844805838482 -0.19341008385083103 -0.015872734669898577 0.064996680827338449 0.052322418235463276 0.15029945825729177
leaf_weight=545 649 655 630 1146 2433 366 1572
leaf_count=545 649 655 630 1146 2433 366 1572
internal_value=-0.000661288 0.0510576 -0.126955 -0.0792167 0.0786305 -0.075298 0.0986245
internal_weight=7996 5675 2321 1776 4660 1015 4005
internal_count=7996 5675 2321 1776 4660 1015 4005
is_linear=0
shrinkage=0.02


Tree=79
num_leaves=8
num_cat=0
split_feature=31 41 40 44 66 44 40
split_gain=120902 60917.9 48878.5 24615 19935.7 19136.8 18522.9
threshold=1.0000000180025095e-35 52.945000000000007 36.615000000000002 1.0000000180025095e-35 0.18750000000000003 1.0000000180025095e-35 68.375000000000014
decision_type=2 2 2 2 2 2 2
left_child=1 3 5 -1 -5 -2 -3
right_child=2 6 -4 4 -6 -7 -8
leaf_value=-0.3087483832627243 -0.17668127560991034 -0.047035882581069104 0.10393147585541657 -0.22991570759855109 -0.072249982265076867 0.0032380666959403461 0.10315675725129025
leaf_weight=403 309 1017 3451 508 876 957 479
leaf_count=403 309 1017 3451 508 876 957 479
internal_value=0.000139056 -0.0929778 0.0649776 -0.171634 -0.130741 -0.0411982 0.00123731
internal_weight=8000 3283 4717 1787 1384 1266 1496
internal_count=8000 3283 4717 1787 1384 1266 1496
is_linear=0
shrinkage=0.02


Tree=80
num_leaves=8
num_cat=0
split_feature=33 40 42 42 33 40 33
split_gain=109801 70259.8 41550.8 37475.9 21918.6 19060.6 15934.5
threshold=2.5000000000000004 62.045000000000009 24.880000000000006 27.665000000000003 1.0000000180025095e-35 56.285000000000004 4.5000000000000009
decision_type=2 2 2 2 2 2 2
left_child=1 3 -2 -1 -5 6 -4
right_child=2 -3 5 4 -6 -7 -8
leaf_value=-0.29034210591724485 -0.08849027902325407 0.058080646501677081 0.028869773604043542 -0.28822264238781886 -0.076103286702357303 0.14737880957612107 0.16721561515143196
leaf_weight=497 574 1058 1754 213 1929 1545 407
leaf_count=497 574 1058 1754 213 1929 1545 407
internal_value=0.000356771 -0.0794242 0.0692826 -0.134557 -0.0978185 0.0938054 0.0552515
internal_weight=7977 3697 4280 2639 2142 3706 2161
internal_count=7977 3697 4280 2639 2142 3706 2161
is_linear=0
shrinkage=0.02


Tree=81
num_leaves=8
num_cat=0
split_feature=64 41 66 42 66 66 41
split_gain=113858 73766.4 48663.1 35920.6 20329.5 17439 13630.4
threshold=3.5000000000000004 58.735000000000007 0.43750000000000006 30.335000000000004 0.18750000000000003 0.18750000000000003 33.255000000000003
decision_type=2 2 2 2 2 2 2
left_child=1 2 3 -1 -5 -3 -2
right_child=6 5 -4 4 -6 -7 -8
leaf_value=-0.25281830530140681 0.0057885212826865986 -0.042948659448430238 0.048016211731600873 -0.18205072569589204 -0.049455258308788788 0.100272705754803 0.12355361995208139
leaf_weight=822 473 482 666 710 1326 1131 2338
leaf_count=822 473 482 666 710 1326 1131 2338
internal_value=0.00155838 -0.0544262 -0.105654 -0.141485 -0.0960271 0.0574745 0.103783
internal_weight=7948 5137 3524 2858 2036 1613 2811
internal_count=7948 5137 3524 2858 2036 1613 2811
is_linear=0
shrinkage=0.02


Tree=82
num_leaves=8
num_cat=0
split_feature=64 41 66 64 42 66 42
split_gain=125215 43662.9 43612.1 40277.8 26700.4 22972.2 24644.4
threshold=2.5000000000000004 62.095000000000006 0.18750000000000003 1.5000000000000002 64.280000000000015 0.56250000000000011 23.475000000000005
decision_type=2 2 2 2 2 2 2
left_child=3 2 -2 -1 -5 6 -4
right_child=1 -3 5 4 -6 -7 -8
leaf_value=-0.26749599915417477 -0.15166948258698426 0.13583011369598239 -0.12701844012215735 -0.11529614108343682 0.072649182376742977 0.1608380933620325 0.041887047715829261
leaf_weight=572 538 1703 395 1394 382 536 2536
leaf_count=572 538 1703 395 1394 382 536 2536
internal_value=0.000589637 0.0511609 0.0150335 -0.122197 -0.0747805 0.0410832 0.0189467
internal_weight=8056 5708 4005 2348 1776 3467 2931
internal_count=8056 5708 4005 2348 1776 3467 2931
is_linear=0
shrinkage=0.02


Tree=83
num_leaves=8
num_cat=0
split_feature=64 41 33 40 33 34 64
split_gain=111897 74894.5 39059.5 27438.9 21072.9 18029.2 13142.2
threshold=3.5000000000000004 53.935000000000009 3.5000000000000004 31.265000000000004 1.5000000000000002 1.0000000180025095e-35 1.5000000000000002
decision_type=2 2 2 2 2 2 2
left_child=1 2 3 -1 -3 -5 -7
right_child=-2 4 -4 5 -6 6 -8
leaf_value=-0.25631831708945624 0.10216994777144024 -0.060040176860916956 0.028364402091647145 -0.257231662241937 0.078048983098280858 -0.24782456896976082 -0.058789330459587542
leaf_weight=719 2842 623 590 272 1492 162 1297
leaf_count=719 2842 623 590 272 1492 162 1297
internal_value=0.00151596 -0.0540208 -0.117531 -0.152651 0.0373274 -0.108977 -0.0805536
internal_weight=7997 5155 3040 2450 2115 1731 1459
internal_count=7997 5155 3040 2450 2115 1731 1459
is_linear=0
shrinkage=0.02


Tree=84
num_leaves=8
num_cat=0
split_feature=42 34 40 34 40 34 34
split_gain=87295.9 66874.1 27340.9 24663.9 23730.5 23112.4 19237.1
threshold=57.375000000000007 1.5000000000000002 22.675000000000004 3.5000000000000004 21.625000000000004 1.0000000180025095e-35 1.0000000180025095e-35
decision_type=2 2 2 2 2 2 2
left_child=1 2 -1 4 -3 -2 -4
right_child=5 3 6 -5 -6 -7 -8
leaf_value=-0.30681729325294615 -0.081634404482702691 -0.16199205791217691 -0.22573952898879845 0.14863542938792029 0.014354235894787007 0.10621225735238002 -0.069754699113238103
leaf_weight=305 287 352 400 453 2101 2652 1485
leaf_count=305 287 352 400 453 2101 2652 1485
internal_value=0.00104107 -0.0490097 -0.132334 0.0139038 -0.0112291 0.0877611 -0.103365
internal_weight=8035 5096 2190 2906 2453 2939 1885
internal_count=8035 5096 2190 2906 2453 2939 1885
is_linear=0
shrinkage=0.02


Tree=85
num_leaves=8
num_cat=0
split_feature=31 64 64 52 52 33 33
split_gain=111044 38931.4 28117.3 25994.5 15438.7 14645.2 10102.3
threshold=1.0000000180025095e-35 1.5000000000000002 3.5000000000000004 44.235000000000007 39.615000000000002 1.0000000180025095e-35 3.5000000000000004
decision_type=2 2 2 2 2 2 2
left_child=1 -1 4 -3 -2 -5 -7
right_child=2 3 -4 5 -6 6 -8
leaf_value=-0.25404609642768305 -0.058158381472251969 -0.12965136654014683 0.1110225824271488 -0.18329823159334954 0.051191567031157945 -0.011149598025083304 0.12812458063125612
leaf_weight=477 794 1215 2393 166 1456 1246 245
leaf_count=477 794 1215 2393 166 1456 1246 245
internal_value=8.36064e-05 -0.0876225 0.0633723 -0.0595883 0.0125598 -0.00797894 0.0120876
internal_weight=7992 3349 4643 2872 2250 1657 1491
internal_count=7992 3349 4643 2872 2250 1657 1491
is_linear=0
shrinkage=0.02


Tree=86
num_leaves=8
num_cat=0
split_feature=64 40 40 64 64 45 42
split_gain=110472 37138.6 35542.2 28544.3 20830.2 17658 14639.6
threshold=2.5000000000000004 56.285000000000004 59.725000000000001 3.5000000000000004 1.5000000000000002 1.0000000180025095e-35 21.245000000000001
decision_type=2 2 2 2 2 2 2
left_child=2 3 4 5 -1 -2 -6
right_child=1 -3 -4 -5 6 -7 -8
leaf_value=-0.28261028728365611 0.020250693733448167 0.1135087140817055 0.016944100981393755 0.068138246824081636 -0.26394598631894794 -0.10698469592300258 -0.087808958457893896
leaf_weight=414 817 2253 621 1661 227 928 1077
leaf_count=414 817 2253 621 1661 227 928 1077
internal_value=0.0028238 0.0506092 -0.11265 0.008897 -0.159407 -0.0475261 -0.119362
internal_weight=7998 5659 2339 3406 1718 1745 1304
internal_count=7998 5659 2339 3406 1718 1745 1304
is_linear=0
shrinkage=0.02


Tree=87
num_leaves=8
num_cat=0
split_feature=64 40 64 41 41 34 34
split_gain=103858 69535.8 30615.3 24738.1 24380.7 23214.8 12673.6
threshold=3.5000000000000004 45.705000000000005 1.5000000000000002 67.365000000000023 34.985000000000007 1.0000000180025095e-35 3.5000000000000004
decision_type=2 2 2 2 2 2 2
left_child=1 2 -1 5 6 -3 -4
right_child=-2 3 4 -5 -6 -7 -8
leaf_value=-0.32953019081792151 0.095817798286610231 -0.18797978227170523 -0.2155418796107153 0.10762898153214305 -0.05040039584164193 0.0025606738635317733 0.078753093047575509
leaf_weight=284 2866 293 746 772 1186 1804 61
leaf_count=284 2866 293 746 772 1186 1804 61
internal_value=-0.000573836 -0.0542988 -0.136694 0.0112185 -0.108459 -0.0244461 -0.192949
internal_weight=8012 5146 2277 2869 1993 2097 807
internal_count=8012 5146 2277 2869 1993 2097 807
is_linear=0
shrinkage=0.02


Tree=88
num_leaves=8
num_cat=0
split_feature=31 42 41 33 40 34 41
split_gain=97555 51274 36694.7 27588.7 21767.7 15058 14928.9
threshold=1.0000000180025095e-35 64.565000000000012 33.255000000000003 3.5000000000000004 30.690000000000001 1.0000000180025095e-35 64.110000000000014
decision_type=2 2 2 2 2 2 2
left_child=1 3 -2 4 -1 -6 -4
right_child=2 -3 6 -5 5 -7 -8
leaf_value=-0.27235681249583293 -0.050476954701689065 0.052717721848127015 0.062227989169080414 0.041814147997675168 -0.23262546275322746 -0.086232909117986645 0.14930342880864239
leaf_weight=477 953 849 2673 332 359 1294 1121
leaf_count=477 953 849 2673 332 359 1294 1121
internal_value=0.00217653 -0.0810784 0.0602705 -0.12723 -0.153615 -0.118632 0.0881185
internal_weight=8058 3311 4747 2462 2130 1653 3794
internal_count=8058 3311 4747 2462 2130 1653 3794
is_linear=0
shrinkage=0.02


Tree=89
num_leaves=8
num_cat=0
split_feature=31 42 42 42 33 40 33
split_gain=98140.4 54824.1 35267.1 29508.4 22188.5 16434 14215.9
threshold=1.0000000180025095e-35 69.175000000000026 27.305000000000003 33.20000000000001 2.5000000000000004 59.065000000000005 4.5000000000000009
decision_type=2 2 2 2 2 2 2
left_child=1 3 6 -1 -5 -4 -2
right_child=2 -3 5 4 -6 -7 -8
leaf_value=-0.23204854531263139 -0.10763385747882165 0.082646051329684667 0.051955072682565162 -0.12787203060351932 0.016279232798655421 0.13614295265427603 0.13641402884010684
leaf_weight=710 598 648 2481 1319 629 1487 109
leaf_count=710 598 648 2481 1319 629 1487 109
internal_value=0.00150328 -0.0818268 0.0604559 -0.122004 -0.0814038 0.0836359 -0.0693146
internal_weight=7981 3306 4675 2658 1948 3968 707
internal_count=7981 3306 4675 2658 1948 3968 707
is_linear=0
shrinkage=0.02


Tree=90
num_leaves=8
num_cat=0
split_feature=31 64 44 47 16 64 47
split_gain=96735.6 40585.5 25959.3 16340.5 10782.5 9791.98 8403.03
threshold=1.0000000180025095e-35 1.5000000000000002 1.0000000180025095e-35 5.5000000000000009 0.50155000000000005 4.5000000000000009 4.5000000000000009
decision_type=2 2 2 2 2 2 2
left_child=1 -1 -2 4 -3 6 -4
right_child=2 3 5 -5 -6 -7 -8
leaf_value=-0.25082641513667248 -0.033262346246263161 -0.1688657932030268 0.01755479658076765 -0.013109986801501975 -0.044428094790035962 0.1552976163784523 0.090161104765396127
leaf_weight=478 948 600 905 1703 525 634 2176
leaf_count=478 948 600 905 1703 525 634 2176
internal_value=0.00136703 -0.0813204 0.0600155 -0.0522776 -0.111248 0.083831 0.068897
internal_weight=7969 3306 4663 2828 1125 3715 3081
internal_count=7969 3306 4663 2828 1125 3715 3081
is_linear=0
shrinkage=0.02


Tree=91
num_leaves=8
num_cat=0
split_feature=33 40 33 41 42 44 42
split_gain=87279 61524.6 36054.8 30980.2 27477.9 15208 12763.4
threshold=1.5000000000000002 50.615000000000002 3.5000000000000004 63.395000000000003 20.675000000000004 1.0000000180025095e-35 72.320000000000007
decision_type=2 2 2 2 2 2 2
left_child=3 2 4 -1 -2 -6 -3
right_child=1 6 -4 -5 5 -7 -8
leaf_value=-0.18271371876418147 -0.22592268461404846 0.07153218018509995 0.065019144132559326 0.016010645545810182 -0.15336575133863975 -0.010994337974217852 0.16187835088686373
leaf_weight=1202 382 2079 1151 423 373 1461 901
leaf_count=1202 382 2079 1151 423 373 1461 901
internal_value=-0.000540047 0.0329621 -0.0256109 -0.131094 -0.0727249 -0.0402882 0.0990737
internal_weight=7972 6347 3367 1625 2216 1834 2980
internal_count=7972 6347 3367 1625 2216 1834 2980
is_linear=0
shrinkage=0.02


Tree=92
num_leaves=8
num_cat=0
split_feature=64 40 64 40 64 34 40
split_gain=87168.3 32226.1 29657.2 22056.1 21510.7 12165.3 11435.5
threshold=2.5000000000000004 46.225000000000001 1.5000000000000002 56.135000000000012 3.5000000000000004 2.5000000000000004 72.305000000000021
decision_type=2 2 2 2 2 2 2
left_child=2 4 -1 5 -2 -4 -3
right_child=1 6 3 -5 -6 -7 -8
leaf_value=-0.23166845457522808 -0.074337502577126929 0.060443163205401981 -0.13894359408109472 0.036673485509169927 0.048314832551800961 0.041441474628917285 0.14544421277517638
leaf_weight=542 1181 2505 1012 591 1100 173 850
leaf_count=542 1181 2505 1012 591 1100 173 850
internal_value=0.000313664 0.0427745 -0.102796 -0.0629263 -0.0152128 -0.112545 0.0821628
internal_weight=7954 5636 2318 1776 2281 1185 3355
internal_count=7954 5636 2318 1776 2281 1185 3355
is_linear=0
shrinkage=0.02


Tree=93
num_leaves=8
num_cat=0
split_feature=64 41 41 33 41 33 33
split_gain=90146.9 39409.2 34722.8 18869.3 18056.1 17821.2 16823
threshold=2.5000000000000004 33.495000000000012 53.935000000000009 3.5000000000000004 62.095000000000006 4.5000000000000009 3.5000000000000004
decision_type=2 2 2 2 2 2 2
left_child=2 5 6 4 -3 -2 -1
right_child=1 3 -4 -5 -6 -7 -8
leaf_value=-0.19218344755459832 -0.10617127441427593 0.00018592778334316912 -0.0085989205303966792 0.12076214021113728 0.10090926161086419 0.13221503894953501 0.015436353801370976
leaf_weight=1274 872 1998 896 1594 1101 142 177
leaf_count=1274 872 1998 896 1594 1101 142 177
internal_value=-0.00239989 0.0405112 -0.106608 0.0649376 0.0360754 -0.0723028 -0.166891
internal_weight=8054 5707 2347 4693 3099 1014 1451
internal_count=8054 5707 2347 4693 3099 1014 1451
is_linear=0
shrinkage=0.02


Tree=94
num_leaves=8
num_cat=0
split_feature=31 42 42 42 33 42 44
split_gain=86680.8 42355.8 30454.6 20683.9 16784.5 16039.7 15674.4
threshold=1.0000000180025095e-35 57.375000000000007 22.215000000000003 19.780000000000005 3.5000000000000004 68.50500000000001 1.0000000180025095e-35
decision_type=2 2 2 2 2 2 2
left_child=1 3 -2 -1 5 -4 -5
right_child=2 -3 4 6 -6 -7 -8
leaf_value=-0.30392206640331543 -0.09212705595471174 0.014796532394154179 0.015437134569391536 -0.22091157624502714 0.12494067386857438 0.13422261220715573 -0.078126512351661348
leaf_weight=246 493 1235 2025 391 1573 582 1432
leaf_count=246 493 1235 2025 391 1573 582 1432
internal_value=0.000465754 -0.0778741 0.0558793 -0.133092 0.0734247 0.0421616 -0.109272
internal_weight=7977 3304 4673 2069 4180 2607 1823
internal_count=7977 3304 4673 2069 4180 2607 1823
is_linear=0
shrinkage=0.02


Tree=95
num_leaves=8
num_cat=0
split_feature=31 42 42 66 42 66 42
split_gain=79962.9 46696 30464.8 24868.9 19723.8 14656.8 14096
threshold=1.0000000180025095e-35 64.565000000000012 27.305000000000003 0.43750000000000006 21.795000000000005 1.0000000180025095e-35 68.50500000000001
decision_type=2 2 2 2 2 2 2
left_child=1 3 -2 4 -1 -6 -4
right_child=2 -3 6 -5 5 -7 -8
leaf_value=-0.30231239881379751 -0.06674413109755982 0.051683939684186803 0.053119828033256676 0.042792238284108101 -0.26268702030455804 -0.098425683498043273 0.14268849648511009
leaf_weight=276 723 842 3013 321 250 1598 917
leaf_count=276 723 842 3013 321 250 1598 917
internal_value=-0.00109504 -0.0765446 0.0522294 -0.120719 -0.145473 -0.121296 0.0741739
internal_weight=7940 3287 4653 2445 2124 1848 3930
internal_count=7940 3287 4653 2445 2124 1848 3930
is_linear=0
shrinkage=0.02


Tree=96
num_leaves=8
num_cat=0
split_feature=31 41 41 33 33 64 41
split_gain=83175.3 44723 30489.5 25536.7 13982.2 13890.6 10571.9
threshold=1.0000000180025095e-35 41.255000000000003 38.945000000000007 1.0000000180025095e-35 4.5000000000000009 1.5000000000000002 72.595000000000013
decision_type=2 2 2 2 2 2 2
left_child=1 -1 4 -3 -2 -5 -7
right_child=2 3 -4 5 -6 6 -8
leaf_value=-0.18749076410288312 -0.055823100968350359 -0.20460334297557389 0.084976446976370551 -0.153148039418188 0.11880579760289628 -0.0085733312698244388 0.11420344004428935
leaf_weight=1022 1128 283 3370 215 214 1444 343
leaf_count=1022 1128 283 3370 215 214 1444 343
internal_value=-0.00103252 -0.0778537 0.0529079 -0.0285145 -0.0276385 -0.00317515 0.0152456
internal_weight=8019 3307 4712 2285 1342 2002 1787
internal_count=8019 3307 4712 2285 1342 2002 1787
is_linear=0
shrinkage=0.02


Tree=97
num_leaves=8
num_cat=0
split_feature=64 41 40 64 34 34 64
split_gain=79740.7 33976.5 27873.7 18875.4 17827.7 13417.1 13336.6
threshold=2.5000000000000004 33.495000000000012 30.690000000000001 1.5000000000000002 1.0000000180025095e-35 2.5000000000000004 3.5000000000000004
decision_type=2 2 2 2 2 2 2
left_child=2 6 -1 -4 -3 -5 -2
right_child=1 4 3 5 -6 -7 -8
leaf_value=-0.23096990250007704 -0.13051802570463489 -0.09402099637254592 -0.18248335873951083 -0.053077661184450751 0.071102267387919471 0.12696618982163879 0.011987811877839948
leaf_weight=511 562 274 409 1204 4357 187 488
leaf_count=511 562 274 409 1204 4357 187 488
internal_value=-0.00233831 0.0379568 -0.101262 -0.0639011 0.0612416 -0.0285053 -0.0645438
internal_weight=7992 5681 2311 1800 4631 1391 1050
internal_count=7992 5681 2311 1800 4631 1391 1050
is_linear=0
shrinkage=0.02


Tree=98
num_leaves=8
num_cat=0
split_feature=64 40 33 40 33 33 44
split_gain=79365.6 53387.9 32331.5 25137.9 14677.1 13750.7 11481.4
threshold=3.5000000000000004 56.695000000000007 1.5000000000000002 20.705000000000002 1.5000000000000002 3.5000000000000004 1.0000000180025095e-35
decision_type=2 2 2 2 2 2 2
left_child=1 2 -1 -4 -3 6 -5
right_child=-2 4 3 5 -6 -7 -8
leaf_value=-0.19815668311448978 0.081088584171468345 -0.044750870419649508 -0.21753331941848547 -0.14575746747705684 0.079675003154694127 0.049330356150789012 -0.028927644500780642
leaf_weight=909 2834 554 341 477 1179 579 1126
leaf_count=909 2834 554 341 477 1179 579 1126
internal_value=-0.00387495 -0.0505272 -0.0961726 -0.0591099 0.0398846 -0.033911 -0.0640375
internal_weight=7999 5165 3432 2523 1733 2182 1603
internal_count=7999 5165 3432 2523 1733 2182 1603
is_linear=0
shrinkage=0.02


Tree=99
num_leaves=8
num_cat=0
split_feature=31 41 41 44 33 42 42
split_gain=80624.4 40391.8 27986.1 22597.5 17103.4 13478.1 13463.6
threshold=1.0000000180025095e-35 59.425000000000004 33.255000000000003 1.0000000180025095e-35 3.5000000000000004 79.155000000000015 17.990000000000006
decision_type=2 2 2 2 2 2 2
left_child=1 3 -2 -1 6 -3 -5
right_child=2 5 -4 4 -6 -7 -8
leaf_value=-0.2450449016085548 -0.04686997539143356 -0.017450350042887756 0.075251821560100671 -0.30010815547957814 0.063914354546945926 0.14664706057893315 -0.096862107180545567
leaf_weight=494 935 797 3742 141 240 262 1373
leaf_count=494 935 797 3742 141 240 262 1373
internal_value=-0.00260856 -0.0781252 0.0508139 -0.126014 -0.091889 0.0236462 -0.116716
internal_weight=7984 3307 4677 2248 1754 1059 1514
internal_count=7984 3307 4677 2248 1754 1059 1514
is_linear=0
shrinkage=0.02


Tree=100
num_leaves=8
num_cat=0
split_feature=33 44 33 33 47 44 33
split_gain=76504.5 44944 19575.8 17169.8 14381.3 13611.9 11136
threshold=1.5000000000000002 1.0000000180025095e-35 3.5000000000000004 3.5000000000000004 4.5000000000000009 1.0000000180025095e-35 1.0000000180025095e-35
decision_type=2 2 2 2 2 2 2
left_child=5 3 4 -2 -3 -1 -7
right_child=1 2 -4 -5 -6 6 -8
leaf_value=-0.2389106336454066 -0.12674171481801427 -0.038231258172636368 0.11040497405840295 0.028518291686986524 0.054055799722496814 -0.19730719411926678 -0.061184417657612816
leaf_weight=323 862 941 1754 422 2362 314 1011
leaf_count=323 862 941 1754 422 2362 314 1011
internal_value=-0.00190007 0.0296688 0.0564966 -0.0758012 0.0277459 -0.12309 -0.0940634
internal_weight=7989 6341 5057 1284 3303 1648 1325
internal_count=7989 6341 5057 1284 3303 1648 1325
is_linear=0
shrinkage=0.02


Tree=101
num_leaves=8
num_cat=0
split_feature=64 41 33 33 16 44 41
split_gain=68873.3 47635.9 22225.2 18979.4 13690.7 11336 9596.98
threshold=3.5000000000000004 50.565000000000005 3.5000000000000004 1.5000000000000002 0.50035000000000007 1.0000000180025095e-35 29.290000000000003
decision_type=2 2 2 2 2 2 2
left_child=1 2 4 -3 5 -1 -2
right_child=6 3 -4 -5 -6 -7 -8
leaf_value=-0.27255651507377099 -0.021288056506309657 -0.065179368159317172 0.017249193263980819 0.055456844296024814 -0.077262641889717487 -0.13461397346399973 0.091918942847514049
leaf_weight=350 339 744 503 1715 1055 802 2463
leaf_count=350 339 744 503 1715 1055 802 2463
internal_value=-0.00155812 -0.0448319 -0.102588 0.0188987 -0.129878 -0.17752 0.0782091
internal_weight=7971 5169 2710 2459 2207 1152 2802
internal_count=7971 5169 2710 2459 2207 1152 2802
is_linear=0
shrinkage=0.02


Tree=102
num_leaves=8
num_cat=0
split_feature=33 42 42 42 33 44 33
split_gain=70716.6 43225.6 29291.9 28914.7 21501.9 17036.2 12745.5
threshold=2.5000000000000004 32.330000000000005 77.75500000000001 23.475000000000005 1.0000000180025095e-35 1.0000000180025095e-35 4.5000000000000009
decision_type=2 2 2 2 2 2 2
left_child=1 -1 4 -2 -3 -6 -5
right_child=3 2 -4 6 5 -7 -8
leaf_value=-0.20193131065340875 -0.088254688392813294 -0.22094511794477281 0.12687304545990863 0.054137579244335925 -0.14615875772852246 -0.0092113225310233235 0.14777674745074634
leaf_weight=746 505 279 397 3009 448 1840 720
leaf_count=746 505 279 397 3009 448 1840 720
internal_value=-0.0026798 -0.0663797 -0.0319806 0.0531491 -0.056747 -0.0362864 0.0723912
internal_weight=7944 3710 2964 4234 2567 2288 3729
internal_count=7944 3710 2964 4234 2567 2288 3729
is_linear=0
shrinkage=0.02


Tree=103
num_leaves=8
num_cat=0
split_feature=64 33 42 42 33 52 33
split_gain=67016 46102 43453 26761.4 21861.5 10807.7 7074.58
threshold=1.5000000000000002 3.5000000000000004 68.805000000000021 20.675000000000004 1.5000000000000002 33.815000000000005 4.5000000000000009
decision_type=2 2 2 2 2 2 2
left_child=-1 2 3 -2 -5 -6 -3
right_child=1 6 -4 4 5 -7 -8
leaf_value=-0.21241335993639351 -0.19411334750299553 0.063742382342693291 0.094332596394153354 -0.11157805023746009 -0.070991753067905297 0.021488924781536824 0.13862527540021158
leaf_weight=553 436 1341 1100 953 660 2102 822
leaf_count=553 436 1341 1100 953 660 2102 822
internal_value=-0.00103825 0.0148605 -0.0171595 -0.0467825 -0.0292538 -0.000698356 0.092454
internal_weight=7967 7414 5251 4151 3715 2762 2163
internal_count=7967 7414 5251 4151 3715 2762 2163
is_linear=0
shrinkage=0.02


Tree=104
num_leaves=8
num_cat=0
split_feature=31 40 40 44 65 41 40
split_gain=65561.4 34879.8 30502.5 19952.1 15008 14466.5 12816
threshold=1.0000000180025095e-35 35.605000000000011 22.675000000000004 1.0000000180025095e-35 0.22500000000000003 55.555000000000007 72.590000000000018
decision_type=2 2 2 2 2 2 2
left_child=1 -1 -2 -3 -5 -4 -6
right_child=2 3 5 4 6 -7 -8
leaf_value=-0.18320850623082721 -0.10936628079209644 -0.14735992835216333 0.032161466794151272 -0.11815215240767662 -0.0042747547341528188 0.10656602606409787 0.13939281374068543
leaf_weight=790 439 474 2383 371 1376 1866 298
leaf_count=790 439 474 2383 371 1376 1866 298
internal_value=0.000412297 -0.0676912 0.0485037 -0.031172 -0.00394762 0.064924 0.0216394
internal_weight=7997 3309 4688 2519 2045 4249 1674
internal_count=7997 3309 4688 2519 2045 4249 1674
is_linear=0
shrinkage=0.02


Tree=105
num_leaves=8
num_cat=0
split_feature=64 41 66 41 66 44 64
split_gain=63139.3 48186.4 29425.2 18896.6 14706.6 11947.3 9164.96
threshold=3.5000000000000004 58.930000000000007 0.18750000000000003 15.475000000000003 0.43750000000000006 1.0000000180025095e-35 1.5000000000000002
decision_type=2 2 2 2 2 2 2
left_child=1 2 -1 -4 5 -5 -3
right_child=-2 6 3 4 -6 -7 -8
leaf_value=-0.17861942616199961 0.075221276582734559 -0.10786834315317018 -0.256891554772127 -0.14149349170284806 0.048074355271270894 -0.030074108012569278 0.061577053283770646
leaf_weight=953 2788 135 159 547 630 1285 1498
leaf_count=953 2788 135 159 547 630 1285 1498
internal_value=-0.00150983 -0.042627 -0.0837162 -0.0489349 -0.0350113 -0.0636364 0.0472825
internal_weight=7995 5207 3574 2621 2462 1832 1633
internal_count=7995 5207 3574 2621 2462 1832 1633
is_linear=0
shrinkage=0.02


Tree=106
num_leaves=8
num_cat=0
split_feature=41 33 33 44 40 44 33
split_gain=61082.5 32224.1 30718.5 22109.7 15764.4 13615.9 13102.7
threshold=41.255000000000003 2.5000000000000004 2.5000000000000004 1.0000000180025095e-35 68.985000000000014 1.0000000180025095e-35 1.0000000180025095e-35
decision_type=2 2 2 2 2 2 2
left_child=2 3 -1 -2 6 -4 -5
right_child=1 -3 5 4 -6 -7 -8
leaf_value=-0.15776677683880955 -0.13344589514435587 0.082249822266814196 -0.1308303006971816 -0.18142983045534228 0.1042428513158437 0.015579790480269938 0.0016780185729720464
leaf_weight=1160 502 2884 327 172 558 1079 1337
leaf_count=1160 502 2884 327 172 558 1079 1337
internal_value=-0.00144009 0.0364218 -0.0818146 -0.0150853 0.0139129 -0.0188144 -0.0197234
internal_weight=8019 5453 2566 2569 2067 1406 1509
internal_count=8019 5453 2566 2569 2067 1406 1509
is_linear=0
shrinkage=0.02


Tree=107
num_leaves=8
num_cat=0
split_feature=31 41 40 44 44 34 40
split_gain=61161.8 33198.5 26510.2 18591.2 16319.6 13237.2 9090.36
threshold=1.0000000180025095e-35 58.930000000000007 22.675000000000004 1.0000000180025095e-35 1.0000000180025095e-35 1.0000000180025095e-35 32.155000000000008
decision_type=2 2 2 2 2 2 2
left_child=1 3 -2 -1 -4 -5 -7
right_child=2 -3 4 5 -6 6 -8
leaf_value=-0.21957401700105852 -0.10104788033558983 0.023373148796043245 -0.018222727649432995 -0.19289487744645395 0.080536557469785039 -0.13827558495611847 -0.022410130912723911
leaf_weight=487 441 1100 831 330 3400 362 1044
leaf_count=487 441 1100 831 330 3400 362 1044
internal_value=-0.000894102 -0.0664298 0.0457399 -0.110819 0.0611409 -0.0797675 -0.0526261
internal_weight=7995 3323 4672 2223 4231 1736 1406
internal_count=7995 3323 4672 2223 4231 1736 1406
is_linear=0
shrinkage=0.02


Tree=108
num_leaves=8
num_cat=0
split_feature=33 42 41 42 44 33 33
split_gain=61213.2 39447 24085.2 20354.1 16980.4 12409.4 11222.8
threshold=2.5000000000000004 39.675000000000004 29.865000000000006 80.790000000000006 1.0000000180025095e-35 1.0000000180025095e-35 4.5000000000000009
decision_type=2 2 2 2 2 2 2
left_child=1 -1 -2 4 -3 -6 -4
right_child=2 3 6 -5 5 -7 -8
leaf_value=-0.15699547714373069 -0.059425567253133485 -0.14945413205531183 0.054614751904861904 0.13473690389690898 -0.15017761113397743 0.0088283309339116569 0.14379328864969707
leaf_weight=1134 656 427 2945 311 218 1638 698
leaf_count=1134 656 427 2945 311 218 1638 698
internal_value=0.0003897 -0.0588775 0.0517937 -0.0157645 -0.0365161 -0.0102013 0.0718751
internal_weight=8027 3728 4299 2594 2283 1856 3643
internal_count=8027 3728 4299 2594 2283 1856 3643
is_linear=0
shrinkage=0.02


Tree=109
num_leaves=8
num_cat=0
split_feature=31 41 42 44 34 41 42
split_gain=57020.5 32579 24710.1 14676.5 13746.4 13233.6 12636.3
threshold=1.0000000180025095e-35 58.930000000000007 22.215000000000003 1.0000000180025095e-35 1.0000000180025095e-35 55.955000000000005 79.155000000000015
decision_type=2 2 2 2 2 2 2
left_child=1 3 -2 -1 -5 -4 -3
right_child=2 6 5 4 -6 -7 -8
leaf_value=-0.20907940855466398 -0.089646901344657554 -0.013440461814429707 0.028363128270496751 -0.19907518827273296 -0.054573321125657923 0.099774514700002204 0.1437952262714339
leaf_weight=455 488 849 2346 320 1428 1865 264
leaf_count=455 488 849 2346 320 1428 1865 264
internal_value=-0.000350703 -0.0637991 0.0444439 -0.108279 -0.0815191 0.0600712 0.0243316
internal_weight=8015 3316 4699 2203 1748 4211 1113
internal_count=8015 3316 4699 2203 1748 4211 1113
is_linear=0
shrinkage=0.02


Tree=110
num_leaves=8
num_cat=0
split_feature=40 34 40 34 42 34 43
split_gain=48932.9 39432.9 22512.3 16308.6 10091.5 11261.7 9012.46
threshold=59.065000000000005 2.5000000000000004 22.675000000000004 1.0000000180025095e-35 73.720000000000013 1.5000000000000002 1.0000000180025095e-35
decision_type=2 2 2 2 2 2 2
left_child=1 2 -1 -4 5 -2 -5
right_child=4 -3 3 6 -6 -7 -8
leaf_value=-0.18664363269524503 -0.019226299293475097 0.058453438320732388 -0.16339827734671655 -0.090569808062906695 0.12234142320999163 0.087279357154398329 -0.011609508398239097
leaf_weight=533 708 1354 422 767 962 895 2311
leaf_count=533 708 1354 422 767 962 895 2311
internal_value=-0.000553903 -0.0347839 -0.0661201 -0.047526 0.0712635 0.0403253 -0.0314004
internal_weight=7952 5387 4033 3500 2565 1603 3078
internal_count=7952 5387 4033 3500 2565 1603 3078
is_linear=0
shrinkage=0.02


Tree=111
num_leaves=8
num_cat=0
split_feature=31 42 41 44 52 33 33
split_gain=53687.4 31378.3 24965.7 18348.7 14650.5 13127 11332.4
threshold=1.0000000180025095e-35 69.175000000000026 36.045000000000009 1.0000000180025095e-35 32.615000000000002 1.5000000000000002 4.5000000000000009
decision_type=2 2 2 2 2 2 2
left_child=1 3 6 -1 -5 -6 -2
right_child=2 -3 -4 4 5 -7 -8
leaf_value=-0.19348344796738789 -0.065843309873367367 0.063783605334717719 0.069157598141778756 -0.15816295773817191 -0.1078107712694438 0.010370438481013664 0.10724302523665959
leaf_weight=562 954 634 3552 505 603 983 175
leaf_count=562 954 634 3552 505 603 983 175
internal_value=-0.000346152 -0.0622459 0.0431399 -0.0924271 -0.0648693 -0.0347599 -0.0386596
internal_weight=7968 3287 4681 2653 2091 1586 1129
internal_count=7968 3287 4681 2653 2091 1586 1129
is_linear=0
shrinkage=0.02


Tree=112
num_leaves=8
num_cat=0
split_feature=31 41 42 42 33 41 33
split_gain=50339 30963.8 22116.3 16707.9 12068.5 11869.8 10918.3
threshold=1.0000000180025095e-35 41.255000000000003 22.215000000000003 80.415000000000006 1.0000000180025095e-35 62.315000000000005 3.5000000000000004
decision_type=2 2 2 2 2 2 2
left_child=1 -1 -2 4 -3 6 -4
right_child=2 3 5 -5 -6 -7 -8
leaf_value=-0.15152356261954991 -0.084582829687452052 -0.16685315201167697 0.0040728146871516196 0.12874940820866163 -0.020056938337674444 0.10705945176996533 0.083812351583772121
leaf_weight=1019 492 252 1822 265 1762 1287 1098
leaf_count=1019 492 252 1822 265 1762 1287 1098
internal_value=-0.000318727 -0.0601634 0.0417026 -0.0190716 -0.0387924 0.0565543 0.0341491
internal_weight=7997 3298 4699 2279 2014 4207 2920
internal_count=7997 3298 4699 2279 2014 4207 2920
is_linear=0
shrinkage=0.02


Tree=113
num_leaves=8
num_cat=0
split_feature=33 40 40 44 34 44 33
split_gain=50376.4 41113.3 19383.2 14686.1 13728.4 12831.2 8869.15
threshold=3.5000000000000004 51.405000000000008 22.675000000000004 1.0000000180025095e-35 1.0000000180025095e-35 1.0000000180025095e-35 1.5000000000000002
decision_type=2 2 2 2 2 2 2
left_child=1 2 -1 -3 -4 -6 -5
right_child=-2 3 4 6 5 -7 -8
leaf_value=-0.18766123394470136 0.080638271886560656 -0.072816873319189082 -0.18096672551635698 -0.012838620110296238 -0.12883659778482462 -0.014693918834226294 0.074697340191509337
leaf_weight=552 2207 486 311 662 502 1774 1525
leaf_count=552 2207 486 311 662 502 1774 1525
internal_value=-0.000602079 -0.0314944 -0.0805259 0.0261279 -0.057348 -0.0400967 0.0482316
internal_weight=8019 5812 3139 2673 2587 2276 2187
internal_count=8019 5812 3139 2673 2587 2276 2187
is_linear=0
shrinkage=0.02


Tree=114
num_leaves=8
num_cat=0
split_feature=31 41 40 42 34 40 34
split_gain=53382.7 30522.5 24451.1 18696 13842.4 9075.12 8434.61
threshold=1.0000000180025095e-35 41.255000000000003 29.540000000000003 79.600000000000009 1.0000000180025095e-35 65.990000000000023 2.5000000000000004
decision_type=2 2 2 2 2 2 2
left_child=1 -1 -2 4 -3 6 -4
right_child=2 3 5 -5 -6 -7 -8
leaf_value=-0.15175526388628144 -0.058529052717828427 -0.15279626307540878 0.019823783145261037 0.12878431265210283 -0.017739087985610868 0.11412372205630515 0.091130016676676653
leaf_weight=1045 801 369 1924 285 1621 1007 1011
leaf_count=1045 801 369 1924 285 1621 1007 1011
internal_value=-0.00109546 -0.0625519 0.0419433 -0.0213343 -0.0431025 0.0624072 0.0444994
internal_weight=8063 3320 4743 2275 1990 3942 2935
internal_count=8063 3320 4743 2275 1990 3942 2935
is_linear=0
shrinkage=0.02


Tree=115
num_leaves=8
num_cat=0
split_feature=64 40 40 64 40 52 64
split_gain=48681.7 41204.5 19896.3 17425.6 11261 10372.6 6437
threshold=3.5000000000000004 37.755000000000003 72.590000000000018 1.5000000000000002 22.675000000000004 42.635000000000012 1.5000000000000002
decision_type=2 2 2 2 2 2 2
left_child=1 4 3 -3 -1 -5 -6
right_child=-2 2 -4 5 6 -7 -8
leaf_value=-0.19482743155501933 0.066808584773951546 -0.16260663976580386 0.10235637553059569 -0.056116215781881106 -0.21543357850529077 0.025104114135183615 -0.062332985937006286
leaf_weight=546 2848 305 633 981 122 1732 893
leaf_count=546 2848 305 633 981 122 1732 893
internal_value=0.000383194 -0.035943 0.000867223 -0.0205534 -0.121766 -0.00431374 -0.0817011
internal_weight=8060 5212 3651 3018 1561 2713 1015
internal_count=8060 5212 3651 3018 1561 2713 1015
is_linear=0
shrinkage=0.02


Tree=116
num_leaves=8
num_cat=0
split_feature=66 40 40 40 44 66 44
split_gain=46670.8 32896 18898.5 16263.9 11231.1 10734.6 8894.99
threshold=0.31250000000000006 62.045000000000009 22.675000000000004 30.425000000000004 1.0000000180025095e-35 1.0000000180025095e-35 1.0000000180025095e-35
decision_type=2 2 2 2 2 2 2
left_child=1 3 -2 -1 -4 -5 -7
right_child=2 -3 4 5 -6 6 -8
leaf_value=-0.1794589622244365 -0.080473025370734308 0.045606373587852959 -0.0095890249536345114 -0.1929863220844503 0.07703437900115398 -0.12562836407026126 -0.021271359881036518
leaf_weight=586 416 1041 737 214 3162 417 1460
leaf_count=586 416 1041 737 214 3162 417 1460
internal_value=0.00226126 -0.0496368 0.0469846 -0.0866898 0.0606693 -0.0603252 -0.0447278
internal_weight=8033 3718 4315 2677 3899 2091 1877
internal_count=8033 3718 4315 2677 3899 2091 1877
is_linear=0
shrinkage=0.02


Tree=117
num_leaves=8
num_cat=0
split_feature=33 41 42 42 33 33 42
split_gain=46723.4 30792.3 20479.4 14799.2 13908.4 10872.3 10047
threshold=1.5000000000000002 33.735000000000007 77.75500000000001 66.935000000000016 3.5000000000000004 4.5000000000000009 34.475000000000001
decision_type=2 2 2 2 2 2 2
left_child=2 5 6 4 -3 -2 -1
right_child=1 3 -4 -5 -6 -7 -8
leaf_value=-0.21113910116356793 -0.08403649077146598 -0.0024861427857173274 0.10771022678855179 0.1026418942936724 0.078306646914597725 0.0890412585104364 -0.089188198345036454
leaf_weight=362 1145 2442 173 1362 1304 162 1093
leaf_count=362 1145 2442 173 1362 1304 162 1093
internal_value=-0.000159675 0.0241369 -0.0956793 0.0462999 0.0257051 -0.0623263 -0.120148
internal_weight=8043 6415 1628 5108 3746 1307 1455
internal_count=8043 6415 1628 5108 3746 1307 1455
is_linear=0
shrinkage=0.02


Tree=118
num_leaves=8
num_cat=0
split_feature=64 40 31 42 40 64 42
split_gain=46575.6 37093.1 23367.6 15395.1 9766.47 9544.69 8145.39
threshold=1.5000000000000002 22.675000000000004 1.0000000180025095e-35 71.985000000000014 66.52500000000002 3.5000000000000004 20.205000000000002
decision_type=2 2 2 2 2 2 2
left_child=-1 5 3 6 -4 -2 -3
right_child=1 2 4 -5 -6 -7 -8
leaf_value=-0.17895826970327885 -0.17729886067295525 -0.21858478449138941 0.038862818375149953 0.079780343461541406 0.1110588262807768 -0.014253006866553203 -0.035117532488734622
leaf_weight=540 471 97 3236 491 975 207 2009
leaf_count=540 471 97 3236 491 975 207 2009
internal_value=-0.000449186 0.0125384 0.0266169 -0.0205424 0.0556907 -0.127988 -0.0440655
internal_weight=8026 7486 6808 2597 4211 678 2106
internal_count=8026 7486 6808 2597 4211 678 2106
is_linear=0
shrinkage=0.02


Tree=119
num_leaves=8
num_cat=0
split_feature=66 40 44 40 66 66 40
split_gain=45045.9 31166.2 21724.3 18300.1 12638.6 10625.6 7232.95
threshold=0.18750000000000003 51.035000000000004 1.0000000180025095e-35 68.00500000000001 0.43750000000000006 0.56250000000000011 20.080000000000002
decision_type=2 2 2 2 2 2 2
left_child=3 2 5 -1 6 -2 -4
right_child=1 -3 4 -5 -6 -7 -8
leaf_value=-0.12923535722302215 -0.14230989496353094 0.069071286672127932 -0.12526933514815852 0.035245986583889749 0.067989813579355005 0.072219149513904929 -0.0075669183652772674
leaf_weight=1315 664 2943 238 338 904 104 1491
leaf_count=1315 664 2943 238 338 904 104 1491
internal_value=-0.00277061 0.0214728 -0.0197567 -0.0955979 0.00759749 -0.11298 -0.0240834
internal_weight=7997 6344 3401 1653 2633 768 1729
internal_count=7997 6344 3401 1653 2633 768 1729
is_linear=0
shrinkage=0.02


Tree=120
num_leaves=8
num_cat=0
split_feature=40 31 41 43 40 34 33
split_gain=43813.9 36847.6 18215.2 13231.8 9069.99 9619.32 9058.8
threshold=22.675000000000004 1.0000000180025095e-35 74.77500000000002 1.0000000180025095e-35 61.355000000000011 2.5000000000000004 1.5000000000000002
decision_type=2 2 2 2 2 2 2
left_child=-1 2 3 -2 5 -3 -5
right_child=1 4 -4 6 -6 -7 -8
leaf_value=-0.14460808105837539 -0.13124675474545561 0.009534341165141005 0.10344885917453608 -0.083265623735179289 0.09838455750563091 0.086021711700933909 0.004620363255238593
leaf_weight=732 660 1956 326 743 1322 987 1257
leaf_count=732 660 1956 326 743 1322 987 1257
internal_value=0.00231863 0.0172405 -0.0366063 -0.0539328 0.0549383 0.0352885 -0.0281555
internal_weight=7983 7251 2986 2660 4265 2943 2000
internal_count=7983 7251 2986 2660 4265 2943 2000
is_linear=0
shrinkage=0.02


Tree=121
num_leaves=8
num_cat=0
split_feature=41 31 41 41 42 52 52
split_gain=39625.9 34587.8 15062.8 12898.8 10329.2 10302.3 10195.9
threshold=58.930000000000007 1.0000000180025095e-35 20.735000000000003 15.475000000000003 78.125000000000014 59.07500000000001 59.07500000000001
decision_type=2 2 2 2 2 2 2
left_child=1 2 -1 -3 -2 -5 -4
right_child=4 3 6 5 -6 -7 -8
leaf_value=-0.25360233330555509 0.039785407792338433 -0.15024333569004727 -0.10389937702676205 -0.0025625735043719846 0.12960754753802789 0.079212605900215824 -0.0053220002327552971
leaf_weight=204 2027 180 1407 2055 684 875 598
leaf_count=204 2027 180 1407 2055 684 875 598
internal_value=0.000480243 -0.0312331 -0.0916522 0.0117602 0.0626449 0.0219517 -0.0745846
internal_weight=8030 5319 2209 3110 2711 2930 2005
internal_count=8030 5319 2209 3110 2711 2930 2005
is_linear=0
shrinkage=0.02


Tree=122
num_leaves=8
num_cat=0
split_feature=33 41 44 31 41 33 40
split_gain=41729 36276.5 25491.8 18826.8 9061.72 8433.69 7639.87
threshold=3.5000000000000004 61.895000000000003 1.0000000180025095e-35 1.0000000180025095e-35 20.735000000000003 1.0000000180025095e-35 68.375000000000014
decision_type=2 2 2 2 2 2 2
left_child=1 2 -1 4 -4 -6 -3
right_child=-2 6 3 -5 5 -7 -8
leaf_value=-0.15338296616971656 0.073524507884173224 0.014734968141918737 -0.23795617099603017 0.015834651628627492 -0.18538634099246223 -0.047829611087114296 0.10288702230210658
leaf_weight=909 2195 947 130 1577 202 1343 670
leaf_count=909 2195 947 130 1577 202 1343 670
internal_value=-0.000612263 -0.0288152 -0.0600372 -0.0337498 -0.0803413 -0.0663544 0.0514651
internal_weight=7973 5778 4161 3252 1675 1545 1617
internal_count=7973 5778 4161 3252 1675 1545 1617
is_linear=0
shrinkage=0.02


Tree=123
num_leaves=8
num_cat=0
split_feature=40 34 44 34 34 40 41
split_gain=37433.9 24281.1 22793.8 15700.7 14633.2 13094.2 7831.1
threshold=31.265000000000004 2.5000000000000004 1.0000000180025095e-35 1.0000000180025095e-35 1.5000000000000002 72.305000000000021 15.475000000000003
decision_type=2 2 2 2 2 2 2
left_child=4 2 -2 -4 -1 -5 -6
right_child=1 -3 3 5 6 -7 -8
leaf_value=-0.16664785894682274 -0.090218379282095335 0.08748548599878779 -0.086213424172666336 0.015972573171426765 -0.18195424521370795 0.11664176446109681 -0.012995208878689333
leaf_weight=600 935 1623 490 2869 124 626 741
leaf_count=600 935 1623 490 2869 124 626 741
internal_value=5.77936e-05 0.0205332 -0.00161925 0.0192558 -0.0911486 0.0341446 -0.0381224
internal_weight=8008 6543 4920 3985 1465 3495 865
internal_count=8008 6543 4920 3985 1465 3495 865
is_linear=0
shrinkage=0.02


Tree=124
num_leaves=8
num_cat=0
split_feature=41 66 66 42 42 42 66
split_gain=40090.5 28249.5 17298.7 14331.3 10514.6 10459.3 11174.2
threshold=34.600000000000009 0.18750000000000003 0.43750000000000006 77.75500000000001 10.480000000000002 72.320000000000007 0.56250000000000011
decision_type=2 2 2 2 2 2 2
left_child=2 3 4 -2 -1 6 -3
right_child=1 5 -4 -5 -6 -7 -8
leaf_value=-0.27181687381432718 -0.08334515091458275 0.019014402878779858 0.019143234031271012 0.10271305912625543 -0.099540637797083373 0.10477274063603215 0.11826974330452159
leaf_weight=161 1148 3449 472 189 1095 988 518
leaf_count=161 1148 3449 472 189 1095 988 518
internal_value=0.00123546 0.0246783 -0.0839498 -0.056759 -0.122614 0.0466875 0.0321075
internal_weight=8020 6292 1728 1337 1256 4955 3967
internal_count=8020 6292 1728 1337 1256 4955 3967
is_linear=0
shrinkage=0.02


Tree=125
num_leaves=8
num_cat=0
split_feature=33 40 43 33 42 40 42
split_gain=35886.8 33285.5 16133.7 10625.8 9732.88 7449.76 6663.54
threshold=3.5000000000000004 54.935000000000009 1.0000000180025095e-35 1.5000000000000002 64.045000000000016 20.705000000000002 30.680000000000003
decision_type=2 2 2 2 2 2 2
left_child=1 2 -1 6 -3 -5 -4
right_child=-2 4 3 5 -6 -7 -8
leaf_value=-0.13319685154172015 0.069446470780089836 -0.010467641700552682 -0.20626741914725619 -0.12053164336298194 0.07154273674899829 0.002539491918961299 -0.064968713947153492
leaf_weight=976 2204 1082 185 219 1237 1615 477
leaf_count=976 2204 1082 185 219 1237 1615 477
internal_value=0.000853507 -0.0252897 -0.0644397 -0.0373414 0.0333381 -0.0124443 -0.105706
internal_weight=7995 5791 3472 2496 2319 1834 662
internal_count=7995 5791 3472 2496 2319 1834 662
is_linear=0
shrinkage=0.02


Tree=126
num_leaves=8
num_cat=0
split_feature=64 41 52 34 31 52 41
split_gain=40328.4 30202.8 15352.2 14001.4 11012.7 7696.1 6472.84
threshold=1.5000000000000002 34.985000000000007 45.525000000000013 2.5000000000000004 1.0000000180025095e-35 63.135000000000012 68.705000000000013
decision_type=2 2 2 2 2 2 2
left_child=-1 3 4 5 -3 -2 -4
right_child=1 2 6 -5 -6 -7 -8
leaf_value=-0.16594554178168378 -0.1250369227247167 -0.057529093624251265 0.044926611674493008 0.032320056957084529 0.029371348138913574 0.0076051839056624675 0.10809568149395039
leaf_weight=535 941 952 2594 434 1489 214 868
leaf_count=535 941 952 2594 434 1489 214 868
internal_value=0.000985528 0.0130087 0.0338452 -0.0642603 -0.0045685 -0.100534 0.0608975
internal_weight=8027 7492 5903 1589 2441 1155 3462
internal_count=8027 7492 5903 1589 2441 1155 3462
is_linear=0
shrinkage=0.02


Tree=127
num_leaves=8
num_cat=0
split_feature=33 41 41 52 42 31 52
split_gain=38066.7 24899.5 15921.7 11383.9 9975.42 8408.22 7514.42
threshold=1.5000000000000002 33.735000000000007 64.110000000000014 53.375000000000007 9.1200000000000028 1.0000000180025095e-35 61.945000000000007
decision_type=2 2 2 2 2 2 2
left_child=2 4 6 5 -2 -3 -1
right_child=1 3 -4 -5 -6 -7 -8
leaf_value=-0.14899345228346678 -0.20440342051428068 -0.033644847782564047 0.022011641271823316 0.075904927661876814 -0.035008088543861934 0.039726283612639864 -0.033249208837576018
leaf_weight=937 154 929 412 2240 1139 1884 299
leaf_count=937 154 929 412 2240 1139 1884 299
internal_value=2.43893e-05 0.0222761 -0.0854693 0.0423142 -0.0558932 0.0154786 -0.121241
internal_weight=7994 6346 1648 5053 1293 2813 1236
internal_count=7994 6346 1648 5053 1293 2813 1236
is_linear=0
shrinkage=0.02


Tree=128
num_leaves=8
num_cat=0
split_feature=64 40 33 33 40 40 44
split_gain=39899.9 26858.8 28272.6 12366.4 12053.5 11159.1 7645.32
threshold=1.5000000000000002 65.990000000000023 2.5000000000000004 4.5000000000000009 31.265000000000004 20.705000000000002 1.0000000180025095e-35
decision_type=2 2 2 2 2 2 2
left_child=-1 2 4 5 -2 -4 -7
right_child=1 -3 3 -5 -6 6 -8
leaf_value=-0.16334770171716137 -0.14146089785141527 0.083999175868162801 -0.11161837912449298 0.10875722765476852 -0.034997738926104222 -0.051233533333971869 0.041803639692425412
leaf_weight=548 542 1642 260 648 1939 426 1966
leaf_count=548 542 1642 260 648 1939 426 1966
internal_value=0.000545834 0.012747 -0.00754611 0.0307876 -0.0584934 0.0115674 0.025162
internal_weight=7971 7423 5781 3300 2481 2652 2392
internal_count=7971 7423 5781 3300 2481 2652 2392
is_linear=0
shrinkage=0.02


Tree=129
num_leaves=8
num_cat=0
split_feature=33 41 40 31 40 64 16
split_gain=37497.4 30601.4 13194.2 11270.9 10417.7 7558.1 6343.94
threshold=3.5000000000000004 43.845000000000006 72.305000000000021 1.0000000180025095e-35 22.675000000000004 1.5000000000000002 0.47905000000000003
decision_type=2 2 2 2 2 2 2
left_child=1 4 3 -3 -1 -6 -7
right_child=-2 2 -4 -5 5 6 -8
leaf_value=-0.17300477386779708 0.070549804609240721 -0.048681355125317571 0.083860701009768945 0.030331073845766259 -0.18870600246022204 -0.09189645472541709 -0.01036914207132458
leaf_weight=433 2242 1468 752 1412 168 718 812
leaf_count=433 2242 1468 752 1412 168 718 812
internal_value=0.00124151 -0.0257595 0.00955569 -0.00995789 -0.085831 -0.0631585 -0.0488031
internal_weight=8005 5763 3632 2880 2131 1698 1530
internal_count=8005 5763 3632 2880 2131 1698 1530
is_linear=0
shrinkage=0.02


Tree=130
num_leaves=8
num_cat=0
split_feature=44 65 52 33 41 40 42
split_gain=36395 22533.1 17257.9 15148.1 9564 8688.76 8488.96
threshold=1.0000000180025095e-35 1.0000000180025095e-35 38.885000000000012 3.5000000000000004 70.415000000000006 26.365000000000006 9.1200000000000028
decision_type=2 2 2 2 2 2 2
left_child=3 -2 5 4 -1 -3 -4
right_child=1 2 6 -5 -6 -7 -8
leaf_value=-0.14096676725686666 -0.096771152947155936 -0.10772421577458031 -0.14859281125702437 0.017224993862462849 0.027387568683752531 0.0039865611501973212 0.061307792809624145
leaf_weight=1054 574 339 74 440 153 1461 3921
leaf_count=1054 574 339 74 440 153 1461 3921
internal_value=0.000551151 0.0222329 0.0340936 -0.0831062 -0.119601 -0.0172924 0.0572389
internal_weight=8016 6369 5795 1647 1207 1800 3995
internal_count=8016 6369 5795 1647 1207 1800 3995
is_linear=0
shrinkage=0.02


Tree=131
num_leaves=8
num_cat=0
split_feature=64 42 40 33 33 33 33
split_gain=36799.7 26234.5 17652.4 19813.1 8728.68 6806.05 6622.39
threshold=1.5000000000000002 20.205000000000002 66.265000000000015 2.5000000000000004 4.5000000000000009 4.5000000000000009 1.0000000180025095e-35
decision_type=2 2 2 2 2 2 2
left_child=-1 4 3 6 -2 -5 -3
right_child=1 2 -4 5 -6 -7 -8
leaf_value=-0.15557486637293141 -0.1392936758508376 -0.14105703582937298 0.082199117390998055 0.025456218197584476 0.095671983099963567 0.10165582216773024 -0.026457628649119314
leaf_weight=552 540 219 1599 2393 68 580 2077
leaf_count=552 540 219 1599 2393 68 580 2077
internal_value=0.00125635 0.0129324 0.0241057 0.0064147 -0.112449 0.0404677 -0.0376713
internal_weight=8028 7476 6868 5269 608 2973 2296
internal_count=8028 7476 6868 5269 608 2973 2296
is_linear=0
shrinkage=0.02


Tree=132
num_leaves=8
num_cat=0
split_feature=64 40 40 42 65 65 44
split_gain=32406.9 27083.1 12827.7 9991.82 8232.39 8156.08 7015.2
threshold=3.5000000000000004 46.665000000000006 17.080000000000002 82.565000000000012 0.69047619047619058 1.0000000180025095e-35 1.0000000180025095e-35
decision_type=2 2 2 2 2 2 2
left_child=1 2 -1 4 -3 -4 -7
right_child=-2 3 5 -5 -6 6 -8
leaf_value=-0.19500629532446223 0.054817369857600065 -0.015451923759978749 -0.16964333151880637 0.12365100870597852 0.084390953319228218 -0.10405282618180049 -0.019544722541818823
leaf_weight=323 2813 2124 236 287 386 564 1280
leaf_count=323 2813 2124 236 287 386 564 1280
internal_value=0.000188828 -0.0293874 -0.0785578 0.0129214 3.96489e-05 -0.0600504 -0.0456036
internal_weight=8013 5200 2403 2797 2510 2080 1844
internal_count=8013 5200 2403 2797 2510 2080 1844
is_linear=0
shrinkage=0.02


Tree=133
num_leaves=8
num_cat=0
split_feature=64 40 66 40 66 64 64
split_gain=33004.4 22276.9 17923.9 16561.6 9734.39 7932.63 5329.42
threshold=1.5000000000000002 22.675000000000004 0.43750000000000006 68.985000000000014 0.18750000000000003 3.5000000000000004 3.5000000000000004
decision_type=2 2 2 2 2 2 2
left_child=-1 5 3 4 -3 -2 -6
right_child=1 2 -4 -5 6 -7 -8
leaf_value=-0.15187715214656761 -0.14735832540986493 -0.072455233690311358 0.071248560658354901 0.075196109443310316 -0.020073139732658528 -0.00086911570063620937 0.037380985383046052
leaf_weight=543 455 1004 1937 919 1856 218 984
leaf_count=543 455 1004 1937 919 1856 218 984
internal_value=-0.0021279 0.00899615 0.0200376 -0.000841536 -0.0190942 -0.100263 -0.000135789
internal_weight=7916 7373 6700 4763 3844 673 2840
internal_count=7916 7373 6700 4763 3844 673 2840
is_linear=0
shrinkage=0.02


Tree=134
num_leaves=8
num_cat=0
split_feature=31 33 43 33 33 16 16
split_gain=30047.9 14813.4 11771.1 9014.45 7705.74 7629.85 7123.36
threshold=1.0000000180025095e-35 1.0000000180025095e-35 1.0000000180025095e-35 4.5000000000000009 3.5000000000000004 0.56585000000000008 0.50455000000000017
decision_type=2 2 2 2 2 2 2
left_child=1 -1 4 6 -3 -4 -2
right_child=3 2 5 -5 -6 -7 -8
leaf_value=-0.16022977827728252 -0.00269693351400309 -0.12511400823215502 -0.032391369467111353 0.098609703334337911 0.059224822101769624 0.047010429591083758 0.050845243483377774
leaf_weight=388 2155 622 1440 722 103 723 1839
leaf_count=388 2155 622 1440 722 103 723 1839
internal_value=0.00150307 -0.044987 -0.0292541 0.0338112 -0.0986989 -0.00580348 0.0219888
internal_weight=7992 3276 2888 4716 725 2163 3994
internal_count=7992 3276 2888 4716 725 2163 3994
is_linear=0
shrinkage=0.02


Tree=135
num_leaves=8
num_cat=0
split_feature=33 42 52 42 42 41 33
split_gain=33800.6 20309 14836.8 12103.2 7098.52 6942.72 7228.43
threshold=1.5000000000000002 20.675000000000004 33.375000000000007 77.75500000000001 31.075000000000003 67.365000000000023 3.5000000000000004
decision_type=2 2 2 2 2 2 2
left_child=3 -2 -3 4 -1 6 -4
right_child=1 2 5 -5 -6 -7 -8
leaf_value=-0.18667318022413418 -0.094671645433450427 -0.030723927969186098 0.012841218929491829 0.073550743490130036 -0.077393050560758764 0.093824256410323256 0.072768932487993307
leaf_weight=298 559 1218 2244 177 1195 1014 1253
leaf_count=298 559 1218 2244 177 1195 1014 1253
internal_value=-0.00137981 0.0198729 0.0311222 -0.0812223 -0.0997554 0.0478366 0.034387
internal_weight=7958 6288 5729 1670 1493 4511 3497
internal_count=7958 6288 5729 1670 1493 4511 3497
is_linear=0
shrinkage=0.02


Tree=136
num_leaves=8
num_cat=0
split_feature=41 33 33 40 33 40 52
split_gain=28766.8 19642.5 14610.9 12220.9 13558.2 10750.6 8635.35
threshold=34.985000000000007 1.0000000180025095e-35 4.5000000000000009 72.590000000000018 3.5000000000000004 24.765000000000004 35.125000000000007
decision_type=2 2 2 2 2 2 2
left_child=2 -2 5 4 6 -1 -3
right_child=1 3 -4 -5 -6 -7 -8
leaf_value=-0.17284592785509462 -0.13041558918920723 -0.059821814381391399 0.092321700477041302 0.091979131759847607 0.065187426818591368 -0.058012232072454872 0.011874387833203333
leaf_weight=467 328 911 187 975 1475 1085 2518
leaf_count=467 328 911 187 975 1475 1085 2518
internal_value=-0.00109923 0.019052 -0.0728732 0.0274948 0.0145935 -0.09301 -0.00723288
internal_weight=7946 6207 1739 5879 4904 1552 3429
internal_count=7946 6207 1739 5879 4904 1552 3429
is_linear=0
shrinkage=0.02


Tree=137
num_leaves=8
num_cat=0
split_feature=44 33 41 33 40 33 41
split_gain=31553.2 18355.7 16118.7 10467.7 10156.4 10073.4 7787.82
threshold=1.0000000180025095e-35 2.5000000000000004 62.095000000000006 4.5000000000000009 17.080000000000002 1.0000000180025095e-35 70.035000000000011
decision_type=2 2 2 2 2 2 2
left_child=3 2 5 4 -1 -2 -6
right_child=1 -3 -4 -5 6 -7 -8
leaf_value=-0.27689302735096588 -0.17329602235978978 0.053222196745760543 0.056888731826608419 0.079918717810424506 -0.09851302104896982 -0.029955651644141837 0.036936938468698818
leaf_weight=108 215 3454 876 149 1129 1844 197
leaf_count=108 215 3454 876 149 1129 1844 197
internal_value=0.00218973 0.0220052 -0.0147599 -0.0776032 -0.0941914 -0.0453067 -0.0783264
internal_weight=7972 6389 2935 1583 1434 2059 1326
internal_count=7972 6389 2935 1583 1434 2059 1326
is_linear=0
shrinkage=0.02


Tree=138
num_leaves=8
num_cat=0
split_feature=64 42 52 33 64 64 16
split_gain=28515.6 23810.3 16827.8 8681.04 7494.54 7320.33 7059.72
threshold=3.5000000000000004 21.245000000000001 49.195000000000007 4.5000000000000009 1.5000000000000002 1.5000000000000002 0.50455000000000017
decision_type=2 2 2 2 2 2 2
left_child=1 -1 3 4 -3 -4 -7
right_child=-2 2 5 -5 -6 6 -8
leaf_value=-0.14969121065778165 0.052171067897684782 -0.16103926548704742 -0.079254105995716972 0.10909742407274969 -0.045042853045888197 0.0028210337811637493 0.077249529991059537
leaf_weight=558 2807 247 228 127 2015 1045 991
leaf_count=558 2807 247 228 127 2015 1045 991
internal_value=0.000834813 -0.0268419 -0.0119646 -0.0489422 -0.0580364 0.0270764 0.0391488
internal_weight=8018 5211 4653 2389 2262 2264 2036
internal_count=8018 5211 4653 2389 2262 2264 2036
is_linear=0
shrinkage=0.02


Tree=139
num_leaves=8
num_cat=0
split_feature=44 33 42 33 42 52 43
split_gain=28838.9 19232.4 14745 11741.1 11641.4 9382.28 7096.51
threshold=1.0000000180025095e-35 1.5000000000000002 10.480000000000002 3.5000000000000004 77.75500000000001 31.455000000000002 1.0000000180025095e-35
decision_type=2 2 2 2 2 2 2
left_child=3 4 -3 6 -2 -4 -1
right_child=1 2 5 -5 -6 -7 -8
leaf_value=-0.18610877959227021 -0.070974117767321154 -0.15137328004244693 -0.015079016209664672 0.014593323196314241 0.11028870093969652 0.056454407283310325 -0.076411423561842856
leaf_weight=325 1151 156 897 433 157 3972 883
leaf_count=325 1151 156 897 433 157 3972 883
internal_value=-6.39014e-05 0.019307 0.0370868 -0.0746521 -0.0488799 0.0432741 -0.10657
internal_weight=7974 6333 5025 1641 1308 4869 1208
internal_count=7974 6333 5025 1641 1308 4869 1208
is_linear=0
shrinkage=0.02


Tree=140
num_leaves=8
num_cat=0
split_feature=33 41 41 41 33 16 64
split_gain=27860.6 18074.1 11624.4 9777.04 9820.96 8263.38 6990.02
threshold=1.5000000000000002 28.075000000000006 58.930000000000007 71.760000000000005 4.5000000000000009 0.36255000000000004 1.5000000000000002
decision_type=2 2 2 2 2 2 2
left_child=2 -2 -1 4 5 -3 -7
right_child=1 3 -4 -5 -6 6 -8
leaf_value=-0.110060872069489 -0.068599567558353544 -0.042639076610692044 0.0010249232643572712 0.093233775720510587 0.095723969574591408 -0.096305302311976745 0.032123178188978779
leaf_weight=1110 817 940 569 871 598 175 2962
leaf_count=1110 817 940 569 871 598 175 2962
internal_value=-0.000179381 0.018952 -0.0725235 0.0318996 0.0203851 0.00923091 0.0248168
internal_weight=8042 6363 1679 5546 4675 4077 3137
internal_count=8042 6363 1679 5546 4675 4077 3137
is_linear=0
shrinkage=0.02


Tree=141
num_leaves=8
num_cat=0
split_feature=31 40 42 42 33 41 33
split_gain=28072.8 17523 10676.6 10454.9 8217.04 6527.05 5909.47
threshold=1.0000000180025095e-35 31.265000000000004 10.480000000000002 79.155000000000015 2.5000000000000004 62.095000000000006 4.5000000000000009
decision_type=2 2 2 2 2 2 2
left_child=1 -1 -2 4 -3 6 -4
right_child=2 3 5 -5 -6 -7 -8
leaf_value=-0.14253462829890917 -0.12628997212173018 -0.060820184112444386 0.011866409488786461 0.089800902997769647 0.018383222093126809 0.076341021689086394 0.087763784784405718
leaf_weight=581 158 1640 2744 294 766 1299 478
leaf_count=581 158 1640 2744 294 766 1299 478
internal_value=0.00143422 -0.0433812 0.0328724 -0.0218208 -0.0356183 0.0385681 0.0232447
internal_weight=7960 3281 4679 2700 2406 4521 3222
internal_count=7960 3281 4679 2700 2406 4521 3222
is_linear=0
shrinkage=0.02


Tree=142
num_leaves=8
num_cat=0
split_feature=64 66 16 44 31 66 12
split_gain=26442.3 18109.7 11972.3 8661.97 6238.75 5891.66 4981.45
threshold=1.5000000000000002 0.43750000000000006 0.50035000000000007 1.0000000180025095e-35 1.0000000180025095e-35 1.0000000180025095e-35 37.735000000000007
decision_type=2 2 2 2 2 2 2
left_child=-1 2 3 -2 -5 -4 -7
right_child=1 -3 5 4 -6 6 -8
leaf_value=-0.13342633763134804 -0.1173377570175035 0.059053730045491165 -0.088220840072045559 -0.057540286199763778 0.0087584677150638127 -0.0084134780246831863 0.051216068319347385
leaf_weight=544 460 2166 178 1069 1202 879 1535
leaf_count=544 460 2166 178 1069 1202 879 1535
internal_value=0.000554435 0.0103693 -0.00947786 -0.0386655 -0.0225074 0.0212903 0.0295309
internal_weight=8033 7489 5323 2731 2271 2592 2414
internal_count=8033 7489 5323 2731 2271 2592 2414
is_linear=0
shrinkage=0.02


Tree=143
num_leaves=8
num_cat=0
split_feature=31 42 40 42 40 33 34
split_gain=23695.6 15526.1 9513.8 8528.05 7601.43 7985.38 6156.62
threshold=1.0000000180025095e-35 41.625000000000007 8.9700000000000024 79.600000000000009 65.990000000000023 4.5000000000000009 1.0000000180025095e-35
decision_type=2 2 2 2 2 2 2
left_child=1 -1 -2 6 5 -4 -3
right_child=2 3 4 -5 -6 -7 -8
leaf_value=-0.10293515439036821 -0.15743148734263324 -0.10246906329115203 0.005279280512569178 0.086663847878161407 0.080251324972182167 0.087798384997276338 -0.0095769275634359826
leaf_weight=1120 104 348 3035 301 1003 550 1497
leaf_count=1120 104 348 3035 301 1003 550 1497
internal_value=-0.00142266 -0.0427512 0.0273601 -0.0111748 0.0317158 0.0180438 -0.0273276
internal_weight=7958 3266 4692 2146 4588 3585 1845
internal_count=7958 3266 4692 2146 4588 3585 1845
is_linear=0
shrinkage=0.02


Tree=144
num_leaves=8
num_cat=0
split_feature=31 41 33 42 41 12 41
split_gain=27244 15896 11189.2 10574.9 8832.4 7597.17 5371.11
threshold=1.0000000180025095e-35 73.915000000000006 3.5000000000000004 23.475000000000005 21.23 66.475000000000009 55.32500000000001
decision_type=2 2 2 2 2 2 2
left_child=1 2 4 -2 -1 -6 -5
right_child=3 -3 -4 6 5 -7 -8
leaf_value=-0.21111075135583302 -0.051981809084281787 0.080349081401913866 0.041053447873619295 0.020038340430083769 -0.081553366858373263 0.011341224637648251 0.065869544369008132
leaf_weight=174 548 357 377 2224 1953 428 1899
leaf_count=174 548 357 377 2224 1953 428 1899
internal_value=-0.000810502 -0.0448667 -0.0602237 0.0302256 -0.0752186 -0.0648662 0.0412018
internal_weight=7960 3289 2932 4671 2555 2381 4123
internal_count=7960 3289 2932 4671 2555 2381 4123
is_linear=0
shrinkage=0.02


Tree=145
num_leaves=8
num_cat=0
split_feature=44 33 33 16 33 12 33
split_gain=26382.9 14882.4 9128.49 8926.75 6932.91 5573.6 4564.01
threshold=1.0000000180025095e-35 1.5000000000000002 2.5000000000000004 0.50155000000000005 4.5000000000000009 40.635000000000012 4.5000000000000009
decision_type=2 2 2 2 2 2 2
left_child=2 5 -1 4 -3 -2 -4
right_child=1 3 6 -5 -6 -7 -8
leaf_value=-0.12376090750595597 -0.087147919915334771 -0.0036574101855268754 -0.049161934863047797 0.062386258034930857 0.086613355165990238 -0.0047712891764334735 0.071132554511551732
leaf_weight=744 590 2381 701 2321 392 735 149
leaf_count=744 590 2381 701 2321 392 735 149
internal_value=-0.000132856 0.0179616 -0.0728273 0.0334908 0.00923647 -0.0416419 -0.0277824
internal_weight=8013 6419 1594 5094 2773 1325 850
internal_count=8013 6419 1594 5094 2773 1325 850
is_linear=0
shrinkage=0.02


Tree=146
num_leaves=8
num_cat=0
split_feature=31 42 41 41 41 43 66
split_gain=24530.1 16845.1 10437.9 8701.56 6059.64 6042.43 4827.85
threshold=1.0000000180025095e-35 57.605000000000011 32.395000000000003 20.030000000000005 80.610000000000014 1.0000000180025095e-35 1.0000000180025095e-35
decision_type=2 2 2 2 2 2 2
left_child=1 3 -2 -1 -3 -5 -7
right_child=2 4 -4 5 -6 6 -8
leaf_value=-0.20681859494068047 -0.034051531691414616 -0.0019209278849610951 0.042970201665643193 -0.12139943224683659 0.12196454632250384 -0.13957714361731302 -0.027294607985207317
leaf_weight=183 859 1015 3811 522 182 171 1218
leaf_count=183 859 1015 3811 522 182 171 1218
internal_value=-0.000678445 -0.0424631 0.0287816 -0.0766109 0.0173444 -0.0636349 -0.0415688
internal_weight=7961 3291 4670 2094 1197 1911 1389
internal_count=7961 3291 4670 2094 1197 1911 1389
is_linear=0
shrinkage=0.02


Tree=147
num_leaves=8
num_cat=0
split_feature=44 34 34 34 47 12 34
split_gain=25060.1 13709.4 8794.5 7963.32 5161.99 5112.36 4562.92
threshold=1.0000000180025095e-35 1.0000000180025095e-35 3.5000000000000004 2.5000000000000004 4.5000000000000009 45.745000000000012 1.5000000000000002
decision_type=2 2 2 2 2 2 2
left_child=2 -2 4 5 -1 -3 -6
right_child=1 3 -4 -5 6 -7 -8
leaf_value=-0.13892429272830487 -0.073595968847083734 -0.010015703274267467 0.079033375181000814 0.064943484832955187 -0.10246486537628892 0.034222096523523406 -0.017408124657765044
leaf_weight=475 594 2060 140 1591 486 2112 524
leaf_count=475 594 2060 140 1591 486 2112 524
internal_value=-0.000427119 0.0174995 -0.0703945 0.0269444 -0.0846999 0.012393 -0.0586396
internal_weight=7982 6357 1625 5763 1485 4172 1010
internal_count=7982 6357 1625 5763 1485 4172 1010
is_linear=0
shrinkage=0.02


Tree=148
num_leaves=8
num_cat=0
split_feature=64 42 34 42 16 31 33
split_gain=25881.2 16253.5 15508.1 12524.6 7829.27 5028.97 4848.19
threshold=1.5000000000000002 64.280000000000015 2.5000000000000004 19.780000000000005 0.50155000000000005 1.0000000180025095e-35 1.0000000180025095e-35
decision_type=2 2 2 2 2 2 2
left_child=-1 2 3 -2 5 -5 -3
right_child=1 6 -4 4 -6 -7 -8
leaf_value=-0.13167371967766844 -0.13140118156463268 -0.081089322629727803 0.049739468268446878 -0.079479749231204821 0.015532696628452915 -0.01443045794417005 0.065951359069901058
leaf_weight=546 410 90 1403 845 1724 1085 1906
leaf_count=546 410 90 1403 845 1724 1085 1906
internal_value=0.00060495 0.0103643 -0.00747976 -0.0272702 -0.0154225 -0.0430424 0.0591352
internal_weight=8009 7463 5467 4064 3654 1930 1996
internal_count=8009 7463 5467 4064 3654 1930 1996
is_linear=0
shrinkage=0.02


Tree=149
num_leaves=8
num_cat=0
split_feature=52 64 64 40 16 33 41
split_gain=25073.6 12503.9 12374.5 9381.94 7078.61 6918.32 5517.61
threshold=44.855000000000011 1.5000000000000002 3.5000000000000004 22.675000000000004 0.36255000000000004 3.5000000000000004 21.850000000000005
decision_type=2 2 2 2 2 2 2
left_child=2 -2 3 -1 -3 -5 -6
right_child=1 4 -4 5 6 -7 -8
leaf_value=-0.16642542757228554 -0.093736846402730084 -0.010380750572156929 0.013737072668991624 -0.068210525417319604 -0.053595022036023038 0.03126202053028871 0.058835850144877154
leaf_weight=327 298 902 1096 1614 181 335 3166
leaf_count=327 298 902 1096 1614 181 335 3166
internal_value=-0.000145164 0.0304882 -0.0414369 -0.0679776 0.0393005 -0.0510766 0.0526849
internal_weight=7919 4547 3372 2276 4249 1949 3347
internal_count=7919 4547 3372 2276 4249 1949 3347
is_linear=0
shrinkage=0.02


Tree=150
num_leaves=8
num_cat=0
split_feature=44 65 42 42 42 65 65
split_gain=25286.8 15319.7 11449.4 7701.65 7666.35 6634.55 6457.29
threshold=1.0000000180025095e-35 1.0000000180025095e-35 17.205000000000002 72.320000000000007 58.725000000000009 0.69047619047619058 0.76388888888888895
decision_type=2 2 2 2 2 2 2
left_child=4 -2 -3 5 6 -4 -1
right_child=1 2 3 -5 -6 -7 -8
leaf_value=-0.11059666472764676 -0.081638451186542588 -0.089358875679566796 0.0099102373811378649 0.08634188422410409 0.00093754572954784208 0.06759078731006711 0.07203024670043412
leaf_weight=1089 562 313 3455 932 429 1033 80
leaf_count=1089 562 313 3455 932 429 1033 80
internal_value=-0.000483338 0.0175628 0.0273501 0.0341661 -0.0714057 0.023247 -0.0978451
internal_weight=7893 6295 5733 5420 1598 4488 1169
internal_count=7893 6295 5733 5420 1598 4488 1169
is_linear=0
shrinkage=0.02


Tree=151
num_leaves=8
num_cat=0
split_feature=64 52 42 16 64 42 34
split_gain=20985.2 17786.9 9246.11 7276.01 5621.52 4688.62 5180.38
threshold=1.5000000000000002 32.835000000000008 20.205000000000002 0.55135000000000012 3.5000000000000004 82.565000000000012 1.5000000000000002
decision_type=2 2 2 2 2 2 2
left_child=-1 4 -3 5 -2 6 -4
right_child=1 2 3 -5 -6 -7 -8
leaf_value=-0.11850027099240577 -0.076241886547763052 -0.067167264788588393 -0.022293054045291253 0.063715621364893296 0.0024905037542609183 0.091881383709948181 0.029304027592411623
leaf_weight=537 1037 390 1286 1978 556 292 1956
leaf_count=537 1037 390 1286 1978 556 292 1956
internal_value=0.0016818 0.0103658 0.0263739 0.0330473 -0.0488403 0.0158162 0.00883427
internal_weight=8032 7495 5902 5512 1593 3534 3242
internal_count=8032 7495 5902 5512 1593 3534 3242
is_linear=0
shrinkage=0.02


Tree=152
num_leaves=8
num_cat=0
split_feature=40 64 34 41 64 64 55
split_gain=21546.4 16579.9 12227.1 12676.2 6504.29 5749.86 4777.57
threshold=22.675000000000004 1.5000000000000002 2.5000000000000004 61.895000000000003 4.5000000000000009 3.5000000000000004 54.735000000000007
decision_type=2 2 2 2 2 2 2
left_child=5 -2 3 4 6 -1 -3
right_child=1 2 -4 -5 -6 -7 -8
leaf_value=-0.13659528459671325 -0.10581943165422768 -0.015562425197482955 0.062509797119209468 0.048529570341236825 0.086742995629190564 -0.013322126844690904 -0.079588006731578495
leaf_weight=541 460 2712 1786 1584 211 211 559
leaf_count=541 460 2712 1786 1584 211 211 559
internal_value=-0.00074735 0.00976196 0.0175929 0.00171154 -0.0196255 -0.102323 -0.0266089
internal_weight=8064 7312 6852 5066 3482 752 3271
internal_count=8064 7312 6852 5066 3482 752 3271
is_linear=0
shrinkage=0.02


Tree=153
num_leaves=8
num_cat=0
split_feature=31 44 40 44 33 40 42
split_gain=24178.5 13756.3 10814.1 10431.9 6497.79 6016.74 5234.42
threshold=1.0000000180025095e-35 1.0000000180025095e-35 55.540000000000006 1.0000000180025095e-35 3.5000000000000004 37.355000000000011 16.500000000000004
decision_type=2 2 2 2 2 2 2
left_child=1 -1 4 5 6 -2 -3
right_child=3 2 -4 -5 -6 -7 -8
leaf_value=-0.12147793200950632 -0.1017687951041274 -0.19974747720231181 0.029121526405394366 0.043409001745724492 0.045105606514474622 0.0045824343886243582 -0.057999611023436835
leaf_weight=686 312 110 1035 3755 225 646 1261
leaf_count=686 312 110 1035 3755 225 646 1261
internal_value=-0.000714218 -0.0420467 -0.0211448 0.0283892 -0.0537315 -0.0304024 -0.070057
internal_weight=8030 3317 2631 4713 1596 958 1371
internal_count=8030 3317 2631 4713 1596 958 1371
is_linear=0
shrinkage=0.02


Tree=154
num_leaves=8
num_cat=0
split_feature=52 44 66 43 42 64 66
split_gain=21986.1 15909.4 9329.14 6254.4 5738.85 5577.46 5320.38
threshold=53.57500000000001 1.0000000180025095e-35 0.31250000000000006 1.0000000180025095e-35 9.1200000000000028 1.5000000000000002 0.56250000000000011
decision_type=2 2 2 2 2 2 2
left_child=1 6 3 -3 -4 -2 -1
right_child=5 2 4 -5 -6 -7 -8
leaf_value=-0.11391874670948723 -0.057678765282034875 -0.10426692564804185 -0.15749742753165108 -0.019622471824764315 0.026918090735651049 0.047028343159476418 0.060392688432565102
leaf_weight=881 214 473 65 1308 1933 3021 73
leaf_count=881 214 473 65 1308 1933 3021 73
internal_value=-0.000126266 -0.0275819 -0.00910715 -0.0423314 0.0205404 0.0400235 -0.100335
internal_weight=7968 4733 3779 1781 1998 3235 954
internal_count=7968 4733 3779 1781 1998 3235 954
is_linear=0
shrinkage=0.02


Tree=155
num_leaves=8
num_cat=0
split_feature=44 41 33 42 33 42 40
split_gain=19531.4 12343.8 15221.2 8982.25 7983.05 7487.64 6002.36
threshold=1.0000000180025095e-35 64.110000000000014 1.5000000000000002 73.39500000000001 4.5000000000000009 9.1200000000000028 17.080000000000002
decision_type=2 2 2 2 2 2 2
left_child=3 2 -2 4 6 -4 -1
right_child=1 -3 5 -5 -6 -7 -8
leaf_value=-0.23801218348128775 -0.069860708035166905 0.065215489397253482 -0.1259035920880843 0.076136047051925407 0.061756074860592022 0.024162382444362571 -0.080121431096791706
leaf_weight=102 963 1592 133 166 144 3724 1169
leaf_count=102 963 1592 133 166 144 3724 1169
internal_value=0.00149311 0.0170252 0.00105734 -0.0613549 -0.0776959 0.0188314 -0.0936754
internal_weight=7993 6412 4820 1581 1415 3857 1271
internal_count=7993 6412 4820 1581 1415 3857 1271
is_linear=0
shrinkage=0.02


Tree=156
num_leaves=8
num_cat=0
split_feature=52 66 44 66 40 43 44
split_gain=19235.8 14201.6 13753.6 8612.48 7942.05 5434.28 5434.1
threshold=53.57500000000001 0.56250000000000011 1.0000000180025095e-35 1.0000000180025095e-35 63.645000000000003 1.0000000180025095e-35 1.0000000180025095e-35
decision_type=2 2 2 2 2 2 2
left_child=1 2 -1 -4 5 -5 -2
right_child=6 -3 3 4 -6 -7 -8
leaf_value=-0.10754742633585615 -0.012806696075334479 0.078949705176921778 -0.14504142810037304 -0.073566958589994527 0.051609759762668052 -0.0082597090642647572 0.051209507409380954
leaf_weight=865 665 468 197 700 653 1845 2582
leaf_count=865 665 468 197 700 653 1845 2582
internal_value=0.000650519 -0.0250808 -0.0365886 -0.0183777 -0.0103609 -0.0263314 0.0380992
internal_weight=7975 4728 4260 3395 3198 2545 3247
internal_count=7975 4728 4260 3395 3198 2545 3247
is_linear=0
shrinkage=0.02


Tree=157
num_leaves=8
num_cat=0
split_feature=52 44 42 66 16 65 66
split_gain=18226 14911.7 9121.07 7181.48 6787.36 5984.55 5015.38
threshold=58.635000000000012 1.0000000180025095e-35 17.205000000000002 0.56250000000000011 0.32955000000000007 1.0000000180025095e-35 0.31250000000000006
decision_type=2 2 2 2 2 2 2
left_child=1 3 -3 -1 -4 -6 -2
right_child=6 2 4 -5 5 -7 -8
leaf_value=-0.099962450490362703 0.015212440519393741 -0.10739209297220699 -0.051195313082857935 0.071959546345089553 -0.061114288356425107 0.026786643057648021 0.071642687025277402
leaf_weight=1003 1141 298 678 104 340 3053 1411
leaf_count=1003 1141 298 678 104 340 3053 1411
internal_value=0.00240058 -0.0181711 -0.00152654 -0.0835599 0.00634512 0.0179014 0.0464918
internal_weight=8028 5476 4369 1107 4071 3393 2552
internal_count=8028 5476 4369 1107 4071 3393 2552
is_linear=0
shrinkage=0.02


Tree=158
num_leaves=8
num_cat=0
split_feature=64 40 33 40 33 42 64
split_gain=17869.7 14492.9 10073.4 6848.63 6886.42 4730.61 4130.19
threshold=1.5000000000000002 22.675000000000004 1.5000000000000002 65.520000000000024 4.5000000000000009 80.415000000000006 4.5000000000000009
decision_type=2 2 2 2 2 2 2
left_child=-1 -2 5 4 6 -3 -4
right_child=1 2 3 -5 -6 -7 -8
leaf_value=-0.10857275065491884 -0.078789082211920256 -0.045045732243084599 0.00031233149494658876 0.069292368976093061 0.082123168640563973 0.074364676554997775 0.074832271505204176
leaf_weight=549 677 1173 3298 1327 560 145 322
leaf_count=549 677 1173 3298 1327 560 145 322
internal_value=0.00104347 0.00913221 0.0179048 0.0297893 0.0171807 -0.0316774 0.00703497
internal_weight=8051 7502 6825 5507 4180 1318 3620
internal_count=8051 7502 6825 5507 4180 1318 3620
is_linear=0
shrinkage=0.02


Tree=159
num_leaves=8
num_cat=0
split_feature=52 64 40 66 64 41 40
split_gain=19152.5 14020.8 10775.2 6517.27 6039.39 4457.84 4023.03
threshold=52.635000000000012 3.5000000000000004 22.675000000000004 0.18750000000000003 1.5000000000000002 50.340000000000011 77.665000000000006
decision_type=2 2 2 2 2 2 2
left_child=1 2 -1 -4 -2 -5 -6
right_child=4 -3 3 5 6 -7 -8
leaf_value=-0.14569286769488279 -0.066654211106206035 0.022062304395965456 -0.084812499609920294 -0.045698055487025428 0.033433732693477526 0.016799699864090668 0.09991287376290249
leaf_weight=420 213 1524 788 957 2761 865 417
leaf_count=420 213 1524 788 957 2761 865 417
internal_value=-0.000588426 -0.0273719 -0.0522312 -0.0369415 0.0353682 -0.0160623 0.0423
internal_weight=7945 4554 3030 2610 3391 1822 3178
internal_count=7945 4554 3030 2610 3391 1822 3178
is_linear=0
shrinkage=0.02


Tree=160
num_leaves=8
num_cat=0
split_feature=44 52 52 33 16 33 42
split_gain=19551.8 12621.2 8015.93 7897.26 6861.71 5095.21 5048.21
threshold=1.0000000180025095e-35 32.615000000000002 53.845000000000006 1.0000000180025095e-35 0.51055000000000017 4.5000000000000009 13.175000000000002
decision_type=2 2 2 2 2 2 2
left_child=2 -2 5 -3 -5 -1 -6
right_child=1 3 -4 4 6 -7 -8
leaf_value=-0.11334088915127843 -0.038088316000300715 -0.080010963189698428 -0.0079740186126747003 0.014324199269349511 -0.11335329996421933 0.053524593056702034 0.067849952072101677
leaf_weight=869 1368 242 641 2622 59 77 2080
leaf_count=869 1368 242 641 2622 59 77 2080
internal_value=-4.7585e-06 0.01565 -0.0627023 0.0303673 0.0360559 -0.0995488 0.0625991
internal_weight=7958 6371 1587 5003 4761 946 2139
internal_count=7958 6371 1587 5003 4761 946 2139
is_linear=0
shrinkage=0.02


Tree=161
num_leaves=8
num_cat=0
split_feature=44 41 33 41 33 42 16
split_gain=18269.3 11127.1 11885.2 9500.39 7811.1 7170.76 6635.85
threshold=1.0000000180025095e-35 67.365000000000023 1.5000000000000002 34.985000000000007 1.5000000000000002 9.1200000000000028 0.42885000000000006
decision_type=2 2 2 2 2 2 2
left_child=3 2 -2 -1 -5 -4 -7
right_child=1 -3 5 4 -6 6 -8
leaf_value=-0.13860850858242332 -0.057469299978530217 0.069175337324483513 -0.12212358364822171 -0.13197669543732865 -0.0037458784848984502 -0.010915081314117432 0.042704502066842932
leaf_weight=436 1039 1252 136 233 944 1455 2513
leaf_count=436 1039 1252 136 233 944 1455 2513
internal_value=0.000653725 0.0158328 0.00279265 -0.0593891 -0.0295815 0.0181004 0.0230541
internal_weight=8008 6395 5143 1613 1177 4104 3968
internal_count=8008 6395 5143 1613 1177 4104 3968
is_linear=0
shrinkage=0.02


Tree=162
num_leaves=8
num_cat=0
split_feature=52 44 31 33 16 16 44
split_gain=17783.7 10022.6 7881.72 7742.78 5700.75 5000.35 3964.51
threshold=45.045000000000009 1.0000000180025095e-35 1.0000000180025095e-35 1.5000000000000002 0.33955000000000007 0.50035000000000007 1.0000000180025095e-35
decision_type=2 2 2 2 2 2 2
left_child=1 -1 4 6 -3 -5 -2
right_child=3 2 -4 5 -6 -7 -8
leaf_value=-0.098961316935178539 -0.10725480931776542 -0.14983326440056166 0.014125531151709962 0.017793210232096006 -0.033833987048144241 0.064401143195318658 -0.0038859800720069675
leaf_weight=720 184 202 1561 1947 964 1751 693
leaf_count=720 184 202 1561 1947 964 1751 693
internal_value=0.00142148 -0.0328583 -0.0152562 0.027257 -0.0544839 0.0399192 -0.0260585
internal_weight=8022 3447 2727 4575 1166 3698 877
internal_count=8022 3447 2727 4575 1166 3698 877
is_linear=0
shrinkage=0.02


Tree=163
num_leaves=8
num_cat=0
split_feature=44 52 65 40 33 16 33
split_gain=18891.7 11431.1 9165.39 7000.93 6202.38 6881.81 5005.26
threshold=1.0000000180025095e-35 61.455000000000005 0.22500000000000003 54.475000000000001 4.5000000000000009 0.32695000000000007 4.5000000000000009
decision_type=2 2 2 2 2 2 2
left_child=3 2 -2 6 5 -4 -1
right_child=1 -3 4 -5 -6 -7 -8
leaf_value=-0.10743905635085443 -0.088377034560159801 0.057716998142746903 -0.062888512323319906 -0.0069867669427925248 0.073147279037121107 0.0098622708170061375 0.03960567928495861
leaf_weight=950 446 1710 620 585 488 3094 100
leaf_count=950 446 1710 620 585 488 3094 100
internal_value=-0.00201573 0.0135857 -0.00269473 -0.0625414 0.00649381 -0.00235067 -0.0933135
internal_weight=7993 6358 4648 1635 4202 3714 1050
internal_count=7993 6358 4648 1635 4202 3714 1050
is_linear=0
shrinkage=0.02


Tree=164
num_leaves=8
num_cat=0
split_feature=52 41 33 33 40 41 16
split_gain=17470.3 9450.26 7291.79 6053.53 5723.25 5383.79 5190.02
threshold=44.855000000000011 36.045000000000009 1.5000000000000002 1.0000000180025095e-35 81.645000000000024 21.23 0.36050000000000004
decision_type=2 2 2 2 2 2 2
left_child=1 -1 4 -3 -2 -4 -7
right_child=2 3 5 -5 -6 6 -8
leaf_value=-0.089048714696279702 -0.042718602746274925 -0.13469836206003361 -0.061152401423819787 -0.0063212003253411446 0.13575201188461691 -0.004624739372785576 0.055337679566565393
leaf_weight=939 806 152 207 2300 74 729 2758
leaf_count=939 806 152 207 2300 74 729 2758
internal_value=-0.000898524 -0.0352709 0.0245946 -0.0145372 -0.0270287 0.0369124 0.0428131
internal_weight=7965 3391 4574 2452 880 3694 3487
internal_count=7965 3391 4574 2452 880 3694 3487
is_linear=0
shrinkage=0.02


Tree=165
num_leaves=8
num_cat=0
split_feature=52 64 64 16 45 64 66
split_gain=17569.6 9072.05 8142.08 6096.33 5996.2 5446.57 5084.11
threshold=45.045000000000009 1.5000000000000002 3.5000000000000004 0.61585000000000012 1.0000000180025095e-35 1.5000000000000002 0.43750000000000006
decision_type=2 2 2 2 2 2 2
left_child=2 -2 4 6 5 -1 -3
right_child=1 3 -4 -5 -6 -7 -8
leaf_value=-0.12166340969213582 -0.077908371444065858 0.0039915962371920646 0.011552028136719478 0.077438853798846422 -0.091699225638593673 -0.010131350747292291 0.057415942113694128
leaf_weight=201 303 2215 1127 1007 972 1177 1046
leaf_count=201 303 2215 1127 1007 972 1177 1046
internal_value=0.00124509 0.0270056 -0.0326109 0.0345363 -0.0537699 -0.0267809 0.0211897
internal_weight=8048 4571 3477 4268 2350 1378 3261
internal_count=8048 4571 3477 4268 2350 1378 3261
is_linear=0
shrinkage=0.02


Tree=166
num_leaves=8
num_cat=0
split_feature=40 34 40 34 44 40 16
split_gain=16371.4 13226.9 8500.51 6965.05 6410.33 5069.61 3820.26
threshold=54.935000000000009 2.5000000000000004 17.080000000000002 1.0000000180025095e-35 1.0000000180025095e-35 81.645000000000024 0.38165000000000004
decision_type=2 2 2 2 2 2 2
left_child=1 2 -1 -4 -5 -2 -6
right_child=5 -3 3 4 6 -7 -8
leaf_value=-0.14281891428111002 0.02354526986932334 0.032830403513863897 -0.11349146544167192 -0.079794851895614846 -0.050277060499171647 0.094557505793097671 0.008325576823288142
leaf_weight=311 2731 1205 384 622 604 468 1648
leaf_count=311 2731 1205 384 622 604 468 1648
internal_value=-0.000914582 -0.0243654 -0.0436953 -0.0340288 -0.023233 0.0340654 -0.00746857
internal_weight=7973 4774 3569 3258 2874 3199 2252
internal_count=7973 4774 3569 3258 2874 3199 2252
is_linear=0
shrinkage=0.02


Tree=167
num_leaves=8
num_cat=0
split_feature=64 66 16 44 64 66 46
split_gain=15052.9 10551.7 11315 6829.55 4410.72 3862.85 3514.63
threshold=1.5000000000000002 0.56250000000000011 0.50155000000000005 1.0000000180025095e-35 4.5000000000000009 1.0000000180025095e-35 7.5000000000000009
decision_type=2 2 2 2 2 2 2
left_child=6 2 3 -2 -5 -4 -1
right_child=1 -3 5 4 -6 -7 -8
leaf_value=-0.12915342092865481 -0.08781064491492406 0.074614213050976486 -0.065785943714611106 -0.021098163238142141 0.06666029444966183 0.031566177734379211 -0.0047073070978537043
leaf_weight=419 593 814 168 2634 246 2938 116
leaf_count=419 593 814 168 2634 246 2938 116
internal_value=-0.00052444 0.00691677 -0.00150954 -0.0262959 -0.0134996 0.0262032 -0.102464
internal_weight=7928 7393 6579 3473 2880 3106 535
internal_count=7928 7393 6579 3473 2880 3106 535
is_linear=0
shrinkage=0.02


Tree=168
num_leaves=8
num_cat=0
split_feature=31 40 40 41 42 41 33
split_gain=17965.8 11324 7781.96 5378.95 4814.18 4473.98 4436.69
threshold=1.0000000180025095e-35 51.035000000000004 8.9700000000000024 82.410000000000011 15.815000000000003 63.675000000000004 4.5000000000000009
decision_type=2 2 2 2 2 2 2
left_child=1 4 -2 -3 -1 6 -4
right_child=2 3 5 -5 -6 -7 -8
leaf_value=-0.17037194578492709 -0.14285492712927755 -0.0078505261650182838 0.0081233146777805985 0.12508522636064326 -0.059459320128501442 0.06302385893245871 0.072378445394645774
leaf_weight=172 102 1435 2836 128 1520 1190 502
leaf_count=172 102 1435 2836 128 1520 1190 502
internal_value=0.000545313 -0.0354294 0.0258473 0.00340024 -0.0712029 0.029801 0.0178804
internal_weight=7885 3255 4630 1563 1692 4528 3338
internal_count=7885 3255 4630 1563 1692 4528 3338
is_linear=0
shrinkage=0.02


Tree=169
num_leaves=8
num_cat=0
split_feature=52 41 34 16 55 34 41
split_gain=15195.1 10278.4 10596.9 8321.45 5169.29 4929.7 3849.35
threshold=32.615000000000002 67.855000000000018 2.5000000000000004 0.5474500000000001 55.845000000000006 2.5000000000000004 38.945000000000007
decision_type=2 2 2 2 2 2 2
left_child=5 2 3 4 -2 6 -1
right_child=1 -3 -4 -5 -6 -7 -8
leaf_value=-0.11821075431088832 -0.027977086285583864 0.064266836480001532 0.049598722413320452 0.021391993379420996 -0.11520771208438714 0.0080833719566408262 -0.046870967085045047
leaf_weight=471 2072 1238 1289 1434 309 393 865
leaf_count=471 2072 1238 1289 1434 309 393 865
internal_value=-0.00164252 0.0126932 0.000133137 -0.0166232 -0.0395154 -0.0541112 -0.0723684
internal_weight=8071 6342 5104 3815 2381 1729 1336
internal_count=8071 6342 5104 3815 2381 1729 1336
is_linear=0
shrinkage=0.02


Tree=170
num_leaves=8
num_cat=0
split_feature=52 31 16 44 16 44 52
split_gain=15638.2 13115.9 6722.07 4860.88 3925.94 3641.87 3348.01
threshold=61.275000000000013 1.0000000180025095e-35 0.32955000000000007 1.0000000180025095e-35 0.72145000000000015 1.0000000180025095e-35 30.840000000000003
decision_type=2 2 2 2 2 2 2
left_child=1 2 -1 -3 6 -2 -4
right_child=5 3 4 -5 -6 -7 -8
leaf_value=-0.12906240757690299 -0.008711754310291097 -0.03987351814344671 -0.095284359051735809 0.01868722912202387 0.041368466078685724 0.05616856628241397 -0.03295788528442558
leaf_weight=397 428 712 460 2706 212 1776 1375
leaf_count=397 428 712 460 2706 212 1776 1375
internal_value=-0.00177914 -0.0188552 -0.0541834 0.00644808 -0.0393821 0.0435781 -0.0487984
internal_weight=8066 5862 2444 3418 2047 2204 1835
internal_count=8066 5862 2444 3418 2047 2204 1835
is_linear=0
shrinkage=0.02


Tree=171
num_leaves=8
num_cat=0
split_feature=41 41 65 34 44 44 41
split_gain=15593.8 8722.34 8810.7 7622.12 6784.62 6439.48 4050.4
threshold=34.985000000000007 68.705000000000013 0.22500000000000003 3.5000000000000004 1.0000000180025095e-35 1.0000000180025095e-35 17.840000000000003
decision_type=2 2 2 2 2 2 2
left_child=3 2 -2 4 -1 -4 -6
right_child=1 -3 5 -5 6 -7 -8
leaf_value=-0.13985142595027575 -0.080370746875904675 0.057353319582653141 -0.039913065596032658 0.071234816504620962 -0.11573356546037297 0.021193790424612974 -0.02464020973038409
leaf_weight=395 482 1372 852 169 244 3534 925
leaf_count=395 482 1372 852 169 244 3534 925
internal_value=-0.00183561 0.0129118 0.000340401 -0.0548209 -0.0686256 0.00929158 -0.0440656
internal_weight=7973 6240 4868 1733 1564 4386 1169
internal_count=7973 6240 4868 1733 1564 4386 1169
is_linear=0
shrinkage=0.02


Tree=172
num_leaves=8
num_cat=0
split_feature=52 64 41 33 40 43 45
split_gain=15297.1 11584.9 9441.65 5879.14 5471.74 4840.34 3706.45
threshold=53.57500000000001 3.5000000000000004 59.425000000000004 4.5000000000000009 11.365000000000002 1.0000000180025095e-35 1.0000000180025095e-35
decision_type=2 2 2 2 2 2 2
left_child=1 2 3 4 -1 -2 -6
right_child=5 -3 -4 -5 6 -7 -8
leaf_value=-0.19613012283602183 -0.010798771785902642 0.021376066363629948 0.011392623916242744 0.079830524642890865 -0.041300160717006477 0.047364029721710853 -0.096050878546725782
leaf_weight=131 739 1619 877 102 1194 2508 857
leaf_count=131 739 1619 877 102 1194 2508 857
internal_value=0.000660852 -0.0220864 -0.0443456 -0.0657259 -0.072697 0.0341302 -0.0643554
internal_weight=8027 4780 3161 2284 2182 3247 2051
internal_count=8027 4780 3161 2284 2182 3247 2051
is_linear=0
shrinkage=0.02


Tree=173
num_leaves=8
num_cat=0
split_feature=52 64 52 33 64 33 64
split_gain=15558.8 12166.2 5592.97 5422.68 4596.22 4126.34 3786.23
threshold=32.835000000000008 1.5000000000000002 68.485000000000014 4.5000000000000009 4.5000000000000009 4.5000000000000009 3.5000000000000004
decision_type=2 2 2 2 2 2 2
left_child=3 -2 4 6 5 -3 -1
right_child=1 2 -4 -5 -6 -7 -8
leaf_value=-0.082531859325448723 -0.088389820176820483 -0.00028465526973807788 0.059815012014172164 0.057042129635810852 0.07833868846066834 0.066258259335541789 -0.014136664586192321
leaf_weight=1138 416 3741 1279 162 383 409 455
leaf_count=1138 416 3741 1279 162 383 409 455
internal_value=0.0006309 0.0154581 0.0229607 -0.0518811 0.0125077 0.00634527 -0.0631019
internal_weight=7983 6228 5812 1755 4533 4150 1593
internal_count=7983 6228 5812 1755 4533 4150 1593
is_linear=0
shrinkage=0.02


Tree=174
num_leaves=8
num_cat=0
split_feature=41 33 33 42 41 40 33
split_gain=14804.1 8707.04 8045.64 6381.67 4981.96 4855.62 4081.09
threshold=36.045000000000009 1.5000000000000002 3.5000000000000004 10.480000000000002 74.365000000000023 78.055000000000021 4.5000000000000009
decision_type=2 2 2 2 2 2 2
left_child=2 5 3 -1 6 -2 -3
right_child=1 4 -4 -5 -6 -7 -8
leaf_value=-0.1937489629486587 -0.045595864266389778 0.010137046495375153 0.015453132575045577 -0.059595456331578638 0.075406138766057826 0.078125286046545825 0.06882901773394734
leaf_weight=158 1148 3567 536 1190 704 138 542
leaf_count=158 1148 3567 536 1190 704 138 542
internal_value=-0.00106606 0.0140763 -0.0499934 -0.0759776 0.0264263 -0.0320683 0.0179531
internal_weight=7983 6099 1884 1348 4813 1286 4109
internal_count=7983 6099 1884 1348 4813 1286 4109
is_linear=0
shrinkage=0.02


Tree=175
num_leaves=8
num_cat=0
split_feature=33 42 42 52 42 12 33
split_gain=14524.1 12355.6 7078.79 6545.69 5734.99 5161.43 4504.66
threshold=2.5000000000000004 39.915000000000006 79.600000000000009 63.135000000000012 9.1200000000000028 42.865000000000002 4.5000000000000009
decision_type=2 2 2 2 2 2 2
left_child=1 -1 5 4 -2 -3 -6
right_child=3 2 -4 -5 6 -7 -8
leaf_value=-0.08456989198515355 -0.12144009548333264 -0.051174739965440717 0.077208383026332886 0.066130430727071962 0.0029328673189646859 0.0097581074816919539 0.064974990809781627
leaf_weight=1153 124 1050 349 1081 2465 1173 573
leaf_count=1153 124 1050 349 1081 2465 1173 573
internal_value=-0.001523 -0.0303202 -0.00588379 0.0237645 0.00919923 -0.0190728 0.0147222
internal_weight=7968 3725 2572 4243 3162 2223 3038
internal_count=7968 3725 2572 4243 3162 2223 3038
is_linear=0
shrinkage=0.02


Tree=176
num_leaves=8
num_cat=0
split_feature=41 66 16 34 41 41 31
split_gain=14641.7 10296.8 7807.64 7752.51 4928.43 4223.91 4098.15
threshold=36.045000000000009 1.0000000180025095e-35 0.38535000000000003 1.5000000000000002 15.475000000000003 72.595000000000013 1.0000000180025095e-35
decision_type=2 2 2 2 2 2 2
left_child=3 -2 6 -1 -5 -4 -3
right_child=1 2 5 4 -6 -7 -8
leaf_value=-0.095196773068364438 -0.092023509510538809 -0.058021614512296753 0.02708758335821294 -0.10731306855273511 0.0071707583890367526 0.078119852241021179 0.0093749434896089959
leaf_weight=778 325 574 3558 176 887 792 955
leaf_count=778 325 574 3558 176 887 792 955
internal_value=0.00201812 0.0167196 0.0228042 -0.0474358 -0.0121979 0.036458 -0.016033
internal_weight=8045 6204 5879 1841 1063 4350 1529
internal_count=8045 6204 5879 1841 1063 4350 1529
is_linear=0
shrinkage=0.02


Tree=177
num_leaves=8
num_cat=0
split_feature=40 33 40 33 43 16 33
split_gain=14491.8 12178 8565.03 9404.99 9266.08 4583.56 4423.45
threshold=22.675000000000004 1.0000000180025095e-35 72.590000000000018 3.5000000000000004 1.0000000180025095e-35 0.49405000000000004 4.5000000000000009
decision_type=2 2 2 2 2 2 2
left_child=6 -2 3 4 -3 -6 -1
right_child=1 2 -4 -5 5 -7 -8
leaf_value=-0.096967231353220329 -0.10448747128584965 -0.060316236028734177 0.069899300572734066 0.04555170649238658 -0.016818503232406717 0.031574164952052966 0.063329835045032021
leaf_weight=691 349 1068 996 1748 1535 1588 73
leaf_count=691 349 1068 996 1748 1535 1588 73
internal_value=0.00123695 0.00994795 0.015778 0.0066504 -0.00960967 0.0077996 -0.0813387
internal_weight=8048 7284 6935 5939 4191 3123 764
internal_count=8048 7284 6935 5939 4191 3123 764
is_linear=0
shrinkage=0.02


Tree=178
num_leaves=8
num_cat=0
split_feature=52 31 44 66 16 40 66
split_gain=13218.5 8174.04 6047.25 4620.98 4615.27 4383.35 3936.35
threshold=45.045000000000009 1.0000000180025095e-35 1.0000000180025095e-35 0.18750000000000003 0.61365000000000014 43.535000000000004 0.31250000000000006
decision_type=2 2 2 2 2 2 2
left_child=1 -1 3 -2 6 -3 -4
right_child=2 5 4 -5 -6 -7 -8
leaf_value=-0.066159409694186849 -0.11257738989591598 -0.034873708546532635 -0.0069038700134509299 -0.0019911565645691631 0.072268365947225174 0.024466603140355751 0.04130382695207576
leaf_weight=1491 185 959 1226 740 882 1025 1506
leaf_count=1491 185 959 1226 740 882 1025 1506
internal_value=-0.00152784 -0.0308598 0.0209376 -0.0245947 0.0326094 -0.0042321 0.0196973
internal_weight=8014 3475 4539 925 3614 1984 2732
internal_count=8014 3475 4539 925 3614 1984 2732
is_linear=0
shrinkage=0.02


Tree=179
num_leaves=8
num_cat=0
split_feature=40 66 16 66 42 16 42
split_gain=14102.4 12205.7 6478.5 5878.1 7373.75 3874.49 3496.16
threshold=65.990000000000023 0.31250000000000006 0.50695000000000012 0.56250000000000011 12.335000000000003 0.36255000000000004 32.615000000000002
decision_type=2 2 2 2 2 2 2
left_child=1 2 6 4 -3 -6 -1
right_child=-2 3 -4 -5 5 -7 -8
leaf_value=-0.12415075843205595 0.0513720919188329 -0.12977037012220144 -0.011655566657627368 0.065649067152433724 -0.034799694402396358 0.021019699083373027 -0.054148002242982295
leaf_weight=382 1689 162 1336 650 656 2006 1162
leaf_count=382 1689 162 1336 650 656 2006 1162
internal_value=9.36445e-05 -0.0135667 -0.0439748 0.011669 -0.000849641 0.0072246 -0.0718122
internal_weight=8043 6354 2880 3474 2824 2662 1544
internal_count=8043 6354 2880 3474 2824 2662 1544
is_linear=0
shrinkage=0.02


Tree=180
num_leaves=8
num_cat=0
split_feature=41 52 31 44 41 40 40
split_gain=14396.4 10270.1 9322.56 6261.59 3767.5 3430.94 3064.83
threshold=20.030000000000005 55.695000000000007 1.0000000180025095e-35 1.0000000180025095e-35 55.555000000000007 25.625000000000004 81.645000000000024
decision_type=2 2 2 2 2 2 2
left_child=-1 2 3 -2 -4 -5 -3
right_child=1 6 4 5 -6 -7 -8
leaf_value=-0.10585395119841001 -0.11690285868106448 0.029542810174081259 -0.0075117302844971449 -0.1125521027257104 0.040511439519211878 -0.017053326792798047 0.10169807542557918
leaf_weight=485 387 2541 1613 164 1092 1403 256
leaf_count=485 387 2541 1613 164 1092 1403 256
internal_value=-0.000840735 0.00605655 -0.0121293 -0.045359 0.011914 -0.0273743 0.0363166
internal_weight=7941 7456 4659 1954 2705 1567 2797
internal_count=7941 7456 4659 1954 2705 1567 2797
is_linear=0
shrinkage=0.02


Tree=181
num_leaves=8
num_cat=0
split_feature=52 66 40 43 43 66 16
split_gain=12602.9 7351.67 6797.88 5876.59 4011.56 3832.14 3828.42
threshold=45.045000000000009 0.56250000000000011 21.625000000000004 1.0000000180025095e-35 1.0000000180025095e-35 0.31250000000000006 0.62015000000000009
decision_type=2 2 2 2 2 2 2
left_child=1 2 -1 5 -4 -2 -5
right_child=3 -3 4 6 -6 -7 -8
leaf_value=-0.11848826316599759 -0.060800402027416427 0.059134102090084489 -0.069628898841429129 0.022037326202875084 -0.013923793207707636 0.01590284145319916 0.072084780598237586
leaf_weight=377 493 331 692 2696 2018 543 789
leaf_count=377 493 331 692 2696 2018 543 789
internal_value=-0.000868372 -0.0298255 -0.0394443 0.0210328 -0.0282502 -0.0207145 0.0334551
internal_weight=7939 3418 3087 4521 2710 1036 3485
internal_count=7939 3418 3087 4521 2710 1036 3485
is_linear=0
shrinkage=0.02


Tree=182
num_leaves=8
num_cat=0
split_feature=34 42 12 42 34 42 42
split_gain=11818.7 8878.56 6554.01 5041.62 4209.77 4117.95 3117.63
threshold=1.5000000000000002 26.055000000000003 41.70000000000001 4.6300000000000017 3.5000000000000004 72.320000000000007 77.75500000000001
decision_type=2 2 2 2 2 2 2
left_child=1 -1 -3 -2 5 -5 -4
right_child=3 2 6 4 -6 -7 -8
leaf_value=-0.11427093319646009 -0.14262065190478768 -0.051060650574653164 -0.0023545843772455632 0.0045639230464597468 0.067555303886971049 0.062362271976237081 0.078359089373997909
leaf_weight=432 71 1336 1518 3203 675 578 214
leaf_count=432 71 1336 1518 3203 675 578 214
internal_value=-0.00233285 -0.0299099 -0.0178645 0.0189975 0.0217296 0.0134702 0.00781497
internal_weight=8027 3500 3068 4527 4456 3781 1732
internal_count=8027 3500 3068 4527 4456 3781 1732
is_linear=0
shrinkage=0.02


Tree=183
num_leaves=8
num_cat=0
split_feature=41 66 52 66 42 31 52
split_gain=12613.1 7547.3 6773.48 6695.79 5846.61 5027.39 4497
threshold=36.045000000000009 1.0000000180025095e-35 53.57500000000001 0.56250000000000011 9.1200000000000028 1.0000000180025095e-35 60.225000000000001
decision_type=2 2 2 2 2 2 2
left_child=3 -2 5 4 -1 -3 -6
right_child=1 2 -4 -5 6 -7 -8
leaf_value=-0.16548519322405691 -0.083291489451832415 -0.030713496215559181 0.04309661935868208 0.061666069154699264 -0.065220488839759103 0.019688604291148794 0.015085057634860278
leaf_weight=179 302 1313 2522 203 1136 1977 367
leaf_count=179 302 1313 2522 203 1136 1977 367
internal_value=-0.000568537 0.0133808 0.0184713 -0.0457289 -0.0588347 -0.000442359 -0.0456266
internal_weight=7999 6114 5812 1885 1682 3290 1503
internal_count=7999 6114 5812 1885 1682 3290 1503
is_linear=0
shrinkage=0.02


Tree=184
num_leaves=8
num_cat=0
split_feature=41 34 41 41 55 33 34
split_gain=13416.5 8762.63 5740.87 3998.2 3433.54 2891.07 2635.95
threshold=52.735000000000007 2.5000000000000004 20.030000000000005 72.595000000000013 48.495000000000012 1.0000000180025095e-35 3.5000000000000004
decision_type=2 2 2 2 2 2 2
left_child=1 2 -1 4 -2 -4 -3
right_child=3 6 5 -5 -6 -7 -8
leaf_value=-0.116788196955853 0.032013277820099911 0.0032483795073514426 -0.11137268080109997 0.061750168109736964 -0.016153596942466531 -0.02574519139488033 0.068788084760509099
leaf_weight=343 1693 727 163 1031 905 2756 366
leaf_count=343 1693 727 163 1031 905 2756 366
internal_value=0.000137034 -0.0235177 -0.0399251 0.0285173 0.0152358 -0.030709 0.0254082
internal_weight=7984 4355 3262 3629 2598 2919 1093
internal_count=7984 4355 3262 3629 2598 2919 1093
is_linear=0
shrinkage=0.02


Tree=185
num_leaves=8
num_cat=0
split_feature=44 52 40 16 31 31 41
split_gain=11391.7 8977.25 5330.09 5193.3 4992.19 3899.96 4140.97
threshold=1.0000000180025095e-35 32.615000000000002 21.625000000000004 0.46285000000000004 1.0000000180025095e-35 1.0000000180025095e-35 59.425000000000004
decision_type=2 2 2 2 2 2 2
left_child=2 -2 -1 5 -4 6 -3
right_child=1 3 4 -5 -6 -7 -8
leaf_value=-0.1474881932209246 -0.035135011144861381 -0.063530452581768745 -0.078901107467122769 0.04041655525561285 -0.0038928965368114055 0.021064385406357564 0.030769575410080654
leaf_weight=187 1347 583 603 2888 854 1312 269
leaf_count=187 1347 583 603 2888 854 1312 269
internal_value=-0.00141579 0.0106557 -0.0482921 0.0228875 -0.0350998 -0.000545526 -0.0337515
internal_weight=8043 6399 1644 5052 1457 2164 852
internal_count=8043 6399 1644 5052 1457 2164 852
is_linear=0
shrinkage=0.02


Tree=186
num_leaves=8
num_cat=0
split_feature=44 52 31 34 52 52 64
split_gain=12521.4 7585.88 6197.05 4886.76 4438.49 4292.13 2846.62
threshold=1.0000000180025095e-35 63.135000000000012 1.0000000180025095e-35 3.5000000000000004 47.905000000000008 32.345000000000006 1.5000000000000002
decision_type=2 2 2 2 2 2 2
left_child=3 2 5 4 -1 -2 -7
right_child=1 -3 -4 -5 -6 6 -8
leaf_value=-0.095651859812234369 -0.073085485427048014 0.0506574787268659 0.018792763207910838 0.062426042287916567 -0.026469701644662141 -0.10915281218834794 -0.00048976198478324086
leaf_weight=725 572 1553 2863 138 765 99 1326
leaf_count=725 572 1553 2863 138 765 99 1326
internal_value=-0.000327206 0.0122543 -5.68234e-05 -0.0497738 -0.0603395 -0.02706 -0.00839424
internal_weight=8041 6413 4860 1628 1490 1997 1425
internal_count=8041 6413 4860 1628 1490 1997 1425
is_linear=0
shrinkage=0.02


Tree=187
num_leaves=8
num_cat=0
split_feature=33 42 31 42 42 55 33
split_gain=10266.5 10574.9 7932.79 4784.25 4187.71 3292.86 2733.21
threshold=3.5000000000000004 74.205000000000013 1.0000000180025095e-35 19.780000000000005 29.405000000000005 54.465000000000011 1.0000000180025095e-35
decision_type=2 2 2 2 2 2 2
left_child=1 2 3 -1 -4 6 -5
right_child=-2 -3 4 5 -6 -7 -8
leaf_value=-0.13940355520988879 0.03691569193169672 0.053474672997170798 -0.051152040161400202 -0.091058486042642092 0.013434710380892485 -0.095118452989174374 -0.02078695706716847
leaf_weight=214 2199 800 497 252 2002 374 1643
leaf_count=214 2199 800 497 252 2002 374 1643
internal_value=0.000182348 -0.0138078 -0.0246547 -0.049935 0.000513235 -0.0412088 -0.0303468
internal_weight=7981 5782 4982 2483 2499 2269 1895
internal_count=7981 5782 4982 2483 2499 2269 1895
is_linear=0
shrinkage=0.02


Tree=188
num_leaves=8
num_cat=0
split_feature=44 41 33 41 31 33 52
split_gain=13259.9 7275.36 7766.39 5614.78 5265.37 3807.74 3455.6
threshold=1.0000000180025095e-35 62.095000000000006 2.5000000000000004 15.475000000000003 1.0000000180025095e-35 1.0000000180025095e-35 38.885000000000012
decision_type=2 2 2 2 2 2 2
left_child=3 2 5 -1 -5 -2 -7
right_child=1 -3 -4 4 -6 6 -8
leaf_value=-0.21445522911846637 -0.10982092019032549 0.045279674900451213 0.021981531975851759 -0.087900145256970805 -0.012427160881541896 -0.057805572137530695 -0.0012273966813446441
leaf_weight=77 211 1816 2480 632 886 660 1232
leaf_count=77 211 1816 2480 632 886 660 1232
internal_value=-0.00140671 0.0114613 -0.00197389 -0.0529065 -0.0440348 -0.0302089 -0.0210643
internal_weight=7994 6399 4583 1595 1518 2103 1892
internal_count=7994 6399 4583 1595 1518 2103 1892
is_linear=0
shrinkage=0.02


Tree=189
num_leaves=8
num_cat=0
split_feature=52 41 64 55 64 41 33
split_gain=12024 8939.06 7542.84 5262.09 4528.41 4307.23 2713.46
threshold=60.695000000000007 48.485000000000007 4.5000000000000009 54.735000000000007 1.5000000000000002 18.610000000000003 3.5000000000000004
decision_type=2 2 2 2 2 2 2
left_child=1 2 3 5 -3 -1 -7
right_child=-2 4 -4 -5 -6 6 -8
leaf_value=-0.11049125989241634 0.040220396716593047 -0.088060017514363514 0.082614624020815999 -0.11371304688473734 0.016233009918092151 -0.038312942471279941 0.017830792407567301
leaf_weight=267 2291 172 184 411 2824 1480 445
leaf_count=267 2291 172 184 411 2824 1480 445
internal_value=0.00149371 -0.0138698 -0.0396185 -0.0484007 0.0101088 -0.0359238 -0.0253217
internal_weight=8074 5783 2787 2603 2996 2192 1925
internal_count=8074 5783 2787 2603 2996 2192 1925
is_linear=0
shrinkage=0.02


Tree=190
num_leaves=8
num_cat=0
split_feature=52 33 42 16 41 33 55
split_gain=10466.8 9137.8 7290.39 6029.78 3834.58 3581.37 2844.79
threshold=58.635000000000012 3.5000000000000004 17.990000000000006 0.54935000000000012 72.595000000000013 1.0000000180025095e-35 55.055000000000007
decision_type=2 2 2 2 2 2 2
left_child=1 2 -1 4 6 -5 -4
right_child=-2 -3 3 5 -6 -7 -8
leaf_value=-0.12394446450818214 0.032622328596510826 0.02593385304965402 -0.043191093100063215 -0.088877805619311523 0.02558330890436265 0.020501101256344328 -0.10989216303232274
leaf_weight=315 2532 1471 1742 128 278 1200 299
leaf_count=315 2532 1471 1742 128 278 1200 299
internal_value=-0.000923452 -0.0165728 -0.0323673 -0.0242987 -0.0437272 0.00966473 -0.0532073
internal_weight=7965 5433 3962 3647 2319 1328 2041
internal_count=7965 5433 3962 3647 2319 1328 2041
is_linear=0
shrinkage=0.02


Tree=191
num_leaves=8
num_cat=0
split_feature=44 52 34 43 55 42 52
split_gain=12911 7418.34 5734.6 4910.4 4079.31 3020.83 2843.39
threshold=1.0000000180025095e-35 32.615000000000002 3.5000000000000004 1.0000000180025095e-35 51.435000000000009 62.505000000000003 72.825000000000003
decision_type=2 2 2 2 2 2 2
left_child=2 -2 4 5 -1 -3 -6
right_child=1 3 -4 -5 6 -7 -8
leaf_value=-0.041439069840159978 -0.028657887559616766 -0.030151965059088293 0.072412711836131557 0.034793339083590252 -0.13524234397608151 0.044806486117509259 0.031948585388611776
leaf_weight=1083 1356 883 135 3869 352 279 44
leaf_count=1083 1356 883 135 3869 352 279 44
internal_value=9.01115e-06 0.0127873 -0.050441 0.0239753 -0.061861 -0.0120393 -0.116499
internal_weight=8001 6387 1614 5031 1479 1162 396
internal_count=8001 6387 1614 5031 1479 1162 396
is_linear=0
shrinkage=0.02


Tree=192
num_leaves=8
num_cat=0
split_feature=44 52 33 43 41 33 42
split_gain=10697.8 7499.59 5665.45 4269.08 4021.53 5322.04 3557.55
threshold=1.0000000180025095e-35 33.375000000000007 3.5000000000000004 1.0000000180025095e-35 67.365000000000023 1.5000000000000002 61.685000000000009
decision_type=2 2 2 2 2 2 2
left_child=2 6 3 -1 5 -3 -2
right_child=1 4 -4 -5 -6 -7 -8
leaf_value=-0.12985524310179319 -0.046723164956975316 -0.034780477074529588 0.016432901110920984 -0.045472524626569387 0.056487751228667886 0.023978261430259971 0.02772550338433085
leaf_weight=333 1120 762 411 862 1052 3145 329
leaf_count=333 1120 762 411 862 1052 3145 329
internal_value=-0.00139923 0.0101761 -0.0474734 -0.0694298 0.02187 0.0124885 -0.0297821
internal_weight=8014 6408 1606 1195 4959 3907 1449
internal_count=8014 6408 1606 1195 4959 3907 1449
is_linear=0
shrinkage=0.02


Tree=193
num_leaves=8
num_cat=0
split_feature=41 64 12 34 33 12 41
split_gain=11501.3 7687.96 5138.68 4439.85 4252.3 3759.93 3263.66
threshold=28.885000000000002 1.5000000000000002 59.515000000000008 3.5000000000000004 1.0000000180025095e-35 14.375000000000002 62.965000000000011
decision_type=2 2 2 2 2 2 2
left_child=3 -2 4 5 -3 -1 -6
right_child=1 2 -4 -5 6 -7 -8
leaf_value=-0.20346960891492483 -0.071817933279153423 -0.081896162725209651 0.043582334990489927 0.062745534312669882 -0.0035650240730701289 -0.060973222307978768 0.033237328337382077
leaf_weight=77 433 216 1786 103 3072 927 1399
leaf_count=77 433 216 1786 103 3072 927 1399
internal_value=-0.000316631 0.009289 0.0147658 -0.0600135 0.00375034 -0.0728558 0.00797489
internal_weight=8013 6906 6473 1107 4687 1004 4471
internal_count=8013 6906 6473 1107 4687 1004 4471
is_linear=0
shrinkage=0.02


Tree=194
num_leaves=8
num_cat=0
split_feature=40 64 65 52 33 40 12
split_gain=10110.9 7816.88 6024.69 5540.02 5354.89 4339.12 3901.09
threshold=46.225000000000001 4.5000000000000009 0.76388888888888895 65.310000000000016 1.5000000000000002 7.5900000000000007 47.345000000000006
decision_type=2 2 2 2 2 2 2
left_child=1 2 3 5 6 -1 -2
right_child=4 -3 -4 -5 -6 -7 -8
leaf_value=-0.16555210528965283 -0.05733202041063365 0.0796625097817832 0.065157349104327814 0.02224797294584584 0.030211120387431185 -0.047706076642118567 0.022526770244508096
leaf_weight=128 553 252 219 446 3571 2398 432
leaf_count=128 553 252 219 446 3571 2398 432
internal_value=-0.000707882 -0.0265527 -0.0350523 -0.0425335 0.0188309 -0.0539929 -0.0223708
internal_weight=7999 3443 3191 2972 4556 2526 985
internal_count=7999 3443 3191 2972 4556 2526 985
is_linear=0
shrinkage=0.02


Tree=195
num_leaves=8
num_cat=0
split_feature=40 16 34 12 40 66 41
split_gain=10676 8146.06 5933.89 4027.53 3767.32 3608.88 3102.57
threshold=18.925000000000004 0.50695000000000012 1.5000000000000002 63.305000000000007 71.345000000000013 0.56250000000000011 21.23
decision_type=2 2 2 2 2 2 2
left_child=5 2 4 -3 -2 -1 -4
right_child=1 3 6 -5 -6 -7 -8
leaf_value=-0.1022642469356868 -0.053429254826905463 0.018533723003589405 -0.077324596146899682 0.070590032619728155 0.031939832994134207 0.062966066266669604 0.01437213847689622
leaf_weight=479 1401 2648 153 764 239 56 2246
leaf_count=479 1401 2648 153 764 239 56 2246
internal_value=0.00132711 0.00754559 -0.0116701 0.0302762 -0.040929 -0.0845462 0.00837537
internal_weight=7986 7451 4039 3412 1640 535 2399
internal_count=7986 7451 4039 3412 1640 535 2399
is_linear=0
shrinkage=0.02


Tree=196
num_leaves=8
num_cat=0
split_feature=44 52 31 31 33 52 64
split_gain=10340.1 6491.75 6332.03 4442.11 3867.27 2972.27 2663.41
threshold=1.0000000180025095e-35 61.455000000000005 1.0000000180025095e-35 1.0000000180025095e-35 3.5000000000000004 82.050000000000011 4.5000000000000009
decision_type=2 2 2 2 2 2 2
left_child=3 2 4 -1 -2 -5 -4
right_child=1 -3 6 5 -6 -7 -8
leaf_value=-0.084726698363244049 -0.040047671207554501 0.043932916781406074 0.0095312078718118986 -0.025320424324589901 0.044252112064347322 0.13952228766420613 0.063080230861567388
leaf_weight=669 1669 1740 2267 915 246 41 440
leaf_count=669 1669 1740 2267 915 246 41 440
internal_value=-0.000441258 0.0110658 -0.00134146 -0.0453881 -0.0291315 -0.0175617 0.0183354
internal_weight=7987 6362 4622 1625 1915 956 2707
internal_count=7987 6362 4622 1625 1915 956 2707
is_linear=0
shrinkage=0.02


Tree=197
num_leaves=8
num_cat=0
split_feature=16 33 42 42 31 31 40
split_gain=9776.13 6747.81 6063.17 4321.15 4011.06 3874.05 3662.15
threshold=0.38705000000000006 1.0000000180025095e-35 17.205000000000002 69.845000000000013 1.0000000180025095e-35 1.0000000180025095e-35 77.095000000000013
decision_type=2 2 2 2 2 2 2
left_child=4 -2 -3 5 6 -4 -1
right_child=1 2 3 -5 -6 -7 -8
leaf_value=-0.080367983349287742 -0.079311139106825745 -0.063595644337891125 -0.010184203255646306 0.058554859685208682 -0.013781043602119587 0.029679531646225991 0.078028424880467351
leaf_weight=809 292 333 1585 1121 1307 2521 59
leaf_count=809 292 333 1585 1121 1307 2521 59
internal_value=0.000143576 0.0136008 0.0185472 0.0238361 -0.0360121 0.0142976 -0.0692162
internal_weight=8027 5852 5560 5227 2175 4106 868
internal_count=8027 5852 5560 5227 2175 4106 868
is_linear=0
shrinkage=0.02


Tree=198
num_leaves=8
num_cat=0
split_feature=41 33 16 42 52 64 41
split_gain=10364.1 8805.01 6683.34 5599.66 5190.31 4087.53 3536.13
threshold=20.030000000000005 1.5000000000000002 0.57745000000000013 79.600000000000009 63.135000000000012 4.5000000000000009 68.115000000000023
decision_type=2 2 2 2 2 2 2
left_child=-1 3 4 -2 5 6 -3
right_child=1 2 -4 -5 -6 -7 -8
leaf_value=-0.090782311974215393 -0.049451064930238646 -0.027163599504311624 0.049446408378728414 0.076728385381258216 0.041714834083474719 0.057629547401900502 0.033100211544545934
leaf_weight=468 1389 2382 1758 152 1039 319 461
leaf_count=468 1389 2382 1758 152 1039 319 461
internal_value=1.91902e-05 0.00574191 0.0167642 -0.0367972 0.00304504 -0.00970724 -0.0173507
internal_weight=7968 7500 5959 1541 4201 3162 2843
internal_count=7968 7500 5959 1541 4201 3162 2843
is_linear=0
shrinkage=0.02


Tree=199
num_leaves=8
num_cat=0
split_feature=40 44 34 41 40 34 55
split_gain=10485.6 8833.12 6515.93 3986.31 3251.88 3004.16 2732.87
threshold=59.065000000000005 1.0000000180025095e-35 1.5000000000000002 15.475000000000003 30.985000000000003 3.5000000000000004 51.435000000000009
decision_type=2 2 2 2 2 2 2
left_child=1 3 4 -1 -3 6 -5
right_child=-2 2 -4 5 -6 -7 -8
leaf_value=-0.1974571243173936 0.031916405974454394 -0.078622382717223382 0.017593981048328863 -0.04322578902473824 -0.016709330880804413 0.05596109536031018 -0.11553066263495872
leaf_weight=80 2555 452 2455 748 1334 87 292
leaf_count=80 2555 452 2455 748 1334 87 292
internal_value=-0.00147529 -0.0171502 -0.00353816 -0.0647666 -0.032554 -0.054517 -0.0639824
internal_weight=8003 5448 4241 1207 1786 1127 1040
internal_count=8003 5448 4241 1207 1786 1127 1040
is_linear=0
shrinkage=0.02


Tree=200
num_leaves=8
num_cat=0
split_feature=40 16 66 40 66 34 66
split_gain=8940.5 7833.63 5908.08 3910.12 3536.57 3429.26 3397.58
threshold=20.705000000000002 0.57745000000000013 0.18750000000000003 72.590000000000018 0.56250000000000011 3.5000000000000004 1.0000000180025095e-35
decision_type=2 2 2 2 2 2 2
left_child=4 2 -2 5 -1 -4 -3
right_child=1 6 3 -5 -6 -7 -8
leaf_value=-0.084981645593956795 -0.049513138034128143 -0.055070734887706987 -0.01051139616668296 0.054004640219946096 0.064698958098888398 0.050303244681369666 0.044587856764290786
leaf_weight=588 1008 142 3112 546 67 416 2140
leaf_count=588 1008 142 3112 546 67 416 2140
internal_value=0.00122422 0.00753955 -0.00628791 0.00445457 -0.0692967 -0.00327947 0.0382796
internal_weight=8019 7364 5082 4074 655 3528 2282
internal_count=8019 7364 5082 4074 655 3528 2282
is_linear=0
shrinkage=0.02


Tree=201
num_leaves=8
num_cat=0
split_feature=43 16 66 44 42 44 9
split_gain=9201.51 6845.89 5446.02 4106.77 3657.07 3490.11 3101.97
threshold=1.0000000180025095e-35 0.49545000000000006 0.31250000000000006 1.0000000180025095e-35 14.090000000000002 1.0000000180025095e-35 4.5000000000000009
decision_type=2 2 2 2 2 2 2
left_child=2 3 5 -2 -4 -1 -5
right_child=1 -3 4 6 -6 -7 -8
leaf_value=-0.14642792277065897 -0.053331978594157621 0.03376131683214488 -0.12618851519955529 -0.019281724937896233 0.0076110573620131652 -0.051930800093624829 0.025355821264601019
leaf_weight=196 648 2942 85 1241 883 761 1240
leaf_count=196 648 2942 85 1241 883 761 1240
internal_value=-0.000199671 0.0118848 -0.0382432 -0.00870543 -0.00472595 -0.0719449 0.00303418
internal_weight=7996 6071 1925 3129 968 957 2481
internal_count=7996 6071 1925 3129 968 957 2481
is_linear=0
shrinkage=0.02


Tree=202
num_leaves=8
num_cat=0
split_feature=33 40 16 41 16 43 52
split_gain=8402.23 8557.21 6029.96 3943.2 3347.84 3303.74 3069.51
threshold=2.5000000000000004 72.305000000000021 0.50695000000000012 15.475000000000003 0.50155000000000005 1.0000000180025095e-35 38.375000000000007
decision_type=2 2 2 2 2 2 2
left_child=1 2 5 -2 -5 -1 -4
right_child=3 -3 6 4 -6 -7 -8
leaf_value=-0.10489475759978957 -0.072879192973120829 0.051539024463674643 -0.045820775393950477 0.0071403953311263415 0.043585109333128216 -0.042406493003354577 0.015293503336187208
leaf_weight=474 173 538 486 2272 1811 1204 990
leaf_count=474 173 538 486 2272 1811 1204 990
internal_value=0.000204631 -0.0218581 -0.0344397 0.0193468 0.0233389 -0.0603173 -0.00491625
internal_weight=7948 3692 3154 4256 4083 1678 1476
internal_count=7948 3692 3154 4256 4083 1678 1476
is_linear=0
shrinkage=0.02


Tree=203
num_leaves=8
num_cat=0
split_feature=16 41 31 52 52 44 9
split_gain=10007.5 6735 5499.17 5080.3 4639.71 2973.69 2824.48
threshold=0.38705000000000006 14.405000000000003 1.0000000180025095e-35 45.760000000000012 53.175000000000004 1.0000000180025095e-35 12.500000000000002
decision_type=2 2 2 2 2 2 2
left_child=2 -2 4 5 -1 -3 -7
right_child=1 3 -4 -5 -6 6 -8
leaf_value=-0.11026865595507256 -0.10961852340197022 -0.050188220398392804 -0.011345267799449372 0.032298915919131956 -0.015943009944339712 -0.0030860988845161541 0.074656967576504044
leaf_weight=565 171 479 1303 3271 332 1767 204
leaf_count=565 171 479 1303 3271 332 1767 204
internal_value=-0.00132191 0.012271 -0.0376714 0.0160068 -0.0756385 -0.00576634 0.00512892
internal_weight=8092 5892 2200 5721 897 2450 1971
internal_count=8092 5892 2200 5721 897 2450 1971
is_linear=0
shrinkage=0.02


Tree=204
num_leaves=8
num_cat=0
split_feature=43 42 12 42 33 34 64
split_gain=8833.36 5680.45 5429.96 3702.57 3672.07 2550.05 2179.2
threshold=1.0000000180025095e-35 67.535000000000011 40.635000000000012 12.335000000000003 3.5000000000000004 1.5000000000000002 1.0000000180025095e-35
decision_type=2 2 2 2 2 2 2
left_child=1 4 3 -2 6 -5 -1
right_child=2 -3 -4 5 -6 -7 -8
leaf_value=-0.19792258388855877 -0.13307695242770329 0.042365299518726744 0.027460948253936274 -0.029621141582698806 -0.00019139862830309031 0.012403058278415988 -0.062696334580534877
leaf_weight=46 91 302 3557 1036 421 1293 1209
leaf_count=46 91 302 3557 1036 421 1293 1209
internal_value=-0.000374211 -0.0369555 0.0117526 -0.0113451 -0.0513319 -0.00631381 -0.0684186
internal_weight=7955 1978 5977 2420 1676 2329 1255
internal_count=7955 1978 5977 2420 1676 2329 1255
is_linear=0
shrinkage=0.02


Tree=205
num_leaves=8
num_cat=0
split_feature=44 52 66 43 40 31 40
split_gain=8814.74 6008.14 4800.25 4569.96 3973.87 3091.76 3477.55
threshold=1.0000000180025095e-35 32.615000000000002 0.56250000000000011 1.0000000180025095e-35 72.305000000000021 1.0000000180025095e-35 71.345000000000013
decision_type=2 2 2 2 2 2 2
left_child=2 5 4 -3 -1 6 -2
right_child=1 3 -4 -5 -6 -7 -8
leaf_value=-0.065095957135372362 -0.075891797627089114 -0.014602369497952045 0.062103696180882413 0.030534435368920566 0.044130620813866463 -0.00088455151551342136 0.097949990963234618
leaf_weight=1292 542 1165 154 3862 145 774 46
leaf_count=1292 542 1165 154 3862 145 774 46
internal_value=-0.000519714 0.00997583 -0.042566 0.0200699 -0.0539597 -0.0272176 -0.0615807
internal_weight=7980 6389 1591 5027 1437 1362 588
internal_count=7980 6389 1591 5027 1437 1362 588
is_linear=0
shrinkage=0.02


Tree=206
num_leaves=8
num_cat=0
split_feature=41 33 34 41 43 12 42
split_gain=8509.36 8926.38 5356.47 5648.18 4205.08 3009.21 2480.78
threshold=67.365000000000023 1.5000000000000002 3.5000000000000004 20.735000000000003 1.0000000180025095e-35 44.725000000000001 41.205000000000005
decision_type=2 2 2 2 2 2 2
left_child=1 5 3 -3 -5 -1 -7
right_child=-2 2 -4 4 -6 6 -8
leaf_value=-0.08518298171681099 0.042406253097797546 -0.080963741901223782 0.059011121447984406 -0.032928296301011052 0.012679615237678061 -0.07223447492045279 0.0079340325614957827
leaf_weight=692 1507 361 573 1084 3136 255 378
leaf_count=692 1507 361 573 1084 3136 255 378
internal_value=-0.000319492 -0.0102824 0.00163665 -0.00559637 0.000939114 -0.0564773 -0.0246743
internal_weight=7986 6479 5154 4581 4220 1325 633
internal_count=7986 6479 5154 4581 4220 1325 633
is_linear=0
shrinkage=0.02


Tree=207
num_leaves=8
num_cat=0
split_feature=43 33 42 33 12 44 42
split_gain=9547.84 4870.1 4419.64 4304.01 3734.33 3816 2790.43
threshold=1.0000000180025095e-35 1.0000000180025095e-35 79.155000000000015 2.5000000000000004 71.660000000000011 1.0000000180025095e-35 8.1000000000000014
decision_type=2 2 2 2 2 2 2
left_child=3 -2 4 -1 5 -3 -5
right_child=1 2 -4 6 -6 -7 -8
leaf_value=-0.067131607049930556 -0.06846088438063648 -0.031134777541120977 0.068888679389805113 -0.14987359654228644 0.054129791723477635 0.013770364355906752 -0.00082103229113437244
leaf_weight=993 277 961 578 48 683 3494 966
leaf_count=993 277 961 578 48 683 3494 966
internal_value=5.81974e-05 0.0127049 0.0166946 -0.0376431 0.0107617 0.00405971 -0.00857755
internal_weight=8000 5993 5716 2007 5138 4455 1014
internal_count=8000 5993 5716 2007 5138 4455 1014
is_linear=0
shrinkage=0.02


Tree=208
num_leaves=8
num_cat=0
split_feature=44 52 41 41 66 16 43
split_gain=8091.94 5915.82 5151.31 4223.67 4482.83 3977.45 2616.15
threshold=1.0000000180025095e-35 61.455000000000005 19.275000000000002 15.475000000000003 0.43750000000000006 0.39065000000000005 1.0000000180025095e-35
decision_type=2 2 2 2 2 2 2
left_child=3 2 -2 -1 6 -4 -5
right_child=1 -3 5 4 -6 -7 -8
leaf_value=-0.18252345736324788 -0.085331234395291874 0.041010040578044783 -0.027086463609238724 -0.10261923985876095 0.02416685684744654 0.015129718500617872 -0.034454928094868741
leaf_weight=75 276 1725 1247 309 401 3106 831
leaf_count=75 276 1725 1247 309 401 3106 831
internal_value=-0.000713642 0.0094552 -0.0023353 -0.0406026 -0.0331274 0.00301889 -0.0532985
internal_weight=7970 6354 4629 1616 1541 4353 1140
internal_count=7970 6354 4629 1616 1541 4353 1140
is_linear=0
shrinkage=0.02


Tree=209
num_leaves=8
num_cat=0
split_feature=16 33 12 43 46 33 47
split_gain=7377.23 5151.27 4764.12 3396.75 2739.72 2508.94 2292.13
threshold=0.50155000000000005 4.5000000000000009 41.945000000000007 1.0000000180025095e-35 2.5000000000000004 1.5000000000000002 6.5000000000000009
decision_type=2 2 2 2 2 2 2
left_child=1 2 4 -2 -1 -6 -4
right_child=3 -3 6 -5 5 -7 -8
leaf_value=-0.10706624081332798 -0.013565443040848404 0.043207452824128037 -0.024714492174974831 0.031000005050037013 -0.087648013041872752 -0.024260279184670806 0.016963955449990822
leaf_weight=287 899 480 1177 2825 324 1066 949
leaf_count=287 899 480 1177 2825 324 1066 949
internal_value=-0.00033559 -0.0182266 -0.0260271 0.0202378 -0.0511785 -0.0392967 -0.00611399
internal_weight=8007 4283 3803 3724 1677 1390 2126
internal_count=8007 4283 3803 3724 1677 1390 2126
is_linear=0
shrinkage=0.02


Tree=210
num_leaves=8
num_cat=0
split_feature=41 16 41 65 55 13 65
split_gain=8425.58 7550.48 4322.87 3561.94 3430.75 2905.02 2422.39
threshold=23.855000000000004 0.50455000000000017 72.595000000000013 0.69047619047619058 55.055000000000007 415.75000000000006 1.0000000180025095e-35
decision_type=2 2 2 2 2 2 2
left_child=5 2 3 4 -2 -1 -3
right_child=1 6 -4 -5 -6 -7 -8
leaf_value=-0.081630813350742737 -0.022343626696431827 -0.020580891968661939 0.040318046561241376 0.017778659790693829 -0.086922976665448445 0.040029721622881688 0.034140119150986747
leaf_weight=607 2215 359 528 734 383 87 3022
leaf_count=607 2215 359 528 734 383 87 3022
internal_value=0.00011012 0.00650699 -0.0126005 -0.021034 -0.0320127 -0.0662022 0.0283079
internal_weight=7935 7241 3860 3332 2598 694 3381
internal_count=7935 7241 3860 3332 2598 694 3381
is_linear=0
shrinkage=0.02


Tree=211
num_leaves=8
num_cat=0
split_feature=43 12 65 42 42 34 42
split_gain=8101.29 4693.57 4039.52 3628.36 2580.91 2367.17 2040.15
threshold=1.0000000180025095e-35 42.165000000000006 0.53571428571428581 12.335000000000003 60.115000000000009 1.0000000180025095e-35 48.210000000000008
decision_type=2 2 2 2 2 2 2
left_child=2 3 4 -2 -1 -5 -4
right_child=1 -3 6 5 -6 -7 -8
leaf_value=-0.080754938558711645 -0.12996037274912783 0.026924982574203535 -0.031090340896722118 -0.063635392825880488 -0.0084231386693906698 0.0022780640515408955 0.027325376866688563
leaf_weight=765 90 3451 534 236 267 2275 425
leaf_count=765 90 3451 534 236 267 2275 425
internal_value=0.000134715 0.0116501 -0.0348097 -0.00862946 -0.062172 -0.00403106 -0.00519479
internal_weight=8043 6052 1991 2601 1032 2511 959
internal_count=8043 6052 1991 2601 1032 2511 959
is_linear=0
shrinkage=0.02


Tree=212
num_leaves=8
num_cat=0
split_feature=41 16 34 40 52 52 40
split_gain=8592.43 6600.41 5379.46 3957.23 3421.06 3084.98 2931.16
threshold=20.030000000000005 0.51795000000000013 1.5000000000000002 71.345000000000013 81.355000000000004 71.02500000000002 29.540000000000003
decision_type=2 2 2 2 2 2 2
left_child=-1 2 3 4 -2 6 -3
right_child=1 5 -4 -5 -6 -7 -8
leaf_value=-0.080389882484260863 -0.056407390602501717 -0.034147919162449261 0.0086173073758348644 0.035172515726392337 0.071910130733184599 0.073562325683911856 0.026813063789634835
leaf_weight=485 1441 357 2475 257 84 484 2481
leaf_count=485 1441 357 2475 257 84 484 2481
internal_value=0.000780481 0.00602436 -0.0104596 -0.0369054 -0.0491275 0.0271319 0.019098
internal_weight=8064 7579 4257 1782 1525 3322 2838
internal_count=8064 7579 4257 1782 1525 3322 2838
is_linear=0
shrinkage=0.02


Tree=213
num_leaves=8
num_cat=0
split_feature=16 40 55 66 40 16 66
split_gain=8294.2 4603.53 3938.92 3533.43 3155.76 2786.97 2844.62
threshold=0.38705000000000006 20.705000000000002 55.055000000000007 0.56250000000000011 18.335000000000004 0.72825000000000006 1.0000000180025095e-35
decision_type=2 2 2 2 2 2 2
left_child=3 -2 5 4 -1 6 -3
right_child=1 2 -4 -5 -6 -7 -8
leaf_value=-0.1240662010876756 -0.052769494370036862 -0.051717795099852221 -0.022601935378733579 0.038629980986176232 -0.033814592617219356 0.072527542694929045 0.023550837071211989
leaf_weight=166 394 207 821 242 1779 439 3939
leaf_count=166 394 207 821 242 1779 439 3939
internal_value=0.000300223 0.0128162 0.0176406 -0.0328462 -0.0418157 0.0248633 0.0197351
internal_weight=7987 5800 5406 2187 1945 4585 4146
internal_count=7987 5800 5406 2187 1945 4585 4146
is_linear=0
shrinkage=0.02


Tree=214
num_leaves=8
num_cat=0
split_feature=16 34 42 34 42 16 42
split_gain=7013.93 5226.49 3882.14 3595.6 3412.58 3065.85 2669.58
threshold=0.36255000000000004 1.0000000180025095e-35 17.205000000000002 1.5000000000000002 80.415000000000006 0.57745000000000013 43.845000000000006
decision_type=2 2 2 2 2 2 2
left_child=3 4 -3 6 -2 -4 -1
right_child=1 2 5 -5 -6 -7 -8
leaf_value=-0.11338101204267037 -0.059954511486331297 -0.049556533358991149 0.0085641339945788583 -0.010888652394764154 0.1116880219824174 0.039991341289595486 -0.035672560530529279
leaf_weight=303 547 331 3250 1073 46 2008 432
leaf_count=303 547 331 3250 1073 46 2008 432
internal_value=0.000260263 0.0103975 0.0163975 -0.0343344 -0.0458174 0.0205926 -0.0682571
internal_weight=7990 6182 5589 1808 593 5258 735
internal_count=7990 6182 5589 1808 593 5258 735
is_linear=0
shrinkage=0.02


Tree=215
num_leaves=8
num_cat=0
split_feature=31 40 52 64 41 41 52
split_gain=7934.35 6615.39 4757.19 3959.44 3864.5 3409.64 3332.82
threshold=1.0000000180025095e-35 81.645000000000024 32.835000000000008 1.0000000180025095e-35 15.475000000000003 68.115000000000023 63.135000000000012
decision_type=2 2 2 2 2 2 2
left_child=1 2 -1 -4 -2 -5 -6
right_child=4 -3 3 5 6 -7 -8
leaf_value=-0.075235876287371328 -0.074518771035803691 0.087753136751055727 -0.18508940319581466 -0.023828162636045432 0.010047096554839199 0.041343827737840594 0.049742548797752251
leaf_weight=737 175 195 50 1990 3373 378 1126
leaf_count=737 175 195 50 1990 3373 378 1126
internal_value=-0.000420012 -0.0238917 -0.0309201 -0.0172854 0.0164105 -0.0133597 0.0200262
internal_weight=8024 3350 3155 2418 4674 2368 4499
internal_count=8024 3350 3155 2418 4674 2368 4499
is_linear=0
shrinkage=0.02


Tree=216
num_leaves=8
num_cat=0
split_feature=44 66 34 55 51 47 21
split_gain=7709.93 4523.77 3234.74 2870.41 2457.4 2365.59 2433.13
threshold=1.0000000180025095e-35 1.0000000180025095e-35 2.5000000000000004 54.905000000000008 32.095000000000006 7.5000000000000009 418573.90000000008
decision_type=2 2 2 2 2 2 10
left_child=2 -2 5 4 -3 -1 -7
right_child=1 3 -4 -5 -6 6 -8
leaf_value=-0.07324074422823916 -0.06133327113859581 0.009484605019822092 0.012317420140215241 -0.017756604429273994 0.037822508905041179 -0.03074601604372346 0.12533543422487045
leaf_weight=825 325 3150 384 920 2002 354 40
leaf_count=825 325 3150 384 920 2002 354 40
internal_value=0.000970993 0.0108043 -0.0381816 0.0147127 0.0205223 -0.0540748 -0.0135281
internal_weight=8000 6397 1603 6072 5152 1219 394
internal_count=8000 6397 1603 6072 5152 1219 394
is_linear=0
shrinkage=0.02


Tree=217
num_leaves=8
num_cat=0
split_feature=41 52 34 41 55 38 64
split_gain=8291.8 5876.55 5334.05 4876.02 3946.35 2841.36 2082.53
threshold=15.475000000000003 59.925000000000004 2.5000000000000004 72.595000000000013 55.055000000000007 23906.300000000003 1.5000000000000002
decision_type=2 2 2 2 2 8 2
left_child=-1 2 3 4 5 6 -2
right_child=1 -3 -4 -5 -6 -7 -8
leaf_value=-0.10648797013214789 -0.084672956831398472 0.029927099121593363 0.026547131715159239 0.037519579075088093 -0.076478139156647404 -0.037406752520273159 0.0077333256212160596
leaf_weight=283 100 2255 1317 518 559 1580 1371
leaf_count=283 100 2255 1317 518 559 1580 1371
internal_value=-0.00112522 0.0028138 -0.0084321 -0.0196105 -0.0278487 -0.0188283 0.0011859
internal_weight=7983 7700 5445 4128 3610 3051 1471
internal_count=7983 7700 5445 4128 3610 3051 1471
is_linear=0
shrinkage=0.02


Tree=218
num_leaves=8
num_cat=0
split_feature=44 33 40 57 12 41 29
split_gain=7263.31 5025.37 3934.09 3477.09 3399.49 3939.8 3052.06
threshold=1.0000000180025095e-35 1.0000000180025095e-35 30.690000000000001 34.005000000000003 66.475000000000009 23.855000000000004 1.0000000180025095e-35
decision_type=2 2 2 2 2 2 2
left_child=2 -2 -1 -4 5 -3 -5
right_child=1 4 3 6 -6 -7 -8
leaf_value=-0.09646102968728594 -0.067908071285131211 -0.051652829192204583 0.014092180247734206 -0.076528114824316151 0.044210120671539475 0.011748476862448082 0.020365759581327438
leaf_weight=352 314 424 594 506 1164 4553 172
leaf_count=352 314 424 594 506 1164 4553 172
internal_value=-1.0768e-05 0.00950611 -0.0377511 -0.0211902 0.0135165 0.00630078 -0.0519782
internal_weight=8079 6455 1624 1272 6141 4977 678
internal_count=8079 6455 1624 1272 6141 4977 678
is_linear=0
shrinkage=0.02


Tree=219
num_leaves=8
num_cat=0
split_feature=40 33 55 41 41 33 52
split_gain=7917.09 7174.65 5960.21 4907.53 3017.11 2946.85 3221.37
threshold=65.990000000000023 2.5000000000000004 54.735000000000007 15.475000000000003 82.410000000000011 5.5000000000000009 30.840000000000003
decision_type=2 2 2 2 2 2 2
left_child=1 2 4 -3 -1 6 -5
right_child=-2 3 -4 5 -6 -7 -8
leaf_value=-0.024314361860585474 0.038680826487476179 -0.091486011878307405 -0.097606988890627078 -0.030178101559047085 0.10722009047451947 0.090570324027968441 0.020461384861901081
leaf_weight=2363 1676 178 476 626 67 189 2467
leaf_count=2363 1676 178 476 626 67 189 2467
internal_value=7.25499e-05 -0.0101144 -0.0332551 0.00934109 -0.020475 0.0149403 0.0101802
internal_weight=8042 6366 2906 3460 2430 3282 3093
internal_count=8042 6366 2906 3460 2430 3282 3093
is_linear=0
shrinkage=0.02


Tree=220
num_leaves=8
num_cat=0
split_feature=44 52 41 66 43 55 65
split_gain=7086.82 4720.58 4185.6 4306.39 2980.36 2906.95 2594.01
threshold=1.0000000180025095e-35 32.615000000000002 35.225000000000001 0.18750000000000003 1.0000000180025095e-35 56.535000000000004 0.29166666666666669
decision_type=2 2 2 2 2 2 2
left_child=2 5 -1 -4 -3 6 -2
right_child=1 4 3 -5 -6 -7 -8
leaf_value=-0.090131553756950145 -0.10166424442424128 -0.0098432861725643861 -0.09283800347540222 0.0015252775760657433 0.026432180415664898 -0.10439257031213492 -0.0035857284405756895
leaf_weight=441 115 1184 239 933 3822 155 1071
leaf_count=441 115 1184 239 933 3822 155 1071
internal_value=-0.000593712 0.00892499 -0.0379607 -0.0180304 0.0178512 -0.0243393 -0.0134827
internal_weight=7960 6347 1613 1172 5006 1341 1186
internal_count=7960 6347 1613 1172 5006 1341 1186
is_linear=0
shrinkage=0.02


Tree=221
num_leaves=8
num_cat=0
split_feature=42 66 64 55 42 40 55
split_gain=6115.93 6692.81 4237.28 4373.8 4166.82 2236.91 2290.98
threshold=77.75500000000001 0.18750000000000003 4.5000000000000009 51.095000000000006 4.6300000000000017 30.425000000000004 54.735000000000007
decision_type=2 2 2 2 2 2 2
left_child=1 5 3 4 -3 -1 -7
right_child=-2 2 -4 -5 -6 6 -8
leaf_value=-0.097874959676889306 0.052528942545501105 -0.11972146038695708 0.059470587306898741 -0.032718441127857344 0.013028003356514216 -0.01912656041175681 -0.090874957240396931
leaf_weight=244 815 92 509 1282 3830 1017 212
leaf_count=244 815 92 509 1282 3830 1017 212
internal_value=0.000779955 -0.0051216 0.00468847 -0.000721678 0.00976557 -0.0430569 -0.0318211
internal_weight=8001 7186 5713 5204 3922 1473 1229
internal_count=8001 7186 5713 5204 3922 1473 1229
is_linear=0
shrinkage=0.02


Tree=222
num_leaves=8
num_cat=0
split_feature=43 66 47 52 66 34 42
split_gain=6649.16 4190.52 3539.46 3448.47 3085.34 2318.09 2182.03
threshold=1.0000000180025095e-35 1.0000000180025095e-35 4.5000000000000009 30.840000000000003 0.31250000000000006 3.5000000000000004 24.880000000000006
decision_type=2 2 2 2 2 2 2
left_child=2 -2 5 -3 -4 -1 -5
right_child=1 3 4 6 -6 -7 -8
leaf_value=-0.080718137674811716 -0.065843079065021723 -0.01996695312450671 -0.043893680470368283 -0.020852676006132883 0.016895637784945478 0.051048196683327357 0.024576288433185694
leaf_weight=627 280 1050 669 466 658 55 4233
leaf_count=627 280 1050 669 466 658 55 4233
internal_value=-0.001471 0.00903253 -0.0329362 0.0127333 -0.0138007 -0.0697976 0.0200537
internal_weight=8038 6029 2009 5749 1327 682 4699
internal_count=8038 6029 2009 5749 1327 682 4699
is_linear=0
shrinkage=0.02


Tree=223
num_leaves=8
num_cat=0
split_feature=42 31 33 42 12 12 34
split_gain=5882.77 6889.7 3648.57 2973.66 2712.15 2648.24 2227.12
threshold=81.935000000000016 1.0000000180025095e-35 3.5000000000000004 20.675000000000004 44.045000000000009 41.945000000000007 2.5000000000000004
decision_type=2 2 2 2 2 2 2
left_child=1 2 3 -1 -5 6 -3
right_child=-2 5 -4 4 -6 -7 -8
leaf_value=-0.10244657869728244 0.062079992048194879 -0.021427568070570332 0.029073945381497289 -0.051302522784683585 -0.0088861887338981278 0.025093264493530616 0.025099267614932017
leaf_weight=240 567 1265 393 1150 1267 2495 604
leaf_count=240 567 1265 393 1150 1267 2495 604
internal_value=0.000279205 -0.00448578 -0.0275239 -0.0359343 -0.029132 0.0116287 -0.00636476
internal_weight=7981 7414 3050 2657 2417 4364 1869
internal_count=7981 7414 3050 2657 2417 4364 1869
is_linear=0
shrinkage=0.02


Tree=224
num_leaves=8
num_cat=0
split_feature=16 12 31 44 9 66 10
split_gain=7186.55 4291.19 3882.17 3492.24 2315.41 2280.24 2249.83
threshold=0.38705000000000006 68.410000000000011 1.0000000180025095e-35 1.0000000180025095e-35 4.5000000000000009 0.56250000000000011 19100.500000000004
decision_type=2 2 2 2 2 2 2
left_child=2 3 -1 5 -5 -2 -4
right_child=1 -3 6 4 -6 -7 -8
leaf_value=-0.063960208951992364 -0.040733517395150839 0.048904447069900971 -0.053554950779562155 -0.00040446339510431312 0.031292249060687845 0.059844867731675064 0.0065009824791283921
leaf_weight=878 877 986 334 2412 1487 96 942
leaf_count=878 877 986 334 2412 1487 96 942
internal_value=-0.000521821 0.0109657 -0.0317163 0.0032454 0.0117086 -0.0305548 -0.00936667
internal_weight=8012 5858 2154 4872 3899 973 1276
internal_count=8012 5858 2154 4872 3899 973 1276
is_linear=0
shrinkage=0.02


Tree=225
num_leaves=8
num_cat=0
split_feature=40 33 52 64 64 45 42
split_gain=6790.68 6478.2 6216.8 4563.17 3259.27 2599.59 2114.28
threshold=63.645000000000003 4.5000000000000009 30.840000000000003 1.5000000000000002 4.5000000000000009 1.0000000180025095e-35 30.335000000000004
decision_type=2 2 2 2 2 2 2
left_child=1 2 -1 -4 5 -5 -7
right_child=-2 -3 3 4 -6 6 -8
leaf_value=-0.058776881796295977 0.031353846201608603 0.049840693831847804 -0.076022461424488305 0.013775359207898975 0.069787065179392635 -0.062213562241992454 -0.010342237723684297
leaf_weight=1170 2015 622 344 1599 242 384 1653
leaf_count=1170 2015 622 344 1599 242 384 1653
internal_value=-0.000376552 -0.0110251 -0.018086 -0.00675355 -0.000519038 -0.00528779 -0.020249
internal_weight=8029 6014 5392 4222 3878 3636 2037
internal_count=8029 6014 5392 4222 3878 3636 2037
is_linear=0
shrinkage=0.02


Tree=226
num_leaves=8
num_cat=0
split_feature=42 42 34 44 33 31 52
split_gain=6013.63 5074.29 5280.62 5205.6 4051.44 3340.85 2388.76
threshold=17.205000000000002 80.790000000000006 2.5000000000000004 1.0000000180025095e-35 4.5000000000000009 1.0000000180025095e-35 73.965000000000018
decision_type=2 2 2 2 2 2 2
left_child=4 2 3 -2 -1 6 -5
right_child=1 -3 -4 5 -6 -7 -8
leaf_value=-0.084856839012314375 -0.050153894379158168 0.058327205694152846 0.030435763821747144 -0.027044293325946128 0.095013777864606755 0.017104623395256625 0.039955432792136703
leaf_weight=458 1038 644 1691 1737 52 2148 238
leaf_count=458 1038 644 1691 1737 52 2148 238
internal_value=0.000338813 0.00487764 -0.000184803 -0.0102374 -0.0657727 -0.000139471 -0.0188899
internal_weight=8006 7496 6852 5161 510 4123 1975
internal_count=8006 7496 6852 5161 510 4123 1975
is_linear=0
shrinkage=0.02


Tree=227
num_leaves=8
num_cat=0
split_feature=16 42 64 66 42 64 15
split_gain=5930.9 4113.57 3250.69 2732.45 2781.23 2458.38 1962.77
threshold=0.50035000000000007 38.655000000000008 4.5000000000000009 1.0000000180025095e-35 9.1200000000000028 1.5000000000000002 1.5000000000000002
decision_type=2 2 2 2 2 2 2
left_child=1 2 6 -2 -5 -3 -1
right_child=3 5 -4 4 -6 -7 -8
leaf_value=-0.03853899994724809 -0.048042451652767354 -0.078628041492406681 0.077792897870741701 -0.080295555686006465 0.02631637291119732 0.0025224029813098775 -0.098884181655943398
leaf_weight=1006 224 153 78 96 3432 2715 275
leaf_count=1006 224 153 78 96 3432 2715 275
internal_value=0.000699125 -0.0155378 -0.0441303 0.018988 0.0233058 -0.00193606 -0.0518278
internal_weight=7979 4227 1359 3752 3528 2868 1281
internal_count=7979 4227 1359 3752 3528 2868 1281
is_linear=0
shrinkage=0.02


Tree=228
num_leaves=8
num_cat=0
split_feature=43 34 42 33 55 42 9
split_gain=6463.51 4472.12 3672.25 3448.35 2849.97 3098.89 2793.17
threshold=1.0000000180025095e-35 3.5000000000000004 11.455000000000002 1.0000000180025095e-35 55.055000000000007 35.185000000000009 3.5000000000000004
decision_type=2 2 2 2 2 2 2
left_child=1 2 -1 -2 6 -6 -5
right_child=3 -3 -4 4 5 -7 -8
leaf_value=-0.14262609549394742 -0.055950084671845417 0.068656555527273344 -0.030893136354630035 0.005455795874415548 -0.083251384248676369 0.0034821502022829428 0.035684107965350986
leaf_weight=122 282 165 1713 2374 214 664 2521
leaf_count=122 282 165 1713 2374 214 664 2521
internal_value=0.00144428 -0.0296839 -0.0386891 0.0117421 0.0150943 -0.0180096 0.0210444
internal_weight=8055 2000 1835 6055 5773 878 4895
internal_count=8055 2000 1835 6055 5773 878 4895
is_linear=0
shrinkage=0.02


Tree=229
num_leaves=8
num_cat=0
split_feature=16 40 34 42 44 66 52
split_gain=6279.19 4221.11 3514.62 3001.43 2880.16 2723.8 2874.4
threshold=0.36255000000000004 20.080000000000002 1.0000000180025095e-35 80.415000000000006 1.0000000180025095e-35 0.56250000000000011 31.455000000000002
decision_type=2 2 2 2 2 2 2
left_child=5 -2 3 -3 -4 6 -1
right_child=1 2 4 -5 -6 -7 -8
leaf_value=-0.09106515932443171 -0.050241406710861726 -0.048422414031159322 -0.010219568534931141 0.11924967080988783 0.027014995331307096 0.037727846673341711 -0.026412972992587665
leaf_weight=353 425 488 1032 42 4213 193 1221
leaf_count=353 425 488 1032 42 4213 193 1221
internal_value=0.000748459 0.0102305 0.0147204 -0.0341449 0.019686 -0.0324568 -0.0411549
internal_weight=7967 6200 5775 530 5245 1767 1574
internal_count=7967 6200 5775 530 5245 1767 1574
is_linear=0
shrinkage=0.02


Tree=230
num_leaves=8
num_cat=0
split_feature=52 43 40 41 33 9 41
split_gain=6729.55 4090.39 3340.6 2767.38 2620.15 2385.43 2406.82
threshold=32.835000000000008 1.0000000180025095e-35 58.645000000000003 78.865000000000023 4.5000000000000009 3.5000000000000004 14.405000000000003
decision_type=2 2 2 2 2 2 2
left_child=2 3 4 -2 -1 6 -3
right_child=1 5 -4 -5 -6 -7 -8
leaf_value=-0.058055990870550751 -0.026594195448733992 -0.12696019050478935 0.019065790599857239 0.08909507232633504 0.041847060212287408 0.032289198317875203 0.0069118441660335666
leaf_weight=1259 1412 50 351 83 111 2346 2308
leaf_count=1259 1412 50 351 83 111 2346 2308
internal_value=-0.000841452 0.00887695 -0.0357712 -0.0198957 -0.0498389 0.0180327 0.00381053
internal_weight=7920 6199 1721 1495 1370 4704 2358
internal_count=7920 6199 1721 1495 1370 4704 2358
is_linear=0
shrinkage=0.02


Tree=231
num_leaves=8
num_cat=0
split_feature=16 52 33 64 16 33 52
split_gain=6561.95 3272.17 2996.95 2781.22 2670.77 2674.8 2661.25
threshold=0.38535000000000003 67.205000000000013 5.5000000000000009 4.5000000000000009 0.72825000000000006 1.0000000180025095e-35 73.545000000000016
decision_type=2 2 2 2 2 2 2
left_child=3 2 4 6 5 -2 -1
right_child=1 -3 -4 -5 -6 -7 -8
leaf_value=-0.044535191189314566 -0.07164140694919939 0.041760794275385864 0.093831496279301319 0.04478171239296596 0.048802544472187209 0.000327978993824247 0.030152179041394479
leaf_weight=1724 213 1159 140 181 427 3937 211
leaf_count=1724 213 1159 140 181 427 3937 211
internal_value=0.000852047 0.0117281 0.00431244 -0.0293065 0.00147485 -0.00344764 -0.0363343
internal_weight=7992 5876 4717 2116 4577 4150 1935
internal_count=7992 5876 4717 2116 4577 4150 1935
is_linear=0
shrinkage=0.02


Tree=232
num_leaves=8
num_cat=0
split_feature=16 64 41 64 45 41 64
split_gain=6288.25 4850.95 3353.49 3984.02 3964.53 2513.54 2491.17
threshold=0.57745000000000013 1.5000000000000002 58.930000000000007 4.5000000000000009 1.0000000180025095e-35 23.250000000000004 3.5000000000000004
decision_type=2 2 2 2 2 2 2
left_child=1 -1 3 4 -3 -2 -6
right_child=5 2 -4 -5 6 -7 -8
leaf_value=-0.079330392775301906 -0.044330812673205912 0.00063319102812311795 0.016446445717719499 0.053167499160438877 -0.065136283026929476 0.032699847410670085 -0.017308756794865481
leaf_weight=389 179 1430 1703 286 989 2238 784
leaf_count=389 179 1430 1703 286 989 2238 784
internal_value=1.92388e-07 -0.0116698 -0.00652899 -0.0177509 -0.0241563 0.0269153 -0.0440957
internal_weight=7998 5581 5192 3489 3203 2417 1773
internal_count=7998 5581 5192 3489 3203 2417 1773
is_linear=0
shrinkage=0.02


Tree=233
num_leaves=8
num_cat=0
split_feature=41 31 52 44 42 52 41
split_gain=6977.55 6250.97 3854.38 3152.44 3516.24 2852.56 2844.17
threshold=67.365000000000023 1.0000000180025095e-35 71.75500000000001 1.0000000180025095e-35 17.990000000000006 63.135000000000012 15.475000000000003
decision_type=2 2 2 2 2 2 2
left_child=1 2 3 -1 -5 6 -3
right_child=-2 5 -4 4 -6 -7 -8
leaf_value=-0.086938913024946773 0.038100183492555818 -0.085541433646794299 0.028596837802065744 -0.12225573556213978 -0.021381567607849032 0.038736684278623694 0.0025184696517971616
leaf_weight=486 1547 150 355 146 1691 886 2739
leaf_count=486 1547 150 355 146 1691 886 2739
internal_value=2.2702e-05 -0.00912818 -0.0324696 -0.0418431 -0.0297089 0.00745136 -0.00219359
internal_weight=8000 6453 2678 2323 1837 3775 2889
internal_count=8000 6453 2678 2323 1837 3775 2889
is_linear=0
shrinkage=0.02


Tree=234
num_leaves=8
num_cat=0
split_feature=41 66 40 16 10 51 52
split_gain=5319.21 5789.24 5339.96 3970.71 3364.15 2617.93 2540.88
threshold=72.595000000000013 0.56250000000000011 18.925000000000004 0.57745000000000013 14569.450000000003 30.865000000000006 65.310000000000016
decision_type=2 2 2 2 2 2 2
left_child=1 2 -1 4 -4 -5 -6
right_child=-2 -3 3 5 6 -7 -8
leaf_value=-0.078909233177170565 0.039949223874252003 0.04472049707564546 -0.055852490552659888 -0.0021996496568947289 -0.02000073057753288 0.049112133153509312 0.023720546041704989
leaf_weight=472 1046 731 832 1118 2506 612 670
leaf_count=472 1046 731 832 1118 2506 612 670
internal_value=-0.00198521 -0.00832889 -0.0146045 -0.00925074 -0.0201742 0.0160415 -0.0107546
internal_weight=7987 6941 6210 5738 4008 1730 3176
internal_count=7987 6941 6210 5738 4008 1730 3176
is_linear=0
shrinkage=0.02


Tree=235
num_leaves=8
num_cat=0
split_feature=52 41 34 55 51 8 37
split_gain=6016.49 6164.22 5946.05 4150.66 2373.87 1971.3 1799.26
threshold=63.135000000000012 58.32500000000001 2.5000000000000004 54.735000000000007 29.395000000000003 54.410000000000004 1.0000000180025095e-35
decision_type=2 2 2 2 2 2 2
left_child=1 2 3 4 -1 -4 -6
right_child=-2 -3 5 -5 6 -7 -8
leaf_value=-0.046718984957109251 0.028002817458163506 0.016169778717189404 0.023788040915363559 -0.09382661796057104 -0.037172536955925629 -0.073282030969250789 0.014084237235126026
leaf_weight=1482 1935 2018 936 485 476 87 632
leaf_count=1482 1935 2018 936 485 476 87 632
internal_value=-0.00269054 -0.0124163 -0.0264957 -0.0403748 -0.030204 0.0152165 -0.00800389
internal_weight=8051 6116 4098 3075 2590 1023 1108
internal_count=8051 6116 4098 3075 2590 1023 1108
is_linear=0
shrinkage=0.02


Tree=236
num_leaves=8
num_cat=0
split_feature=16 41 34 52 34 41 34
split_gain=6083.7 4595.73 2996.95 2428.35 2664.78 2552.98 2190.46
threshold=0.50155000000000005 44.965000000000011 3.5000000000000004 70.035000000000011 2.5000000000000004 14.405000000000003 2.5000000000000004
decision_type=2 2 2 2 2 2 2
left_child=1 2 -1 4 5 -2 -3
right_child=3 6 -4 -5 -6 -7 -8
leaf_value=-0.050704539653366021 -0.10762039284975757 -0.01149541109484018 0.042404284683220529 0.054100213643107596 0.044663901619785354 0.0045790409109733692 0.029701014535472782
leaf_weight=1553 79 1880 148 612 709 2361 706
leaf_count=1553 79 1880 148 612 709 2361 706
internal_value=-0.000744752 -0.0170227 -0.0425028 0.0178077 0.0106797 0.000733701 -0.000212825
internal_weight=8048 4287 1701 3761 3149 2440 2586
internal_count=8048 4287 1701 3761 3149 2440 2586
is_linear=0
shrinkage=0.02


Tree=237
num_leaves=8
num_cat=0
split_feature=16 40 33 43 40 16 41
split_gain=5700.8 4322.36 4879.45 3666.05 2509.7 2455.74 2270.16
threshold=0.50455000000000017 71.345000000000013 2.5000000000000004 1.0000000180025095e-35 18.925000000000004 0.72145000000000015 15.475000000000003
decision_type=2 2 2 2 2 2 2
left_child=1 2 3 -1 -2 -6 -4
right_child=4 -3 6 -5 5 -7 -8
leaf_value=-0.095806363817374701 -0.049737886746482156 0.035519835033587049 -0.08919640644614038 -0.029906519114960031 0.014727959539107022 0.059830674359933361 0.0018250109756824059
leaf_weight=475 200 569 111 1166 2873 577 1985
leaf_count=475 200 569 111 1166 2873 577 1985
internal_value=-4.04423e-05 -0.0156192 -0.0234427 -0.0492148 0.0183344 0.0223469 -0.0031961
internal_weight=7956 4306 3737 1641 3650 3450 2096
internal_count=7956 4306 3737 1641 3650 3450 2096
is_linear=0
shrinkage=0.02


Tree=238
num_leaves=8
num_cat=0
split_feature=43 52 16 33 55 16 16
split_gain=5658.01 4171.68 3116.06 3308.59 2761.77 2761.05 2538.42
threshold=1.0000000180025095e-35 30.840000000000003 0.73735000000000006 3.5000000000000004 57.225000000000001 0.32955000000000007 0.68665000000000009
decision_type=2 2 2 2 2 2 2
left_child=2 4 3 -1 5 -2 -3
right_child=1 6 -4 -5 -6 -7 -8
leaf_value=-0.052726837348313634 -0.083973754442507223 0.011914521139178963 0.060190671417679822 0.0088999275885171154 -0.11424258536040784 0.0013776121968945977 0.056956117104696252
leaf_weight=1353 181 4315 138 467 120 819 562
leaf_count=1353 181 4315 138 467 120 819 562
internal_value=-0.00047669 0.00916371 -0.0299516 -0.0369328 -0.0255683 -0.0144119 0.0171579
internal_weight=7955 5997 1958 1820 1120 1000 4877
internal_count=7955 5997 1958 1820 1120 1000 4877
is_linear=0
shrinkage=0.02


Tree=239
num_leaves=8
num_cat=0
split_feature=16 41 64 52 9 57 43
split_gain=5594.16 4751.19 4502.25 3134.23 3285.26 2857.81 2749.39
threshold=0.50155000000000005 48.105000000000011 4.5000000000000009 59.07500000000001 3.5000000000000004 30.125000000000004 1.0000000180025095e-35
decision_type=2 2 2 2 2 2 2
left_child=1 2 3 4 -1 -3 -2
right_child=6 5 -4 -5 -6 -7 -8
leaf_value=-0.099315513103529138 -0.011625827253394115 0.032731951152724731 0.057109145335248995 -0.000962121087943883 -0.035992519366493128 -0.013199265943764929 0.028242447419142277
leaf_weight=550 910 895 180 453 824 1357 2851
leaf_count=550 910 895 180 453 824 1357 2851
internal_value=0.000831251 -0.0148574 -0.0371935 -0.0466149 -0.0616083 0.005087 0.0185934
internal_weight=8020 4259 2007 1827 1374 2252 3761
internal_count=8020 4259 2007 1827 1374 2252 3761
is_linear=0
shrinkage=0.02


Tree=240
num_leaves=8
num_cat=0
split_feature=43 47 12 34 31 10 52
split_gain=4968.28 3381.69 3286.01 2579.12 2494.46 2113.82 2058.56
threshold=1.0000000180025095e-35 4.5000000000000009 59.07500000000001 3.5000000000000004 1.0000000180025095e-35 12878.85 32.615000000000002
decision_type=2 2 2 2 2 2 2
left_child=1 3 4 -1 6 -3 -2
right_child=2 5 -4 -5 -6 -7 -8
leaf_value=-0.07481346640045082 -0.052165455244529223 -0.053656504129244623 0.03427508435720842 0.058083498563730351 0.014740076389162235 0.0070004852478563672 -0.0035403462065606872
leaf_weight=599 464 292 1737 61 2483 1012 1356
leaf_count=599 464 292 1737 61 2483 1012 1356
internal_value=0.0021134 -0.0254801 0.0110995 -0.0621862 0.00171525 -0.00673529 -0.016046
internal_weight=8004 1964 6040 660 4303 1304 1820
internal_count=8004 1964 6040 660 4303 1304 1820
is_linear=0
shrinkage=0.02


Tree=241
num_leaves=8
num_cat=0
split_feature=52 40 40 16 9 42 52
split_gain=6821.43 3442.76 3258.06 3182.75 2784.34 3006.29 2359.95
threshold=32.615000000000002 81.645000000000024 58.645000000000003 0.72825000000000006 4.5000000000000009 17.205000000000002 82.050000000000011
decision_type=2 2 2 2 2 2 2
left_child=2 3 -1 4 5 -2 -6
right_child=1 -3 -4 -5 6 -7 -8
leaf_value=-0.049895613026390138 -0.091208626608448945 0.063526853220663732 0.017768661659057407 0.05945321269743236 0.012609586804580977 -0.0060715783167698129 0.094111482957868198
leaf_weight=1330 171 437 359 404 2237 2912 147
leaf_count=1330 171 437 359 404 2237 2912 147
internal_value=0.00013303 0.00969545 -0.0355035 0.00563793 0.0016104 -0.0109338 0.0178215
internal_weight=7997 6308 1689 5871 5467 3083 2384
internal_count=7997 6308 1689 5871 5467 3083 2384
is_linear=0
shrinkage=0.02


Tree=242
num_leaves=8
num_cat=0
split_feature=44 41 33 12 33 41 9
split_gain=5365.68 3619.53 3656.19 2953.47 2631 2444 2466.21
threshold=1.0000000180025095e-35 15.475000000000003 1.5000000000000002 78.085000000000022 1.0000000180025095e-35 73.915000000000006 4.5000000000000009
decision_type=2 2 2 2 2 2 2
left_child=1 -1 -3 4 -2 6 -6
right_child=3 2 -4 -5 5 -7 -8
leaf_value=-0.15655319311980451 -0.052504749162979064 -0.084019571877118338 -0.0091130485245805911 0.053417748705396111 -0.010067742660720289 0.04306602370143825 0.018585351097811575
leaf_weight=84 306 327 1220 525 2767 666 2116
leaf_count=84 306 327 1220 525 2767 666 2116
internal_value=-7.48176e-05 -0.0323907 -0.0251662 0.0082054 0.00410923 0.00727567 0.0023551
internal_weight=8011 1631 1547 6380 5855 5549 4883
internal_count=8011 1631 1547 6380 5855 5549 4883
is_linear=0
shrinkage=0.02


Tree=243
num_leaves=8
num_cat=0
split_feature=16 12 43 15 42 52 31
split_gain=6359.29 4304.66 3346.96 2515.86 2118.29 2092.95 2187.39
threshold=0.36255000000000004 77.385000000000005 1.0000000180025095e-35 1.5000000000000002 62.505000000000003 38.885000000000012 1.0000000180025095e-35
decision_type=2 2 2 2 2 2 2
left_child=3 2 4 -1 -2 6 -4
right_child=1 -3 5 -5 -6 -7 -8
leaf_value=-0.019330909143150509 -0.035229295145157935 0.064739831710438928 -0.03550668997077662 -0.076253669703499741 0.023706773520101726 0.023642939782916841 0.015666426133542063
leaf_weight=1392 1055 532 582 397 313 2935 771
leaf_count=1392 1055 532 582 397 313 2935 771
internal_value=0.00101813 0.0106226 0.00547971 -0.0321401 -0.0217074 0.0141684 -0.00639564
internal_weight=7977 6188 5656 1789 1368 4288 1353
internal_count=7977 6188 5656 1789 1368 4288 1353
is_linear=0
shrinkage=0.02


Tree=244
num_leaves=8
num_cat=0
split_feature=16 41 64 16 43 41 33
split_gain=5334.4 4349.2 3390.46 2650.54 2887.35 2530.29 2170
threshold=0.50155000000000005 58.930000000000007 4.5000000000000009 0.72825000000000006 1.0000000180025095e-35 20.030000000000005 3.5000000000000004
decision_type=2 2 2 2 2 2 2
left_child=1 2 5 4 -2 -1 -7
right_child=3 -3 -4 -5 -6 6 -8
leaf_value=-0.092161392544706663 -0.023000243477260023 0.01504450588276334 0.044805048402303309 0.057895429237235278 0.021619968034477428 -0.039006904263003184 0.0046407987613815305
leaf_weight=271 759 1345 229 562 2410 1810 607
leaf_count=271 759 1345 229 562 2410 1810 607
internal_value=0.000608565 -0.0146706 -0.0283742 0.0180586 0.0109137 -0.0346802 -0.0280584
internal_weight=7993 4262 2917 3731 3169 2688 2417
internal_count=7993 4262 2917 3731 3169 2688 2417
is_linear=0
shrinkage=0.02


Tree=245
num_leaves=8
num_cat=0
split_feature=16 34 41 44 31 57 9
split_gain=5041.05 3686.09 3368.08 3305.79 3257.07 2884.51 2427.84
threshold=0.32955000000000007 1.0000000180025095e-35 63.215000000000011 1.0000000180025095e-35 1.0000000180025095e-35 8.7700000000000014 4.5000000000000009
decision_type=2 2 2 2 2 2 2
left_child=4 2 -2 5 -1 -3 -5
right_child=1 3 -4 6 -6 -7 -8
leaf_value=-0.073718250805620208 -0.06596861167911372 0.093450241233645509 0.035488456423793523 0.0076903490461267153 -0.010065205722169446 -0.025364978791434602 0.036582135713353156
leaf_weight=529 470 83 177 2882 813 1163 1950
leaf_count=529 470 83 177 2882 813 1163 1950
internal_value=-1.95288e-05 0.00704922 -0.0381537 0.0118884 -0.035337 -0.0171085 0.0193757
internal_weight=8067 6725 647 6078 1342 1246 4832
internal_count=8067 6725 647 6078 1342 1246 4832
is_linear=0
shrinkage=0.02


Tree=246
num_leaves=8
num_cat=0
split_feature=44 12 16 16 51 66 16
split_gain=6328.18 3427.06 2722.35 2247.77 1897.4 1874.79 1943.63
threshold=1.0000000180025095e-35 38.400000000000006 0.53355000000000008 0.60815000000000008 74.030000000000015 0.18750000000000003 0.34815000000000007
decision_type=2 2 2 2 2 2 2
left_child=2 4 -1 -3 5 -2 -7
right_child=1 3 -4 -5 -6 6 -8
leaf_value=-0.054974462586090136 -0.045048202198083899 0.012254311293824956 -0.001858772640691233 0.046969526943371948 0.10879129087587572 -0.044881730183442201 0.007934935446131575
leaf_weight=998 531 3043 628 986 48 341 1428
leaf_count=998 531 3043 628 986 48 341 1428
internal_value=0.000629838 0.0096145 -0.0345285 0.0207977 -0.0095785 -0.0122795 -0.00234403
internal_weight=8003 6377 1626 4029 2348 2300 1769
internal_count=8003 6377 1626 4029 2348 2300 1769
is_linear=0
shrinkage=0.02


Tree=247
num_leaves=8
num_cat=0
split_feature=33 52 64 52 43 47 57
split_gain=4444.6 4578.32 3760.59 2524.94 2210.62 1653.88 1810.12
threshold=5.5000000000000009 32.835000000000008 1.0000000180025095e-35 67.205000000000013 1.0000000180025095e-35 3.5000000000000004 46.365000000000002
decision_type=2 2 2 2 2 2 2
left_child=1 5 -3 4 -4 -1 -7
right_child=-2 2 3 -5 -6 6 -8
leaf_value=-0.065914550495564661 0.081254092557247054 -0.16126273733598215 -0.025611339787317611 0.029477078967144913 0.0069637890196447899 -0.0054351995494032667 -0.058326991910631856
leaf_weight=431 252 49 1095 1434 3432 906 358
leaf_count=431 252 49 1095 1434 3432 906 358
internal_value=-0.000566341 -0.00329332 0.00489965 0.00639953 -0.000935113 -0.0322723 -0.0205864
internal_weight=7957 7705 6010 5961 4527 1695 1264
internal_count=7957 7705 6010 5961 4527 1695 1264
is_linear=0
shrinkage=0.02


Tree=248
num_leaves=8
num_cat=0
split_feature=40 41 34 43 41 51 16
split_gain=4541.11 3985.02 3974.82 3541.96 2721.51 2164.55 2015.26
threshold=11.365000000000002 81.220000000000013 2.5000000000000004 1.0000000180025095e-35 27.605000000000004 34.960000000000008 0.79410000000000014
decision_type=2 2 2 2 2 2 2
left_child=-1 2 3 6 -5 -6 -2
right_child=1 -3 -4 4 5 -7 -8
leaf_value=-0.083996100038761207 -0.042388189152816537 0.056957786647507155 0.02396615484286482 -0.047834419433137827 -0.005224394780130516 0.028217239647772542 0.083903936754982422
leaf_weight=248 1336 491 1818 434 2566 1103 48
leaf_count=248 1336 491 1818 434 2566 1103 48
internal_value=-0.000605272 0.00209963 -0.00162406 -0.0101169 -0.00077082 0.00485378 -0.0377219
internal_weight=8044 7796 7305 5487 4103 3669 1384
internal_count=8044 7796 7305 5487 4103 3669 1384
is_linear=0
shrinkage=0.02


Tree=249
num_leaves=8
num_cat=0
split_feature=42 55 51 33 12 42 44
split_gain=4642.73 4480.57 3172.18 2800.56 2723.1 2562.95 2469.95
threshold=9.1200000000000028 55.055000000000007 31.925000000000004 1.0000000180025095e-35 19.605000000000004 28.025000000000002 1.0000000180025095e-35
decision_type=2 2 2 2 2 2 2
left_child=-1 2 4 -4 -2 -3 -5
right_child=1 5 3 6 -6 -7 -8
leaf_value=-0.088526861594078382 -0.047643745947354842 -0.11081148847550541 -0.074086646566150383 -0.010791200282002643 0.002976624005771832 -0.022900319730861114 0.039473577602724463
leaf_weight=230 477 149 104 484 3596 994 1991
leaf_count=230 477 149 104 484 3596 994 1991
internal_value=-0.000940815 0.0016986 0.0079903 0.0253239 -0.00300281 -0.034793 0.0296421
internal_weight=8025 7795 6652 2579 4073 1143 2475
internal_count=8025 7795 6652 2579 4073 1143 2475
is_linear=0
shrinkage=0.02


Tree=250
num_leaves=8
num_cat=0
split_feature=16 12 42 65 16 15 42
split_gain=4776.42 3355.74 2051.36 2367.15 2044.17 2033.49 1942.58
threshold=0.39065000000000005 68.410000000000011 81.935000000000016 0.69047619047619058 0.61205000000000009 1.5000000000000002 9.1200000000000028
decision_type=2 2 2 2 2 2 2
left_child=5 2 3 6 -3 -1 -2
right_child=1 4 -4 -5 -6 -7 -8
leaf_value=-0.013996224791284591 -0.086968783907339739 0.023791582733363566 0.049531943277866058 0.029701384890283442 0.086224343459467473 -0.060622116996197954 -0.0044490004912230829
leaf_weight=1759 113 634 356 859 313 472 3491
leaf_count=1759 113 634 356 859 313 472 3491
internal_value=0.000842674 0.0104573 0.00367475 -3.44731e-05 0.0447712 -0.0239741 -0.00715323
internal_weight=7997 5766 4819 4463 947 2231 3604
internal_count=7997 5766 4819 4463 947 2231 3604
is_linear=0
shrinkage=0.02


Tree=251
num_leaves=8
num_cat=0
split_feature=44 33 52 52 42 33 33
split_gain=5029.54 3339.72 3011.82 2863.16 2851.66 2231.25 1979.18
threshold=1.0000000180025095e-35 1.5000000000000002 58.355000000000011 69.030000000000015 56.795000000000009 1.0000000180025095e-35 5.5000000000000009
decision_type=2 2 2 2 2 2 2
left_child=1 -1 5 4 -3 -2 -7
right_child=2 3 -4 -5 -6 6 -8
leaf_value=-0.089190428833106364 -0.062366654145666674 -0.050480158576643286 0.02715314778007483 0.051015177923368252 0.021026294156670188 -0.0015499706410946163 0.073190822435074118
leaf_weight=324 229 789 2042 200 307 3941 142
leaf_count=324 229 789 2042 200 307 3941 142
internal_value=-0.000849106 -0.0322502 0.0071759 -0.0177271 -0.030446 -0.00230506 0.00113573
internal_weight=7974 1620 6354 1296 1096 4312 4083
internal_count=7974 1620 6354 1296 1096 4312 4083
is_linear=0
shrinkage=0.02


Tree=252
num_leaves=8
num_cat=0
split_feature=33 41 41 55 10 52 52
split_gain=4679.25 4318.02 3260.7 3599.62 2781.45 1947.14 1874.59
threshold=1.0000000180025095e-35 15.475000000000003 72.595000000000013 48.495000000000012 19453.500000000004 63.135000000000012 75.930000000000021
decision_type=2 2 2 2 2 2 2
left_child=-1 -2 3 6 -5 -6 -3
right_child=1 2 -4 4 5 -7 -8
leaf_value=-0.069124682267539594 -0.073169315592903225 0.0074228215596962863 0.039592646576984095 -0.052686292050639169 -0.017800103460038658 0.033202458210289477 0.054266113718855501
leaf_weight=375 283 3683 982 699 1169 397 372
leaf_count=375 283 3683 982 699 1169 397 372
internal_value=-0.000636484 0.00279286 0.00578494 0.00050476 -0.0196657 -0.00480581 0.0117817
internal_weight=7960 7585 7302 6320 2265 1566 4055
internal_count=7960 7585 7302 6320 2265 1566 4055
is_linear=0
shrinkage=0.02


Tree=253
num_leaves=8
num_cat=0
split_feature=55 41 34 16 44 9 34
split_gain=4724.86 3871.03 3844.69 3381.31 3453.76 2761.17 2720.55
threshold=55.055000000000007 61.400000000000006 1.0000000180025095e-35 0.54935000000000012 1.0000000180025095e-35 4.5000000000000009 1.5000000000000002
decision_type=2 2 2 2 2 2 2
left_child=1 2 -1 4 -4 -6 -2
right_child=6 -3 3 -5 5 -7 -8
leaf_value=-0.058815995618221956 -0.068267568789318306 0.029895372191727075 -0.053093967478475855 0.026715730845074226 -0.020748609970960712 0.022740825991450817 -0.0083665755933110784
leaf_weight=448 567 1966 592 1500 1172 1154 649
leaf_count=448 567 1966 592 1500 1172 1154 649
internal_value=-0.000222908 0.00624919 -0.00332541 0.00236165 -0.0101819 0.000830332 -0.0364626
internal_weight=8048 6832 4866 4418 2918 2326 1216
internal_count=8048 6832 4866 4418 2918 2326 1216
is_linear=0
shrinkage=0.02


Tree=254
num_leaves=8
num_cat=0
split_feature=16 44 42 9 10 41 16
split_gain=4783.21 4409.11 3253.31 2738.48 2548.25 2680.21 2375.54
threshold=0.51795000000000013 1.0000000180025095e-35 10.480000000000002 10.500000000000002 19100.500000000004 47.785000000000004 0.77305000000000013
decision_type=2 2 2 2 2 2 2
left_child=1 -1 -2 4 5 -3 -4
right_child=2 3 6 -5 -6 -7 -8
leaf_value=-0.053528884211154412 -0.09008851166282382 -0.088483421945608362 0.014336004793500525 0.0304418836666005 -0.0027521227497313322 -0.011550024882407792 0.074383489421494697
leaf_weight=945 107 322 3055 695 2186 410 284
leaf_count=945 107 322 3055 695 2186 410 284
internal_value=-0.00175119 -0.0151875 0.0160171 -0.00509893 -0.0136015 -0.045763 0.019547
internal_weight=8004 4558 3446 3613 2918 732 3339
internal_count=8004 4558 3446 3613 2918 732 3339
is_linear=0
shrinkage=0.02


Tree=255
num_leaves=8
num_cat=0
split_feature=40 34 40 57 64 12 21
split_gain=4637.6 3922.23 3435.57 3428.21 2692.31 1949.44 1752.02
threshold=72.590000000000018 3.5000000000000004 8.9700000000000024 39.285000000000004 4.5000000000000009 68.410000000000011 207757.00000000003
decision_type=2 2 2 2 2 2 10
left_child=1 2 -1 5 6 -4 -5
right_child=-2 -3 3 4 -6 -7 -8
leaf_value=-0.099018190024154532 0.039874804184458705 0.043214832367132409 -0.0012751690328069445 -0.047077436644091329 0.04827171386961631 0.038315401793936492 -0.012694395024024125
leaf_weight=163 1053 608 2983 1239 182 592 1142
leaf_count=163 1053 608 2983 1239 182 592 1142
internal_value=0.000879789 -0.00508798 -0.00977941 -0.00733093 -0.0249603 0.00532516 -0.0306474
internal_weight=7962 6909 6301 6138 2563 3575 2381
internal_count=7962 6909 6301 6138 2563 3575 2381
is_linear=0
shrinkage=0.02


Tree=256
num_leaves=8
num_cat=0
split_feature=52 31 41 55 54 41 9
split_gain=5126.05 4214.89 3247.41 2008.57 1956.22 1950.05 1923.35
threshold=66.070000000000007 1.0000000180025095e-35 58.735000000000007 47.375000000000007 72.805000000000021 20.030000000000005 12.500000000000002
decision_type=2 2 2 2 2 2 2
left_child=1 2 3 4 -1 -5 -3
right_child=-2 6 -4 5 -6 -7 -8
leaf_value=0.046576353937275432 0.030654978294359338 -0.00089754681814364326 0.0043094628979562302 -0.17323525370973528 -0.03541223426282869 -0.057786902356785311 0.042144534959918573
leaf_weight=128 1618 3301 839 61 960 688 470
leaf_count=128 1618 3301 839 61 960 688 470
internal_value=-0.00111728 -0.00910872 -0.0282808 -0.0431368 -0.0255976 -0.0682757 0.00451572
internal_weight=8065 6447 2676 1837 1088 749 3771
internal_count=8065 6447 2676 1837 1088 749 3771
is_linear=0
shrinkage=0.02


Tree=257
num_leaves=8
num_cat=0
split_feature=31 44 52 55 33 14 12
split_gain=4628.06 3323.23 2596.45 2299.45 1934.44 1816.01 1585.75
threshold=1.0000000180025095e-35 1.0000000180025095e-35 66.865000000000023 48.895000000000003 3.5000000000000004 43.180000000000007 75.980000000000004
decision_type=2 2 2 2 2 2 2
left_child=1 6 4 -2 5 -3 -1
right_child=3 2 -4 -5 -6 -7 -8
leaf_value=-0.065975988425598667 0.023744326911298873 -0.019260080265474894 0.032662232875662126 -0.0060461441435215235 0.033109457940409037 -0.10830898221006098 0.042259650890807021
leaf_weight=611 3141 1767 528 1543 268 92 56
leaf_count=611 3141 1767 528 1543 268 92 56
internal_value=0.00113467 -0.0169072 -0.00683721 0.0139348 -0.016696 -0.0239457 -0.0566419
internal_weight=8006 3322 2655 4684 2127 1859 667
internal_count=8006 3322 2655 4684 2127 1859 667
is_linear=0
shrinkage=0.02


Tree=258
num_leaves=8
num_cat=0
split_feature=16 40 33 42 57 10 0
split_gain=4187.34 3189.65 3465.25 2126.02 2180.63 2056.38 2198.37
threshold=0.50155000000000005 80.490000000000023 3.5000000000000004 10.480000000000002 28.945000000000004 19100.500000000004 57.500000000000007
decision_type=2 2 2 2 2 2 2
left_child=1 2 5 4 -2 -1 -7
right_child=3 -3 -4 -5 -6 6 -8
leaf_value=-0.053436391120871375 0.029135872710425899 0.05660894868241291 0.010238755987683873 0.017788800316318895 -0.14604524797659654 -0.028490304617769264 0.025590753871996802
leaf_weight=977 48 239 1222 3677 60 1477 373
leaf_count=977 48 239 1222 3677 60 1477 373
internal_value=-0.000136012 -0.0136614 -0.0178739 0.0151846 -0.0703428 -0.0300226 -0.0175468
internal_weight=8073 4288 4049 3785 108 2827 1850
internal_count=8073 4288 4049 3785 108 2827 1850
is_linear=0
shrinkage=0.02


Tree=259
num_leaves=8
num_cat=1
split_feature=33 40 33 52 64 45 7
split_gain=4906.94 4603.94 2381.32 2256.18 2203.46 3306.16 2329.59
threshold=2.5000000000000004 71.715000000000018 5.5000000000000009 15.630000000000001 1.5000000000000002 1.0000000180025095e-35 0
decision_type=2 2 2 2 2 2 1
left_child=1 3 -2 -1 -5 -6 -7
right_child=2 -3 -4 4 5 6 -8
leaf_value=-0.093009483417366992 0.0088608348402454667 0.034261105219288185 0.072740234765674802 -0.070089060763758801 0.01048192649298531 -0.10572326740249992 -0.02647126060368446
leaf_weight=197 4025 550 243 356 1031 157 1398
leaf_count=197 4025 550 243 356 1031 157 1398
internal_value=-0.00201651 -0.0188966 0.0125787 -0.0282503 -0.0237635 -0.0172632 -0.0356335
internal_weight=7957 3689 4268 3139 2942 2586 1555
internal_count=7957 3689 4268 3139 2942 2586 1555
cat_boundaries=0 1
cat_threshold=32
is_linear=0
shrinkage=0.02


Tree=260
num_leaves=8
num_cat=0
split_feature=55 52 42 64 12 41 31
split_gain=4649.82 3271.57 3435.29 2424.29 2863.21 2219.31 2191.03
threshold=55.055000000000007 67.205000000000013 14.795000000000002 1.5000000000000002 19.605000000000004 41.735000000000007 1.0000000180025095e-35
decision_type=2 2 2 2 2 2 2
left_child=1 2 -1 -4 -5 6 -2
right_child=5 -3 3 4 -6 -7 -8
leaf_value=-0.063801608839945761 -0.12976940197271428 0.034942677226465414 -0.045354072607124832 -0.029828802222307299 0.013639451425720052 -0.016818930576360931 -0.034630973304250863
leaf_weight=317 163 1287 372 705 4145 809 241
leaf_count=317 163 1287 372 705 4145 809 241
internal_value=-0.00013457 0.00628438 -0.000399951 0.00350618 0.00729666 -0.0361339 -0.0741332
internal_weight=8039 6826 5539 5222 4850 1213 404
internal_count=8039 6826 5539 5222 4850 1213 404
is_linear=0
shrinkage=0.02


Tree=261
num_leaves=8
num_cat=0
split_feature=41 66 41 57 46 65 41
split_gain=4012.53 4135.62 3615.28 2584.3 1707.8 1651.4 1327.08
threshold=73.915000000000006 0.68750000000000011 18.610000000000003 33.805000000000007 1.5000000000000002 0.76388888888888895 43.845000000000006
decision_type=2 2 2 2 2 2 2
left_child=1 2 -1 4 -4 6 -5
right_child=-2 -3 3 5 -6 -7 -8
leaf_value=-0.065669825149678632 0.036726744364683518 0.076362560454513076 -0.049690006099832366 -0.037437707561606318 0.011536086659452232 0.038464045565801137 -0.01125452778494593
leaf_weight=430 942 225 190 1236 2796 193 2077
leaf_count=430 942 225 190 1236 2796 193 2077
internal_value=-0.00196145 -0.0070828 -0.00984836 -0.00610331 0.0075637 -0.0177375 -0.0210645
internal_weight=8089 7147 6922 6492 2986 3506 3313
internal_count=8089 7147 6922 6492 2986 3506 3313
is_linear=0
shrinkage=0.02


Tree=262
num_leaves=8
num_cat=0
split_feature=16 44 34 12 52 55 55
split_gain=4877.94 3342.71 2565.49 2527.02 2152.76 1891.95 1728.78
threshold=0.56585000000000008 1.0000000180025095e-35 1.5000000000000002 67.38000000000001 65.045000000000016 54.735000000000007 53.95000000000001
decision_type=2 2 2 2 2 2 2
left_child=1 4 5 -2 6 -3 -1
right_child=3 2 -4 -5 -6 -7 -8
leaf_value=-0.040624301727667782 0.01415583319087399 -0.010998789342436097 0.01108412108735222 0.065987058744942345 0.014991149462842279 -0.066079839268078408 -0.11166973222370093
leaf_weight=727 2114 1499 2503 454 220 295 168
leaf_count=727 2114 1499 2503 454 220 295 168
internal_value=0.000755701 -0.0100148 -0.00199144 0.0234296 -0.0407883 -0.0202146 -0.0545065
internal_weight=7980 5412 4297 2568 1115 1794 895
internal_count=7980 5412 4297 2568 1115 1794 895
is_linear=0
shrinkage=0.02


Tree=263
num_leaves=8
num_cat=0
split_feature=55 33 16 42 34 44 12
split_gain=4651.06 4291.7 3325.94 2973.64 2550.59 2225.78 2060.52
threshold=55.055000000000007 1.0000000180025095e-35 0.58345000000000014 2.3100000000000005 1.5000000000000002 1.0000000180025095e-35 11.290000000000001
decision_type=2 2 2 2 2 2 2
left_child=1 -1 3 -3 -2 -5 -4
right_child=4 2 6 5 -6 -7 -8
leaf_value=-0.0664694414018695 -0.070008862266062566 -0.12699497222801051 -0.060277374847648071 -0.028443228377830049 -0.011447451783505766 0.0068403861129737046 0.034689620692807455
leaf_weight=330 566 70 92 883 626 3669 1735
leaf_count=330 566 70 92 883 626 3669 1735
internal_value=-0.00308466 0.00333065 0.0069511 -0.00208572 -0.0394306 -2.76516e-05 0.029756
internal_weight=7971 6779 6449 4622 1192 4552 1827
internal_count=7971 6779 6449 4622 1192 4552 1827
is_linear=0
shrinkage=0.02


Tree=264
num_leaves=8
num_cat=0
split_feature=52 64 31 33 42 40 14
split_gain=4491.9 3550.82 2677.66 2294.29 2636.35 2070.59 1890.44
threshold=30.840000000000003 1.0000000180025095e-35 1.0000000180025095e-35 2.5000000000000004 79.600000000000009 70.995000000000019 43.180000000000007
decision_type=2 2 2 2 2 2 2
left_child=2 -2 5 4 6 -1 -3
right_child=1 3 -4 -5 -6 -7 -8
leaf_value=-0.071971646198710076 -0.16436239818731946 -0.0067688356650834952 -0.0086950322098689869 0.019292497305966477 0.050505451586277735 0.06612892139703036 -0.076707670371810144
leaf_weight=593 43 2478 904 3480 305 43 160
leaf_count=593 43 2478 904 3480 305 43 160
internal_value=-0.000278464 0.00703722 -0.0309182 0.00831165 -0.00468355 -0.0621917 -0.0111479
internal_weight=8006 6466 1540 6423 2943 636 2638
internal_count=8006 6466 1540 6423 2943 636 2638
is_linear=0
shrinkage=0.02


Tree=265
num_leaves=8
num_cat=0
split_feature=44 55 40 12 33 48 55
split_gain=4299.67 2686.1 2838.92 2674.75 2171.29 2375.19 2049.91
threshold=1.0000000180025095e-35 51.435000000000009 36.615000000000002 40.635000000000012 1.5000000000000002 4.5000000000000009 54.735000000000007
decision_type=2 2 2 2 2 2 2
left_child=1 2 -1 4 5 6 -2
right_child=3 -3 -4 -5 -6 -7 -8
leaf_value=-0.060550174772545894 0.016081293595907015 -0.074494350233470577 0.0052450100139694476 0.015969879584799989 -0.00033680432369022345 -0.08760604445069918 -0.11394339943841353
leaf_weight=380 268 417 821 3827 1978 266 54
leaf_count=380 268 417 821 3827 1978 266 54
internal_value=-0.00199115 -0.0310635 -0.0157375 0.00538528 -0.0104012 -0.0439691 -0.00713293
internal_weight=8011 1618 1201 6393 2566 588 322
internal_count=8011 1618 1201 6393 2566 588 322
is_linear=0
shrinkage=0.02


Tree=266
num_leaves=8
num_cat=0
split_feature=40 64 41 33 64 45 55
split_gain=3831.7 3371.14 3170.81 3612.74 2685.31 2659.1 2327.64
threshold=8.9700000000000024 1.0000000180025095e-35 67.855000000000018 1.5000000000000002 4.5000000000000009 1.0000000180025095e-35 47.095000000000006
decision_type=2 2 2 2 2 2 2
left_child=-1 -2 3 6 5 -5 -3
right_child=1 2 -4 4 -6 -7 -8
leaf_value=-0.089579365358222279 -0.15379112029448153 -0.010492212370480442 0.028206010425168494 0.014403601950339236 0.047806195561642513 -0.015890614791517647 -0.064632408340304953
leaf_weight=187 51 736 1486 2226 487 2407 557
leaf_count=187 51 736 1486 2226 487 2407 557
internal_value=-0.001293 0.000838672 0.0019337 -0.00417127 0.00338086 -0.00133543 -0.0339739
internal_weight=8137 7950 7899 6413 5120 4633 1293
internal_count=8137 7950 7899 6413 5120 4633 1293
is_linear=0
shrinkage=0.02


Tree=267
num_leaves=8
num_cat=0
split_feature=16 55 9 42 31 8 41
split_gain=3824.3 3256.82 2505.6 2103.65 2028.39 1949.54 1774.23
threshold=0.36255000000000004 55.685000000000009 4.5000000000000009 14.795000000000002 1.0000000180025095e-35 55.885000000000005 74.77500000000002
decision_type=2 2 2 2 2 2 2
left_child=4 2 3 -2 6 -5 -1
right_child=1 -3 -4 5 -6 -7 -8
leaf_value=-0.062677273087432747 -0.074736280410463429 -0.030007254226029501 0.029418566911233419 0.0083652400375716814 -0.0092525375180433685 -0.062854734745198565 0.046467228244934509
leaf_weight=645 134 839 2080 3019 1073 157 62
leaf_count=645 134 839 2080 3019 1073 157 62
internal_value=-0.000856488 0.00653469 0.0122453 0.00142554 -0.0266673 0.00475134 -0.0528468
internal_weight=8009 6229 5390 3310 1780 3176 707
internal_count=8009 6229 5390 3310 1780 3176 707
is_linear=0
shrinkage=0.02


Tree=268
num_leaves=8
num_cat=0
split_feature=55 40 16 33 40 33 51
split_gain=4333.18 3663.07 3045.84 2672.07 2668.81 2213.16 2010.62
threshold=55.055000000000007 5.6100000000000003 0.72825000000000006 1.0000000180025095e-35 72.305000000000021 5.5000000000000009 32.095000000000006
decision_type=2 2 2 2 2 2 2
left_child=1 -1 3 -3 5 6 -5
right_child=-2 2 -4 4 -6 -7 -8
leaf_value=-0.11436887647576478 -0.03378140105692079 -0.052629677990176642 0.057967169061779719 -0.010096165437626098 0.041412371385172786 0.072811594137750651 0.01585202150534527
leaf_weight=93 1222 300 464 2992 822 169 1981
leaf_count=93 1222 300 464 2992 822 169 1981
internal_value=0.000822288 0.00704183 0.00880376 0.0051187 0.0080652 0.00269927 0.000245863
internal_weight=8043 6821 6728 6264 5964 5142 4973
internal_count=8043 6821 6728 6264 5964 5142 4973
is_linear=0
shrinkage=0.02


Tree=269
num_leaves=8
num_cat=0
split_feature=66 55 9 44 47 48 55
split_gain=3985.31 3337 2139.06 1650.71 1407.39 1159.96 1150.98
threshold=1.0000000180025095e-35 53.95000000000001 3.5000000000000004 1.0000000180025095e-35 9.5000000000000018 6.5000000000000009 38.115000000000002
decision_type=2 2 2 2 2 2 2
left_child=5 2 4 -3 6 -1 -2
right_child=1 3 -4 -5 -6 -7 -8
leaf_value=-0.034235983598889332 0.012285878562305902 -0.067515957471508306 0.02007530860511595 -0.014063060753779789 0.023865102998753815 -0.10506205473479724 -0.018499122317680899
leaf_weight=249 665 293 3230 1048 606 150 1769
leaf_count=249 665 293 3230 1048 606 150 1769
internal_value=-0.000620015 0.00262751 0.00875527 -0.0259496 -0.00328549 -0.0618331 -0.0100803
internal_weight=8010 7611 6270 1341 3040 399 2434
internal_count=8010 7611 6270 1341 3040 399 2434
is_linear=0
shrinkage=0.02


Tree=270
num_leaves=8
num_cat=0
split_feature=43 40 16 12 16 22 9
split_gain=3887.58 3374.01 3081.14 2072.71 1949.83 1652.37 1636.21
threshold=1.0000000180025095e-35 34.475000000000001 0.46745000000000009 19.995000000000001 0.74725000000000008 22649.150000000005 3.5000000000000004
decision_type=2 2 2 2 2 2 2
left_child=1 -1 3 -2 5 -3 -5
right_child=2 4 -4 6 -6 -7 -8
leaf_value=-0.063747783585479764 -0.052815199247827488 -0.0042854078442662435 0.021369977887931626 -0.021347025819825297 0.081262700735254489 -0.071018121480854624 0.012726910993694211
leaf_weight=589 345 1130 3309 923 89 166 1431
leaf_count=589 345 1130 3309 923 89 166 1431
internal_value=0.000446358 -0.0238684 0.00844846 -0.00740367 -0.00674053 -0.013073 -0.000650359
internal_weight=7982 1974 6008 2699 1385 1296 2354
internal_count=7982 1974 6008 2699 1385 1296 2354
is_linear=0
shrinkage=0.02


Tree=271
num_leaves=8
num_cat=0
split_feature=34 41 52 55 10 16 44
split_gain=3960.06 3967.48 3183.91 2516.49 2321.49 1923.55 1650.15
threshold=2.5000000000000004 64.65000000000002 62.525000000000006 54.735000000000007 14764.35 0.52475000000000016 1.0000000180025095e-35
decision_type=2 2 2 2 2 2 2
left_child=1 2 3 6 5 -4 -1
right_child=-2 -3 4 -5 -6 -7 -8
leaf_value=-0.049444772472402247 0.02318806165452561 0.019951461325370023 -0.099441068862095361 -0.065905486516227643 0.027258292061560753 0.011586146283556113 -0.012304716133383431
leaf_weight=601 2002 1413 116 571 841 127 2303
leaf_count=601 2002 1413 116 571 841 127 2303
internal_value=-0.0011201 -0.00928153 -0.0183538 -0.0276794 0.0115312 -0.0423508 -0.0200628
internal_weight=7974 5972 4559 3475 1084 243 2904
internal_count=7974 5972 4559 3475 1084 243 2904
is_linear=0
shrinkage=0.02


Tree=272
num_leaves=8
num_cat=0
split_feature=12 43 16 40 38 44 14
split_gain=3657.29 3452.31 2347.46 2255.69 1648 2541.54 1629.75
threshold=77.385000000000005 1.0000000180025095e-35 0.32955000000000007 34.775000000000013 11757.400000000003 1.0000000180025095e-35 43.180000000000007
decision_type=2 2 2 2 8 2 2
left_child=1 3 -3 4 5 -1 -4
right_child=-2 2 6 -5 -6 -7 -8
leaf_value=-0.13600702570485218 0.044247732983577856 -0.026706120838016309 0.012096080602563689 -0.013648992520823019 -0.090836061159951978 0.019259008202095366 -0.038204963006092794
leaf_weight=51 670 863 4359 1265 322 167 269
leaf_count=51 670 863 4359 1265 322 167 269
internal_value=-0.000293064 -0.0044108 0.00348221 -0.0283654 -0.0623986 -0.0192997 0.00913428
internal_weight=7966 7296 5491 1805 540 218 4628
internal_count=7966 7296 5491 1805 540 218 4628
is_linear=0
shrinkage=0.02


Tree=273
num_leaves=8
num_cat=0
split_feature=16 66 42 12 31 40 55
split_gain=3621.24 3524.39 3620.58 2780.18 2322.02 2455.11 2231.84
threshold=0.60625000000000007 0.68750000000000011 9.1200000000000028 68.410000000000011 1.0000000180025095e-35 81.645000000000024 55.475000000000001
decision_type=2 2 2 2 2 2 2
left_child=1 2 -1 6 5 -4 -2
right_child=3 -3 4 -5 -6 -7 -8
leaf_value=-0.10208278858910004 0.023702507217551422 0.075669063048064714 -0.027418668310444611 0.076592384291155058 0.0039357580484024116 0.05501382776758363 -0.038735129868298988
leaf_weight=160 1398 195 2214 332 3257 150 269
leaf_count=160 1398 195 2214 332 3257 150 269
internal_value=0.000910594 -0.00688619 -0.00973386 0.0241781 -0.00701679 -0.0220831 0.0135414
internal_weight=7975 5976 5781 1999 5621 2364 1667
internal_count=7975 5976 5781 1999 5621 2364 1667
is_linear=0
shrinkage=0.02


Tree=274
num_leaves=8
num_cat=0
split_feature=12 31 41 55 41 41 38
split_gain=3726.51 3130.7 2629.49 2344.22 2438.47 2103.35 2018.53
threshold=59.07500000000001 1.0000000180025095e-35 81.815000000000012 37.865000000000002 33.735000000000007 8.3950000000000014 46781.950000000004
decision_type=2 2 2 2 2 2 8
left_child=1 2 3 6 -5 -3 -1
right_child=-2 5 -4 4 -6 -7 -8
leaf_value=0.045640774404439401 0.019492027870007759 -0.11650562911720598 0.065552016781724023 -0.087375845607294111 -0.03083353415030465 0.0039818762446083497 -0.034501864830533184
leaf_weight=249 2268 54 110 387 1432 3269 244
leaf_count=249 2268 54 110 387 1432 3269 244
internal_value=-0.0021889 -0.0107576 -0.0280259 -0.03261 -0.0430697 0.00185181 0.0060277
internal_weight=8013 5745 2422 2312 1819 3323 493
internal_count=8013 5745 2422 2312 1819 3323 493
is_linear=0
shrinkage=0.02


Tree=275
num_leaves=8
num_cat=0
split_feature=16 31 16 16 55 12 41
split_gain=4637.33 3740.11 2543.91 2211.95 2032.58 1904.99 1748.88
threshold=0.57935000000000014 1.0000000180025095e-35 0.32955000000000007 0.77305000000000013 40.305000000000007 29.145000000000003 59.425000000000004
decision_type=2 2 2 2 2 2 2
left_child=1 2 4 5 -1 -2 -4
right_child=3 -3 6 -5 -6 -7 -8
leaf_value=-0.0095487681147642441 -0.018992645979178921 0.0023503248381149082 -0.03276236420114563 0.074916377723217006 -0.096726983384897491 0.025575918689819534 0.0097433315115296737
leaf_weight=155 499 3339 1236 275 349 1611 560
leaf_count=155 499 3339 1236 275 349 1611 560
internal_value=-0.00128631 -0.0111734 -0.0307689 0.0220648 -0.0702734 0.0150158 -0.0195187
internal_weight=8024 5639 2300 2385 504 2110 1796
internal_count=8024 5639 2300 2385 504 2110 1796
is_linear=0
shrinkage=0.02


Tree=276
num_leaves=8
num_cat=0
split_feature=12 10 65 52 51 12 42
split_gain=3537.14 2830.6 1848.09 1919.56 2044.9 1817.53 1780.64
threshold=45.970000000000006 12490.300000000001 0.53571428571428581 48.765000000000008 37.82500000000001 77.385000000000005 72.320000000000007
decision_type=2 2 2 2 2 2 2
left_child=1 -1 3 4 -3 6 -2
right_child=5 2 -4 -5 -6 -7 -8
leaf_value=-0.049308912661843896 0.00050258973015431842 -0.054301804354377578 0.0088454033954342686 0.0087543687803987823 0.0079971768239481475 0.043146634939769592 0.040572802595073176
leaf_weight=726 2804 755 1683 559 290 657 522
leaf_count=726 2804 755 1683 559 290 657 522
internal_value=-0.000466167 -0.0137099 -0.00578423 -0.0211142 -0.0370573 0.0128778 0.00684288
internal_weight=7996 4013 3287 1604 1045 3983 3326
internal_count=7996 4013 3287 1604 1045 3983 3326
is_linear=0
shrinkage=0.02


Tree=277
num_leaves=8
num_cat=0
split_feature=16 31 43 42 12 12 58
split_gain=3650.15 3666.02 2938.9 2183.97 1866.85 1838.46 1743.96
threshold=0.72825000000000006 1.0000000180025095e-35 1.0000000180025095e-35 20.205000000000002 19.135000000000002 41.945000000000007 41.605000000000011
decision_type=2 2 2 2 2 2 2
left_child=1 2 -1 -4 -5 -3 -6
right_child=-2 5 3 4 6 -7 -8
leaf_value=-0.055108160951904558 0.048508642288090605 -0.0079055278222621272 -0.082462316568360311 -0.05374505161752563 -0.014262535439036389 0.018476830359608225 0.02489563428245448
leaf_weight=762 557 1816 149 263 1043 2514 799
leaf_count=762 557 1816 149 263 1043 2514 799
internal_value=-0.000618722 -0.0043742 -0.021285 -0.00975384 -0.00442404 0.00741573 0.00274442
internal_weight=7903 7346 3016 2254 2105 4330 1842
internal_count=7903 7346 3016 2254 2105 4330 1842
is_linear=0
shrinkage=0.02


Tree=278
num_leaves=8
num_cat=0
split_feature=16 31 45 33 23 47 58
split_gain=4376.51 2711.43 2482.28 2282.65 1987.86 1732.49 2073.69
threshold=0.51795000000000013 1.0000000180025095e-35 1.0000000180025095e-35 4.5000000000000009 3.5500000000000003 6.5000000000000009 35.525000000000013
decision_type=2 2 2 2 2 2 2
left_child=1 3 -2 4 -1 -6 -7
right_child=2 -3 -4 -5 5 6 -8
leaf_value=0.052872081728691747 0.035115422079638255 -0.0016603038645327309 0.00060096571587323836 0.080388113303460948 -0.060758789998513682 -0.05827447401292956 0.0068416745334580129
leaf_weight=89 1467 2730 1922 64 913 330 468
leaf_count=89 1467 2730 1922 64 913 330 468
internal_value=-0.00165731 -0.0143698 0.015571 -0.0329297 -0.0371703 -0.0419944 -0.0202812
internal_weight=7983 4594 3389 1864 1800 1711 798
internal_count=7983 4594 3389 1864 1800 1711 798
is_linear=0
shrinkage=0.02


Tree=279
num_leaves=8
num_cat=0
split_feature=40 31 40 33 43 41 16
split_gain=3730.64 3202.8 3461.07 2922.16 2698.4 2234.66 2019.33
threshold=5.6100000000000003 1.0000000180025095e-35 81.645000000000024 3.5000000000000004 1.0000000180025095e-35 21.23 0.56385000000000007
decision_type=2 2 2 2 2 2 2
left_child=-1 2 3 4 -2 -6 -7
right_child=1 -3 -4 -5 5 6 -8
leaf_value=-0.10809685617685318 -0.058341365214114246 0.014466294130471654 0.070121923070114389 0.034069621058289937 -0.10066850233271167 -0.02242797272535953 0.021516087471445223
leaf_weight=116 687 4613 190 388 103 1186 640
leaf_count=116 687 4613 190 388 103 1186 640
internal_value=0.00210778 0.00381339 -0.0115708 -0.0168458 -0.024448 -0.0122575 -0.0070092
internal_weight=7923 7807 3194 3004 2616 1929 1826
internal_count=7923 7807 3194 3004 2616 1929 1826
is_linear=0
shrinkage=0.02


Tree=280
num_leaves=8
num_cat=0
split_feature=41 41 31 12 65 42 33
split_gain=4331.29 3068.2 3382.97 2031.82 1625.47 1722.35 1525.63
threshold=15.475000000000003 68.115000000000023 1.0000000180025095e-35 74.465000000000018 0.61250000000000016 9.1200000000000028 3.5000000000000004
decision_type=2 2 2 2 2 2 2
left_child=-1 2 3 6 5 -4 -2
right_child=1 -3 4 -5 -6 -7 -8
leaf_value=-0.076344576080983897 -0.03285577461081704 0.028919289659884419 -0.12384196642398214 0.032599473467147221 0.020926799941886287 -0.0022607686421232801 0.0141550425876431
leaf_weight=284 2055 1429 43 253 2017 1614 316
leaf_count=284 2055 1429 43 253 2017 1614 316
internal_value=-0.000325897 0.00251567 -0.00349343 -0.0208172 0.00889084 -0.00577894 -0.0265737
internal_weight=8011 7727 6298 2624 3674 1657 2371
internal_count=8011 7727 6298 2624 3674 1657 2371
is_linear=0
shrinkage=0.02


Tree=281
num_leaves=8
num_cat=0
split_feature=41 33 16 13 9 8 41
split_gain=3248.33 3034.2 2570.08 2163.13 2101 2910.67 1521.58
threshold=14.405000000000003 1.0000000180025095e-35 0.36255000000000004 402.75000000000006 4.5000000000000009 53.770000000000003 56.175000000000004
decision_type=2 2 2 2 2 2 2
left_child=3 -2 -3 -1 5 -4 -7
right_child=1 2 4 -5 -6 6 -8
leaf_value=-0.094108556263668583 -0.051038160867163514 -0.015163800962698117 0.008305820419837337 0.060403505934609303 0.028278631529378023 -0.10534270371590461 -0.0019760480634868145
leaf_weight=210 378 1663 3284 40 2215 138 95
leaf_count=210 378 1663 3284 40 2215 138 95
internal_value=0.00155441 0.00385626 0.00669481 -0.068687 0.0130442 0.00342312 -0.0641244
internal_weight=8023 7773 7395 250 5732 3517 233
internal_count=8023 7773 7395 250 5732 3517 233
is_linear=0
shrinkage=0.02


Tree=282
num_leaves=8
num_cat=0
split_feature=12 9 33 42 57 14 43
split_gain=3511.13 2500.6 2227.63 2193.55 1533.47 1520.33 1498.32
threshold=43.755000000000003 20.500000000000004 1.0000000180025095e-35 9.1200000000000028 33.395000000000003 17.205000000000002 1.0000000180025095e-35
decision_type=2 2 2 2 2 2 2
left_child=1 2 5 -4 -2 -1 -5
right_child=4 -3 3 6 -6 -7 -8
leaf_value=-0.017096091477676881 0.025332183585688655 0.064900261703998818 -0.10048373499619109 -0.034119987359073782 0.0014192925938698315 -0.13269561507012867 -0.0026915364684262609
leaf_weight=81 2033 150 107 800 2266 104 2468
leaf_count=81 2033 150 107 800 2266 104 2468
internal_value=0.000449054 -0.0137958 -0.017198 -0.0134251 0.012744 -0.0838636 -0.0104255
internal_weight=8009 3710 3560 3375 4299 185 3268
internal_count=8009 3710 3560 3375 4299 185 3268
is_linear=0
shrinkage=0.02


Tree=283
num_leaves=8
num_cat=0
split_feature=64 16 40 64 45 64 40
split_gain=3414.26 2664.8 2489.48 2251.64 2836.01 2135.31 3258.79
threshold=1.0000000180025095e-35 0.72825000000000006 59.065000000000005 4.5000000000000009 1.0000000180025095e-35 3.5000000000000004 30.690000000000001
decision_type=2 2 2 2 2 2 2
left_child=-1 2 3 4 -2 6 -6
right_child=1 -3 -4 -5 5 -7 -8
leaf_value=-0.15341141670158034 0.0032375639471976083 0.045247302206900882 0.016015674579558502 0.03817634004986388 -0.095405050278361381 -0.0060731332670691685 -0.025588856359795974
leaf_weight=52 2263 525 2303 369 361 1028 1016
leaf_count=52 2263 525 2303 369 361 1028 1016
internal_value=0.000820945 0.00193748 -0.00118898 -0.00906332 -0.0128344 -0.0279328 -0.0441711
internal_weight=7917 7865 7340 5037 4668 2405 1377
internal_count=7917 7865 7340 5037 4668 2405 1377
is_linear=0
shrinkage=0.02


Tree=284
num_leaves=8
num_cat=0
split_feature=42 33 9 41 42 12 12
split_gain=3129.72 3024.11 2830.65 3770.73 2281.22 2442.54 2100.46
threshold=79.155000000000015 5.5000000000000009 4.5000000000000009 14.405000000000003 2.3100000000000005 43.270000000000003 71.660000000000011
decision_type=2 2 2 2 2 2 2
left_child=1 2 3 -1 -5 -6 -4
right_child=-2 -3 6 4 5 -7 -8
leaf_value=-0.12162616271099061 0.039377880529333387 0.068249135486187482 0.0031611873084201603 -0.1541152513159646 -0.028328270037486419 0.0036052493514697969 0.053136818398088606
leaf_weight=126 775 227 2579 40 1743 2118 382
leaf_count=126 775 227 2579 40 1743 2118 382
internal_value=0.00131944 -0.00279305 -0.00514795 -0.0160546 -0.0124934 -0.0108287 0.00968727
internal_weight=7990 7215 6988 4027 3901 3861 2961
internal_count=7990 7215 6988 4027 3901 3861 2961
is_linear=0
shrinkage=0.02


Tree=285
num_leaves=8
num_cat=1
split_feature=16 55 66 34 8 21 7
split_gain=3805.11 3055.66 2687 2255.54 2189.52 1812.8 1720.36
threshold=0.32955000000000007 55.685000000000009 1.0000000180025095e-35 1.5000000000000002 47.245000000000012 312532.10000000003 0
decision_type=2 2 2 2 2 10 1
left_child=5 2 -2 -3 6 -1 -4
right_child=1 3 4 -5 -6 -7 -8
leaf_value=-0.045004311296923262 -0.046830942955162519 -0.06032586800451184 -0.01934059805209631 0.0022783587621655055 -0.019242629106847743 0.0067611181152396043 0.023689968117195873
leaf_weight=937 286 424 397 496 635 378 4436
leaf_count=937 286 424 397 496 635 378 4436
internal_value=0.000874374 0.00700618 0.012421 -0.0267442 0.0155601 -0.030155 0.0201479
internal_weight=7989 6674 5754 920 5468 1315 4833
internal_count=7989 6674 5754 920 5468 1315 4833
cat_boundaries=0 1
cat_threshold=32
is_linear=0
shrinkage=0.02


Tree=286
num_leaves=8
num_cat=0
split_feature=40 16 55 16 30 12 34
split_gain=3400.93 3038.34 2641.35 2210.38 2196.23 2140.13 2180.01
threshold=7.5900000000000007 0.33955000000000007 55.055000000000007 0.77305000000000013 1.0000000180025095e-35 73.935000000000016 2.5000000000000004
decision_type=2 2 2 2 2 2 2
left_child=-1 -2 3 4 -3 6 -4
right_child=1 2 5 -5 -6 -7 -8
leaf_value=-0.095806027941948535 -0.026760205797265835 0.00088295794140294775 -0.051092388237103353 0.072161105068229689 0.030314897601959042 0.056304399696405695 0.021854756692493402
leaf_weight=146 1389 3842 693 224 1373 114 211
leaf_count=146 1389 3842 693 224 1373 114 211
internal_value=-0.00179024 1.91311e-05 0.00579603 0.0113328 0.00865338 -0.0236966 -0.0340394
internal_weight=7992 7846 6457 5439 5215 1018 904
internal_count=7992 7846 6457 5439 5215 1018 904
is_linear=0
shrinkage=0.02


Tree=287
num_leaves=8
num_cat=0
split_feature=52 66 44 41 16 42 66
split_gain=2865.29 2483.8 2288.21 2168.42 1741.9 1463.34 1813.19
threshold=65.310000000000016 1.0000000180025095e-35 1.0000000180025095e-35 71.760000000000005 0.38705000000000006 9.1200000000000028 0.43750000000000006
decision_type=2 2 2 2 2 2 2
left_child=1 -1 3 4 -3 6 -4
right_child=-2 2 5 -5 -6 -7 -8
leaf_value=-0.059408598679583521 0.024112708041086495 -0.074977709529576483 -0.10832566222020736 0.046959945109340692 -0.019489075799186257 0.0059412070746875881 0.046229863283426868
leaf_weight=315 1698 319 91 138 769 4642 41
leaf_count=315 1698 319 91 138 769 4642 41
internal_value=0.00108846 -0.00511657 -0.00221914 -0.0265329 -0.0360268 0.00404606 -0.0603846
internal_weight=8013 6315 6000 1226 1088 4774 132
internal_count=8013 6315 6000 1226 1088 4774 132
is_linear=0
shrinkage=0.02


Tree=288
num_leaves=8
num_cat=0
split_feature=43 41 12 66 55 66 57
split_gain=3488.91 2627.43 2461.06 1982.72 1798.19 2246.42 1489.7
threshold=1.0000000180025095e-35 41.045000000000009 42.165000000000006 0.31250000000000006 55.185000000000009 1.0000000180025095e-35 50.975000000000001
decision_type=2 2 2 2 2 2 2
left_child=1 -1 4 6 5 -2 -3
right_child=2 3 -4 -5 -6 -7 -8
leaf_value=-0.054350658587935634 -0.088733744501021866 -0.016537252479232847 0.016490635294423642 0.018609817253754421 -0.04835066522086473 0.0023984779838406019 -0.093754935412406926
leaf_weight=758 109 515 3415 607 394 2121 120
leaf_count=758 109 515 3415 607 394 2121 120
internal_value=-0.00227617 -0.0251367 0.00530933 -0.00716081 -0.00924625 -0.00224451 -0.031748
internal_weight=8039 2000 6039 1242 2624 2230 635
internal_count=8039 2000 6039 1242 2624 2230 635
is_linear=0
shrinkage=0.02


Tree=289
num_leaves=8
num_cat=0
split_feature=64 55 33 41 41 38 8
split_gain=3170.25 2824.01 1911.98 1852.14 1744.79 1966.38 1567
threshold=1.0000000180025095e-35 55.685000000000009 5.5000000000000009 48.485000000000007 67.365000000000023 16347.400000000003 27.965000000000003
decision_type=2 2 2 2 2 8 2
left_child=-1 2 4 -3 5 6 -2
right_child=1 3 -4 -5 -6 -7 -8
leaf_value=-0.14475173521538576 0.026386822191923478 -0.057453110550528375 0.064476763962040953 -0.0048866453797514822 0.024858049192614941 -0.012192975862564346 -0.00567826091231163
leaf_weight=55 1363 488 211 590 1288 2894 1097
leaf_count=55 1363 488 211 590 1288 2894 1097
internal_value=8.05518e-05 0.0011755 0.00591437 -0.0288384 0.00400688 -0.00102775 0.0121054
internal_weight=7986 7931 6853 1078 6642 5354 2460
internal_count=7986 7931 6853 1078 6642 5354 2460
is_linear=0
shrinkage=0.02


Tree=290
num_leaves=8
num_cat=1
split_feature=12 55 44 41 4 9 41
split_gain=2729.61 2099.21 1783.92 1605.95 1509.97 1468.46 1606.38
threshold=22.085000000000004 49.015000000000008 1.0000000180025095e-35 27.270000000000003 0 8.5000000000000018 15.475000000000003
decision_type=2 2 2 2 1 2 2
left_child=3 5 4 -1 -3 6 -2
right_child=1 2 -4 -5 -6 -7 -8
leaf_value=-0.090129601412806015 -0.065615516216257358 -0.081939201126625019 -0.0017554844641615788 -0.018903902545358047 -0.0075075391513749591 0.034434288270232122 0.0094398283483147112
leaf_weight=140 113 216 1823 1043 227 993 3453
leaf_count=140 113 216 1823 1043 227 993 3453
internal_value=0.000303485 0.00517012 -0.0105477 -0.0276768 -0.0463053 0.0129855 0.00697292
internal_weight=8008 6825 2266 1183 443 4559 3566
internal_count=8008 6825 2266 1183 443 4559 3566
cat_boundaries=0 1
cat_threshold=1
is_linear=0
shrinkage=0.02


Tree=291
num_leaves=8
num_cat=0
split_feature=44 42 65 42 57 16 0
split_gain=3907.64 1896.94 1762.53 1918.68 1905.16 1743.43 1638.38
threshold=1.0000000180025095e-35 9.1200000000000028 0.76388888888888895 74.605000000000004 34.760000000000012 0.33955000000000007 56.500000000000007
decision_type=2 2 2 2 2 2 2
left_child=2 -2 3 4 -1 -3 -7
right_child=1 5 -4 -5 -6 6 -8
leaf_value=-0.015810413881708479 -0.059733320030618028 -0.013410908532307354 0.045330501059370656 0.037450825718896734 -0.063626141238090558 0.0094965020514859739 0.04104618931540667
leaf_weight=648 158 1097 119 135 691 4291 774
leaf_count=648 158 1097 119 135 691 4291 774
internal_value=0.00056993 0.0076295 -0.0273742 -0.0333772 -0.0406309 0.00940378 0.0143534
internal_weight=7913 6320 1593 1474 1339 6162 5065
internal_count=7913 6320 1593 1474 1339 6162 5065
is_linear=0
shrinkage=0.02


Tree=292
num_leaves=8
num_cat=0
split_feature=42 31 40 44 42 14 57
split_gain=2749.17 2655.45 2783.35 2619.25 1956.86 1400.01 1520.71
threshold=81.935000000000016 1.0000000180025095e-35 5.6100000000000003 1.0000000180025095e-35 17.205000000000002 38.860000000000007 10.070000000000002
decision_type=2 2 2 2 2 2 2
left_child=1 3 -3 5 -5 6 -1
right_child=-2 2 -4 4 -6 -7 -8
leaf_value=0.070447353661060336 0.042973767892274466 -0.11129212787834469 0.010039419621529783 -0.076415126647457088 -0.0022923532205801479 -0.14292978143881238 -0.051534202303526538
leaf_weight=40 580 72 4306 147 2278 58 525
leaf_count=40 580 72 4306 147 2278 58 525
internal_value=0.00123006 -0.00205701 0.00791933 -0.0163761 -0.00693356 -0.0527828 -0.0423561
internal_weight=8006 7426 4378 3048 2425 623 565
internal_count=8006 7426 4378 3048 2425 623 565
is_linear=0
shrinkage=0.02


Tree=293
num_leaves=8
num_cat=0
split_feature=44 9 42 66 42 12 15
split_gain=3410.88 2489.01 2315.17 2174.91 2147.97 1803.7 1994.1
threshold=1.0000000180025095e-35 4.5000000000000009 10.480000000000002 0.56250000000000011 88.295000000000016 45.970000000000006 1.5000000000000002
decision_type=2 2 2 2 2 2 2
left_child=3 2 -2 4 -1 6 -4
right_child=1 -3 5 -5 -6 -7 -8
leaf_value=-0.037954069576189922 -0.1030163520121056 0.021440554725101851 -0.0044629542738518308 0.044532920289784672 0.089849987225099043 0.012456523625822452 -0.056135405623764185
leaf_weight=1408 87 2683 1326 155 50 1819 381
leaf_count=1408 87 2683 1326 155 50 1819 381
internal_value=0.000215424 0.00686668 -0.0039705 -0.0256873 -0.0332791 -0.00138424 -0.0161264
internal_weight=7909 6296 3613 1613 1458 3526 1707
internal_count=7909 6296 3613 1613 1458 3526 1707
is_linear=0
shrinkage=0.02


Tree=294
num_leaves=8
num_cat=0
split_feature=52 66 16 43 47 55 42
split_gain=2923 2399.27 2591.64 2210.75 1985.82 1731.12 1887.76
threshold=65.310000000000016 0.68750000000000011 0.71425000000000016 1.0000000180025095e-35 4.5000000000000009 41.265000000000008 38.655000000000008
decision_type=2 2 2 2 2 2 2
left_child=1 2 3 4 -1 -5 -7
right_child=-2 -3 -4 5 -6 6 -8
leaf_value=-0.065974958987509741 0.022183445963501268 0.063084713281033211 0.033528089131815687 0.012118267662668422 -0.016989969177123365 -0.040464352702512488 -0.0043327912101904916
leaf_weight=516 1706 183 509 1397 922 822 1929
leaf_count=516 1706 183 509 1397 922 822 1929
internal_value=-0.00099227 -0.00730274 -0.00946607 -0.0134102 -0.034735 -0.00598455 -0.0151827
internal_weight=7984 6278 6095 5586 1438 4148 2751
internal_count=7984 6278 6095 5586 1438 4148 2751
is_linear=0
shrinkage=0.02


Tree=295
num_leaves=8
num_cat=0
split_feature=44 9 40 65 66 55 40
split_gain=2976.9 2402.39 2518.4 1999.1 1613.26 1563.77 1518.91
threshold=1.0000000180025095e-35 4.5000000000000009 55.930000000000007 0.69047619047619058 0.68750000000000011 48.315000000000005 87.625000000000014
decision_type=2 2 2 2 2 2 2
left_child=4 2 3 -2 6 -3 -1
right_child=1 5 -4 -5 -6 -7 -8
leaf_value=-0.031751430607747343 -0.029556456361807634 0.030779489451082553 0.013767100951657925 0.019339724005599107 0.093384132557445113 -0.00083585869502772372 0.082879815374811497
leaf_weight=1527 1657 1754 1575 415 40 971 43
leaf_count=1527 1657 1754 1575 415 40 971 43
internal_value=-0.000799484 0.00534377 -0.00527057 -0.0197401 -0.0250543 0.0195331 -0.0283587
internal_weight=7982 6372 3647 2072 1610 2725 1570
internal_count=7982 6372 3647 2072 1610 2725 1570
is_linear=0
shrinkage=0.02


Tree=296
num_leaves=8
num_cat=0
split_feature=40 40 15 30 44 41 24
split_gain=3102.86 2380.6 2424.31 1935.53 1656.19 1269.95 1527.27
threshold=7.5900000000000007 78.055000000000021 1.5000000000000002 1.0000000180025095e-35 1.0000000180025095e-35 72.845000000000013 1.5000000000000002
decision_type=2 2 2 2 2 2 2
left_child=-1 2 3 4 -2 6 -4
right_child=1 -3 5 -5 -6 -7 -8
leaf_value=-0.087623260130580416 -0.027930168490213802 0.038167549663658942 -0.055232909020157719 0.023440720863054876 0.0039657940430997815 0.03164974566573734 -0.011886696533690257
leaf_weight=151 806 677 548 1624 3300 146 798
leaf_count=151 806 677 548 1624 3300 146 798
internal_value=0.000706624 0.00244953 -0.000922815 0.00499399 -0.00232168 -0.023587 -0.0296734
internal_weight=8050 7899 7222 5730 4106 1492 1346
internal_count=8050 7899 7222 5730 4106 1492 1346
is_linear=0
shrinkage=0.02


Tree=297
num_leaves=8
num_cat=0
split_feature=33 40 34 43 44 55 64
split_gain=3337.28 2271.07 2342.78 2624.05 2704.58 1810.41 1801.81
threshold=1.0000000180025095e-35 81.645000000000024 3.5000000000000004 1.0000000180025095e-35 1.0000000180025095e-35 41.535000000000004 2.5000000000000004
decision_type=2 2 2 2 2 2 2
left_child=-1 2 3 4 -2 -5 -4
right_child=1 -3 6 5 -6 -7 -8
leaf_value=-0.057591484122869324 -0.074021061345204017 0.046548776624445946 0.12042571753610012 0.019503780341223013 -0.012238598159512892 -0.0059092784084879479 0.02217588029567473
leaf_weight=388 362 430 81 1732 1257 3159 599
leaf_count=388 362 430 81 1732 1257 3159 599
internal_value=-0.000756723 0.00217309 -0.000511312 -0.00421024 -0.0262382 0.00310072 0.0346728
internal_weight=8008 7620 7190 6510 1619 4891 680
internal_count=8008 7620 7190 6510 1619 4891 680
is_linear=0
shrinkage=0.02


Tree=298
num_leaves=8
num_cat=0
split_feature=8 16 55 33 40 55 12
split_gain=3463.05 3041.12 2668.17 2047.39 1718.23 1713.17 1688.73
threshold=50.695000000000007 0.32955000000000007 54.735000000000007 1.5000000000000002 8.9700000000000024 57.475000000000001 53.745000000000012
decision_type=2 2 2 2 2 2 2
left_child=1 -1 4 5 -3 -4 -7
right_child=-2 2 3 -5 -6 6 -8
leaf_value=-0.025764377457425925 -0.043558069159223375 -0.060719801596350084 -0.1390418162333068 -0.004558029524583191 0.016551658852364193 -0.0749608274169688 0.061217198329312467
leaf_weight=1200 686 113 88 747 5016 101 51
leaf_count=1200 686 113 88 747 5016 101 51
internal_value=-0.000759332 0.00328079 0.00899604 -0.0210446 0.0147918 -0.0712187 -0.0287751
internal_weight=8002 7316 6116 987 5129 240 152
internal_count=8002 7316 6116 987 5129 240 152
is_linear=0
shrinkage=0.02


Tree=299
num_leaves=8
num_cat=0
split_feature=43 41 9 41 64 52 55
split_gain=2565.26 2128.13 2080.89 2621.25 1732.59 1659.44 1470.81
threshold=1.0000000180025095e-35 79.385000000000005 4.5000000000000009 16.360000000000003 1.0000000180025095e-35 72.825000000000003 51.095000000000006
decision_type=2 2 2 2 2 2 2
left_child=1 4 3 -2 -1 -6 -4
right_child=2 -3 6 -5 5 -7 -8
leaf_value=-0.13434180285249439 -0.10456851675137877 0.068885627342659295 0.029189370500860339 -0.00064277593966562292 -0.027559159574588876 0.035118513893749981 -0.0056038528838318136
leaf_weight=51 95 98 1879 3325 1641 184 653
leaf_count=51 95 98 1879 3325 1641 184 653
internal_value=-5.60781e-05 -0.0197842 0.00649793 -0.00367804 -0.024587 -0.0211612 0.0202229
internal_weight=7926 1974 5952 3420 1876 1825 2532
internal_count=7926 1974 5952 3420 1876 1825 2532
is_linear=0
shrinkage=0.02


Tree=300
num_leaves=8
num_cat=0
split_feature=41 40 13 45 31 40 54
split_gain=3795.09 2372.82 2246.38 2092.86 2363.44 2345.38 2160.84
threshold=15.475000000000003 87.625000000000014 408.65000000000003 1.0000000180025095e-35 1.0000000180025095e-35 31.265000000000004 83.385000000000005
decision_type=2 2 2 2 2 2 2
left_child=2 3 -1 -2 5 -5 -7
right_child=1 -3 -4 4 -6 6 -8
leaf_value=-0.095149870229314787 0.012361771229022276 0.060443566060926331 0.056552659732600048 -0.081583290576453221 0.0037501550657254509 0.013041522492166341 -0.035583272442406527
leaf_weight=240 3265 267 43 258 2482 592 942
leaf_count=240 3265 267 43 258 2482 592 942
internal_value=-0.000219284 0.00240972 -0.071518 0.000315701 -0.00889024 -0.0263595 -0.0168366
internal_weight=8089 7806 283 7539 4274 1792 1534
internal_count=8089 7806 283 7539 4274 1792 1534
is_linear=0
shrinkage=0.02


Tree=301
num_leaves=8
num_cat=0
split_feature=16 10 9 40 8 36 12
split_gain=3429.86 2949.52 2518.29 2242.89 2018.73 1824.93 1776.54
threshold=0.57745000000000013 14237.750000000002 12.500000000000002 36.135000000000012 47.245000000000012 1.0000000180025095e-35 85.185000000000016
decision_type=2 2 2 2 2 2 2
left_child=1 -1 3 4 5 -3 -2
right_child=6 2 -4 -5 -6 -7 -8
leaf_value=-0.041253851813574063 0.014171776285227713 -0.059582208874596268 0.034234408813154968 -0.00066083227775546661 -0.11165366660131783 -0.0011610302637790801 0.097969720237449084
leaf_weight=1018 2344 352 603 2938 117 534 101
leaf_count=1018 2344 352 603 2938 117 534 101
internal_value=-0.0018943 -0.0105715 -0.00365986 -0.00949397 -0.0352365 -0.0245754 0.0178262
internal_weight=8007 5562 4544 3941 1003 886 2445
internal_count=8007 5562 4544 3941 1003 886 2445
is_linear=0
shrinkage=0.02


Tree=302
num_leaves=8
num_cat=1
split_feature=16 55 45 54 67 8 4
split_gain=2619.1 1628.39 1549.5 1791.3 1816.72 1319.79 1355.47
threshold=0.38705000000000006 53.95000000000001 1.0000000180025095e-35 82.335000000000022 22.3538148286347 24.685000000000006 0
decision_type=2 2 2 2 2 2 1
left_child=1 5 -2 -4 -5 -1 -7
right_child=2 -3 3 4 -6 6 -8
leaf_value=0.0074836841631798854 0.019291402686823628 -0.055363491942305026 0.018692895101751299 -0.0074154691395135943 -0.081978064540241452 -0.055416905418328652 -0.0060004314684141222
leaf_weight=878 2545 381 1139 1996 135 370 551
leaf_count=878 2545 381 1139 1996 135 370 551
internal_value=0.000596062 -0.018075 0.00760523 -0.00150553 -0.0123199 -0.0100464 -0.0267082
internal_weight=7995 2180 5815 3270 2131 1799 921
internal_count=7995 2180 5815 3270 2131 1799 921
cat_boundaries=0 1
cat_threshold=1
is_linear=0
shrinkage=0.02


Tree=303
num_leaves=8
num_cat=0
split_feature=31 42 16 55 8 44 0
split_gain=2846.57 2737.99 2065.82 1989.97 1550.36 1502.86 1677.79
threshold=1.0000000180025095e-35 80.415000000000006 0.32955000000000007 41.885000000000012 50.695000000000007 1.0000000180025095e-35 43.500000000000007
decision_type=2 2 2 2 2 2 2
left_child=1 2 3 -1 -2 -4 -7
right_child=4 -3 5 -5 -6 6 -8
leaf_value=-0.0015869329102775631 0.014196450830568662 0.046979967173966734 -0.042080469279712512 -0.087757578817490453 -0.024957622613333764 -0.019195741854487889 0.017389261300129168
leaf_weight=165 4201 268 528 302 443 1235 837
leaf_count=165 4201 268 528 302 443 1235 837
internal_value=0.000319837 -0.0137652 -0.019141 -0.0576512 0.0104386 -0.0121266 -0.00441067
internal_weight=7979 3335 3067 467 4644 2600 2072
internal_count=7979 3335 3067 467 4644 2600 2072
is_linear=0
shrinkage=0.02


Tree=304
num_leaves=8
num_cat=0
split_feature=43 41 52 33 31 0 51
split_gain=2585.92 3073.23 1841.36 1731.58 1620.17 2021.55 1854.76
threshold=1.0000000180025095e-35 79.385000000000005 28.075000000000003 3.5000000000000004 1.0000000180025095e-35 18.500000000000004 9.9350000000000005
decision_type=2 2 2 2 2 2 2
left_child=1 3 -2 4 5 -1 -6
right_child=2 -3 -4 -5 6 -7 -8
leaf_value=0.045762976685040438 -0.020350109184165095 0.083389913372018121 0.011048801853987126 0.0066919279510292331 -0.080447180365776486 -0.067555864962254505 0.0016092121624757376
leaf_weight=66 869 105 5150 498 132 669 562
leaf_count=66 869 105 5150 498 132 669 562
internal_value=-8.47584e-05 -0.0195647 0.00650242 -0.0253759 -0.0365358 -0.0571398 -0.0144619
internal_weight=8051 2032 6019 1927 1429 735 694
internal_count=8051 2032 6019 1927 1429 735 694
is_linear=0
shrinkage=0.02


Tree=305
num_leaves=8
num_cat=0
split_feature=52 41 9 48 52 43 41
split_gain=2792.65 2260.29 2475.86 1813.33 1800.95 1760.3 1624.26
threshold=22.785000000000004 67.855000000000018 3.5000000000000004 11.500000000000002 82.050000000000011 1.0000000180025095e-35 15.475000000000003
decision_type=2 2 2 2 2 2 2
left_child=3 2 6 -1 5 -4 -2
right_child=1 -3 4 -5 -6 -7 -8
leaf_value=-0.021810124102867978 -0.090513400089096377 0.02626330142440696 -0.020070331887358784 -0.10076943329779814 0.074470564588949004 0.016151593478465769 -0.012397322572845345
leaf_weight=694 106 1386 718 136 162 2080 2728
leaf_count=694 106 1386 718 136 162 2080 2728
internal_value=-0.000654844 0.00336885 -0.00212572 -0.035274 0.0106583 0.0068374 -0.0154734
internal_weight=8010 7180 5794 830 2960 2798 2834
internal_count=8010 7180 5794 830 2960 2798 2834
is_linear=0
shrinkage=0.02


Tree=306
num_leaves=8
num_cat=0
split_feature=16 12 66 42 42 12 16
split_gain=2572.01 2097.81 1727.95 1652.89 1517.08 1512.34 1303.45
threshold=0.50155000000000005 41.945000000000007 0.18750000000000003 10.480000000000002 76.90000000000002 29.485000000000003 0.77305000000000013
decision_type=2 2 2 2 2 2 2
left_child=1 2 5 -2 -4 -1 -5
right_child=3 -3 4 6 -6 -7 -8
leaf_value=-0.027389770239386536 -0.062192023662584167 0.001010942396774689 -0.024264992491284183 0.010099239135651037 0.040273790089640674 -0.10667579814669539 0.054600293337387015
leaf_weight=213 114 2391 1329 3384 159 178 281
leaf_count=213 114 2391 1329 3384 159 178 281
internal_value=-0.000793875 -0.0114234 -0.0272066 0.0112159 -0.0172569 -0.0643754 0.0135809
internal_weight=8049 4270 1879 3779 1488 391 3665
internal_count=8049 4270 1879 3779 1488 391 3665
is_linear=0
shrinkage=0.02


Tree=307
num_leaves=8
num_cat=0
split_feature=34 55 42 42 14 51 33
split_gain=2309.97 2688.12 1825.19 1546.51 1543.04 1558.08 1769.21
threshold=2.5000000000000004 55.055000000000007 81.935000000000016 57.605000000000011 43.180000000000007 29.395000000000003 1.0000000180025095e-35
decision_type=2 2 2 2 2 2 2
left_child=1 2 4 -3 5 -1 -7
right_child=-2 3 -4 -5 -6 6 -8
leaf_value=-0.010692950497560883 0.018647453627122449 -0.055656500580679849 0.042060090634843394 -0.0013957974830366396 -0.050840926178880322 -0.065992584982008301 0.018260549585363925
leaf_weight=2636 2025 612 372 319 257 101 1707
leaf_count=2636 2025 612 372 319 257 101 1707
internal_value=0.000202281 -0.00602916 -0.000282966 -0.0371713 -0.00367479 -0.000893063 0.0133849
internal_weight=8029 6004 5073 931 4701 4444 1808
internal_count=8029 6004 5073 931 4701 4444 1808
is_linear=0
shrinkage=0.02


Tree=308
num_leaves=8
num_cat=0
split_feature=16 38 31 15 58 56 8
split_gain=2511.12 1406.12 1401.2 1519.81 1370.1 1353.96 1509.54
threshold=0.32955000000000007 1.0000000180025095e-35 1.0000000180025095e-35 1.5000000000000002 30.995000000000001 30.865000000000006 32.745000000000012
decision_type=2 10 2 2 2 2 2
left_child=2 4 -1 -4 -2 -3 -7
right_child=1 5 3 -5 -6 6 -8
leaf_value=-0.049571274563217485 -0.028359458702847399 -0.018814599151695581 0.006224469156594763 -0.062547250727874149 0.0032402929618966193 0.026781730729622321 -0.0006665036135960205
leaf_weight=533 761 469 634 156 1933 2294 1230
leaf_count=533 761 469 634 156 1933 2294 1230
internal_value=0.000452186 0.00543728 -0.0246702 -0.00766374 -0.00572199 0.012964 0.017214
internal_weight=8010 6687 1323 790 2694 3993 3524
internal_count=8010 6687 1323 790 2694 3993 3524
is_linear=0
shrinkage=0.02


Tree=309
num_leaves=8
num_cat=0
split_feature=41 52 55 34 44 34 52
split_gain=2985.92 2112.53 2098.32 1693.96 1421.39 1396.03 1341.13
threshold=23.250000000000004 72.825000000000003 49.015000000000008 3.5000000000000004 1.0000000180025095e-35 2.5000000000000004 17.585000000000004
decision_type=2 2 2 2 2 2 2
left_child=3 2 -2 -1 5 -4 -6
right_child=1 -3 4 -5 6 -7 -8
leaf_value=-0.051759436674066038 0.0075323795093281999 0.03169501387687234 -0.068225080704195265 0.049107577708843907 -0.067997927386983695 0.016766104536149108 -0.0031808240529133287
leaf_weight=591 4290 926 333 71 134 98 1577
leaf_count=591 4290 926 333 71 134 98 1577
internal_value=-0.000133802 0.00353697 -0.000538352 -0.0406543 -0.0166823 -0.0489293 -0.00844043
internal_weight=8020 7358 6432 662 2142 431 1711
internal_count=8020 7358 6432 662 2142 431 1711
is_linear=0
shrinkage=0.02


Tree=310
num_leaves=8
num_cat=0
split_feature=10 12 16 16 12 0 52
split_gain=2716.91 1857.04 1735.89 1682.11 1611.86 1531.43 1721.62
threshold=18502.500000000004 11.290000000000001 0.35685000000000006 0.72145000000000015 67.38000000000001 56.500000000000007 75.385000000000005
decision_type=2 2 2 2 2 2 2
left_child=2 -2 -1 5 -4 6 -3
right_child=1 3 4 -5 -6 -7 -8
leaf_value=-0.05331123816560962 -0.039421277160038341 -0.0029082571490753571 -0.01694819105886395 0.0500834572960661 0.041199465975028653 0.030819815560059031 0.036743618414682939
leaf_weight=459 318 3685 1526 383 213 876 492
leaf_count=459 318 3685 1526 383 213 876 492
internal_value=-4.03337e-05 0.00718557 -0.0189299 0.00994574 -0.00972832 0.00685693 0.0018006
internal_weight=7952 5754 2198 5436 1739 5053 4177
internal_count=7952 5754 2198 5436 1739 5053 4177
is_linear=0
shrinkage=0.02


Tree=311
num_leaves=8
num_cat=0
split_feature=44 9 57 16 15 29 58
split_gain=3095.24 2181.12 2170.08 1979.1 1871.01 1655.86 2018.15
threshold=1.0000000180025095e-35 12.500000000000002 11.340000000000002 0.68400000000000005 1.5000000000000002 1.0000000180025095e-35 33.795000000000009
decision_type=2 2 2 2 2 2 2
left_child=2 3 -1 4 -2 -4 -7
right_child=1 -3 5 -5 -6 6 -8
leaf_value=0.043032968123443427 0.0045395141693104048 0.039682861555070399 -0.043910367237740257 0.033542468353039416 -0.02648600596431451 0.062301721071336892 -0.031118331409868649
leaf_weight=171 3913 728 1089 732 965 144 239
leaf_count=171 3913 728 1089 732 965 144 239
internal_value=0.000892646 0.00723675 -0.0235279 0.00299469 -0.00161901 -0.0313797 0.00435589
internal_weight=7981 6338 1643 5610 4878 1472 383
internal_count=7981 6338 1643 5610 4878 1472 383
is_linear=0
shrinkage=0.02


Tree=312
num_leaves=8
num_cat=0
split_feature=52 16 9 21 8 40 52
split_gain=2790.44 2106.5 2036.1 1905.26 1894.82 1766.7 1754.07
threshold=32.615000000000002 0.32955000000000007 3.5000000000000004 453759.60000000003 47.245000000000012 70.715000000000018 83.715000000000018
decision_type=2 2 2 8 2 2 2
left_child=1 -1 5 -4 6 -3 -2
right_child=4 2 3 -5 -6 -7 -8
leaf_value=-0.066956578803867656 0.0088550817499292028 -0.04495518261504769 0.042311466038388847 -0.02264543812631107 -0.023299641461039137 0.06208447113973966 0.055306641369405871
leaf_weight=317 5245 626 398 323 689 64 342
leaf_count=317 5245 626 398 323 689 64 342
internal_value=0.00168455 -0.0207842 -0.0102112 0.0132559 0.0078826 -0.0346516 0.0117455
internal_weight=8004 1728 1411 721 6276 690 5587
internal_count=8004 1728 1411 721 6276 690 5587
is_linear=0
shrinkage=0.02


Tree=313
num_leaves=8
num_cat=0
split_feature=41 12 16 64 9 8 15
split_gain=2342.1 2244.23 1766.65 1524.56 1833.66 1398.05 1288.78
threshold=15.475000000000003 79.110000000000014 0.57745000000000013 1.5000000000000002 12.500000000000002 21.475000000000005 1.5000000000000002
decision_type=2 2 2 2 2 2 2
left_child=5 2 3 -2 6 -1 -5
right_child=1 -3 -4 4 -6 -7 -8
leaf_value=0.0028698967505585067 -0.049035533872743446 0.040382414911505363 0.014073687939123494 -0.0037785567268735078 0.02681914484321718 -0.088103906381478969 -0.031876544565967266
leaf_weight=105 325 564 2184 3169 638 183 818
leaf_count=105 325 564 2184 3169 638 183 818
internal_value=4.66149e-05 0.00215765 -0.000890496 -0.00750041 -0.00453193 -0.0554534 -0.00957604
internal_weight=7986 7698 7134 4950 4625 288 3987
internal_count=7986 7698 7134 4950 4625 288 3987
is_linear=0
shrinkage=0.02


Tree=314
num_leaves=8
num_cat=0
split_feature=16 55 41 34 51 16 10
split_gain=2805.34 2355.67 1764.52 2184.98 1761.58 1997.96 1712.09
threshold=0.72825000000000006 55.685000000000009 36.045000000000009 3.5000000000000004 41.355000000000011 0.35455000000000009 20381.900000000005
decision_type=2 2 2 2 2 2 2
left_child=1 2 3 4 5 -1 -3
right_child=-2 6 -4 -5 -6 -7 -8
leaf_value=-0.086599672163138172 0.045104172092277475 -0.065642649470192327 0.0075788242222891945 0.058425002227530637 0.016019255088665238 -0.021690662294298221 -0.011249894801109472
leaf_weight=247 522 361 4922 134 319 790 637
leaf_count=247 522 361 4922 134 319 790 637
internal_value=0.000517481 -0.00265174 0.00180536 -0.017228 -0.0248912 -0.0374925 -0.0311542
internal_weight=7932 7410 6412 1490 1356 1037 998
internal_count=7932 7410 6412 1490 1356 1037 998
is_linear=0
shrinkage=0.02


Tree=315
num_leaves=8
num_cat=0
split_feature=52 31 55 54 64 41 34
split_gain=2794.32 2146.7 1636.18 1532.33 1213.58 1318.04 1192.61
threshold=53.57500000000001 1.0000000180025095e-35 54.735000000000007 84.985000000000014 4.5000000000000009 55.555000000000007 3.5000000000000004
decision_type=2 2 2 2 2 2 2
left_child=1 2 3 -1 5 6 -3
right_child=-2 4 -4 -5 -6 -7 -8
leaf_value=0.0030956477952764441 0.014102127820512074 -0.020974033487968932 -0.067422405502961635 -0.03503060318002555 0.035989195519739114 0.015817183418477553 0.036825909329578285
leaf_weight=768 3235 1352 312 928 351 879 155
leaf_count=768 3235 1352 312 928 351 879 155
internal_value=-0.000218873 -0.00998707 -0.0256649 -0.0178075 0.00154082 -0.00359148 -0.014927
internal_weight=7980 4745 2008 1696 2737 2386 1507
internal_count=7980 4745 2008 1696 2737 2386 1507
is_linear=0
shrinkage=0.02


Tree=316
num_leaves=8
num_cat=0
split_feature=40 55 16 9 17 64 16
split_gain=2538.17 2523.08 2236.47 2517.74 1579.12 1498.38 1637.59
threshold=84.560000000000016 55.055000000000007 0.68400000000000005 3.5000000000000004 73204.400000000009 1.5000000000000002 0.39445000000000002
decision_type=2 2 2 2 2 2 2
left_child=1 2 3 4 -1 6 -5
right_child=-2 -3 -4 5 -6 -7 -8
leaf_value=-0.021216421804990233 0.05232684089484587 -0.03037158195195222 0.033434232040646543 -0.1113401786534183 0.037291469984501599 0.013359837748044882 0.006977628804407679
leaf_weight=2450 341 1144 780 78 195 2871 106
leaf_count=2450 341 1144 780 78 195 2871 106
internal_value=-0.000654684 -0.00305714 0.00178474 -0.00257175 -0.0168408 0.0097896 -0.0447974
internal_weight=7965 7624 6480 5700 2645 3055 184
internal_count=7965 7624 6480 5700 2645 3055 184
is_linear=0
shrinkage=0.02


Tree=317
num_leaves=8
num_cat=0
split_feature=12 44 57 51 16 15 41
split_gain=2338.16 2227.04 1971.18 1729.31 1751.9 1904.6 1750.1
threshold=77.385000000000005 1.0000000180025095e-35 34.005000000000003 32.095000000000006 0.38165000000000004 1.5000000000000002 33.255000000000003
decision_type=2 2 2 2 2 2 2
left_child=1 2 -1 4 5 6 -3
right_child=-2 3 -4 -5 -6 -7 -8
leaf_value=0.00025067213590679728 0.036662806046359679 -0.079999645835207411 -0.045657479554234881 0.017426151904003588 0.002769934378647912 -0.085126189030322832 0.001934133791772608
leaf_weight=713 675 124 782 2205 2737 189 543
leaf_count=713 675 124 782 2205 2737 189 543
internal_value=0.00119286 -0.00211291 -0.023835 0.00350378 -0.00505263 -0.0299356 -0.0137798
internal_weight=7968 7293 1495 5798 3593 856 667
internal_count=7968 7293 1495 5798 3593 856 667
is_linear=0
shrinkage=0.02


Tree=318
num_leaves=8
num_cat=0
split_feature=41 64 33 40 8 33 9
split_gain=2249.44 2081.59 1788.56 1719.73 1666.96 1803.09 1547.37
threshold=23.855000000000004 1.0000000180025095e-35 4.5000000000000009 5.6100000000000003 47.245000000000012 1.0000000180025095e-35 8.5000000000000018
decision_type=2 2 2 2 2 2 2
left_child=2 -2 6 -3 5 -5 -1
right_child=1 3 -4 4 -6 -7 -8
leaf_value=-0.063732334437736113 -0.12881206085073188 -0.099327608727746541 0.049462088054466634 -0.035756230817730827 -0.021656549330052909 0.011519005138628064 0.0061435293016976191
leaf_weight=461 42 58 88 336 792 6075 173
leaf_count=461 42 58 88 336 792 6075 173
internal_value=0.000531115 0.00386845 -0.0330203 0.00472403 0.00563019 0.00901538 -0.0447664
internal_weight=8025 7303 722 7261 7203 6411 634
internal_count=8025 7303 722 7261 7203 6411 634
is_linear=0
shrinkage=0.02


Tree=319
num_leaves=8
num_cat=0
split_feature=16 12 10 51 41 14 12
split_gain=2783.29 2464.69 2659.48 2396.72 2450.48 1646.97 2123.24
threshold=0.72825000000000006 45.145000000000003 12878.85 32.095000000000006 29.290000000000003 17.895000000000003 28.005000000000006
decision_type=2 2 2 2 2 2 2
left_child=1 2 5 4 -4 -1 -7
right_child=-2 -3 3 -5 -6 6 -8
leaf_value=-0.018942847952782036 0.041842519097754341 0.0073096491845444566 -0.079427891394007022 0.014431911494410022 -0.012558534678237358 -0.024512794065247676 -0.12488282372253111
leaf_weight=329 566 3800 251 1191 1547 152 193
leaf_count=329 566 3800 251 1191 1547 152 193
internal_value=-0.000717046 -0.00397065 -0.0156669 -0.00753635 -0.0220878 -0.0514024 -0.0816437
internal_weight=8029 7463 3663 2989 1798 674 345
internal_count=8029 7463 3663 2989 1798 674 345
is_linear=0
shrinkage=0.02


Tree=320
num_leaves=8
num_cat=0
split_feature=31 52 48 37 16 49 55
split_gain=2605.22 1848.18 1432.12 1311.69 1524.5 1423.5 1135.64
threshold=1.0000000180025095e-35 52.425000000000004 18.500000000000004 0.050650000000000008 0.50895000000000012 49.500000000000007 55.055000000000007
decision_type=2 2 2 2 2 2 2
left_child=1 2 6 4 -3 -6 -1
right_child=-2 3 -4 -5 5 -7 -8
leaf_value=-0.015878419361599845 0.0088364423085175153 -0.044814987254176437 -0.1007795137733221 0.024533593693073459 -0.0049634274015318879 0.093216870259231241 -0.058562492964957469
leaf_weight=1549 4677 349 95 630 349 66 294
leaf_count=1549 4677 349 95 630 349 66 294
internal_value=-0.000788034 -0.0142905 -0.0268982 0.00327067 -0.0143084 0.0115746 -0.0228275
internal_weight=8009 3332 1938 1394 764 415 1843
internal_count=8009 3332 1938 1394 764 415 1843
is_linear=0
shrinkage=0.02


Tree=321
num_leaves=8
num_cat=0
split_feature=64 45 64 9 8 42 57
split_gain=2573.27 2377.58 3222.98 1847.62 1882.73 1818.68 2341.79
threshold=1.0000000180025095e-35 1.0000000180025095e-35 3.5000000000000004 4.5000000000000009 53.770000000000003 58.725000000000009 39.655000000000008
decision_type=2 2 2 2 2 2 2
left_child=-1 3 5 4 -2 6 -3
right_child=1 2 -4 -5 -6 -7 -8
leaf_value=-0.12674783150665461 0.0057372343886882473 -0.018015436271048294 0.0074246287322032893 0.03016981548562182 -0.072262854621206463 -0.0018323222741278981 -0.070260077273460481
leaf_weight=59 1781 836 2363 1464 128 792 583
leaf_count=59 1781 836 2363 1464 128 792 583
internal_value=-0.000436825 0.000580037 -0.00881038 0.0133082 0.000332153 -0.0261391 -0.0396516
internal_weight=8006 7947 4574 3373 1909 2211 1419
internal_count=8006 7947 4574 3373 1909 2211 1419
is_linear=0
shrinkage=0.02


Tree=322
num_leaves=8
num_cat=0
split_feature=12 43 31 42 42 42 42
split_gain=2645.81 1842.22 1674.37 1655.22 2104.55 1526.95 1351.43
threshold=19.605000000000004 1.0000000180025095e-35 1.0000000180025095e-35 47.275000000000013 52.155000000000008 61.685000000000009 12.335000000000003
decision_type=2 2 2 2 2 2 2
left_child=-1 2 3 -2 -5 -6 -4
right_child=1 -3 6 4 5 -7 -8
leaf_value=-0.028497090016577738 -0.062573368784315811 0.012211545021018178 -0.082907053360572219 0.10148289067670703 -0.082580595158897679 0.011769588743731128 0.011419891930390669
leaf_weight=991 387 5263 60 59 108 172 929
leaf_count=991 387 5263 60 59 108 172 929
internal_value=0.00199928 0.00634761 -0.0116308 -0.0345858 -0.00219036 -0.0254329 0.00530908
internal_weight=7969 6978 1715 726 339 280 989
internal_count=7969 6978 1715 726 339 280 989
is_linear=0
shrinkage=0.02


Tree=323
num_leaves=8
num_cat=0
split_feature=16 8 33 38 44 12 56
split_gain=2253.14 1952 1377.24 1351.31 1306.49 1240.19 1264.65
threshold=0.50695000000000012 24.685000000000006 5.5000000000000009 89407.400000000009 1.0000000180025095e-35 32.755000000000003 45.975000000000001
decision_type=2 2 2 8 2 2 2
left_child=1 3 4 -1 -3 -2 -7
right_child=5 2 -4 -5 -6 6 -8
leaf_value=0.017508209102705136 -0.0082131764995200338 -0.056784698757038045 0.047283863207307937 -0.015980351696811165 -0.018644955117288139 0.024947400467090614 -0.008791675730994401
leaf_weight=1177 1014 447 102 809 1804 2080 562
leaf_count=1177 1014 447 102 809 1804 2080 562
internal_value=-0.000998514 -0.0107388 -0.0230433 0.00386072 -0.0263278 0.0105603 0.0177675
internal_weight=7995 4339 2353 1986 2251 3656 2642
internal_count=7995 4339 2353 1986 2251 3656 2642
is_linear=0
shrinkage=0.02


Tree=324
num_leaves=8
num_cat=0
split_feature=16 41 66 66 41 55 41
split_gain=2665.32 2891.66 2507.94 1826.35 1684.65 1434.19 1357
threshold=0.72825000000000006 23.855000000000004 0.56250000000000011 1.0000000180025095e-35 31.225000000000005 48.605000000000011 73.515000000000015
decision_type=2 2 2 2 2 2 2
left_child=1 2 -1 -3 -2 -5 -7
right_child=4 3 -4 5 -6 6 -8
leaf_value=-0.05789128340818428 0.12731092001252536 -0.045097417481968882 0.055390110623378022 0.0094168628318874112 0.027086945927999533 -0.016268161705672638 0.030163104012409164
leaf_weight=588 74 334 86 4206 480 1965 284
leaf_count=588 74 334 86 4206 480 1965 284
internal_value=-0.000630648 -0.00378331 -0.0431355 0.000152376 0.0414933 0.00252682 -0.010351
internal_weight=8017 7463 674 6789 554 6455 2249
internal_count=8017 7463 674 6789 554 6455 2249
is_linear=0
shrinkage=0.02


Tree=325
num_leaves=8
num_cat=0
split_feature=16 66 9 41 41 42 16
split_gain=2919.25 2132.68 1990.85 2637.95 1974.25 1610.96 1502.85
threshold=0.72825000000000006 0.68750000000000011 12.500000000000002 14.405000000000003 79.385000000000005 4.6300000000000017 0.57545000000000013
decision_type=2 2 2 2 2 2 2
left_child=1 2 3 -1 5 -5 -7
right_child=-2 -3 -4 4 -6 6 -8
leaf_value=-0.079762856144280664 0.042562248367322968 0.05493592687768041 0.022048685054760427 -0.10174159056180485 0.03244591566009427 -0.015887813593633969 0.0072877650007761334
leaf_weight=205 569 231 875 72 450 4117 1533
leaf_count=205 569 231 875 72 450 4117 1533
internal_value=-0.000906534 -0.00423807 -0.00615951 -0.0100442 -0.00766589 -0.010846 -0.00959876
internal_weight=8052 7483 7252 6377 6172 5722 5650
internal_count=8052 7483 7252 6377 6172 5722 5650
is_linear=0
shrinkage=0.02


Tree=326
num_leaves=8
num_cat=0
split_feature=16 9 8 40 45 10 64
split_gain=2897.8 2096.08 2065.19 2100.95 2031.76 1767.26 1506.76
threshold=0.38705000000000006 4.5000000000000009 41.515000000000008 30.985000000000003 1.0000000180025095e-35 12000.050000000001 4.5000000000000009
decision_type=2 2 2 2 2 2 2
left_child=6 2 -2 -4 -3 -6 -1
right_child=1 4 3 -5 5 -7 -8
leaf_value=-0.024658386198801018 0.0048070740878510482 0.043870951203886774 -0.12134888041143617 -0.019308439809994523 -0.061004998316647303 0.013971230468833709 0.033246928277717094
leaf_weight=2014 3016 990 91 526 137 1096 193
leaf_count=2014 3016 990 91 526 137 1096 193
internal_value=-2.61876e-05 0.00733511 -0.00202862 -0.0352127 0.0226083 0.0054278 -0.0195309
internal_weight=8063 5856 3633 617 2223 1233 2207
internal_count=8063 5856 3633 617 2223 1233 2207
is_linear=0
shrinkage=0.02


Tree=327
num_leaves=8
num_cat=0
split_feature=45 55 41 13 34 41 62
split_gain=1985.05 1555.01 1305.37 1466.09 1412.93 1478.6 1060.89
threshold=1.0000000180025095e-35 37.07500000000001 73.915000000000006 431.15000000000003 3.5000000000000004 14.405000000000003 1.0000000180025095e-35
decision_type=2 2 2 2 2 2 2
left_child=2 -2 3 4 5 -1 -7
right_child=1 -3 -4 -5 -6 6 -8
leaf_value=-0.069024497116605438 0.015903573933975783 -0.013976053551568796 0.048627459344440613 0.057497780587030867 0.049776100097870341 0.011385644659423152 -0.01658950359901161
leaf_weight=115 853 3712 340 214 240 1764 777
leaf_count=115 853 3712 340 214 240 1764 777
internal_value=0.000267479 -0.00838156 0.0117074 0.0075995 0.00381952 -0.000418912 0.00281548
internal_weight=8015 4565 3450 3110 2896 2656 2541
internal_count=8015 4565 3450 3110 2896 2656 2541
is_linear=0
shrinkage=0.02


Tree=328
num_leaves=8
num_cat=0
split_feature=41 66 16 31 41 13 16
split_gain=2475.73 2410.32 2119.34 2161.16 2007.76 1408.32 1726.84
threshold=23.250000000000004 0.56250000000000011 0.57745000000000013 1.0000000180025095e-35 82.410000000000011 415.75000000000006 0.33955000000000007
decision_type=2 2 2 2 2 2 2
left_child=1 5 3 4 -2 6 -1
right_child=2 -3 -4 -5 -6 -7 -8
leaf_value=-0.13609762351143928 -0.025448920045887124 0.058736710137390825 0.018062597029155091 0.0054207140795930675 0.063600441076534106 0.033098918199539182 -0.044562919021753425
leaf_weight=100 1990 86 2209 3040 102 66 435
leaf_count=100 1990 86 2209 3040 102 66 435
internal_value=-0.00170192 -0.0378654 0.00170587 -0.00534539 -0.0209658 -0.0520593 -0.062774
internal_weight=8028 687 7341 5132 2092 601 535
internal_count=8028 687 7341 5132 2092 601 535
is_linear=0
shrinkage=0.02


Tree=329
num_leaves=8
num_cat=0
split_feature=66 66 44 57 50 47 45
split_gain=2284.21 1463.48 1310.36 1742.64 1466.78 1661.93 1565.64
threshold=1.0000000180025095e-35 0.68750000000000011 1.0000000180025095e-35 7.9050000000000011 1.0000000180025095e-35 3.5000000000000004 1.0000000180025095e-35
decision_type=2 2 2 2 2 2 2
left_child=-1 2 3 -2 6 -6 -5
right_child=1 -3 -4 4 5 -7 -8
leaf_value=-0.046913144746535941 0.061253066797048679 0.051771325204889154 0.005157143165753688 0.049672146742418412 -0.087095261976574689 -0.022015806838424634 -0.024529910077425568
leaf_weight=390 104 228 5781 195 197 731 259
leaf_count=390 104 228 5781 195 197 731 259
internal_value=-3.68191e-05 0.00243203 0.000849487 -0.0158697 -0.0218734 -0.0362239 0.00753493
internal_weight=7885 7495 7267 1486 1382 928 454
internal_count=7885 7495 7267 1486 1382 928 454
is_linear=0
shrinkage=0.02


Tree=330
num_leaves=8
num_cat=0
split_feature=16 9 45 40 43 34 13
split_gain=2323.28 2233.14 2968.77 2186.54 1525.92 1520.38 1659.63
threshold=0.33955000000000007 4.5000000000000009 1.0000000180025095e-35 45.705000000000005 1.0000000180025095e-35 1.5000000000000002 391.55000000000007
decision_type=2 2 2 2 2 2 2
left_child=-1 3 -3 4 -2 6 -6
right_child=1 2 -4 -5 5 -7 -8
leaf_value=-0.022874735136163022 -0.055121928946765486 0.043479682441233257 0.00052322806494678681 0.007208040833154703 -0.019886754872045706 0.010889475414353162 -0.11962420062794361
leaf_weight=1434 426 1151 1452 2498 397 592 76
leaf_count=1434 426 1151 1452 2498 397 592 76
internal_value=0.000150575 0.00517296 0.0195647 -0.00423106 -0.023356 -0.0104514 -0.0369959
internal_weight=8026 6592 2603 3989 1491 1065 473
internal_count=8026 6592 2603 3989 1491 1065 473
is_linear=0
shrinkage=0.02


Tree=331
num_leaves=8
num_cat=1
split_feature=43 41 64 40 55 33 7
split_gain=2294.33 1579.08 1509.08 1618.79 1407.61 1225.73 1225.5
threshold=1.0000000180025095e-35 18.610000000000003 1.0000000180025095e-35 31.265000000000004 55.685000000000009 1.0000000180025095e-35 0
decision_type=2 2 2 2 2 2 1
left_child=2 -2 -1 -4 6 -3 -5
right_child=1 5 3 4 -6 -7 -8
leaf_value=-0.12928998521417379 -0.040837112173726757 -0.034139177901736387 -0.050698572469001085 -0.016180185964159786 -0.055162368436115536 0.0086294434938109718 0.023371325179344492
leaf_weight=45 291 277 451 726 207 5459 528
leaf_count=45 291 277 451 726 207 5459 528
internal_value=-0.00189512 0.00421688 -0.0206811 -0.0177944 -0.00749885 0.00653615 0.00055688
internal_weight=7984 6027 1957 1912 1461 5736 1254
internal_count=7984 6027 1957 1912 1461 5736 1254
cat_boundaries=0 1
cat_threshold=34
is_linear=0
shrinkage=0.02


Tree=332
num_leaves=8
num_cat=0
split_feature=34 44 43 8 12 16 12
split_gain=2021.5 2028.52 1427.18 1742.84 1530.35 1333.53 1364.38
threshold=3.5000000000000004 1.0000000180025095e-35 1.0000000180025095e-35 53.770000000000003 77.385000000000005 0.35085000000000005 19.605000000000004
decision_type=2 2 2 2 2 2 2
left_child=1 2 -1 4 -4 6 -3
right_child=-2 5 3 -5 -6 -7 -8
leaf_value=-0.056514888979158455 0.032300130385067717 -0.073015551839778634 -0.012165997635616148 -0.10099980780991112 0.078915650352835653 0.0067158360454923115 -0.0087442286722060406
leaf_weight=394 692 148 948 77 75 4679 983
leaf_count=394 692 148 948 77 75 4679 983
internal_value=-0.000244079 -0.00334739 -0.024091 -0.0122741 -0.0051371 0.0020028 -0.017439
internal_weight=7996 7304 1494 1100 1023 5810 1131
internal_count=7996 7304 1494 1100 1023 5810 1131
is_linear=0
shrinkage=0.02


Tree=333
num_leaves=8
num_cat=0
split_feature=12 55 21 66 52 55 10
split_gain=2673.62 2478.61 1464.18 1449.01 1301.67 1268.74 1093.8
threshold=77.385000000000005 55.055000000000007 211538.45000000004 0.68750000000000011 33.815000000000005 37.995000000000012 14237.750000000002
decision_type=2 2 10 2 2 2 2
left_child=1 3 -3 4 -1 -6 -7
right_child=-2 2 -4 -5 5 6 -8
leaf_value=-0.017451471924887659 0.036563798509235863 -0.054495561259971292 -0.0085279010472584255 0.055214744412780847 0.021748248776665414 -0.024989773401909849 0.0034311405681826321
leaf_weight=1517 682 567 542 181 1176 676 2643
leaf_count=1517 682 567 542 181 1176 676 2643
internal_value=-0.00115857 -0.00470441 -0.032169 0.000235739 -0.00146399 0.00394496 -0.00238639
internal_weight=7984 7302 1109 6193 6012 4495 3319
internal_count=7984 7302 1109 6193 6012 4495 3319
is_linear=0
shrinkage=0.02


Tree=334
num_leaves=8
num_cat=0
split_feature=41 33 14 12 41 33 13
split_gain=2350.55 1835.32 1481.81 1442.59 1403.35 1376.5 1481.98
threshold=20.030000000000005 1.0000000180025095e-35 12.975000000000003 77.385000000000005 78.865000000000023 4.5000000000000009 402.75000000000006
decision_type=2 2 2 2 2 2 2
left_child=5 2 -2 4 -3 6 -1
right_child=1 3 -4 -5 -6 -7 -8
leaf_value=-0.070984764478578571 0.021005553941524355 -0.0012817920728313754 -0.067533228830020872 0.033584411117610416 0.032637148209112621 0.041104801960721402 0.033202747251048235
leaf_weight=366 104 6009 254 607 526 64 61
leaf_count=366 104 6009 254 607 526 64 61
internal_value=-0.00079214 0.00199517 -0.0418774 0.00422209 0.0014712 -0.0429591 -0.0558888
internal_weight=7991 7500 358 7142 6535 491 427
internal_count=7991 7500 358 7142 6535 491 427
is_linear=0
shrinkage=0.02


Tree=335
num_leaves=8
num_cat=0
split_feature=55 16 33 40 9 44 8
split_gain=2127.77 2220.66 1458.67 1371.25 1540.11 1712.56 1690.76
threshold=55.055000000000007 0.76640000000000008 1.5000000000000002 72.305000000000021 4.5000000000000009 1.0000000180025095e-35 54.410000000000004
decision_type=2 2 2 2 2 2 2
left_child=1 3 -2 4 6 -6 -1
right_child=2 -3 -4 -5 5 -7 -8
leaf_value=-0.0062124700637094764 -0.063201002712911097 0.062788538149230785 -0.011236057996654572 0.026234342103014906 -0.021867841859678116 0.019200136381331875 -0.067948960908663966
leaf_weight=2932 278 254 927 879 503 2030 184
leaf_count=2932 278 254 927 879 503 2030 184
internal_value=0.000997314 0.00535265 -0.0234363 0.00307151 -0.0005527 0.0110179 -0.00996103
internal_weight=7987 6782 1205 6528 5649 2533 3116
internal_count=7987 6782 1205 6528 5649 2533 3116
is_linear=0
shrinkage=0.02


Tree=336
num_leaves=8
num_cat=0
split_feature=12 64 16 10 22 16 53
split_gain=2263.53 1976.58 1618.91 1548.72 1261.35 1390.72 1203.77
threshold=22.085000000000004 1.0000000180025095e-35 0.59965000000000013 14569.450000000003 28469.050000000003 0.42505000000000004 47.025000000000013
decision_type=2 2 2 2 2 2 2
left_child=4 -2 3 -3 5 6 -1
right_child=1 2 -4 -5 -6 -7 -8
leaf_value=-0.090630313568737048 -0.11713376237509343 -0.022792160969770311 0.023274703214888396 0.0061017942493463437 -0.11201470812241877 -0.0019847821625112332 -0.021304699726749917
leaf_weight=157 47 901 1735 4095 57 716 274
leaf_count=157 47 901 1735 4095 57 716 274
internal_value=0.00122357 0.00571645 0.00666058 0.000873357 -0.0239885 -0.0191468 -0.0473076
internal_weight=7982 6778 6731 4996 1204 1147 431
internal_count=7982 6778 6731 4996 1204 1147 431
is_linear=0
shrinkage=0.02


Tree=337
num_leaves=8
num_cat=0
split_feature=52 43 40 22 9 55 37
split_gain=2144.24 1695.8 1611.36 2067.73 1409.77 1386.63 1240.67
threshold=67.205000000000013 1.0000000180025095e-35 34.475000000000001 26657.500000000004 4.5000000000000009 54.605000000000011 0.19525000000000003
decision_type=2 2 2 2 2 2 2
left_child=1 2 4 5 -1 -4 -7
right_child=-2 -3 3 -5 -6 6 -8
leaf_value=-0.080970599637984378 0.022328593162283732 0.0020200038889364291 0.0098840677339936418 -0.11134150991837183 -0.016539328808801761 -0.086530289892405271 0.020399234834788501
leaf_weight=274 1524 4848 882 67 271 120 64
leaf_count=274 1524 4848 882 67 271 120 64
internal_value=0.00100927 -0.00398266 -0.0212797 -0.00760822 -0.0493739 -0.000599039 -0.0497817
internal_weight=8050 6526 1678 1133 545 1066 184
internal_count=8050 6526 1678 1133 545 1066 184
is_linear=0
shrinkage=0.02


Tree=338
num_leaves=8
num_cat=0
split_feature=12 64 66 8 17 8 9
split_gain=2426.93 1653.09 1745.67 1775.7 1973.06 1686.18 1633.6
threshold=77.385000000000005 4.5000000000000009 0.56250000000000011 25.635000000000002 35017.80000000001 54.410000000000004 5.5000000000000009
decision_type=2 2 2 2 2 2 2
left_child=1 2 3 -1 5 -5 -7
right_child=-2 -3 -4 4 -6 6 -8
leaf_value=0.00072504199192877517 0.035827460773565564 0.029132470965597932 0.027168934005138309 -0.022459694416995565 0.012625401216107265 -0.10954910517540029 -0.01005001434082285
leaf_weight=3166 669 556 556 2112 568 181 104
leaf_count=3166 669 556 556 2112 568 181 104
internal_value=-0.00047398 -0.00384937 -0.00661141 -0.00969447 -0.0208028 -0.0287339 -0.0740399
internal_weight=7912 7243 6687 6131 2965 2397 285
internal_count=7912 7243 6687 6131 2965 2397 285
is_linear=0
shrinkage=0.02


Tree=339
num_leaves=8
num_cat=0
split_feature=12 55 40 33 58 10 12
split_gain=2149.23 1750.36 1766.89 1300.05 1161.13 1095.33 1401.39
threshold=43.755000000000003 54.735000000000007 7.5900000000000007 1.5000000000000002 24.605000000000004 12355.400000000001 39.125000000000007
decision_type=2 2 2 2 2 2 2
left_child=1 2 -1 4 -3 6 -4
right_child=-2 3 5 -5 -6 -7 -8
leaf_value=-0.10598243970034728 0.010489826441536114 -0.0075015533943565528 -0.012573018585104272 -0.024634780803532808 -0.13149806875108491 0.0032563619471099427 -0.096258550105672885
leaf_weight=62 4253 44 429 442 96 2554 94
leaf_count=62 4253 44 429 442 96 2554 94
internal_value=0.000783428 -0.0103099 -0.00437471 -0.0420113 -0.0941302 -0.00215875 -0.0283831
internal_weight=7974 3721 3139 582 140 3077 523
internal_count=7974 3721 3139 582 140 3077 523
is_linear=0
shrinkage=0.02


Tree=340
num_leaves=8
num_cat=0
split_feature=43 9 8 38 52 22 8
split_gain=2206.89 1942.93 1438.42 1426.59 1587.62 1498.07 1590.35
threshold=1.0000000180025095e-35 8.5000000000000018 54.410000000000004 17076.750000000004 39.615000000000002 22514.050000000003 16.565000000000001
decision_type=2 2 2 8 2 2 2
left_child=3 2 -2 5 -5 6 -1
right_child=1 -3 -4 4 -6 -7 -8
leaf_value=0.057932355341623831 0.0018508237730512781 0.026238317918438857 -0.041876501093269687 -0.069812112355328249 -0.017575097129623362 -0.064955199135001751 -0.0073094235684451345
leaf_weight=193 4396 1324 318 352 683 123 606
leaf_count=193 4396 1324 318 352 683 123 606
internal_value=-0.00110428 0.00488004 -0.00114021 -0.0195333 -0.035591 -0.00141286 0.00871213
internal_weight=7995 6038 4714 1957 1035 922 799
internal_count=7995 6038 4714 1957 1035 922 799
is_linear=0
shrinkage=0.02


Tree=341
num_leaves=8
num_cat=0
split_feature=12 66 42 31 57 48 68
split_gain=2185.58 1870.04 1579.96 1811.6 1242.16 1995.76 2016.99
threshold=65.815000000000012 0.68750000000000011 79.155000000000015 1.0000000180025095e-35 39.125000000000007 7.5000000000000009 1191334.8
decision_type=2 2 2 2 2 2 2
left_child=1 2 3 4 -1 6 -6
right_child=-2 -3 -4 -5 5 -7 -8
leaf_value=-0.01030038832096658 0.021961695013819612 0.056982165372852861 0.024864801768311878 0.00029719391323494232 -0.035424204010234273 -0.083485034817498013 0.054618087616133487
leaf_weight=1431 1541 187 582 3217 642 287 113
leaf_count=1431 1541 187 582 3217 642 287 113
internal_value=0.000600005 -0.00450955 -0.00638686 -0.00960245 -0.022455 -0.0390183 -0.021677
internal_weight=8000 6459 6272 5690 2473 1042 755
internal_count=8000 6459 6272 5690 2473 1042 755
is_linear=0
shrinkage=0.02


Tree=342
num_leaves=8
num_cat=1
split_feature=40 16 44 66 40 50 2
split_gain=2001.48 1850.68 1686.11 1716.64 1565.04 1229.06 1184
threshold=5.6100000000000003 0.77305000000000013 1.0000000180025095e-35 0.31250000000000006 50.105000000000011 1.0000000180025095e-35 0
decision_type=2 2 2 2 2 2 1
left_child=-1 2 3 6 5 -5 -2
right_child=1 -3 -4 4 -6 -7 -8
leaf_value=-0.078949055792320352 -0.0066637805962307534 0.05325135277346113 0.0042846862640785154 0.025548075826260553 0.03301930911385495 -0.044697985351775528 -0.061269953521295335
leaf_weight=121 264 261 6061 140 340 319 441
leaf_count=121 264 261 6061 140 340 319 441
internal_value=0.000128757 0.00140103 -0.00042185 -0.0193402 0.000763663 -0.0232278 -0.0419694
internal_weight=7947 7826 7565 1504 799 459 705
internal_count=7947 7826 7565 1504 799 459 705
cat_boundaries=0 1
cat_threshold=42
is_linear=0
shrinkage=0.02


Tree=343
num_leaves=8
num_cat=0
split_feature=40 45 9 40 21 65 66
split_gain=2267.67 1825.82 1617.84 1693.8 2115.67 1768.05 1598.3
threshold=8.9700000000000024 1.0000000180025095e-35 4.5000000000000009 63.125000000000007 297922.30000000005 0.69047619047619058 1.0000000180025095e-35
decision_type=2 2 2 2 8 2 2
left_child=-1 2 3 4 -2 -6 -3
right_child=1 6 -4 -5 5 -7 -8
leaf_value=-0.070808594457510504 0.030574970962074788 -0.060375463330485629 0.028543879819381602 0.032330580498646906 -0.037470475019760585 0.02984797109849751 -0.0041040249851909951
leaf_weight=172 363 207 1457 490 849 187 4266
leaf_count=172 363 207 1457 490 849 187 4266
internal_value=-1.79598e-05 0.00158353 0.0127477 0.000520724 -0.0106961 -0.0252344 -0.00677264
internal_weight=7991 7819 3346 1889 1399 1036 4473
internal_count=7991 7819 3346 1889 1399 1036 4473
is_linear=0
shrinkage=0.02


Tree=344
num_leaves=8
num_cat=0
split_feature=40 12 33 40 43 16 8
split_gain=1854.71 1862.19 2019.72 2178.61 1861.88 1644.52 1801.64
threshold=81.645000000000024 79.555000000000021 4.5000000000000009 8.9700000000000024 1.0000000180025095e-35 0.48315000000000002 25.635000000000002
decision_type=2 2 2 2 2 2 2
left_child=1 2 3 -1 -5 6 -6
right_child=-2 -3 -4 4 5 -7 -8
leaf_value=-0.080547172039656376 0.038621338530250238 0.033417774732151885 0.026737313039013361 -0.025533644224956506 0.0054081433440449642 0.011055814867751798 -0.030810895617849197
leaf_weight=159 467 539 716 1559 1089 2424 1101
leaf_count=159 467 539 716 1559 1089 2424 1101
internal_value=0.000153371 -0.00223831 -0.00498689 -0.00859241 -0.00667536 -0.000282695 -0.0128293
internal_weight=8054 7587 7048 6332 6173 4614 2190
internal_count=8054 7587 7048 6332 6173 4614 2190
is_linear=0
shrinkage=0.02


Tree=345
num_leaves=8
num_cat=0
split_feature=12 30 23 53 66 42 16
split_gain=1807.06 1226.88 1221.08 1431.39 1193.68 1434.31 1535.13
threshold=19.995000000000001 1.0000000180025095e-35 17.250000000000004 71.840000000000018 0.68750000000000011 9.1200000000000028 0.26805000000000007
decision_type=2 2 2 2 2 2 2
left_child=1 2 3 -1 5 -2 -7
right_child=4 -3 -4 -5 -6 6 -8
leaf_value=-0.039125734538595365 -0.049626281846244381 0.012692232352674455 -0.093848480117740107 0.037073891044904793 0.048304437969242581 -0.030574973147752239 0.0059824038428217194
leaf_weight=567 207 261 123 115 221 492 6086
leaf_count=567 207 261 123 115 221 492 6086
internal_value=-0.000610181 -0.0248063 -0.0369675 -0.0261005 0.00308645 0.00157913 0.00322696
internal_weight=8072 1066 805 682 7006 6785 6578
internal_count=8072 1066 805 682 7006 6785 6578
is_linear=0
shrinkage=0.02


Tree=346
num_leaves=8
num_cat=0
split_feature=55 12 16 8 17 16 66
split_gain=2049.36 2407.41 1599.29 1504.78 2217.47 1394.18 1509.18
threshold=55.055000000000007 80.110000000000014 0.77305000000000013 54.410000000000004 25007.650000000005 0.38705000000000006 0.18750000000000003
decision_type=2 2 2 2 2 2 2
left_child=2 5 3 -1 -5 -2 -7
right_child=1 -3 -4 4 -6 6 -8
leaf_value=0.0051637154934392037 -0.068489846769868343 0.076506322644902078 0.0542680836424052 -0.070558509245860074 0.021267551112940857 -0.066377041507702406 -0.0027097255975435798
leaf_weight=6139 297 84 244 254 174 191 622
leaf_count=6139 297 84 244 254 174 191 622
internal_value=0.000273045 -0.0238397 0.0045145 0.00262601 -0.0334128 -0.0317425 -0.0179815
internal_weight=8005 1194 6811 6567 428 1110 813
internal_count=8005 1194 6811 6567 428 1110 813
is_linear=0
shrinkage=0.02


Tree=347
num_leaves=8
num_cat=0
split_feature=9 16 12 14 16 51 58
split_gain=2005.45 1390.64 1031.11 1043.96 984.975 951.6 1201.2
threshold=12.500000000000002 0.38355000000000006 68.085000000000022 42.570000000000007 0.48315000000000002 12.735000000000001 43.640000000000008
decision_type=2 2 2 2 2 2 2
left_child=1 -1 3 5 -2 -3 -7
right_child=4 2 -4 -5 -6 6 -8
leaf_value=-0.017168283580152759 0.013485424121498755 -0.013254474718496825 0.022795781812301668 -0.039361332318392298 0.056230437068594215 -0.0018616169764098403 0.024119091622807849
leaf_weight=1734 576 1193 906 256 344 1916 1127
leaf_count=1734 576 1193 906 256 344 1916 1127
internal_value=0.00197905 -0.00161331 0.00339468 -0.000539365 0.0296859 0.00185046 0.00778433
internal_weight=8052 7132 5398 4492 920 4236 3043
internal_count=8052 7132 5398 4492 920 4236 3043
is_linear=0
shrinkage=0.02


Tree=348
num_leaves=8
num_cat=0
split_feature=64 40 16 8 17 55 68
split_gain=1736.91 1606.25 1858.73 1579.68 1756.42 1568.01 1376.37
threshold=1.0000000180025095e-35 5.6100000000000003 0.77305000000000013 50.695000000000007 5035.1000000000013 37.865000000000002 172585.30000000002
decision_type=2 2 2 2 2 2 2
left_child=-1 -2 3 5 -5 -3 -7
right_child=1 2 -4 4 -6 6 -8
leaf_value=-0.10767957808607716 -0.070191629973630751 0.021473024617849393 0.052139245100499852 -0.10145734316862381 -0.014295731256115623 -0.01969451740913197 0.0039275626585088272
leaf_weight=54 119 1488 284 106 569 1287 4170
leaf_count=54 119 1488 284 106 569 1287 4170
internal_value=0.00043991 0.00123424 0.0023533 0.000464783 -0.0286287 0.003311 -0.00165649
internal_weight=8077 8023 7904 7620 675 6945 5457
internal_count=8077 8023 7904 7620 675 6945 5457
is_linear=0
shrinkage=0.02


Tree=349
num_leaves=8
num_cat=0
split_feature=52 34 52 9 64 32 57
split_gain=1834.96 1937.25 1566.73 1508.26 1301.72 1544.48 1543.3
threshold=75.385000000000005 3.5000000000000004 15.630000000000001 12.500000000000002 4.5000000000000009 1.0000000180025095e-35 11.665000000000001
decision_type=2 2 2 2 2 2 2
left_child=1 2 -1 4 5 6 -4
right_child=-2 -3 3 -5 -6 -7 -8
leaf_value=-0.045648242506938302 0.026972290702512395 0.028672408874034883 0.034342708682171853 0.02163575736590477 0.027718762310050098 -0.029469966673061846 -0.0091608907242093154
leaf_weight=413 792 620 356 713 353 1418 3384
leaf_count=413 792 620 356 713 353 1418 3384
internal_value=-0.00183639 -0.00499686 -0.00816132 -0.00563919 -0.00918437 -0.0117343 -0.00497958
internal_weight=8049 7257 6637 6224 5511 5158 3740
internal_count=8049 7257 6637 6224 5511 5158 3740
is_linear=0
shrinkage=0.02


Tree=350
num_leaves=8
num_cat=0
split_feature=40 16 45 57 10 52 54
split_gain=2598.59 1821.18 1580.88 1809.29 1464.83 1362.75 1251.65
threshold=5.6100000000000003 0.50155000000000005 1.0000000180025095e-35 41.805000000000007 14569.450000000003 76.815000000000012 82.955000000000013
decision_type=2 2 2 2 2 2 2
left_child=-1 4 3 -3 -2 -5 -4
right_child=1 2 6 5 -6 -7 -8
leaf_value=-0.091084897801524303 -0.03216985620170109 0.043514233551902301 0.021320477124520971 -0.011067585485231764 -0.0014911433816125073 0.089498580599824587 -0.010931056427673502
leaf_weight=117 758 999 749 525 3385 55 1326
leaf_count=117 758 999 749 525 3385 55 1326
internal_value=0.000505854 0.00193774 0.0122216 0.0272679 -0.00713611 -0.000847702 0.000733848
internal_weight=7914 7797 3654 1579 4143 580 2075
internal_count=7914 7797 3654 1579 4143 580 2075
is_linear=0
shrinkage=0.02


Tree=351
num_leaves=8
num_cat=0
split_feature=9 45 64 64 64 8 21
split_gain=1884.02 1261.24 1581.47 1276.46 1625.23 1238.89 1175.74
threshold=4.5000000000000009 1.0000000180025095e-35 2.5000000000000004 1.5000000000000002 2.5000000000000004 31.175000000000004 150068.75000000003
decision_type=2 2 2 2 2 2 10
left_child=5 3 -3 -2 -5 6 -1
right_child=1 2 -4 4 -6 -7 -8
leaf_value=-0.012594349319822146 -0.022490093193832456 -0.045590163091071459 0.00829781588200839 0.060607778578450962 0.014798833957353558 -0.02158401499964889 0.012251443911848632
leaf_weight=1497 188 246 1644 507 796 1630 1541
leaf_count=1497 188 246 1644 507 796 1630 1541
internal_value=0.000685198 0.012045 0.00118204 0.025765 0.0327867 -0.00754672 7.8934e-06
internal_weight=8049 3381 1890 1491 1303 4668 3038
internal_count=8049 3381 1890 1491 1303 4668 3038
is_linear=0
shrinkage=0.02


Tree=352
num_leaves=8
num_cat=2
split_feature=44 16 7 12 50 33 1
split_gain=1980.79 1982.7 1428.43 1748.73 1292.09 1255.61 1147.57
threshold=1.0000000180025095e-35 0.57545000000000013 0 51.055000000000007 1.0000000180025095e-35 1.5000000000000002 1
decision_type=2 2 1 2 2 2 1
left_child=1 4 3 5 -1 -2 -6
right_child=2 -3 -4 -5 6 -7 -8
leaf_value=-0.0027520032652284736 -0.10878525439442861 0.014596369010653417 0.0084040663165052716 0.0284757547835006 -0.074058789972632072 -0.025744441274170936 -0.024466473281104118
leaf_weight=366 103 484 5913 153 362 238 395
leaf_count=366 103 484 5913 153 362 238 395
internal_value=0.000681411 -0.0191374 0.00566341 -0.0265335 -0.0336766 -0.0520367 -0.048512
internal_weight=8014 1607 6407 494 1123 341 757
internal_count=8014 1607 6407 494 1123 341 757
cat_boundaries=0 1 2
cat_threshold=32 2
is_linear=0
shrinkage=0.02


Tree=353
num_leaves=8
num_cat=0
split_feature=43 8 66 22 51 56 12
split_gain=1626.25 1631.24 1664 1297.27 1118.4 1655.22 1499.76
threshold=1.0000000180025095e-35 49.745000000000005 0.18750000000000003 9801.2500000000018 31.735000000000003 41.965000000000011 10.525
decision_type=2 2 2 2 2 2 2
left_child=1 2 3 -1 5 6 -2
right_child=4 -3 -4 -5 -6 -7 -8
leaf_value=0.035254986234333201 -0.057137386448448527 -0.075527690134079353 0.00075998130086292004 -0.060707660386061874 0.016730859386153089 -0.018041842459466027 0.013322544121930471
leaf_weight=64 123 159 1399 338 2313 1406 2183
leaf_count=64 123 159 1399 338 2313 1406 2183
internal_value=0.000682299 -0.0151194 -0.00959198 -0.0451846 0.00583105 -0.000974145 0.00944878
internal_weight=7985 1960 1801 402 6025 3712 2306
internal_count=7985 1960 1801 402 6025 3712 2306
is_linear=0
shrinkage=0.02


Tree=354
num_leaves=8
num_cat=1
split_feature=40 9 42 55 2 65 10
split_gain=2185.51 1980.65 1506.99 1498.07 1447.96 1306.17 1003.96
threshold=87.625000000000014 3.5000000000000004 2.3100000000000005 37.995000000000012 0 0.58571428571428574 35548.30000000001
decision_type=2 2 2 2 1 2 2
left_child=1 2 -1 -4 -3 -5 -7
right_child=-2 4 3 5 -6 6 -8
leaf_value=-0.12599637323099633 0.055164198329051332 0.023848233453620998 0.013146973098418365 -0.029761605411579458 -0.0011885757966805177 -0.021224553523805197 0.013310011150724563
leaf_weight=41 274 1451 816 1576 2503 630 712
leaf_count=41 274 1451 816 1576 2503 630 712
internal_value=0.000171067 -0.00181289 -0.0121666 -0.0107499 0.00807494 -0.0174435 -0.0029208
internal_weight=8003 7729 3775 3734 3954 2918 1342
internal_count=8003 7729 3775 3734 3954 2918 1342
cat_boundaries=0 1
cat_threshold=130
is_linear=0
shrinkage=0.02


Tree=355
num_leaves=8
num_cat=0
split_feature=55 12 34 42 0 16 16
split_gain=2311.81 2002.16 1566.28 1697.06 1556.73 1823.91 1359.72
threshold=55.685000000000009 80.110000000000014 1.5000000000000002 57.605000000000011 68.500000000000014 0.60625000000000007 0.17090000000000002
decision_type=2 2 2 2 2 2 2
left_child=4 2 3 -2 5 6 -1
right_child=1 -3 -4 -5 -6 -7 -8
leaf_value=-0.090361596850885281 -0.086850509333578046 0.076615305580730958 -0.010972421771899492 -0.0048187274928965605 0.044820525678702525 0.020096836527957448 -0.0027928373921961968
leaf_weight=67 316 65 542 148 355 1671 4804
leaf_count=67 316 65 542 148 355 1671 4804
internal_value=7.84868e-05 -0.0271888 -0.0342415 -0.0610155 0.00432931 0.00209951 -0.00408876
internal_weight=7968 1071 1006 464 6897 6542 4871
internal_count=7968 1071 1006 464 6897 6542 4871
is_linear=0
shrinkage=0.02


Tree=356
num_leaves=8
num_cat=1
split_feature=9 12 2 42 52 56 29
split_gain=1816.83 1469.81 1457.06 1443.14 1285.49 1206.1 1057.73
threshold=3.5000000000000004 45.970000000000006 0 22.760000000000002 63.135000000000012 30.435000000000006 1.0000000180025095e-35
decision_type=2 2 1 2 2 2 2
left_child=1 3 -2 -1 -4 -5 -7
right_child=2 -3 4 5 -6 6 -8
leaf_value=-0.079532164275849568 0.025546326236307287 0.0029254207466634435 -0.0074433466307462365 -0.061163059236239124 0.025816325926970616 -0.019034643976156135 0.019884173354460834
leaf_weight=153 1466 1965 1928 208 607 1261 354
leaf_count=153 1466 1965 1928 208 607 1261 354
internal_value=0.000308989 -0.00932341 0.00979673 -0.0214807 0.00055357 -0.0164044 -0.0104688
internal_weight=7942 3941 4001 1976 2535 1823 1615
internal_count=7942 3941 4001 1976 2535 1823 1615
cat_boundaries=0 1
cat_threshold=130
is_linear=0
shrinkage=0.02


Tree=357
num_leaves=8
num_cat=0
split_feature=16 44 9 12 15 47 59
split_gain=2010.34 2006.75 1454.19 1387.11 1383.86 1249.36 1307.63
threshold=0.59965000000000013 1.0000000180025095e-35 4.5000000000000009 70.565000000000012 1.5000000000000002 7.5000000000000009 1.0000000180025095e-35
decision_type=2 2 2 2 2 2 2
left_child=1 5 4 -2 -3 6 -1
right_child=3 2 -4 -5 -6 -7 -8
leaf_value=-0.05805432701498129 0.0089206463785205786 -0.0041607010817347927 0.010669446016406767 0.055672440888604735 -0.040948627701802569 0.0012541315857075399 -0.0024705563667957288
leaf_weight=626 1769 2025 2174 292 508 359 232
leaf_count=626 1769 2025 2174 292 508 359 232
internal_value=-0.00132735 -0.00724666 -0.00131667 0.0156631 -0.0116048 -0.0300829 -0.0431261
internal_weight=7985 5924 4707 2061 2533 1217 858
internal_count=7985 5924 4707 2061 2533 1217 858
is_linear=0
shrinkage=0.02


Tree=358
num_leaves=8
num_cat=0
split_feature=45 9 40 10 40 12 22
split_gain=2281.23 2444.58 2213.63 2592.24 1815.85 1530.07 1436.79
threshold=1.0000000180025095e-35 4.5000000000000009 30.690000000000001 12490.300000000001 18.925000000000004 26.080000000000002 8016.2000000000007
decision_type=2 2 2 2 2 2 2
left_child=1 4 3 -2 -1 -4 -5
right_child=2 -3 5 6 -6 -7 -8
leaf_value=-0.072841113850474357 -0.12635716613230666 0.03023153157166486 -0.03005449326198005 -0.13101610365462429 0.0018677643890023681 0.0019114696161882838 -0.015425298281578613
leaf_weight=135 118 1529 736 42 1844 3122 536
leaf_count=135 118 1529 736 42 1844 3122 536
internal_value=-0.000831422 0.0112812 -0.0101641 -0.0428599 -0.00339932 -0.00421776 -0.0248762
internal_weight=8062 3508 4554 696 1979 3858 578
internal_count=8062 3508 4554 696 1979 3858 578
is_linear=0
shrinkage=0.02


Tree=359
num_leaves=8
num_cat=0
split_feature=41 16 9 54 42 67 67
split_gain=1901.42 1927.35 1718.89 1289.45 2295.32 1486.72 1255.74
threshold=16.360000000000003 0.36050000000000004 1.5000000000000002 82.955000000000013 9.1200000000000028 21.282391666666673 23.887008173568699
decision_type=2 2 2 2 2 2 2
left_child=-1 2 -2 4 -3 -6 -5
right_child=1 3 -4 6 5 -7 -8
leaf_value=-0.048595200228575566 -0.063695671442482199 -0.11082174021118092 -0.0085676296369004805 0.0027420206595727453 0.017535027612956406 0.079896494824729283 -0.045848830237786853
leaf_weight=311 265 48 1410 3621 1905 162 221
leaf_count=311 265 48 1410 3621 1905 162 221
internal_value=-0.000520296 0.00146926 -0.017453 0.00680003 0.0193213 0.0226036 -0.000108986
internal_weight=7943 7632 1675 5957 2115 2067 3842
internal_count=7943 7632 1675 5957 2115 2067 3842
is_linear=0
shrinkage=0.02


Tree=360
num_leaves=8
num_cat=1
split_feature=55 9 42 4 12 24 42
split_gain=1709.37 1384.65 1361.31 1196.55 1271.46 1108.35 1015.39
threshold=48.605000000000011 3.5000000000000004 49.640000000000008 0 45.745000000000012 1.5000000000000002 68.115000000000023
decision_type=2 2 2 1 2 2 2
left_child=1 2 5 4 -2 -1 -5
right_child=3 -3 -4 6 -6 -7 -8
leaf_value=-0.040710502019066598 -0.029676512209559552 0.016638864202486305 0.0095405309642733575 -0.029057157903509934 0.022482301718939054 -0.0013762243277465802 0.0064440702321459939
leaf_weight=540 263 2694 1355 1514 614 605 407
leaf_count=540 263 2694 1355 1514 614 605 407
internal_value=-8.28974e-05 0.0067045 -0.00401261 -0.012672 0.00668525 -0.0200232 -0.0214271
internal_weight=7992 5194 2500 2798 877 1145 1921
internal_count=7992 5194 2500 2798 877 1145 1921
cat_boundaries=0 1
cat_threshold=6
is_linear=0
shrinkage=0.02


Tree=361
num_leaves=8
num_cat=0
split_feature=12 41 43 51 12 15 22
split_gain=1769.31 1726.44 1948.06 1269.69 1367.68 1322.25 1014.6
threshold=68.085000000000022 58.735000000000007 1.0000000180025095e-35 29.395000000000003 7.3150000000000004 1.0000000180025095e-35 26939.100000000002
decision_type=2 2 2 2 2 2 2
left_child=1 2 6 4 -4 -6 -1
right_child=-2 -3 3 -5 5 -7 -8
leaf_value=-0.026576597165057367 0.022877800030388112 0.011635513453755932 -0.087124383257741619 0.012479285878303721 0.0036081978580244597 -0.033680928894499002 -0.10118474463118783
leaf_weight=1117 1307 2267 89 1410 1149 563 74
leaf_count=1117 1307 2267 89 1410 1149 563 74
internal_value=0.00164649 -0.00252848 -0.00982776 -0.0017097 -0.012822 -0.00871689 -0.0316158
internal_weight=7976 6669 4402 3211 1801 1712 1191
internal_count=7976 6669 4402 3211 1801 1712 1191
is_linear=0
shrinkage=0.02


Tree=362
num_leaves=8
num_cat=0
split_feature=15 12 14 68 14 66 45
split_gain=1667.85 1339.82 1617.02 1316.42 1280.15 1635.9 1363.93
threshold=1.5000000000000002 42.165000000000006 12.035000000000002 971458.90000000014 40.695000000000007 0.31250000000000006 1.0000000180025095e-35
decision_type=2 2 2 2 2 2 2
left_child=4 2 3 -2 6 -6 -1
right_child=1 -3 -4 -5 5 -7 -8
leaf_value=0.016276795283284639 0.041161865637076495 -0.0016891690382368457 -0.052354874107191654 -0.076855157008767133 -0.072571582822082328 0.0033696507344912014 -0.0031955915342227761
leaf_weight=2542 151 841 651 45 194 263 3304
leaf_count=2542 151 841 651 45 194 263 3304
internal_value=-0.0019824 -0.0196074 -0.0372844 0.0128283 0.00274954 -0.0293045 0.00527821
internal_weight=7991 1688 847 196 6303 457 5846
internal_count=7991 1688 847 196 6303 457 5846
is_linear=0
shrinkage=0.02


Tree=363
num_leaves=8
num_cat=0
split_feature=12 55 16 9 40 66 9
split_gain=1530.52 1618.25 1270.2 1340.79 1313.23 1512.81 1312.99
threshold=67.38000000000001 54.735000000000007 0.79410000000000014 17.500000000000004 72.590000000000018 0.68750000000000011 2.5000000000000004
decision_type=2 2 2 2 2 2 2
left_child=1 2 3 4 5 6 -1
right_child=-2 -3 -4 -5 -6 -7 -8
leaf_value=-0.023570750910487673 0.018846007684629507 -0.026862953403026746 0.057663026770589342 0.038077428552975752 0.021364083476670494 0.057221053584438304 -0.0010812283164148985
leaf_weight=1724 1383 1058 144 317 701 133 2601
leaf_count=1724 1383 1058 144 317 701 133 2601
internal_value=-0.000264852 -0.00423381 4.63577e-05 -0.00151998 -0.0039876 -0.0079935 -0.0100627
internal_weight=8061 6678 5620 5476 5159 4458 4325
internal_count=8061 6678 5620 5476 5159 4458 4325
is_linear=0
shrinkage=0.02


Tree=364
num_leaves=8
num_cat=0
split_feature=9 42 45 44 52 31 33
split_gain=2208.7 1987.29 1893.21 1821.66 1683.73 1554.36 1207.71
threshold=4.5000000000000009 2.3100000000000005 1.0000000180025095e-35 1.0000000180025095e-35 38.685000000000009 1.0000000180025095e-35 1.0000000180025095e-35
decision_type=2 2 2 2 2 2 2
left_child=1 -1 -2 -4 5 -3 -5
right_child=2 4 3 6 -6 -7 -8
leaf_value=-0.11812413547188044 0.03067285907725173 -0.049506642345264938 -0.04003710648438169 -0.081998207742517634 0.0018493989540558891 -0.0059315719111842045 0.01353565020692672
leaf_weight=59 1483 573 355 50 3267 759 1442
leaf_count=59 1483 573 355 50 3267 759 1442
internal_value=0.00145737 -0.00743197 0.0138843 0.000357897 -0.00588517 -0.0247917 0.0100709
internal_weight=7988 4658 3330 1847 4599 1332 1492
internal_count=7988 4658 3330 1847 4599 1332 1492
is_linear=0
shrinkage=0.02


Tree=365
num_leaves=8
num_cat=0
split_feature=41 9 41 8 6 12 30
split_gain=1629.66 2010.61 1764.41 1864.97 1756.98 1557.57 1535.61
threshold=72.595000000000013 4.5000000000000009 16.360000000000003 54.410000000000004 1.0000000180025095e-35 85.185000000000016 1.0000000180025095e-35
decision_type=2 2 2 2 2 2 2
left_child=1 2 4 -4 -1 6 -3
right_child=-2 5 3 -5 -6 -7 -8
leaf_value=0.0014375571568806967 0.023082533902761791 -0.0035472524690612333 -0.0064459343846077991 -0.064411428938246473 -0.1285759827757583 0.071140060159010129 0.029334335108830208
leaf_weight=70 1052 2081 3546 232 97 147 776
leaf_count=70 1052 2081 3546 232 97 147 776
internal_value=-5.49439e-05 -0.00357177 -0.0129524 -0.0100859 -0.0756217 0.00874837 0.00541948
internal_weight=8001 6949 3945 3778 167 3004 2857
internal_count=8001 6949 3945 3778 167 3004 2857
is_linear=0
shrinkage=0.02


Tree=366
num_leaves=8
num_cat=0
split_feature=9 64 16 42 64 27 65
split_gain=1541.56 1451.59 1449.18 1877.32 1516.92 2229.61 1759.94
threshold=12.500000000000002 1.0000000180025095e-35 0.38705000000000006 32.330000000000005 2.5000000000000004 1.0000000180025095e-35 0.58571428571428574
decision_type=2 2 2 2 2 2 2
left_child=1 -1 3 -3 5 -4 -7
right_child=-2 2 4 -5 -6 6 -8
leaf_value=-0.11320088986307383 0.023806798341613946 -0.057208452740621904 0.0081914059477387179 -0.0075552357685172936 -0.004223107604699951 0.010061365115431558 0.11573354355125659
leaf_weight=43 925 384 1201 1413 3751 108 150
leaf_count=43 925 384 1201 1413 3751 108 150
internal_value=-0.000397025 -0.00358733 -0.00283442 -0.0182949 0.00251054 0.0197776 0.0725309
internal_weight=7975 7050 7007 1797 5210 1459 258
internal_count=7975 7050 7007 1797 5210 1459 258
is_linear=0
shrinkage=0.02


Tree=367
num_leaves=8
num_cat=0
split_feature=16 15 16 9 42 13 50
split_gain=1612.5 1492.68 1323.6 1187.37 1358.63 1238.41 1137.97
threshold=0.72825000000000006 1.5000000000000002 0.43045000000000005 5.5000000000000009 44.605000000000011 364.35000000000008 3.5000000000000004
decision_type=2 2 2 2 2 2 2
left_child=1 6 3 4 -3 -5 -1
right_child=-2 2 -4 5 -6 -7 -8
leaf_value=0.00084498271124768464 0.033543528007087084 -0.11813589483777534 -0.0049840626761571433 -0.047196573454030555 -0.033274925540723102 0.039237251550750397 0.050474800675990389
leaf_weight=5701 540 129 933 156 186 108 186
leaf_count=5701 540 129 933 156 186 108 186
internal_value=0.000342116 -0.00210203 -0.0197928 -0.0434085 -0.0693304 -0.0117652 0.00245454
internal_weight=7939 7399 1512 579 315 264 5887
internal_count=7939 7399 1512 579 315 264 5887
is_linear=0
shrinkage=0.02


Tree=368
num_leaves=8
num_cat=0
split_feature=64 8 52 55 30 41 64
split_gain=1803.31 1428.68 1465.92 1335.76 1184.95 1200.42 1154.93
threshold=1.0000000180025095e-35 50.695000000000007 83.715000000000018 47.375000000000007 1.0000000180025095e-35 83.670000000000016 2.5000000000000004
decision_type=2 2 2 2 2 2 2
left_child=-1 2 3 4 5 -2 -4
right_child=1 -3 6 -5 -6 -7 -8
leaf_value=-0.11239514472191793 -0.00082409368281108168 -0.027106393254151311 0.10128801935850971 -0.0095554959729682917 0.026193760452533254 0.059973688903401656 0.019573038478450079
leaf_weight=52 2895 680 94 2791 1089 131 241
leaf_count=52 2895 680 94 2791 1089 131 241
internal_value=-0.000304157 0.00050214 0.00311176 0.00111494 0.00835498 0.00190252 0.0436544
internal_weight=7973 7921 7241 6906 4115 3026 335
internal_count=7973 7921 7241 6906 4115 3026 335
is_linear=0
shrinkage=0.02


Tree=369
num_leaves=8
num_cat=1
split_feature=16 44 40 38 10 0 4
split_gain=1410.53 1489.42 1656.5 1475.37 1170.02 2149.97 1163.6
threshold=0.50155000000000005 1.0000000180025095e-35 41.57500000000001 12788.450000000003 19100.500000000004 57.500000000000007 0
decision_type=2 2 2 8 2 2 1
left_child=1 2 -1 -4 -3 6 -6
right_child=-2 4 3 -5 5 -7 -8
leaf_value=-0.064164906785349946 0.009070590364268492 -0.021240457231399952 0.031334238627175402 -0.036735304679436934 0.015237370397302375 0.042661746146863903 -0.015801240134169808
leaf_weight=353 3692 906 216 296 770 488 1244
leaf_count=353 3692 906 216 296 770 488 1244
internal_value=2.26141e-05 -0.00779657 -0.0311534 -0.00799315 -0.0018313 0.0052253 -0.00392889
internal_weight=7965 4273 865 512 3408 2502 2014
internal_count=7965 4273 865 512 3408 2502 2014
cat_boundaries=0 1
cat_threshold=6
is_linear=0
shrinkage=0.02


Tree=370
num_leaves=8
num_cat=0
split_feature=33 40 64 51 40 33 6
split_gain=1675.04 1484.08 1292.86 1287.46 1259.15 1129.84 1145.33
threshold=1.0000000180025095e-35 87.625000000000014 3.5000000000000004 32.300000000000004 7.5900000000000007 1.5000000000000002 3.5000000000000004
decision_type=2 2 2 2 2 2 2
left_child=-1 3 -3 4 -2 6 -6
right_child=1 2 -4 -5 5 -7 -8
leaf_value=-0.039517980691221158 -0.081656400006870897 0.091384968382381179 -0.0058802640077314887 0.011285094191008661 -0.032720918072708195 0.0002675905963773028 0.061471908049924036
leaf_weight=398 81 132 90 2854 727 3674 51
leaf_count=398 81 132 90 2854 727 3674 51
internal_value=0.000218695 0.00232177 0.0526921 0.000773379 -0.00584999 -0.00438071 -0.0261932
internal_weight=8007 7609 222 7387 4533 4452 778
internal_count=8007 7609 222 7387 4533 4452 778
is_linear=0
shrinkage=0.02


Tree=371
num_leaves=8
num_cat=0
split_feature=45 64 41 64 10 52 52
split_gain=2067.98 2066.77 2194.09 2178.43 2330.5 1930.63 1367.63
threshold=1.0000000180025095e-35 4.5000000000000009 34.600000000000009 3.5000000000000004 14237.750000000002 74.845000000000013 15.630000000000001
decision_type=2 2 2 2 2 2 2
left_child=5 2 3 -2 -5 -1 -4
right_child=1 -3 6 4 -6 -7 -8
leaf_value=0.0062907598907046211 -0.07305147907298698 0.023952956469035391 -0.067101141845373663 -0.11701465863299866 0.021030582335760013 0.056498521375962917 -0.0044101315886717583
leaf_weight=3116 449 639 141 55 260 335 3012
leaf_count=3116 449 639 141 55 260 335 3012
internal_value=-0.000430182 -0.009272 -0.0147158 -0.0450106 -0.0045243 0.0112393 -0.00731543
internal_weight=8007 4556 3917 764 315 3451 3153
internal_count=8007 4556 3917 764 315 3451 3153
is_linear=0
shrinkage=0.02


Tree=372
num_leaves=8
num_cat=1
split_feature=33 8 21 4 62 38 41
split_gain=1293.6 1390.99 1259.24 1085.13 1502.7 1228.26 1114.94
threshold=1.0000000180025095e-35 47.245000000000012 449637.20000000007 0 1.0000000180025095e-35 11757.400000000003 69.035000000000011
decision_type=2 2 8 1 2 8 2
left_child=2 3 -1 -2 -5 -6 -7
right_child=1 -3 -4 4 5 6 -8
leaf_value=-0.085739450919346538 0.018384966293450405 -0.020621492614092695 -0.0095627989693426747 0.0081145065135374023 0.0061951613631602877 -0.042768492426394536 0.020523974655954926
leaf_weight=122 2026 868 279 3340 550 675 130
leaf_count=122 2026 868 279 3340 550 675 130
internal_value=0.00127403 0.00313282 -0.0335092 0.00621368 0.000906476 -0.0168188 -0.0324838
internal_weight=7990 7589 401 6721 4695 1355 805
internal_count=7990 7589 401 6721 4695 1355 805
cat_boundaries=0 1
cat_threshold=6
is_linear=0
shrinkage=0.02


Tree=373
num_leaves=8
num_cat=0
split_feature=8 12 57 21 17 17 51
split_gain=1523.86 1319.42 1274.88 1530.13 1427.24 1252.01 1093.04
threshold=54.410000000000004 79.110000000000014 41.805000000000007 472202.0500000001 31300.600000000002 6829.3000000000002 10.135000000000003
decision_type=2 2 2 8 2 2 2
left_child=1 2 6 -4 -5 -2 -1
right_child=5 -3 3 4 -6 -7 -8
leaf_value=-0.014971460169600161 -0.092699207830531843 0.030907043898767594 0.0023334990341638056 -0.01974912370747001 -0.081477993846849797 -0.017427147557897031 0.010088119465384191
leaf_weight=862 111 542 1320 1053 171 386 3535
leaf_count=862 111 542 1320 1053 171 386 3535
internal_value=-0.00126138 0.00100094 -0.0013549 -0.01261 -0.0286694 -0.0349943 0.00516395
internal_weight=7980 7483 6941 2544 1224 497 4397
internal_count=7980 7483 6941 2544 1224 497 4397
is_linear=0
shrinkage=0.02


Tree=374
num_leaves=8
num_cat=1
split_feature=9 16 34 41 15 2 55
split_gain=1563.08 1547.84 1612.16 2046.03 1229.26 1188.63 1150.09
threshold=12.500000000000002 0.71425000000000016 3.5000000000000004 36.045000000000009 3.5000000000000004 0 48.695000000000007
decision_type=2 2 2 2 2 1 2
left_child=1 2 3 -1 6 -6 -5
right_child=-2 -3 -4 4 5 -7 -8
leaf_value=-0.030361050349760978 0.024639494049829937 0.026938666689896706 0.026255675590764253 0.0085834245651193342 0.009666186673374013 -0.067059274441735067 -0.013342802491866602
leaf_weight=1326 966 647 580 2699 130 201 1476
leaf_count=1326 966 647 580 2699 130 201 1476
internal_value=0.00084728 -0.00242374 -0.00540522 -0.00857373 -0.00213574 -0.0389381 0.000825093
internal_weight=8025 7059 6412 5832 4506 331 4175
internal_count=8025 7059 6412 5832 4506 331 4175
cat_boundaries=0 1
cat_threshold=45
is_linear=0
shrinkage=0.02


Tree=375
num_leaves=8
num_cat=0
split_feature=16 8 10 17 16 44 41
split_gain=2359.23 1900.25 1816.68 1770.2 1457.13 1239.51 1516.09
threshold=0.50155000000000005 24.685000000000006 19100.500000000004 2537.6500000000001 0.48145000000000004 1.0000000180025095e-35 44.755000000000003
decision_type=2 2 2 2 2 2 2
left_child=1 2 4 -3 -1 6 -5
right_child=-2 3 -4 5 -6 -7 -8
leaf_value=-0.027705353797896754 0.012626225894883641 -0.080878469921568399 0.019854129481031317 -0.094559010666428189 0.065691578699326195 -0.0088400125317606958 -0.01478934730860894
leaf_weight=706 3743 181 1249 160 69 1681 231
leaf_count=706 3743 181 1249 160 69 1681 231
internal_value=0.00103958 -0.00910332 0.00495798 -0.0217184 -0.0190222 -0.0163682 -0.0482134
internal_weight=8020 4277 2024 2253 775 2072 391
internal_count=8020 4277 2024 2253 775 2072 391
is_linear=0
shrinkage=0.02


Tree=376
num_leaves=8
num_cat=0
split_feature=16 42 65 9 41 37 58
split_gain=1865.67 1505.4 1554.64 1892.28 1484.59 1324.51 1331.33
threshold=0.28545000000000004 80.415000000000006 0.58571428571428574 6.5000000000000009 36.815000000000005 0.32665000000000005 30.995000000000001
decision_type=2 2 2 2 2 2 2
left_child=-1 2 3 4 5 6 -2
right_child=1 -3 -4 -5 -6 -7 -8
leaf_value=-0.030263110402598502 -0.082612121400691699 0.031285696461955594 0.0091258703796607884 0.013969879395069929 -0.010530300339530448 -0.089609436143037624 -0.0030696190396944686
leaf_weight=784 113 640 3250 928 1828 191 295
leaf_count=784 113 640 3250 928 1828 191 295
internal_value=-0.0010573 0.00212183 -0.000725567 -0.0102681 -0.0195455 -0.0467427 -0.0258332
internal_weight=8029 7245 6605 3355 2427 599 408
internal_count=8029 7245 6605 3355 2427 599 408
is_linear=0
shrinkage=0.02


Tree=377
num_leaves=8
num_cat=0
split_feature=12 40 10 41 45 12 8
split_gain=1561.87 1529.5 1504.12 1428.43 1589.82 1255.01 1235.18
threshold=77.385000000000005 7.5900000000000007 12706.300000000001 67.600000000000009 1.0000000180025095e-35 42.865000000000002 8.3950000000000014
decision_type=2 2 2 2 2 2 2
left_child=1 -1 3 4 -3 -5 -4
right_child=-2 2 6 5 -6 -7 -8
leaf_value=-0.065519422488035384 0.029534542440620894 -0.0031593739644720639 0.0555787070861644 -0.019711801377264089 -0.054846553476475109 0.070573449093362564 0.0019453067790796831
leaf_weight=143 688 430 172 129 530 110 5820
leaf_count=143 688 430 172 129 530 110 5820
internal_value=0.000834277 -0.00187637 -0.000566124 -0.0209657 -0.0318313 0.0224367 0.00352991
internal_weight=8022 7334 7191 1199 960 239 5992
internal_count=8022 7334 7191 1199 960 239 5992
is_linear=0
shrinkage=0.02


Tree=378
num_leaves=8
num_cat=0
split_feature=9 42 64 23 62 55 42
split_gain=1795.11 1377.19 1135.09 1247.05 1433.89 1107 1574.34
threshold=3.5000000000000004 4.6300000000000017 1.5000000000000002 11.550000000000002 1.0000000180025095e-35 37.995000000000012 54.065000000000005
decision_type=2 2 2 2 2 2 2
left_child=1 -1 3 -2 -5 -3 -7
right_child=2 5 -4 4 -6 6 -8
leaf_value=-0.10226231706027802 -0.068876516186184691 0.011049809017848826 0.010840846004241223 0.071460586865743012 -0.071550284571117825 -0.027911413048429951 0.00089620850096702146
leaf_weight=60 149 830 3765 70 40 1680 1380
leaf_count=60 149 830 3765 70 40 1680 1380
internal_value=-0.00135445 -0.0109254 0.00804239 -0.0320727 0.0186068 -0.00938714 -0.0149395
internal_weight=7974 3950 4024 259 110 3890 3060
internal_count=7974 3950 4024 259 110 3890 3060
is_linear=0
shrinkage=0.02


Tree=379
num_leaves=8
num_cat=0
split_feature=9 33 10 55 43 32 46
split_gain=1308.26 1258.85 1047.46 979.498 950.811 1118.31 1064.18
threshold=3.5000000000000004 1.0000000180025095e-35 15071.600000000002 57.225000000000001 1.0000000180025095e-35 1.0000000180025095e-35 1.5000000000000002
decision_type=2 2 2 2 2 2 2
left_child=3 2 -2 -1 6 -6 -3
right_child=1 4 -4 -5 5 -7 -8
leaf_value=-0.0044131908072557189 -0.10038328492327742 -0.075675561269063774 0.00043121753868303802 -0.036821303278771478 0.026291493484700234 0.0014405347491248781 -0.00035632071700219495
leaf_weight=3489 71 77 90 413 1759 1230 884
leaf_count=3489 71 77 90 413 1759 1230 884
internal_value=0.000403583 0.00827185 -0.0457118 -0.0078861 0.0105272 0.0160846 -0.00675172
internal_weight=8013 4111 161 3902 3950 2989 961
internal_count=8013 4111 161 3902 3950 2989 961
is_linear=0
shrinkage=0.02


Tree=380
num_leaves=8
num_cat=0
split_feature=45 9 8 41 16 41 34
split_gain=2172.98 1359.48 1526.72 1596.76 1485.63 1262.04 1397.64
threshold=1.0000000180025095e-35 4.5000000000000009 53.770000000000003 15.475000000000003 0.32955000000000007 26.915000000000003 1.5000000000000002
decision_type=2 2 2 2 2 2 2
left_child=1 2 3 -1 -3 6 -2
right_child=5 4 -4 -5 -6 -7 -8
leaf_value=-0.088676855836595805 -0.078548590034664245 -0.011748918911080753 -0.065185435786283108 0.0087447937513658539 0.03614555369505864 -0.0061828721034820509 -0.0092707133953544227
leaf_weight=65 209 330 128 1746 1166 4070 259
leaf_count=65 209 330 128 1746 1166 4070 259
internal_value=-0.000705242 0.0112865 0.000223812 0.00501363 0.0255767 -0.00978474 -0.0407122
internal_weight=7973 3435 1939 1811 1496 4538 468
internal_count=7973 3435 1939 1811 1496 4538 468
is_linear=0
shrinkage=0.02


Tree=381
num_leaves=8
num_cat=0
split_feature=45 64 64 40 52 48 42
split_gain=1866.84 2091.23 1752.15 1590.73 1307.25 1264.03 1174.66
threshold=1.0000000180025095e-35 4.5000000000000009 1.0000000180025095e-35 39.685000000000009 65.310000000000016 11.500000000000002 30.335000000000004
decision_type=2 2 2 2 2 2 2
left_child=2 3 -1 5 -4 -2 -3
right_child=1 6 4 -5 -6 -7 -8
leaf_value=-0.097399384278362075 -0.025658218726766907 0.089721485872801987 0.0062869438270596644 -0.0062561159859809857 0.037111662886713796 -0.087090033264948602 0.013326365906261786
leaf_weight=54 949 90 2703 2835 687 153 546
leaf_count=54 949 90 2703 2835 687 153 546
internal_value=-0.000396337 -0.00876784 0.0107161 -0.0142074 0.0125792 -0.0345422 0.0247525
internal_weight=8017 4573 3444 3937 3390 1102 636
internal_count=8017 4573 3444 3937 3390 1102 636
is_linear=0
shrinkage=0.02


Tree=382
num_leaves=8
num_cat=0
split_feature=12 40 9 8 21 16 14
split_gain=1270.22 1211.97 1288.78 1115.89 1572.47 1108.04 1022.24
threshold=42.165000000000006 7.5900000000000007 1.5000000000000002 26.805000000000003 320417.20000000007 0.50155000000000005 11.785000000000002
decision_type=2 2 2 2 8 2 2
left_child=1 -1 3 4 -3 -4 -6
right_child=-2 2 5 -5 6 -7 -8
leaf_value=-0.088566430766288548 0.0081196330848447573 0.044527593191050319 -0.009502268975585669 -0.052793559623261301 0.029415968835962061 0.017639193750925316 -0.04408435600721184
leaf_weight=68 4498 158 1492 370 93 1001 342
leaf_count=68 4498 158 1492 370 93 1001 342
internal_value=0.00107928 -0.00790573 -0.006193 -0.025779 -0.00862292 0.00140918 -0.0282148
internal_weight=8022 3524 3456 963 593 2493 435
internal_count=8022 3524 3456 963 593 2493 435
is_linear=0
shrinkage=0.02


Tree=383
num_leaves=8
num_cat=0
split_feature=64 45 64 41 8 16 57
split_gain=1893.7 1631 1648.78 1876.63 1634.91 1511.01 1386.25
threshold=1.0000000180025095e-35 1.0000000180025095e-35 4.5000000000000009 34.600000000000009 53.770000000000003 0.41265000000000007 10.070000000000002
decision_type=2 2 2 2 2 2 2
left_child=-1 4 3 6 5 -2 -3
right_child=1 2 -4 -5 -6 -7 -8
leaf_value=-0.1130722115668705 -0.0051662546586934569 0.05553629957793052 0.023073283382721486 -0.0052046945598957098 -0.03822825212495394 0.024545039251504225 -0.047741918769815442
leaf_weight=54 1005 52 615 3129 244 2133 701
leaf_count=54 1005 52 615 3129 244 2133 701
internal_value=-0.00018607 0.000658833 -0.0072293 -0.0120534 0.0111428 0.0150364 -0.0402905
internal_weight=7933 7879 4497 3882 3382 3138 753
internal_count=7933 7879 4497 3882 3382 3138 753
is_linear=0
shrinkage=0.02


Tree=384
num_leaves=8
num_cat=0
split_feature=52 55 40 64 21 40 57
split_gain=1961.54 1526.24 1800.34 1429.24 1339.21 1021.81 993.513
threshold=30.840000000000003 57.475000000000001 58.645000000000003 1.0000000180025095e-35 201125.60000000001 81.645000000000024 33.805000000000007
decision_type=2 2 2 2 8 2 2
left_child=1 2 4 -2 -1 6 -5
right_child=3 -3 -4 5 -6 -7 -8
leaf_value=0.049235257609850827 -0.095598468410649479 -0.081109439824651561 0.032050155645323791 0.012397618427646266 -0.031496061451879921 0.035705917139921883 -0.0039778759525491035
leaf_weight=85 51 144 272 2797 1010 424 3142
leaf_count=85 51 144 272 2797 1010 424 3142
internal_value=0.000181505 -0.0202802 -0.0136002 0.00501388 -0.0250339 0.00589472 0.00373818
internal_weight=7925 1511 1367 6414 1095 6363 5939
internal_count=7925 1511 1367 6414 1095 6363 5939
is_linear=0
shrinkage=0.02


Tree=385
num_leaves=8
num_cat=0
split_feature=40 65 52 23 55 64 0
split_gain=1309.82 1449.84 1400.41 1241.17 1265.82 1117.61 1067.8
threshold=81.645000000000024 0.61250000000000016 15.630000000000001 2.1500000000000008 55.685000000000009 2.5000000000000004 58.500000000000007
decision_type=2 2 2 2 2 2 2
left_child=1 2 -1 -4 6 -2 -5
right_child=5 -3 3 4 -6 -7 -8
leaf_value=-0.056722310304205291 0.092112685070373124 0.0077735396628109315 0.088431976941000259 -0.0083542612418357094 -0.036459123054484927 0.016504892273584877 0.023119078455217195
leaf_weight=234 95 3515 49 2758 537 374 506
leaf_count=234 95 3515 49 2758 537 374 506
internal_value=0.000373883 -0.00163707 -0.00973615 -0.0068105 -0.00815287 0.03263 -0.00344722
internal_weight=8068 7599 4084 3850 3801 469 3264
internal_count=8068 7599 4084 3850 3801 469 3264
is_linear=0
shrinkage=0.02


Tree=386
num_leaves=8
num_cat=0
split_feature=31 42 34 41 43 9 42
split_gain=1527.5 2209.37 2250.03 1213.76 979.433 974.036 1982.96
threshold=1.0000000180025095e-35 81.485000000000014 3.5000000000000004 8.3950000000000014 1.0000000180025095e-35 4.5000000000000009 26.455000000000002
decision_type=2 2 2 2 2 2 2
left_child=1 2 4 -2 -1 6 -6
right_child=3 -3 -4 -5 5 -7 -8
leaf_value=-0.039204947541747151 -0.068040551238439301 0.045073751181960109 0.07569372892379761 0.0069517396012488417 -0.096051997772152856 0.0030941050453787912 -0.015546231371356078
leaf_weight=774 83 245 97 4621 132 890 1182
leaf_count=774 83 245 97 4621 132 890 1182
internal_value=-0.00177152 -0.0121488 -0.0167738 0.00555769 -0.0199075 -0.0130572 -0.023967
internal_weight=8024 3320 3075 4704 2978 2204 1314
internal_count=8024 3320 3075 4704 2978 2204 1314
is_linear=0
shrinkage=0.02


Tree=387
num_leaves=8
num_cat=0
split_feature=16 16 47 45 12 38 30
split_gain=1566.71 1376.47 1512.38 1237.6 1511.74 1591.83 1205.29
threshold=0.19945000000000002 0.72825000000000006 7.5000000000000009 1.0000000180025095e-35 22.085000000000004 1500.5000000000002 1.0000000180025095e-35
decision_type=2 2 2 2 2 10 2
left_child=-1 3 -3 6 5 -5 -2
right_child=1 2 -4 4 -6 -7 -8
leaf_value=-0.056272150163942165 0.0020834508532273015 0.059876725272473064 -0.0078447888133370818 -0.070128682353293781 -0.002127895452348141 -0.0055882773487220061 0.03051794490365824
leaf_weight=182 2287 325 218 286 3445 324 802
leaf_count=182 2287 325 218 286 3445 324 802
internal_value=0.000927491 0.00231747 0.0328648 -2.57348e-05 -0.00728749 -0.0361723 0.00950331
internal_weight=7869 7687 543 7144 4055 610 3089
internal_count=7869 7687 543 7144 4055 610 3089
is_linear=0
shrinkage=0.02


Tree=388
num_leaves=8
num_cat=0
split_feature=16 14 44 57 59 51 0
split_gain=1322.05 1554.55 1077.87 1709.21 1634.11 1264.3 1245.5
threshold=0.29795000000000005 43.180000000000007 1.0000000180025095e-35 34.005000000000003 1.0000000180025095e-35 32.095000000000006 43.500000000000007
decision_type=2 2 2 2 2 2 2
left_child=-1 2 3 -2 6 -4 -5
right_child=1 -3 5 4 -6 -7 -8
leaf_value=-0.022697615350738467 0.012518579490701265 -0.036028981491422779 0.0018511918162647176 -0.021462087507989974 0.022364445683841935 0.021970800499506712 -0.083471846332463129
leaf_weight=901 643 382 3436 292 162 1959 235
leaf_count=901 643 382 3436 292 162 1959 235
internal_value=5.64899e-05 0.00295429 0.00519311 -0.0108905 -0.0326695 0.00917048 -0.0496381
internal_weight=8010 7109 6727 1332 689 5395 527
internal_count=8010 7109 6727 1332 689 5395 527
is_linear=0
shrinkage=0.02


Tree=389
num_leaves=8
num_cat=0
split_feature=16 34 42 41 45 10 54
split_gain=1455.68 1401.12 1212.66 1072.72 1084.17 1130.52 1127.77
threshold=0.72825000000000006 1.0000000180025095e-35 80.790000000000006 14.405000000000003 1.0000000180025095e-35 12490.300000000001 82.955000000000013
decision_type=2 2 2 2 2 2 2
left_child=1 2 -1 -3 -5 -6 -7
right_child=-2 3 -4 4 5 6 -8
leaf_value=-0.037998348816956996 0.031180488624130795 -0.042229297313080956 0.062252868172132748 0.011543400843770082 -0.031757423257632131 0.013853106141617132 -0.01006935525433583
leaf_weight=597 562 221 48 2789 532 1314 1954
leaf_count=597 562 221 48 2789 532 1314 1954
internal_value=0.000287312 -0.00206093 -0.0301163 0.000616447 0.00208446 -0.00486396 -0.000444125
internal_weight=8017 7455 645 6810 6589 3800 3268
internal_count=8017 7455 645 6810 6589 3800 3268
is_linear=0
shrinkage=0.02


Tree=390
num_leaves=8
num_cat=0
split_feature=16 16 34 56 46 51 57
split_gain=1963.04 1099.74 1119.53 998.936 1099.07 984.334 970.085
threshold=0.72145000000000015 0.27935000000000004 1.0000000180025095e-35 32.155000000000008 1.5000000000000002 36.290000000000006 11.340000000000002
decision_type=2 2 2 2 2 2 2
left_child=1 3 -3 -1 -5 -2 -6
right_child=5 2 -4 4 6 -7 -8
leaf_value=0.0225770975829977 0.018061834564449479 -0.027541282681318432 0.00085762172919188963 -0.12008362615108491 0.036324523249758947 0.076559749174524433 -0.039830730752266466
leaf_weight=127 475 606 6083 55 74 149 465
leaf_count=127 475 606 6083 55 74 149 465
internal_value=-0.00139598 -0.00427271 -0.00173387 -0.0276524 -0.0384905 0.0325276 -0.0291375
internal_weight=8034 7410 6689 721 594 624 539
internal_count=8034 7410 6689 721 594 624 539
is_linear=0
shrinkage=0.02


Tree=391
num_leaves=8
num_cat=0
split_feature=40 33 8 9 16 10 41
split_gain=1270.34 1347.61 1391.19 1152.76 1377.54 1121.53 1958.91
threshold=87.625000000000014 5.5000000000000009 47.245000000000012 1.5000000000000002 0.67115000000000014 14569.450000000003 58.930000000000007
decision_type=2 2 2 2 2 2 2
left_child=1 2 3 4 -1 6 -5
right_child=-2 -3 -4 5 -6 -7 -8
leaf_value=-0.023271804519509501 0.042261917113792152 0.044844544865268274 -0.027444284013322998 -0.03374065430422242 0.01648199283614241 0.0096998084153060021 0.029819305655865894
leaf_weight=1407 267 236 836 645 459 3900 272
leaf_count=1407 267 236 836 645 459 3900 272
internal_value=-0.000222217 -0.00171121 -0.00320129 -0.000150399 -0.0134752 0.00501997 -0.0148281
internal_weight=8022 7755 7519 6683 1866 4817 917
internal_count=8022 7755 7519 6683 1866 4817 917
is_linear=0
shrinkage=0.02


Tree=392
num_leaves=8
num_cat=0
split_feature=64 33 42 51 9 41 17
split_gain=1376.59 1180.74 1578.26 1162.66 1149.63 1181.51 1111.61
threshold=1.0000000180025095e-35 1.0000000180025095e-35 51.300000000000004 18.535000000000004 3.5000000000000004 43.845000000000006 51837.850000000006
decision_type=2 2 2 2 2 2 2
left_child=-1 2 -2 -4 5 6 -3
right_child=1 4 3 -5 -6 -7 -8
leaf_value=-0.097153946671445501 0.0068289602219749612 -0.028759108056392934 -0.020537844557935992 -0.11957127748997438 0.0090945084916061215 0.0017661532098439141 0.030788811001611849
leaf_weight=54 188 1120 91 100 3898 2378 137
leaf_count=54 188 1120 91 100 3898 2378 137
internal_value=-0.000905543 -0.000187698 -0.0343975 -0.0741154 0.00155514 -0.00653111 -0.0221727
internal_weight=7966 7912 379 191 7533 3635 1257
internal_count=7966 7912 379 191 7533 3635 1257
is_linear=0
shrinkage=0.02


Tree=393
num_leaves=8
num_cat=0
split_feature=52 46 49 37 52 16 44
split_gain=1487.65 1001.42 934.061 1001.78 923.633 1053.36 886.04
threshold=33.815000000000005 1.0000000180025095e-35 79.500000000000014 1.4166500000000002 75.385000000000005 0.57745000000000013 1.0000000180025095e-35
decision_type=2 2 2 2 2 2 2
left_child=1 -1 3 -3 5 6 -2
right_child=4 2 -4 -5 -6 -7 -8
leaf_value=-0.10480990373358434 -0.023253995307500268 -0.012399869631470644 0.063372109025236101 -0.085373290777206429 0.024717421853332065 0.015283596419765488 0.00094262864578124579
leaf_weight=44 758 1689 57 74 810 1616 2928
leaf_count=44 758 1689 57 74 810 1616 2928
internal_value=0.0001234 -0.015493 -0.0130525 -0.0156956 0.00489478 0.00184598 -0.004058
internal_weight=7976 1864 1820 1763 6112 5302 3686
internal_count=7976 1864 1820 1763 6112 5302 3686
is_linear=0
shrinkage=0.02


Tree=394
num_leaves=8
num_cat=1
split_feature=12 66 40 8 41 2 20
split_gain=1354.13 1276.73 1330.89 924.863 1137.42 1094.35 790.25
threshold=68.410000000000011 1.0000000180025095e-35 7.5900000000000007 25.925000000000004 26.915000000000003 0 935707.15000000002
decision_type=2 2 2 2 2 1 8
left_child=1 6 -3 -4 5 -5 -1
right_child=-2 2 3 4 -6 -7 -8
leaf_value=0.015515093574157129 0.019132340068988524 -0.065994608567787272 0.0077433699629622975 -0.088498383106913145 -0.0031978673101328036 -0.013684932555010881 -0.058204632873628655
leaf_weight=73 1307 119 3186 112 2766 244 250
leaf_count=73 1307 119 3186 112 2766 244 250
internal_value=0.000539619 -0.00307198 -0.00110684 0.000168559 -0.00756156 -0.0409521 -0.041561
internal_weight=8057 6750 6427 6308 3122 356 323
internal_count=8057 6750 6427 6308 3122 356 323
cat_boundaries=0 1
cat_threshold=41
is_linear=0
shrinkage=0.02


Tree=395
num_leaves=8
num_cat=0
split_feature=43 41 66 52 31 68 22
split_gain=1334.75 1636.87 1470.88 1517.13 1210.74 1617.62 1259.97
threshold=1.0000000180025095e-35 78.865000000000023 0.43750000000000006 74.845000000000013 1.0000000180025095e-35 811629.45000000019 11748.150000000001
decision_type=2 2 2 2 2 2 2
left_child=1 2 3 4 -1 6 -6
right_child=-2 -3 -4 -5 5 -7 -8
leaf_value=-0.053801296059922531 0.005587633229716853 0.064724475753438829 0.012567021507947218 0.040030678646131003 0.062700652892960868 -0.057895536329102722 -0.013268846138440944
leaf_weight=634 5984 97 478 116 117 221 303
leaf_count=634 5984 97 478 116 117 221 303
internal_value=0.00088989 -0.0133867 -0.0176025 -0.0279778 -0.0342975 -0.0147395 0.00838276
internal_weight=7950 1966 1869 1391 1275 641 420
internal_count=7950 1966 1869 1391 1275 641 420
is_linear=0
shrinkage=0.02


Tree=396
num_leaves=8
num_cat=0
split_feature=33 42 42 55 23 38 56
split_gain=1315.02 1283.55 1206.99 1143.67 1086.76 1038.7 1182.21
threshold=5.5000000000000009 82.565000000000012 33.775000000000013 48.815000000000005 22.550000000000004 17351.150000000005 42.465000000000011
decision_type=2 2 2 2 2 8 2
left_child=1 3 -2 4 5 -1 -7
right_child=2 -3 -4 -5 -6 6 -8
leaf_value=0.010433708071600439 0.12205125647747229 0.029317471529206923 0.020262252645311403 -0.013996728059437878 0.037316713642340002 0.0011604479909882019 -0.02888250313205985
leaf_weight=2060 57 522 199 2481 333 1543 788
leaf_count=2060 57 522 199 2481 333 1543 788
internal_value=0.000676806 -0.000814065 0.0448302 -0.0030159 0.00275982 9.96714e-05 -0.00903572
internal_weight=7983 7727 256 7205 4724 4391 2331
internal_count=7983 7727 256 7205 4724 4391 2331
is_linear=0
shrinkage=0.02


Tree=397
num_leaves=8
num_cat=0
split_feature=12 16 48 38 55 9 52
split_gain=1503.92 1445.17 1494.31 1200.35 1156.24 1431.63 1261.32
threshold=22.085000000000004 0.42505000000000004 1.0000000180025095e-35 2163.2500000000005 55.475000000000001 13.500000000000002 32.345000000000006
decision_type=2 2 2 10 2 2 2
left_child=1 -1 -3 -4 -2 6 -6
right_child=4 2 3 -5 5 -7 -8
leaf_value=-0.04773277285403027 0.0082334410528973768 -0.069639499899553689 -0.017121337386525621 0.03822217700306739 -0.074193368642210211 0.065221689081256043 -0.011582871555906836
leaf_weight=444 5889 106 316 302 154 75 690
leaf_count=444 5889 106 316 302 154 75 690
internal_value=0.00137515 -0.0195428 -0.00204626 0.0100133 0.0049756 -0.0158324 -0.0233767
internal_weight=7976 1168 724 618 6808 919 844
internal_count=7976 1168 724 618 6808 919 844
is_linear=0
shrinkage=0.02


Tree=398
num_leaves=8
num_cat=0
split_feature=43 22 8 41 33 9 22
split_gain=1149.97 1293.88 1360.08 1354.85 1289.92 1245.56 1107.29
threshold=1.0000000180025095e-35 22649.150000000005 15.575000000000001 79.385000000000005 3.5000000000000004 12.500000000000002 16100.750000000002
decision_type=2 2 2 2 2 2 2
left_child=1 3 -3 4 6 -2 -1
right_child=5 2 -4 -5 -6 -7 -8
leaf_value=-0.034778208151196782 0.0003747335577369316 -0.13027571665602072 -0.027585683065179029 0.066985100679980814 0.019012370439897102 0.028814343545832084 0.0060345805942557239
leaf_weight=831 5360 65 212 88 410 691 388
leaf_count=831 5360 65 212 88 410 691 388
internal_value=-0.00069856 -0.0138512 -0.0535652 -0.00730734 -0.0115134 0.00364353 -0.0218162
internal_weight=8045 1994 277 1717 1629 6051 1219
internal_count=8045 1994 277 1717 1629 6051 1219
is_linear=0
shrinkage=0.02


Tree=399
num_leaves=8
num_cat=0
split_feature=34 16 9 55 14 16 53
split_gain=1181.65 1286.33 1270.61 1101.35 949.799 919.819 1134.52
threshold=3.5000000000000004 0.72825000000000006 17.500000000000004 48.605000000000011 14.525 0.32695000000000007 42.305000000000007
decision_type=2 2 2 2 2 2 2
left_child=1 2 3 5 -5 6 -1
right_child=-2 -3 -4 4 -6 -7 -8
leaf_value=0.031600235321468884 0.023496147448810629 0.027320945486462734 0.030178329300412789 -0.00091848006775998388 -0.028376484300420012 0.0025155819148976301 -0.035704424506690369
leaf_weight=119 722 507 371 767 1466 3498 533
leaf_count=119 722 507 371 767 1466 3498 533
internal_value=-0.000815256 -0.00324717 -0.00556033 -0.00765957 -0.0189682 -0.0015592 -0.0232733
internal_weight=7983 7261 6754 6383 2233 4150 652
internal_count=7983 7261 6754 6383 2233 4150 652
is_linear=0
shrinkage=0.02


Tree=400
num_leaves=8
num_cat=0
split_feature=34 12 55 21 21 52 34
split_gain=1114.45 1070.66 1037.23 974.467 878.501 834.119 1210.83
threshold=3.5000000000000004 77.385000000000005 55.685000000000009 211538.45000000004 204331.30000000002 32.345000000000006 1.5000000000000002
decision_type=2 2 2 8 8 2 2
left_child=1 2 4 -4 -1 6 -5
right_child=-2 -3 3 5 -6 -7 -8
leaf_value=0.024921568968316671 0.02362901637944205 0.02240073111460724 -0.094072658157348638 -0.10031064320668996 -0.004243269386539782 -0.007291805961900032 -0.0035770410158724153
leaf_weight=443 694 612 70 102 5306 645 101
leaf_count=443 694 612 70 102 5306 645 101
internal_value=-0.00049395 -0.00280854 -0.00513769 -0.0248186 -0.00197621 -0.0185839 -0.053425
internal_weight=7973 7279 6667 918 5749 848 203
internal_count=7973 7279 6667 918 5749 848 203
is_linear=0
shrinkage=0.02


Tree=401
num_leaves=8
num_cat=0
split_feature=15 48 56 9 66 21 43
split_gain=1125.69 1290.76 1094.89 973.318 805.41 1001.04 820.886
threshold=1.5000000000000002 10.500000000000002 35.445000000000007 20.500000000000004 1.0000000180025095e-35 304614.60000000003 1.0000000180025095e-35
decision_type=2 2 2 2 2 10 2
left_child=4 3 -3 -2 5 -1 -6
right_child=1 2 -4 -5 6 -7 -8
leaf_value=-0.05121565297168771 -0.0088865913382624277 -0.10789163196253541 -0.024593732863556123 0.081037341165542606 -0.0072008913686054769 0.053247068109719652 0.010105634860166872
leaf_weight=188 1308 90 201 45 1429 41 4661
leaf_count=188 1308 90 201 45 1429 41 4661
internal_value=0.000810657 -0.0139068 -0.0517433 -0.00560841 0.00464762 -0.0317746 0.00604214
internal_weight=7963 1644 291 1353 6319 229 6090
internal_count=7963 1644 291 1353 6319 229 6090
is_linear=0
shrinkage=0.02


Tree=402
num_leaves=8
num_cat=0
split_feature=9 15 41 34 55 21 52
split_gain=1323.65 1297.92 1188.96 1511.6 1420.68 1333.13 1174.84
threshold=18.500000000000004 1.5000000000000002 33.255000000000003 1.5000000000000002 42.495000000000012 244177.85000000003 75.385000000000005
decision_type=2 2 2 2 2 10 2
left_child=1 2 3 4 -1 -6 -5
right_child=-2 -3 -4 6 5 -7 -8
leaf_value=0.0022870836240904673 0.037004999162163585 -0.017910040462816121 0.006892959572984113 -0.0043227812008809867 -0.10367960683100826 -0.014965647243220231 0.095181930701376191
leaf_weight=170 367 1554 4897 680 177 111 46
leaf_count=170 367 1554 4897 680 177 111 46
internal_value=0.000164994 -0.00162889 0.00254305 -0.0154014 -0.0436403 -0.0703266 0.00258984
internal_weight=8002 7635 6081 1184 458 288 726
internal_count=8002 7635 6081 1184 458 288 726
is_linear=0
shrinkage=0.02


Tree=403
num_leaves=8
num_cat=1
split_feature=41 9 64 21 0 2 23
split_gain=1653.86 1426.39 1177.63 1091.91 1156.82 1022.91 1125.7
threshold=15.475000000000003 4.5000000000000009 1.0000000180025095e-35 311504.45000000001 37.500000000000007 0 4.2500000000000009
decision_type=2 2 2 8 2 1 2
left_child=1 3 -2 -1 -5 -4 -7
right_child=2 -3 5 4 -6 6 -8
leaf_value=-0.010552445771517578 -0.0886732180570734 -0.002207842712339602 0.0097159067532747861 -0.048167298964734345 -0.18882674485178932 0.030778610578034615 -0.008145399257424973
leaf_weight=49 53 147 3483 48 51 318 3729
leaf_count=49 53 147 3483 48 51 318 3729
internal_value=-0.000718359 -0.0467753 0.00110303 -0.0895229 -0.126223 0.00179334 -0.00504023
internal_weight=7878 295 7583 148 99 7530 4047
internal_count=7878 295 7583 148 99 7530 4047
cat_boundaries=0 1
cat_threshold=162
is_linear=0
shrinkage=0.02


Tree=404
num_leaves=8
num_cat=0
split_feature=45 64 64 41 17 54 55
split_gain=1359.96 1351.28 1322.26 1312.28 1618.29 1405.54 1123.7
threshold=1.0000000180025095e-35 1.0000000180025095e-35 4.5000000000000009 33.255000000000003 2596.9000000000005 77.145000000000024 38.355000000000011
decision_type=2 2 2 2 2 2 2
left_child=1 -1 3 4 -2 -6 -5
right_child=2 -3 -4 6 5 -7 -8
leaf_value=-0.085650154537168038 -0.12030974309146406 0.011750177791731535 0.0204057574577972 0.016116335101947189 0.033001701942480664 -0.039611134094152997 -0.01181212878434211
leaf_weight=53 75 3402 626 745 131 501 2486
leaf_count=53 75 3402 626 745 131 501 2486
internal_value=0.000676051 0.0101344 -0.00648731 -0.0107828 -0.0353649 -0.0244192 -0.00535747
internal_weight=8019 3455 4564 3938 707 632 3231
internal_count=8019 3455 4564 3938 707 632 3231
is_linear=0
shrinkage=0.02


Tree=405
num_leaves=8
num_cat=0
split_feature=52 47 18 42 64 32 33
split_gain=1151.63 1120.87 1148.97 929.873 1136.46 1383.47 1578.47
threshold=15.630000000000001 3.5000000000000004 711458.55000000016 81.935000000000016 4.5000000000000009 1.0000000180025095e-35 5.5000000000000009
decision_type=2 2 2 2 2 2 2
left_child=1 -1 -3 4 5 -2 -7
right_child=3 2 -4 -5 -6 6 -8
leaf_value=-0.079510777757474879 0.0041875213550842498 -0.024617427869457496 0.084011911511421206 0.026761721867757538 0.028178659831956995 -0.020406379018171595 0.051460524452494757
leaf_weight=127 4482 287 40 571 536 1880 126
leaf_count=127 4482 287 40 571 536 1880 126
internal_value=0.000474416 -0.0302901 -0.0102643 0.00233212 0.000328549 -0.00199219 -0.0157756
internal_weight=8049 454 327 7595 7024 6488 2006
internal_count=8049 454 327 7595 7024 6488 2006
is_linear=0
shrinkage=0.02


Tree=406
num_leaves=8
num_cat=0
split_feature=12 38 30 58 9 12 58
split_gain=1281.71 1382.25 1516.98 1169.29 903.173 1212.8 1010.96
threshold=19.995000000000001 2253.7500000000005 1.0000000180025095e-35 40.195000000000007 12.500000000000002 80.935000000000016 33.795000000000009
decision_type=2 10 2 2 2 2 2
left_child=1 3 -3 -1 6 -6 -2
right_child=4 2 -4 -5 5 -7 -8
leaf_value=-0.017545022794959741 -0.010373264007571889 -0.018883195662681752 0.055702559309346339 -0.076810070455780824 0.01584671674049374 0.11096947754251547 0.0064193788796990253
leaf_weight=322 2248 369 149 227 757 53 3940
leaf_count=322 2248 369 149 227 757 53 3940
internal_value=-0.000195337 -0.0205609 0.00289843 -0.0425219 0.00292231 0.0227134 0.000315435
internal_weight=8065 1067 518 549 6998 810 6188
internal_count=8065 1067 518 549 6998 810 6188
is_linear=0
shrinkage=0.02


Tree=407
num_leaves=8
num_cat=0
split_feature=43 40 22 38 13 9 9
split_gain=1468.98 1864.66 1246.58 1173.32 1558.09 1131.5 1016.06
threshold=1.0000000180025095e-35 34.475000000000001 22514.050000000003 11757.400000000003 353.85000000000008 14.500000000000002 4.5000000000000009
decision_type=2 2 2 8 2 2 2
left_child=1 3 -3 4 6 -2 -1
right_child=5 2 -4 -5 -6 -7 -8
leaf_value=-0.10312814290706929 0.0029714818904575603 0.0058529444372515029 -0.047926895456824131 -0.067937131381553148 0.042815059045234978 0.034691304197877033 0.011333809126507152
leaf_weight=73 5506 1207 196 340 113 485 50
leaf_count=73 5506 1207 196 340 113 485 50
internal_value=0.000630504 -0.0142875 -0.00180365 -0.0444178 -0.00982763 0.00556614 -0.0579737
internal_weight=7970 1979 1403 576 236 5991 123
internal_count=7970 1979 1403 576 236 5991 123
is_linear=0
shrinkage=0.02


Tree=408
num_leaves=8
num_cat=0
split_feature=16 15 52 6 42 54 33
split_gain=1185.94 1250.21 1165.21 1380 1045.05 1695.59 916.996
threshold=0.33955000000000007 2.5000000000000004 31.455000000000002 2.5000000000000004 9.1200000000000028 83.165000000000006 2.5000000000000004
decision_type=2 2 2 2 2 2 2
left_child=1 2 3 -1 5 -2 -7
right_child=4 -3 -4 -5 -6 6 -8
leaf_value=-0.066256202847164658 -0.10441744099391832 -0.06097839328896236 0.0031427897086449843 0.036865982677504093 0.0064277357895309063 -0.051639087154315075 0.060038645100944185
leaf_weight=219 85 198 962 64 6439 47 63
leaf_count=219 85 198 962 64 6439 47 63
internal_value=0.00145793 -0.0149428 -0.00740685 -0.0427001 0.00503391 -0.0400009 0.0121513
internal_weight=8077 1443 1245 283 6634 195 110
internal_count=8077 1443 1245 283 6634 195 110
is_linear=0
shrinkage=0.02


Tree=409
num_leaves=8
num_cat=0
split_feature=64 42 64 8 17 55 13
split_gain=1399.89 1130.25 1461.71 954.636 1347.06 1151.08 1091.17
threshold=1.0000000180025095e-35 81.935000000000016 2.5000000000000004 47.245000000000012 5035.1000000000013 55.055000000000007 431.15000000000003
decision_type=2 2 2 2 2 2 2
left_child=-1 3 -3 5 -5 6 -2
right_child=1 2 -4 4 -6 -7 -8
leaf_value=-0.095238572705964572 0.002565518780904121 0.09303458472629926 0.01227338822743531 -0.078262006230112438 -0.0099795559781446375 -0.018618331224270739 0.038031030820572485
leaf_weight=56 5182 106 477 133 724 970 367
leaf_count=56 5182 106 477 133 724 970 367
internal_value=0.00020696 0.000937892 0.0276235 -0.00118862 -0.020969 0.00142581 0.00494326
internal_weight=8015 7959 583 7376 857 6519 5549
internal_count=8015 7959 583 7376 857 6519 5549
is_linear=0
shrinkage=0.02


Tree=410
num_leaves=8
num_cat=1
split_feature=41 45 32 3 66 51 48
split_gain=1059.72 1213.21 1224.27 1196.56 1094.16 1057.02 1240.4
threshold=15.475000000000003 1.0000000180025095e-35 1.0000000180025095e-35 0 1.0000000180025095e-35 19.905000000000005 4.5000000000000009
decision_type=2 2 2 1 2 2 2
left_child=3 2 -2 -1 5 6 -3
right_child=1 4 -4 -5 -6 -7 -8
leaf_value=0.0049372068311196648 0.01791375915157396 0.06303385924874691 -0.0077125576900480232 -0.076146667065485465 -0.0048224828311689673 -0.089189665435302642 -0.072045589960538434
leaf_weight=139 2121 52 1145 144 4253 119 47
leaf_count=139 2121 52 1145 144 4253 119 47
internal_value=-0.00172945 -0.000327032 0.00893158 -0.0393993 -0.00709274 -0.0502823 -0.00147539
internal_weight=8020 7737 3266 283 4471 218 99
internal_count=8020 7737 3266 283 4471 218 99
cat_boundaries=0 1
cat_threshold=5
is_linear=0
shrinkage=0.02


Tree=411
num_leaves=8
num_cat=1
split_feature=7 12 16 53 44 42 50
split_gain=1425.87 1107.38 1210.92 1324.49 1073.14 1100.44 1091.55
threshold=0 21.240000000000006 0.35845000000000005 57.315000000000005 1.0000000180025095e-35 88.295000000000016 3.5000000000000004
decision_type=1 2 2 2 2 2 2
left_child=1 -1 3 -3 5 6 -2
right_child=4 2 -4 -5 -6 -7 -8
leaf_value=-0.082849290372715101 -0.019748461486000908 -0.00024640816630739157 0.0016077445259260149 -0.12733808975824168 0.0056201195934956994 0.076286391605587922 0.077394801719735076
leaf_weight=121 1399 61 383 66 5876 48 43
leaf_count=121 1399 61 383 66 5876 48 43
internal_value=-0.000723477 -0.0292144 -0.0163757 -0.0686157 0.00177255 -0.013357 -0.0165943
internal_weight=7997 631 510 127 7366 1490 1442
internal_count=7997 631 510 127 7366 1490 1442
cat_boundaries=0 1
cat_threshold=32
is_linear=0
shrinkage=0.02


Tree=412
num_leaves=8
num_cat=0
split_feature=40 55 45 64 40 64 51
split_gain=1275.84 1335.99 1427.06 1955.11 2156.23 1633.58 1315.69
threshold=84.560000000000016 37.865000000000002 1.0000000180025095e-35 3.5000000000000004 30.690000000000001 1.5000000000000002 49.015000000000008
decision_type=2 2 2 2 2 2 2
left_child=1 -1 5 4 6 -3 -4
right_child=-2 2 3 -5 -6 -7 -8
leaf_value=0.01292305472287435 0.035797935729162872 -0.035852597839922791 -0.098929284471105869 -0.0011460924444990791 -0.020643088162404781 0.010062935018370396 0.013202107924002188
leaf_weight=1669 352 354 244 1750 1341 2265 49
leaf_count=1669 352 354 244 1750 1341 2265 49
internal_value=-0.00116237 -0.00288036 -0.00728124 -0.0158505 -0.0315473 0.00380022 -0.0802701
internal_weight=8024 7672 6003 3384 1634 2619 293
internal_count=8024 7672 6003 3384 1634 2619 293
is_linear=0
shrinkage=0.02


Tree=413
num_leaves=8
num_cat=0
split_feature=55 33 32 45 51 41 65
split_gain=1212.27 1063.66 1023.94 1568.42 1376.99 1700.08 1160.24
threshold=54.735000000000007 1.5000000000000002 1.0000000180025095e-35 1.0000000180025095e-35 11.915000000000001 68.705000000000013 0.76388888888888895
decision_type=2 2 2 2 2 2 2
left_child=2 -2 3 4 5 -1 -6
right_child=1 -3 -4 -5 6 -7 -8
leaf_value=-0.024859856837254793 -0.052387638923801563 -0.0081692830026890255 -0.007136420888602656 -0.0013818050861809123 0.028900845843918384 0.081917303359844318 0.12232806181269032
leaf_weight=369 276 976 2390 2418 1352 66 51
leaf_count=369 276 976 2390 2418 1352 66 51
internal_value=-7.43355e-05 -0.0180867 0.00332995 0.00920893 0.0231076 -0.0079124 0.0327193
internal_weight=7898 1252 6646 4256 1838 435 1403
internal_count=7898 1252 6646 4256 1838 435 1403
is_linear=0
shrinkage=0.02


Tree=414
num_leaves=8
num_cat=1
split_feature=8 12 41 55 7 17 49
split_gain=1144.56 1139.89 1012.76 1011 923.239 1014.47 1011.79
threshold=38.125000000000007 77.385000000000005 13.115 55.185000000000009 0 5299.5000000000009 9.5000000000000018
decision_type=2 2 2 2 1 2 2
left_child=1 3 -2 4 -1 -6 -7
right_child=2 -3 -4 -5 5 6 -8
leaf_value=-0.0211249667765161 -0.1038897804170847 0.033948331034887293 -0.010653223568641937 -0.017578244035126783 0.023855168536080096 -0.029481924505925728 0.0066707779730787401
leaf_weight=442 43 496 1721 850 1268 343 2807
leaf_count=442 43 496 1721 850 1268 343 2807
internal_value=0.000980135 0.00502186 -0.0132132 0.00248165 0.00600453 0.00876746 0.00269367
internal_weight=7970 6206 1764 5710 4860 4418 3150
internal_count=7970 6206 1764 5710 4860 4418 3150
cat_boundaries=0 1
cat_threshold=32
is_linear=0
shrinkage=0.02


Tree=415
num_leaves=8
num_cat=0
split_feature=58 58 48 54 32 37 58
split_gain=1022.55 1086.71 1049.26 1083.24 1057.88 1080.48 1541.54
threshold=33.645000000000003 32.905000000000008 19.500000000000004 82.955000000000013 1.0000000180025095e-35 0.28990000000000005 58.525000000000013
decision_type=2 2 2 2 2 2 2
left_child=1 -1 3 4 5 -2 -7
right_child=2 -3 -4 -5 -6 6 -8
leaf_value=-0.0076246108359781066 0.041441197189348279 -0.062090794934380446 -0.038032461923680136 -0.0010444062428066922 -0.0016659631781511153 -0.024172474456618926 0.082254590500092151
leaf_weight=2740 853 150 219 3071 672 253 64
leaf_count=2740 853 150 219 3071 672 253 64
internal_value=-0.00104868 -0.0105539 0.00430911 0.00623326 0.0183366 0.0297835 -0.00174202
internal_weight=8022 2890 5132 4913 1842 1170 317
internal_count=8022 2890 5132 4913 1842 1170 317
is_linear=0
shrinkage=0.02


Tree=416
num_leaves=8
num_cat=0
split_feature=16 22 41 9 45 54 15
split_gain=1249.2 1407.14 1050.44 1220.39 1053.86 1133.16 1111.95
threshold=0.79410000000000014 20032.300000000003 14.405000000000003 4.5000000000000009 1.0000000180025095e-35 83.065000000000012 1.0000000180025095e-35
decision_type=2 2 2 2 2 2 2
left_child=2 -2 3 -1 -4 6 -6
right_child=1 -3 4 -5 5 -7 -8
leaf_value=-0.082515578353229702 0.018022763248741257 0.14070446462631225 0.0083489565173248941 0.0049879172588548357 0.017680874412749396 -0.014936915688230081 -0.016376651153351143
leaf_weight=131 156 45 3219 119 1113 2637 579
leaf_count=131 156 45 3219 119 1113 2637 579
internal_value=-0.000376033 0.0482373 -0.00165919 -0.0415828 -0.000310213 -0.00675129 0.00601252
internal_weight=7999 201 7798 250 7548 4329 1692
internal_count=7999 201 7798 250 7548 4329 1692
is_linear=0
shrinkage=0.02


Tree=417
num_leaves=8
num_cat=1
split_feature=16 52 52 20 16 65 5
split_gain=1262.85 1125.78 853.672 1038.65 904.056 849.097 1440.11
threshold=0.57745000000000013 2.8800000000000003 83.715000000000018 790474.20000000007 0.17090000000000002 0.69047619047619058 0
decision_type=2 2 2 8 2 2 1
left_child=1 -1 4 -4 -3 6 -6
right_child=-2 2 3 -5 5 -7 -8
leaf_value=-0.080130523427189154 0.012126784637130038 -0.069388456891544839 -0.032097730509440106 0.056656679666475265 0.015672690943600815 0.011050544769671331 -0.014592576904630209
leaf_weight=74 2423 83 70 180 764 1075 3307
leaf_count=74 2423 83 70 180 764 1075 3307
internal_value=9.37937e-05 -0.00516288 -0.00407822 0.0316634 -0.00581565 -0.00472392 -0.00889782
internal_weight=7976 5553 5479 250 5229 5146 4071
internal_count=7976 5553 5479 250 5229 5146 4071
cat_boundaries=0 1
cat_threshold=1
is_linear=0
shrinkage=0.02


Tree=418
num_leaves=8
num_cat=0
split_feature=64 64 32 12 15 51 14
split_gain=1413.98 1009.87 1103.19 1339.03 1582.05 1727.85 1535.51
threshold=1.0000000180025095e-35 4.5000000000000009 1.0000000180025095e-35 41.945000000000007 1.5000000000000002 10.290000000000001 11.625000000000002
decision_type=2 2 2 2 2 2 2
left_child=-1 2 3 4 -2 -6 -7
right_child=1 -3 -4 -5 5 6 -8
leaf_value=-0.094835851703371332 0.0020875756134971879 0.024103249143951486 -0.013544292133557423 0.012498809934889036 -0.098916002654317603 0.053649341280058938 -0.034709120747624056
leaf_weight=58 1674 649 2233 2824 129 93 399
leaf_count=58 1674 649 2233 2824 129 93 399
internal_value=-0.000456186 0.000286782 -0.00183058 0.00328739 -0.00804981 -0.0351751 -0.0176355
internal_weight=8059 8001 7352 5119 2295 621 492
internal_count=8059 8001 7352 5119 2295 621 492
is_linear=0
shrinkage=0.02


Tree=419
num_leaves=8
num_cat=0
split_feature=33 8 55 40 38 38 14
split_gain=1098.03 1156.93 1223.79 1119.96 1079.24 894.001 870.476
threshold=5.5000000000000009 54.410000000000004 54.735000000000007 32.155000000000008 5428.5000000000009 2876.8500000000004 47.810000000000009
decision_type=2 2 2 2 10 10 2
left_child=1 2 -1 4 -3 -5 -4
right_child=-2 3 6 5 -6 -7 -8
leaf_value=0.0042493541948111762 0.040668542337380063 -0.017736132109054812 -0.014610503729947684 -0.046323727740268959 -0.14780147637191574 0.013508750445227017 -0.1027169275791087
leaf_weight=6179 253 49 1092 185 52 207 42
leaf_count=6179 253 49 1092 185 52 207 42
internal_value=7.37827e-05 -0.00126712 0.000740993 -0.0307632 -0.0885135 -0.0149563 -0.0183103
internal_weight=8059 7806 7313 493 101 392 1134
internal_count=8059 7806 7313 493 101 392 1134
is_linear=0
shrinkage=0.02


Tree=420
num_leaves=8
num_cat=0
split_feature=16 44 38 38 47 33 54
split_gain=1200.04 1153.74 1070.54 1047.08 1982.94 1085.74 1111.85
threshold=0.77305000000000013 1.0000000180025095e-35 61035.600000000006 3211.5000000000005 7.5000000000000009 3.5000000000000004 84.565000000000012
decision_type=2 2 8 8 2 2 2
left_child=1 3 -3 4 -1 6 -5
right_child=-2 2 -4 5 -6 -7 -8
leaf_value=-0.095080825826268145 0.039301336917250636 0.00896384620098911 -0.0078054119502204864 0.0041905855613818578 0.030525066995620728 0.020404202920556266 -0.038593981693129116
leaf_weight=157 288 3620 2621 413 70 337 582
leaf_count=157 288 3620 2621 413 70 337 582
internal_value=-0.000435717 -0.00192717 0.00192074 -0.017288 -0.0565246 -0.0104149 -0.020903
internal_weight=8088 7800 6241 1559 227 1332 995
internal_count=8088 7800 6241 1559 227 1332 995
is_linear=0
shrinkage=0.02


Tree=421
num_leaves=8
num_cat=0
split_feature=45 55 8 32 12 8 55
split_gain=1514.48 984.297 979.011 969.564 906.776 1027.95 970.793
threshold=1.0000000180025095e-35 37.345000000000006 53.770000000000003 1.0000000180025095e-35 85.185000000000016 22.405000000000005 48.895000000000003
decision_type=2 2 2 2 2 2 2
left_child=2 -2 3 4 5 -1 -7
right_child=1 -3 -4 -5 -6 6 -8
leaf_value=0.033027182439117841 0.011188702265616883 -0.01226619915480642 -0.029160489404574035 -0.0022578259270128434 0.083720440237190247 0.018676504487576694 -0.020838305285705641
leaf_weight=950 885 3663 235 1124 83 685 384
leaf_count=950 885 3663 235 1124 83 685 384
internal_value=-0.000111434 -0.00769481 0.00985039 0.0127329 0.0207352 0.0179455 0.00445129
internal_weight=8009 4548 3461 3226 2102 2019 1069
internal_count=8009 4548 3461 3226 2102 2019 1069
is_linear=0
shrinkage=0.02


Tree=422
num_leaves=8
num_cat=0
split_feature=12 62 38 37 68 9 68
split_gain=1301.94 1276.72 1744.1 1167.61 1123.51 1283.79 1027.26
threshold=41.945000000000007 1.0000000180025095e-35 4202.3500000000013 0.32665000000000005 963964.35000000009 1.5000000000000002 831014.60000000009
decision_type=2 2 10 2 2 2 2
left_child=1 -1 3 4 6 -6 -3
right_child=-2 2 -4 -5 5 -7 -8
leaf_value=-0.0015383166161974018 0.0069887241035490825 -0.03379508496401553 0.0038547351182794867 -0.12810027687445932 -0.14213720301549662 -0.04157662933322951 0.055328388909498857
leaf_weight=2445 4542 162 400 64 63 232 70
leaf_count=2445 4542 162 400 64 63 232 70
internal_value=-3.533e-05 -0.00931699 -0.0284045 -0.0500873 -0.0394984 -0.0650633 -0.00630443
internal_weight=7978 3436 991 591 527 295 232
internal_count=7978 3436 991 591 527 295 232
is_linear=0
shrinkage=0.02


Tree=423
num_leaves=8
num_cat=0
split_feature=16 9 41 50 33 44 41
split_gain=1536.68 1071.32 1177.01 1156.22 1025.48 980.997 826.896
threshold=0.57745000000000013 12.500000000000002 79.385000000000005 3.5000000000000004 5.5000000000000009 1.0000000180025095e-35 32.395000000000003
decision_type=2 2 2 2 2 2 2
left_child=1 2 3 4 6 -3 -1
right_child=-2 5 -4 -5 -6 -7 -8
leaf_value=-0.033050844404327144 0.013854550721687601 -0.022475882657632534 0.027172723428962535 0.042813001804445916 0.040766830797827634 0.029213662935728177 -0.010661455291447521
leaf_weight=820 2439 191 335 147 131 589 3348
leaf_count=820 2439 191 335 147 131 589 3348
internal_value=0.000635097 -0.00517006 -0.00871797 -0.0114498 -0.0133528 0.0164938 -0.0151006
internal_weight=8000 5561 4781 4446 4299 780 4168
internal_count=8000 5561 4781 4446 4299 780 4168
is_linear=0
shrinkage=0.02


Tree=424
num_leaves=8
num_cat=0
split_feature=16 33 54 51 64 27 51
split_gain=1108.6 1100.24 957.519 943.765 1386.58 2395.35 1910.76
threshold=0.36255000000000004 4.5000000000000009 61.605000000000011 12.735000000000001 2.5000000000000004 1.0000000180025095e-35 22.245000000000001
decision_type=2 2 2 2 2 2 2
left_child=1 2 -1 -2 5 6 -5
right_child=3 -3 -4 4 -6 -7 -8
leaf_value=0.071599672529432515 -0.0097926029292667409 0.029201567456678769 -0.022211943520644702 0.056304876615603766 0.0014392807563776966 0.085290921886584589 -0.0029874009437022863
leaf_weight=40 1538 204 1556 295 3351 219 788
leaf_count=40 1538 204 1556 295 3351 219 788
internal_value=-0.000250109 -0.0140431 -0.0196445 0.00376822 0.0082563 0.0257289 0.0133478
internal_weight=7991 1800 1596 6191 4653 1302 1083
internal_count=7991 1800 1596 6191 4653 1302 1083
is_linear=0
shrinkage=0.02


Tree=425
num_leaves=8
num_cat=0
split_feature=52 65 9 16 21 65 16
split_gain=1289.37 1326.37 1266.16 1134.83 968.065 870.602 976.008
threshold=15.630000000000001 0.69047619047619058 18.500000000000004 0.32695000000000007 412848.85000000003 0.29166666666666669 0.77305000000000013
decision_type=2 2 2 2 10 2 2
left_child=1 -1 3 4 -2 -5 -7
right_child=2 -3 -4 5 -6 6 -8
leaf_value=-0.05031546199738255 -0.025656132792849597 0.034844906730677493 0.039733566534608154 -0.019047594001650809 0.032609817765223294 0.0041092398546651362 0.046476921538949542
leaf_weight=355 961 88 330 620 125 5243 222
leaf_count=355 961 88 330 620 125 5243 222
internal_value=-0.000238519 -0.0331986 0.00172888 -4.65081e-05 -0.0188309 0.00331869 0.00587122
internal_weight=7944 443 7501 7171 1086 6085 5465
internal_count=7944 443 7501 7171 1086 6085 5465
is_linear=0
shrinkage=0.02


Tree=426
num_leaves=8
num_cat=0
split_feature=16 47 10 12 43 56 10
split_gain=1792.31 1453.82 1235.75 1403.92 2416.79 1302.28 1261.59
threshold=0.72825000000000006 7.5000000000000009 14569.450000000003 43.755000000000003 1.0000000180025095e-35 45.135000000000012 13758.200000000003
decision_type=2 2 2 2 2 2 2
left_child=2 -2 3 4 5 -1 -5
right_child=1 -3 -4 6 -6 -7 -8
leaf_value=-0.11201365962700191 0.061157567441776708 -0.0054413309601897544 0.0015332067938997672 0.011575380014544308 -0.013504371481733463 0.0046675177950125475 -0.075327166142066318
leaf_weight=192 328 215 5980 608 543 47 70
leaf_count=192 328 215 5980 608 543 47 70
internal_value=7.09082e-05 0.0349788 -0.00249858 -0.0189612 -0.0371339 -0.0894425 0.00211738
internal_weight=7983 543 7440 1460 782 239 678
internal_count=7983 543 7440 1460 782 239 678
is_linear=0
shrinkage=0.02


Tree=427
num_leaves=8
num_cat=1
split_feature=7 8 12 33 38 8 38
split_gain=1121.19 1191.51 1650.17 940.67 1380.86 850.114 1005.55
threshold=0 26.625000000000004 49.82500000000001 1.5000000000000002 2787.3500000000008 47.245000000000012 3518.9000000000001
decision_type=1 2 2 2 10 2 8
left_child=1 -1 3 -3 -5 -2 -7
right_child=5 2 -4 4 -6 6 -8
leaf_value=-0.0035397158204049793 0.004556684719837595 -0.1632770656325199 0.020806849818480643 -0.11713683319214273 0.012043273921590299 -0.063398982698023812 -0.0065926401868621198
leaf_weight=383 6539 49 71 68 59 146 723
leaf_count=383 6539 49 71 68 59 146 723
internal_value=-0.000117247 -0.0254097 -0.0595867 -0.0916971 -0.0589411 0.00208086 -0.0164447
internal_weight=8038 630 247 176 127 7408 869
internal_count=8038 630 247 176 127 7408 869
cat_boundaries=0 1
cat_threshold=32
is_linear=0
shrinkage=0.02


Tree=428
num_leaves=8
num_cat=0
split_feature=16 12 8 64 21 12 64
split_gain=1344.84 1042.84 1123.34 1007.57 860.249 810.238 794.432
threshold=0.32955000000000007 77.385000000000005 55.885000000000005 3.5000000000000004 312532.10000000003 41.70000000000001 2.5000000000000004
decision_type=2 2 2 2 10 2 2
left_child=4 6 3 -3 -1 -6 -2
right_child=1 2 -4 -5 5 -7 -8
leaf_value=-0.029151036909704216 0.012622854506255979 0.058616152536179592 -0.066321840208509703 0.0026727602689765222 -0.027142275495297578 0.031015362022765131 -0.0032185148555750986
leaf_weight=900 1776 330 41 210 161 222 4377
leaf_count=900 1776 330 41 210 161 222 4377
internal_value=0.000210821 0.00378959 0.0292837 0.0370845 -0.0185146 0.00653317 0.00136047
internal_weight=8017 6734 581 540 1283 383 6153
internal_count=8017 6734 581 540 1283 383 6153
is_linear=0
shrinkage=0.02


Tree=429
num_leaves=8
num_cat=0
split_feature=14 33 48 48 54 64 57
split_gain=1024.23 1606.43 1010.52 938.439 976.612 714.701 671.926
threshold=43.180000000000007 1.5000000000000002 3.5000000000000004 19.500000000000004 97.25500000000001 1.0000000180025095e-35 41.805000000000007
decision_type=2 2 2 2 2 2 2
left_child=3 2 -2 5 -5 -1 -7
right_child=1 -3 -4 4 -6 6 -8
leaf_value=-0.071191612027001153 -0.031039351739135444 -0.0094996072454557601 -0.16579588946031065 -0.047040651980379641 0.039705811812327456 0.0085381295889788451 -0.0041684372377420063
leaf_weight=46 46 358 44 269 60 4604 2602
leaf_count=46 46 358 44 269 60 4604 2602
internal_value=0.000173105 -0.0290405 -0.102179 0.00191749 -0.0308631 0.00342488 0.00395023
internal_weight=8029 448 90 7581 329 7252 7206
internal_count=8029 448 90 7581 329 7252 7206
is_linear=0
shrinkage=0.02


Tree=430
num_leaves=8
num_cat=0
split_feature=14 31 42 57 41 23 24
split_gain=1139.68 974.33 897.7 891.328 1083.36 971.587 971.532
threshold=43.180000000000007 1.0000000180025095e-35 41.625000000000007 33.395000000000003 78.865000000000023 4.2500000000000009 1.0000000180025095e-35
decision_type=2 2 2 2 2 2 2
left_child=3 2 -2 -1 5 6 -5
right_child=1 -3 -4 4 -6 -7 -8
leaf_value=0.010261825434901142 -0.12427325241601291 -0.0059182537474802566 -0.030102034707029327 -0.056040889108751685 0.033001113757986172 -0.0093620708813817871 0.043448884185260585
leaf_weight=3465 62 275 114 42 296 3491 249
leaf_count=3465 62 275 114 42 296 3491 249
internal_value=0.000956195 -0.029749 -0.0657925 0.00281057 -0.00352544 -0.006424 0.0283855
internal_weight=7994 451 176 7543 4078 3782 291
internal_count=7994 451 176 7543 4078 3782 291
is_linear=0
shrinkage=0.02


Tree=431
num_leaves=8
num_cat=0
split_feature=8 52 64 40 8 41 10
split_gain=1415.63 1320.29 1881.13 1333.53 1293.07 1018.32 1162.6
threshold=47.245000000000012 66.865000000000023 2.5000000000000004 5.6100000000000003 36.685000000000009 55.735000000000007 84537.35000000002
decision_type=2 2 2 2 2 2 2
left_child=1 3 4 -1 -3 6 -2
right_child=5 2 -4 -5 -6 -7 -8
leaf_value=-0.073905934971570969 -0.057069933219611499 0.041992883607959886 0.0052758699188031515 -0.00023489849257514724 0.14882585691081154 0.0025179466259562305 0.010786873665364349
leaf_weight=95 416 342 963 5720 49 355 131
leaf_count=95 416 342 963 5720 49 355 131
internal_value=-0.000331004 0.00264563 0.0203938 -0.00150093 0.0570912 -0.0238732 -0.0408685
internal_weight=8071 7169 1354 5815 391 902 547
internal_count=8071 7169 1354 5815 391 902 547
is_linear=0
shrinkage=0.02


Tree=432
num_leaves=8
num_cat=0
split_feature=55 64 66 54 40 45 64
split_gain=1119.02 1116.41 2379.52 1771.53 1369.74 1501.53 1456.53
threshold=55.685000000000009 2.5000000000000004 0.43750000000000006 77.575000000000003 76.115000000000009 1.0000000180025095e-35 1.5000000000000002
decision_type=2 2 2 2 2 2 2
left_child=1 2 4 -4 5 6 -1
right_child=-2 -3 3 -5 -6 -7 -8
leaf_value=-0.018517270203710252 -0.018506661097129777 -0.0019051681306360361 -0.018221765938214958 0.10685151357161864 0.067375084002253033 -0.027869186606579301 0.029546283847582323
leaf_weight=362 1093 4904 59 173 137 459 806
leaf_count=362 1093 4904 59 173 137 459 806
internal_value=0.000247906 0.00322999 0.0158199 0.0753307 0.00780224 0.00259491 0.0146344
internal_weight=7993 6900 1996 232 1764 1627 1168
internal_count=7993 6900 1996 232 1764 1627 1168
is_linear=0
shrinkage=0.02


Tree=433
num_leaves=8
num_cat=0
split_feature=16 42 64 34 64 42 64
split_gain=998.378 913.055 1846.85 1157.24 1763.94 1426.52 1036.34
threshold=0.17090000000000002 80.415000000000006 2.5000000000000004 3.5000000000000004 2.5000000000000004 9.1200000000000028 4.5000000000000009
decision_type=2 2 2 2 2 2 2
left_child=-1 3 -3 5 -5 -2 -7
right_child=1 2 -4 4 -6 6 -8
leaf_value=-0.060875401006755876 -0.053607793878322527 0.093141972474225856 0.0082517593615374502 0.11767753333457419 0.013589702319156016 -0.0029490871843790055 0.028724850159566346
leaf_weight=97 206 122 538 69 560 5952 439
leaf_count=97 206 122 538 69 560 5952 439
internal_value=0.00129715 0.00209998 0.0245259 3.61217e-05 0.0258459 -0.00244246 -0.000752639
internal_weight=7983 7886 660 7226 629 6597 6391
internal_count=7983 7886 660 7226 629 6597 6391
is_linear=0
shrinkage=0.02


Tree=434
num_leaves=8
num_cat=0
split_feature=12 15 14 52 12 58 58
split_gain=1041.94 1243.07 1270.14 1123.69 1466.31 909.982 1670.97
threshold=42.865000000000002 1.5000000000000002 18.085000000000004 39.615000000000002 39.125000000000007 33.645000000000003 32.330000000000005
decision_type=2 2 2 2 2 2 2
left_child=1 -1 -3 -4 -5 6 -2
right_child=5 2 3 4 -6 -7 -8
leaf_value=-0.0026079592890305837 0.00019406627160567058 -0.0052151473024632878 -0.089540787798974994 0.0016345171249969295 -0.12456888017123161 0.012052739567354238 -0.067120581408341734
leaf_weight=2700 1391 405 194 184 41 2866 160
leaf_count=2700 1391 405 194 184 41 2866 160
internal_value=-0.00108648 -0.00919031 -0.0306129 -0.054811 -0.0235706 0.00538205 -0.00694343
internal_weight=7941 3524 824 419 225 4417 1551
internal_count=7941 3524 824 419 225 4417 1551
is_linear=0
shrinkage=0.02


Tree=435
num_leaves=8
num_cat=0
split_feature=33 34 64 42 45 14 42
split_gain=1261.23 863.128 1718.51 1532.21 795.141 888.481 784.935
threshold=1.0000000180025095e-35 3.5000000000000004 2.5000000000000004 9.1200000000000028 1.0000000180025095e-35 13.055000000000001 81.935000000000016
decision_type=2 2 2 2 2 2 2
left_child=4 3 -3 -2 -1 -6 -5
right_child=1 2 -4 6 5 -7 -8
leaf_value=-0.0020919286954902603 -0.055529078435592689 0.10977559693995863 0.011109366724972466 -0.0011387555956547243 0.0029031338586526755 -0.085620798601669337 0.025128936422893933
leaf_weight=162 194 75 616 6209 63 154 486
leaf_count=162 194 75 616 6209 63 154 486
internal_value=-0.000486299 0.00130425 0.0225301 -0.000839601 -0.035848 -0.0604338 0.000785385
internal_weight=7959 7580 691 6889 379 217 6695
internal_count=7959 7580 691 6889 379 217 6695
is_linear=0
shrinkage=0.02


Tree=436
num_leaves=8
num_cat=0
split_feature=16 16 52 0 40 10 12
split_gain=1418.65 1005.38 976.539 1084 969.492 1152.66 941.82
threshold=0.60415000000000008 0.17090000000000002 1.0000000180025095e-35 68.500000000000014 72.590000000000018 12706.300000000001 82.590000000000018
decision_type=2 2 2 2 2 2 2
left_child=1 -1 -3 4 5 -4 -2
right_child=6 2 3 -5 -6 -7 -8
leaf_value=-0.067538603200640493 0.010564494289314592 -0.086890295456375985 -0.033754248264359819 0.02888649734858599 0.015531603137190252 -0.0052866937389029391 0.071627245105750789
leaf_weight=98 1894 52 656 377 724 4107 102
leaf_count=98 1894 52 656 377 724 4107 102
internal_value=-0.000733175 -0.00558274 -0.00450025 -0.00369625 -0.0059592 -0.00923877 0.0138561
internal_weight=8010 6014 5916 5864 5487 4763 1996
internal_count=8010 6014 5916 5864 5487 4763 1996
is_linear=0
shrinkage=0.02


Tree=437
num_leaves=8
num_cat=0
split_feature=40 43 51 10 44 6 14
split_gain=895.517 807.829 1072.41 1137.2 1105.34 1011.13 966.339
threshold=87.625000000000014 1.0000000180025095e-35 8.1750000000000025 14237.750000000002 1.0000000180025095e-35 2.5000000000000004 20.355000000000004
decision_type=2 2 2 2 2 2 2
left_child=1 2 4 5 -1 -4 -6
right_child=-2 -3 3 -5 6 -7 -8
leaf_value=-0.11740932842826142 0.035458091977902138 0.0024220281939313841 -0.048073912128428188 0.003599703471220675 -0.053995962290243171 0.040306709461635164 0.024863960429721946
leaf_weight=63 269 5827 340 1255 169 57 93
leaf_count=63 269 5827 340 1255 169 57 93
internal_value=-8.07793e-05 -0.00132771 -0.0123579 -0.00576395 -0.0452802 -0.035041 -0.0260623
internal_weight=8073 7804 1977 1652 325 397 262
internal_count=8073 7804 1977 1652 325 397 262
is_linear=0
shrinkage=0.02


Tree=438
num_leaves=8
num_cat=0
split_feature=40 33 41 13 42 31 23
split_gain=1066.68 1058.19 1100.81 953.605 883.923 803.041 1568.73
threshold=82.190000000000012 5.5000000000000009 15.475000000000003 403.35000000000008 33.505000000000003 1.0000000180025095e-35 11.050000000000002
decision_type=2 2 2 2 2 2 2
left_child=1 2 3 -1 -3 6 -4
right_child=-2 4 5 -5 -6 -7 -8
leaf_value=-0.058000508659956401 0.028674856589237848 0.10588563993059356 -0.024448343901454454 0.042409970682600273 0.016360016505140813 0.0029045029344730677 0.0045852520048112475
leaf_weight=240 445 53 1570 41 195 4099 1409
leaf_count=240 445 53 1570 41 195 4099 1409
internal_value=-0.00124671 -0.00301477 -0.00439459 -0.0428646 0.037207 -0.00283814 -0.0107314
internal_weight=8052 7607 7359 281 248 7078 2979
internal_count=8052 7607 7359 281 248 7078 2979
is_linear=0
shrinkage=0.02


Tree=439
num_leaves=8
num_cat=0
split_feature=42 16 50 42 64 41 0
split_gain=1032.46 1011.6 1112.54 1102.89 990.158 855.684 833.466
threshold=81.935000000000016 0.56585000000000008 3.5000000000000004 40.775000000000013 2.5000000000000004 77.785000000000011 22.500000000000004
decision_type=2 2 2 2 2 2 2
left_child=1 2 -1 -4 5 -2 -3
right_child=4 6 3 -5 -6 -7 -8
leaf_value=-0.0078108861534322942 0.032759300836840193 -0.012991045793073887 0.10367193996906281 0.00075823047126715002 0.013712308495375278 0.1481723009215461 0.015919485491225908
leaf_weight=4806 69 502 67 99 462 40 1878
leaf_count=4806 69 502 67 99 462 40 1878
internal_value=0.00111637 -0.000903222 -0.00603475 0.0441125 0.0269021 0.0797539 0.0098071
internal_weight=7923 7352 4972 166 571 109 2380
internal_count=7923 7352 4972 166 571 109 2380
is_linear=0
shrinkage=0.02


Tree=440
num_leaves=8
num_cat=1
split_feature=16 21 9 2 41 12 55
split_gain=1099.89 907.137 865.78 1019.26 1324.94 844.023 839.782
threshold=0.57745000000000013 273757.3000000001 1.5000000000000002 0 55.32500000000001 11.290000000000001 37.865000000000002
decision_type=2 8 2 1 2 2 2
left_child=2 -2 -1 4 -4 -3 -5
right_child=1 5 3 6 -6 -7 -8
leaf_value=-0.018797090688433441 0.035254831037634896 -0.045844242695719004 -0.040932033229847814 0.023123835812010749 0.012024787351008384 0.00896266229906717 -0.00044671555328276681
leaf_weight=1248 520 115 484 768 305 1781 2775
leaf_count=1248 520 115 484 768 305 1781 2775
internal_value=0.000725761 0.0119846 -0.00415541 7.94964e-05 -0.0202588 0.00552657 0.00467478
internal_weight=7996 2416 5580 4332 789 1896 3543
internal_count=7996 2416 5580 4332 789 1896 3543
cat_boundaries=0 1
cat_threshold=9
is_linear=0
shrinkage=0.02


Tree=441
num_leaves=8
num_cat=0
split_feature=9 57 57 38 43 15 22
split_gain=1251.15 951.247 874.832 845.402 989.07 1054.4 965.179
threshold=12.500000000000002 11.665000000000001 12.255000000000001 1673.8500000000001 1.0000000180025095e-35 2.5000000000000004 12487.700000000003
decision_type=2 2 2 8 2 2 2
left_child=1 -1 -3 -2 5 6 -5
right_child=3 2 -4 4 -6 -7 -8
leaf_value=0.019944268239613035 0.076534879494388156 -0.081741322414916856 -0.0030255258371040552 -0.10281159709687486 0.028790912696721484 0.066459746374024284 -0.0059409231435635992
leaf_weight=755 101 52 6270 61 639 40 111
leaf_count=755 101 52 6270 61 639 40 111
internal_value=0.00170317 -0.00119836 -0.00373707 0.0231662 0.0164221 -0.0206637 -0.04223
internal_weight=8029 7077 6322 952 851 212 172
internal_count=8029 7077 6322 952 851 212 172
is_linear=0
shrinkage=0.02


Tree=442
num_leaves=8
num_cat=0
split_feature=14 66 52 42 14 58 0
split_gain=1245.75 1244.35 937.347 881.828 1359.49 1263.62 843.342
threshold=43.180000000000007 0.31250000000000006 68.485000000000014 37.560000000000009 18.785000000000004 30.365000000000006 53.500000000000007
decision_type=2 2 2 2 2 2 2
left_child=2 -2 6 4 5 -4 -1
right_child=1 -3 3 -5 -6 -7 -8
leaf_value=-0.0055417919649585244 -0.067964345635266973 -0.00066705503811438876 -0.079854760613706374 0.0094006629901413168 0.1030509791736092 0.047422070804179886 0.011142617243563576
leaf_weight=4637 204 232 40 1047 107 97 1635
leaf_count=4637 204 232 40 1047 107 97 1635
internal_value=0.000107577 -0.0325683 0.00201159 0.017496 0.0513466 0.00875765 -0.00118705
internal_weight=7999 436 7563 1291 244 137 6272
internal_count=7999 436 7563 1291 244 137 6272
is_linear=0
shrinkage=0.02


Tree=443
num_leaves=8
num_cat=0
split_feature=8 52 32 64 52 64 51
split_gain=1668.12 1046.61 1000.22 1208.14 1104.87 1037.29 852.585
threshold=53.770000000000003 31.455000000000002 1.0000000180025095e-35 4.5000000000000009 67.205000000000013 3.5000000000000004 16.240000000000006
decision_type=2 2 2 2 2 2 2
left_child=1 -1 4 -4 -3 6 -6
right_child=-2 2 3 -5 5 -7 -8
leaf_value=-0.014138098063625872 -0.035796161087540294 0.0048840140999589342 -0.014053016218118287 0.022654657999968578 0.010361959472238778 -0.01263915913189695 0.056607390861448489
leaf_weight=1461 523 2920 1678 451 244 178 470
leaf_count=1461 523 2920 1678 451 244 178 470
internal_value=-0.00145096 0.00099828 0.00472935 -0.00624213 0.0108571 0.0302739 0.0409856
internal_weight=7925 7402 5941 2129 3812 892 714
internal_count=7925 7402 5941 2129 3812 892 714
is_linear=0
shrinkage=0.02


Tree=444
num_leaves=8
num_cat=1
split_feature=44 40 10 16 0 16 7
split_gain=1179.15 1112.67 1125.41 1024.07 928.249 1051 915.952
threshold=1.0000000180025095e-35 87.625000000000014 12878.85 0.71795000000000009 56.500000000000007 0.32695000000000007 0
decision_type=2 2 2 2 2 2 1
left_child=1 2 -1 -4 6 -6 -2
right_child=4 -3 3 -5 5 -7 -8
leaf_value=-0.052921123418858962 -0.028436196264253848 0.078577463115964627 -0.01486912120373678 0.055497199348854213 -0.0089535928246557549 0.031678518617726525 0.0024469990100580391
leaf_weight=299 403 44 1190 84 362 839 4727
leaf_count=299 403 44 1190 84 362 839 4727
internal_value=-0.000238782 -0.0154544 -0.0183253 -0.0100308 0.00365657 0.019445 -5.50459e-05
internal_weight=7948 1617 1573 1274 6331 1201 5130
internal_count=7948 1617 1573 1274 6331 1201 5130
cat_boundaries=0 1
cat_threshold=32
is_linear=0
shrinkage=0.02


Tree=445
num_leaves=8
num_cat=0
split_feature=16 52 41 14 17 32 51
split_gain=1531.31 1271.98 1080.83 943.433 927.857 841.989 1153.09
threshold=0.38355000000000006 73.965000000000018 72.190000000000012 43.180000000000007 16791.950000000004 1.0000000180025095e-35 11.505000000000001
decision_type=2 2 2 2 2 2 2
left_child=1 2 -1 5 -5 6 -2
right_child=3 -3 -4 4 -6 -7 -8
leaf_value=-0.025434630695290582 -0.0076146791620586799 0.029816160203674724 0.024606863801111829 -0.053934355624483531 0.01278983509603967 -0.0037003774559282139 0.01886585405694139
leaf_weight=1710 865 221 188 204 136 2014 2710
leaf_count=1710 865 221 188 204 136 2014 2710
internal_value=-0.000555913 -0.0151284 -0.0204263 0.00466061 -0.0274461 0.00663657 0.012457
internal_weight=8048 2119 1898 5929 340 5589 3575
internal_count=8048 2119 1898 5929 340 5589 3575
is_linear=0
shrinkage=0.02


Tree=446
num_leaves=8
num_cat=0
split_feature=45 22 48 14 22 0 40
split_gain=943.27 1077.58 1046.99 1496.63 1021.68 1005.97 1610.87
threshold=1.0000000180025095e-35 6533.8000000000011 18.500000000000004 13.305000000000001 11017.200000000003 44.500000000000007 20.080000000000002
decision_type=2 2 2 2 2 2 2
left_child=1 -1 -2 -4 -3 6 -6
right_child=2 4 3 -5 5 -7 -8
leaf_value=-0.070173948803054748 -0.0023264983558564782 0.030983135259563199 0.032554902038403923 -0.079083225791469036 -0.089532695311036983 0.018040650643420336 -0.0011499658638922346
leaf_weight=62 4312 774 65 157 83 1233 1319
leaf_count=62 4312 774 65 157 83 1233 1319
internal_value=0.00147203 0.00931159 -0.00453319 -0.0463993 0.0108579 0.00489882 -0.0066819
internal_weight=8005 3471 4534 222 3409 2635 1402
internal_count=8005 3471 4534 222 3409 2635 1402
is_linear=0
shrinkage=0.02


Tree=447
num_leaves=8
num_cat=0
split_feature=55 12 12 22 23 58 55
split_gain=1074.6 886.129 824.849 1533.37 1038.44 1298.37 935.621
threshold=55.055000000000007 79.110000000000014 22.085000000000004 27334.000000000004 17.750000000000004 33.645000000000003 51.815000000000005
decision_type=2 2 2 2 2 2 2
left_child=2 -2 3 4 6 -6 -1
right_child=1 -3 -4 -5 5 -7 -8
leaf_value=-0.0059679875798063003 -0.02240182896198948 0.044667563040466866 0.0053426032546162166 -0.1106559339294871 -0.14021048964286337 -0.015744283465218955 0.064236762643736955
leaf_weight=707 1145 80 5809 57 44 111 80
leaf_count=707 1145 80 5809 57 44 111 80
internal_value=-0.000653131 -0.017858 0.00245347 -0.0142892 -0.00790468 -0.0543541 0.00152894
internal_weight=8033 1225 6808 999 942 155 787
internal_count=8033 1225 6808 999 942 155 787
is_linear=0
shrinkage=0.02


Tree=448
num_leaves=8
num_cat=0
split_feature=16 9 33 40 16 12 0
split_gain=1143.98 985.004 985.808 970.026 985.741 795.437 927.715
threshold=0.17090000000000002 17.500000000000004 5.5000000000000009 81.645000000000024 0.57745000000000013 7.3150000000000004 39.500000000000007
decision_type=2 2 2 2 2 2 2
left_child=-1 2 3 4 -2 6 -6
right_child=1 -3 -4 -5 5 -7 -8
leaf_value=-0.069023307349453583 -0.0087025045590248661 0.031619897006869908 0.039657914407014896 0.027670439548896641 -0.10466634061820101 0.010366871160040644 0.019239110743745843
leaf_weight=89 4706 398 232 416 48 2021 42
leaf_count=89 4706 398 232 416 48 2021 42
internal_value=0.00033499 0.00116341 -0.000480471 -0.00179442 -0.00361145 0.00773166 -0.0488745
internal_weight=7952 7863 7465 7233 6817 2111 90
internal_count=7952 7863 7465 7233 6817 2111 90
is_linear=0
shrinkage=0.02


Tree=449
num_leaves=8
num_cat=0
split_feature=51 41 23 8 54 12 52
split_gain=1355.33 1330.73 941.191 864.072 857.848 1096.57 1001.55
threshold=32.095000000000006 23.250000000000004 24.550000000000004 21.725000000000005 82.955000000000013 7.3150000000000004 18.125000000000004
decision_type=2 2 2 2 2 2 2
left_child=1 3 -2 -1 6 -6 -3
right_child=2 4 -4 -5 5 -7 -8
leaf_value=-0.0010196501985451 0.0082565004125459609 -0.05083775623789373 0.058413261491805313 -0.06295508179059868 -0.069189116156707378 -0.0069310573170774381 0.012769699987279037
leaf_weight=139 2913 101 153 252 113 2826 1520
leaf_count=139 2913 101 153 252 113 2826 1520
internal_value=0.000410662 -0.0060588 0.0108505 -0.041228 -0.00300135 -0.00943823 0.00866236
internal_weight=8017 4951 3066 391 4560 2939 1621
internal_count=8017 4951 3066 391 4560 2939 1621
is_linear=0
shrinkage=0.02


Tree=450
num_leaves=8
num_cat=0
split_feature=45 64 40 64 55 51 42
split_gain=1082.05 1099.39 1377.65 1510.26 2364.25 1764.05 1231.01
threshold=1.0000000180025095e-35 4.5000000000000009 40.725000000000001 3.5000000000000004 35.405000000000008 50.775000000000006 30.335000000000004
decision_type=2 2 2 2 2 2 2
left_child=-1 2 3 4 -2 -6 -3
right_child=1 6 -4 -5 5 -7 -8
leaf_value=0.0091726094078580563 0.04219297803365267 0.08411437682423395 -0.0019202143657549961 -0.0002697482382570173 -0.074929075379820104 0.026746809615029232 0.0068210293255985422
leaf_weight=3450 99 92 2734 472 515 76 556
leaf_count=3450 99 92 2734 472 515 76 556
internal_value=0.000735137 -0.00567399 -0.00968898 -0.0278811 -0.046631 -0.0617393 0.0183548
internal_weight=7994 4544 3896 1162 690 591 648
internal_count=7994 4544 3896 1162 690 591 648
is_linear=0
shrinkage=0.02


Tree=451
num_leaves=8
num_cat=2
split_feature=41 12 3 18 40 55 11
split_gain=865.944 1186.57 1094.46 1092.63 1047.38 876.011 860.983
threshold=23.250000000000004 77.385000000000005 0 996531.20000000007 5.6100000000000003 55.185000000000009 1
decision_type=2 2 1 2 2 2 9
left_child=2 4 6 5 -2 -4 -1
right_child=1 -3 3 -5 -6 -7 -8
leaf_value=-0.05270736643817367 -0.081415265335817819 0.028283210681065131 -0.046277678450122109 0.043134253115413038 -0.00011917229977088463 -0.14454176568984986 0.021492863817027575
leaf_weight=77 59 603 250 42 6658 40 259
leaf_count=77 59 603 250 42 6658 40 259
internal_value=-0.000467183 0.00152786 -0.022178 -0.0469103 -0.000893279 -0.0620515 0.00385217
internal_weight=7988 7320 668 332 6717 290 336
internal_count=7988 7320 668 332 6717 290 336
cat_boundaries=0 1 2
cat_threshold=5 1
is_linear=0
shrinkage=0.02


Tree=452
num_leaves=8
num_cat=0
split_feature=52 41 33 44 32 57 41
split_gain=898.251 1143.38 919.396 1319.55 1308.51 1144.38 954.121
threshold=75.385000000000005 47.965000000000011 4.5000000000000009 1.0000000180025095e-35 1.0000000180025095e-35 34.005000000000003 54.695000000000007
decision_type=2 2 2 2 2 2 2
left_child=2 -2 3 4 5 -1 -6
right_child=1 -3 -4 -5 6 -7 -8
leaf_value=0.013555349072141032 0.051867189373782881 0.0024241025742314016 0.018970240001705482 0.00029984993905357555 -0.073391405842898091 -0.03037529527695523 -0.0080639811505430516
leaf_weight=460 288 519 750 5091 268 480 135
leaf_count=460 288 519 750 5091 268 480 135
internal_value=0.000340707 0.0202799 -0.00191167 -0.00435868 -0.0219537 -0.00891934 -0.0518745
internal_weight=7991 807 7184 6434 1343 940 403
internal_count=7991 807 7184 6434 1343 940 403
is_linear=0
shrinkage=0.02


Tree=453
num_leaves=8
num_cat=1
split_feature=16 58 67 8 2 22 42
split_gain=868.532 1210.73 1377.81 1363.72 1338.44 1182.05 944.925
threshold=0.36255000000000004 23.700000000000006 4.2109557821160175 25.365000000000006 0 19494.900000000005 53.835000000000008
decision_type=2 2 2 2 1 2 2
left_child=1 2 -1 -3 -5 6 -6
right_child=-2 3 -4 4 5 -7 -8
leaf_value=-0.1013968646079302 0.0039713745335822987 0.012074997867587705 0.001105385746578781 0.0035197382683968097 -0.098304157569680528 0.012848528699671969 -0.026187765711456312
leaf_weight=115 6195 818 93 358 179 89 128
leaf_count=115 6195 818 93 358 179 89 128
internal_value=0.00043241 -0.011861 -0.0566164 -0.00577843 -0.0250992 -0.0495454 -0.0691376
internal_weight=7975 1780 208 1572 754 396 307
internal_count=7975 1780 208 1572 754 396 307
cat_boundaries=0 1
cat_threshold=146
is_linear=0
shrinkage=0.02


Tree=454
num_leaves=8
num_cat=0
split_feature=9 41 41 8 17 38 40
split_gain=1229.69 1655.93 1382.33 1132.33 1563.98 1071.13 1035.99
threshold=4.5000000000000009 15.475000000000003 81.220000000000013 53.770000000000003 20835.050000000003 15515.750000000002 50.615000000000002
decision_type=2 2 2 2 2 8 2
left_child=1 5 3 -3 6 -1 -5
right_child=-2 2 -4 4 -6 -7 -8
leaf_value=-0.0016628700397053704 0.010159759363955826 -0.003638901626854239 0.037987895519534749 -0.13638099662777856 0.007112583708494229 -0.11230750499729146 -0.031861789459923663
leaf_weight=56 3378 3937 295 77 128 89 78
leaf_count=56 3378 3937 295 77 128 89 78
internal_value=0.000980001 -0.0056781 -0.00350221 -0.00644411 -0.0447285 -0.0710556 -0.0864236
internal_weight=8038 4660 4515 4220 283 145 155
internal_count=8038 4660 4515 4220 283 145 155
is_linear=0
shrinkage=0.02


Tree=455
num_leaves=8
num_cat=0
split_feature=9 16 42 52 52 8 8
split_gain=1094.91 1054.6 978.877 1421.36 904.567 1187.09 970.609
threshold=12.500000000000002 0.51795000000000013 32.870000000000012 40.305000000000007 35.125000000000007 7.370000000000001 20.675000000000004
decision_type=2 2 2 2 2 2 2
left_child=4 2 -2 -4 5 -1 -6
right_child=1 -3 3 -5 6 -7 -8
leaf_value=0.08602311564690393 0.044473215709805641 0.055004783559151477 -0.059730975715582869 0.014620161038109321 0.013995901165750125 -0.017039773297692379 -0.0040238770873449329
leaf_weight=41 199 258 142 338 1815 1713 3481
leaf_count=41 199 258 142 338 1815 1713 3481
internal_value=0.000738375 0.0209905 0.00775848 -0.00776441 -0.00196626 -0.014393 0.00215908
internal_weight=7987 937 679 480 7050 1754 5296
internal_count=7987 937 679 480 7050 1754 5296
is_linear=0
shrinkage=0.02


Tree=456
num_leaves=8
num_cat=0
split_feature=40 66 64 64 40 37 51
split_gain=1033.97 1123.33 1763.2 1330.82 1156.45 1215.25 1448.19
threshold=81.645000000000024 0.56250000000000011 2.5000000000000004 4.5000000000000009 18.925000000000004 0.23670000000000005 14.905000000000003
decision_type=2 2 2 2 2 2 2
left_child=1 3 -3 4 5 6 -1
right_child=-2 2 -4 -5 -6 -7 -8
leaf_value=0.071782621575089606 0.030163507057504067 0.11504983630635449 0.012333935844982134 0.032186363254420626 -0.0030005519167369634 -0.081745866579668855 -0.034043088647664761
leaf_weight=60 460 69 712 396 5963 149 250
leaf_count=60 460 69 712 396 5963 149 250
internal_value=0.00121262 -0.000558577 0.0220828 -0.00316643 -0.00536973 -0.0357844 -0.0127464
internal_weight=8059 7599 781 6818 6422 459 310
internal_count=8059 7599 781 6818 6422 459 310
is_linear=0
shrinkage=0.02


Tree=457
num_leaves=8
num_cat=0
split_feature=16 0 21 0 68 40 16
split_gain=1040.15 920.741 881.929 776.747 1346.85 1002.45 939.582
threshold=0.77305000000000013 22.500000000000004 226320.25000000003 68.500000000000014 740526.20000000007 30.150000000000002 0.26805000000000007
decision_type=2 2 10 2 2 2 2
left_child=1 2 -1 6 5 -5 -3
right_child=-2 3 -4 4 -6 -7 -8
leaf_value=-0.038557948911891182 0.035942608455509666 -0.028094709169943388 0.0082820548907611043 -0.079754205563711739 0.056498947530621443 0.016316280183217204 0.00014745826048065053
leaf_weight=503 286 506 233 58 241 136 6048
leaf_count=503 286 506 233 58 241 136 6048
internal_value=-0.0011784 -0.00257507 -0.0237737 -0.000327282 0.0253973 -0.013688 -0.00205273
internal_weight=8011 7725 736 6989 435 194 6554
internal_count=8011 7725 736 6989 435 194 6554
is_linear=0
shrinkage=0.02


Tree=458
num_leaves=8
num_cat=2
split_feature=52 16 21 2 9 21 2
split_gain=1262.88 1084.55 1098.42 1106.99 1244.1 1003.91 944.692
threshold=21.575000000000003 0.56385000000000007 296874.70000000007 0 5.5000000000000009 180162.70000000004 1
decision_type=2 2 10 1 2 10 1
left_child=-1 2 3 -2 -5 -6 -4
right_child=1 -3 6 4 5 -7 -8
leaf_value=-0.024232820366951426 -0.030209347672512633 0.013531486545458387 -0.019100703440854197 -0.014142309783513215 0.030420385936719932 -0.010106015524589548 0.019124273234957082
leaf_weight=768 760 2434 316 1549 609 403 1213
leaf_count=768 760 2434 316 1549 609 403 1213
internal_value=7.43539e-05 0.00265208 -0.00281612 -0.00927076 -0.00288132 0.0143116 0.0111879
internal_weight=8052 7284 4850 3321 2561 1012 1529
internal_count=8052 7284 4850 3321 2561 1012 1529
cat_boundaries=0 1 2
cat_threshold=12 17
is_linear=0
shrinkage=0.02


Tree=459
num_leaves=8
num_cat=0
split_feature=64 9 64 16 52 46 37
split_gain=1158.36 890.159 1052.96 1853.42 1402.01 1130.25 1450.6
threshold=1.0000000180025095e-35 1.5000000000000002 2.5000000000000004 0.26345000000000002 67.595000000000013 4.5000000000000009 0.32665000000000005
decision_type=2 2 2 2 2 2 2
left_child=-1 -2 3 -3 5 6 -5
right_child=1 2 -4 4 -6 -7 -8
leaf_value=-0.087866766237821747 -0.011148542112374413 -0.047955955302069898 -0.0015798837710832498 0.01268739789252068 0.069121174349496939 0.032889885203219463 -0.062642482986052836
leaf_weight=56 2210 152 4126 417 231 680 130
leaf_count=56 2210 152 4126 417 231 680 130
internal_value=-0.00104533 -0.00037858 0.00377703 0.0174678 0.0244289 0.0157686 -0.00562075
internal_weight=8002 7946 5736 1610 1458 1227 547
internal_count=8002 7946 5736 1610 1458 1227 547
is_linear=0
shrinkage=0.02


Tree=460
num_leaves=8
num_cat=1
split_feature=52 14 48 40 33 40 7
split_gain=950.171 1154.51 1456.42 1032.68 1095.58 1001.1 966.77
threshold=31.455000000000002 31.085000000000004 5.5000000000000009 59.515000000000008 4.5000000000000009 38.755000000000003 0
decision_type=2 2 2 2 2 2 1
left_child=1 3 5 4 -1 -3 -2
right_child=6 2 -4 -5 -6 -7 -8
leaf_value=-0.022652867329779173 -0.015058558125182931 0.041326260298922446 -0.11954098872589261 0.027667135203654849 0.046304291729979657 -0.06009847104052702 0.0058572517769947012
leaf_weight=981 1041 64 84 262 97 85 5424
leaf_count=981 1041 64 84 262 97 85 5424
internal_value=-0.000928299 -0.0148429 -0.0554475 -0.00760265 -0.0162629 -0.0166062 0.00246611
internal_weight=8038 1573 233 1340 1078 149 6465
internal_count=8038 1573 233 1340 1078 149 6465
cat_boundaries=0 1
cat_threshold=33
is_linear=0
shrinkage=0.02


Tree=461
num_leaves=8
num_cat=0
split_feature=55 34 41 9 6 64 51
split_gain=1182.97 1265.73 1131.85 1086.84 935.656 1276.31 1032.85
threshold=48.605000000000011 2.5000000000000004 72.595000000000013 16.500000000000004 1.5000000000000002 2.5000000000000004 56.355000000000011
decision_type=2 2 2 2 2 2 2
left_child=4 2 3 -2 6 -6 -1
right_child=1 -3 -4 -5 5 -7 -8
leaf_value=-0.0034607073576036064 -0.027301263799043261 0.013529495824418383 0.019831522692445439 0.037695757137950169 0.044157317102398022 0.0067180029001390343 0.042853896910545808
leaf_weight=3180 1764 663 272 105 500 1315 200
leaf_count=3180 1764 663 272 105 500 1315 200
internal_value=-8.60148e-05 -0.0105441 -0.0180131 -0.0235589 0.00556344 0.0171248 -0.000660947
internal_weight=7999 2804 2141 1869 5195 1815 3380
internal_count=7999 2804 2141 1869 5195 1815 3380
is_linear=0
shrinkage=0.02


Tree=462
num_leaves=8
num_cat=1
split_feature=2 41 40 51 41 23 58
split_gain=932.152 1424.26 948.157 1034.08 1461.8 1109.43 1179.54
threshold=0 55.555000000000007 87.625000000000014 9.9350000000000005 63.395000000000003 21.450000000000003 23.905000000000005
decision_type=1 2 2 2 2 2 2
left_child=1 -1 3 4 -2 -5 -7
right_child=2 -3 -4 5 -6 6 -8
leaf_value=-0.031502632541168064 -0.028907340378743429 0.0087525650919358759 0.044855290727699219 0.0016286343624136216 0.022184732060219134 -0.059008174827322367 0.04690091492235661
leaf_weight=895 896 574 194 4733 294 43 375
leaf_count=895 896 574 194 4733 294 43 375
internal_value=-0.00138148 -0.0156905 0.0018657 0.00051909 -0.0162446 0.00440388 0.0354372
internal_weight=8004 1469 6535 6341 1190 5151 418
internal_count=8004 1469 6535 6341 1190 5151 418
cat_boundaries=0 1
cat_threshold=9
is_linear=0
shrinkage=0.02


Tree=463
num_leaves=8
num_cat=1
split_feature=12 30 41 12 2 42 42
split_gain=1126.91 907.482 1392.03 1265.19 1258.69 1185.52 1099.19
threshold=85.185000000000016 1.0000000180025095e-35 72.595000000000013 22.085000000000004 0 19.780000000000005 9.1200000000000028
decision_type=2 2 2 2 1 2 2
left_child=1 2 3 -1 -3 -6 -5
right_child=-2 4 -4 6 5 -7 -8
leaf_value=-0.03298141111710088 0.034032919897329268 -0.021695324388658066 0.019410991562736808 -0.061936110663682896 0.072959041132571859 0.012197253139500312 -0.0034724925257891156
leaf_weight=789 362 400 744 128 136 1491 3955
leaf_count=789 362 400 744 128 136 1491 3955
internal_value=-0.000201766 -0.00184443 -0.00598416 -0.00987817 0.00961159 0.0173778 -0.00537881
internal_weight=8005 7643 5616 4872 2027 1627 4083
internal_count=8005 7643 5616 4872 2027 1627 4083
cat_boundaries=0 1
cat_threshold=17
is_linear=0
shrinkage=0.02


Tree=464
num_leaves=8
num_cat=1
split_feature=16 2 16 48 34 42 16
split_gain=936.2 942.836 1190.27 766.125 1025.04 964.199 886.25
threshold=0.17090000000000002 0 0.77305000000000013 1.5000000000000002 2.5000000000000004 68.115000000000023 0.45900000000000002
decision_type=2 1 2 2 2 2 2
left_child=-1 3 -3 -2 5 6 -5
right_child=1 2 -4 4 -6 -7 -8
leaf_value=-0.056243134608139858 0.010722581440939174 0.0051082227356780549 0.054483236255023285 -0.050425668284520511 0.01331927525204093 0.010653573106717447 -0.015180690284682453
leaf_weight=106 655 5210 198 495 414 285 680
leaf_count=106 655 5210 198 495 414 285 680
internal_value=0.00144037 0.00224567 0.00695178 -0.00780833 -0.0143381 -0.0221994 -0.0301793
internal_weight=8043 7937 5408 2529 1874 1460 1175
internal_count=8043 7937 5408 2529 1874 1460 1175
cat_boundaries=0 1
cat_threshold=81
is_linear=0
shrinkage=0.02


Tree=465
num_leaves=8
num_cat=1
split_feature=52 65 14 5 38 13 23
split_gain=978.003 1130.12 1172.13 1354.75 1095.68 1005.03 1212
threshold=82.050000000000011 0.69047619047619058 43.180000000000007 0 41987.55000000001 335.75000000000006 10.050000000000002
decision_type=2 2 2 1 8 2 2
left_child=1 2 3 5 -4 6 -1
right_child=-2 -3 4 -5 -6 -7 -8
leaf_value=0.03271030997786973 0.029418429495380708 0.013375483315538558 -0.0061946625889437957 -0.0080569406021509474 -0.081132324752548043 0.035098453102017931 -0.035484943292629766
leaf_weight=180 422 1570 159 4676 150 564 234
leaf_count=180 422 1570 159 4676 150 564 234
internal_value=-2.72565e-05 -0.00169523 -0.00567108 -0.003579 -0.0432848 0.0176652 -0.00579832
internal_weight=7955 7533 5963 5654 309 978 414
internal_count=7955 7533 5963 5654 309 978 414
cat_boundaries=0 1
cat_threshold=1
is_linear=0
shrinkage=0.02


Tree=466
num_leaves=8
num_cat=1
split_feature=16 42 54 10 2 21 49
split_gain=948.654 992.917 1025.74 963.54 865.123 840.588 1023.27
threshold=0.32955000000000007 2.3100000000000005 83.665000000000006 14237.750000000002 0 303405.40000000008 22.500000000000004
decision_type=2 2 2 2 1 10 2
left_child=3 2 -2 5 -5 6 -1
right_child=1 -3 -4 4 -6 -7 -8
leaf_value=-0.017510353725277976 -0.13085279770029914 0.0035359558913982997 0.0051705511100590233 0.010473908561037134 -0.025134667289191791 0.012952204942703247 -0.11143839101628825
leaf_weight=84 40 6612 43 533 533 61 105
leaf_count=84 40 6612 43 533 533 61 105
internal_value=-0.000404025 0.00265033 -0.0640931 -0.0158939 -0.00750149 -0.0508306 -0.0712198
internal_weight=8011 6695 83 1316 1066 250 189
internal_count=8011 6695 83 1316 1066 250 189
cat_boundaries=0 1
cat_threshold=146
is_linear=0
shrinkage=0.02


Tree=467
num_leaves=8
num_cat=0
split_feature=9 42 38 42 48 14 31
split_gain=964.396 988.966 1202.9 901.773 771.072 746.32 1188.21
threshold=17.500000000000004 30.680000000000003 12788.450000000003 47.495000000000012 18.500000000000004 11.785000000000002 1.0000000180025095e-35
decision_type=2 2 8 2 2 2 2
left_child=4 -2 -3 -4 -1 -6 -7
right_child=1 2 3 -5 5 6 -8
leaf_value=-0.00097894608185440223 0.078633491089810492 0.043290728077619946 -0.10397484675962097 0.0029191615873126577 0.021453873589634895 -0.09194378817558288 -0.011217183060741619
leaf_weight=7214 110 177 44 88 85 120 179
leaf_count=7214 110 177 44 88 85 120 179
internal_value=-0.000822067 0.0285341 0.0097313 -0.0352065 -0.00245865 -0.0298871 -0.0445952
internal_weight=8017 419 309 132 7598 384 299
internal_count=8017 419 309 132 7598 384 299
is_linear=0
shrinkage=0.02


Tree=468
num_leaves=8
num_cat=2
split_feature=9 2 30 21 41 2 18
split_gain=839.411 1097.23 936.816 1066.9 862.509 1255.57 991.615
threshold=1.5000000000000002 0 1.0000000180025095e-35 386670.95000000001 38.545000000000009 1 430610.35000000003
decision_type=2 1 2 10 2 1 2
left_child=-1 -2 3 4 5 6 -3
right_child=1 2 -4 -5 -6 -7 -8
leaf_value=-0.010246463719596529 0.011354708322379739 -0.032674571575904358 0.014142562755065537 0.023285589785290307 -0.010087534280347766 -0.078459895371731064 0.058073491974482458
leaf_weight=2199 3485 201 651 258 1015 201 58
leaf_count=2199 3485 201 651 258 1015 201 58
internal_value=0.000278825 0.00422781 -0.00621397 -0.0139153 -0.020479 -0.0430531 -0.0112129
internal_weight=8068 5869 2384 1733 1475 460 259
internal_count=8068 5869 2384 1733 1475 460 259
cat_boundaries=0 1 2
cat_threshold=150 96
is_linear=0
shrinkage=0.02


Tree=469
num_leaves=8
num_cat=0
split_feature=16 52 31 55 9 57 55
split_gain=951.655 1351.57 995.675 962.436 857.774 814.672 787.003
threshold=0.32955000000000007 31.455000000000002 1.0000000180025095e-35 41.795000000000009 12.500000000000002 49.535000000000004 54.735000000000007
decision_type=2 2 2 2 2 2 2
left_child=1 -1 3 -3 6 -5 -2
right_child=4 2 -4 5 -6 -7 -8
leaf_value=-0.054093927182350003 0.0025048636192770151 0.011661744380081203 0.0098510919651682884 -0.078145574322291494 0.022773309964056816 -0.0015830058947034265 -0.016986192048604364
leaf_weight=296 5053 137 624 169 690 82 986
leaf_count=296 5053 137 624 169 690 82 986
internal_value=-0.00130581 -0.0168812 -0.00578441 -0.0307356 0.00173207 -0.0536525 -0.000688901
internal_weight=8037 1308 1012 388 6729 251 6039
internal_count=8037 1308 1012 388 6729 251 6039
is_linear=0
shrinkage=0.02


Tree=470
num_leaves=8
num_cat=0
split_feature=44 57 66 58 66 0 58
split_gain=1199.17 1835.68 1320 1540.95 991.902 1096.94 1317.35
threshold=1.0000000180025095e-35 11.340000000000002 0.56250000000000011 41.235000000000007 1.0000000180025095e-35 41.500000000000007 21.940000000000001
decision_type=2 2 2 2 2 2 2
left_child=1 -1 3 4 -3 -6 -7
right_child=-2 2 -4 -5 5 6 -8
leaf_value=0.047281778731516434 0.0036973817070784054 -0.095598903500808866 0.034132371560839196 -0.056212081463758168 0.019731717992542846 -0.10917735989414044 -0.012413279208324284
leaf_weight=163 6386 48 144 503 354 62 363
leaf_count=163 6386 48 144 503 354 62 363
internal_value=-0.000219573 -0.0154645 -0.0225396 -0.0287803 -0.0118582 -0.00612153 -0.0276348
internal_weight=8023 1637 1474 1330 827 779 425
internal_count=8023 1637 1474 1330 827 779 425
is_linear=0
shrinkage=0.02


Tree=471
num_leaves=8
num_cat=0
split_feature=16 30 42 42 41 53 0
split_gain=913.925 899.402 1046.66 954.005 1002.16 811.818 759.488
threshold=0.78750000000000009 1.0000000180025095e-35 9.1200000000000028 19.780000000000005 21.23 70.745000000000019 26.500000000000004
decision_type=2 2 2 2 2 2 2
left_child=1 2 -1 4 -3 -2 -4
right_child=5 3 6 -5 -6 -7 -8
leaf_value=-0.055745872479845894 0.07015364958540253 -0.0064336058704389468 -0.020662544093321304 0.0060082160207358274 0.090899965868198457 -0.0053207820801451653 -0.00049430481285377766
leaf_weight=154 133 67 883 1942 107 96 4701
leaf_count=154 133 67 883 1942 107 96 4701
internal_value=0.000126267 -0.00103354 -0.00514333 0.0100969 0.0542881 0.0390761 -0.00369915
internal_weight=8083 7854 5738 2116 174 229 5584
internal_count=8083 7854 5738 2116 174 229 5584
is_linear=0
shrinkage=0.02


Tree=472
num_leaves=8
num_cat=0
split_feature=45 64 42 54 16 0 15
split_gain=1160.41 1027.38 989.677 960.436 1334.6 951.024 994.917
threshold=1.0000000180025095e-35 4.5000000000000009 30.680000000000003 82.955000000000013 0.60165000000000013 57.500000000000007 1.0000000180025095e-35
decision_type=2 2 2 2 2 2 2
left_child=-1 3 -3 4 5 -2 -7
right_child=1 2 -4 -5 -6 6 -8
leaf_value=0.0082383805897133528 -0.019844851508634243 0.07575990825542249 0.0059490576220883259 -0.018677192898883192 0.038269313786237963 0.04926051808736432 -0.014945236849721778
leaf_weight=3468 832 91 535 2424 310 194 184
leaf_count=3468 832 91 535 2424 310 194 184
internal_value=-0.000478264 -0.00709477 0.0166172 -0.0108747 0.00158878 -0.00792753 0.0182198
internal_weight=8038 4570 626 3944 1520 1210 378
internal_count=8038 4570 626 3944 1520 1210 378
is_linear=0
shrinkage=0.02


Tree=473
num_leaves=8
num_cat=0
split_feature=14 8 64 12 64 0 10
split_gain=1010.59 1144.78 1217.23 1245.17 917.378 1563.05 1137.91
threshold=33.665000000000006 31.485000000000003 2.5000000000000004 68.085000000000022 1.5000000000000002 45.500000000000007 14237.750000000002
decision_type=2 2 2 2 2 2 2
left_child=1 2 3 -1 5 -3 -6
right_child=-2 4 -4 -5 6 -7 -8
leaf_value=0.017207073231708576 -0.017736244108931626 -0.10827123431996866 0.0025938186755376023 0.07096992182333281 -0.051171854060552822 0.030156157041589419 -0.00022965396724582466
leaf_weight=1219 1010 83 3138 197 186 49 2147
leaf_count=1219 1010 83 3138 197 186 49 2147
internal_value=0.000918595 0.00361365 0.00955248 0.0249102 -0.00735525 -0.0576601 -0.0043918
internal_weight=8029 7019 4554 1416 2465 132 2333
internal_count=8029 7019 4554 1416 2465 132 2333
is_linear=0
shrinkage=0.02


Tree=474
num_leaves=8
num_cat=1
split_feature=7 40 32 8 36 37 68
split_gain=910.635 1051.9 982.292 1143.73 1017.69 1084.45 1033.56
threshold=0 7.5900000000000007 1.0000000180025095e-35 47.245000000000012 1.0000000180025095e-35 0.32665000000000005 1432042.6500000001
decision_type=1 2 2 2 2 2 2
left_child=-1 -2 3 4 -3 -6 -7
right_child=1 2 -4 -5 5 6 -8
leaf_value=-0.022081358548349295 -0.050586475698264688 0.0019376652406327872 -0.0061407842739154119 -0.018937271020876813 0.03488271573187493 -0.0009670220692631473 0.062312582923242682
leaf_weight=648 142 1902 2687 513 1180 877 112
leaf_count=648 142 1902 2687 513 1180 877 112
internal_value=0.000378397 0.00238181 0.00345359 0.00907808 0.0126273 0.021975 0.00647652
internal_weight=8061 7413 7271 4584 4071 2169 989
internal_count=8061 7413 7271 4584 4071 2169 989
cat_boundaries=0 1
cat_threshold=32
is_linear=0
shrinkage=0.02


Tree=475
num_leaves=8
num_cat=0
split_feature=33 42 41 52 63 33 42
split_gain=774.786 1283.18 874.451 1020.89 755.592 690.444 1057.29
threshold=5.5000000000000009 34.155000000000008 15.475000000000003 52.635000000000012 1.0000000180025095e-35 1.0000000180025095e-35 51.300000000000004
decision_type=2 2 2 2 2 2 2
left_child=2 -2 3 4 -1 6 -4
right_child=1 -3 5 -5 -6 -7 -8
leaf_value=-0.034477293680821149 0.1113641343134204 0.0065837091778124133 0.0059398032046190583 0.016001698640631695 -0.12095193404824503 0.00022667871999355703 -0.05912190453330083
leaf_weight=135 58 184 197 97 57 7103 196
leaf_count=135 58 184 197 97 57 7103 196
internal_value=-0.0014325 0.0334424 -0.00253737 -0.036373 -0.0625677 -0.0012095 -0.0268434
internal_weight=8027 242 7785 289 192 7496 393
internal_count=8027 242 7785 289 192 7496 393
is_linear=0
shrinkage=0.02


Tree=476
num_leaves=8
num_cat=0
split_feature=40 34 17 40 0 31 23
split_gain=858.042 807.003 1010.48 991.702 925.049 775.268 1548.29
threshold=87.625000000000014 3.5000000000000004 35695.450000000004 39.015000000000008 27.500000000000004 1.0000000180025095e-35 11.15
decision_type=2 2 2 2 2 2 2
left_child=1 2 5 -3 -4 6 -1
right_child=-2 3 4 -5 -6 -7 -8
leaf_value=-0.02963411120872942 0.03480144804800555 0.053280028792894098 -0.033766823782496257 0.0022761085226878745 0.020120328786408018 -0.00042987332913268285 0.00095380748774903114
leaf_weight=1378 263 222 141 466 1016 3257 1269
leaf_count=1378 263 222 141 466 1016 3257 1269
internal_value=-0.000382284 -0.00159809 -0.00361706 0.0189994 0.0134362 -0.00696752 -0.0149958
internal_weight=8012 7749 7061 688 1157 5904 2647
internal_count=8012 7749 7061 688 1157 5904 2647
is_linear=0
shrinkage=0.02


Tree=477
num_leaves=8
num_cat=1
split_feature=64 45 64 4 51 15 64
split_gain=1327.21 1010.59 1356.64 1837.82 1420.85 1382.75 1264.05
threshold=1.0000000180025095e-35 1.0000000180025095e-35 2.5000000000000004 0 14.355000000000002 1.5000000000000002 4.5000000000000009
decision_type=2 2 2 1 2 2 2
left_child=-1 2 3 4 -2 -5 -3
right_child=1 6 -4 5 -6 -7 -8
leaf_value=-0.098992694704620923 -0.040806888504461805 -0.0098692906141219592 -0.0032513688925926753 0.056808743642692033 0.01771604607241567 -0.0038525983035564422 0.020422334816051112
leaf_weight=49 237 3930 1772 642 523 195 636
leaf_count=49 237 3930 1772 642 523 195 636
internal_value=-0.000175828 0.000496337 0.00879842 0.022137 -0.000672509 0.0422356 -0.00563223
internal_weight=7984 7935 3369 1597 760 837 4566
internal_count=7984 7935 3369 1597 760 837 4566
cat_boundaries=0 1
cat_threshold=1
is_linear=0
shrinkage=0.02


Tree=478
num_leaves=8
num_cat=1
split_feature=9 58 55 55 16 2 14
split_gain=1082.09 1090.04 930.326 755.574 736.89 725.795 781.017
threshold=12.500000000000002 33.645000000000003 64.680000000000021 32.535000000000004 0.48145000000000004 0 33.665000000000006
decision_type=2 2 2 2 2 1 2
left_child=1 3 -3 -1 5 -2 -7
right_child=4 2 -4 -5 -6 6 -8
leaf_value=0.050532495946916819 0.024334813883773738 0.0044376118328329217 -0.071786418144519512 -0.014835126966111363 0.042950220187575043 -0.0035391704526558081 -0.095813869953155509
leaf_weight=68 349 4417 60 2495 350 201 40
leaf_count=68 349 4417 60 2495 350 201 40
internal_value=7.79667e-05 -0.00261773 0.00333713 -0.0130058 0.0201741 0.00641543 -0.0196902
internal_weight=7980 7040 4477 2563 940 590 241
internal_count=7980 7040 4477 2563 940 590 241
cat_boundaries=0 1
cat_threshold=195
is_linear=0
shrinkage=0.02


Tree=479
num_leaves=8
num_cat=0
split_feature=64 40 8 9 14 48 38
split_gain=1096.79 1041.46 994.553 1320.57 1252.4 1158.29 1157.86
threshold=1.0000000180025095e-35 5.6100000000000003 24.545000000000005 10.500000000000002 42.570000000000007 5.5000000000000009 2876.8500000000004
decision_type=2 2 2 2 2 2 8
left_child=-1 -2 4 6 -3 -6 -4
right_child=1 2 3 -5 5 -7 -8
leaf_value=-0.089478313415138816 -0.056546921209101715 0.0124611988560145 -0.038973390994792211 0.022257272988733767 0.0007407455539254293 -0.090160907359533415 -0.0050741425354597323
leaf_weight=49 119 3449 459 609 141 88 3085
leaf_count=49 119 3449 459 609 141 88 3085
internal_value=0.00035279 0.000962358 0.00187179 -0.00483328 0.00943909 -0.035371 -0.00951331
internal_weight=7999 7950 7831 4153 3678 229 3544
internal_count=7999 7950 7831 4153 3678 229 3544
is_linear=0
shrinkage=0.02


Tree=480
num_leaves=8
num_cat=0
split_feature=44 57 29 58 67 55 14
split_gain=1000.02 1212.24 1432.09 1797.48 1059.24 1210.02 1133.68
threshold=1.0000000180025095e-35 11.665000000000001 1.0000000180025095e-35 33.795000000000009 12.783336154680855 51.705000000000005 38.860000000000007
decision_type=2 2 2 2 2 2 2
left_child=1 -1 4 -4 5 6 -3
right_child=-2 2 3 -5 -6 -7 -8
leaf_value=0.035622170240538459 0.0033566598925496038 -0.019171801122735279 0.06997400858347684 -0.020583475164097288 0.010208451382742069 -0.08002894378084148 -0.11853388881683349
leaf_weight=170 6374 619 137 225 197 229 45
leaf_count=170 6374 619 137 225 197 229 45
internal_value=-0.000213278 -0.0142093 -0.0201458 0.0141747 -0.0315567 -0.0407758 -0.0267413
internal_weight=7996 1622 1452 362 1090 893 664
internal_count=7996 1622 1452 362 1090 893 664
is_linear=0
shrinkage=0.02


Tree=481
num_leaves=8
num_cat=0
split_feature=16 52 16 0 52 21 44
split_gain=1068.19 915.212 965.857 1134.05 1264.46 1054.87 1123.83
threshold=0.72825000000000006 75.385000000000005 0.36255000000000004 21.500000000000004 38.885000000000012 351938.70000000001 1.0000000180025095e-35
decision_type=2 2 2 2 2 10 2
left_child=1 2 5 4 -4 6 -1
right_child=-2 -3 3 -5 -6 -7 -8
leaf_value=-0.059038719750345255 0.027500862536542381 0.020013823056189924 -0.07444711565971375 0.0040812040008901809 -0.0059372288398766727 0.016027225645259022 -0.01461987858698105
leaf_weight=289 559 738 153 4561 342 315 1038
leaf_count=289 559 738 153 4561 342 315 1038
internal_value=0.000964433 -0.00104758 -0.00338137 0.000950783 -0.0276457 -0.0166832 -0.0244789
internal_weight=7995 7436 6698 5056 495 1642 1327
internal_count=7995 7436 6698 5056 495 1642 1327
is_linear=0
shrinkage=0.02


Tree=482
num_leaves=8
num_cat=1
split_feature=9 42 3 41 50 41 17
split_gain=945.439 959.846 1398.57 873.194 849.878 827.034 1191.96
threshold=12.500000000000002 32.870000000000012 0 79.385000000000005 3.5000000000000004 16.360000000000003 5867.0500000000011
decision_type=2 2 1 2 2 2 2
left_child=3 2 -2 4 5 6 -1
right_child=1 -3 -4 -5 -6 -7 -8
leaf_value=-0.098935899876265054 -0.00028152854138652222 0.0058514885535384184 0.088386962310485317 0.023496379549652339 0.034732678911902688 -0.0037246510583728932 -0.0097262209297177635
leaf_weight=85 136 651 148 495 215 6086 183
leaf_count=85 136 651 148 495 215 6086 183
internal_value=0.000521353 0.019365 0.0497044 -0.00198475 -0.00392127 -0.00525548 -0.0393141
internal_weight=7999 935 284 7064 6569 6354 268
internal_count=7999 935 284 7064 6569 6354 268
cat_boundaries=0 1
cat_threshold=10
is_linear=0
shrinkage=0.02


Tree=483
num_leaves=8
num_cat=0
split_feature=9 23 23 48 38 23 42
split_gain=1007.09 930.997 820.417 926.599 922.123 880.872 1125.9
threshold=3.5000000000000004 17.250000000000004 21.150000000000002 7.5000000000000009 2253.7500000000005 5.9500000000000011 38.880000000000003
decision_type=2 2 2 2 8 2 2
left_child=1 -1 3 4 -2 -5 -7
right_child=2 -3 -4 5 -6 6 -8
leaf_value=-0.0022911468170022341 0.042714839768993873 -0.027285717169460776 0.035506765628681783 0.023920833456330001 0.0063047916472696343 -0.051393666049683255 -0.0029167947049546219
leaf_weight=3256 311 725 369 215 2353 303 509
leaf_count=3256 311 725 369 215 2353 303 509
internal_value=0.000271963 -0.00687155 0.00727631 0.00440982 0.0106274 -0.0116918 -0.0212099
internal_weight=8041 3981 4060 3691 2664 1027 812
internal_count=8041 3981 4060 3691 2664 1027 812
is_linear=0
shrinkage=0.02


Tree=484
num_leaves=8
num_cat=0
split_feature=16 47 56 50 34 42 16
split_gain=888.814 1205.63 1466.59 905.008 817.935 1425.38 852.429
threshold=0.72145000000000015 7.5000000000000009 36.285000000000004 3.5000000000000004 2.5000000000000004 81.935000000000016 0.18245000000000003
decision_type=2 2 2 2 2 2 2
left_child=3 2 -2 4 5 -1 -6
right_child=1 -3 -4 -5 6 -7 -8
leaf_value=-0.0097413422976385354 -0.018313209004034953 -0.013102821746722179 0.067594759596447493 0.036658145722721802 -0.076447661149760954 0.030201972737424559 0.010803023391961214
leaf_weight=5001 107 230 285 233 41 380 1771
leaf_count=5001 107 230 285 233 41 380 1771
internal_value=0.000214709 0.0230817 0.0442101 -0.00171487 -0.00298247 -0.00689517 0.00862387
internal_weight=8048 622 392 7426 7193 5381 1812
internal_count=8048 622 392 7426 7193 5381 1812
is_linear=0
shrinkage=0.02


Tree=485
num_leaves=8
num_cat=0
split_feature=33 16 12 54 12 46 41
split_gain=801.942 745.023 1004.27 1444.77 889.335 790.502 1180.81
threshold=1.0000000180025095e-35 0.57745000000000013 25.775000000000002 86.325000000000003 17.355000000000004 2.5000000000000004 47.785000000000004
decision_type=2 2 2 2 2 2 2
left_child=-1 -2 3 4 -3 6 -4
right_child=1 2 5 -5 -6 -7 -8
leaf_value=-0.028596504950876702 -0.0031801629814063128 0.062950385464626613 -0.0485599480701919 -0.051810512420298771 -0.023171195413221369 0.021480049537420127 0.042829281454798813
leaf_weight=383 5408 98 158 222 86 1648 82
leaf_count=383 5408 98 158 222 86 1648 82
internal_value=-0.000541155 0.00087161 0.0104096 -0.01797 0.0231498 0.0165438 -0.0170985
internal_weight=8085 7702 2294 406 184 1888 240
internal_count=8085 7702 2294 406 184 1888 240
is_linear=0
shrinkage=0.02


Tree=486
num_leaves=8
num_cat=1
split_feature=16 8 17 42 16 64 2
split_gain=1157.45 1139.17 984.755 902.132 1056.58 1071.74 899.809
threshold=0.57745000000000013 50.695000000000007 5236.8000000000002 48.405000000000008 0.48805000000000004 3.5000000000000004 0
decision_type=2 2 2 2 2 2 1
left_child=1 -1 6 4 5 -3 -2
right_child=2 3 -4 -5 -6 -7 -8
leaf_value=-0.0030837303039841263 0.051976816986757768 -0.11782418380007725 0.002545093311149453 -0.0081371697072815437 0.0052597482371571904 -0.011890184688763541 0.0056688056543989238
leaf_weight=5021 356 124 1747 263 69 56 329
leaf_count=5021 356 124 1747 263 69 56 329
internal_value=-0.000943854 -0.00599765 0.0105427 -0.0342672 -0.061163 -0.086079 0.0307731
internal_weight=7965 5533 2432 512 249 180 685
internal_count=7965 5533 2432 512 249 180 685
cat_boundaries=0 1
cat_threshold=177
is_linear=0
shrinkage=0.02


Tree=487
num_leaves=8
num_cat=0
split_feature=16 34 50 41 8 21 36
split_gain=1395.71 963.708 955.573 910.57 875.085 855.758 991.832
threshold=0.57745000000000013 3.5000000000000004 3.5000000000000004 87.125000000000014 39.080000000000005 1.0000000180025095e-35 1.0000000180025095e-35
decision_type=2 2 2 2 2 10 2
left_child=1 2 3 4 5 6 -1
right_child=-2 -3 -4 -5 -6 -7 -8
leaf_value=-0.034185537020964954 0.01310132451070509 0.021074348825545812 0.039198312111908482 0.042143114235585755 -0.027552593121584694 0.0016129456568289128 -0.0027167752338790431
leaf_weight=752 2394 506 163 129 981 2228 853
leaf_count=752 2394 506 163 129 981 2228 853
internal_value=0.000331665 -0.0051225 -0.00773667 -0.00932244 -0.0107438 -0.0064116 -0.0175214
internal_weight=8006 5612 5106 4943 4814 3833 1605
internal_count=8006 5612 5106 4943 4814 3833 1605
is_linear=0
shrinkage=0.02


Tree=488
num_leaves=8
num_cat=0
split_feature=45 12 52 64 55 48 32
split_gain=1169.59 815.035 996.721 1090.59 922.606 852.628 802.627
threshold=1.0000000180025095e-35 19.995000000000001 42.635000000000012 3.5000000000000004 37.07500000000001 10.500000000000002 1.0000000180025095e-35
decision_type=2 2 2 2 2 2 2
left_child=6 2 3 -2 -3 -4 -1
right_child=1 4 5 -5 -6 -7 -8
leaf_value=0.017537192685810696 -0.081282337905578719 0.018144167459318131 -0.015342785492652293 -0.011247670943926834 -0.0064643116869182761 0.076897679426760054 -0.0026310123667216806
leaf_weight=2228 181 746 160 174 3228 48 1219
leaf_count=2228 181 746 160 174 3228 48 1219
internal_value=0.00163719 -0.00503317 -0.0274434 -0.0475885 -0.00182781 0.00724891 0.0104114
internal_weight=7984 4537 563 355 3974 208 3447
internal_count=7984 4537 563 355 3974 208 3447
is_linear=0
shrinkage=0.02


Tree=489
num_leaves=8
num_cat=1
split_feature=2 54 67 14 33 44 50
split_gain=861.694 960.443 1225.23 792.899 792.584 845.308 1620.42
threshold=0 73.385000000000005 8.9376944011620392 49.980000000000011 4.5000000000000009 1.0000000180025095e-35 1.0000000180025095e-35
decision_type=1 2 2 2 2 2 2
left_child=1 2 -1 -3 5 6 -2
right_child=4 3 -4 -5 -6 -7 -8
leaf_value=0.01073190331900859 0.010873167150580197 0.0026502114541331846 0.07927854992905442 -0.058578689437488035 0.017559635868745632 -0.0060983477263274978 -0.048453290760115113
leaf_weight=366 273 3062 142 82 430 3100 551
leaf_count=366 273 3062 142 82 430 3100 551
internal_value=-0.00206552 0.00509063 0.0304785 0.000962799 -0.00806002 -0.0109068 -0.0288508
internal_weight=8006 3652 508 3144 4354 3924 824
internal_count=8006 3652 508 3144 4354 3924 824
cat_boundaries=0 1
cat_threshold=162
is_linear=0
shrinkage=0.02


Tree=490
num_leaves=8
num_cat=0
split_feature=8 17 50 54 20 67 52
split_gain=827.686 846.794 890.037 785.602 1032.97 874.398 839.879
threshold=47.245000000000012 5035.1000000000013 1.0000000180025095e-35 73.02500000000002 467350.40000000008 12.156343934978635 32.345000000000006
decision_type=2 2 2 2 8 2 2
left_child=3 -2 -3 4 -1 6 -6
right_child=1 2 -4 -5 5 -7 -8
leaf_value=-0.048249523613888484 -0.060756306634894737 0.026019089074965515 -0.021534999904573939 0.001361700652119205 -0.026174232371151449 0.069334768080801676 0.029241059821120911
leaf_weight=73 140 216 544 6214 135 160 506
leaf_count=73 140 216 544 6214 135 160 506
internal_value=0.00156898 -0.0164444 -0.0079379 0.0038662 0.0215638 0.0281861 0.0174579
internal_weight=7988 900 760 7088 874 801 641
internal_count=7988 900 760 7088 874 801 641
is_linear=0
shrinkage=0.02


Tree=491
num_leaves=8
num_cat=0
split_feature=64 16 47 45 64 42 41
split_gain=1175.89 772.233 906.317 785.626 981.078 1281.29 1025.23
threshold=1.0000000180025095e-35 0.72825000000000006 7.5000000000000009 1.0000000180025095e-35 4.5000000000000009 30.335000000000004 27.605000000000004
decision_type=2 2 2 2 2 2 2
left_child=-1 3 -3 -2 6 -6 -5
right_child=1 2 -4 4 5 -7 -8
leaf_value=-0.085872319536584044 0.007323580859438945 0.043952027959483012 -0.0082041730485651471 -0.039382620244859216 0.085905807817014318 0.005301222694826857 -0.0059480498361257073
leaf_weight=57 3194 345 213 410 88 525 3189
leaf_count=57 3194 345 213 410 88 525 3189
internal_value=0.000891575 0.00156605 0.0241469 -0.00015043 -0.00582001 0.0174739 -0.00980629
internal_weight=8021 7964 558 7406 4212 613 3599
internal_count=8021 7964 558 7406 4212 613 3599
is_linear=0
shrinkage=0.02


Tree=492
num_leaves=8
num_cat=1
split_feature=57 48 45 42 18 57 2
split_gain=1260.04 1173.52 847.736 1211.22 925.979 856.844 778.939
threshold=41.805000000000007 4.5000000000000009 1.0000000180025095e-35 14.795000000000002 183082.60000000001 40.920000000000009 0
decision_type=2 2 2 2 2 2 1
left_child=2 -2 3 4 -1 -5 -3
right_child=1 6 -4 5 -6 -7 -8
leaf_value=-0.0010084208759289343 -0.00098890556400856489 -0.0099165699712610161 -0.0030901110201619181 0.015296109475061029 -0.099339432073017916 0.094795160633511844 -0.041376232518937413
leaf_weight=98 1600 633 2886 1991 58 51 667
leaf_count=98 1600 633 2886 1991 58 51 667
internal_value=-0.00196369 -0.0124722 0.0040369 0.0133805 -0.0395171 0.0175083 -0.0265475
internal_weight=7984 2900 5084 2198 156 2042 1300
internal_count=7984 2900 5084 2198 156 2042 1300
cat_boundaries=0 1
cat_threshold=48
is_linear=0
shrinkage=0.02


Tree=493
num_leaves=8
num_cat=1
split_feature=16 45 54 42 16 66 7
split_gain=895.571 820.542 1059.54 1320.73 1090.32 1024.74 1418.07
threshold=0.17090000000000002 1.0000000180025095e-35 83.385000000000005 9.1200000000000028 0.5958500000000001 0.31250000000000006 0
decision_type=2 2 2 2 2 2 1
left_child=-1 -2 3 -3 -5 6 -4
right_child=1 2 5 4 -6 -7 -8
leaf_value=-0.057244647639655623 0.0083927217577137048 -0.089304036341607579 -0.01194946602901577 0.0017773059384522658 0.039383298297080413 -0.00086095495599385747 -0.059146788584228373
leaf_weight=102 3422 50 937 1372 393 1442 346
leaf_count=102 3422 50 937 1372 393 1442 346
internal_value=0.000232145 0.00100394 -0.00456843 0.00725834 0.0102384 -0.0124446 -0.0254098
internal_weight=8064 7962 4540 1815 1765 2725 1283
internal_count=8064 7962 4540 1815 1765 2725 1283
cat_boundaries=0 1
cat_threshold=19
is_linear=0
shrinkage=0.02


Tree=494
num_leaves=8
num_cat=0
split_feature=16 15 8 42 24 17 12
split_gain=934.116 701.646 1266.28 1438.24 1594 1195.9 1223.72
threshold=0.17090000000000002 1.5000000000000002 35.785000000000004 42.065000000000005 1.5000000000000002 2297.9500000000003 37.995000000000012
decision_type=2 2 2 2 2 2 2
left_child=-1 -2 3 4 -3 6 -5
right_child=1 2 -4 5 -6 -7 -8
leaf_value=-0.059621951492554559 0.0023764650333360743 -0.075162550954578022 -0.057427020346642377 -0.015285724048502742 -0.0027663392891303751 -0.0033914447000699829 0.082987081828854378
leaf_weight=104 6281 203 211 75 294 720 143
leaf_count=104 6281 203 211 75 294 720 143
internal_value=-0.00147151 -0.000671494 -0.0122742 -0.00545869 -0.0327907 0.00912029 0.049593
internal_weight=8031 7927 1646 1435 497 938 218
internal_count=8031 7927 1646 1435 497 938 218
is_linear=0
shrinkage=0.02


Tree=495
num_leaves=8
num_cat=0
split_feature=64 16 64 33 52 67 20
split_gain=892.865 747.577 1001.41 1882.32 1385.02 1148.8 1339.42
threshold=1.0000000180025095e-35 0.26805000000000007 2.5000000000000004 3.5000000000000004 67.205000000000013 12.07942789300087 790474.20000000007
decision_type=2 2 2 2 2 2 8
left_child=-1 -2 3 4 5 -3 -7
right_child=1 2 -4 -5 -6 6 -8
leaf_value=-0.079695872837846932 -0.020340046103230761 -0.0090336580316700658 -0.0017670643132470748 0.06691938431465945 0.043839535154456093 -0.030787344555278404 0.061187331593698921
leaf_weight=50 593 1229 5243 238 341 86 211
leaf_count=50 593 1229 5243 238 341 86 211
internal_value=0.00060993 0.0011654 0.00291359 0.0145484 0.00771141 -0.000478588 0.0344861
internal_weight=7991 7941 7348 2105 1867 1526 297
internal_count=7991 7941 7348 2105 1867 1526 297
is_linear=0
shrinkage=0.02


Tree=496
num_leaves=8
num_cat=0
split_feature=8 51 23 67 23 64 23
split_gain=690.584 991.932 700.254 1461.94 956.402 830.519 701.115
threshold=6.9350000000000014 34.225000000000001 22.850000000000005 2.8791160539777048 24.750000000000004 1.0000000180025095e-35 24.750000000000004
decision_type=2 2 2 2 2 2 2
left_child=1 -1 5 4 -4 -2 -5
right_child=2 -3 3 6 -6 -7 -8
leaf_value=0.0063803070498549422 -0.079346219317479566 0.11136292686616933 0.044942602084742649 0.0034619644788595346 -0.030540279330035145 -0.0013307030688520624 0.08420748559017785
leaf_weight=110 50 49 94 60 204 7226 151
leaf_count=110 50 49 94 60 204 7226 151
internal_value=0.000526956 0.0411423 -0.000328442 0.0222331 -0.00638152 -0.00192094 0.0618583
internal_weight=7944 159 7785 509 298 7276 211
internal_count=7944 159 7785 509 298 7276 211
is_linear=0
shrinkage=0.02


Tree=497
num_leaves=8
num_cat=0
split_feature=64 14 33 64 34 41 51
split_gain=1043.8 815.528 1108.9 1095.28 1879.04 1685.08 1387.38
threshold=1.0000000180025095e-35 43.180000000000007 2.5000000000000004 2.5000000000000004 3.5000000000000004 79.385000000000005 12.555000000000001
decision_type=2 2 2 2 2 2 2
left_child=-1 3 -3 4 5 6 -2
right_child=1 2 -4 -5 -6 -7 -8
leaf_value=-0.080892355466040511 -0.019473568758468028 -0.056757535771692846 0.0071905920511625455 0.00021982218627357566 0.11480649500938231 0.086277708341677986 0.018809106479915749
leaf_weight=54 504 201 227 5356 71 115 1478
leaf_count=54 504 201 227 5356 71 115 1478
internal_value=0.00292628 0.00354595 -0.0231497 0.00507889 0.017055 0.0134801 0.00904975
internal_weight=8006 7952 428 7524 2168 2097 1982
internal_count=8006 7952 428 7524 2168 2097 1982
is_linear=0
shrinkage=0.02


Tree=498
num_leaves=8
num_cat=0
split_feature=42 16 50 21 54 54 51
split_gain=744.014 833.266 860.934 810.586 962.993 1086.29 940.22
threshold=81.935000000000016 0.50155000000000005 3.5000000000000004 408995.65000000008 87.685000000000016 81.00500000000001 29.845000000000002
decision_type=2 2 2 10 2 2 2
left_child=1 2 3 -1 5 6 -5
right_child=-2 -3 -4 4 -6 -7 -8
leaf_value=-0.014068385735506844 0.021051490002849754 0.0045412656448754266 0.037873694348611597 -0.04122178763489831 -0.020163602117892993 0.084697590507566936 0.05383646193891764
leaf_weight=3375 568 3484 147 83 188 111 74
leaf_count=3375 568 3484 147 83 188 111 74
internal_value=-0.000912066 -0.00259689 -0.00884646 -0.0106862 0.0142276 0.0382802 0.0038615
internal_weight=8030 7462 3978 3831 456 268 157
internal_count=8030 7462 3978 3831 456 268 157
is_linear=0
shrinkage=0.02


Tree=499
num_leaves=8
num_cat=0
split_feature=9 16 20 38 40 40 40
split_gain=867.414 929.783 817.949 677.246 873.807 780.131 886.79
threshold=1.5000000000000002 0.35685000000000006 724570.80000000016 1.0000000180025095e-35 55.930000000000007 40.345000000000006 46.865000000000002
decision_type=2 2 10 10 2 2 2
left_child=1 2 -1 4 -3 -5 -7
right_child=-2 3 -4 5 -6 6 -8
leaf_value=-0.023634911376450744 0.0033389990057607712 -0.035606552658198905 -0.10063944555436953 0.037787207965800075 0.0023547887761917147 -0.058930226479051183 0.0043859964699761288
leaf_weight=205 5750 521 73 224 449 98 624
leaf_count=205 5750 521 73 224 449 98 624
internal_value=-0.000744118 -0.0114283 -0.0452764 -0.00641214 -0.0181128 0.00561751 -0.00455436
internal_weight=7944 2194 278 1916 970 946 722
internal_count=7944 2194 278 1916 970 946 722
is_linear=0
shrinkage=0.02


Tree=500
num_leaves=8
num_cat=1
split_feature=14 66 16 48 48 57 4
split_gain=842.163 1178.44 872.911 842.011 624.792 843.075 600.875
threshold=43.180000000000007 0.31250000000000006 0.17090000000000002 5.5000000000000009 19.500000000000004 55.165000000000006 0
decision_type=2 2 2 2 2 2 1
left_child=2 3 -1 -2 6 -6 -4
right_child=1 -3 4 -5 5 -7 -8
leaf_value=-0.058161466224713528 -0.025702099715990405 0.0037649147918664789 0.013177172649338615 -0.10961988135120448 -0.036078628256046484 0.054755709394812585 0.00055410439079600269
leaf_weight=89 119 244 2162 80 286 43 4929
leaf_count=89 119 244 2162 80 286 43 4929
internal_value=0.000819546 -0.0258198 0.00240729 -0.0612978 0.00317247 -0.0235647 0.00442872
internal_weight=7952 443 7509 199 7420 329 7091
internal_count=7952 443 7509 199 7420 329 7091
cat_boundaries=0 1
cat_threshold=6
is_linear=0
shrinkage=0.02


Tree=501
num_leaves=8
num_cat=0
split_feature=41 9 52 41 13 6 68
split_gain=1043.89 1442.31 1127.25 1010.22 965.963 1055.73 1084.68
threshold=73.915000000000006 3.5000000000000004 82.050000000000011 14.405000000000003 333.35000000000008 1.5000000000000002 537672.05000000016
decision_type=2 2 2 2 2 2 2
left_child=1 3 -3 -1 -5 -6 -7
right_child=-2 2 -4 4 5 6 -8
leaf_value=-0.068899932144101991 0.01971480520500523 0.003363232047212979 0.053652716979701469 0.0014419484662484337 -0.02991586445941722 0.033720316634524482 -0.025026826151013374
leaf_weight=116 929 3473 183 1558 1254 248 245
leaf_count=116 929 3473 183 1558 1254 248 245
internal_value=-0.000159157 -0.0027801 0.0059503 -0.0121053 -0.0100108 -0.0201995 0.00456734
internal_weight=8006 7077 3656 3421 3305 1747 493
internal_count=8006 7077 3656 3421 3305 1747 493
is_linear=0
shrinkage=0.02


Tree=502
num_leaves=8
num_cat=0
split_feature=16 52 64 41 64 45 40
split_gain=1176 808.131 1019.07 1357.68 900.716 858.041 1164.19
threshold=0.77885000000000015 75.385000000000005 2.5000000000000004 40.615000000000002 4.5000000000000009 1.0000000180025095e-35 39.685000000000009
decision_type=2 2 2 2 2 2 2
left_child=1 4 -3 -4 5 -1 -7
right_child=-2 2 3 -5 -6 6 -8
leaf_value=0.0018692604168707811 0.040917503080302994 0.055871223076382315 0.063336604957779249 -0.012525088854020301 0.021194826761899051 -0.030698818747276233 -0.0051397298570694311
leaf_weight=3007 263 201 115 437 526 1013 2387
leaf_count=3007 263 201 115 437 526 1013 2387
internal_value=-0.000266696 -0.00170162 0.0179074 0.00370611 -0.00384275 -0.0059132 -0.0127887
internal_weight=7949 7686 753 552 6933 6407 3400
internal_count=7949 7686 753 552 6933 6407 3400
is_linear=0
shrinkage=0.02


Tree=503
num_leaves=8
num_cat=0
split_feature=52 16 15 16 54 22 64
split_gain=918.818 860.784 762.972 1170.98 1090.11 1708.66 861.157
threshold=2.8800000000000003 0.50305000000000011 1.5000000000000002 0.35685000000000006 86.63000000000001 11805.150000000001 1.5000000000000002
decision_type=2 2 2 2 2 2 2
left_child=1 -1 6 4 5 -4 -2
right_child=2 -3 3 -5 -6 -7 -8
leaf_value=-0.11231245577335358 -0.024813345276993682 -0.00084104172637065259 0.0085993798831362784 -0.0021037813635016432 0.0017137820946759191 -0.10627478457515753 0.0060104444404550554
leaf_weight=51 382 55 76 1272 140 153 5756
leaf_count=51 382 55 76 1272 140 153 5756
internal_value=1.9081e-05 -0.0571168 0.000833827 -0.0112594 -0.04237 -0.0687815 0.00407348
internal_weight=7885 106 7779 1641 369 229 6138
internal_count=7885 106 7779 1641 369 229 6138
is_linear=0
shrinkage=0.02


Tree=504
num_leaves=8
num_cat=0
split_feature=64 8 54 67 52 65 55
split_gain=856.481 777.68 1202.63 1146.99 1051.95 856.085 978.982
threshold=1.0000000180025095e-35 27.965000000000003 83.385000000000005 21.934372222570666 15.630000000000001 1.0000000180025095e-35 36.630000000000003
decision_type=2 2 2 2 2 2 2
left_child=-1 2 3 4 -2 6 -4
right_child=1 -3 5 -5 -6 -7 -8
leaf_value=-0.077274038537309089 -0.046391030739288075 -0.0072582146792618072 0.042285043273055767 0.072901208106162296 0.017358612516224434 0.00094557730407133556 -0.049711980854434179
leaf_weight=53 106 3464 52 135 1584 2366 261
leaf_count=53 106 3464 52 135 1584 2366 261
internal_value=-0.000696763 -0.00013926 0.00533786 0.0178358 0.0132351 -0.00319343 -0.0340036
internal_weight=8021 7968 4504 1825 1690 2679 313
internal_count=8021 7968 4504 1825 1690 2679 313
is_linear=0
shrinkage=0.02


Tree=505
num_leaves=8
num_cat=0
split_feature=45 64 40 54 12 10 32
split_gain=784.871 1113.81 1917.97 1321.34 1322.24 1209.21 927.601
threshold=1.0000000180025095e-35 3.5000000000000004 35.605000000000011 73.170000000000016 19.995000000000001 24119.100000000002 1.0000000180025095e-35
decision_type=2 2 2 2 2 2 2
left_child=6 2 -2 -4 5 -5 -1
right_child=1 -3 3 4 -6 -7 -8
leaf_value=0.015150885755011688 -0.048612109890646751 0.0045376690253304906 0.043182160332430115 -0.0078329256978066798 -0.0038381000911407838 -0.105948564045486 -0.0064785752718551108
leaf_weight=2246 521 2331 197 98 1288 100 1221
leaf_count=2246 521 2331 197 98 1288 100 1221
internal_value=0.000377255 -0.00509719 -0.0152744 -0.00484079 -0.0113307 -0.0587753 0.00753511
internal_weight=8002 4535 2204 1683 1486 198 3467
internal_count=8002 4535 2204 1683 1486 198 3467
is_linear=0
shrinkage=0.02


Tree=506
num_leaves=8
num_cat=0
split_feature=8 52 64 8 17 58 10
split_gain=1056.9 880.515 1220.08 743.217 711.277 794.461 665.532
threshold=47.245000000000012 83.715000000000018 2.5000000000000004 46.295000000000009 5035.1000000000013 40.440000000000005 25067.900000000005
decision_type=2 2 2 2 2 2 2
left_child=1 3 -3 -1 5 -2 -6
right_child=4 2 -4 -5 6 -7 -8
leaf_value=0.001535995227390467 -0.014417288281568668 0.092687549246746367 0.010039489571572332 0.067514784387920218 0.035396209510640715 -0.10896469721327658 -0.018611988163146072
leaf_weight=6700 77 98 238 64 101 64 663
leaf_count=6700 77 98 238 64 101 64 663
internal_value=0.00119378 0.00379223 0.0351508 0.00220969 -0.0191007 -0.0595944 -0.0112884
internal_weight=8005 7100 336 6764 905 141 764
internal_count=8005 7100 336 6764 905 141 764
is_linear=0
shrinkage=0.02


Tree=507
num_leaves=8
num_cat=0
split_feature=45 32 65 16 0 57 18
split_gain=874.996 1495.27 1325.37 878.857 867.235 891.529 1092.25
threshold=1.0000000180025095e-35 1.0000000180025095e-35 0.73214285714285732 0.25405000000000005 44.500000000000007 45.895000000000003 394966.85000000003
decision_type=2 2 2 2 2 2 2
left_child=1 2 3 -1 -5 6 -6
right_child=-2 -3 -4 4 5 -7 -8
leaf_value=-0.038304483835933774 -0.0051707229074770466 -0.0096995413694057828 0.057491192420322364 0.0037752129242968275 0.060587129351103906 -0.003019618576546328 -0.0058765165182880887
leaf_weight=126 4578 1216 288 1076 418 213 128
leaf_count=126 4578 1216 288 1076 418 213 128
internal_value=0.0005661 0.00814219 0.0177891 0.0118269 0.0153639 0.0316603 0.045094
internal_weight=8043 3465 2249 1961 1835 759 546
internal_count=8043 3465 2249 1961 1835 759 546
is_linear=0
shrinkage=0.02


Tree=508
num_leaves=8
num_cat=1
split_feature=23 46 55 57 2 23 22
split_gain=760.885 1234.96 1055.17 863.976 750.311 1444.74 1043.6
threshold=23.250000000000004 6.5000000000000009 56.885000000000012 30.125000000000004 0 17.350000000000005 8741.8000000000011
decision_type=2 2 2 2 1 2 2
left_child=4 2 3 -2 -1 6 -6
right_child=1 -3 -4 -5 5 -7 -8
leaf_value=0.0048634983665932843 0.018973680714930385 -0.020480309840549462 -0.042892801013329755 0.091125895353595179 -0.040253577964582697 -0.042690062594701005 0.0013393663119817217
leaf_weight=4398 116 154 41 161 262 410 2504
leaf_count=4398 116 154 41 161 262 410 2504
internal_value=0.00106226 0.0255624 0.0478317 0.0617827 -0.000480405 -0.007867 -0.00266591
internal_weight=8046 472 318 277 7574 3176 2766
internal_count=8046 472 318 277 7574 3176 2766
cat_boundaries=0 1
cat_threshold=178
is_linear=0
shrinkage=0.02


Tree=509
num_leaves=8
num_cat=0
split_feature=38 14 57 33 8 21 8
split_gain=966.684 1008.34 892.627 779.677 798.684 714.026 1388.13
threshold=16347.400000000003 38.860000000000007 64.305000000000021 1.0000000180025095e-35 32.425000000000004 405000.60000000003 11.820000000000002
decision_type=8 2 2 2 2 10 2
left_child=3 2 5 -1 -5 -2 -7
right_child=1 -3 -4 4 -6 6 -8
leaf_value=-0.055617716484948211 -0.0041543311286620513 -0.038549309294586158 -0.045425873441836205 0.015998603695491762 -0.0037171431983506233 0.12244049162864686 0.009979573324819406
leaf_weight=71 3396 347 186 2357 1258 45 370
leaf_count=71 3396 347 186 2357 1258 45 370
internal_value=0.000293315 -0.0060957 -0.0032336 0.00782092 0.00914198 -0.00111754 0.0234866
internal_weight=8030 4344 3997 3686 3615 3811 415
internal_count=8030 4344 3997 3686 3615 3811 415
is_linear=0
shrinkage=0.02


Tree=510
num_leaves=8
num_cat=0
split_feature=52 31 34 41 12 21 49
split_gain=1019.46 848.63 1219.81 1247.78 1028.66 1479.77 934.257
threshold=15.630000000000001 1.0000000180025095e-35 3.5000000000000004 83.670000000000016 71.660000000000011 331833.70000000007 20.500000000000004
decision_type=2 2 2 2 2 10 2
left_child=-1 2 3 4 5 -2 -7
right_child=1 -3 -4 -5 -6 6 -8
leaf_value=-0.029368431416586932 -0.024024123636000167 0.0067324031090997515 0.056265874928084471 0.052381115469431125 0.020350989984684653 -0.020473225650148117 0.033481808950138442
leaf_weight=463 2041 4392 113 121 344 202 335
leaf_count=463 2041 4392 113 121 344 202 335
internal_value=-0.000724508 0.00105081 -0.00685404 -0.00928641 -0.0119252 -0.0162631 0.0131842
internal_weight=8011 7548 3156 3043 2922 2578 537
internal_count=8011 7548 3156 3043 2922 2578 537
is_linear=0
shrinkage=0.02


Tree=511
num_leaves=8
num_cat=0
split_feature=9 44 0 20 14 10 8
split_gain=860.969 1156.49 900.161 889.189 863.758 832.012 1045.21
threshold=1.5000000000000002 1.0000000180025095e-35 43.500000000000007 712203.80000000016 11.785000000000002 19100.500000000004 11.630000000000001
decision_type=2 2 2 8 2 2 2
left_child=1 2 3 -1 -3 -2 -7
right_child=5 4 -4 -5 -6 6 -8
leaf_value=-0.09993183920968253 -0.00781262364226782 0.025148168525960531 -0.094974479237885295 -0.011496380996467288 -0.0092656102227551031 0.049834614647321467 0.0070307201178687294
leaf_weight=48 1505 362 84 334 1418 237 4070
leaf_count=48 1505 362 84 334 1418 237 4070
internal_value=0.00090675 -0.00959661 -0.0374658 -0.0237562 -0.00221601 0.00497045 0.00944113
internal_weight=8058 2246 466 382 1780 5812 4307
internal_count=8058 2246 466 382 1780 5812 4307
is_linear=0
shrinkage=0.02


Tree=512
num_leaves=8
num_cat=1
split_feature=9 2 16 40 8 17 41
split_gain=723.867 1193.68 1176.73 925.839 918.354 1322.83 1219.84
threshold=3.5000000000000004 0 0.71795000000000009 55.770000000000003 54.410000000000004 20835.050000000003 16.360000000000003
decision_type=2 1 2 2 2 2 2
left_child=4 -2 -3 -4 6 -6 -1
right_child=1 2 3 -5 5 -7 -8
leaf_value=-0.062231143868073477 0.021852787196662921 -0.0037254324736091179 0.10746135136591538 -0.0020124336058894793 -0.084763947661596395 0.01106940800570092 0.00035567461909379104
leaf_weight=124 1501 2401 65 55 126 101 3622
leaf_count=124 1501 2401 65 55 126 101 3622
internal_value=0.00186231 0.00783883 -0.000615868 0.0592124 -0.00419017 -0.0428048 -0.00179626
internal_weight=7995 4022 2521 120 3973 227 3746
internal_count=7995 4022 2521 120 3973 227 3746
cat_boundaries=0 1
cat_threshold=130
is_linear=0
shrinkage=0.02


Tree=513
num_leaves=8
num_cat=1
split_feature=65 16 2 8 13 17 46
split_gain=1103.59 1129.17 916.697 905.796 891.569 1261.45 846.009
threshold=0.29166666666666669 0.57745000000000013 0 47.245000000000012 317.35000000000008 34529.350000000006 6.5000000000000009
decision_type=2 2 1 2 2 2 2
left_child=2 3 -1 -2 -5 6 -6
right_child=1 -3 -4 4 5 -7 -8
leaf_value=-0.068732534743437212 -0.00025111354112325994 0.014003401342105129 -0.012282939053498783 0.015202587951575558 -0.086371124237417607 0.0086450058828140136 -0.014015902024237257
leaf_weight=131 4441 2129 635 150 203 140 97
leaf_count=131 4441 2129 635 150 203 140 97
internal_value=-0.000635095 0.00181185 -0.0233708 -0.0033561 -0.0265292 -0.0407669 -0.0635896
internal_weight=7926 7160 766 5031 590 440 300
internal_count=7926 7160 766 5031 590 440 300
cat_boundaries=0 1
cat_threshold=9
is_linear=0
shrinkage=0.02


Tree=514
num_leaves=8
num_cat=0
split_feature=8 12 10 22 9 0 20
split_gain=803.659 883.32 983.1 895.223 1265.19 1031.32 927.289
threshold=47.245000000000012 67.38000000000001 85900.150000000009 11868.400000000001 4.5000000000000009 57.500000000000007 497437.20000000007
decision_type=2 2 2 2 2 2 8
left_child=1 -1 3 -3 6 -6 -5
right_child=-2 2 -4 4 5 -7 -8
leaf_value=-0.0004208173806068983 -0.017272175076054181 0.055437638356831645 -0.022355002247542145 -0.093713221887747444 0.071682816317677492 -0.0085097222357076036 0.0021582853602633107
leaf_weight=5910 897 293 195 40 195 93 389
leaf_count=5910 897 293 195 40 195 93 389
internal_value=0.000513491 0.00276631 0.018335 0.0262624 0.0140386 0.046084 -0.00775744
internal_weight=8012 7115 1205 1010 717 288 429
internal_count=8012 7115 1205 1010 717 288 429
is_linear=0
shrinkage=0.02


Tree=515
num_leaves=8
num_cat=0
split_feature=14 33 48 16 54 13 13
split_gain=796.359 1232.77 976.169 800.724 1155.7 712.396 693.769
threshold=43.180000000000007 2.5000000000000004 3.5000000000000004 0.32410000000000005 63.410000000000004 321.45000000000005 384.45000000000005
decision_type=2 2 2 2 2 2 2
left_child=3 2 -2 4 -1 -4 -3
right_child=1 6 5 -5 -6 -7 -8
leaf_value=0.082520355246961122 -0.012176470832526685 -0.01756564679496378 -0.03299551602672128 0.0043118210858639821 -0.017799274351489397 -0.13813076847832498 0.053675022864714261
leaf_weight=43 95 168 46 6364 1115 68 75
leaf_count=43 95 168 46 6364 1115 68 75
internal_value=-3.02095e-05 -0.0256648 -0.0606727 0.00152621 -0.0137353 -0.0988766 0.00506107
internal_weight=7974 452 209 7522 1158 114 243
internal_count=7974 452 209 7522 1158 114 243
is_linear=0
shrinkage=0.02


Tree=516
num_leaves=8
num_cat=1
split_feature=9 22 12 16 45 22 4
split_gain=959.593 920.588 951.471 1038.18 752.878 940.943 871.587
threshold=1.5000000000000002 11511.000000000002 69.425000000000026 0.34815000000000007 1.0000000180025095e-35 21251.200000000001 0
decision_type=2 2 2 2 2 2 1
left_child=1 2 3 -1 5 -2 -6
right_child=4 -3 -4 -5 6 -7 -8
leaf_value=-0.078487142385517961 0.0065090914023808715 -0.019520014934727981 0.069883037698402831 0.0093228728871630594 -0.019930448555193075 0.03902804270871895 0.0035841583012360873
leaf_weight=56 2108 1604 84 455 835 424 2431
leaf_count=56 2108 1604 84 455 835 424 2431
internal_value=-0.00042047 -0.0116549 0.00953399 -0.000967431 0.00384675 0.0120208 -0.00249894
internal_weight=7997 2199 595 511 5798 2532 3266
internal_count=7997 2199 595 511 5798 2532 3266
cat_boundaries=0 1
cat_threshold=8
is_linear=0
shrinkage=0.02


Tree=517
num_leaves=8
num_cat=2
split_feature=9 7 8 67 1 66 43
split_gain=977.445 1013.53 932.475 967.852 1022.39 753.359 759.781
threshold=20.500000000000004 0 26.625000000000004 10.810909249444537 1 0.68750000000000011 1.0000000180025095e-35
decision_type=2 1 2 2 1 2 2
left_child=1 2 -1 4 -4 6 -3
right_child=-2 5 3 -5 -6 -7 -8
leaf_value=-0.0065625907901589202 0.036270826543646828 -0.013047076242491067 -0.078985522651801934 -0.14056465763515896 0.0056758311015163735 0.034676577055741058 0.0023457874186005603
leaf_weight=388 265 1696 110 40 112 234 5211
leaf_count=388 265 1696 110 40 112 234 5211
internal_value=-0.00114135 -0.00243632 -0.0260508 -0.0552235 -0.0370893 -0.000233335 -0.0014406
internal_weight=8056 7791 650 262 222 7141 6907
internal_count=8056 7791 650 262 222 7141 6907
cat_boundaries=0 1 2
cat_threshold=32 2
is_linear=0
shrinkage=0.02


Tree=518
num_leaves=8
num_cat=0
split_feature=52 33 38 32 64 40 33
split_gain=750.992 622.611 726.578 673.695 1292.54 1137.91 855.147
threshold=2.8800000000000003 1.0000000180025095e-35 11984.000000000002 1.0000000180025095e-35 4.5000000000000009 25.215000000000003 5.5000000000000009
decision_type=2 2 8 2 2 2 2
left_child=-1 2 -2 -3 6 -6 -5
right_child=1 3 -4 4 5 -7 -8
leaf_value=-0.054549473565512978 -0.089670723723395476 0.003152627447160496 -0.015242862002511995 -0.01986248383441919 0.10551371471239972 0.0078067026520030128 0.029553057176881278
leaf_weight=109 58 4634 334 2044 47 588 146
leaf_count=109 58 4634 334 2044 47 588 146
internal_value=-0.0035819 -0.00284002 -0.0272458 -0.00154 -0.00922955 0.0158064 -0.0165083
internal_weight=7960 7851 392 7459 2825 635 2190
internal_count=7960 7851 392 7459 2825 635 2190
is_linear=0
shrinkage=0.02


Tree=519
num_leaves=8
num_cat=0
split_feature=12 12 40 33 41 14 56
split_gain=1007.07 1415.69 1324.75 1288.93 1023.07 926.956 1473.08
threshold=45.970000000000006 46.415000000000006 5.6100000000000003 1.5000000000000002 15.475000000000003 17.705000000000002 34.615000000000002
decision_type=2 2 2 2 2 2 2
left_child=2 -2 -1 5 -5 -4 -7
right_child=1 -3 3 4 -6 6 -8
leaf_value=-0.096250136467244687 0.10027154837885212 0.003945368428381656 -0.0071402655737031074 -0.062568681834709081 0.00093603806540904823 -0.10530202615807074 -0.025038596472737415
leaf_weight=63 57 3959 415 100 3018 126 319
leaf_count=63 57 3959 415 100 3018 126 319
internal_value=-0.00165403 0.00543553 -0.00869774 -0.00719208 -0.00119759 -0.028793 -0.0486824
internal_weight=8057 4016 4041 3978 3118 860 445
internal_count=8057 4016 4041 3978 3118 860 445
is_linear=0
shrinkage=0.02


Tree=520
num_leaves=8
num_cat=0
split_feature=64 40 33 64 9 55 41
split_gain=819.204 756.386 634.737 719.486 632.952 1104.86 1268
threshold=1.0000000180025095e-35 87.625000000000014 5.5000000000000009 3.5000000000000004 3.5000000000000004 37.995000000000012 14.405000000000003
decision_type=2 2 2 2 2 2 2
left_child=-1 2 4 -4 5 -2 -7
right_child=1 -3 3 -5 -6 6 -8
leaf_value=-0.074145307861627985 0.014629835413242108 0.03556573831033983 0.091556396349783867 0.012062178623012228 0.005478590956295713 -0.086738699959083038 -0.0095730680448196485
leaf_weight=52 795 254 57 179 3816 83 2774
leaf_count=52 795 254 57 179 3816 83 2774
internal_value=0.00140763 0.00194757 0.00081683 0.0327632 -0.00021397 -0.00616152 -0.0119625
internal_weight=8010 7958 7704 236 7468 3652 2857
internal_count=8010 7958 7704 236 7468 3652 2857
is_linear=0
shrinkage=0.02


Tree=521
num_leaves=8
num_cat=0
split_feature=9 41 6 13 8 41 18
split_gain=725.752 1062.66 1233.26 705.531 821.705 888.004 868.964
threshold=3.5000000000000004 17.840000000000003 1.0000000180025095e-35 333.75000000000006 31.485000000000003 50.565000000000005 566739.10000000009
decision_type=2 2 2 2 2 2 2
left_child=1 2 -1 -3 -5 6 -6
right_child=-2 3 -4 4 5 -7 -8
leaf_value=0.0099698401752271147 0.0077012503701632505 0.0067590367021094899 -0.098386886635422721 -0.00081672000897835024 -0.070905001429878947 -0.0061303856554504946 0.0022408791383107503
leaf_weight=71 4069 1832 95 1244 240 360 88
leaf_count=71 4069 1832 95 1244 240 360 88
internal_value=0.00178527 -0.00434196 -0.0531052 -0.00212381 -0.0105426 -0.0279955 -0.0515415
internal_weight=7999 3930 166 3764 1932 688 328
internal_count=7999 3930 166 3764 1932 688 328
is_linear=0
shrinkage=0.02


Tree=522
num_leaves=8
num_cat=0
split_feature=67 23 10 16 15 58 10
split_gain=626.058 979.237 911.427 920.267 1084.79 1075.41 832.908
threshold=3.5651860809261717 24.750000000000004 24119.100000000002 0.43215000000000003 1.0000000180025095e-35 59.280000000000008 31456.450000000004
decision_type=2 2 2 2 2 2 2
left_child=-1 2 3 4 -2 -5 -4
right_child=1 -3 6 5 -6 -7 -8
leaf_value=-0.0039906748098168764 0.048308403746772366 0.058209796075933962 -0.030365500598501748 0.030916656892396373 -0.020780995362485299 0.13459944182303216 0.0033967273635425559
leaf_weight=4783 126 140 342 431 292 40 1849
leaf_count=4783 126 140 342 431 292 40 1849
internal_value=0.000597759 0.00740906 0.00500933 0.0220281 0.000369847 0.0410434 -0.00193046
internal_weight=8003 3220 3080 889 418 471 2191
internal_count=8003 3220 3080 889 418 471 2191
is_linear=0
shrinkage=0.02


Tree=523
num_leaves=8
num_cat=0
split_feature=16 0 8 55 17 22 42
split_gain=717.03 862.33 904.571 1118.71 1015.22 979.739 767.402
threshold=0.32955000000000007 23.500000000000004 17.235000000000003 54.735000000000007 3890.5500000000006 10217.200000000003 9.1200000000000028
decision_type=2 2 2 2 2 2 2
left_child=-1 2 -2 4 -4 -6 -3
right_child=1 6 3 -5 5 -7 -8
leaf_value=-0.014336437554199069 -0.00053602050107907071 -0.036510870763137519 0.044481747320561267 -0.12112833663568658 0.03221897531097586 -0.064782683232897209 0.0057890908503994984
leaf_weight=1340 561 172 62 54 50 185 5632
leaf_count=1340 561 172 62 54 50 185 5632
internal_value=-0.00100709 0.00166111 -0.0163646 -0.0413005 -0.0250212 -0.0439028 0.0045052
internal_weight=8056 6716 912 351 297 235 5804
internal_count=8056 6716 912 351 297 235 5804
is_linear=0
shrinkage=0.02


Tree=524
num_leaves=8
num_cat=0
split_feature=40 14 61 31 64 23 21
split_gain=710.212 656.063 810.105 1009.57 780.4 759.034 690.906
threshold=87.625000000000014 45.515000000000008 1.0000000180025095e-35 1.0000000180025095e-35 1.0000000180025095e-35 15.15 408995.65000000008
decision_type=2 2 2 2 2 2 10
left_child=1 4 3 -3 -1 -5 -6
right_child=-2 2 -4 5 6 -7 -8
leaf_value=-0.074036081077972965 0.030084243002589106 -0.090651642271175475 0.019187915122646063 0.013594988969767964 -0.003224887629361651 -0.080309141470740239 0.016015980613100129
leaf_weight=54 265 113 101 118 6458 43 839
leaf_count=54 265 113 101 118 6458 43 839
internal_value=-0.0018029 -0.00291537 -0.0285411 -0.0461633 -0.0015896 -0.0131485 -0.00100314
internal_weight=7991 7726 375 274 7351 161 7297
internal_count=7991 7726 375 274 7351 161 7297
is_linear=0
shrinkage=0.02


Tree=525
num_leaves=8
num_cat=0
split_feature=64 33 51 20 58 40 57
split_gain=746.824 1495.21 954.269 1452.19 1351.86 1333.24 1327.83
threshold=2.5000000000000004 3.5000000000000004 12.555000000000001 987456.70000000007 56.545000000000009 30.690000000000001 54.315000000000005
decision_type=2 2 2 10 2 2 2
left_child=1 2 4 5 6 -4 -1
right_child=-2 -3 3 -5 -6 -7 -8
leaf_value=-0.045601446713505488 -0.0028563601392217449 0.054476475626447779 -0.016779966158085854 -0.031002029019873589 0.066884581703406124 0.031983984423981933 0.04575840906663374
leaf_weight=381 5699 269 285 251 60 1003 72
leaf_count=381 5699 269 285 251 60 1003 72
internal_value=0.00103922 0.01059 0.00471847 0.0125888 -0.0187862 0.0211707 -0.0307397
internal_weight=8020 2321 2052 1539 513 1288 453
internal_count=8020 2321 2052 1539 513 1288 453
is_linear=0
shrinkage=0.02


Tree=526
num_leaves=8
num_cat=0
split_feature=12 10 9 8 17 14 66
split_gain=1027.99 856.845 715.879 615.272 1013.15 1347.51 1640.8
threshold=77.385000000000005 49492.900000000009 13.500000000000002 39.080000000000005 35695.450000000004 21.735000000000003 0.43750000000000006
decision_type=2 2 2 2 2 2 2
left_child=3 2 -2 -1 5 6 -5
right_child=1 -3 -4 4 -6 -7 -8
leaf_value=0.001143649861923231 0.032645387524697055 -0.0017079718708508202 0.11780836071333159 -0.05693922277832969 0.015069998326644659 0.0078287075919382977 0.010480610674886561
leaf_weight=5820 351 303 41 529 372 374 196
leaf_count=5820 351 303 41 529 372 374 196
internal_value=0.000441268 0.0235927 0.0429243 -0.00178025 -0.0133133 -0.0229455 -0.0387657
internal_weight=7986 695 392 7291 1471 1099 725
internal_count=7986 695 392 7291 1471 1099 725
is_linear=0
shrinkage=0.02


Tree=527
num_leaves=8
num_cat=0
split_feature=64 32 10 64 12 54 66
split_gain=763.22 788.634 920.665 900.997 889.453 724.922 1109.09
threshold=1.0000000180025095e-35 1.0000000180025095e-35 14237.750000000002 3.5000000000000004 84.325000000000003 82.955000000000013 0.31250000000000006
decision_type=2 2 2 2 2 2 2
left_child=-1 4 3 -3 5 -2 -7
right_child=1 2 -4 -5 -6 6 -8
leaf_value=-0.074371023031084671 0.012586651893431441 -0.07171417971618127 -0.0044595975262373628 -0.0067610218262268333 0.042900043183208808 -0.012878310457165356 0.012002502144165948
leaf_weight=51 1823 167 2542 172 225 1868 1156
leaf_count=51 1823 167 2542 172 225 1868 1156
internal_value=-0.000794815 -0.000276564 -0.00862444 -0.0393359 0.00446902 0.00264267 -0.00336288
internal_weight=8004 7953 2881 339 5072 4847 3024
internal_count=8004 7953 2881 339 5072 4847 3024
is_linear=0
shrinkage=0.02


Tree=528
num_leaves=8
num_cat=0
split_feature=64 55 55 66 12 58 64
split_gain=895.202 769.503 870.499 1064 678.609 694.61 649.812
threshold=1.0000000180025095e-35 49.015000000000008 49.735000000000007 0.18750000000000003 79.110000000000014 28.695000000000004 4.5000000000000009
decision_type=2 2 2 2 2 2 2
left_child=-1 -2 3 -3 6 -6 -4
right_child=1 2 4 -5 5 -7 -8
leaf_value=-0.083573869657185343 0.0025061594861372329 -0.135881336622768 -0.013269006616429456 -0.025674356547287766 0.083138761541340506 0.00077251178251595051 0.026898009858812605
leaf_weight=49 5332 40 2076 175 59 114 170
leaf_count=49 5332 40 2076 175 59 114 170
internal_value=-0.00241478 -0.00186344 -0.0106968 -0.0488002 -0.00721652 0.030409 -0.0101758
internal_weight=8015 7966 2634 215 2419 173 2246
internal_count=8015 7966 2634 215 2419 173 2246
is_linear=0
shrinkage=0.02


Tree=529
num_leaves=8
num_cat=0
split_feature=16 42 54 54 33 48 55
split_gain=808.955 746.403 1115.53 929.974 1257.57 1232.5 1503.45
threshold=0.46745000000000009 12.335000000000003 94.00500000000001 83.065000000000012 2.5000000000000004 5.5000000000000009 54.905000000000008
decision_type=2 2 2 2 2 2 2
left_child=-1 2 -2 4 5 6 -3
right_child=1 3 -4 -5 -6 -7 -8
leaf_value=-0.0077340216408662314 -0.071374873155975238 0.077626745752085849 0.044609175777683661 -0.0002739155103542336 0.0023309843923091452 0.0070888508539902022 -0.027467521135486776
leaf_weight=3599 108 341 43 2789 814 287 62
leaf_count=3599 108 341 43 2789 814 287 62
internal_value=-0.000691514 0.00501419 -0.0379751 0.00656869 0.0192164 0.0389762 0.0613199
internal_weight=8043 4444 151 4293 1504 690 403
internal_count=8043 4444 151 4293 1504 690 403
is_linear=0
shrinkage=0.02


Tree=530
num_leaves=8
num_cat=0
split_feature=16 42 52 8 16 56 57
split_gain=795.399 722.59 702.629 765.62 1002.61 615.603 615.407
threshold=0.74725000000000008 44.095000000000006 15.630000000000001 28.755000000000006 0.43045000000000005 36.365000000000002 54.315000000000005
decision_type=2 2 2 2 2 2 2
left_child=2 5 3 6 -5 -2 -1
right_child=1 -3 -4 4 -6 -7 -8
leaf_value=-0.031075468276726439 -0.00013758814081232598 0.0094929397082733399 0.001383242669020301 -0.054982880372849721 0.044799918274927346 0.090824150966078626 -0.11343112350172467
leaf_weight=230 42 297 7046 58 107 97 40
leaf_count=230 42 297 7046 58 107 97 40
internal_value=0.0013916 0.0274931 -0.000146971 -0.024667 0.00913923 0.0642889 -0.0451169
internal_weight=7917 436 7481 435 165 139 270
internal_count=7917 436 7481 435 165 139 270
is_linear=0
shrinkage=0.02


Tree=531
num_leaves=8
num_cat=0
split_feature=33 22 17 8 16 53 38
split_gain=830.594 690.829 638.727 1278.03 1042.78 933.063 742.126
threshold=1.0000000180025095e-35 7808.0000000000009 3833.6500000000005 50.695000000000007 0.72825000000000006 43.980000000000011 1913.6000000000001
decision_type=2 2 2 2 2 2 8
left_child=-1 -2 3 4 5 -3 -7
right_child=1 2 -4 -5 -6 6 -8
leaf_value=-0.02796766090171543 -0.021627897818484173 0.055462318609670262 0.00092273292377597791 -0.068841256299125617 0.083309122071121677 -0.043785462103848004 0.013300132368223978
leaf_weight=378 452 189 5867 62 94 97 854
leaf_count=378 452 189 5867 62 94 97 854
internal_value=0.000772237 0.00221627 0.00373492 0.0164132 0.0209572 0.0154746 0.00727897
internal_weight=7993 7615 7163 1296 1234 1140 951
internal_count=7993 7615 7163 1296 1234 1140 951
is_linear=0
shrinkage=0.02


Tree=532
num_leaves=8
num_cat=0
split_feature=12 51 62 13 67 23 49
split_gain=656.644 1342.65 848.186 731.959 601.301 1037.97 737.767
threshold=7.3150000000000004 13.335000000000003 1.0000000180025095e-35 307.05000000000007 6.0458509187514062 23.150000000000002 10.500000000000002
decision_type=2 2 2 2 2 2 2
left_child=1 -1 3 -3 -2 6 -6
right_child=4 2 -4 -5 5 -7 -8
leaf_value=-0.098142006510779964 -0.0043485869748864222 0.072324805712855572 -0.055954136582755158 -0.012434661613320405 -0.023436046798161404 0.056349651916123976 0.0085229391895845028
leaf_weight=79 4991 62 82 101 329 158 2141
leaf_count=79 4991 62 82 101 329 158 2141
internal_value=-0.00146731 -0.0291315 -0.00536129 0.0209981 -0.000272555 0.00746205 0.00422731
internal_weight=7943 324 245 163 7619 2628 2470
internal_count=7943 324 245 163 7619 2628 2470
is_linear=0
shrinkage=0.02


Tree=533
num_leaves=8
num_cat=0
split_feature=16 40 56 17 16 53 17
split_gain=931.311 795.615 701.735 681.663 660.128 760.254 728.457
threshold=0.72825000000000006 60.895000000000003 46.315000000000005 4600.7500000000009 0.26805000000000007 56.380000000000003 46731.500000000007
decision_type=2 2 2 2 2 2 2
left_child=4 3 -3 -2 5 -1 -7
right_child=1 2 -4 -5 -6 6 -8
leaf_value=0.0034125066469238552 0.089666538712509139 0.013268195515169817 -0.073354762733603515 0.025797603188865762 -8.8143578233596637e-05 -0.053099299448489345 0.026614998078772
leaf_weight=272 89 165 43 256 6834 294 51
leaf_count=272 89 165 43 256 6834 294 51
internal_value=-1.84051e-05 0.0249039 -0.00594101 0.0433195 -0.00188356 -0.0216093 -0.0411036
internal_weight=8004 553 208 345 7451 617 345
internal_count=8004 553 208 345 7451 617 345
is_linear=0
shrinkage=0.02


Tree=534
num_leaves=8
num_cat=0
split_feature=64 32 41 47 52 52 53
split_gain=523.903 886.344 847.138 784.335 760.965 744.394 812.064
threshold=4.5000000000000009 1.0000000180025095e-35 49.000000000000007 1.5000000000000002 10.180000000000001 66.070000000000007 87.91500000000002
decision_type=2 2 2 2 2 2 2
left_child=1 5 -2 -3 -5 6 -1
right_child=2 3 -4 4 -6 -7 -8
leaf_value=-0.0029265163266881189 0.04384149643181659 -0.067560041516411054 -0.0025664858643795595 0.053018866678078966 -0.011853460906952631 0.017818259698268803 0.040394547789869575
leaf_weight=3953 267 93 372 70 2116 1046 176
leaf_count=3953 267 93 372 70 2116 1046 176
internal_value=-0.000293046 -0.00178716 0.0170145 -0.0121654 -0.00965987 0.00279059 -0.00103332
internal_weight=8093 7454 639 2279 2186 5175 4129
internal_count=8093 7454 639 2279 2186 5175 4129
is_linear=0
shrinkage=0.02


Tree=535
num_leaves=8
num_cat=0
split_feature=52 55 8 41 33 47 51
split_gain=823.527 953.915 971.19 952.761 844.782 836.393 827.182
threshold=75.385000000000005 47.375000000000007 8.8050000000000015 30.925000000000001 5.5000000000000009 6.5000000000000009 29.545000000000005
decision_type=2 2 2 2 2 2 2
left_child=1 6 5 -2 -4 -3 -1
right_child=3 2 4 -5 -6 -7 -8
leaf_value=-0.0036883175671269947 0.087379705647627509 0.077863239150368774 -0.01564588833372673 0.012324418161049013 0.049248591999646776 -0.016281897782567233 0.0138823994921938
leaf_weight=2470 70 84 2626 722 78 63 1886
leaf_count=2470 70 84 2626 722 78 63 1886
internal_value=0.000172704 -0.00195937 -0.0109433 0.0194647 -0.0136865 0.038307 0.0039264
internal_weight=7999 7207 2851 792 2704 147 4356
internal_count=7999 7207 2851 792 2704 147 4356
is_linear=0
shrinkage=0.02


Tree=536
num_leaves=8
num_cat=0
split_feature=64 8 48 14 66 20 9
split_gain=780.203 763.078 1437.06 774.681 1030.61 905.391 673.286
threshold=1.0000000180025095e-35 54.410000000000004 1.0000000180025095e-35 43.180000000000007 0.31250000000000006 819002.75000000012 5.5000000000000009
decision_type=2 2 2 2 2 8 2
left_child=-1 3 -3 -2 5 -5 -4
right_child=1 2 6 4 -6 -7 -8
leaf_value=-0.075573827113617556 0.0032238041623326649 -0.10310150936052397 -0.030590307059415914 -0.13390360383316874 0.004752361486181942 -0.032453600211887604 0.018150313060767764
leaf_weight=50 7068 72 256 43 224 152 196
leaf_count=50 7068 72 256 43 224 152 196
internal_value=-0.000503789 1.16013e-05 -0.0232035 0.00165078 -0.0246092 -0.0576129 -0.00948765
internal_weight=8061 8011 524 7487 419 195 452
internal_count=8061 8011 524 7487 419 195 452
is_linear=0
shrinkage=0.02


Tree=537
num_leaves=8
num_cat=0
split_feature=0 22 23 65 16 32 54
split_gain=793.619 790.103 780.936 967.424 695.607 1002.87 1388.4
threshold=24.500000000000004 11511.000000000002 2.5500000000000003 0.61250000000000016 0.36255000000000004 1.0000000180025095e-35 82.095000000000013
decision_type=2 2 2 2 2 2 2
left_child=1 -1 3 -2 -4 6 -6
right_child=2 -3 4 -5 5 -7 -8
leaf_value=0.011909442742231427 0.096902493401732917 -0.027229601500055534 -0.0098107507987318012 -0.0037772468328475949 0.029362306301930319 -0.0065054439225731746 0.0018608629390766719
leaf_weight=281 72 747 1696 75 1148 1902 2024
leaf_count=281 72 747 1696 75 1148 1902 2024
internal_value=-0.000172929 -0.0165252 0.00226752 0.0471007 0.00125999 0.00496644 0.0118446
internal_weight=7945 1028 6917 147 6770 5074 3172
internal_count=7945 1028 6917 147 6770 5074 3172
is_linear=0
shrinkage=0.02


Tree=538
num_leaves=8
num_cat=1
split_feature=8 14 48 23 16 2 9
split_gain=1006.95 1356.11 940.039 919.764 884.757 1231.72 1061.19
threshold=26.195000000000004 42.570000000000007 5.5000000000000009 3.6500000000000008 0.50455000000000017 0 9.5000000000000018
decision_type=2 2 2 2 2 1 2
left_child=1 -1 -3 -2 5 -5 -6
right_child=3 2 -4 4 6 -7 -8
leaf_value=0.01116520869073054 0.036084635953578838 -0.0065248539517633623 -0.086921545695117189 -0.03931601621399336 -0.0040434937864103435 -0.0060616834861054996 0.040552045297011202
leaf_weight=3854 193 155 89 652 1422 1387 246
leaf_count=3854 193 155 89 652 1422 1387 246
internal_value=0.00133736 0.00825541 -0.0370064 -0.00593316 -0.00816642 -0.0169874 0.00263509
internal_weight=7998 4098 244 3900 3707 2039 1668
internal_count=7998 4098 244 3900 3707 2039 1668
cat_boundaries=0 1
cat_threshold=44
is_linear=0
shrinkage=0.02


Tree=539
num_leaves=8
num_cat=0
split_feature=55 32 22 53 38 22 14
split_gain=989.325 708.368 879.16 1458.39 1444.6 1049.84 1046.72
threshold=55.685000000000009 1.0000000180025095e-35 11320.400000000001 66.00500000000001 8173.1500000000005 12431.850000000002 43.180000000000007
decision_type=2 2 2 2 8 2 2
left_child=1 2 3 4 -1 -4 -7
right_child=-2 -3 5 -5 -6 6 -8
leaf_value=0.046035016193218009 -0.01764665714809099 -0.0057492707649803663 -0.029205513664823397 0.051306131412169304 -0.015236282411271132 0.0094358052687705356 -0.040347207326028083
leaf_weight=223 1086 2461 368 435 469 2766 175
leaf_count=223 1086 2461 368 435 469 2766 175
internal_value=5.11945e-05 0.00284866 0.00761971 0.0228345 0.00469725 0.00241112 0.00641009
internal_weight=7983 6897 4436 1127 692 3309 2941
internal_count=7983 6897 4436 1127 692 3309 2941
is_linear=0
shrinkage=0.02


Tree=540
num_leaves=8
num_cat=0
split_feature=38 56 21 56 12 6 52
split_gain=765.385 852.556 1119.24 1255.74 946.306 1037.07 900.654
threshold=17351.150000000005 41.82500000000001 410709.40000000008 46.205000000000005 6.3650000000000011 1.5000000000000002 65.310000000000016
decision_type=8 2 10 2 2 2 2
left_child=-1 -2 4 -4 -3 6 -6
right_child=1 2 3 -5 5 -7 -8
leaf_value=0.0066878884827493617 0.0012236041404724677 -0.096449546039716075 -0.01934814703853234 0.089900523799506915 -0.042358189282714259 0.0054316748700550064 0.0043093268439089033
leaf_weight=3753 2670 62 87 74 700 455 215
leaf_count=3753 2670 62 87 74 700 455 215
internal_value=0.000106011 -0.0056895 -0.017244 0.0320609 -0.0228796 -0.0192116 -0.0314288
internal_weight=8016 4263 1593 161 1432 1370 915
internal_count=8016 4263 1593 161 1432 1370 915
is_linear=0
shrinkage=0.02


Tree=541
num_leaves=8
num_cat=0
split_feature=9 64 8 21 20 52 38
split_gain=776.936 824.071 1034.28 1012.04 1227.33 1066.38 1238.4
threshold=1.5000000000000002 2.5000000000000004 49.745000000000005 175972.50000000003 1202364.2500000002 66.605000000000004 7433.2000000000007
decision_type=2 2 2 10 10 2 8
left_child=-1 2 3 4 -2 6 -5
right_child=1 -3 -4 5 -6 -7 -8
leaf_value=-0.0094714726659082069 0.013338165692776776 -0.00030046513934238933 -0.035413172942526799 -0.013724000606737379 -0.068515797323850269 0.086677582519994661 0.044786995876555248
leaf_weight=2222 621 4143 136 212 78 137 438
leaf_count=2222 621 4143 136 212 78 137 438
internal_value=0.000563197 0.00443571 0.0164968 0.0213505 0.0037825 0.0368318 0.0257443
internal_weight=7987 5765 1622 1486 699 787 650
internal_count=7987 5765 1622 1486 699 787 650
is_linear=0
shrinkage=0.02


Tree=542
num_leaves=8
num_cat=0
split_feature=55 9 38 12 49 8 54
split_gain=725.44 926.32 1323.79 1058.39 871.573 798.428 850.927
threshold=37.995000000000012 12.500000000000002 1673.8500000000001 71.660000000000011 5.5000000000000009 19.505000000000006 72.070000000000007
decision_type=2 2 8 2 2 2 2
left_child=4 -2 -3 5 -1 6 -4
right_child=1 2 3 -5 -6 -7 -8
leaf_value=-0.070756895786523819 -0.0057246428444654683 0.095992793400700285 0.040218432684029852 0.07271512389017476 0.014037369313822179 0.017972886914064765 -0.049143356333704702
leaf_weight=45 5488 73 51 85 1708 353 183
leaf_count=45 5488 73 51 85 1708 353 183
internal_value=0.000318118 -0.0028801 0.0179725 0.00885072 0.0116656 -0.000933151 -0.0292331
internal_weight=7986 6233 745 672 1753 587 234
internal_count=7986 6233 745 672 1753 587 234
is_linear=0
shrinkage=0.02


Tree=543
num_leaves=8
num_cat=1
split_feature=8 41 33 44 4 23 8
split_gain=849.359 980.301 682.179 771.183 618.265 866.985 857.646
threshold=54.410000000000004 55.735000000000007 4.5000000000000009 1.0000000180025095e-35 0 4.9500000000000011 24.545000000000005
decision_type=2 2 2 2 1 2 2
left_child=4 2 3 -2 5 -1 -6
right_child=1 -3 -4 -5 6 -7 -8
leaf_value=0.044388300707515288 -0.11884752588088697 0.0110346011574747 0.020700848346406762 -0.038295194628998774 0.0056778770327904895 0.0061187885424233692 -0.010620326247909944
leaf_weight=264 60 193 50 213 2782 2000 2402
leaf_count=264 60 193 50 213 2782 2000 2402
internal_value=0.000215798 -0.0244723 -0.0455332 -0.0578181 0.00194147 0.0106225 -0.00187322
internal_weight=7964 516 323 273 7448 2264 5184
internal_count=7964 516 323 273 7448 2264 5184
cat_boundaries=0 1
cat_threshold=6
is_linear=0
shrinkage=0.02


Tree=544
num_leaves=8
num_cat=0
split_feature=55 9 40 23 56 56 55
split_gain=676.2 824.048 1071.93 788.685 1010.67 1977.78 991.159
threshold=37.995000000000012 3.5000000000000004 56.135000000000012 15.250000000000002 39.845000000000006 30.575000000000003 43.655000000000008
decision_type=2 2 2 2 2 2 2
left_child=-1 2 3 6 5 -5 -2
right_child=1 -3 -4 4 -6 -7 -8
leaf_value=0.010193844772629943 -0.040606588437859172 0.0032783410734435851 0.002742803332779127 -0.11303732507651852 -0.073639894777484102 0.016731300358588878 -0.0025356422134152636
leaf_weight=1741 375 3189 1295 57 223 190 979
leaf_count=1741 375 3189 1295 57 223 190 979
internal_value=-0.000822705 -0.00386892 -0.0111701 -0.0210285 -0.0432329 -0.0148639 -0.0131903
internal_weight=8049 6308 3119 1824 470 247 1354
internal_count=8049 6308 3119 1824 470 247 1354
is_linear=0
shrinkage=0.02


Tree=545
num_leaves=8
num_cat=0
split_feature=23 17 16 40 66 16 13
split_gain=809.201 866.972 675.97 621.172 675.54 723.183 794.715
threshold=2.9500000000000006 11983.050000000001 0.53025000000000011 66.265000000000015 0.56250000000000011 0.77305000000000013 415.75000000000006
decision_type=2 2 2 2 2 2 2
left_child=1 2 -1 4 5 6 -2
right_child=3 -3 -4 -5 -6 -7 -8
leaf_value=0.037581611023822299 -0.010167816171935127 0.073859311899503177 -0.056817827106646776 0.0099028636435550682 0.015749011133821347 0.032591012433842222 0.014836134584440551
leaf_weight=66 4814 116 48 1621 619 181 564
leaf_count=66 4814 116 48 1621 619 181 564
internal_value=3.52854e-06 0.0365699 -0.00288278 -0.00109759 -0.00398959 -0.00619968 -0.00753426
internal_weight=8029 230 114 7799 6178 5559 5378
internal_count=8029 230 114 7799 6178 5559 5378
is_linear=0
shrinkage=0.02


Tree=546
num_leaves=8
num_cat=1
split_feature=64 21 42 2 38 42 22
split_gain=768.905 696.882 677.719 785.869 765.755 748.3 658.035
threshold=1.0000000180025095e-35 408995.65000000008 35.185000000000009 0 8551.5500000000011 40.775000000000013 11090.500000000002
decision_type=2 10 2 1 8 2 2
left_child=-1 6 3 -3 -5 -4 -2
right_child=1 2 5 4 -6 -7 -8
leaf_value=-0.073056300128144888 0.010013536574161491 0.024141140570485498 0.082904593089047601 0.016431237803565132 -0.090658061261454675 0.019310081846275546 -0.0043171485515822372
leaf_weight=51 1686 108 80 40 68 626 5290
leaf_count=51 1686 108 80 40 68 626 5290
internal_value=0.000792647 0.00131543 0.0176076 -0.0131641 -0.0477938 0.0270486 -0.000848934
internal_weight=7949 7898 922 216 108 706 6976
internal_count=7949 7898 922 216 108 706 6976
cat_boundaries=0 1
cat_threshold=106
is_linear=0
shrinkage=0.02


Tree=547
num_leaves=8
num_cat=0
split_feature=31 40 14 33 62 47 42
split_gain=550.39 1625.66 1386.08 1219.12 1048.06 872.755 781.327
threshold=1.0000000180025095e-35 81.645000000000024 43.180000000000007 4.5000000000000009 1.0000000180025095e-35 13.500000000000002 37.560000000000009
decision_type=2 2 2 2 2 2 2
left_child=1 2 3 5 -4 -1 -2
right_child=6 -3 4 -5 -6 -7 -8
leaf_value=-0.0094625984140736842 0.018156504715491954 0.04998149358463562 -0.025291942558368717 0.06219654715647107 -0.12793541688937693 0.067039351082239004 0.00018674653111562241
leaf_weight=2801 1367 196 114 98 59 56 3286
leaf_count=2801 1367 196 114 98 59 56 3286
internal_value=0.00104204 -0.00516904 -0.00869902 -0.00542446 -0.0629079 -0.00784859 0.00547989
internal_weight=7977 3324 3128 2955 173 2857 4653
internal_count=7977 3324 3128 2955 173 2857 4653
is_linear=0
shrinkage=0.02


Tree=548
num_leaves=8
num_cat=0
split_feature=55 32 52 13 42 38 13
split_gain=743.289 874.657 1021.5 891.43 1481.35 947.108 1020.22
threshold=49.015000000000008 1.0000000180025095e-35 85.605000000000004 431.15000000000003 47.495000000000012 1774.45 354.35000000000008
decision_type=2 2 2 2 2 10 2
left_child=1 2 3 5 -5 6 -1
right_child=-2 -3 -4 4 -6 -7 -8
leaf_value=0.0061017004432313464 -0.0096532262142906642 -0.0074286767075233944 0.064145149895139322 0.1077964650634881 0.000763215925693512 0.015831758622464779 -0.026907086536101996
leaf_weight=993 2660 1944 126 86 120 1496 595
leaf_count=993 2660 1944 126 86 120 1496 595
internal_value=-0.00102028 0.00326899 0.00935885 0.00716649 0.0469426 0.00443791 -0.00631184
internal_weight=8020 5360 3416 3290 206 3084 1588
internal_count=8020 5360 3416 3290 206 3084 1588
is_linear=0
shrinkage=0.02


Tree=549
num_leaves=8
num_cat=0
split_feature=16 54 66 37 0 42 14
split_gain=985.259 928.557 837.531 1258.86 744.153 691.395 684.851
threshold=0.32955000000000007 63.410000000000004 0.31250000000000006 0.32665000000000005 71.500000000000014 57.025000000000013 43.180000000000007
decision_type=2 2 2 2 2 2 2
left_child=1 -1 3 -3 -4 -5 -2
right_child=6 2 4 5 -6 -7 -8
leaf_value=0.06709411536271756 0.0049955963373261997 -0.021235464603959916 -0.012188234992325306 -0.13176344119883202 0.053690840389047353 -0.026940317033453193 -0.022721063811923306
leaf_weight=47 6316 394 625 72 72 42 373
leaf_count=47 6316 394 625 72 72 42 373
internal_value=0.000383611 -0.0158635 -0.0193631 -0.038762 -0.00504899 -0.095899 0.00343421
internal_weight=7941 1252 1205 508 697 114 6689
internal_count=7941 1252 1205 508 697 114 6689
is_linear=0
shrinkage=0.02


Tree=550
num_leaves=8
num_cat=1
split_feature=52 23 18 23 23 64 2
split_gain=933.982 893.195 745.058 1106.76 710.643 675.749 1045.33
threshold=11.045000000000002 6.0500000000000007 97344.300000000017 12.050000000000002 9.6500000000000004 1.5000000000000002 0
decision_type=2 2 2 2 2 2 1
left_child=1 -1 4 -4 -3 6 -2
right_child=5 2 3 -5 -6 -7 -8
leaf_value=-0.10889372368292374 0.016190132458680239 0.019099835967117888 -0.044348919233109088 0.091356748303771024 -0.070396268529927031 0.0015794498996490383 -0.041971217317458905
leaf_weight=50 184 48 42 45 114 7193 336
leaf_count=50 184 48 42 45 114 7193 336
internal_value=-0.00137355 -0.0357585 -0.0192182 0.0269939 -0.044101 -1.82924e-05 -0.0219239
internal_weight=8012 299 249 87 162 7713 520
internal_count=8012 299 249 87 162 7713 520
cat_boundaries=0 1
cat_threshold=19
is_linear=0
shrinkage=0.02


Tree=551
num_leaves=8
num_cat=0
split_feature=33 51 40 23 9 38 40
split_gain=582.257 919.817 576.146 966.36 600.663 633.156 591.059
threshold=1.0000000180025095e-35 22.245000000000001 8.9700000000000024 10.250000000000002 21.500000000000004 1527.45 87.625000000000014
decision_type=2 2 2 2 2 10 2
left_child=1 -1 3 -2 6 -6 -4
right_child=2 -3 4 -5 5 -7 -8
leaf_value=0.0062624416170327093 0.024071112974830298 -0.053739274744155636 0.0011110880649327331 -0.074171187498352747 0.095095775367184124 0.015079685918866628 0.032595672074569627
leaf_weight=214 64 189 6949 94 50 150 242
leaf_count=214 64 189 6949 94 50 150 242
internal_value=0.00108197 -0.022191 0.00233826 -0.0348591 0.00315647 0.0369152 0.00219256
internal_weight=7952 403 7549 158 7391 200 7191
internal_count=7952 403 7549 158 7391 200 7191
is_linear=0
shrinkage=0.02


Tree=552
num_leaves=8
num_cat=2
split_feature=52 68 10 7 5 0 23
split_gain=691.818 613.412 581.215 881.74 957.835 945.975 995.36
threshold=75.385000000000005 1845569.3500000003 12706.300000000001 0 1 36.500000000000007 7.7500000000000009
decision_type=2 2 2 1 1 2 2
left_child=2 -2 3 4 5 -1 -7
right_child=1 -3 -4 -5 -6 6 -8
leaf_value=0.068764549922578189 0.013433372551170367 0.088119241701478654 0.00085074625086851204 0.002711121445618473 -0.069942407013287633 -0.077325444195706111 -0.0042254895432679738
leaf_weight=44 758 42 6008 601 171 99 265
leaf_count=44 758 42 6008 601 171 99 265
internal_value=0.000294546 0.0178774 -0.00167343 -0.0144747 -0.0316878 -0.0137429 -0.0248854
internal_weight=7988 800 7188 1180 579 408 364
internal_count=7988 800 7188 1180 579 408 364
cat_boundaries=0 1 2
cat_threshold=36 3
is_linear=0
shrinkage=0.02


Tree=553
num_leaves=8
num_cat=0
split_feature=40 9 64 40 32 10 24
split_gain=599.812 561.238 584.166 945.324 849.684 915.594 793.281
threshold=87.625000000000014 20.500000000000004 4.5000000000000009 26.705000000000002 1.0000000180025095e-35 14569.450000000003 5.5000000000000009
decision_type=2 2 2 2 2 2 2
left_child=1 2 4 -4 6 -6 -1
right_child=-2 -3 3 -5 5 -7 -8
leaf_value=0.0022051645074432089 0.029394642776724968 0.028025794702880233 0.096812888400422209 0.008757563752427925 -0.045715546721481599 -0.0088684339343015565 -0.046458585616471114
leaf_weight=4609 259 248 49 519 314 1775 133
leaf_count=4609 259 248 49 519 314 1775 133
internal_value=-0.000244995 -0.00126743 -0.00226754 0.0171324 -0.003892 -0.0145029 0.000792784
internal_weight=7906 7647 7399 568 6831 2089 4742
internal_count=7906 7647 7399 568 6831 2089 4742
is_linear=0
shrinkage=0.02


Tree=554
num_leaves=8
num_cat=0
split_feature=40 64 64 40 33 37 48
split_gain=757.471 577.099 583.007 1379.11 1190.67 1389.33 1268.4
threshold=5.6100000000000003 1.0000000180025095e-35 2.5000000000000004 81.645000000000024 3.5000000000000004 0.29705000000000004 3.5000000000000004
decision_type=2 2 2 2 2 2 2
left_child=-1 -2 3 4 5 -3 -6
right_child=1 2 -4 -5 6 -7 -8
leaf_value=-0.050352425599470736 -0.063698902018368239 0.0092582030027516891 -0.0027190349025223177 0.081209870839820189 0.0031214480221706587 -0.032692011553794142 0.092324009809282528
leaf_weight=115 51 1495 5592 97 132 395 119
leaf_count=115 51 1495 5592 97 132 395 119
internal_value=-0.000482208 0.000276965 0.00073405 0.00934896 0.00591161 0.000427704 0.0463899
internal_weight=7996 7881 7830 2238 2141 1890 251
internal_count=7996 7881 7830 2238 2141 1890 251
is_linear=0
shrinkage=0.02


Tree=555
num_leaves=8
num_cat=0
split_feature=44 41 57 18 55 58 14
split_gain=656.742 1373.49 925.133 778.463 973.867 1067.83 1304.56
threshold=1.0000000180025095e-35 15.475000000000003 10.435 112054.60000000002 53.95000000000001 38.735000000000007 11.625000000000002
decision_type=2 2 2 2 2 2 2
left_child=1 -1 -3 4 5 6 -4
right_child=-2 2 3 -5 -6 -7 -8
leaf_value=-0.08912006413673812 0.0024669125426206207 0.043079904900457627 -0.060789531414644625 0.0072666318960601592 -0.06466179103799205 -0.037536573391673066 0.030978468367282082
leaf_weight=82 6390 128 74 519 178 346 284
leaf_count=82 6390 128 74 519 178 346 284
internal_value=-0.000411971 -0.0118033 -0.00737986 -0.0121268 -0.0235153 -0.0127291 0.0114336
internal_weight=8001 1611 1529 1401 882 704 358
internal_count=8001 1611 1529 1401 882 704 358
is_linear=0
shrinkage=0.02


Tree=556
num_leaves=8
num_cat=1
split_feature=16 8 2 37 21 64 41
split_gain=786.848 991.909 1162.5 987.506 953.281 888.806 1057.37
threshold=0.50155000000000005 24.685000000000006 0 1.0000000180025095e-35 459244.60000000003 3.5000000000000004 68.365000000000023
decision_type=2 2 1 2 10 2 2
left_child=1 3 -3 -1 5 6 -4
right_child=-2 2 4 -5 -6 -7 -8
leaf_value=-0.011489286370669847 0.0068357290386179409 0.00052547908815570542 -0.057291409980179585 0.016831782653124853 0.036855046787682706 -0.010432345589572286 0.011081818794662301
leaf_weight=863 3740 1083 589 1134 80 437 105
leaf_count=863 3740 1083 589 1134 80 437 105
internal_value=0.000135013 -0.00570643 -0.0146644 0.00459476 -0.0279694 -0.032943 -0.0469415
internal_weight=8031 4291 2294 1997 1211 1131 694
internal_count=8031 4291 2294 1997 1211 1131 694
cat_boundaries=0 1
cat_threshold=146
is_linear=0
shrinkage=0.02


Tree=557
num_leaves=8
num_cat=0
split_feature=16 68 68 12 38 49 55
split_gain=620.006 539.944 740.151 913.001 1225.25 715.321 802.223
threshold=0.74725000000000008 172585.30000000002 592554.05000000016 7.3150000000000004 1500.5000000000002 6.5000000000000009 30.445000000000004
decision_type=2 2 2 2 10 2 2
left_child=1 5 -3 4 -4 -1 -7
right_child=-2 2 3 -5 -6 6 -8
leaf_value=0.04409476051337264 0.022870517791106375 0.010686088897185062 -0.10541162418730465 -0.0017601692495761174 0.0034112129753895021 0.05026346338963187 -0.01725063068419936
leaf_weight=84 446 2224 76 3495 84 69 1541
leaf_count=84 446 2224 76 3495 84 69 1541
internal_value=8.88602e-05 -0.00126703 0.00160162 -0.00393315 -0.0499075 -0.0111981 -0.0142105
internal_weight=8019 7573 5879 3655 160 1694 1610
internal_count=8019 7573 5879 3655 160 1694 1610
is_linear=0
shrinkage=0.02


Tree=558
num_leaves=8
num_cat=0
split_feature=9 57 16 47 54 41 42
split_gain=893.208 1033.26 856.114 917.208 1053.42 828.123 790.785
threshold=18.500000000000004 10.745000000000003 0.46125000000000005 9.5000000000000018 89.985000000000014 14.405000000000003 30.680000000000003
decision_type=2 2 2 2 2 2 2
left_child=2 -2 3 -1 -5 -4 -3
right_child=1 6 5 4 -6 -7 -8
leaf_value=-0.014137805231358448 -0.060662976821263634 0.093196606440155691 -0.043884803030107708 -0.0070551230113666801 0.053265096817467661 0.0055570810305427421 0.022636845606778349
leaf_weight=2716 40 84 135 307 180 4250 240
leaf_count=2716 40 84 135 307 180 4250 240
internal_value=-0.000276979 0.0301103 -0.00175354 -0.00960602 0.0155546 0.00398668 0.0420685
internal_weight=7952 364 7588 3203 487 4385 324
internal_count=7952 364 7588 3203 487 4385 324
is_linear=0
shrinkage=0.02


Tree=559
num_leaves=8
num_cat=1
split_feature=16 4 13 40 62 10 41
split_gain=641.199 657.186 1267.5 1012.67 950.673 938.197 1119.8
threshold=0.17090000000000002 0 380.35000000000008 18.335000000000004 1.0000000180025095e-35 56437.100000000006 55.955000000000005
decision_type=2 1 2 2 2 2 2
left_child=-1 2 3 -2 -3 6 -4
right_child=1 4 5 -5 -6 -7 -8
leaf_value=-0.049834713063695857 0.071706311134873219 0.0026003989726744205 0.083851615755933598 -0.0044708569310919497 -0.014784534378971767 0.0059282567323289785 0.0076976269785137413
leaf_weight=97 69 4187 214 1226 1793 254 121
leaf_count=97 69 4187 214 1226 1793 254 121
internal_value=-1.17243e-05 0.000634102 0.0108854 -0.000151814 -0.0026158 0.0351327 0.056863
internal_weight=7961 7864 1884 1295 5980 589 335
internal_count=7961 7864 1884 1295 5980 589 335
cat_boundaries=0 1
cat_threshold=2
is_linear=0
shrinkage=0.02


Tree=560
num_leaves=8
num_cat=0
split_feature=52 41 46 55 49 38 23
split_gain=549.958 974.709 920.803 520.004 910.883 842.242 770.531
threshold=82.050000000000011 47.785000000000004 6.5000000000000009 37.995000000000012 68.500000000000014 23403.650000000005 3.8500000000000001
decision_type=2 2 2 2 2 8 2
left_child=3 2 -2 4 5 6 -1
right_child=1 -3 -4 -5 -6 -7 -8
leaf_value=-0.054082504243783233 0.099344216858473972 0.0011642090561734119 -0.012177775916845903 -0.0035699040087330837 0.074114393316459179 -0.0092461974253706686 0.025054135624733919
leaf_weight=48 93 279 41 5956 77 767 752
leaf_count=48 93 279 41 5956 77 767 752
internal_value=0.000407198 0.0227421 0.0660112 -0.00082068 0.00912003 0.00570073 0.0199995
internal_weight=8013 413 134 7600 1644 1567 800
internal_count=8013 413 134 7600 1644 1567 800
is_linear=0
shrinkage=0.02


Tree=561
num_leaves=8
num_cat=1
split_feature=44 57 52 8 8 1 9
split_gain=964.907 1019.25 1261.13 876.135 1089.49 1078.15 960.022
threshold=1.0000000180025095e-35 7.9050000000000011 55.245000000000012 53.770000000000003 45.885000000000012 0 1.5000000000000002
decision_type=2 2 2 2 2 1 2
left_child=1 2 -1 4 6 -5 -3
right_child=-2 3 -4 5 -6 -7 -8
leaf_value=-0.015716886853767653 0.003343560977627804 -0.044600941346165365 0.12637828008333843 -0.13615040953512547 0.053736668433366191 -0.0039453025892669082 -0.0072188111933495103
leaf_weight=54 6325 392 40 49 84 46 901
leaf_count=54 6325 392 40 49 84 46 901
internal_value=-0.00013844 -0.014168 0.048078 -0.0182922 -0.0140841 -0.0755333 -0.0186801
internal_weight=7891 1566 94 1472 1377 95 1293
internal_count=7891 1566 94 1472 1377 95 1293
cat_boundaries=0 1
cat_threshold=2
is_linear=0
shrinkage=0.02


Tree=562
num_leaves=8
num_cat=1
split_feature=41 3 14 14 37 43 12
split_gain=711.518 1281.83 915.862 796.125 957.687 782.672 1020.18
threshold=14.405000000000003 0 12.975000000000003 34.32500000000001 0.046550000000000008 1.0000000180025095e-35 41.090000000000011
decision_type=2 1 2 2 2 2 2
left_child=1 2 -1 -2 5 6 -5
right_child=3 -3 -4 4 -6 -7 -8
leaf_value=-0.060848794115914241 0.0036538714295262131 -0.073080653860955178 0.04864480999919276 -0.15462041188031436 0.002214264118360852 -0.021855245383757382 -0.028384530154818836
leaf_weight=40 6846 127 91 43 494 292 61
leaf_count=40 6846 127 91 43 494 292 61
internal_value=0.000238239 -0.0321131 0.0132309 0.00133722 -0.0164036 -0.039367 -0.0852767
internal_weight=7994 258 131 7736 890 396 104
internal_count=7994 258 131 7736 890 396 104
cat_boundaries=0 1
cat_threshold=5
is_linear=0
shrinkage=0.02


Tree=563
num_leaves=8
num_cat=1
split_feature=33 41 7 41 8 55 55
split_gain=656.842 858.793 1019.23 638.863 637.361 688.172 928.906
threshold=5.5000000000000009 15.475000000000003 0 33.495000000000012 47.245000000000012 61.580000000000005 56.225000000000001
decision_type=2 2 1 2 2 2 2
left_child=1 2 -1 -2 -3 6 -6
right_child=3 4 -4 -5 5 -7 -8
leaf_value=-0.067352438541019674 0.090878945282914431 0.001413754992947485 0.006809262156286495 0.013793798269895472 -0.018967915152983707 -0.090715406437714904 0.05890783505653268
leaf_weight=155 50 6679 134 209 729 43 62
leaf_count=155 50 6679 134 209 729 43 62
internal_value=-0.00091316 -0.0019618 -0.0354943 0.0301145 -0.000649165 -0.0170798 -0.0125322
internal_weight=8061 7802 289 259 7513 834 791
internal_count=8061 7802 289 259 7513 834 791
cat_boundaries=0 1
cat_threshold=34
is_linear=0
shrinkage=0.02


Tree=564
num_leaves=8
num_cat=0
split_feature=41 12 16 17 0 41 49
split_gain=748.032 744.547 680.909 802.58 857.001 1125.5 800
threshold=15.475000000000003 64.595000000000013 0.57745000000000013 4882.1500000000005 21.500000000000004 33.255000000000003 22.500000000000004
decision_type=2 2 2 2 2 2 2
left_child=1 -1 -2 6 5 -5 -4
right_child=2 -3 3 4 -6 -7 -8
leaf_value=-0.043236860389879443 -0.0016186917495131115 0.04175957413055003 0.055804690335440679 0.060972847867012021 0.010578601526283885 -0.043202544597068834 0.010235772810667216
leaf_weight=251 5408 45 275 45 1446 250 349
leaf_count=251 5408 45 275 45 1446 250 349
internal_value=0.00110078 -0.0298361 0.00229729 0.0112364 0.00422769 -0.02656 0.0306022
internal_weight=8069 296 7773 2365 1741 295 624
internal_count=8069 296 7773 2365 1741 295 624
is_linear=0
shrinkage=0.02


Tree=565
num_leaves=8
num_cat=0
split_feature=8 16 40 17 41 42 42
split_gain=654.222 544.919 663.888 646.249 1185.36 977.189 869.274
threshold=8.8050000000000015 0.72825000000000006 57.595000000000006 2468.3500000000004 36.355000000000011 28.425000000000004 33.20000000000001
decision_type=2 2 2 2 2 2 2
left_child=-1 3 -3 4 6 -6 -2
right_child=1 2 -4 -5 5 -7 -8
leaf_value=0.025082970226890055 -0.099941354047168376 0.037574279675789558 -0.0086613833906031903 -0.00037670631312521714 0.075067852579609115 -0.014455441797645432 -0.0066834823592849405
leaf_weight=401 105 302 206 6322 49 501 64
leaf_count=401 105 302 206 6322 49 501 64
internal_value=0.000351039 -0.000978444 0.0189235 -0.00242676 -0.0203253 -0.0058753 -0.0658317
internal_weight=7950 7549 508 7041 719 550 169
internal_count=7950 7549 508 7041 719 550 169
is_linear=0
shrinkage=0.02


Tree=566
num_leaves=8
num_cat=0
split_feature=33 42 48 53 22 22 53
split_gain=589.282 686.245 1082.39 822.495 819.547 890.057 738.838
threshold=1.0000000180025095e-35 52.565000000000005 5.5000000000000009 49.805000000000007 16100.750000000002 11920.450000000003 62.985000000000007
decision_type=2 2 2 2 2 2 2
left_child=1 2 6 -3 5 -5 -1
right_child=-2 3 -4 4 -6 -7 -8
leaf_value=-0.014617325564435985 -0.0019788793336552079 0.021487316377460958 -0.052818204596802427 -0.089772165483458247 -0.1255134190094303 0.035423068073060782 0.084324471521836059
leaf_weight=54 7642 43 86 42 66 40 60
leaf_count=54 7642 43 86 42 66 40 60
internal_value=-0.00321294 -0.0270028 -0.00091604 -0.0535985 -0.0754033 -0.0301753 0.0388123
internal_weight=8033 391 200 191 148 82 114
internal_count=8033 391 200 191 148 82 114
is_linear=0
shrinkage=0.02


Tree=567
num_leaves=8
num_cat=1
split_feature=16 21 0 52 50 44 2
split_gain=823.238 895.025 923.587 1328.55 841.311 897.269 1118.16
threshold=0.50155000000000005 281112.85000000003 25.500000000000004 41.32500000000001 3.5000000000000004 1.0000000180025095e-35 0
decision_type=2 10 2 2 2 2 1
left_child=1 2 3 -1 5 6 -4
right_child=-2 -3 4 -5 -6 -7 -8
leaf_value=0.022853621851292347 0.0065423710863744414 0.0060962606222102799 -0.0096578006256133955 -0.09112145083153067 0.046661767782551225 -0.005951500159719578 -0.069660299563285399
leaf_weight=57 3722 1491 314 126 96 1930 207
leaf_count=57 3722 1491 314 126 96 1930 207
internal_value=-0.000309748 -0.00635241 -0.01315 -0.0559574 -0.00997074 -0.0122794 -0.0354411
internal_weight=7943 4221 2730 183 2547 2451 521
internal_count=7943 4221 2730 183 2547 2451 521
cat_boundaries=0 1
cat_threshold=226
is_linear=0
shrinkage=0.02


Tree=568
num_leaves=8
num_cat=0
split_feature=52 49 24 9 0 14 41
split_gain=856.494 688.856 870.24 735.931 829.826 1114.77 705.205
threshold=15.630000000000001 4.5000000000000009 2.5000000000000004 12.500000000000002 67.500000000000014 18.785000000000004 64.65000000000002
decision_type=2 2 2 2 2 2 2
left_child=-1 2 -2 4 6 -6 -3
right_child=1 3 -4 -5 5 -7 -8
leaf_value=-0.026271910816347145 -0.0024767752288885059 -0.0045561658032130872 -0.10992455203314216 0.020292953753372939 -0.0026234155674465 0.075907078270007061 0.010842555326331538
leaf_weight=439 79 4755 44 873 155 130 1581
leaf_count=439 79 4755 44 873 155 130 1581
internal_value=0.000731272 0.00230379 -0.0437059 0.00308759 0.000805411 0.0338887 -0.000708257
internal_weight=8056 7617 123 7494 6621 285 6336
internal_count=8056 7617 123 7494 6621 285 6336
is_linear=0
shrinkage=0.02


Tree=569
num_leaves=8
num_cat=1
split_feature=5 53 8 53 57 44 65
split_gain=791.353 1066.2 912.053 758.035 736.692 728.714 958.453
threshold=0 42.855000000000011 22.555000000000003 66.445000000000007 35.57500000000001 1.0000000180025095e-35 0.76388888888888895
decision_type=1 2 2 2 2 2 2
left_child=1 4 3 -3 -1 6 -2
right_child=5 2 -4 -5 -6 -7 -8
leaf_value=-0.065572536381286226 -0.023168740668243672 0.065617327679826962 0.0057523399208303525 0.00976396650957638 0.0093785495053117091 -0.001743552788941487 0.039084459816761043
leaf_weight=104 1236 241 697 164 99 5243 103
leaf_count=104 1236 241 697 164 99 5243 103
internal_value=-0.00228375 0.0118622 0.0197201 0.0433951 -0.0296733 -0.00510557 -0.0182524
internal_weight=7887 1305 1102 405 203 6582 1339
internal_count=7887 1305 1102 405 203 6582 1339
cat_boundaries=0 1
cat_threshold=1
is_linear=0
shrinkage=0.02


Tree=570
num_leaves=8
num_cat=0
split_feature=64 43 17 33 21 42 16
split_gain=720.291 1252.21 1296.18 1276.12 1389.89 1276.86 1208.49
threshold=2.5000000000000004 1.0000000180025095e-35 2897.4000000000001 3.5000000000000004 217840.55000000002 32.615000000000002 0.23935000000000003
decision_type=2 2 2 2 8 2 2
left_child=1 3 -3 4 -1 -5 -4
right_child=-2 2 6 5 -6 -7 -8
leaf_value=0.061988695128397504 -0.0041151864814924629 0.07231107410524161 -0.080430710397514635 -0.038383728308337077 -0.021252574783464866 0.076738815609621633 0.019676902432943077
leaf_weight=83 5658 181 46 51 923 126 922
leaf_count=83 5658 181 46 51 923 126 922
internal_value=-0.000260163 0.00908185 0.0239067 -0.00535698 -0.0141122 0.0434247 0.0145309
internal_weight=7990 2332 1149 1183 1006 177 968
internal_count=7990 2332 1149 1183 1006 177 968
is_linear=0
shrinkage=0.02


Tree=571
num_leaves=8
num_cat=0
split_feature=48 45 52 53 40 9 46
split_gain=920.771 773.519 827.524 1135.35 887.471 814.669 841.097
threshold=19.500000000000004 1.0000000180025095e-35 66.070000000000007 65.295000000000016 49.355000000000011 11.500000000000002 3.5000000000000004
decision_type=2 2 2 2 2 2 2
left_child=1 2 -1 5 -5 6 -4
right_child=-2 -3 3 4 -6 -7 -8
leaf_value=0.0014608668805482692 -0.034096019215818146 -0.0065019739002914927 0.12147075256125796 0.042163733555376524 -0.033019324619124629 -0.027972573894262314 0.042231847229360166
leaf_weight=2677 346 4354 67 95 164 45 256
leaf_count=2677 346 4354 67 95 164 45 256
internal_value=-0.00242051 -0.000968051 0.00632334 0.026908 -0.00516626 0.0492487 0.0602695
internal_weight=8004 7658 3304 627 259 368 323
internal_count=8004 7658 3304 627 259 368 323
is_linear=0
shrinkage=0.02


Tree=572
num_leaves=8
num_cat=2
split_feature=7 48 2 48 34 53 43
split_gain=646.361 1021.16 716.182 837.275 727.767 677.774 648.156
threshold=0 16.500000000000004 1 8.5000000000000018 1.0000000180025095e-35 44.465000000000011 1.0000000180025095e-35
decision_type=1 2 1 2 2 2 2
left_child=1 2 4 5 -1 -4 -6
right_child=-2 -3 3 -5 6 -7 -8
leaf_value=-0.099584077355900288 0.0026389431777722812 -0.1090791124364604 0.058042816825888376 0.08115235748567752 -0.065901740171291218 -0.021079796088822916 0.001572947950691593
leaf_weight=49 7457 41 50 51 76 199 191
leaf_count=49 7457 41 50 51 76 199 191
internal_value=0.000952072 -0.0178398 -0.0112249 0.0109099 -0.0314419 -0.0043619 -0.0184917
internal_weight=8114 657 616 300 316 249 267
internal_count=8114 657 616 300 316 249 267
cat_boundaries=0 1 2
cat_threshold=32 83
is_linear=0
shrinkage=0.02


Tree=573
num_leaves=8
num_cat=0
split_feature=8 17 51 55 17 8 9
split_gain=883.118 878.241 1400.1 1091.18 951.256 856.446 852.644
threshold=24.545000000000005 2468.3500000000004 15.285000000000002 46.915000000000006 2788.9000000000005 33.655000000000008 10.500000000000002
decision_type=2 2 2 2 2 2 2
left_child=-1 2 3 -2 -3 -4 -6
right_child=1 4 5 -5 6 -7 -8
leaf_value=0.007476225145734706 -0.031506209632974458 0.069285676232735877 -0.021972870311986369 0.094923933915635375 -0.0084846424515055471 -0.10314946846184084 0.018176422039464488
leaf_weight=3724 61 66 99 42 3283 113 557
leaf_count=3724 61 66 99 42 3283 113 557
internal_value=0.000382512 -0.0058774 -0.0377338 0.0220557 -0.00326338 -0.0666213 -0.00459879
internal_weight=7945 4221 315 103 3906 212 3840
internal_count=7945 4221 315 103 3906 212 3840
is_linear=0
shrinkage=0.02


Tree=574
num_leaves=8
num_cat=0
split_feature=64 33 55 43 56 46 15
split_gain=649.819 1216.47 888.592 819.619 965.62 1106.79 1009.23
threshold=2.5000000000000004 3.5000000000000004 49.615000000000002 1.0000000180025095e-35 31.695000000000004 9.5000000000000018 1.0000000180025095e-35
decision_type=2 2 2 2 2 2 2
left_child=1 3 -3 4 6 -6 -1
right_child=-2 2 -4 -5 5 -7 -8
leaf_value=0.083139453010503642 -0.0033724892744745488 0.072878212193963385 -0.0050171372796712303 0.016346412570774557 -0.022528979757836347 0.064533859292666126 -0.021317830067961965
leaf_weight=81 5697 184 84 1045 831 58 62
leaf_count=81 5697 184 84 1045 831 58 62
internal_value=0.000275178 0.00912523 0.0488185 0.00389858 -0.0087241 -0.0165197 0.0386601
internal_weight=8042 2345 268 2077 1032 889 143
internal_count=8042 2345 268 2077 1032 889 143
is_linear=0
shrinkage=0.02


Tree=575
num_leaves=8
num_cat=1
split_feature=8 41 9 55 49 4 12
split_gain=630.264 853.945 972.993 1291.86 985.758 1073.19 929.985
threshold=24.545000000000005 48.285000000000004 3.5000000000000004 60.665000000000006 51.500000000000007 0 46.155000000000008
decision_type=2 2 2 2 2 1 2
left_child=-1 2 3 4 5 6 -2
right_child=1 -3 -4 -5 -6 -7 -8
leaf_value=0.0071053362114411669 -0.079849491343922815 0.0042475270140578279 -0.00028694317851081291 -0.11590925077183378 -0.071749411538795188 0.00082627053327202782 0.025378233906205583
leaf_weight=3806 141 2301 1049 58 130 583 41
leaf_count=3806 141 2301 1049 58 130 583 41
internal_value=0.00118139 -0.00406049 -0.0135961 -0.028168 -0.0218697 -0.0129825 -0.0532519
internal_weight=8109 4303 2002 953 895 765 182
internal_count=8109 4303 2002 953 895 765 182
cat_boundaries=0 1
cat_threshold=8
is_linear=0
shrinkage=0.02


Tree=576
num_leaves=8
num_cat=0
split_feature=54 51 13 8 12 13 66
split_gain=902.257 929.229 916.494 854.613 760.197 740.612 717.844
threshold=73.02500000000002 35.175000000000004 311.55000000000007 49.745000000000005 42.635000000000012 336.15000000000003 0.43750000000000006
decision_type=2 2 2 2 2 2 2
left_child=1 2 -1 4 5 -4 -3
right_child=-2 6 3 -5 -6 -7 -8
leaf_value=0.041865880019749911 -0.0022020844246317009 0.061397197461042267 0.033756865835189824 -0.090873322757531183 0.020868841366997608 -0.057177081228958232 0.0027994033006965651
leaf_weight=170 7023 255 45 44 235 130 124
leaf_count=170 7023 255 45 44 235 130 124
internal_value=0.000336115 0.0180313 0.00294308 -0.0119288 -0.00246395 -0.0335059 0.0425114
internal_weight=8026 1003 624 454 410 175 379
internal_count=8026 1003 624 454 410 175 379
is_linear=0
shrinkage=0.02


Tree=577
num_leaves=8
num_cat=1
split_feature=16 56 5 41 19 34 16
split_gain=736.804 849.308 580.479 1089.14 1224.9 778.461 950.25
threshold=0.17090000000000002 38.785000000000004 0 16.995000000000001 1.0000000180025095e-35 2.5000000000000004 0.60625000000000007
decision_type=2 2 1 2 2 2 2
left_child=1 -1 3 -2 -5 6 -4
right_child=2 -3 5 4 -6 -7 -8
leaf_value=0.0088393029631400593 -0.06984825231989876 -0.10962328561653312 -0.010895090956540912 0.029107695465318932 -0.013710117671224806 0.010301139608874797 0.0088836911304592866
leaf_weight=44 56 47 3599 916 373 1646 1326
leaf_count=44 56 47 3599 916 373 1646 1326
internal_value=0.000207589 -0.0548676 0.000874951 0.0127684 0.0167123 -0.00158435 -0.00556627
internal_weight=8007 91 7916 1345 1289 6571 4925
internal_count=8007 91 7916 1345 1289 6571 4925
cat_boundaries=0 1
cat_threshold=1
is_linear=0
shrinkage=0.02


Tree=578
num_leaves=8
num_cat=0
split_feature=8 48 55 12 32 56 12
split_gain=549.515 1095.35 739.837 937.328 735.33 768.568 1147.02
threshold=54.410000000000004 1.0000000180025095e-35 54.735000000000007 80.110000000000014 1.0000000180025095e-35 27.365000000000006 45.535000000000004
decision_type=2 2 2 2 2 2 2
left_child=2 -2 4 -4 5 6 -1
right_child=1 -3 3 -5 -6 -7 -8
leaf_value=-0.0027493071099189987 -0.085792746480465643 -0.0070048066786601165 -0.017903719574185958 0.050731024478540519 -0.0049109071624026755 0.0073424555068188901 0.092333387353361773
leaf_weight=96 79 449 1096 81 2244 3840 102
leaf_count=96 79 449 1096 81 2244 3840 102
internal_value=0.000131782 -0.0194874 0.00153269 -0.0129857 0.00426103 0.00935784 0.0473005
internal_weight=7987 528 7459 1177 6282 4038 198
internal_count=7987 528 7459 1177 6282 4038 198
is_linear=0
shrinkage=0.02


Tree=579
num_leaves=8
num_cat=0
split_feature=16 12 41 53 21 13 58
split_gain=528.403 541.598 866.028 1283.93 539.499 653.975 766.343
threshold=0.17090000000000002 14.375000000000002 30.925000000000001 58.505000000000003 202715.00000000003 349.65000000000003 39.745000000000012
decision_type=2 2 2 2 8 2 2
left_child=-1 2 3 -2 -4 -6 -7
right_child=1 -3 4 -5 5 6 -8
leaf_value=-0.043996329257421404 -0.12980038983623188 0.0022980787660010528 0.058259983470148227 0.012095947594692309 0.002853867183482428 -0.0078658723500462206 -0.096305247527965612
leaf_weight=102 55 7315 42 43 347 93 64
leaf_count=102 55 7315 42 43 347 93 64
internal_value=0.00015296 0.00074603 -0.0167651 -0.0699749 -0.00666631 -0.012596 -0.0457773
internal_weight=8061 7959 644 98 546 504 157
internal_count=8061 7959 644 98 546 504 157
is_linear=0
shrinkage=0.02


Tree=580
num_leaves=8
num_cat=0
split_feature=8 48 14 42 45 49 67
split_gain=602.55 814.519 1046.04 818.18 956.132 644.51 772.358
threshold=47.245000000000012 18.500000000000004 13.055000000000001 38.880000000000003 1.0000000180025095e-35 9.5000000000000018 8.1966782700151199
decision_type=2 2 2 2 2 2 2
left_child=1 5 -3 4 -4 6 -1
right_child=-2 2 3 -5 -6 -7 -8
leaf_value=-0.0014599910920133463 -0.015058639304215063 0.029864012130669186 -0.028121688824217277 -0.020751060099219499 -0.15867909096656962 0.0059474085168755809 -0.047369932072609665
leaf_weight=550 906 93 48 179 42 6038 195
leaf_count=550 906 93 48 179 42 6038 195
internal_value=0.000260377 0.00221203 -0.0268117 -0.0465933 -0.0941933 0.0037796 -0.0137124
internal_weight=8051 7145 362 269 90 6783 745
internal_count=8051 7145 362 269 90 6783 745
is_linear=0
shrinkage=0.02


Tree=581
num_leaves=8
num_cat=0
split_feature=50 48 12 55 23 67 48
split_gain=768.762 709.758 649.225 678.897 682.507 703.58 604.57
threshold=3.5000000000000004 17.500000000000004 77.385000000000005 57.695000000000007 4.9500000000000011 14.628980609398548 24.500000000000004
decision_type=2 2 2 2 2 2 2
left_child=1 2 -1 4 -4 -6 -3
right_child=-2 6 3 -5 5 -7 -8
leaf_value=-0.0032807430175962973 0.031425629562826407 -0.044439118417260587 0.063978150448784604 0.077774058922248729 0.012427353304201439 -0.051176426266098307 0.0033585162390680871
leaf_weight=6617 264 287 77 63 400 79 165
leaf_count=6617 264 287 77 63 400 79 165
internal_value=-0.0018107 -0.0029717 -0.001444 0.0180595 0.0106604 0.00151706 -0.027145
internal_weight=7952 7688 7236 619 556 479 452
internal_count=7952 7688 7236 619 556 479 452
is_linear=0
shrinkage=0.02


Tree=582
num_leaves=8
num_cat=0
split_feature=16 17 23 17 40 56 52
split_gain=695.945 882.038 980.705 1018.4 1160.05 814.727 1258.77
threshold=0.32955000000000007 3833.6500000000005 7.7500000000000009 1044.3000000000002 52.035000000000004 39.445000000000007 34.57500000000001
decision_type=2 2 2 2 2 2 2
left_child=5 2 -2 4 -4 -1 -7
right_child=1 -3 3 -5 -6 6 -8
leaf_value=0.00084310603656256248 -0.010528645131878461 -0.0023517766216347132 -0.089038090324792693 0.034750994144821475 0.039492590984083573 -0.073552772460548796 -0.012273297760353956
leaf_weight=659 390 5391 56 812 48 188 448
leaf_count=659 390 5391 56 812 48 188 448
internal_value=-0.00137443 0.00122416 0.0159379 0.0272023 -0.0306258 -0.0147659 -0.0308198
internal_weight=7992 6697 1306 916 104 1295 636
internal_count=7992 6697 1306 916 104 1295 636
is_linear=0
shrinkage=0.02


Tree=583
num_leaves=8
num_cat=0
split_feature=64 33 53 33 55 12 22
split_gain=543.356 625.117 656.875 576.335 590.801 825.543 733.551
threshold=4.5000000000000009 3.5000000000000004 67.945000000000007 5.5000000000000009 55.475000000000001 80.110000000000014 11320.400000000001
decision_type=2 2 2 2 2 2 2
left_child=3 2 -2 4 6 -6 -1
right_child=1 -3 -4 -5 5 -7 -8
leaf_value=0.012155193491637661 0.015904673542373064 0.0024184379603378386 0.081209979223517262 0.034533544302400618 -0.020872299924988735 0.053011884557513093 -0.0034935918246742554
leaf_weight=1615 159 406 99 175 919 60 4597
leaf_count=1615 159 406 99 175 919 60 4597
internal_value=0.000751449 0.0180092 0.0420312 -0.000815397 -0.00169905 -0.0160978 0.000581294
internal_weight=8030 664 258 7366 7191 979 6212
internal_count=8030 664 258 7366 7191 979 6212
is_linear=0
shrinkage=0.02


Tree=584
num_leaves=8
num_cat=1
split_feature=64 56 2 52 12 23 54
split_gain=784.75 1264.43 979.392 953.695 780.617 796.352 743.874
threshold=1.5000000000000002 38.255000000000003 0 55.030000000000008 66.215000000000018 10.750000000000002 88.905000000000015
decision_type=2 2 1 2 2 2 2
left_child=1 2 3 -1 5 -3 -4
right_child=-2 4 6 -5 -6 -7 -8
leaf_value=-0.068029908122132637 -0.00060796633275968226 -0.1024905473510771 0.094025621550373625 0.045433207352956133 0.016000115427008847 -0.028883271891532877 -0.0061380709069115778
leaf_weight=85 7476 124 64 40 52 118 51
leaf_count=85 7476 124 64 40 52 118 51
internal_value=-0.00228874 -0.0255957 0.00843199 -0.02913 -0.0530499 -0.0679106 0.0472618
internal_weight=8010 534 240 125 294 242 115
internal_count=8010 534 240 125 294 242 115
cat_boundaries=0 1
cat_threshold=140
is_linear=0
shrinkage=0.02


Tree=585
num_leaves=8
num_cat=1
split_feature=64 41 33 52 2 52 21
split_gain=799.515 1827.82 1161.05 1080.09 1198.53 1478.47 1209.74
threshold=2.5000000000000004 80.610000000000014 3.5000000000000004 83.715000000000018 0 17.585000000000004 306470.40000000008
decision_type=2 2 2 2 1 2 10
left_child=1 2 3 4 5 -1 -7
right_child=-2 -3 -4 -5 -6 6 -8
leaf_value=-0.12771370297553492 -0.0031094978134246359 0.095796101130161099 0.046978813275232796 0.06877744874005895 0.0096264069935706256 -0.033170420362917001 0.031271691812328035
leaf_weight=46 5732 92 253 87 1277 407 158
leaf_count=46 5732 92 253 87 1277 407 158
internal_value=0.000900594 0.0107937 0.00707705 0.00185986 -0.00139726 -0.0240932 -0.0150332
internal_weight=8052 2320 2228 1975 1888 611 565
internal_count=8052 2320 2228 1975 1888 611 565
cat_boundaries=0 1
cat_threshold=69
is_linear=0
shrinkage=0.02


Tree=586
num_leaves=8
num_cat=0
split_feature=16 21 53 12 41 51 20
split_gain=795.211 792.685 899.321 880.365 880.376 1058.17 1020.33
threshold=0.17090000000000002 389926.65000000008 68.835000000000022 14.375000000000002 72.595000000000013 12.735000000000001 1350032.4000000001
decision_type=2 10 2 2 2 2 8
left_child=-1 3 -3 4 5 6 -2
right_child=1 2 -4 -5 -6 -7 -8
leaf_value=-0.056154304409728337 -0.16438520774893139 0.0033566933957320691 0.041979653849043473 -0.00035689786934229862 0.03500667135303058 -0.021153264777139597 -0.032318712099123806
leaf_weight=97 41 755 350 6287 76 383 54
leaf_count=97 41 755 350 6287 76 383 54
internal_value=-0.000665995 4.62599e-05 0.0157242 -0.00249577 -0.0265482 -0.0365963 -0.0946852
internal_weight=8043 7946 1105 6841 554 478 95
internal_count=8043 7946 1105 6841 554 478 95
is_linear=0
shrinkage=0.02


Tree=587
num_leaves=8
num_cat=0
split_feature=12 0 62 64 13 54 45
split_gain=799.104 1066.6 1125.44 834.337 656.381 592.429 491.711
threshold=7.3150000000000004 38.500000000000007 1.0000000180025095e-35 1.0000000180025095e-35 319.05000000000007 92.875000000000014 1.0000000180025095e-35
decision_type=2 2 2 2 2 2 2
left_child=1 2 4 -2 -1 -3 -5
right_child=3 5 -4 6 -6 -7 -8
leaf_value=0.021267576381868249 -0.076381495111975173 0.015131162302739965 -0.15716643204021713 0.0056132689429105554 -0.085470587970481987 -0.061315503131460267 -0.0046417039758499057
leaf_weight=44 53 158 41 3273 40 49 4350
leaf_count=44 53 158 41 3273 40 49 4350
internal_value=-0.00213688 -0.0322801 -0.0771825 -0.000812974 -0.0315064 -0.00398423 -0.000237851
internal_weight=8008 332 125 7676 84 207 7623
internal_count=8008 332 125 7676 84 207 7623
is_linear=0
shrinkage=0.02


Tree=588
num_leaves=8
num_cat=0
split_feature=8 10 38 14 58 20 14
split_gain=723.267 1016.93 772.66 1006.75 941.111 893.351 832.677
threshold=36.495000000000012 40145.400000000009 4202.3500000000013 9.9050000000000029 31.880000000000006 1708232.0000000002 28.805000000000003
decision_type=2 2 8 2 2 8 2
left_child=-1 2 -2 -4 5 -5 -6
right_child=1 -3 3 4 6 -7 -8
leaf_value=0.0044983095972004642 -0.061117523373509022 0.003585177364476225 -0.067211449056893829 -0.016450026892315672 -0.039484052773781197 0.065414678088234118 0.029763020477865054
leaf_weight=5989 185 1078 119 93 288 115 87
leaf_count=5989 185 1078 119 93 288 115 87
internal_value=0.00104361 -0.00947044 -0.0252685 -0.0154557 -0.00440981 0.0292848 -0.0232385
internal_weight=7954 1965 887 702 583 208 375
internal_count=7954 1965 887 702 583 208 375
is_linear=0
shrinkage=0.02


Tree=589
num_leaves=8
num_cat=0
split_feature=9 23 58 20 17 23 55
split_gain=759.753 852.426 1430.3 1094.15 754.316 992.749 674.089
threshold=1.0000000180025095e-35 22.550000000000004 23.700000000000006 634922.95000000007 3833.6500000000005 20.050000000000004 44.695000000000007
decision_type=2 2 2 8 2 2 2
left_child=4 -2 -3 -4 -1 -6 -7
right_child=1 2 3 -5 5 6 -8
leaf_value=0.011011136248211066 0.00012917959851099572 -0.062698100914598487 -0.032365916708241335 0.055764645763805937 -0.01753179256985643 -0.018636834606114362 -0.12699480398390137
leaf_weight=295 6423 56 64 338 678 40 56
leaf_count=295 6423 56 64 338 678 40 56
internal_value=-0.000421924 0.00201856 0.0282277 0.0415087 -0.0160672 -0.0263922 -0.0850034
internal_weight=7950 6881 458 402 1069 774 96
internal_count=7950 6881 458 402 1069 774 96
is_linear=0
shrinkage=0.02


Tree=590
num_leaves=8
num_cat=0
split_feature=9 43 17 42 41 67 41
split_gain=591.182 729.795 1321.16 957.457 951.199 822.586 597.969
threshold=12.500000000000002 1.0000000180025095e-35 25751.350000000002 31.360000000000003 21.850000000000005 4.9429176031643847 80.610000000000014
decision_type=2 2 2 2 2 2 2
left_child=6 2 5 4 -3 -2 -1
right_child=1 3 -4 -5 -6 -7 -8
leaf_value=-0.0044347741210585857 -0.071083894124454705 -0.011830526784974702 0.077863775643767147 0.01122996801837111 0.095525970260712717 0.010682039149971897 0.018984232407055268
leaf_weight=6607 116 44 44 531 116 81 462
leaf_count=6607 116 44 44 531 116 81 462
internal_value=-0.00091507 0.0140139 -0.0157202 0.0244227 0.0665391 -0.0380322 -0.00289187
internal_weight=8001 932 241 691 160 197 7069
internal_count=8001 932 241 691 160 197 7069
is_linear=0
shrinkage=0.02


Tree=591
num_leaves=8
num_cat=0
split_feature=54 22 13 58 20 13 54
split_gain=533.052 1207.37 1033.68 768.645 743.4 635.658 629.185
threshold=73.02500000000002 13612.950000000003 305.65000000000003 60.845000000000006 954904.40000000002 395.35000000000008 70.145000000000024
decision_type=2 2 2 2 8 2 2
left_child=1 -1 6 4 5 -4 -3
right_child=-2 2 3 -5 -6 -7 -8
leaf_value=-0.013188418097951094 -0.003226460385275849 0.044624146811981145 0.018100658933467725 -0.051542004725690614 0.046677732538001476 -0.070252744940419984 0.1388275748367111
leaf_weight=422 7012 89 97 54 246 43 43
leaf_count=422 7012 89 97 54 246 43 43
internal_value=-0.00128122 0.0123886 0.0312091 0.0160658 0.026062 -0.0105232 0.0792583
internal_weight=8006 994 572 440 386 140 132
internal_count=8006 994 572 440 386 140 132
is_linear=0
shrinkage=0.02


Tree=592
num_leaves=8
num_cat=0
split_feature=16 41 17 47 14 10 41
split_gain=956.919 1412.17 1101.55 1041.51 879.861 847.968 1117.9
threshold=0.72145000000000015 32.085000000000008 4801.3000000000011 7.5000000000000009 15.835000000000003 14569.450000000003 68.705000000000013
decision_type=2 2 2 2 2 2 2
left_child=5 -2 -3 4 -4 6 -1
right_child=1 2 3 -5 -6 -7 -8
leaf_value=-0.02446517393184694 0.096571717181902259 0.059584339979816887 -0.026115539979351607 -0.041357630383626026 0.053786471349054149 0.00036977632295996323 0.021398093331634078
leaf_weight=1224 84 131 87 180 135 5861 253
leaf_count=1224 84 131 87 180 135 5861 253
internal_value=-0.00103055 0.0227889 0.0103713 -0.0062007 0.022588 -0.00304751 -0.0165634
internal_weight=7955 617 533 402 222 7338 1477
internal_count=7955 617 533 402 222 7338 1477
is_linear=0
shrinkage=0.02


Tree=593
num_leaves=8
num_cat=1
split_feature=62 41 3 56 56 21 56
split_gain=692.63 847.679 1374.82 1320.33 886.308 1008.57 839.181
threshold=1.0000000180025095e-35 32.655000000000008 0 35.035000000000004 37.885000000000012 274573.40000000008 24.655000000000005
decision_type=2 2 1 2 2 10 2
left_child=-1 2 3 -2 -5 -6 -3
right_child=1 6 -4 4 5 -7 -8
leaf_value=0.0026367621006335774 0.087110241183212825 -0.085415177327394481 -0.067044950152793131 -0.10098115568815005 0.04211973859843883 -0.073447016114773958 -0.0024200054519419815
leaf_weight=5605 51 45 229 40 83 41 1939
leaf_count=5605 51 45 229 40 83 41 1939
internal_value=-0.00122916 -0.0101407 -0.0349598 0.00287824 -0.0249478 0.00254244 -0.00451244
internal_weight=8033 2428 444 215 164 124 1984
internal_count=8033 2428 444 215 164 124 1984
cat_boundaries=0 1
cat_threshold=5
is_linear=0
shrinkage=0.02


Tree=594
num_leaves=8
num_cat=0
split_feature=56 51 56 17 38 42 66
split_gain=487.209 983.362 1284.42 1007.85 794.501 896.443 751.945
threshold=38.715000000000011 35.725000000000001 39.845000000000006 5361.5000000000009 13910.900000000003 19.215000000000003 0.43750000000000006
decision_type=2 2 2 2 8 2 2
left_child=-1 -2 3 -3 6 -6 -4
right_child=1 2 4 -5 5 -7 -8
leaf_value=0.0050208022195311602 -0.011296895489889365 0.041788413740218959 0.051706753082774858 -0.066287762905870171 -0.076608034132945313 0.008628044090061758 0.0031595130053962152
leaf_weight=3716 2960 42 351 135 49 569 200
leaf_count=3716 2960 42 351 135 49 569 200
internal_value=-0.00028132 -0.00485747 0.00929292 -0.0401991 0.0169259 0.00130925 0.0342721
internal_weight=8022 4306 1346 177 1169 618 551
internal_count=8022 4306 1346 177 1169 618 551
is_linear=0
shrinkage=0.02


Tree=595
num_leaves=8
num_cat=0
split_feature=33 8 41 41 54 9 22
split_gain=535.245 476.197 995.202 1148.57 947.611 895.619 1603.52
threshold=6.5000000000000009 27.965000000000003 41.255000000000003 39.875000000000007 83.385000000000005 13.500000000000002 15920.550000000001
decision_type=2 2 2 2 2 2 2
left_child=1 4 3 5 -1 -3 -7
right_child=-2 2 -4 -5 -6 6 -8
leaf_value=0.014010611948733464 0.062898210258438031 -0.022830685977967845 0.00042795534395454534 -0.092416046015361603 -0.0046791865505561928 -0.034668435219858511 0.11576064941507799
leaf_weight=1802 47 934 2308 82 2712 56 49
leaf_count=1802 47 934 2308 82 2712 56 49
internal_value=-0.00106035 -0.00147814 -0.00709145 -0.0225061 0.00278907 -0.0165725 0.0376027
internal_weight=7990 7943 3429 1121 4514 1039 105
internal_count=7990 7943 3429 1121 4514 1039 105
is_linear=0
shrinkage=0.02


Tree=596
num_leaves=8
num_cat=0
split_feature=16 42 17 55 10 14 42
split_gain=668.16 681.086 726.278 598.099 784.71 1489.2 851.656
threshold=0.72825000000000006 36.265000000000008 3784.5500000000006 48.605000000000011 18677.550000000007 22.375000000000004 39.915000000000006
decision_type=2 2 2 2 2 2 2
left_child=3 -2 -3 -1 5 6 -5
right_child=1 2 -4 4 -6 -7 -8
leaf_value=0.0043678478317024302 0.066417551799474853 0.058596270414862303 -0.0024511062110895696 -0.041159612378276929 -0.000375729440433963 -0.061774872883883392 0.014477125876816677
leaf_weight=4871 110 96 340 158 1819 270 334
leaf_count=4871 110 96 340 158 1819 270 334
internal_value=0.00181601 0.0230683 0.0115025 0.000244459 -0.00753082 -0.0244972 -0.00362429
internal_weight=7998 546 436 7452 2581 762 492
internal_count=7998 546 436 7452 2581 762 492
is_linear=0
shrinkage=0.02


Tree=597
num_leaves=8
num_cat=0
split_feature=55 64 33 21 23 9 21
split_gain=786.824 1062.24 1492.9 1132.62 1027.32 1138.17 1044.93
threshold=54.735000000000007 2.5000000000000004 3.5000000000000004 217840.55000000002 11.050000000000002 4.5000000000000009 278413.60000000003
decision_type=2 2 2 8 2 2 8
left_child=1 2 3 -1 -5 -6 -7
right_child=-2 -3 -4 4 5 6 -8
leaf_value=0.058097138959936227 -0.014210694835225801 -0.0020093240929222171 0.064374575345097357 -0.011449016888409099 -0.00017491355881712954 -0.032988964828117841 0.065745423898721733
leaf_weight=166 1240 4730 217 824 429 48 259
leaf_count=166 1240 4730 217 824 429 48 259
internal_value=0.000386528 0.00310764 0.0155375 0.00922925 0.00386021 0.0209615 0.0500268
internal_weight=7913 6673 1943 1726 1560 736 307
internal_count=7913 6673 1943 1726 1560 736 307
is_linear=0
shrinkage=0.02


Tree=598
num_leaves=8
num_cat=0
split_feature=47 23 13 20 23 20 40
split_gain=655.77 1218.62 685.794 1074.77 677.513 687.13 731.63
threshold=1.5000000000000002 6.3500000000000005 353.35000000000008 546814.65000000014 23.250000000000004 639024.50000000012 42.155000000000008
decision_type=2 2 2 10 2 8 2
left_child=1 -1 3 -3 -2 -6 -7
right_child=4 2 -4 -5 5 6 -8
leaf_value=0.045647196635819863 -0.0011822869008129933 0.040461636840858885 -0.083047060843917622 -0.074345550086526643 -0.027556998178191568 0.074357106168791071 0.015263546560642145
leaf_weight=64 7193 63 119 58 82 122 257
leaf_count=64 7193 63 119 58 82 122 257
internal_value=-0.000822016 -0.0293869 -0.0499192 -0.0153363 0.000330962 0.0237016 0.0350063
internal_weight=7958 304 240 121 7654 461 379
internal_count=7958 304 240 121 7654 461 379
is_linear=0
shrinkage=0.02


Tree=599
num_leaves=8
num_cat=0
split_feature=9 40 55 44 0 17 21
split_gain=851.888 691.303 758.799 854.224 1430.23 917.102 834.159
threshold=1.5000000000000002 87.625000000000014 35.525000000000013 1.0000000180025095e-35 43.500000000000007 110109.50000000001 367739.50000000006
decision_type=2 2 2 2 2 2 8
left_child=1 2 -1 4 6 -5 -4
right_child=-2 -3 3 5 -6 -7 -8
leaf_value=0.016020777657842981 0.0042815790924078216 0.038408665918988422 0.021045420822772113 -0.01363827540586283 -0.12013266519655157 0.070460601934680234 -0.046911255275934101
leaf_weight=307 5749 106 105 1360 74 49 211
leaf_count=307 5749 106 105 1360 74 49 211
internal_value=0.000223244 -0.0103103 -0.0128476 -0.0178047 -0.0438185 -0.0104748 -0.0243546
internal_weight=7961 2212 2106 1799 390 1409 316
internal_count=7961 2212 2106 1799 390 1409 316
is_linear=0
shrinkage=0.02


Tree=600
num_leaves=8
num_cat=0
split_feature=16 10 32 23 33 10 23
split_gain=735.532 750.777 733.451 995.857 901.667 1300.72 760.681
threshold=0.32955000000000007 14237.750000000002 1.0000000180025095e-35 23.250000000000004 1.5000000000000002 32490.950000000004 25.450000000000003
decision_type=2 2 2 2 2 2 2
left_child=1 -1 3 -2 5 -4 -5
right_child=2 -3 4 6 -6 -7 -8
leaf_value=-0.045624188943946542 0.003810278454225794 -0.0075095147963059753 -0.10841042381298693 0.087063013670763162 -0.0046780058525120643 0.028607011141876384 0.016859963140125538
leaf_weight=253 4035 1055 74 96 2306 40 167
leaf_count=253 4035 1055 74 96 2306 40 167
internal_value=-0.00133636 -0.0150275 0.00133851 0.00629486 -0.00745896 -0.0611522 0.0436316
internal_weight=8026 1308 6718 4298 2420 114 263
internal_count=8026 1308 6718 4298 2420 114 263
is_linear=0
shrinkage=0.02


Tree=601
num_leaves=8
num_cat=0
split_feature=12 58 49 40 16 16 23
split_gain=735.744 764.129 978.746 969.704 751.49 1033.65 742.996
threshold=77.385000000000005 31.265000000000004 9.5000000000000018 47.630000000000003 0.63545000000000007 0.48465000000000008 4.3500000000000005
decision_type=2 2 2 2 2 2 2
left_child=1 -1 3 4 5 -3 -2
right_child=6 2 -4 -5 -6 -7 -8
leaf_value=-0.011990788178703134 0.085901148315038423 -0.02953421728998205 0.0051810433185989048 0.0012947987669553512 0.025680018908447688 -0.12024586274007032 0.013021364664988275
leaf_weight=2163 57 132 4622 307 40 81 610
leaf_count=2163 57 132 4622 307 40 81 610
internal_value=-0.000189233 -0.00202056 0.00214863 -0.022704 -0.0512858 -0.0659969 0.0198423
internal_weight=8012 7345 5182 560 253 213 667
internal_count=8012 7345 5182 560 253 213 667
is_linear=0
shrinkage=0.02


Tree=602
num_leaves=8
num_cat=0
split_feature=44 50 40 33 21 54 67
split_gain=965.072 1183.23 1035.18 1135.9 1109.53 934.158 1042.51
threshold=1.0000000180025095e-35 1.0000000180025095e-35 46.475000000000001 1.5000000000000002 153827.80000000002 97.25500000000001 13.512350717862294
decision_type=2 2 2 2 10 2 2
left_child=1 -1 5 -4 -5 6 -3
right_child=-2 2 3 4 -6 -7 -8
leaf_value=0.011003178884925427 0.0037529849210421354 -0.070991619478840876 -0.061259886798186176 -0.029475082614769541 0.034997926698324799 0.013541362353778902 0.0070200230486013671
leaf_weight=525 6358 366 112 175 258 89 83
leaf_count=525 6358 366 112 175 258 89 83
internal_value=0.000250435 -0.0135673 -0.025474 -0.00594267 0.00890169 -0.0450225 -0.0566523
internal_weight=7966 1608 1083 545 433 538 449
internal_count=7966 1608 1083 545 433 538 449
is_linear=0
shrinkage=0.02


Tree=603
num_leaves=8
num_cat=1
split_feature=5 42 15 24 42 44 42
split_gain=646.713 724.451 606.26 885.791 1609.02 998.358 790.841
threshold=0 12.335000000000003 1.5000000000000002 1.5000000000000002 45.07500000000001 1.0000000180025095e-35 47.025000000000013
decision_type=1 2 2 2 2 2 2
left_child=1 -1 6 4 -4 -6 -2
right_child=2 -3 3 -5 5 -7 -8
leaf_value=-0.055441688021024067 0.0090960296340271817 0.015741003754018441 -0.072469514963671197 -0.00050059779080343834 -0.063636835298604436 0.012918209761142519 -0.0065087452534217166
leaf_weight=55 2367 1292 237 805 85 276 2867
leaf_count=55 2367 1292 237 805 85 276 2867
internal_value=-8.53155e-06 0.0125474 -0.00257934 -0.0142332 -0.0325621 -0.00573032 0.000550232
internal_weight=7984 1347 6637 1403 598 361 5234
internal_count=7984 1347 6637 1403 598 361 5234
cat_boundaries=0 1
cat_threshold=1
is_linear=0
shrinkage=0.02


Tree=604
num_leaves=8
num_cat=0
split_feature=48 15 19 17 40 55 34
split_gain=540.883 618.148 591.136 522.705 1348.02 519.16 883.532
threshold=17.500000000000004 1.5000000000000002 1.0000000180025095e-35 895.00000000000011 49.705000000000005 53.675000000000004 2.5000000000000004
decision_type=2 2 2 2 2 2 2
left_child=3 2 -2 4 -1 -5 -7
right_child=1 -3 -4 5 -6 6 -8
leaf_value=-0.10131241070501731 0.0097289651265693097 -0.067291746090401658 -0.03985449245724923 0.0047031373901238998 0.028911146844426791 -0.017765511820750566 0.020299487991387366
leaf_weight=61 247 86 151 5997 58 1047 313
leaf_count=61 247 86 151 5997 58 1047 313
internal_value=0.000155654 -0.0202232 -0.00934392 0.00148763 -0.0392356 0.00217253 -0.0089627
internal_weight=7960 484 398 7476 119 7357 1360
internal_count=7960 484 398 7476 119 7357 1360
is_linear=0
shrinkage=0.02


Tree=605
num_leaves=8
num_cat=1
split_feature=45 54 18 40 52 68 7
split_gain=618.883 817.171 1109.44 1273.9 762.193 1330.97 1043.69
threshold=1.0000000180025095e-35 79.215000000000018 179776.00000000003 30.690000000000001 66.070000000000007 1665985.6500000001 0
decision_type=2 2 2 2 2 2 1
left_child=4 2 3 -2 -1 6 -6
right_child=1 -3 -4 -5 5 -7 -8
leaf_value=0.0033831117496693954 -0.055060627498950056 -0.0083628936340415169 0.036846943083975243 0.0088588932993834742 0.036376244838175587 0.1216007348949259 -0.017943551675097584
leaf_weight=2772 148 3338 420 670 408 50 204
leaf_count=2772 148 3338 420 670 408 50 204
internal_value=0.00159685 -0.00321801 0.0106319 -0.00297026 0.00800827 0.0272047 0.0185697
internal_weight=8010 4576 1238 818 3434 662 612
internal_count=8010 4576 1238 818 3434 662 612
cat_boundaries=0 1
cat_threshold=42
is_linear=0
shrinkage=0.02


Tree=606
num_leaves=8
num_cat=0
split_feature=32 48 22 57 57 56 0
split_gain=510.878 665.437 607.601 1103.96 800.795 788.803 665.116
threshold=1.0000000180025095e-35 17.500000000000004 11385.650000000001 17.655000000000005 22.475000000000005 42.57500000000001 21.500000000000004
decision_type=2 2 2 2 2 2 2
left_child=1 2 3 5 -5 -1 -4
right_child=-2 -3 6 4 -6 -7 -8
leaf_value=0.084760486426968845 -0.0052583757762968142 -0.02334408518000216 -0.020228660308225274 -0.04352594072570895 0.015803205540415692 0.0068857040545519665 0.0061207490717299978
leaf_weight=149 2844 300 432 96 929 80 3111
leaf_count=149 2844 300 432 96 929 80 3111
internal_value=0.00152703 0.00531455 0.00712928 0.0190647 0.0100622 0.0582838 0.00288397
internal_weight=7941 5097 4797 1254 1025 229 3543
internal_count=7941 5097 4797 1254 1025 229 3543
is_linear=0
shrinkage=0.02


Tree=607
num_leaves=8
num_cat=0
split_feature=52 64 64 51 58 0 52
split_gain=580.07 491.36 518.987 1273.83 2223.26 1051.02 1039.22
threshold=1.0000000180025095e-35 1.0000000180025095e-35 2.5000000000000004 12.555000000000001 56.015000000000008 37.500000000000007 82.050000000000011
decision_type=2 2 2 2 2 2 2
left_child=-1 -2 3 4 5 -3 -5
right_child=1 2 -4 6 -6 -7 -8
leaf_value=-0.051977769238762114 -0.057339578229084351 -0.059853212777451564 -0.0016470977145174375 0.014631016018968495 0.086998201218778132 -0.0016406388058660022 0.084259660293675639
leaf_weight=78 52 248 5625 1591 68 244 86
leaf_count=78 52 248 5625 1591 68 244 86
internal_value=0.000620551 0.00117145 0.00159464 0.00973159 -0.0162841 -0.0312905 0.0184416
internal_weight=7992 7914 7862 2237 560 492 1677
internal_count=7992 7914 7862 2237 560 492 1677
is_linear=0
shrinkage=0.02


Tree=608
num_leaves=8
num_cat=0
split_feature=9 42 42 43 53 38 52
split_gain=506.898 1005.29 773.498 920.66 1076.67 886.04 1106.99
threshold=4.5000000000000009 2.3100000000000005 50.725000000000001 1.0000000180025095e-35 45.475000000000001 5618.8000000000011 39.335000000000008
decision_type=2 2 2 2 2 8 2
left_child=1 -1 3 4 -2 6 -6
right_child=2 -3 -4 -5 5 -7 -8
leaf_value=-0.084453369705907763 0.04177324501214591 -0.0033614325920111473 -0.0048132463714639969 0.022963831644155164 0.078917915278580039 -0.044684128214734317 -0.034178395466879008
leaf_weight=57 126 4536 1537 1357 59 269 71
leaf_count=57 126 4536 1537 1357 59 269 71
internal_value=-0.000120198 -0.00445854 0.00570583 0.0142866 -0.00814711 -0.0242333 0.0181718
internal_weight=8012 4593 3419 1882 525 399 130
internal_count=8012 4593 3419 1882 525 399 130
is_linear=0
shrinkage=0.02


Tree=609
num_leaves=8
num_cat=0
split_feature=45 64 64 16 23 41 9
split_gain=689.435 878.077 1190.76 1191.67 1047.74 1113.48 1372.91
threshold=1.0000000180025095e-35 2.5000000000000004 1.5000000000000002 0.30060000000000003 4.3500000000000005 30.580000000000002 10.500000000000002
decision_type=2 2 2 2 2 2 2
left_child=1 2 -1 -4 -5 -6 -7
right_child=-2 -3 3 4 5 6 -8
leaf_value=-0.0081344467000696464 -0.0039139993064621339 -0.0018777517016467014 -0.020705967034487162 0.099576993017774257 -0.014880574053501364 0.029509231309406459 0.10714513717410722
leaf_weight=489 4590 1799 165 92 177 675 102
leaf_count=489 4590 1799 165 92 177 675 102
internal_value=0.00118245 0.00786405 0.0181484 0.0287512 0.0366142 0.0300548 0.0403207
internal_weight=8089 3499 1700 1211 1046 954 777
internal_count=8089 3499 1700 1211 1046 954 777
is_linear=0
shrinkage=0.02


Tree=610
num_leaves=8
num_cat=1
split_feature=64 41 41 3 25 56 64
split_gain=524.314 1010.19 653.247 1541.52 790.783 1007.98 518.953
threshold=4.5000000000000009 41.965000000000011 20.030000000000005 0 1.0000000180025095e-35 40.775000000000013 2.5000000000000004
decision_type=2 2 2 1 2 2 2
left_child=2 -2 3 4 -1 -6 -4
right_child=1 -3 6 -5 5 -7 -8
leaf_value=0.044147193968847941 0.054357899326926626 3.7864606386871748e-05 0.0072323369229871336 -0.059917006642232096 0.021962057970909041 -0.10101806481679282 -0.0046045080900311572
leaf_weight=130 190 460 2149 231 62 40 4741
leaf_count=130 190 460 2149 231 62 40 4741
internal_value=-0.000937964 0.0162098 -0.0024638 -0.0253292 0.0116823 -0.0287323 -0.000910013
internal_weight=8003 650 7353 463 232 102 6890
internal_count=8003 650 7353 463 232 102 6890
cat_boundaries=0 1
cat_threshold=5
is_linear=0
shrinkage=0.02


Tree=611
num_leaves=8
num_cat=0
split_feature=9 15 55 36 22 52 52
split_gain=449.293 806.783 660.085 685.286 576.221 733.567 636.447
threshold=1.5000000000000002 6.5000000000000009 55.355000000000011 1.0000000180025095e-35 10900.950000000003 37.355000000000011 62.205000000000005
decision_type=2 2 2 2 2 2 2
left_child=2 -2 4 -4 5 -1 -7
right_child=1 -3 3 -5 -6 6 -8
leaf_value=-0.027320903614629063 0.0027586129466557504 -0.069779321575357073 -0.063873784387587035 -0.0056871662842777806 -0.010142022654298075 0.050784453358416144 -0.0055711221568859534
leaf_weight=115 5719 57 158 163 1476 214 125
leaf_count=115 5719 57 158 163 1476 214 125
internal_value=-0.000971636 0.00198304 -0.00854085 -0.0348677 -0.00408336 0.0155099 0.0302254
internal_weight=8027 5776 2251 321 1930 454 339
internal_count=8027 5776 2251 321 1930 454 339
is_linear=0
shrinkage=0.02


Tree=612
num_leaves=8
num_cat=1
split_feature=14 31 34 22 52 32 2
split_gain=636.37 1204.72 936.547 794.673 719.284 580.486 863.069
threshold=43.180000000000007 1.0000000180025095e-35 1.5000000000000002 18602.650000000005 43.645000000000003 1.0000000180025095e-35 0
decision_type=2 2 2 2 2 2 1
left_child=5 2 4 -3 -2 6 -1
right_child=1 3 -4 -5 -6 -7 -8
leaf_value=-0.011495716983068551 -0.15857369724740372 0.02331472768054272 6.4836874265562398e-05 -0.053390355520460703 -0.051307350063323973 -0.005874243163801268 0.0097747632146288899
leaf_weight=936 42 203 61 68 70 2743 3891
leaf_count=936 42 203 61 68 70 2743 3891
internal_value=9.48509e-05 -0.0230396 -0.0634648 0.00344916 -0.0965899 0.00146606 0.00563903
internal_weight=8014 444 173 271 112 7570 4827
internal_count=8014 444 173 271 112 7570 4827
cat_boundaries=0 1
cat_threshold=65
is_linear=0
shrinkage=0.02


Tree=613
num_leaves=8
num_cat=0
split_feature=21 20 46 21 30 8 0
split_gain=530.021 710.941 642.395 580.457 799.858 749.551 741.811
threshold=217840.55000000002 554948.35000000009 1.0000000180025095e-35 397184.00000000006 1.0000000180025095e-35 7.6850000000000014 49.500000000000007
decision_type=8 8 2 10 2 2 2
left_child=1 -1 -2 4 5 -4 -6
right_child=2 -3 3 -5 6 -7 -8
leaf_value=-0.029568660474692782 -0.049319039284148158 0.023034688504185618 0.037916228185439931 0.013790713310121971 0.00031316703819194911 -0.0083305104970858683 0.02988557262998074
leaf_weight=115 103 733 140 1014 1056 4317 495
leaf_count=115 103 733 140 1014 1056 4317 495
internal_value=0.000870655 0.0157695 -0.000912381 -0.000167756 -0.0025331 -0.00683698 0.00981687
internal_weight=7973 848 7125 7022 6008 4457 1551
internal_count=7973 848 7125 7022 6008 4457 1551
is_linear=0
shrinkage=0.02


Tree=614
num_leaves=8
num_cat=0
split_feature=64 34 17 14 10 68 68
split_gain=614.603 904.706 820.37 767.418 996.466 1041.25 1309.33
threshold=2.5000000000000004 2.5000000000000004 3229.8500000000008 42.570000000000007 52954.000000000007 1336377.9000000001 1508609.4000000001
decision_type=2 2 2 2 2 2 2
left_child=1 2 -1 4 5 -4 -7
right_child=-2 -3 3 -5 -6 6 -8
leaf_value=0.03157207039547049 -0.0016456014468648656 0.042779108574214353 0.001424671701892458 -0.056620186215428553 0.035732721422717675 -0.14535769300328361 -0.013343099277428907
leaf_weight=391 5686 298 1136 87 293 40 94
leaf_count=391 5686 298 1136 87 293 40 94
internal_value=0.00190564 0.0105236 0.00572108 -0.000481703 0.00281367 -0.00489138 -0.0565616
internal_weight=8025 2339 2041 1650 1563 1270 134
internal_count=8025 2339 2041 1650 1563 1270 134
is_linear=0
shrinkage=0.02


Tree=615
num_leaves=8
num_cat=0
split_feature=8 17 66 20 20 14 66
split_gain=484.707 937.3 945.619 982.667 943.175 829.152 1010.94
threshold=39.385000000000012 35017.80000000001 0.31250000000000006 630416.75000000012 1463285.6000000003 20.935000000000006 0.43750000000000006
decision_type=2 2 2 8 8 2 2
left_child=-1 5 4 -4 -3 6 -2
right_child=1 2 3 -5 -6 -7 -8
leaf_value=0.0029546045623781692 -0.046957505667719862 0.11948415812849998 -0.062965365600438764 0.017434699777208393 0.0080002601181759555 0.0020175023762859703 0.0064729039621862338
leaf_weight=6323 509 55 76 239 63 468 194
leaf_count=6323 509 55 76 239 63 468 194
internal_value=0.000462671 -0.00933924 0.0156779 -0.00264415 0.0627079 -0.0186172 -0.0322713
internal_weight=7927 1604 433 315 118 1171 703
internal_count=7927 1604 433 315 118 1171 703
is_linear=0
shrinkage=0.02


Tree=616
num_leaves=8
num_cat=1
split_feature=14 43 2 18 14 14 23
split_gain=712.518 963.585 862.334 776.191 633.234 575.098 638.911
threshold=34.32500000000001 1.0000000180025095e-35 0 200249.25000000003 41.290000000000013 43.180000000000007 15.15
decision_type=2 2 1 2 2 2 2
left_child=-1 2 3 -2 -4 6 -3
right_child=1 5 4 -5 -6 -7 -8
leaf_value=0.0032600893258603221 0.044121527604472181 -0.0019267419751798898 -0.12855279487283791 -0.063934215287367507 -0.040710566069294768 -0.022081976212496156 0.05671872884855781
leaf_weight=7019 60 280 63 40 77 339 96
leaf_count=7019 60 280 63 40 77 339 96
internal_value=0.0010519 -0.0151101 -0.0493428 -7.94817e-05 -0.0779346 -0.00335657 0.0135944
internal_weight=7974 955 240 100 140 715 376
internal_count=7974 955 240 100 140 715 376
cat_boundaries=0 1
cat_threshold=99
is_linear=0
shrinkage=0.02


Tree=617
num_leaves=8
num_cat=0
split_feature=9 41 48 15 9 58 55
split_gain=558.389 948.351 559.116 542.288 698.181 522.209 949.514
threshold=21.500000000000004 35.225000000000001 18.500000000000004 1.0000000180025095e-35 2.5000000000000004 33.525000000000013 64.680000000000021
decision_type=2 2 2 2 2 2 2
left_child=2 -2 5 -4 -5 -1 -7
right_child=1 -3 3 4 -6 6 -8
leaf_value=-0.0039846880593047704 0.10914889995868389 0.01020861025215529 -0.0060037401559443438 -0.10421823034521011 -0.0054315935224294662 0.0082682769263615792 -0.065971308315971061
leaf_weight=2608 47 157 278 56 55 4627 65
leaf_count=2608 47 157 278 56 55 4627 65
internal_value=0.00281286 0.0350696 0.00193481 -0.0212748 -0.0576139 0.00318531 0.00717068
internal_weight=7893 204 7689 389 111 7300 4692
internal_count=7893 204 7689 389 111 7300 4692
is_linear=0
shrinkage=0.02


Tree=618
num_leaves=8
num_cat=0
split_feature=8 41 33 54 52 9 28
split_gain=590.438 1285.13 859.954 732.762 1261.76 1006.65 1336.04
threshold=30.165000000000003 41.255000000000003 4.5000000000000009 76.845000000000013 50.265000000000008 4.5000000000000009 1.0000000180025095e-35
decision_type=2 2 2 2 2 2 2
left_child=-1 2 3 4 -2 -5 -7
right_child=1 -3 -4 5 -6 6 -8
leaf_value=0.0023620583715766772 0.050584291147463246 0.00019532272700490658 0.019432255796332291 -0.06397799379786609 -0.054139685814463816 -0.040874269660734742 0.053629959771432069
leaf_weight=4933 94 2076 133 404 81 211 78
leaf_count=4933 94 2076 133 404 81 211 78
internal_value=-0.00192648 -0.00879449 -0.027347 -0.034585 0.00195462 -0.0437601 -0.0148896
internal_weight=8010 3077 1001 868 175 693 289
internal_count=8010 3077 1001 868 175 693 289
is_linear=0
shrinkage=0.02


Tree=619
num_leaves=8
num_cat=0
split_feature=40 16 64 64 42 52 66
split_gain=659.85 575.329 760.573 1016.79 1535.05 1179.35 1014.34
threshold=8.9700000000000024 0.26805000000000007 1.5000000000000002 2.5000000000000004 79.600000000000009 65.310000000000016 0.18750000000000003
decision_type=2 2 2 2 2 2 2
left_child=-1 -2 -3 4 5 -4 -7
right_child=1 2 3 -5 -6 6 -8
leaf_value=-0.03714155492298106 -0.017847046118856659 -0.021755464943356274 0.0035114683468027165 -0.00013199950831767356 0.088248621927702747 -0.0031670136566929242 0.073870906602517147
leaf_weight=182 601 480 1177 5166 111 103 196
leaf_count=182 601 480 1177 5166 111 103 196
internal_value=-1.26344e-05 0.000873087 0.00243982 0.00417444 0.0181491 0.0125973 0.0477172
internal_weight=8016 7834 7233 6753 1587 1476 299
internal_count=8016 7834 7233 6753 1587 1476 299
is_linear=0
shrinkage=0.02


Tree=620
num_leaves=8
num_cat=0
split_feature=23 22 67 54 48 23 9
split_gain=620.407 1152.28 1325.65 712.681 762.152 644.364 1121.52
threshold=23.250000000000004 25520.500000000004 2.8791160539777048 88.675000000000026 2.5000000000000004 17.350000000000005 3.5000000000000004
decision_type=2 2 2 2 2 2 2
left_child=5 2 3 4 -2 -1 -7
right_child=1 -3 -4 -5 -6 6 -8
leaf_value=0.0016649025404378384 -0.10991480869742541 0.11398850326538087 0.052927618865333086 0.017236165051658949 -0.010312779944794006 -0.037565915393779466 0.0057970631980416923
leaf_weight=6542 47 45 177 115 78 473 474
leaf_count=6542 47 45 177 115 78 473 474
internal_value=0.000823211 0.0231886 0.0121555 -0.0183804 -0.0505502 -0.00057107 -0.0159451
internal_weight=7951 462 417 240 125 7489 947
internal_count=7951 462 417 240 125 7489 947
is_linear=0
shrinkage=0.02


Tree=621
num_leaves=8
num_cat=0
split_feature=45 38 41 8 41 54 67
split_gain=594.523 960.576 1053.51 868.027 986.288 820.979 778.607
threshold=1.0000000180025095e-35 16347.400000000003 24.235000000000003 16.445000000000004 41.255000000000003 82.955000000000013 22.3538148286347
decision_type=2 8 2 2 2 2 2
left_child=-1 3 -3 4 -2 -4 -7
right_child=1 2 5 -5 -6 6 -8
leaf_value=0.0055654690717185278 0.071919084614720838 -0.05772405457378614 0.0059158016712221231 -0.0022703864443878534 0.0087163986680097883 -0.015200765237429857 -0.075506044979328696
leaf_weight=3451 140 197 822 1679 315 1347 87
leaf_count=3451 140 197 822 1679 315 1347 87
internal_value=-0.000700912 -0.00541631 -0.0139406 0.00439186 0.0287337 -0.00999806 -0.0191091
internal_weight=8038 4587 2453 2134 455 2256 1434
internal_count=8038 4587 2453 2134 455 2256 1434
is_linear=0
shrinkage=0.02


Tree=622
num_leaves=8
num_cat=0
split_feature=8 48 47 45 52 67 17
split_gain=850.758 1180.98 1026.17 783.112 931.226 621.611 1213.45
threshold=8.5850000000000026 5.5000000000000009 3.5000000000000004 1.0000000180025095e-35 50.845000000000006 5.1085135181596932 1044.3000000000002
decision_type=2 2 2 2 2 2 2
left_child=1 2 -1 -4 -5 6 -2
right_child=5 -3 3 4 -6 -7 -8
leaf_value=0.14011083781719208 -0.064180426127032231 -0.014984624938999149 0.085556983702803305 0.059294519051909446 -0.055099292872315749 0.0071608015721516052 -0.0029134580302354082
leaf_weight=45 128 134 68 50 54 2856 4692
leaf_count=45 128 134 68 50 54 2856 4692
internal_value=0.00117595 0.0314008 0.0597367 0.0353446 9.48648e-05 -0.000225681 -0.00460529
internal_weight=8027 351 217 172 104 7676 4820
internal_count=8027 351 217 172 104 7676 4820
is_linear=0
shrinkage=0.02


Tree=623
num_leaves=8
num_cat=0
split_feature=8 17 56 8 8 41 22
split_gain=563.289 752.296 639.943 616.167 532.824 548.104 491.502
threshold=47.245000000000012 5035.1000000000013 37.245000000000012 46.295000000000009 48.230000000000011 58.32500000000001 5995.1000000000013
decision_type=2 2 2 2 2 2 2
left_child=3 2 -2 6 -3 -6 -1
right_child=1 4 -4 -5 5 -7 -8
leaf_value=-0.047666392525369743 -0.0077503665608744466 -0.071181747901439676 -0.096648743534699461 0.063750773432754704 -0.015741768011880902 0.021425949413392504 0.0010006946404670556
leaf_weight=79 57 45 73 57 480 231 7019
leaf_count=79 57 45 73 57 480 231 7019
internal_value=-0.000892244 -0.0158883 -0.0594009 0.000974504 -0.00806481 -0.00360088 0.000425863
internal_weight=8041 886 130 7155 756 711 7098
internal_count=8041 886 130 7155 756 711 7098
is_linear=0
shrinkage=0.02


Tree=624
num_leaves=8
num_cat=1
split_feature=15 5 8 16 64 40 24
split_gain=625.674 897.519 931.513 896.834 820.908 757.767 775.99
threshold=1.5000000000000002 0 28.755000000000006 0.77885000000000015 4.5000000000000009 87.625000000000014 1.5000000000000002
decision_type=2 1 2 2 2 2 2
left_child=-1 2 -2 4 5 6 -3
right_child=1 3 -4 -5 -6 -7 -8
leaf_value=0.0043645113323738391 0.045024803187165938 -0.04467491850660249 -0.035829416253144231 0.059654170323163273 0.058646172668355014 0.053292337317457972 -0.012286938648219984
leaf_weight=6291 205 503 74 55 47 46 722
leaf_count=6291 205 503 74 55 47 46 722
internal_value=0.00148754 -0.00944841 0.0225329 -0.0160524 -0.0195464 -0.0226564 -0.0257134
internal_weight=7943 1652 279 1373 1318 1271 1225
internal_count=7943 1652 279 1373 1318 1271 1225
cat_boundaries=0 1
cat_threshold=1
is_linear=0
shrinkage=0.02


Tree=625
num_leaves=8
num_cat=0
split_feature=8 16 9 41 48 56 8
split_gain=756.712 724.212 747.46 833.713 687.98 1051.58 1234.53
threshold=36.495000000000012 0.49695000000000006 10.500000000000002 39.180000000000007 4.5000000000000009 50.505000000000003 8.5850000000000026
decision_type=2 2 2 2 2 2 2
left_child=4 -2 -3 -4 5 6 -1
right_child=1 2 3 -5 -6 -7 -8
leaf_value=0.056615964139346033 -0.020826918718002334 -0.0033066307248461563 0.11827352698975138 0.0082037221544828173 -0.0023748474755048488 0.046937130639223654 0.0041692581843966675
leaf_weight=187 1031 817 40 73 2766 294 2783
leaf_count=187 1031 817 40 73 2766 294 2783
internal_value=0.00145262 -0.00932479 0.00346968 0.0505271 0.00496233 0.0111742 0.00756106
internal_weight=7991 1961 930 113 6030 3264 2970
internal_count=7991 1961 930 113 6030 3264 2970
is_linear=0
shrinkage=0.02


Tree=626
num_leaves=8
num_cat=1
split_feature=45 32 4 8 12 12 68
split_gain=794.099 901.789 1090.62 1126.52 893.218 793.659 799.865
threshold=1.0000000180025095e-35 1.0000000180025095e-35 0 16.720000000000002 19.995000000000001 83.555000000000021 399844.30000000005
decision_type=2 2 1 2 2 2 2
left_child=1 2 3 -1 -2 6 -4
right_child=4 -3 5 -5 -6 -7 -8
leaf_value=0.030901730908797335 -0.027204319227794673 -0.0053889536925365153 0.0036652070855987921 -0.012613440279588002 -0.00089486077661197767 0.08841649071941543 0.039039646407568844
leaf_weight=346 588 1221 429 734 3987 81 632
leaf_count=346 588 1221 429 734 3987 81 632
internal_value=0.00115626 0.00840519 0.0159802 0.00139285 -0.00430228 0.0294406 0.0248208
internal_weight=8018 3443 2222 1080 4575 1142 1061
internal_count=8018 3443 2222 1080 4575 1142 1061
cat_boundaries=0 1
cat_threshold=1
is_linear=0
shrinkage=0.02


Tree=627
num_leaves=8
num_cat=0
split_feature=16 42 50 51 42 0 44
split_gain=493.566 922.623 890.951 786.988 721.007 698.401 918.48
threshold=0.60625000000000007 43.845000000000006 3.5000000000000004 46.705000000000005 42.065000000000005 53.500000000000007 1.0000000180025095e-35
decision_type=2 2 2 2 2 2 2
left_child=2 3 5 -2 -4 -1 -7
right_child=1 -3 4 -5 -6 6 -8
leaf_value=-0.0079680025293391767 0.019564340767490355 -0.00086747638318856611 0.08137024548422131 0.083778497107665648 0.0052462321886066667 -0.020080525464502962 0.015188896028143705
leaf_weight=4092 628 1252 85 83 113 376 1313
leaf_count=4092 628 1252 85 83 113 376 1313
internal_value=0.000796788 0.00948492 -0.0020612 0.0275932 0.039125 -0.00350443 0.00730123
internal_weight=7942 1963 5979 711 198 5781 1689
internal_count=7942 1963 5979 711 198 5781 1689
is_linear=0
shrinkage=0.02


Tree=628
num_leaves=8
num_cat=1
split_feature=40 41 64 7 22 37 41
split_gain=644.281 752.031 565.003 454.866 1029.48 882.292 704.753
threshold=5.6100000000000003 26.915000000000003 1.0000000180025095e-35 0 10832.900000000003 0.9285500000000001 43.845000000000006
decision_type=2 2 2 1 2 2 2
left_child=1 -1 -2 4 -4 6 -6
right_child=2 -3 3 -5 5 -7 -8
leaf_value=-4.5481595922918881e-05 -0.065849506316276701 -0.10126229172403163 0.02599958768717385 0.0017432277253020055 -0.075487398141805009 0.05208461546517433 -0.020990246802680836
leaf_weight=63 47 50 168 7181 142 42 285
leaf_count=63 47 50 168 7181 142 42 285
internal_value=-0.000838073 -0.0472247 -0.000142036 0.000294817 -0.0157023 -0.0310883 -0.0397774
internal_weight=7978 113 7865 7818 637 469 427
internal_count=7978 113 7865 7818 637 469 427
cat_boundaries=0 1
cat_threshold=32
is_linear=0
shrinkage=0.02


Tree=629
num_leaves=8
num_cat=1
split_feature=51 52 17 51 16 2 10
split_gain=578.191 1459.15 803.645 782.44 777.525 837.335 1516.78
threshold=32.300000000000004 23.745000000000001 8327.3500000000004 7.9250000000000007 0.61585000000000012 0 14237.750000000002
decision_type=2 2 2 2 2 1 2
left_child=1 2 3 -1 5 -2 -7
right_child=4 -3 -4 -5 -6 6 -8
leaf_value=0.051693520513089272 0.018069964949524415 0.0016395742073006835 -0.05586506965859183 -0.027389963818223857 0.029497262044444784 -0.049825487874651242 0.0036499312657718385
leaf_weight=63 983 4399 285 185 587 252 1213
leaf_count=63 983 4399 285 185 587 252 1213
internal_value=0.00206567 -0.00216105 -0.0332524 -0.00667563 0.00892654 0.00394386 -0.00564833
internal_weight=7967 4932 533 248 3035 2448 1465
internal_count=7967 4932 533 248 3035 2448 1465
cat_boundaries=0 1
cat_threshold=38
is_linear=0
shrinkage=0.02


Tree=630
num_leaves=8
num_cat=0
split_feature=44 55 57 14 57 68 58
split_gain=614.676 1018.47 1149.25 973.383 966.781 901.616 1165.1
threshold=1.0000000180025095e-35 53.95000000000001 55.345000000000006 15.475000000000003 39.285000000000004 496978.35000000003 32.330000000000005
decision_type=2 2 2 2 2 2 2
left_child=1 2 5 -3 -5 -1 -7
right_child=-2 3 -4 4 -6 6 -8
leaf_value=0.0083212750232343445 0.0020423264126466457 -0.09193185409630783 0.057664097599685195 0.060814900398254393 -0.042298189533965573 0.023743538538209433 -0.04053914850655943
leaf_weight=573 6317 107 105 44 138 142 495
leaf_count=573 6317 107 105 44 138 142 495
internal_value=-0.000767098 -0.0118034 -0.00426252 -0.0454595 -0.0164102 -0.0098515 -0.0261359
internal_weight=7921 1604 1315 289 182 1210 637
internal_count=7921 1604 1315 289 182 1210 637
is_linear=0
shrinkage=0.02


Tree=631
num_leaves=8
num_cat=0
split_feature=30 9 22 58 14 33 33
split_gain=697.848 719.315 902.576 765.822 825.987 796.997 786.335
threshold=1.0000000180025095e-35 2.5000000000000004 7035.6000000000013 41.605000000000011 12.975000000000003 3.5000000000000004 2.5000000000000004
decision_type=2 2 2 2 2 2 2
left_child=-1 -2 -3 4 -4 -6 -5
right_child=1 2 3 6 5 -7 -8
leaf_value=-0.0033257994902090161 -0.0051862849880324234 -0.062416146076372206 -0.021568818027910785 0.088944991677999505 0.048423039257999456 -0.001324328589183626 0.027855578314377065
leaf_weight=5843 789 48 241 101 247 263 461
leaf_count=5843 789 48 241 101 247 263 461
internal_value=0.000259488 0.00998824 0.018772 0.0219656 0.00865312 0.0230052 0.0395218
internal_weight=7993 2150 1361 1313 751 510 562
internal_count=7993 2150 1361 1313 751 510 562
is_linear=0
shrinkage=0.02


Tree=632
num_leaves=8
num_cat=0
split_feature=8 40 9 54 58 54 67
split_gain=621.775 967.87 739.744 512.614 508.573 496.398 861.866
threshold=54.410000000000004 51.585000000000008 5.5000000000000009 96.52500000000002 30.895000000000003 73.02500000000002 15.7844756147105
decision_type=2 2 2 2 2 2 2
left_child=5 2 4 -3 -2 6 -1
right_child=1 3 -4 -5 -6 -7 -8
leaf_value=0.0064107063728114288 -0.012264023542404174 0.021030386402629889 -0.0060677507669985795 -0.053472671084933809 -0.091719507047238247 -0.00095520445963224109 0.059612369143093633
leaf_weight=801 45 203 114 40 126 6540 139
leaf_count=801 45 203 114 40 126 6540 139
internal_value=-0.000484596 -0.0213555 -0.0460363 0.00793569 -0.0717526 0.00100192 0.0145515
internal_weight=8008 528 285 243 171 7480 940
internal_count=8008 528 285 243 171 7480 940
is_linear=0
shrinkage=0.02


Tree=633
num_leaves=8
num_cat=0
split_feature=33 12 40 49 40 14 53
split_gain=443.622 410.082 650.805 1382.94 618.728 804.417 566.932
threshold=6.5000000000000009 68.085000000000022 28.205000000000002 35.500000000000007 53.315000000000005 12.975000000000003 69.095000000000013
decision_type=2 2 2 2 2 2 2
left_child=1 -1 3 6 5 -4 -3
right_child=-2 2 4 -5 -6 -7 -8
leaf_value=-0.003672134452667411 0.058695181231109464 0.043177569893331949 -0.0091287624906817109 -0.10223730686756353 -0.00087666451134451142 0.043626961220781184 -0.034637937315485694
leaf_weight=6680 44 82 158 58 534 411 61
leaf_count=6680 44 82 158 58 534 411 61
internal_value=-0.00130144 -0.00166861 0.00856967 -0.0241292 0.0146104 0.0290258 0.00993476
internal_weight=8028 7984 1304 201 1103 569 143
internal_count=8028 7984 1304 201 1103 569 143
is_linear=0
shrinkage=0.02


Tree=634
num_leaves=8
num_cat=0
split_feature=8 14 48 12 33 64 14
split_gain=605.647 937.648 1145.84 975.816 936.202 880.319 781.615
threshold=34.665000000000006 34.32500000000001 5.5000000000000009 78.595000000000013 2.5000000000000004 3.5000000000000004 12.785000000000002
decision_type=2 2 2 2 2 2 2
left_child=1 3 -3 -1 -4 6 -5
right_child=-2 2 4 5 -6 -7 -8
leaf_value=0.0033486855619562239 -0.0094503924400031972 0.0019763963220852054 -0.087476370964976513 0.001711570550715329 -0.012262811772249362 0.00026018312029344468 0.088317987887561317
leaf_weight=4741 2225 401 134 58 130 147 145
leaf_count=4741 2225 401 134 58 130 147 145
internal_value=-0.000600891 0.00282514 -0.0194213 0.00574724 -0.0513557 0.0377326 0.0642093
internal_weight=7981 5756 665 5091 264 350 203
internal_count=7981 5756 665 5091 264 350 203
is_linear=0
shrinkage=0.02


Tree=635
num_leaves=8
num_cat=1
split_feature=16 54 31 41 49 54 7
split_gain=505.369 1140.89 752.132 792.699 713.059 1152.37 1059.08
threshold=0.36255000000000004 61.605000000000011 1.0000000180025095e-35 72.595000000000013 20.500000000000004 93.75500000000001 0
decision_type=2 2 2 2 2 2 1
left_child=1 -1 3 4 -3 6 -6
right_child=-2 2 -4 -5 5 -7 -8
leaf_value=0.084329193171625044 0.0029870169607980092 -0.060738075448601853 -0.00097058029611433202 0.033202004990516565 -0.042559983305194803 -0.083397888264742245 0.029708003059923837
leaf_weight=46 6206 250 1060 73 121 78 186
leaf_count=46 6206 250 1060 73 121 78 186
internal_value=0.00027192 -0.00899956 -0.0116588 -0.0275418 -0.0347298 -0.0172792 0.000587022
internal_weight=8020 1814 1768 708 635 385 307
internal_count=8020 1814 1768 708 635 385 307
cat_boundaries=0 1
cat_threshold=36
is_linear=0
shrinkage=0.02


Tree=636
num_leaves=8
num_cat=0
split_feature=16 8 40 38 52 67 12
split_gain=746.531 572.515 965.496 777.35 732.045 931.367 599.893
threshold=0.77885000000000015 50.695000000000007 47.045000000000009 3699.9000000000001 25.970000000000002 2.7387721206089508 67.77500000000002
decision_type=2 2 2 10 2 2 2
left_child=1 6 4 -4 -3 -6 -1
right_child=-2 2 3 -5 5 -7 -8
leaf_value=-0.0021464785804396281 0.033668151961888854 -0.11245366167139124 -0.027286301618605329 0.031720912253713228 -0.065797480402295203 0.010437943112225302 0.013400326437274715
leaf_weight=5886 249 49 166 182 131 119 1189
leaf_count=5886 249 49 166 182 131 119 1189
internal_value=-6.94586e-05 -0.00117843 -0.0191117 0.00358599 -0.0451535 -0.0300163 0.000473882
internal_weight=7971 7722 647 348 299 250 7075
internal_count=7971 7722 647 348 299 250 7075
is_linear=0
shrinkage=0.02


Tree=637
num_leaves=8
num_cat=1
split_feature=2 8 41 68 42 42 42
split_gain=742.741 973.433 843.44 786.504 849.039 765.958 699.733
threshold=0 11.470000000000002 34.600000000000009 987784.30000000016 27.665000000000003 44.095000000000006 26.905000000000005
decision_type=1 2 2 2 2 2 2
left_child=1 5 3 4 -3 -1 -4
right_child=-2 2 6 -5 -6 -7 -8
leaf_value=-0.11489968260990516 0.0023269123483618502 -0.10432362358855164 0.064798622023170951 0.008598229300195926 -0.021579557738499715 -0.024769571298683013 -0.0030375660669920059
leaf_weight=57 6525 87 60 102 115 106 942
leaf_count=57 6525 87 60 102 115 106 942
internal_value=-0.000573468 -0.0133458 -0.00757588 -0.0364638 -0.0588759 -0.0587691 0.00132605
internal_weight=7994 1469 1306 304 202 163 1002
internal_count=7994 1469 1306 304 202 163 1002
cat_boundaries=0 1
cat_threshold=9
is_linear=0
shrinkage=0.02


Tree=638
num_leaves=8
num_cat=0
split_feature=32 54 23 33 10 42 34
split_gain=557.588 886.688 1123.71 776.144 1406.85 735.549 720.016
threshold=1.0000000180025095e-35 82.955000000000013 3.6500000000000008 1.5000000000000002 13461.950000000003 53.835000000000008 2.5000000000000004
decision_type=2 2 2 2 2 2 2
left_child=1 2 -1 4 -2 -6 -3
right_child=3 6 -4 -5 5 -7 -8
leaf_value=0.075129002709589582 -0.13699913874560712 -0.006804763205095106 0.0105604915825305 -0.0050084640916637172 -0.057037158036718563 0.054968761897749373 0.01922466684816148
leaf_weight=110 46 2712 1787 2776 44 40 499
leaf_count=110 46 2712 1787 2776 44 40 499
internal_value=-0.000308242 0.00367004 0.0144922 -0.00729534 -0.0541347 -0.00360929 -0.0027361
internal_weight=8014 5108 1897 2906 130 84 3211
internal_count=8014 5108 1897 2906 130 84 3211
is_linear=0
shrinkage=0.02


Tree=639
num_leaves=8
num_cat=1
split_feature=23 23 67 58 51 5 68
split_gain=663.75 806.212 1220.27 628.23 711.06 597.673 859.431
threshold=23.250000000000004 25.050000000000004 2.4870858492134853 32.165000000000006 26.405000000000005 0 1820341.55
decision_type=2 2 2 2 2 1 2
left_child=5 -2 3 -3 -5 -1 -7
right_child=1 2 -4 4 -6 6 -8
leaf_value=0.012287474257106853 0.062850043257610913 -0.073286590906725804 0.051063005208343892 -0.049686753437167309 0.042265231808026632 -0.0042477691878380899 0.030329384439939402
leaf_weight=1287 144 66 138 56 70 6011 297
leaf_count=1287 144 66 138 56 70 6011 297
internal_value=0.00138785 0.024222 0.00667959 -0.0257073 0.00106107 -5.22123e-05 -0.00259293
internal_weight=8069 474 330 192 126 7595 6308
internal_count=8069 474 330 192 126 7595 6308
cat_boundaries=0 1
cat_threshold=1
is_linear=0
shrinkage=0.02


Tree=640
num_leaves=8
num_cat=1
split_feature=64 46 3 12 21 58 51
split_gain=570.668 1465.06 1058.21 1136.81 1067.91 1053.59 1209.67
threshold=2.5000000000000004 1.5000000000000002 0 63.970000000000006 168101.35000000001 56.015000000000008 12.555000000000001
decision_type=2 2 1 2 10 2 2
left_child=1 -1 -3 5 -5 6 -4
right_child=-2 2 3 4 -6 -7 -8
leaf_value=-0.047566229718910578 -0.0031801211386794947 0.044436526197319227 -0.042723721858517381 -0.0014580199725788795 0.067119057272941304 0.037391683132761817 0.0029802870229265021
leaf_weight=167 5681 345 309 158 208 229 881
leaf_count=167 5681 345 309 158 208 229 881
internal_value=0.000221374 0.00862268 0.0131292 0.00668536 0.0378941 -0.00142209 -0.0090165
internal_weight=7978 2297 2130 1785 366 1419 1190
internal_count=7978 2297 2130 1785 366 1419 1190
cat_boundaries=0 1
cat_threshold=4
is_linear=0
shrinkage=0.02


Tree=641
num_leaves=8
num_cat=0
split_feature=16 32 54 20 23 48 31
split_gain=742.408 723.024 1168.03 797.428 1109.52 1352.67 859.398
threshold=0.39065000000000005 1.0000000180025095e-35 82.955000000000013 1189091.0000000002 18.750000000000004 13.500000000000002 1.0000000180025095e-35
decision_type=2 2 2 8 2 2 2
left_child=-1 2 3 -2 5 -5 -6
right_child=1 -3 -4 4 6 -7 -8
leaf_value=-0.0099196056067245904 0.0048936603497888535 -0.0058930813832079555 0.00057240532013238166 0.056700982200308316 0.048389679710567006 -0.033240569659641811 -0.056807591509388154
leaf_weight=2237 528 2046 2396 594 45 72 78
leaf_count=2237 528 2046 2396 594 45 72 78
internal_value=-0.000154353 0.00364413 0.00890035 0.0239918 0.036661 0.0468023 -0.017934
internal_weight=7996 5759 3713 1317 789 666 123
internal_count=7996 5759 3713 1317 789 666 123
is_linear=0
shrinkage=0.02


Tree=642
num_leaves=8
num_cat=1
split_feature=64 62 4 20 51 57 30
split_gain=914.01 534.865 1552.03 1424.26 831.101 750.104 921.835
threshold=1.0000000180025095e-35 1.0000000180025095e-35 0 1062797.5000000002 26.585000000000004 16.620000000000001 1.0000000180025095e-35
decision_type=2 2 1 10 2 2 2
left_child=-1 -2 4 5 -3 6 -4
right_child=1 2 3 -5 -6 -7 -8
leaf_value=-0.082489648141242836 0.0034710144595137223 -0.0043470593412707707 -0.070704211067894235 -0.04710362391857438 0.037470244183292929 0.00059641810941514625 0.021227745422811219
leaf_weight=49 5586 388 133 489 366 980 61
leaf_count=49 5586 388 133 489 366 980 61
internal_value=-0.000483158 7.01348e-05 -0.00778068 -0.0184969 0.0158557 -0.00658921 -0.0419907
internal_weight=8052 8003 2417 1663 754 1174 194
internal_count=8052 8003 2417 1663 754 1174 194
cat_boundaries=0 1
cat_threshold=6
is_linear=0
shrinkage=0.02


Tree=643
num_leaves=8
num_cat=2
split_feature=14 4 36 2 8 16 42
split_gain=638.677 649.557 716 536.496 815.581 1289.6 1039.32
threshold=46.365000000000009 0 1.0000000180025095e-35 1 25.365000000000006 0.39065000000000005 20.675000000000004
decision_type=2 1 2 1 2 2 2
left_child=3 2 -2 -1 6 -6 -5
right_child=1 -3 -4 4 5 -7 -8
leaf_value=0.0061188204827143091 -0.10515530795278684 0.0014581784187818571 -0.018035334315928783 -0.044037593930567567 -0.043712695932982999 -0.003735551556020665 0.010991322597138206
leaf_weight=4417 66 172 86 147 436 1208 1419
leaf_count=4417 66 172 86 147 436 1208 1419
internal_value=0.000431556 -0.0268528 -0.0545344 0.00160744 -0.00460484 -0.0144382 0.00570206
internal_weight=7951 324 152 7627 3210 1644 1566
internal_count=7951 324 152 7627 3210 1644 1566
cat_boundaries=0 1 2
cat_threshold=1 178
is_linear=0
shrinkage=0.02


Tree=644
num_leaves=8
num_cat=0
split_feature=42 54 44 41 42 56 23
split_gain=782.861 1179.66 598.434 1253.7 840.332 1081.2 1065.09
threshold=9.1200000000000028 82.785000000000011 1.0000000180025095e-35 15.475000000000003 31.800000000000001 32.305000000000007 13.950000000000001
decision_type=2 2 2 2 2 2 2
left_child=1 -1 3 -2 5 -4 -7
right_child=2 -3 4 -5 -6 6 -8
leaf_value=-0.085227194419763619 -0.093793075870383866 0.0049089180776020038 0.066914329735583145 -0.00471662796229016 0.0021496490146182367 -0.0029930839016935025 0.046265675947362306
leaf_weight=98 61 132 173 1511 5274 562 250
leaf_count=98 61 132 173 1511 5274 562 250
internal_value=0.00147691 -0.0344931 0.0025547 -0.00845958 0.00532558 0.0222338 0.0123631
internal_weight=8061 230 7831 1572 6259 985 812
internal_count=8061 230 7831 1572 6259 985 812
is_linear=0
shrinkage=0.02


Tree=645
num_leaves=8
num_cat=0
split_feature=16 0 13 55 16 55 12
split_gain=618.792 635.793 1288.73 1180.13 798.527 742.504 670.955
threshold=0.72825000000000006 22.500000000000004 301.95000000000005 54.735000000000007 0.53915000000000013 51.705000000000005 46.885000000000012
decision_type=2 2 2 2 2 2 2
left_child=1 2 4 5 -1 6 -4
right_child=-2 -3 3 -5 -6 -7 -8
leaf_value=-0.035912887681807788 0.020650406623239161 0.00061856677316005613 -0.063944837120642153 -0.1156951078923716 0.046243144243755599 0.048387631956411874 -0.0070147793820784623
leaf_weight=65 553 6822 161 64 144 44 168
leaf_count=65 553 6822 161 64 144 44 168
internal_value=0.000334144 -0.00118307 -0.0200677 -0.0394578 0.0204501 -0.0250196 -0.0354144
internal_weight=8021 7468 646 437 209 373 329
internal_count=8021 7468 646 437 209 373 329
is_linear=0
shrinkage=0.02


Tree=646
num_leaves=8
num_cat=1
split_feature=44 57 57 20 4 49 43
split_gain=570.414 1512.27 1063.38 988.043 1184.28 1027.43 1387.19
threshold=1.0000000180025095e-35 34.005000000000003 59.960000000000008 458857.90000000008 0 12.500000000000002 1.0000000180025095e-35
decision_type=2 2 2 8 1 2 2
left_child=1 3 -3 -1 -5 -6 -7
right_child=-2 2 -4 4 5 6 -8
leaf_value=-0.068514806845430598 0.0028196977179626164 -0.038140780465363511 0.024284242467524916 -0.010974157672397226 0.10210646153952199 -0.056863341487067585 0.046510607952784215
leaf_weight=54 6400 719 125 327 82 63 219
leaf_count=54 6400 719 125 327 82 63 219
internal_value=0.00015544 -0.0105506 -0.0288068 0.0101859 0.0167842 0.0407254 0.0228281
internal_weight=7989 1589 844 745 691 364 282
internal_count=7989 1589 844 745 691 364 282
cat_boundaries=0 1
cat_threshold=1
is_linear=0
shrinkage=0.02


Tree=647
num_leaves=8
num_cat=0
split_feature=23 51 14 13 56 56 57
split_gain=519.665 728.816 605.875 604.91 581.328 680.643 576.666
threshold=4.3500000000000005 17.855000000000004 17.285000000000004 330.75000000000006 42.675000000000004 32.045000000000009 18.775000000000002
decision_type=2 2 2 2 2 2 2
left_child=1 2 3 -1 5 -3 -6
right_child=-2 4 -4 -5 6 -7 -8
leaf_value=0.065821673768971647 -0.0021078503752051561 0.038305030312087082 0.082337833803892146 -0.01987537073592345 -0.02702213745944354 -0.0314591653736572 0.055587309861921855
leaf_weight=51 7337 69 95 76 44 228 112
leaf_count=51 7337 69 95 76 44 228 112
internal_value=-0.000559028 0.0161678 0.045418 0.0157281 0.00149392 -0.0148855 0.0321716
internal_weight=8012 675 222 127 453 297 156
internal_count=8012 675 222 127 453 297 156
is_linear=0
shrinkage=0.02


Tree=648
num_leaves=8
num_cat=0
split_feature=64 66 64 64 45 13 41
split_gain=730.132 554.537 726.898 502.438 689.218 725.272 1369.99
threshold=1.0000000180025095e-35 0.68750000000000011 3.5000000000000004 4.5000000000000009 1.0000000180025095e-35 414.05000000000007 36.815000000000005
decision_type=2 2 2 2 2 2 2
left_child=-1 3 -3 4 5 -2 -7
right_child=1 2 -4 -5 -6 6 -8
leaf_value=-0.070777182883377809 0.000726735506282519 0.085608010109680791 0.0081669162705137917 0.017103359996178766 -0.0082776664976678457 0.086347827826227463 0.0049766840561923965
leaf_weight=54 2902 62 180 557 3849 114 274
leaf_count=54 2902 62 180 557 3849 114 274
internal_value=-0.000680601 -0.000159501 0.0293385 -0.00110551 -0.00253718 0.00418103 0.0296791
internal_weight=7992 7938 242 7696 7139 3290 388
internal_count=7992 7938 242 7696 7139 3290 388
is_linear=0
shrinkage=0.02


Tree=649
num_leaves=8
num_cat=0
split_feature=50 29 42 9 49 10 21
split_gain=703.335 679.612 860.911 550.608 1001.4 527.235 486.537
threshold=3.5000000000000004 1.0000000180025095e-35 41.865000000000002 20.500000000000004 42.500000000000007 24119.100000000002 405000.60000000003
decision_type=2 2 2 2 2 2 10
left_child=3 2 -2 6 5 -5 -1
right_child=1 -3 -4 4 -6 -7 -8
leaf_value=-0.0042946313237394659 0.10733704973694305 -0.014802052948785865 0.018741856063679448 0.078774549249306478 -0.049373519042772908 0.015352367314873105 0.01128093751169321
leaf_weight=6614 66 87 122 98 51 113 908
leaf_count=6614 66 87 122 98 51 113 908
internal_value=-0.00028855 0.0308548 0.0518194 -0.00140791 0.0268181 0.0459507 -0.00240822
internal_weight=8059 275 188 7784 262 211 7522
internal_count=8059 275 188 7784 262 211 7522
is_linear=0
shrinkage=0.02


Tree=650
num_leaves=8
num_cat=0
split_feature=43 51 40 54 18 10 10
split_gain=973.586 978.957 825.372 1089.83 766.825 753.151 741.415
threshold=1.0000000180025095e-35 8.1750000000000025 68.375000000000014 89.645000000000024 116086.20000000003 14237.750000000002 27451.900000000005
decision_type=2 2 2 2 2 2 2
left_child=1 4 5 -4 -1 -3 -6
right_child=-2 2 3 -5 6 -7 -8
leaf_value=-0.065336937101977161 0.0037208637409559802 -0.03701601387702682 -0.0096272879575898182 0.078220681066781581 0.061352887178989166 -0.0033748029619630232 -0.041642112351846006
leaf_weight=216 5945 351 126 96 42 1060 64
leaf_count=216 5945 351 126 96 42 1060 64
internal_value=-0.000306489 -0.0125316 -0.00618605 0.0292472 -0.0441259 -0.0118445 9.26121e-05
internal_weight=7900 1955 1633 222 322 1411 106
internal_count=7900 1955 1633 222 322 1411 106
is_linear=0
shrinkage=0.02


Tree=651
num_leaves=8
num_cat=0
split_feature=23 42 12 51 64 49 10
split_gain=470.263 1369.26 731.103 551.772 762.544 627.521 534.875
threshold=22.550000000000004 29.995000000000001 22.435000000000006 31.925000000000004 2.5000000000000004 17.500000000000004 66270.400000000009
decision_type=2 2 2 2 2 2 2
left_child=6 -2 -3 5 -5 -4 -1
right_child=1 2 3 4 -6 -7 -8
leaf_value=-0.0048801455972666179 0.086405862541770198 -0.058637658416835672 -0.053385978364027462 0.10715575378768298 0.012038389653977702 0.015487438425873266 0.0086871404442570507
leaf_weight=6044 89 62 73 44 113 160 1434
leaf_count=6044 89 62 73 44 113 160 1434
internal_value=-0.000967509 0.0169522 0.00248087 0.0128164 0.04118 -0.00675916 -0.00227438
internal_weight=8019 541 452 390 157 233 7478
internal_count=8019 541 452 390 157 233 7478
is_linear=0
shrinkage=0.02


Tree=652
num_leaves=8
num_cat=0
split_feature=48 54 20 53 31 32 51
split_gain=490.691 608.615 561.879 594.532 430.077 402.899 738.89
threshold=19.500000000000004 97.25500000000001 753303.05000000016 56.585000000000008 1.0000000180025095e-35 1.0000000180025095e-35 11.505000000000001
decision_type=2 2 10 2 2 2 2
left_child=5 2 3 -2 -5 6 -1
right_child=1 -3 -4 4 -6 -7 -8
leaf_value=-0.011127416819554715 -0.011694436829823714 0.024379589450432032 0.0026005837394251037 -0.12811629575711708 -0.04547842401525249 -0.006493746442983968 0.0072749282837757875
leaf_weight=1126 73 77 92 49 64 2723 3820
leaf_count=1126 73 77 92 49 64 2723 3820
internal_value=-0.00139376 -0.0242141 -0.0378664 -0.0574265 -0.0852228 -0.000322315 0.00307847
internal_weight=8024 355 278 186 113 7669 4946
internal_count=8024 355 278 186 113 7669 4946
is_linear=0
shrinkage=0.02


Tree=653
num_leaves=8
num_cat=0
split_feature=41 16 41 21 16 38 38
split_gain=560.196 471.721 636.061 685.785 634.421 632.007 947.945
threshold=8.3950000000000014 0.36255000000000004 19.275000000000002 296874.70000000007 0.36865000000000009 2120.8500000000008 4817.4000000000005
decision_type=2 2 2 10 2 10 10
left_child=-1 2 -2 5 -3 -4 -7
right_child=1 4 3 -5 -6 6 -8
leaf_value=-0.040556731132873843 -0.062233572168541813 0.052027521706053188 0.001824801527682879 0.013038761533782703 0.0024349731751221403 -0.07123865775376946 -0.013736968591797332
leaf_weight=129 79 100 513 524 6029 149 463
leaf_count=129 79 100 513 524 6029 149 463
internal_value=-7.95979e-06 0.000683159 -0.00853117 -0.00577805 0.00328587 -0.0145614 -0.0282004
internal_weight=7986 7857 1728 1649 6129 1125 612
internal_count=7986 7857 1728 1649 6129 1125 612
is_linear=0
shrinkage=0.02


Tree=654
num_leaves=8
num_cat=1
split_feature=64 41 65 64 53 41 3
split_gain=556.526 1005.03 656.505 983.643 894.326 644.634 1166.44
threshold=4.5000000000000009 47.535000000000004 0.76388888888888895 3.5000000000000004 70.915000000000006 20.030000000000005 0
decision_type=2 2 2 2 2 2 1
left_child=2 -2 5 4 -4 6 -1
right_child=1 -3 3 -5 -6 -7 -8
leaf_value=0.0060299419953843561 0.048041615058743478 -0.0026468291801673579 0.072087844596819939 -0.0063692498168257221 -0.019908640425780725 -0.0018310076185816498 -0.059450963847169053
leaf_weight=218 254 394 173 254 53 6504 204
leaf_count=218 254 394 173 254 53 6504 204
internal_value=-0.000262914 0.0174375 -0.00182236 0.0206748 0.0505495 -0.0033953 -0.0272009
internal_weight=8054 648 7406 480 226 6926 422
internal_count=8054 648 7406 480 226 6926 422
cat_boundaries=0 1
cat_threshold=5
is_linear=0
shrinkage=0.02


Tree=655
num_leaves=8
num_cat=0
split_feature=16 60 21 21 49 68 42
split_gain=664.49 653.553 538.437 1048.25 741.676 901.206 1085.52
threshold=0.17090000000000002 1.0000000180025095e-35 388772.75000000006 380478.60000000003 9.5000000000000018 675107.10000000009 31.800000000000001
decision_type=2 2 10 10 2 2 2
left_child=1 -1 3 4 5 6 -2
right_child=2 -3 -4 -5 -6 -7 -8
leaf_value=-0.089343571685827697 0.064049543397829811 0.012058889614211189 0.013361024141155175 -0.068296234306468764 0.0016229736593435459 -0.04432432642092974 -0.016383545943784023
leaf_weight=60 80 40 1114 88 5986 323 314
leaf_count=60 80 40 1114 88 5986 323 314
internal_value=-0.000157619 -0.0501398 0.000505961 -0.00161107 -0.000685343 -0.0198345 0.000546015
internal_weight=8005 100 7905 6791 6703 717 394
internal_count=8005 100 7905 6791 6703 717 394
is_linear=0
shrinkage=0.02


Tree=656
num_leaves=8
num_cat=0
split_feature=16 20 12 45 41 53 48
split_gain=625.62 865.889 591.49 969.548 1585.01 907.092 906.425
threshold=0.26805000000000007 669932.35000000021 22.085000000000004 1.0000000180025095e-35 28.885000000000002 55.665000000000006 10.500000000000002
decision_type=2 8 2 2 2 2 2
left_child=1 -1 3 5 -5 -2 -6
right_child=2 -3 -4 4 6 -7 -8
leaf_value=0.025041646554843703 -0.019252622401035285 -0.032401847705005642 0.0027938516201917564 -0.11269445724785328 -0.030120008699766034 0.035993745627249961 0.032881235800169668
leaf_weight=129 232 493 6262 75 433 234 111
leaf_count=129 232 493 6262 75 433 234 111
internal_value=-0.00120714 -0.0203836 0.000429108 -0.013169 -0.0294774 0.00857672 -0.0170826
internal_weight=7969 622 7347 1085 619 466 544
internal_count=7969 622 7347 1085 619 466 544
is_linear=0
shrinkage=0.02


Tree=657
num_leaves=8
num_cat=0
split_feature=22 8 42 57 13 22 16
split_gain=640.081 606.795 784.227 1326 1123.1 664.93 516.285
threshold=5995.1000000000013 54.410000000000004 51.925000000000004 53.445000000000007 328.35000000000008 14665.550000000001 0.28545000000000004
decision_type=2 2 2 2 2 2 2
left_child=-1 6 3 4 5 -3 -2
right_child=1 2 -4 -5 -6 -7 -8
leaf_value=-0.050113345524844005 -0.01433716959389858 -0.055731357732141502 0.0066696444438660851 0.043751054678933095 -0.095876188455827974 0.05016675715861113 0.0034790102883795267
leaf_weight=97 715 44 233 54 146 41 6751
leaf_count=97 715 44 233 54 146 41 6751
internal_value=-0.0003292 0.000306628 -0.0205197 -0.0424799 -0.0631376 -0.00470184 0.00176435
internal_weight=8081 7984 518 285 231 85 7466
internal_count=8081 7984 518 285 231 85 7466
is_linear=0
shrinkage=0.02


Tree=658
num_leaves=8
num_cat=0
split_feature=0 55 15 68 49 23 52
split_gain=579.909 961.861 734.867 1060.86 986.863 674.717 689.568
threshold=56.500000000000007 52.875000000000007 1.0000000180025095e-35 537672.05000000016 35.500000000000007 4.3500000000000005 65.585000000000022
decision_type=2 2 2 2 2 2 2
left_child=5 -2 4 -4 -3 -1 -7
right_child=1 2 3 -5 -6 6 -8
leaf_value=0.019195720190149188 0.020086826930203073 -0.021100623288657517 0.0084613481433027313 -0.097104922290458251 0.080906307399272917 -0.0073296310032154267 0.0092860852578764454
leaf_weight=557 1209 123 67 81 49 4617 1270
leaf_count=557 1209 123 67 81 49 4617 1270
internal_value=0.000885167 0.0119372 -0.0186884 -0.0506 0.00942407 -0.00174443 -0.00374029
internal_weight=7973 1529 320 148 172 6444 5887
internal_count=7973 1529 320 148 172 6444 5887
is_linear=0
shrinkage=0.02


Tree=659
num_leaves=8
num_cat=0
split_feature=48 35 31 48 8 9 0
split_gain=532.291 771.046 794.697 708.404 674.053 474.043 445.131
threshold=18.500000000000004 1.0000000180025095e-35 1.0000000180025095e-35 24.500000000000004 21.815000000000001 3.5000000000000004 22.500000000000004
decision_type=2 2 2 2 2 2 2
left_child=6 2 4 -3 -2 -6 -1
right_child=1 3 -4 -5 5 -7 -8
leaf_value=-0.014189603322344027 -0.010439169327637143 -0.021631634657877305 -0.0094018660759079397 0.081443581460638251 -0.1460208539580399 -0.047469438301756033 0.0014323626255876231
leaf_weight=812 46 58 164 42 48 42 6814
leaf_count=812 46 58 164 42 48 42 6814
internal_value=-0.00142598 -0.023769 -0.0396442 0.0234767 -0.0744863 -0.104949 -0.000239238
internal_weight=8026 400 300 100 136 90 7626
internal_count=8026 400 300 100 136 90 7626
is_linear=0
shrinkage=0.02


Tree=660
num_leaves=8
num_cat=0
split_feature=50 17 10 12 12 12 14
split_gain=642.906 531.218 702.887 795.429 854.637 1299.38 804.202
threshold=3.5000000000000004 5100.5500000000002 14383.050000000001 50.635000000000012 38.20000000000001 43.755000000000003 11.785000000000002
decision_type=2 2 2 2 2 2 2
left_child=1 -1 3 4 6 -6 -3
right_child=-2 2 -4 -5 5 -7 -8
leaf_value=0.0070156678734083853 0.030016280342089502 0.037907263272768492 -0.0021556981856910777 0.0063788833689211793 -0.14198185432216395 -0.025412016784407427 -0.03692205072215303
leaf_weight=2088 261 72 5011 232 64 92 226
leaf_count=2088 261 72 5011 232 64 92 226
internal_value=-0.000559547 -0.00160324 -0.00476553 -0.0236759 -0.0389365 -0.0761597 -0.0185153
internal_weight=8046 7785 5697 686 454 156 298
internal_count=8046 7785 5697 686 454 156 298
is_linear=0
shrinkage=0.02


Tree=661
num_leaves=8
num_cat=1
split_feature=2 56 17 21 16 42 56
split_gain=596.501 593.581 835.682 785.696 732.309 698.139 923.034
threshold=0 34.365000000000002 3229.8500000000008 389926.65000000008 0.27935000000000004 28.025000000000002 27.365000000000006
decision_type=1 2 2 8 2 2 2
left_child=1 2 3 -1 -3 -4 -7
right_child=-2 4 5 -5 -6 6 -8
leaf_value=-0.12892409731756968 0.0037593857970624747 -0.043021870068484735 -0.062823428139090545 -0.025738937416691567 0.0025744243102175835 0.050370765989369681 -0.016824646032220402
leaf_weight=48 5617 150 91 74 1544 96 425
leaf_count=48 5617 150 91 74 1544 96 425
internal_value=0.000179839 -0.00807415 -0.0230643 -0.0698138 -0.00157776 -0.0132548 -0.00408204
internal_weight=8045 2428 734 122 1694 612 521
internal_count=8045 2428 734 122 1694 612 521
cat_boundaries=0 1
cat_threshold=13
is_linear=0
shrinkage=0.02


Tree=662
num_leaves=8
num_cat=1
split_feature=8 48 4 0 17 33 55
split_gain=659.968 608.259 1070.44 760.446 621.277 1098.26 784.073
threshold=30.165000000000003 1.0000000180025095e-35 0 55.500000000000007 37149.950000000004 2.5000000000000004 59.475000000000009
decision_type=2 2 1 2 2 2 2
left_child=-1 2 -2 -4 6 -6 -3
right_child=1 4 3 -5 5 -7 -8
leaf_value=0.0044951639748109428 0.022190640522925943 -0.0054051658503940711 -0.059096669716936709 0.022073096155368708 0.061721188373536483 -0.0012468323081396939 -0.055161429156604054
leaf_weight=4989 120 1878 291 52 143 440 131
leaf_count=4989 120 1878 291 52 143 440 131
internal_value=1.36851e-05 -0.00730023 -0.0282878 -0.0453476 -0.00350404 0.0145917 -0.00877849
internal_weight=8044 3055 463 343 2592 583 2009
internal_count=8044 3055 463 343 2592 583 2009
cat_boundaries=0 1
cat_threshold=2
is_linear=0
shrinkage=0.02


Tree=663
num_leaves=8
num_cat=0
split_feature=52 42 23 31 31 21 13
split_gain=524.955 619.995 1399.91 1100.72 1032.6 1749.87 978.445
threshold=2.8800000000000003 33.505000000000003 23.650000000000002 1.0000000180025095e-35 1.0000000180025095e-35 478624.60000000003 387.95000000000005
decision_type=2 2 2 2 2 10 2
left_child=-1 2 4 -4 -2 6 -6
right_child=1 -3 3 -5 5 -7 -8
leaf_value=-0.042087682848884943 -0.010721061336814995 -6.811646002589968e-05 0.15488180696964265 0.023477482190355659 0.016507221080741027 -0.079148410705419683 0.063753981032270077
leaf_weight=100 652 6147 43 59 714 60 230
leaf_count=100 652 6147 43 59 714 60 230
internal_value=0.00234221 0.00293051 0.0133859 0.0835223 0.00882751 0.0215126 0.0282939
internal_weight=8005 7905 1758 102 1656 1004 944
internal_count=8005 7905 1758 102 1656 1004 944
is_linear=0
shrinkage=0.02


Tree=664
num_leaves=8
num_cat=1
split_feature=8 2 33 47 12 55 23
split_gain=666.25 778.532 820.044 520.609 511.856 599.358 606.174
threshold=8.5850000000000026 0 2.5000000000000004 7.5000000000000009 78.595000000000013 57.695000000000007 4.2500000000000009
decision_type=2 1 2 2 2 2 2
left_child=1 2 -1 -3 -2 6 -6
right_child=4 3 -4 -5 5 -7 -8
leaf_value=0.095829694062293996 -0.0011133056903860634 0.026179655038598759 -7.1804281008445617e-05 -0.036222492084744269 0.075567097980177633 0.077607400340686999 0.0043283996131387075
leaf_weight=100 7068 129 54 84 48 56 493
leaf_count=100 7068 129 54 84 48 56 493
internal_value=0.00166261 0.0278015 0.0595141 0.00124681 0.000393773 0.0180974 0.0112831
internal_weight=8032 367 154 213 7665 597 541
internal_count=8032 367 154 213 7665 597 541
cat_boundaries=0 1
cat_threshold=148
is_linear=0
shrinkage=0.02


Tree=665
num_leaves=8
num_cat=0
split_feature=45 38 40 40 40 42 13
split_gain=686.068 660.212 920.546 566.662 604.774 846.788 2047.03
threshold=1.0000000180025095e-35 3085.9500000000003 13.320000000000002 13.320000000000002 40.725000000000001 50.485000000000007 328.35000000000008
decision_type=2 10 2 2 2 2 2
left_child=-1 3 -3 -2 5 -5 -7
right_child=1 2 -4 4 -6 6 -8
leaf_value=0.0079259944759083652 0.039179377227555962 -0.072009964653703032 0.0068710657593188812 -0.018082622523705866 -0.0062681406674820975 0.033629657916076805 -0.13749688967680318
leaf_weight=3496 83 56 1995 561 1735 41 73
leaf_count=3496 83 56 1995 561 1735 41 73
internal_value=0.00127124 -0.00385179 0.00454743 -0.0107571 -0.0125545 -0.0285479 -0.0771243
internal_weight=8040 4544 2051 2493 2410 675 114
internal_count=8040 4544 2051 2493 2410 675 114
is_linear=0
shrinkage=0.02


Tree=666
num_leaves=8
num_cat=0
split_feature=16 16 52 23 66 38 13
split_gain=483.374 1069.85 886.11 648.235 737.767 658.616 1142.69
threshold=0.50155000000000005 0.49145000000000005 39.335000000000008 3.0500000000000003 0.31250000000000006 14073.250000000002 429.10000000000008
decision_type=2 2 2 2 2 8 2
left_child=1 3 -3 4 -1 6 -5
right_child=-2 2 -4 5 -6 -7 -8
leaf_value=0.087177971946341665 0.0064322334587441736 -0.097909046515642889 -0.014774796909299391 0.0016429659310418065 -0.0018763905832366575 -0.010028360103601627 0.060294932908025282
leaf_weight=65 3769 78 140 1592 79 2138 140
leaf_count=65 3769 78 140 1592 79 2138 140
internal_value=0.00122747 -0.00341 -0.0460484 -0.0010399 0.0398983 -0.0026127 0.0065438
internal_weight=8001 4232 218 4014 144 3870 1732
internal_count=8001 4232 218 4014 144 3870 1732
is_linear=0
shrinkage=0.02


Tree=667
num_leaves=8
num_cat=1
split_feature=23 14 18 51 12 23 2
split_gain=664.577 752.574 700.898 637.066 841.309 600.034 818.012
threshold=23.250000000000004 26.425000000000004 256855.05000000002 7.9250000000000007 26.080000000000002 17.350000000000005 0
decision_type=2 2 2 2 2 2 1
left_child=5 3 -3 -2 -5 -1 -7
right_child=1 2 -4 4 -6 6 -8
leaf_value=0.0021764169486965653 -0.022028234145293632 -0.052386830834050969 0.042443003731966016 -0.017569646509664673 0.066344494640163565 0.00048301476517199064 -0.037170681254362167
leaf_weight=6539 55 79 45 57 242 578 373
leaf_count=6539 55 79 45 57 242 578 373
internal_value=0.00148055 0.0242189 -0.0176616 0.0389306 0.0503216 1.42329e-05 -0.0147864
internal_weight=7968 478 124 354 299 7490 951
internal_count=7968 478 124 354 299 7490 951
cat_boundaries=0 1
cat_threshold=150
is_linear=0
shrinkage=0.02


Tree=668
num_leaves=8
num_cat=0
split_feature=16 22 9 52 41 16 16
split_gain=626.763 679.606 642.573 850.786 657.286 765.131 598.202
threshold=0.78750000000000009 15804.550000000001 1.0000000180025095e-35 39.335000000000008 43.220000000000006 0.52155000000000007 0.50455000000000017
decision_type=2 2 2 2 2 2 2
left_child=2 -2 3 6 5 -5 -1
right_child=1 -3 -4 4 -6 -7 -8
leaf_value=-0.0015136146610197816 0.0018833007923129833 0.070378125552262111 0.0022097666032783719 -0.025929732930476537 -0.015505829004926936 0.055017432439238283 -0.065030314029848324
leaf_weight=87 127 102 6760 68 505 129 183
leaf_count=87 127 102 6760 68 505 129 183
internal_value=0.000996067 0.0332438 2.01127e-05 -0.0151417 -0.00343495 0.0271261 -0.0449635
internal_weight=7961 229 7732 972 702 197 270
internal_count=7961 229 7732 972 702 197 270
is_linear=0
shrinkage=0.02


Tree=669
num_leaves=8
num_cat=0
split_feature=67 42 51 20 9 67 10
split_gain=634.469 1016.7 910.402 720.158 925.032 737.638 719.022
threshold=4.6974434707168671 50.725000000000001 23.455000000000002 979483.30000000016 1.5000000000000002 11.054374228869358 20697.300000000007
decision_type=2 2 2 8 2 2 2
left_child=-1 2 3 5 -5 -2 -6
right_child=1 -3 -4 4 6 -7 -8
leaf_value=-0.0046704229233040066 0.014678005774815877 -0.0053762476777247338 0.030220710822383024 -0.031159548215323785 0.088488618618733167 -0.054571793923288391 0.01644169326450785
leaf_weight=4981 100 1431 953 117 69 148 234
leaf_count=4981 100 1431 953 117 69 148 234
internal_value=-0.000272159 0.0069019 0.0177241 -0.000196191 0.0157088 -0.0269103 0.0340186
internal_weight=8033 3052 1621 668 420 248 303
internal_count=8033 3052 1621 668 420 248 303
is_linear=0
shrinkage=0.02


Tree=670
num_leaves=8
num_cat=1
split_feature=44 33 32 38 38 2 31
split_gain=759.05 759.707 1047.67 1231.64 1533.56 1098.12 955.19
threshold=1.0000000180025095e-35 4.5000000000000009 1.0000000180025095e-35 2876.8500000000004 13769.950000000003 0 1.0000000180025095e-35
decision_type=2 2 2 8 8 1 2
left_child=1 2 5 -4 -5 -1 -7
right_child=-2 -3 3 4 -6 6 -8
leaf_value=-0.031845457050997339 0.0035147359724753751 0.029034460569873001 -0.11008128306200338 0.025999957824960864 -0.057548478470303421 -0.015997271823386353 0.032119288879811116
leaf_weight=373 6364 160 81 140 221 295 363
leaf_count=373 6364 160 81 140 221 295 363
internal_value=0.000392123 -0.0117507 -0.0162641 -0.0418411 -0.0252349 -0.00514992 0.010432
internal_weight=7997 1633 1473 442 361 1031 658
internal_count=7997 1633 1473 442 361 1031 658
cat_boundaries=0 1
cat_threshold=84
is_linear=0
shrinkage=0.02


Tree=671
num_leaves=8
num_cat=0
split_feature=43 47 57 12 34 57 48
split_gain=515.489 673.46 706.227 850.671 825.044 876.705 951.617
threshold=1.0000000180025095e-35 9.5000000000000018 33.395000000000003 63.630000000000003 2.5000000000000004 62.315000000000005 2.5000000000000004
decision_type=2 2 2 2 2 2 2
left_child=1 2 3 -1 5 6 -4
right_child=-2 -3 4 -5 -6 -7 -8
leaf_value=-0.0106192075349421 0.0029473082061507306 0.018070277313036578 -0.012169422759997602 0.040436807092817793 0.0085626426672193862 0.030631413890773222 -0.06316460566051324
leaf_weight=606 6065 310 240 161 212 67 382
leaf_count=606 6065 310 240 161 212 67 382
internal_value=5.51462e-05 -0.00879795 -0.0138305 0.000290381 -0.0257866 -0.0363411 -0.043742
internal_weight=8043 1978 1668 767 901 689 622
internal_count=8043 1978 1668 767 901 689 622
is_linear=0
shrinkage=0.02


Tree=672
num_leaves=8
num_cat=1
split_feature=55 7 17 12 65 38 17
split_gain=534.593 522.296 755.785 752.403 728.05 1209.49 809.051
threshold=25.525000000000002 0 27502.800000000007 67.38000000000001 0.29166666666666669 6027.7000000000007 5488.5000000000009
decision_type=2 1 2 2 2 10 2
left_child=-1 -2 3 4 5 6 -3
right_child=1 2 -4 -5 -6 -7 -8
leaf_value=-0.045420512712001808 0.0045535897006824064 -0.020012679433749687 -0.030710481801810109 0.028320242886389912 -0.00061716486251771937 0.05464125232150157 -0.093868770812629565
leaf_weight=95 5458 138 423 286 1454 46 104
leaf_count=95 5458 138 423 286 1454 46 104
internal_value=0.0005331 0.00111343 -0.00653291 -0.00145896 -0.00641514 -0.0351768 -0.0530102
internal_weight=8004 7909 2451 2028 1742 288 242
internal_count=8004 7909 2451 2028 1742 288 242
cat_boundaries=0 1
cat_threshold=7
is_linear=0
shrinkage=0.02


Tree=673
num_leaves=8
num_cat=0
split_feature=8 17 40 17 41 51 64
split_gain=661.101 1323.1 682.446 661.438 1081.81 642.179 716.404
threshold=54.410000000000004 23888.600000000002 59.725000000000001 5488.5000000000009 16.995000000000001 30.505000000000006 3.5000000000000004
decision_type=2 2 2 2 2 2 2
left_child=3 2 5 4 -1 6 -2
right_child=1 -3 -4 -5 -6 -7 -8
leaf_value=-0.053802629496791578 -0.12400660417581859 0.017428528413104549 0.00021297244907735467 -0.0026647229550217882 0.013194955334151661 -0.023112621518472831 -0.022513891914859415
leaf_weight=96 90 202 86 5263 2171 91 43
leaf_count=96 90 202 86 5263 2171 91 43
internal_value=-0.000274963 -0.0221528 -0.0478118 0.00122633 0.0102457 -0.065852 -0.0931978
internal_weight=8042 512 310 7530 2267 224 133
internal_count=8042 512 310 7530 2267 224 133
is_linear=0
shrinkage=0.02


Tree=674
num_leaves=8
num_cat=0
split_feature=49 57 49 14 14 42 47
split_gain=653.851 768.148 486.367 1119.1 972.948 1330.62 820.548
threshold=4.5000000000000009 30.125000000000004 32.500000000000007 11.405000000000003 10.315000000000003 47.765000000000008 2.5000000000000004
decision_type=2 2 2 2 2 2 2
left_child=1 -1 4 6 -2 -6 -4
right_child=2 -3 3 -5 5 -7 -8
leaf_value=-0.10182063895243186 -0.015598255839533148 -0.0016166246035381369 -0.054179665738982814 -0.011740205294180446 0.020906524701549332 -0.0016789602108964552 0.02644931173301945
leaf_weight=49 775 71 51 2286 1930 2263 538
leaf_count=49 775 71 51 2286 1930 2263 538
internal_value=0.000412843 -0.0449694 0.00113541 -0.00540587 0.0049225 0.00872945 0.0190706
internal_weight=7963 120 7843 2875 4968 4193 589
internal_count=7963 120 7843 2875 4968 4193 589
is_linear=0
shrinkage=0.02


Tree=675
num_leaves=8
num_cat=0
split_feature=40 64 42 16 56 51 60
split_gain=565.995 627.358 1173.91 609.492 760.137 1249.9 868.612
threshold=84.560000000000016 4.5000000000000009 30.335000000000004 0.50155000000000005 41.82500000000001 34.225000000000001 1.0000000180025095e-35
decision_type=2 2 2 2 2 2 2
left_child=1 3 -3 -1 -5 -6 -7
right_child=-2 2 -4 4 5 6 -8
leaf_value=-0.0083308227393212916 0.025088333755742473 0.084276836647287662 0.0063967334451898927 0.011034818985252957 -0.021431976683284334 8.9689128252924704e-06 0.06468891808015155
leaf_weight=3778 337 87 495 2020 893 240 122
leaf_count=3778 337 87 495 2020 893 240 122
internal_value=-8.35117e-05 -0.00121026 0.0186573 -0.00286175 0.00345039 -0.00875256 0.0223915
internal_weight=7972 7635 582 7053 3275 1255 362
internal_count=7972 7635 582 7053 3275 1255 362
is_linear=0
shrinkage=0.02


Tree=676
num_leaves=8
num_cat=0
split_feature=14 65 68 18 52 55 13
split_gain=675.64 753.046 652.277 1403.24 991.344 1006.19 727.614
threshold=34.32500000000001 0.61250000000000016 1041138.9000000001 300287.35000000003 72.115000000000023 34.305000000000007 345.15000000000003
decision_type=2 2 2 2 2 2 2
left_child=2 -2 -1 4 5 -4 -5
right_child=1 -3 3 6 -6 -7 -8
leaf_value=0.005014879891807743 -0.032826345992288147 0.0028610509557991611 0.025640518168608347 0.040630178489549452 0.024448495666432826 -0.036369066642630725 -0.0035210419917527471
leaf_weight=5292 510 436 115 259 156 887 342
leaf_count=5292 510 436 115 259 156 887 342
internal_value=-0.000625293 -0.0164499 0.00150797 -0.00902697 -0.0218643 -0.0291602 0.0156841
internal_weight=7997 946 7051 1759 1158 1002 601
internal_count=7997 946 7051 1759 1158 1002 601
is_linear=0
shrinkage=0.02


Tree=677
num_leaves=8
num_cat=0
split_feature=49 52 55 49 52 20 57
split_gain=612.629 685.031 524.154 780.893 953.163 809.467 735.471
threshold=4.5000000000000009 50.485000000000007 37.995000000000012 63.500000000000007 28.745000000000001 627297.95000000007 45.005000000000003
decision_type=2 2 2 2 2 10 2
left_child=1 -1 6 -4 -5 -6 -2
right_child=2 -3 3 4 5 -7 -8
leaf_value=-0.090459499576735131 0.014268357057236726 0.0029530986921111153 -0.00015021363943090653 0.034427698952502306 -0.063398494534668018 0.00072653708631187917 -0.033927573953633723
leaf_weight=58 1570 62 5689 76 231 118 133
leaf_count=58 1570 62 5689 76 231 118 133
internal_value=-8.18166e-05 -0.0440087 0.000620213 -0.00211462 -0.0281024 -0.0420132 0.0104161
internal_weight=7937 120 7817 6114 425 349 1703
internal_count=7937 120 7817 6114 425 349 1703
is_linear=0
shrinkage=0.02


Tree=678
num_leaves=8
num_cat=1
split_feature=14 32 2 51 58 23 50
split_gain=628.182 683.799 823.371 890.22 1200.68 830.63 829.479
threshold=46.365000000000009 1.0000000180025095e-35 0 30.865000000000006 26.085000000000004 12.350000000000003 1.0000000180025095e-35
decision_type=2 2 1 2 2 2 2
left_child=1 2 3 4 -1 -4 -5
right_child=-2 -3 5 6 -6 -7 -8
leaf_value=0.024029813558824602 -0.02553587830745559 -0.0060515692075621677 0.0029218339710566405 0.059278655185647636 -0.040360367517204995 0.021741794036561859 -0.0055683634800499119
leaf_weight=150 344 2755 2322 110 465 1571 249
leaf_count=150 344 2755 2322 110 465 1571 249
internal_value=0.000703519 0.00190373 0.00640848 -0.00995154 -0.0245883 0.0105077 0.0148425
internal_weight=7966 7622 4867 974 615 3893 359
internal_count=7966 7622 4867 974 615 3893 359
cat_boundaries=0 1
cat_threshold=65
is_linear=0
shrinkage=0.02


Tree=679
num_leaves=8
num_cat=0
split_feature=14 16 30 14 24 41 56
split_gain=557.368 513.385 495.036 704.782 621.4 612.285 945.56
threshold=5.5650000000000004 0.58755000000000013 1.0000000180025095e-35 7.8050000000000006 1.5000000000000002 67.030000000000015 52.905000000000008
decision_type=2 2 2 2 2 2 2
left_child=1 -1 5 4 -4 6 -2
right_child=2 -3 3 -5 -6 -7 -8
leaf_value=0.067436551817662116 -0.0088318595148940745 -0.016134927318147991 0.023357208775149449 0.010456847006630724 -0.070275674793330661 0.0097053767313134455 0.032094584938858736
leaf_weight=86 4456 41 40 2019 78 1113 233
leaf_count=86 4456 41 40 2019 78 1113 233
internal_value=0.000107492 0.0408676 -0.000569858 0.00764839 -0.0388765 -0.00360079 -0.00676617
internal_weight=8066 127 7939 2137 118 5802 4689
internal_count=8066 127 7939 2137 118 5802 4689
is_linear=0
shrinkage=0.02


Tree=680
num_leaves=8
num_cat=0
split_feature=55 12 49 14 68 12 54
split_gain=553.669 648.208 541.988 1015.37 633.068 813.047 914.481
threshold=38.355000000000011 1.425 63.500000000000007 22.375000000000004 1054345.2500000002 59.07500000000001 73.02500000000002
decision_type=2 2 2 2 2 2 2
left_child=1 -1 4 -4 -2 -6 -7
right_child=2 -3 3 -5 5 6 -8
leaf_value=-0.064187738411128528 0.0013047099680612382 0.010317816440216657 -0.0027141085178038226 -0.069453980008166452 -0.024100840197617077 0.083062402612433348 -0.0025793554342136531
leaf_weight=43 4376 1824 256 137 973 53 354
leaf_count=43 4376 1824 256 137 973 53 354
internal_value=-0.00109009 0.00843498 -0.00398666 -0.0265599 -0.00242372 -0.0142087 0.00944571
internal_weight=8016 1867 6149 393 5756 1380 407
internal_count=8016 1867 6149 393 5756 1380 407
is_linear=0
shrinkage=0.02


Tree=681
num_leaves=8
num_cat=0
split_feature=33 41 53 40 51 13 22
split_gain=661.888 748.934 765.057 1208.55 646.264 489.543 484.322
threshold=1.0000000180025095e-35 65.715000000000018 62.985000000000007 53.315000000000005 19.195000000000004 341.85000000000008 7808.0000000000009
decision_type=2 2 2 2 2 2 2
left_child=1 2 5 -4 -3 -1 -2
right_child=6 4 3 -5 -6 -7 -8
leaf_value=-0.033650438907068397 -0.018909246818010407 0.0776850352008292 0.038388350976140878 -0.072567711746069921 -0.029057392438252765 -0.10796510919732484 0.0025497781342158875
leaf_weight=79 442 42 90 62 40 71 7151
leaf_count=79 442 42 90 62 40 71 7151
internal_value=-1.37479e-05 -0.0254589 -0.0398929 -0.00773977 0.0269381 -0.0711741 0.00128899
internal_weight=7977 384 302 152 82 150 7593
internal_count=7977 384 302 152 82 150 7593
is_linear=0
shrinkage=0.02


Tree=682
num_leaves=8
num_cat=0
split_feature=16 22 16 22 65 23 12
split_gain=918.002 852.951 630.018 592.726 559.922 1280.27 855.044
threshold=0.79410000000000014 19045.250000000004 0.17090000000000002 12968.100000000002 0.58571428571428574 2.3500000000000001 10.525
decision_type=2 2 2 2 2 2 2
left_child=2 3 -1 -2 5 -4 -7
right_child=1 -3 4 -5 -6 6 -8
leaf_value=-0.052911366697257885 0.049565787033503311 0.10381813292533665 0.073368706699754857 -0.028421960967416698 0.0028611433850881181 -0.047664023508896695 -0.0071955091846670352
leaf_weight=96 78 54 71 69 3772 217 3599
leaf_count=96 78 54 71 69 3772 217 3599
internal_value=-0.00217806 0.0394952 -0.00328293 0.0132285 -0.00262676 -0.00794913 -0.00955614
internal_weight=7956 201 7755 147 7659 3887 3816
internal_count=7956 201 7755 147 7659 3887 3816
is_linear=0
shrinkage=0.02


Tree=683
num_leaves=8
num_cat=0
split_feature=66 64 55 23 48 47 48
split_gain=500.403 715.391 429.324 712.888 792.237 645.491 582.9
threshold=0.68750000000000011 3.5000000000000004 37.995000000000012 3.6500000000000008 12.500000000000002 2.5000000000000004 18.500000000000004
decision_type=2 2 2 2 2 2 2
left_child=2 -2 5 4 -4 -1 -5
right_child=1 -3 3 6 -6 -7 -8
leaf_value=-0.031174374879934852 0.085622407579942356 0.0079978407530361794 0.011501205913620452 -0.003932034955645777 0.098060487914085392 0.011542241481168463 -0.032855374340388092
leaf_weight=151 58 198 287 5421 45 1536 289
leaf_count=151 58 198 287 5421 45 1536 289
internal_value=-0.000349457 0.026888 -0.00126842 -0.00375944 0.0245145 0.00763794 -0.00542339
internal_weight=7985 256 7729 6042 332 1687 5710
internal_count=7985 256 7729 6042 332 1687 5710
is_linear=0
shrinkage=0.02


Tree=684
num_leaves=8
num_cat=0
split_feature=43 56 41 8 22 24 53
split_gain=678.172 945.266 1001.65 751.808 730.137 774.562 1070.29
threshold=1.0000000180025095e-35 55.855000000000011 79.385000000000005 49.745000000000005 22649.150000000005 3.5000000000000004 55.050000000000004
decision_type=2 2 2 2 2 2 2
left_child=1 2 3 4 5 6 -1
right_child=-2 -3 -4 -5 -6 -7 -8
leaf_value=0.010992031444522493 0.0034993048744062383 0.06895433875968901 0.051413633182961889 -0.057932799427540267 -0.044260657175055035 0.02306310521800899 -0.028245089205132946
leaf_weight=442 5972 54 89 149 232 283 735
leaf_count=442 5972 54 89 149 232 283 735
internal_value=0.000133068 -0.0099829 -0.012364 -0.0155781 -0.0116886 -0.00637935 -0.0135262
internal_weight=7956 1984 1930 1841 1692 1460 1177
internal_count=7956 1984 1930 1841 1692 1460 1177
is_linear=0
shrinkage=0.02


Tree=685
num_leaves=8
num_cat=1
split_feature=40 44 41 4 42 51 16
split_gain=508.984 431.101 1120.25 810.677 967.244 1391.79 1039.95
threshold=87.625000000000014 1.0000000180025095e-35 15.475000000000003 0 38.880000000000003 34.365000000000002 0.50035000000000007
decision_type=2 2 2 1 2 2 2
left_child=1 2 -1 -4 5 6 -5
right_child=-2 -3 3 4 -6 -7 -8
leaf_value=-0.08044342350128085 0.026189179862849413 0.0015385197066136139 -0.021557364459504704 0.029112554057077928 -0.009224463543747341 -0.017792196466117842 0.12852743884921075
leaf_weight=81 284 6107 693 105 481 112 70
leaf_count=81 284 6107 693 105 481 112 70
internal_value=0.000134608 -0.000849249 -0.0102803 -0.00612923 0.00801681 0.0368502 0.0713441
internal_weight=7933 7649 1542 1461 768 287 175
internal_count=7933 7649 1542 1461 768 287 175
cat_boundaries=0 1
cat_threshold=1
is_linear=0
shrinkage=0.02


Tree=686
num_leaves=8
num_cat=1
split_feature=2 23 68 13 13 21 68
split_gain=574.037 798.486 745.008 708.016 1110.55 1057.75 1015.43
threshold=0 2.9500000000000006 1771695.7500000002 377.25000000000006 362.15000000000003 318509.95000000007 987784.30000000016
decision_type=1 2 2 2 2 8 2
left_child=2 -2 3 4 -1 -6 -5
right_child=1 -3 -4 6 5 -7 -8
leaf_value=0.0040754317378776297 0.04368104483334035 -0.005313317989278624 0.04846679435963884 0.031623481618463331 0.017414191798509466 -0.066304099124629756 -0.01930574148747979
leaf_weight=1845 132 4656 160 672 87 180 200
leaf_count=1845 132 4656 160 672 87 180 200
internal_value=0.000446361 -0.00391028 0.00706674 0.00479318 -0.00147596 -0.0392064 0.019899
internal_weight=7932 4788 3144 2984 2112 267 872
internal_count=7932 4788 3144 2984 2112 267 872
cat_boundaries=0 1
cat_threshold=224
is_linear=0
shrinkage=0.02


Tree=687
num_leaves=8
num_cat=1
split_feature=64 52 12 3 22 23 51
split_gain=634.383 1198.45 1042.87 1093.08 1140.53 1076.91 1519.92
threshold=2.5000000000000004 67.205000000000013 29.485000000000003 0 24965.300000000003 4.3500000000000005 16.735000000000003
decision_type=2 2 2 1 2 2 2
left_child=1 2 3 -1 -5 6 -4
right_child=-2 -3 5 4 -6 -7 -8
leaf_value=0.079499858681462768 -0.00390561952097159 0.040088290386837935 0.13420306668281554 0.020744910747300657 -0.082225076407194134 -0.012766897951687669 -0.0084011589334561272
leaf_weight=102 5662 393 45 415 43 1267 73
leaf_count=102 5662 393 45 415 43 1267 73
internal_value=-0.000286708 0.00846694 0.00199124 0.0248983 0.0100762 -0.00732707 0.0492265
internal_weight=8000 2338 1945 560 458 1385 118
internal_count=8000 2338 1945 560 458 1385 118
cat_boundaries=0 1
cat_threshold=4
is_linear=0
shrinkage=0.02


Tree=688
num_leaves=8
num_cat=1
split_feature=66 64 58 23 47 5 56
split_gain=447.137 402.954 361.831 785.296 602.719 588.14 562.798
threshold=0.81250000000000011 1.0000000180025095e-35 19.905000000000005 18.450000000000003 6.5000000000000009 0 36.565000000000005
decision_type=2 2 2 2 2 1 2
left_child=1 -1 3 5 -5 6 -3
right_child=-2 2 -4 4 -6 -7 -8
leaf_value=-0.051724516275028387 0.060511770357891008 -0.079844928375061824 0.0013952176970994995 -0.1160946532815695 -0.010491296331087748 0.013135686732000775 0.00061823565708963495
leaf_weight=55 44 63 7437 45 40 264 71
leaf_count=55 44 63 7437 45 40 264 71
internal_value=0.000280454 -8.95632e-05 0.00030142 -0.0163821 -0.0697427 -0.00426207 -0.036124
internal_weight=8019 7975 7920 483 85 398 134
internal_count=8019 7975 7920 483 85 398 134
cat_boundaries=0 1
cat_threshold=12
is_linear=0
shrinkage=0.02


Tree=689
num_leaves=8
num_cat=0
split_feature=47 50 8 38 52 51 46
split_gain=403.888 854.51 583.852 986.43 1071.51 882.596 915.242
threshold=5.5000000000000009 3.5000000000000004 19.355000000000004 6859.0000000000009 17.585000000000004 9.9350000000000005 4.5000000000000009
decision_type=2 2 2 8 2 2 2
left_child=1 2 3 -1 -5 -6 -7
right_child=-2 -3 -4 4 5 6 -8
leaf_value=0.043774883921988715 -0.0040463205103007686 0.058150453114102031 -0.0027344419010561865 -0.072250670020069394 0.054820335057074968 0.022121920319834794 -0.030660481767504792
leaf_weight=329 4662 112 2198 65 134 284 236
leaf_count=329 4662 112 2198 65 134 284 236
internal_value=-0.000238903 0.00504519 0.00312623 0.0153726 0.00216373 0.0100517 -0.00189703
internal_weight=8020 3358 3246 1048 719 654 520
internal_count=8020 3358 3246 1048 719 654 520
is_linear=0
shrinkage=0.02


Tree=690
num_leaves=8
num_cat=0
split_feature=16 22 12 33 64 33 54
split_gain=690.294 757.464 679.155 460.626 430.394 1466.71 1207.83
threshold=0.79410000000000014 19045.250000000004 41.945000000000007 6.5000000000000009 2.5000000000000004 3.5000000000000004 91.585000000000022
decision_type=2 2 2 2 2 2 2
left_child=3 2 -2 4 5 -1 -7
right_child=1 -3 -4 -5 -6 6 -8
leaf_value=-0.0005414144178047224 -0.040474268661872037 0.096495838808053624 0.046237560072164431 0.061686145067214967 -0.0048221413168486041 0.019396215562320233 0.10872118780348036
leaf_weight=1989 57 54 82 41 5482 194 85
leaf_count=1989 57 54 82 41 5482 194 85
internal_value=-0.000481892 0.0363966 0.0105088 -0.00141821 -0.00179161 0.00552801 0.0480449
internal_weight=7984 193 139 7791 7750 2268 279
internal_count=7984 193 139 7791 7750 2268 279
is_linear=0
shrinkage=0.02


Tree=691
num_leaves=8
num_cat=0
split_feature=52 20 41 55 10 47 24
split_gain=643.94 798.438 619.036 1354.66 950.312 837.615 765.711
threshold=15.630000000000001 497437.20000000007 37.105000000000011 41.145000000000003 15617.250000000002 3.5000000000000004 1.5000000000000002
decision_type=2 8 2 2 2 2 2
left_child=1 -1 5 -4 -5 -3 -6
right_child=-2 2 3 4 6 -7 -8
leaf_value=0.056772719521439918 0.0020455039278834061 -0.052777953813633607 -0.11581930745747827 -0.094983991260329872 0.067054757381027397 0.044144217460637999 -0.026761616244127876
leaf_weight=41 7568 57 79 43 50 79 90
leaf_count=41 7568 57 79 43 50 79 90
internal_value=0.000673444 -0.0227364 -0.0315298 -0.0492225 -0.0181573 0.00309136 0.00790109
internal_weight=8007 439 398 262 183 136 140
internal_count=8007 439 398 262 183 136 140
is_linear=0
shrinkage=0.02


Tree=692
num_leaves=8
num_cat=1
split_feature=22 7 66 21 8 8 55
split_gain=397.004 675.995 409.367 682.125 819.882 681.829 875.095
threshold=7121.0500000000011 0 1.0000000180025095e-35 386670.95000000001 32.190000000000005 16.035000000000004 47.295000000000009
decision_type=2 1 2 8 2 2 2
left_child=1 -1 3 -2 5 6 -5
right_child=2 -3 -4 4 -6 -7 -8
leaf_value=0.01548014922766015 -0.063712014906036035 -0.044744577469051486 0.0015128019758674526 0.062225976387659712 0.053045738879101058 -0.056620081208322362 -0.052677712453448253
leaf_weight=113 98 184 7291 58 71 110 41
leaf_count=113 98 184 7291 58 71 110 41
internal_value=-0.000430362 -0.0229229 0.000455081 -0.0197 -0.00344832 -0.0234311 0.0143948
internal_weight=7966 297 7669 378 280 209 99
internal_count=7966 297 7669 378 280 209 99
cat_boundaries=0 1
cat_threshold=44
is_linear=0
shrinkage=0.02


Tree=693
num_leaves=8
num_cat=1
split_feature=14 5 50 68 56 56 42
split_gain=724.48 627.235 453.262 489.614 427.67 383.071 1029.64
threshold=45.515000000000008 0 1.5000000000000002 747421.30000000016 37.805000000000007 55.295000000000009 36.865000000000002
decision_type=2 1 2 2 2 2 2
left_child=5 -2 3 -3 -5 -1 -7
right_child=1 2 -4 4 -6 6 -8
leaf_value=0.00079923042559043535 0.013978275961297399 -0.095410974437991777 -0.0037200860692778739 -0.073215066790580749 0.009827596185536221 0.09985798724766437 -4.5868061684273387e-05
leaf_weight=7438 104 85 77 40 53 53 143
leaf_count=7438 104 85 77 40 53 53 143
internal_value=0.000222599 -0.0273442 -0.0430249 -0.0618124 -0.0278028 0.00153602 0.028781
internal_weight=7993 359 255 178 93 7634 196
internal_count=7993 359 255 178 93 7634 196
cat_boundaries=0 1
cat_threshold=12
is_linear=0
shrinkage=0.02


Tree=694
num_leaves=8
num_cat=0
split_feature=22 22 22 8 57 67 18
split_gain=675.102 895.847 779.97 753.352 776.925 730.283 893.307
threshold=10900.950000000003 7483.3500000000013 12431.850000000002 53.770000000000003 41.995000000000012 3.3202458001415631 164314.50000000003
decision_type=2 2 2 2 2 2 2
left_child=1 -1 -2 4 5 -3 -7
right_child=2 3 -4 -5 -6 6 -8
leaf_value=-0.018641610896835727 -0.022720394489450374 0.015623994808323032 -0.0021129848174878817 -0.036408280637657761 -0.00065231273763280352 0.12863902162070628 0.038876645506475682
leaf_weight=373 848 523 5306 98 481 49 308
leaf_count=373 848 523 5306 98 481 49 308
internal_value=-0.001796 0.00884636 -0.00496875 0.0159134 0.0198004 0.0309202 0.0528036
internal_weight=7986 1832 6154 1459 1361 880 357
internal_count=7986 1832 6154 1459 1361 880 357
is_linear=0
shrinkage=0.02


Tree=695
num_leaves=8
num_cat=0
split_feature=16 50 42 40 18 17 52
split_gain=680.087 688.725 631.418 956.945 886.172 1285.91 1065.63
threshold=0.35685000000000006 3.5000000000000004 46.840000000000011 58.175000000000004 69683.400000000009 1044.3000000000002 9.2950000000000017
decision_type=2 2 2 2 2 2 2
left_child=1 -1 3 4 5 -2 -7
right_child=2 -3 -4 -5 -6 6 -8
leaf_value=-0.013482509242282163 -0.095334555630026185 0.053475015800795521 -0.0022381157355172375 0.049293154774337627 0.021055763044788574 -0.079712503833903214 0.0044035795296372589
leaf_weight=1625 53 59 3577 228 1035 58 1372
leaf_count=1625 53 59 3577 228 1035 58 1372
internal_value=0.000290154 -0.0109853 0.00329943 0.0105037 0.00690069 -0.00301584 0.000726022
internal_weight=8007 1684 6323 2746 2518 1483 1430
internal_count=8007 1684 6323 2746 2518 1483 1430
is_linear=0
shrinkage=0.02


Tree=696
num_leaves=8
num_cat=0
split_feature=64 46 32 47 9 0 67
split_gain=474.649 677.112 632.059 781.208 653.561 697.665 529.002
threshold=4.5000000000000009 4.5000000000000009 1.0000000180025095e-35 1.5000000000000002 16.500000000000004 70.500000000000014 5.2430194324215105
decision_type=2 2 2 2 2 2 2
left_child=2 -2 4 -4 -1 -6 -5
right_child=1 -3 3 6 5 -7 -8
leaf_value=-0.0001068657556374847 0.041112176392300456 -0.00076897225577873417 -0.065597531110048291 -0.016464503203172134 0.044392677026739678 -0.024338229798162594 0.003659278261350487
leaf_weight=4773 250 391 95 1293 254 73 872
leaf_count=4773 250 391 95 1293 254 73 872
internal_value=-0.000681199 0.0157571 -0.00212258 -0.0109146 0.00178036 0.0289136 -0.00836946
internal_weight=8001 641 7360 2260 5100 327 2165
internal_count=8001 641 7360 2260 5100 327 2165
is_linear=0
shrinkage=0.02


Tree=697
num_leaves=8
num_cat=0
split_feature=16 12 64 23 34 64 42
split_gain=583.478 562.918 730.334 485.163 717.071 591.438 801.068
threshold=0.59965000000000013 68.410000000000011 2.5000000000000004 2.9500000000000006 1.5000000000000002 4.5000000000000009 32.045000000000009
decision_type=2 2 2 2 2 2 2
left_child=3 -2 -3 4 -1 -5 -7
right_child=1 2 -4 5 -6 6 -8
leaf_value=0.075525843521839456 0.0056459217463884371 0.076530801323456091 0.014027892169745074 -0.0047312731499821042 -0.0067052877834556926 0.075380961298942561 0.0066245115541959318
leaf_weight=74 1693 104 248 5381 90 77 398
leaf_count=74 1693 104 248 5381 90 77 398
internal_value=0.00126091 0.0104769 0.0333079 -0.00187588 0.0315357 -0.00283769 0.0184394
internal_weight=8065 2045 352 6020 164 5856 475
internal_count=8065 2045 352 6020 164 5856 475
is_linear=0
shrinkage=0.02


Tree=698
num_leaves=8
num_cat=0
split_feature=43 54 40 17 23 12 53
split_gain=741.312 715.186 906.336 969.911 816.564 717.005 712.239
threshold=1.0000000180025095e-35 89.645000000000024 64.735000000000014 57757.000000000007 3.4500000000000006 55.725000000000001 67.145000000000024
decision_type=2 2 2 2 2 2 2
left_child=1 4 3 5 -1 -3 -6
right_child=-2 2 -4 -5 6 -7 -8
leaf_value=0.045482501268386842 0.0027230342446578171 0.00061807389420349729 0.044783412206494164 0.08210511808594069 -0.013207332591486822 -0.046441394031915086 -0.046436546612346981
leaf_weight=65 5983 411 162 40 728 184 400
leaf_count=65 5983 411 162 40 728 184 400
internal_value=-0.000795339 -0.0113538 0.0033083 -0.00753996 -0.0211219 -0.0142005 -0.0251437
internal_weight=7973 1990 797 635 1193 595 1128
internal_count=7973 1990 797 635 1193 595 1128
is_linear=0
shrinkage=0.02


Tree=699
num_leaves=8
num_cat=1
split_feature=8 2 48 51 22 17 20
split_gain=730.264 1112.05 597.727 704.962 529.478 498.768 713.922
threshold=8.5850000000000026 0 6.5000000000000009 21.495000000000001 11868.400000000001 43393.55000000001 616267.10000000009
decision_type=2 1 2 2 2 2 8
left_child=1 2 3 -1 -3 -2 -7
right_child=5 4 -4 -5 -6 6 -8
leaf_value=-0.046064013775358806 -0.0036637098421387548 0.10412144503857503 -0.076577375074650386 0.060439136078897511 0.034482815750923594 -0.021252157445094396 0.018356108678773783
leaf_weight=42 6545 63 42 48 147 222 923
leaf_count=42 6545 63 42 48 147 222 923
internal_value=-0.000252121 0.028129 -0.0174209 0.0109291 0.0547629 -0.00153178 0.0106176
internal_weight=8032 342 132 90 210 7690 1145
internal_count=8032 342 132 90 210 7690 1145
cat_boundaries=0 1
cat_threshold=11
is_linear=0
shrinkage=0.02


Tree=700
num_leaves=8
num_cat=0
split_feature=52 21 53 54 17 53 53
split_gain=616.086 544.815 676.667 1451.87 1030.4 906.738 618.292
threshold=1.0000000180025095e-35 405000.60000000003 58.020000000000003 86.845000000000013 9065.1500000000015 53.755000000000003 64.225000000000009
decision_type=2 10 2 2 2 2 2
left_child=-1 6 3 5 -5 -3 -2
right_child=1 2 -4 4 -6 -7 -8
leaf_value=-0.055251210168367475 0.0028903897294794067 0.046282396693877764 0.028830737216961406 -0.093877861151552722 -0.0020948655212467368 -0.052772967595121137 -0.009204356317577685
leaf_weight=77 4096 194 534 87 105 41 2872
leaf_count=77 4096 194 534 87 105 41 2872
internal_value=-0.000711876 -0.000147748 0.0139288 -0.00482537 -0.0450112 0.028261 -0.00209773
internal_weight=8006 7929 961 427 192 235 6968
internal_count=8006 7929 961 427 192 235 6968
is_linear=0
shrinkage=0.02


Tree=701
num_leaves=8
num_cat=0
split_feature=66 42 42 54 40 54 66
split_gain=372.849 902.59 361.363 760.775 562.093 454.941 742.283
threshold=0.68750000000000011 31.360000000000003 9.1200000000000028 83.285000000000011 13.320000000000002 82.855000000000004 0.31250000000000006
decision_type=2 2 2 2 2 2 2
left_child=2 -2 3 4 -1 6 -4
right_child=1 -3 5 -5 -6 -7 -8
leaf_value=-0.0067499426644709376 0.098691324632541808 0.0042195329631637473 0.016957460352018949 0.0070287228289038642 -0.10351164337661532 -0.0042915947978758671 -0.0035119794408983748
leaf_weight=40 46 198 1299 124 58 4683 1549
leaf_count=40 46 198 1299 124 58 4683 1549
internal_value=-0.000436458 0.0236539 -0.00120938 -0.0260717 -0.066262 -0.000459671 0.00583768
internal_weight=7997 244 7753 222 98 7531 2848
internal_count=7997 244 7753 222 98 7531 2848
is_linear=0
shrinkage=0.02


Tree=702
num_leaves=8
num_cat=1
split_feature=33 64 45 64 4 8 8
split_gain=406.282 385.133 415.991 1065.88 1066.08 1200.31 1183.62
threshold=6.5000000000000009 1.0000000180025095e-35 1.0000000180025095e-35 2.5000000000000004 0 16.895000000000003 16.720000000000002
decision_type=2 2 2 2 1 2 2
left_child=1 -1 3 4 6 -6 -3
right_child=-2 2 -4 -5 5 -7 -8
leaf_value=-0.053204858143221248 0.056166027369452455 0.034437072783319367 -0.0040843032521772115 -0.0055263938068183093 -0.0094127929715848557 0.046659833675565816 -0.017072147511866656
leaf_weight=50 46 263 4489 1767 200 621 529
leaf_count=50 46 263 4489 1767 200 621 529
internal_value=-0.000102558 -0.000464646 -9.59597e-05 0.00519919 0.0169296 0.0326309 0.00013954
internal_weight=7965 7919 7869 3380 1613 821 792
internal_count=7965 7919 7869 3380 1613 821 792
cat_boundaries=0 1
cat_threshold=1
is_linear=0
shrinkage=0.02


Tree=703
num_leaves=8
num_cat=1
split_feature=8 9 38 7 43 54 18
split_gain=412.375 909.521 905.44 1022.14 961.556 832.881 704.702
threshold=24.545000000000005 10.500000000000002 2831.0500000000006 0 1.0000000180025095e-35 83.385000000000005 856136.25000000012
decision_type=2 2 8 1 2 2 2
left_child=5 2 4 -4 -2 -1 -3
right_child=1 6 3 -5 -6 -7 -8
leaf_value=0.016442659206553606 -0.082359798267239437 0.02788561011852278 -0.043934613111108044 -0.00080984522858287052 -0.016521461294574099 -0.0027401624100647673 -0.028678145210876641
leaf_weight=1515 117 511 223 2906 339 2236 102
leaf_count=1515 117 511 223 2906 339 2236 102
internal_value=0.00020358 -0.00410013 -0.00795356 -0.00409126 -0.0341242 0.00501921 0.0183178
internal_weight=7949 4198 3585 3129 456 3751 613
internal_count=7949 4198 3585 3129 456 3751 613
cat_boundaries=0 1
cat_threshold=32
is_linear=0
shrinkage=0.02


Tree=704
num_leaves=8
num_cat=0
split_feature=17 20 8 9 58 46 16
split_gain=500.811 879.439 643.7 920.8 714.565 575.207 491.836
threshold=53854.30000000001 596912.85000000009 53.770000000000003 5.5000000000000009 43.255000000000003 6.5000000000000009 0.28545000000000004
decision_type=2 8 2 2 2 2 2
left_child=2 -2 6 5 -5 -4 -1
right_child=1 -3 3 4 -6 -7 -8
leaf_value=-0.017435714685059913 -0.029447790061041146 0.022698392381387357 -0.067875136099164457 0.040655169676531822 -0.043799397291863454 -0.0065138732833960626 0.00076013491768245497
leaf_weight=654 153 719 184 109 57 92 6040
leaf_count=654 153 719 184 109 57 92 6040
internal_value=-0.00083057 0.0134332 -0.00258174 -0.0258191 0.011223 -0.0479012 -0.00102928
internal_weight=8008 872 7136 442 166 276 6694
internal_count=8008 872 7136 442 166 276 6694
is_linear=0
shrinkage=0.02


Tree=705
num_leaves=8
num_cat=0
split_feature=58 9 47 40 38 40 14
split_gain=386.278 681.075 859.938 762.615 731.551 907.776 846.069
threshold=31.265000000000004 12.500000000000002 2.5000000000000004 37.755000000000003 2876.8500000000004 18.925000000000004 9.7750000000000004
decision_type=2 2 2 2 10 2 2
left_child=1 4 -3 -4 -1 -6 -7
right_child=-2 2 3 -5 5 6 -8
leaf_value=-0.02212988414753457 0.0022990886158751902 0.097576891463630064 -0.049127630762857935 0.027173552029635957 -0.075632842820987367 -0.041364662543175709 0.014585236864091427
leaf_weight=1135 5629 44 68 181 52 121 760
leaf_count=1135 5629 44 68 181 52 121 760
internal_value=-0.000549229 -0.00733058 0.0209706 0.00577938 -0.0113813 0.00174274 0.00671079
internal_weight=7990 2361 293 249 2068 933 881
internal_count=7990 2361 293 249 2068 933 881
is_linear=0
shrinkage=0.02


Tree=706
num_leaves=8
num_cat=0
split_feature=8 17 64 9 10 16 12
split_gain=565.824 1204.51 784.715 983.682 665.115 680.117 621.018
threshold=54.410000000000004 20595.850000000002 3.5000000000000004 3.5000000000000004 54758.500000000007 0.39235000000000003 36.570000000000007
decision_type=2 2 2 2 2 2 2
left_child=-1 2 3 -2 -3 -6 -5
right_child=1 4 -4 6 5 -7 -8
leaf_value=0.0024456481045852939 -0.11447959450461591 0.064887216530243555 -0.00063651646402749151 0.032941401423291959 -0.070625835364529238 0.019284092901291044 -0.062709861199061079
leaf_weight=7430 91 70 105 42 43 108 61
leaf_count=7430 91 70 105 42 43 108 61
internal_value=0.00102933 -0.0190382 -0.0449035 -0.0682445 0.0161752 -0.00776242 -0.0239871
internal_weight=7950 520 299 194 221 151 103
internal_count=7950 520 299 194 221 151 103
is_linear=0
shrinkage=0.02


Tree=707
num_leaves=8
num_cat=1
split_feature=64 68 26 4 56 22 17
split_gain=538.204 382.415 995.007 1321.06 1000.39 885.945 725.88
threshold=1.0000000180025095e-35 1127667.3500000003 1.0000000180025095e-35 0 30.725000000000005 7483.3500000000013 29026.550000000007
decision_type=2 2 2 1 2 2 2
left_child=-1 -2 3 -3 -5 -4 -6
right_child=1 2 5 4 6 -7 -8
leaf_value=-0.057921639563607387 0.0039952958165557348 0.013875041202650413 -0.071366966202551008 -0.10638274118718175 -0.038040070194048717 0.016688188096752904 0.015310968370496772
leaf_weight=56 6310 318 44 67 483 692 126
leaf_count=56 6310 318 44 67 483 692 126
internal_value=0.0012634 0.00171137 -0.00660651 -0.0196166 -0.0350469 0.010978 -0.0269671
internal_weight=8096 8040 1730 994 676 736 609
internal_count=8096 8040 1730 994 676 736 609
cat_boundaries=0 1
cat_threshold=6
is_linear=0
shrinkage=0.02


Tree=708
num_leaves=8
num_cat=0
split_feature=45 56 64 14 38 16 58
split_gain=582.012 680.918 1187.85 857.885 1028.83 930.172 1048.06
threshold=1.0000000180025095e-35 38.255000000000003 1.5000000000000002 22.235000000000003 13597.550000000001 0.48145000000000004 32.645000000000003
decision_type=2 2 2 2 8 2 2
left_child=1 3 -3 4 -1 -5 -7
right_child=-2 2 -4 5 -6 6 -8
leaf_value=0.0016994073572013664 -0.004872358538117157 -0.041671647968766996 0.0043268219480614529 -0.031790898178769567 0.043898740119594493 0.073191637843094695 -0.0088911713909576914
leaf_weight=381 4515 253 1728 251 584 94 165
leaf_count=381 4515 253 1728 251 584 94 165
internal_value=-0.000146393 0.00602584 -0.00163792 0.0162894 0.0273323 -0.00466796 0.0217215
internal_weight=7971 3456 1981 1475 965 510 259
internal_count=7971 3456 1981 1475 965 510 259
is_linear=0
shrinkage=0.02


Tree=709
num_leaves=8
num_cat=0
split_feature=54 67 41 13 13 13 49
split_gain=582.601 1269.01 1292.46 748.45 695.823 681.934 646.498
threshold=73.170000000000016 8.6107871708661765 35.225000000000001 387.95000000000005 310.25000000000006 392.15000000000003 61.500000000000007
decision_type=2 2 2 2 2 2 2
left_child=1 -1 -3 -2 -4 -5 -7
right_child=3 2 4 5 -6 6 -8
leaf_value=-0.00052310760067168468 -0.0059837030558044322 0.12244931865793963 0.082277696902146119 0.048035616832504791 0.0034282262625438824 0.0013597854353342904 0.053642509743279103
leaf_weight=731 5420 67 56 161 170 1309 97
leaf_count=731 5420 67 56 161 170 1309 97
internal_value=-0.000396602 0.0136542 0.0484404 -0.00246416 0.0243242 0.0096897 0.00514408
internal_weight=8011 1024 293 6987 226 1567 1406
internal_count=8011 1024 293 6987 226 1567 1406
is_linear=0
shrinkage=0.02


Tree=710
num_leaves=8
num_cat=1
split_feature=7 12 23 22 22 56 17
split_gain=780 1008.08 658.809 598.662 831.723 922.614 648.489
threshold=0 22.435000000000006 15.15 21710.200000000004 14969.650000000001 40.065000000000005 12136.550000000001
decision_type=1 2 2 2 2 2 2
left_child=1 2 -1 4 6 -6 -3
right_child=-2 3 -4 -5 5 -7 -8
leaf_value=-0.036372087954790619 0.0010079730507749857 0.024096295602418282 -0.13140671460552419 0.035778887503001157 -0.099428975197898103 -0.0055959478393197062 -0.044364102690280245
leaf_weight=93 7362 180 42 93 81 83 74
leaf_count=93 7362 180 42 93 81 83 74
internal_value=-0.000859693 -0.021671 -0.0695756 -0.00888363 -0.019126 -0.0535109 0.00367973
internal_weight=8008 646 135 511 418 164 254
internal_count=8008 646 135 511 418 164 254
cat_boundaries=0 1
cat_threshold=32
is_linear=0
shrinkage=0.02


Tree=711
num_leaves=8
num_cat=0
split_feature=64 33 22 22 54 67 20
split_gain=544.568 1029.62 805.017 1014.25 804.17 965.248 759.639
threshold=2.5000000000000004 3.5000000000000004 6533.8000000000011 11017.200000000003 93.195000000000007 2.3207028086760015 894195.55000000016
decision_type=2 2 2 2 2 2 8
left_child=1 2 -1 -4 5 -3 -7
right_child=-2 4 3 -5 -6 6 -8
leaf_value=-0.073428308528689853 -0.0030853113797187819 0.064616709644642639 0.032178843319416048 -0.0020535423575972641 0.099822395385859852 -0.083612636049588518 0.024740966678326651
leaf_weight=48 5666 101 440 1557 72 40 57
leaf_count=48 5666 101 440 1557 72 40 57
internal_value=0.00025426 0.00841695 0.00352207 0.00555043 0.044753 0.0227623 -0.0218493
internal_weight=7981 2315 2045 1997 270 198 97
internal_count=7981 2315 2045 1997 270 198 97
is_linear=0
shrinkage=0.02


Tree=712
num_leaves=8
num_cat=2
split_feature=2 65 9 5 64 33 37
split_gain=456.538 717.852 669.157 683.13 659.006 821.822 858.321
threshold=0 0.29166666666666669 1.5000000000000002 1 2.5000000000000004 3.5000000000000004 0.34310000000000002
decision_type=1 2 2 1 2 2 2
left_child=1 -1 3 -2 5 6 -4
right_child=2 -3 4 -5 -6 -7 -8
leaf_value=-0.05286229824242384 0.026394978669243604 -0.0049635857543870584 0.019153381171229941 -0.011899235400961805 0.0021162235478850177 0.056642919114766981 -0.029765890769827996
leaf_weight=133 197 1362 992 1592 3420 190 163
leaf_count=133 197 1362 992 1592 3420 190 163
internal_value=0.000593759 -0.00932465 0.00287142 -0.00753976 0.00679008 0.0186227 0.0121511
internal_weight=8049 1495 6554 1789 4765 1345 1155
internal_count=8049 1495 6554 1789 4765 1345 1155
cat_boundaries=0 1 2
cat_threshold=9 1
is_linear=0
shrinkage=0.02


Tree=713
num_leaves=8
num_cat=0
split_feature=9 0 0 55 0 16 14
split_gain=623.189 547.794 569.887 538.073 962.31 787.584 636.869
threshold=21.500000000000004 69.500000000000014 58.500000000000007 37.07500000000001 22.500000000000004 0.77885000000000015 11.515000000000002
decision_type=2 2 2 2 2 2 2
left_child=3 2 -2 -1 5 6 -5
right_child=1 -3 -4 4 -6 -7 -8
leaf_value=0.0099547653656060081 0.011425072209040323 -0.013566638711425993 0.090054685024590034 0.0049157681971564327 -0.00080862781781568163 0.025005375794925781 -0.045225882728920974
leaf_weight=1446 70 67 77 128 5663 101 465
leaf_count=1446 70 67 77 128 5663 101 465
internal_value=-0.000102988 0.0331715 0.0542195 -0.00103621 -0.00354214 -0.0256821 -0.0344521
internal_weight=8017 214 147 7803 6357 694 593
internal_count=8017 214 147 7803 6357 694 593
is_linear=0
shrinkage=0.02


Tree=714
num_leaves=8
num_cat=0
split_feature=14 26 22 18 18 46 16
split_gain=610.933 715.572 681.23 699.267 609.506 482.808 433.272
threshold=43.180000000000007 1.0000000180025095e-35 14156.950000000003 200249.25000000003 236045.80000000002 4.5000000000000009 0.26805000000000007
decision_type=2 2 2 2 2 2 2
left_child=6 2 3 -2 -4 -3 -1
right_child=1 5 4 -5 -6 -7 -8
leaf_value=-0.016526236488486962 0.025461280805223127 -0.028712380578741432 -0.10747028323398394 -0.061069533353421232 -0.015679133706817443 0.037557825578414666 0.0012115616862169939
leaf_weight=593 80 75 83 62 46 93 6979
leaf_count=593 80 75 83 62 46 93 6979
internal_value=-0.00152469 -0.0243261 -0.0441466 -0.0131119 -0.0765449 0.00799813 -0.00018756
internal_weight=8011 439 271 142 129 168 7572
internal_count=8011 439 271 142 129 168 7572
is_linear=0
shrinkage=0.02


Tree=715
num_leaves=8
num_cat=0
split_feature=14 38 14 64 8 67 57
split_gain=507.673 939.873 927.404 669.203 660.767 531.712 529.278
threshold=38.860000000000007 21048.650000000005 53.750000000000007 3.5000000000000004 15.885000000000003 1.0000000180025095e-35 17.655000000000005
decision_type=2 8 2 2 2 2 2
left_child=-1 6 3 4 -3 -6 -2
right_child=1 2 -4 -5 5 -7 -8
leaf_value=0.0020501531719773931 0.064962373280000915 -0.14542441307281961 0.014071334825650332 -0.005747344153267997 -0.016086387930584974 -0.09910891535980948 -0.0035114211985747589
leaf_weight=7363 49 44 89 65 71 53 273
leaf_count=7363 49 44 89 65 71 53 273
internal_value=0.000556794 -0.0164014 -0.0402945 -0.0609201 -0.0814837 -0.0540378 0.00774249
internal_weight=8007 644 322 233 168 124 322
internal_count=8007 644 322 233 168 124 322
is_linear=0
shrinkage=0.02


Tree=716
num_leaves=8
num_cat=0
split_feature=42 64 64 41 32 53 53
split_gain=562.245 1121.08 539.888 927.327 892.807 843.968 726.776
threshold=82.565000000000012 2.5000000000000004 4.5000000000000009 47.535000000000004 1.0000000180025095e-35 85.25500000000001 80.02500000000002
decision_type=2 2 2 2 2 2 2
left_child=2 -2 4 -4 5 6 -1
right_child=1 -3 3 -5 -6 -7 -8
leaf_value=0.0016476763975083841 0.078980474998650047 0.0057122806032972239 0.046433153454712051 -0.0048438754418012068 -0.013737204206452936 0.033379574006576609 -0.031461777485143595
leaf_weight=4209 98 447 242 327 2138 311 278
leaf_count=4209 98 447 242 327 2138 311 278
internal_value=-3.39536e-05 0.0194853 -0.00146344 0.0171791 -0.00300407 0.00178796 -0.000436415
internal_weight=8050 545 7505 569 6936 4798 4487
internal_count=8050 545 7505 569 6936 4798 4487
is_linear=0
shrinkage=0.02


Tree=717
num_leaves=8
num_cat=0
split_feature=64 12 58 12 53 58 41
split_gain=451.216 835.369 872.549 675.307 1089.51 1111.08 1021.49
threshold=1.5000000000000002 29.145000000000003 34.925000000000004 42.865000000000002 71.655000000000015 33.525000000000013 49.455000000000005
decision_type=2 2 2 2 2 2 2
left_child=1 2 -1 6 5 -5 -3
right_child=-2 3 -4 4 -6 -7 -8
leaf_value=0.079508786392398181 0.0014443142550625741 -0.022508382755744308 -0.018663633070886136 0.078903060385703369 -0.072086611684862079 -0.02026157669535476 -0.14214760637709073
leaf_weight=59 7483 74 80 61 86 139 44
leaf_count=59 7483 74 80 61 86 139 44
internal_value=0.000162351 -0.0173562 0.0243205 -0.0318175 -0.0146734 0.0111704 -0.0710845
internal_weight=8026 543 139 404 286 200 118
internal_count=8026 543 139 404 286 200 118
is_linear=0
shrinkage=0.02


Tree=718
num_leaves=8
num_cat=0
split_feature=55 9 58 42 9 34 54
split_gain=560.524 648.412 690.86 614.115 1308.03 1333.37 859.353
threshold=47.375000000000007 20.500000000000004 53.750000000000007 27.665000000000003 13.500000000000002 3.5000000000000004 96.395000000000024
decision_type=2 2 2 2 2 2 2
left_child=1 -1 -3 4 5 6 -2
right_child=3 2 -4 -5 -6 -7 -8
leaf_value=0.0026286708628304361 -0.067533895408261338 0.069543472066139561 -0.016706373085055435 -0.0030699420939525181 0.054370787224787123 0.062382077186003977 0.0076081695482134813
leaf_weight=4678 298 112 52 2727 63 41 75
leaf_count=4678 298 112 52 2727 63 41 75
internal_value=-0.000270776 0.00402195 0.0425108 -0.00675426 -0.0275671 -0.0405359 -0.0525241
internal_weight=8046 4842 164 3204 477 414 373
internal_count=8046 4842 164 3204 477 414 373
is_linear=0
shrinkage=0.02


Tree=719
num_leaves=8
num_cat=1
split_feature=16 41 41 15 38 5 16
split_gain=535.531 708.704 553.521 462.027 969.741 707.03 1039.14
threshold=0.77885000000000015 51.705000000000005 63.215000000000011 1.5000000000000002 8643.4500000000025 0 0.38895000000000007
decision_type=2 2 2 2 10 1 2
left_child=3 -2 -3 -1 5 -5 -7
right_child=1 2 -4 4 -6 6 -8
leaf_value=0.0029153337908363547 0.06336445178513922 -0.04811922608096092 0.031870609999634328 0.016435503940013325 0.020853782255710281 -0.054316969195874733 -0.010995940022867535
leaf_weight=6138 122 56 75 205 338 308 770
leaf_count=6138 122 56 75 205 338 308 770
internal_value=0.00134915 0.0296964 -0.00283547 0.000406297 -0.00907405 -0.0170087 -0.0233514
internal_weight=8012 253 131 7759 1621 1283 1078
internal_count=8012 253 131 7759 1621 1283 1078
cat_boundaries=0 1
cat_threshold=1
is_linear=0
shrinkage=0.02


Tree=720
num_leaves=8
num_cat=0
split_feature=32 33 14 10 12 55 22
split_gain=547.368 791.496 1063.88 1117.93 639.794 1038.06 1059.89
threshold=1.0000000180025095e-35 1.5000000000000002 14.325000000000001 19824.800000000003 41.945000000000007 49.015000000000008 11320.400000000001
decision_type=2 2 2 2 2 2 2
left_child=4 2 -2 -4 -1 6 -6
right_child=1 -3 3 -5 5 -7 -8
leaf_value=-0.0019371133829899371 0.015916830791581064 -0.0024506082353686247 -0.16220418007477469 -0.017980981838578981 0.046173606103373052 -0.0045861866367262055 0.011983030245182045
leaf_weight=2247 57 2720 41 43 488 959 1394
leaf_count=2247 57 2720 41 43 488 959 1394
internal_value=0.0021032 -0.00489028 -0.0502578 -0.0935335 0.0060366 0.0123355 0.0209475
internal_weight=7949 2861 141 84 5088 2841 1882
internal_count=7949 2861 141 84 5088 2841 1882
is_linear=0
shrinkage=0.02


Tree=721
num_leaves=8
num_cat=2
split_feature=16 14 68 4 2 68 46
split_gain=498.321 487.619 538.159 474.02 1008.74 1177.79 655.137
threshold=0.79410000000000014 17.285000000000004 261458.55000000002 0 1 1771695.7500000002 3.5000000000000004
decision_type=2 2 2 1 1 2 2
left_child=3 -2 -3 4 -1 6 -6
right_child=1 2 -4 -5 5 -7 -8
leaf_value=0.019874014489889295 -0.0017756671414221868 0.10757375259025426 0.01709003297612071 -0.0037580359686695216 0.013559884014366955 0.071574105803187738 -0.019894323857100604
leaf_weight=1193 96 46 59 5367 319 69 846
leaf_count=1193 96 46 59 5367 319 69 846
internal_value=0.00036782 0.0310713 0.0598184 -0.000443406 0.00686635 -0.00579678 -0.0107151
internal_weight=7995 201 105 7794 2427 1234 1165
internal_count=7995 201 105 7794 2427 1234 1165
cat_boundaries=0 1 2
cat_threshold=6 51
is_linear=0
shrinkage=0.02


Tree=722
num_leaves=8
num_cat=0
split_feature=13 47 13 64 41 23 23
split_gain=536.555 576.256 1058.29 530.697 843.464 512.187 494.026
threshold=431.15000000000003 4.5000000000000009 449.05000000000007 4.5000000000000009 46.525000000000013 10.350000000000003 4.3500000000000005
decision_type=2 2 2 2 2 2 2
left_child=3 2 -2 6 5 -5 -1
right_child=1 -3 -4 4 -6 -7 -8
leaf_value=0.014686388360559438 0.10802051342195934 0.0049408127232751951 0.0084096413265381548 0.077067735988581396 -0.0022789050622636247 0.016584020235621541 -0.0044035092011363037
leaf_weight=588 67 371 107 109 355 117 6346
leaf_count=588 67 371 107 109 355 117 6346
internal_value=0.000162184 0.0192311 0.0487115 -0.00123259 0.0170453 0.0467921 -0.00277528
internal_weight=8060 545 174 7515 581 226 6934
internal_count=8060 545 174 7515 581 226 6934
is_linear=0
shrinkage=0.02


Tree=723
num_leaves=8
num_cat=0
split_feature=45 17 55 57 60 32 40
split_gain=575.098 1067.89 912.446 765.379 800.322 850.259 769.918
threshold=1.0000000180025095e-35 3414.2000000000003 27.190000000000001 56.600000000000009 1.0000000180025095e-35 1.0000000180025095e-35 40.135000000000012
decision_type=2 2 2 2 2 2 2
left_child=1 3 -3 4 5 6 -1
right_child=-2 2 -4 -5 -6 -7 -8
leaf_value=0.08303356692628952 -0.0044133813405485278 -0.074560356356443896 0.0029963933285132834 -0.028025121077706543 0.074907882366089792 -0.02841894204840064 0.012448259858019424
leaf_weight=98 4555 57 2843 74 166 95 160
leaf_count=98 4555 57 2843 74 166 95 160
internal_value=0.000266454 0.00636672 0.00134629 0.030702 0.0392629 0.0216886 0.0403286
internal_weight=8048 3493 2900 593 519 353 258
internal_count=8048 3493 2900 593 519 353 258
is_linear=0
shrinkage=0.02


Tree=724
num_leaves=8
num_cat=1
split_feature=40 33 54 37 7 19 38
split_gain=548.818 1269.21 763.043 932.883 1173.16 778.209 710.519
threshold=19.550000000000001 4.5000000000000009 89.335000000000022 0.21240000000000001 0 1.0000000180025095e-35 7499.4500000000007
decision_type=2 2 2 2 1 2 10
left_child=1 2 3 4 -1 -4 -5
right_child=-2 -3 5 6 -6 -7 -8
leaf_value=-0.030164425102993848 -0.00080968222731239465 0.066928642220416321 -0.087868067600703148 -0.0061379418393661235 0.056858524025782294 0.0072350052777677776 -0.10764702642368057
leaf_weight=121 7441 54 132 53 100 45 54
leaf_count=121 7441 54 132 53 100 45 54
internal_value=-0.00225198 -0.0212734 -0.0312686 -0.0128252 0.0107804 -0.0641548 -0.0598855
internal_weight=8000 559 505 328 221 177 107
internal_count=8000 559 505 328 221 177 107
cat_boundaries=0 1
cat_threshold=44
is_linear=0
shrinkage=0.02


Tree=725
num_leaves=8
num_cat=1
split_feature=2 13 13 48 40 0 14
split_gain=502.371 833.835 1012.14 770.5 1035.28 1041.03 682.443
threshold=0 377.25000000000006 369.55000000000007 7.5000000000000009 60.230000000000011 38.500000000000007 35.340000000000011
decision_type=1 2 2 2 2 2 2
left_child=1 2 -1 4 5 -3 -2
right_child=6 3 -4 -5 -6 -7 -8
leaf_value=0.00086217809636718855 -0.0036947230719717645 -0.00066040659692081702 -0.043383995372432843 -0.0080806350430852186 -0.0057001578113855325 0.054034349908923154 -0.032620882652955104
leaf_weight=3018 3092 192 217 369 294 500 360
leaf_count=3018 3092 192 217 369 294 500 360
internal_value=-0.000987116 0.00334546 -0.00216817 0.0164932 0.0256841 0.0389631 -0.00673469
internal_weight=8042 4590 3235 1355 986 692 3452
internal_count=8042 4590 3235 1355 986 692 3452
cat_boundaries=0 1
cat_threshold=226
is_linear=0
shrinkage=0.02


Tree=726
num_leaves=8
num_cat=0
split_feature=43 41 9 46 14 12 14
split_gain=488.981 768.185 680.878 578.63 939.405 1037.68 908.145
threshold=1.0000000180025095e-35 79.385000000000005 21.500000000000004 3.5000000000000004 45.515000000000008 13.900000000000002 16.115000000000006
decision_type=2 2 2 2 2 2 2
left_child=1 2 -1 4 5 -2 -7
right_child=3 -3 -4 -5 -6 6 -8
leaf_value=-0.01435058593568129 -0.042249954429987281 0.044394366721816285 0.056548148367021767 -0.0015908537932170189 -0.048851555208576487 0.0034360279687208751 0.036180753444522817
leaf_weight=1818 107 96 51 4449 89 627 735
leaf_count=1818 107 96 51 4449 89 627 735
internal_value=-0.000749024 -0.00939624 -0.0122702 0.0020851 0.0125536 0.016427 0.0211743
internal_weight=7972 1965 1869 6007 1558 1469 1362
internal_count=7972 1965 1869 6007 1558 1469 1362
is_linear=0
shrinkage=0.02


Tree=727
num_leaves=8
num_cat=2
split_feature=5 8 15 7 17 33 40
split_gain=387.449 775.968 705.317 676.833 813.532 752.3 665.594
threshold=0 25.225000000000005 1.5000000000000002 1 27502.800000000007 2.5000000000000004 42.615000000000002
decision_type=1 2 2 1 2 2 2
left_child=1 2 -1 4 6 -5 -3
right_child=-2 3 -4 5 -6 -7 -8
leaf_value=0.013622057687552501 -0.0013233950735211382 -0.063052024308398555 0.061132830365707998 0.082446730292361714 0.022501861910085852 -0.0024530756571753461 -0.0093585001768474747
leaf_weight=481 6631 149 166 64 159 105 236
leaf_count=481 6631 149 166 64 159 105 236
internal_value=0.000678168 0.0103403 0.0261872 -0.00397788 -0.0148034 0.029451 -0.0306805
internal_weight=7991 1360 647 713 544 169 385
internal_count=7991 1360 647 713 544 169 385
cat_boundaries=0 1 2
cat_threshold=1 35
is_linear=0
shrinkage=0.02


Tree=728
num_leaves=8
num_cat=0
split_feature=40 31 54 42 66 57 41
split_gain=448.932 713.141 410.093 1175.45 747.547 1208.31 839.986
threshold=87.625000000000014 1.0000000180025095e-35 84.985000000000014 9.1200000000000028 0.18750000000000003 20.390000000000004 8.3950000000000014
decision_type=2 2 2 2 2 2 2
left_child=2 -2 3 -1 5 -4 -6
right_child=1 -3 4 -5 6 -7 -8
leaf_value=-0.058841421367793245 0.065311285072305006 -0.0013704182720648314 -0.064838414988294235 0.0059156090568703544 -0.075858897561744118 -0.0094076694414121 0.00027056640796765605
leaf_weight=111 101 162 195 3364 54 748 3329
leaf_count=111 101 162 195 3364 54 748 3329
internal_value=-0.00047429 0.0249781 -0.00134783 0.00376554 -0.00545492 -0.0211515 -0.00105478
internal_weight=8064 263 7801 3475 4326 943 3383
internal_count=8064 263 7801 3475 4326 943 3383
is_linear=0
shrinkage=0.02


Tree=729
num_leaves=8
num_cat=0
split_feature=40 31 41 13 48 17 64
split_gain=548.607 800.55 481.576 1117.58 810.553 1524.67 481.812
threshold=87.625000000000014 1.0000000180025095e-35 14.405000000000003 400.85000000000008 7.5000000000000009 17907.750000000004 2.5000000000000004
decision_type=2 2 2 2 2 2 2
left_child=2 -2 3 4 5 -1 -4
right_child=1 -3 6 -5 -6 -7 -8
leaf_value=-0.11914417654427947 0.06941406016390432 -0.0016668042787290238 0.0076722321331673714 0.059605433101556742 0.0080553649849705884 0.01519926175407388 -0.0034401517872728504
leaf_weight=93 105 149 2208 44 72 50 5290
leaf_count=93 105 149 2208 44 72 50 5290
internal_value=-0.000144378 0.0284898 -0.00109974 -0.0276486 -0.0464541 -0.0732444 -0.000164861
internal_weight=8011 254 7757 259 215 143 7498
internal_count=8011 254 7757 259 215 143 7498
is_linear=0
shrinkage=0.02


Tree=730
num_leaves=8
num_cat=0
split_feature=23 48 42 23 51 42 43
split_gain=508.428 841.182 802.61 682.895 662.664 617.062 474.479
threshold=23.250000000000004 7.5000000000000009 55.195000000000007 25.250000000000004 29.545000000000005 49.845000000000006 1.0000000180025095e-35
decision_type=2 2 2 2 2 2 2
left_child=6 3 -3 -2 5 -5 -1
right_child=1 2 -4 4 -6 -7 -8
leaf_value=-0.009228504399908178 0.04189001880762145 0.099324970785742525 -0.0017065559405212603 -0.085195251062719357 0.020097168242153917 0.001523889639056646 0.0024586003860043704
leaf_weight=1842 122 82 49 67 110 60 5605
leaf_count=1842 122 82 49 67 110 60 5605
internal_value=0.00086792 0.0204956 0.0628612 0.00438517 -0.0153877 -0.0457197 -0.000436433
internal_weight=7937 490 131 359 237 127 7447
internal_count=7937 490 131 359 237 127 7447
is_linear=0
shrinkage=0.02


Tree=731
num_leaves=8
num_cat=0
split_feature=49 24 12 62 0 6 12
split_gain=389.61 591.898 400.448 967.413 2059.12 505.676 569.563
threshold=4.5000000000000009 1.5000000000000002 7.3150000000000004 1.0000000180025095e-35 42.500000000000007 1.5000000000000002 2.8450000000000002
decision_type=2 2 2 2 2 2 2
left_child=1 -1 3 5 -5 6 -2
right_child=2 -3 -4 4 -6 -7 -8
leaf_value=0.022265515565872192 0.0090482354812600006 -0.065302511226645737 0.0013745943960424666 -0.16122523099613881 0.0076465914128483201 0.04292172402637192 -0.070780788748352613
leaf_weight=45 103 81 7506 47 64 78 49
leaf_count=45 103 81 7506 47 64 78 49
internal_value=-0.000165042 -0.0343721 0.00040576 -0.0206316 -0.067725 0.0030534 -0.0181207
internal_weight=7973 126 7847 341 111 230 152
internal_count=7973 126 7847 341 111 230 152
is_linear=0
shrinkage=0.02


Tree=732
num_leaves=8
num_cat=0
split_feature=42 54 54 48 14 10 22
split_gain=532.302 1306.33 675.964 592.428 856.399 820.394 1178.78
threshold=9.1200000000000028 82.465000000000018 75.235000000000014 18.500000000000004 13.055000000000001 33817.900000000001 19651.900000000005
decision_type=2 2 2 2 2 2 2
left_child=1 2 -1 -2 -5 6 -6
right_child=3 -3 -4 4 5 -7 -8
leaf_value=-0.028093589127568874 0.0017949126798334082 0.013555562921561475 -0.13156092016785234 0.027443347071657086 -0.10685689078794944 -0.0054622642534810145 0.014019310109469357
leaf_weight=54 7353 124 49 96 106 143 44
leaf_count=54 7353 124 49 96 106 143 44
internal_value=-0.000378352 -0.0302291 -0.0811279 0.000515833 -0.0233777 -0.04021 -0.0720914
internal_weight=7969 227 103 7742 389 293 150
internal_count=7969 227 103 7742 389 293 150
is_linear=0
shrinkage=0.02


Tree=733
num_leaves=8
num_cat=0
split_feature=8 48 38 12 23 23 14
split_gain=655.291 953.353 1349.85 1058.11 1009.78 849.541 841.129
threshold=24.545000000000005 4.5000000000000009 3639.5500000000006 7.3150000000000004 20.550000000000004 15.15 46.365000000000009
decision_type=2 2 8 2 2 2 2
left_child=1 2 5 -4 -5 -1 -3
right_child=-2 6 3 4 -6 -7 -8
leaf_value=0.068769534950734082 -0.0054885711999499822 -0.0015899978722432012 -0.062890340522115618 0.0059211762764952505 0.059902862967415295 0.0006403332920569294 -0.066428690031170842
leaf_weight=262 4202 1700 76 1404 149 101 79
leaf_count=262 4202 1700 76 1404 149 101 79
internal_value=-5.99365e-05 0.00598841 0.0154748 0.00763394 0.011276 0.0500797 -0.0046474
internal_weight=7973 3771 1992 1629 1553 363 1779
internal_count=7973 3771 1992 1629 1553 363 1779
is_linear=0
shrinkage=0.02


Tree=734
num_leaves=8
num_cat=0
split_feature=33 42 16 42 45 56 56
split_gain=407.551 1093.88 1639.71 1395.48 623.652 613.822 434.159
threshold=1.0000000180025095e-35 51.115000000000002 0.62335000000000007 41.035000000000004 1.0000000180025095e-35 38.925000000000004 30.155000000000005
decision_type=2 2 2 2 2 2 2
left_child=1 3 5 4 -1 -3 -2
right_child=6 2 -4 -5 -6 -7 -8
leaf_value=0.016346047844682986 -0.011237130025785762 -0.039169813431198561 0.029794867319219254 0.079928994268178941 -0.071604412538664675 -0.13166546339858068 0.0045496528671423939
leaf_weight=63 771 57 63 75 58 68 6841
leaf_count=63 771 57 63 75 58 68 6841
internal_value=0.00192571 -0.0180444 -0.0518863 0.0148994 -0.0269805 -0.0926162 0.00294432
internal_weight=7996 384 188 196 121 125 7612
internal_count=7996 384 188 196 121 125 7612
is_linear=0
shrinkage=0.02


Tree=735
num_leaves=8
num_cat=1
split_feature=22 12 46 12 16 8 3
split_gain=429.177 805.877 779.017 626.62 435.829 733.185 810.276
threshold=29402.200000000004 21.240000000000006 6.5000000000000009 48.115000000000002 0.53735000000000011 24.545000000000005 0
decision_type=2 2 2 2 2 2 1
left_child=4 -2 3 -3 5 -1 -7
right_child=1 2 -4 -5 -6 6 -8
leaf_value=0.0050106684073168584 -0.10029579107431655 -0.075616043330747881 0.039808443115894189 -0.00040022357173685757 0.0061346314160724237 0.00032177122074685492 -0.022088987321480992
leaf_weight=2142 42 74 81 101 2980 1308 1267
leaf_count=2142 42 74 81 101 2980 1308 1267
internal_value=-0.000766133 -0.0241138 -0.0099332 -0.0334227 0.00015287 -0.00362865 -0.010811
internal_weight=7995 298 256 175 7697 4717 2575
internal_count=7995 298 256 175 7697 4717 2575
cat_boundaries=0 1
cat_threshold=5
is_linear=0
shrinkage=0.02


Tree=736
num_leaves=8
num_cat=0
split_feature=0 55 58 58 0 9 14
split_gain=413.74 1177.64 984.576 952.181 701.946 700.187 837.86
threshold=67.500000000000014 51.705000000000005 26.645000000000003 29.015000000000004 80.500000000000014 12.500000000000002 18.485000000000003
decision_type=2 2 2 2 2 2 2
left_child=-1 2 -2 -3 5 6 -4
right_child=1 3 4 -5 -6 -7 -8
leaf_value=-0.00053305264638989875 -0.037067906670272349 0.032443084799228833 0.038075265080095774 -0.085744963315699044 -0.018231171281249434 0.020324729690763439 0.13232679750890855
leaf_weight=7452 59 42 78 63 49 102 80
leaf_count=7452 59 42 78 63 49 102 80
internal_value=0.000623598 0.0186613 0.0354583 -0.0391439 0.0496761 0.0625765 0.0883928
internal_weight=7925 473 368 105 309 260 158
internal_count=7925 473 368 105 309 260 158
is_linear=0
shrinkage=0.02


Tree=737
num_leaves=8
num_cat=0
split_feature=24 14 13 9 57 32 40
split_gain=504.421 621.89 604.539 534.605 566.973 374.628 348.138
threshold=5.5000000000000009 10.495000000000003 411.15000000000003 12.500000000000002 36.985000000000007 1.0000000180025095e-35 89.695000000000007
decision_type=2 2 2 2 2 2 2
left_child=6 -2 3 5 -5 -3 -1
right_child=1 2 -4 4 -6 -7 -8
leaf_value=-0.00056003644438900148 -0.085804858801753398 -0.059043401466948649 -0.074941657975900411 0.069750510466132148 -0.014978002766447682 0.010929831448092795 0.026243941966799935
leaf_weight=7451 51 65 46 62 57 52 194
leaf_count=7451 51 65 46 62 57 52 194
internal_value=-0.000920152 -0.0248298 -0.0124997 0.000973487 0.0301988 -0.0287708 0.000136851
internal_weight=7978 333 282 236 119 117 7645
internal_count=7978 333 282 236 119 117 7645
is_linear=0
shrinkage=0.02


Tree=738
num_leaves=8
num_cat=0
split_feature=49 20 58 42 58 68 24
split_gain=422.91 619.205 745.903 663.616 642.839 937.372 930.346
threshold=9.5000000000000018 462099.95000000001 60.120000000000012 67.205000000000013 32.330000000000005 1365360.0500000003 1.5000000000000002
decision_type=2 10 2 2 2 2 2
left_child=1 2 -1 4 -3 6 -6
right_child=-2 3 -4 -5 5 -7 -8
leaf_value=0.012178351630767185 0.0012831566484372773 -0.0035145540046719239 -0.067649860148722277 0.014350472057566923 -0.01623333720553477 0.011051767746155912 -0.1184270817479761
leaf_weight=397 7227 104 48 97 54 50 111
leaf_count=397 7227 104 48 97 54 50 111
internal_value=-0.000298623 -0.0135064 0.00291168 -0.030895 -0.0446622 -0.0640339 -0.086443
internal_weight=8088 861 445 416 319 215 165
internal_count=8088 861 445 416 319 215 165
is_linear=0
shrinkage=0.02


Tree=739
num_leaves=8
num_cat=0
split_feature=40 66 6 8 14 17 14
split_gain=351.719 601.312 700.016 400.584 809.543 719.282 797.451
threshold=82.190000000000012 0.31250000000000006 1.0000000180025095e-35 30.165000000000003 34.32500000000001 35695.450000000004 8.1850000000000005
decision_type=2 2 2 2 2 2 2
left_child=3 2 -2 4 -1 6 -5
right_child=1 -3 -4 5 -6 -7 -8
leaf_value=0.0073588991037010784 0.011589506508066102 -0.0041327637673488687 0.085062047508391705 -0.052239674485195974 -0.018079038614472537 0.012589077504633141 -0.0072506313650023491
leaf_weight=4104 125 219 86 166 565 690 2053
leaf_count=4104 125 219 86 166 565 690 2053
internal_value=0.00164094 0.01913 0.0428115 0.000636594 0.00426458 -0.00518373 -0.0107261
internal_weight=8008 430 211 7578 4669 2909 2219
internal_count=8008 430 211 7578 4669 2909 2219
is_linear=0
shrinkage=0.02


Tree=740
num_leaves=8
num_cat=1
split_feature=7 22 48 24 8 22 38
split_gain=531.986 1054.65 946.22 955.837 876.547 599.931 594.748
threshold=0 10900.950000000003 3.5000000000000004 2.5000000000000004 29.575000000000003 9382.1000000000022 22388.650000000005
decision_type=1 2 2 2 2 2 8
left_child=1 5 -3 4 -4 -1 -5
right_child=-2 2 3 6 -6 -7 -8
leaf_value=-0.0080315169732531784 0.0021683858845649813 -0.0022367346067638958 0.010300431362568186 -0.049742690707152745 -0.084685682549717894 0.068475987188223938 -0.15578734392044591
leaf_weight=87 7397 233 99 48 58 71 46
leaf_count=87 7397 233 99 48 58 71 46
internal_value=0.000641415 -0.0166096 -0.0314475 -0.0579901 -0.0263207 0.0273943 -0.106884
internal_weight=8039 642 484 251 157 158 94
internal_count=8039 642 484 251 157 158 94
cat_boundaries=0 1
cat_threshold=32
is_linear=0
shrinkage=0.02


Tree=741
num_leaves=8
num_cat=0
split_feature=9 56 12 47 15 12 16
split_gain=474.756 739.618 686.32 658.619 653.073 582.703 683.312
threshold=1.5000000000000002 39.125000000000007 15.980000000000002 6.5000000000000009 6.5000000000000009 26.720000000000002 0.46125000000000005
decision_type=2 2 2 2 2 2 2
left_child=1 5 3 -3 -2 -1 -7
right_child=4 2 -4 -5 -6 6 -8
leaf_value=-0.025683481514174055 0.0038801013358716724 0.081114933481987783 -0.024358813365349823 -0.014311793016782705 -0.063009091315285884 -0.013968081327668736 0.023429598466540146
leaf_weight=208 5714 46 1002 64 54 287 590
leaf_count=208 5714 46 1002 64 54 287 590
internal_value=0.000186215 -0.00771509 -0.0191405 0.0273856 0.00319986 0.00402876 0.0111813
internal_weight=7965 2197 1112 110 5768 1085 877
internal_count=7965 2197 1112 110 5768 1085 877
is_linear=0
shrinkage=0.02


Tree=742
num_leaves=8
num_cat=0
split_feature=16 48 42 64 42 66 60
split_gain=484.612 683.221 513.513 832.433 504.281 887.313 845.722
threshold=0.79410000000000014 5.5000000000000009 81.935000000000016 2.5000000000000004 52.155000000000008 1.0000000180025095e-35 1.0000000180025095e-35
decision_type=2 2 2 2 2 2 2
left_child=2 -2 4 -4 -1 6 -6
right_child=1 -3 3 -5 5 -7 -8
leaf_value=0.0017122020687677869 0.057983175528257387 -0.016431836300506823 0.066524631949988283 0.0049584119282495816 -0.02062676047688132 -0.0064220155742579933 -0.11857203238660641
leaf_weight=4205 124 77 105 441 106 2808 50
leaf_count=4205 124 77 105 441 106 2808 50
internal_value=-0.000505771 0.029769 -0.00131329 0.0172943 -0.00274154 -0.00905226 -0.0547269
internal_weight=7916 201 7715 546 7169 2964 156
internal_count=7916 201 7715 546 7169 2964 156
is_linear=0
shrinkage=0.02


Tree=743
num_leaves=8
num_cat=0
split_feature=40 33 9 53 53 40 17
split_gain=439.972 399.71 390.185 645.35 608.676 964.932 954.004
threshold=87.625000000000014 3.5000000000000004 1.5000000000000002 87.290000000000006 82.040000000000006 47.445000000000007 17694.450000000004
decision_type=2 2 2 2 2 2 2
left_child=2 -2 -1 4 -4 6 -6
right_child=1 -3 3 -5 5 -7 -8
leaf_value=-0.007966734400118896 0.039128130011766862 -0.015047777957822148 0.0020319004259817838 0.033412183562360441 -0.12290456814949328 0.0079761925043435548 -0.0054531328159349935
leaf_weight=2131 201 71 5210 246 60 122 49
leaf_count=2131 201 71 5210 246 60 122 49
internal_value=0.000199178 0.0249703 -0.000678054 0.00205772 0.000610737 -0.0308063 -0.0726602
internal_weight=8090 272 7818 5687 5441 231 109
internal_count=8090 272 7818 5687 5441 231 109
is_linear=0
shrinkage=0.02


Tree=744
num_leaves=8
num_cat=0
split_feature=46 40 43 44 52 51 10
split_gain=601.048 911.454 737.742 966.368 958.729 935.248 898.373
threshold=10.500000000000002 79.035000000000011 1.0000000180025095e-35 1.0000000180025095e-35 72.425000000000026 6.6550000000000011 39816.450000000004
decision_type=2 2 2 2 2 2 2
left_child=2 -2 3 5 -5 -1 -7
right_child=1 -3 -4 4 -6 6 -8
leaf_value=-0.11410505236791713 -0.045125922124767515 0.016717438749712089 0.0035569147265852707 -0.008782290969840869 0.042996673075947907 -0.0089831615535625013 -0.085317109519545034
leaf_weight=51 280 140 5597 1346 155 288 74
leaf_count=51 280 140 5597 1346 155 288 74
internal_value=-0.00141865 -0.0245573 -0.00010931 -0.0108116 -0.00331036 -0.0377081 -0.0255371
internal_weight=7931 420 7511 1914 1501 413 362
internal_count=7931 420 7511 1914 1501 413 362
is_linear=0
shrinkage=0.02


Tree=745
num_leaves=8
num_cat=0
split_feature=52 54 33 22 55 14 51
split_gain=469.263 453.013 952.808 1197.22 1206.78 844.936 867.262
threshold=2.8800000000000003 73.02500000000002 3.5000000000000004 15202.250000000002 40.015000000000008 32.320000000000007 41.535000000000004
decision_type=2 2 2 2 2 2 2
left_child=-1 2 3 4 -2 6 -6
right_child=1 -3 -4 -5 5 -7 -8
leaf_value=-0.041320930381898179 0.058671993845812634 -0.0015446065739734716 -0.016208577498029439 0.054607616807746735 -0.060452657010672352 0.049639787109834813 0.027930368141781903
leaf_weight=105 102 6899 307 311 163 51 57
leaf_count=105 102 6899 307 311 163 51 57
internal_value=-0.000297121 0.000274647 0.0128838 0.0259643 0.00167558 -0.0204512 -0.0374416
internal_weight=7995 7890 991 684 373 271 220
internal_count=7995 7890 991 684 373 271 220
is_linear=0
shrinkage=0.02


Tree=746
num_leaves=8
num_cat=0
split_feature=17 42 41 16 41 10 33
split_gain=460.822 865.277 451.676 385.183 450.346 598.127 387.561
threshold=895.00000000000011 34.155000000000008 57.165000000000006 0.79410000000000014 49.205000000000005 22351.700000000004 6.5000000000000009
decision_type=2 2 2 2 2 2 2
left_child=1 -1 -3 6 -5 -6 -2
right_child=3 2 -4 4 5 -7 -8
leaf_value=-0.10878407001495362 -0.00096313880017761437 0.041163670271635054 -0.045193455070257189 0.061370137963782663 0.05448409844500323 -0.037449623406797215 0.055463575599144915
leaf_weight=40 7681 45 42 83 43 64 44
leaf_count=40 7681 45 42 83 43 64 44
internal_value=-0.00052372 -0.0375848 -0.000716401 9.42949e-05 0.0278553 0.000278685 -0.000606076
internal_weight=8042 127 87 7915 190 107 7725
internal_count=8042 127 87 7915 190 107 7725
is_linear=0
shrinkage=0.02


Tree=747
num_leaves=8
num_cat=0
split_feature=56 56 53 56 13 53 17
split_gain=493.971 569.051 385.185 1263.01 925.604 634.653 863.319
threshold=22.075000000000006 24.075000000000003 85.855000000000004 47.245000000000012 334.15000000000003 83.445000000000007 6386.7500000000009
decision_type=2 2 2 2 2 2 2
left_child=-1 -2 5 4 -4 -3 -7
right_child=1 2 3 -5 -6 6 -8
leaf_value=0.053773806023953562 -0.061114604415432101 -0.00062169500944133781 0.068123871331058794 -0.048219488576515437 0.0064378574662004055 -0.11357611743852179 -0.0073667966260721812
leaf_weight=62 57 7271 163 92 234 42 90
leaf_count=62 57 7271 163 92 234 42 90
internal_value=-0.000304574 -0.000759909 -0.000285578 0.0168141 0.0322972 -0.00142567 -0.0440724
internal_weight=8011 7949 7892 489 397 7403 132
internal_count=8011 7949 7892 489 397 7403 132
is_linear=0
shrinkage=0.02


Tree=748
num_leaves=8
num_cat=0
split_feature=21 15 10 10 24 42 21
split_gain=378.449 596.253 489.522 923.845 780.545 655.722 595.847
threshold=296874.70000000007 5.5000000000000009 21464.350000000002 21035.300000000003 1.0000000180025095e-35 32.045000000000009 284278.15000000008
decision_type=10 2 2 2 2 2 10
left_child=2 -2 3 6 5 -4 -1
right_child=1 -3 4 -5 -6 -7 -8
leaf_value=0.0048875874006419212 0.0078846529546250342 -0.062620360278049292 -0.082334390995757914 0.093545120066922643 -0.00376749535842919 -0.020082878478742267 -0.056232389609018968
leaf_weight=1920 2399 44 79 41 3137 380 61
leaf_count=1920 2399 44 79 41 3137 380 61
internal_value=-7.42395e-05 0.0064895 -0.00293173 0.00493357 -0.00735503 -0.031569 0.00286872
internal_weight=8061 2443 5618 2022 3596 459 1981
internal_count=8061 2443 5618 2022 3596 459 1981
is_linear=0
shrinkage=0.02


Tree=749
num_leaves=8
num_cat=0
split_feature=8 17 21 17 17 46 51
split_gain=554.288 1044.76 864.385 797.365 1067.29 1258.38 897.563
threshold=24.545000000000005 2468.3500000000004 270894.00000000006 5299.5000000000009 17694.450000000004 3.5000000000000004 6.0050000000000008
decision_type=2 2 8 2 2 2 2
left_child=2 -2 -1 -4 6 -6 -5
right_child=1 -3 3 4 5 -7 -8
leaf_value=0.024180747761636791 -0.039277470979804753 -0.0017540514695530479 0.014580583630333557 -0.060890783612000739 0.050754880284049869 -0.0051321789850844136 -0.011644605912039066
leaf_weight=810 316 3946 1080 172 221 559 930
leaf_count=810 316 3946 1080 172 221 559 930
internal_value=0.000360691 -0.00457894 0.00594067 0.000920328 -0.00693658 0.0109249 -0.0195713
internal_weight=8034 4262 3772 2962 1882 780 1102
internal_count=8034 4262 3772 2962 1882 780 1102
is_linear=0
shrinkage=0.02


Tree=750
num_leaves=8
num_cat=1
split_feature=2 41 42 8 51 41 64
split_gain=599.189 901.209 671.697 734.63 641.509 1152.87 1029.48
threshold=0 29.600000000000005 26.905000000000005 11.470000000000002 9.9350000000000005 67.365000000000023 2.5000000000000004
decision_type=1 2 2 2 2 2 2
left_child=1 -1 -3 -4 5 -2 -6
right_child=4 2 3 -5 6 -7 -8
leaf_value=-0.048811700437134044 -0.019916360625112525 0.045273220776295177 -0.054260192832281423 -0.0035784690193759162 0.019277642118253273 0.028933970388645928 -9.7136032756560851e-05
leaf_weight=217 993 93 124 1019 1540 235 3783
leaf_count=217 993 93 124 1019 1540 235 3783
internal_value=-7.23821e-05 -0.0116235 -0.00501784 -0.00928913 0.00251045 -0.0104885 0.00552102
internal_weight=8004 1453 1236 1143 6551 1228 5323
internal_count=8004 1453 1236 1143 6551 1228 5323
cat_boundaries=0 1
cat_threshold=9
is_linear=0
shrinkage=0.02


Tree=751
num_leaves=8
num_cat=0
split_feature=40 0 0 57 21 51 38
split_gain=439.572 986.297 947.752 1217.4 717.129 600.693 802.208
threshold=20.080000000000002 45.500000000000007 59.500000000000007 33.195000000000007 178939.75000000003 19.035000000000004 7267.7500000000009
decision_type=2 2 2 2 10 2 8
left_child=1 5 4 -4 -3 -1 -7
right_child=-2 2 3 -5 -6 6 -8
leaf_value=-0.001274716311540359 0.002659286141129156 -0.012248928837997969 0.036712166222242208 -0.075472275134252045 0.063495904746055598 0.00042472425772219289 -0.10111455081522745
leaf_weight=73 7403 81 60 93 120 44 101
leaf_count=73 7403 81 60 93 120 44 101
internal_value=0.00135048 -0.0154648 0.00521891 -0.0317088 0.0334154 -0.048416 -0.0713155
internal_weight=7975 572 354 153 201 218 145
internal_count=7975 572 354 153 201 218 145
is_linear=0
shrinkage=0.02


Tree=752
num_leaves=8
num_cat=0
split_feature=17 8 68 18 51 17 13
split_gain=511.57 1197.22 1187.85 999.95 927.551 812.085 654.773
threshold=1859.6500000000003 25.775000000000002 910081.10000000021 253566.65000000005 29.015000000000004 1044.3000000000002 371.65000000000003
decision_type=2 2 2 2 2 2 2
left_child=1 3 4 5 -3 -1 -7
right_child=-2 2 -4 -5 -6 6 -8
leaf_value=-0.018810596008572662 -0.0016208099468474257 0.048003596026136214 -0.10862127469510448 0.11945118706181365 -0.062492468729615211 0.027436597395156109 0.11227141358414475
leaf_weight=109 7375 78 44 48 43 163 44
leaf_count=109 7375 78 44 48 43 163 44
internal_value=-0.000253156 0.0186505 -0.0255164 0.0387457 0.00781476 0.0248169 0.0476917
internal_weight=7904 529 165 364 121 316 207
internal_count=7904 529 165 364 121 316 207
is_linear=0
shrinkage=0.02


Tree=753
num_leaves=8
num_cat=0
split_feature=40 64 33 64 40 32 33
split_gain=509.865 799.93 598.755 544.422 1057.81 684.086 703.835
threshold=81.645000000000024 2.5000000000000004 1.5000000000000002 4.5000000000000009 25.215000000000003 1.0000000180025095e-35 5.5000000000000009
decision_type=2 2 2 2 2 2 2
left_child=3 -2 -3 5 -5 -1 -7
right_child=1 2 -4 4 -6 6 -8
leaf_value=0.00035085769539904758 0.068479087190087704 0.05677954403890504 -0.0075673615250547053 0.10724925220012665 0.0081860657770709035 -0.016070879956711911 0.031151416062558487
leaf_weight=4784 98 67 290 42 537 2040 130
leaf_count=4784 98 67 290 42 537 2040 130
internal_value=-0.00107501 0.0193676 0.0051264 -0.00232179 0.0162287 -0.00387689 -0.0131768
internal_weight=7988 455 357 7533 579 6954 2170
internal_count=7988 455 357 7533 579 6954 2170
is_linear=0
shrinkage=0.02


Tree=754
num_leaves=8
num_cat=1
split_feature=48 57 52 2 41 20 65
split_gain=505.072 784.682 524.793 601.718 947.57 590.723 409.624
threshold=18.500000000000004 56.600000000000009 30.535000000000004 0 55.955000000000005 773523.55000000016 0.29166666666666669
decision_type=2 2 2 1 2 8 2
left_child=6 2 -2 4 -4 -5 -1
right_child=1 -3 3 5 -6 -7 -8
leaf_value=-0.01266083900105152 -0.082380065368627436 0.051071358327314541 -0.10286828499864525 -0.048749912120091415 0.016982390893830194 0.026596711564788544 0.0031096692260416509
leaf_weight=724 62 48 66 55 40 131 6842
leaf_count=724 62 48 66 55 40 131 6842
internal_value=0.000426714 -0.0212776 -0.0316622 -0.0196878 -0.054045 0.00344357 0.0015932
internal_weight=7968 402 354 292 106 186 7566
internal_count=7968 402 354 292 106 186 7566
cat_boundaries=0 1
cat_threshold=89
is_linear=0
shrinkage=0.02


Tree=755
num_leaves=8
num_cat=0
split_feature=8 54 38 9 21 41 40
split_gain=626.035 901.554 1060.23 1103.78 1310.33 871.367 1472.52
threshold=24.545000000000005 87.00500000000001 4052.7000000000003 13.500000000000002 412848.85000000003 43.015000000000008 45.475000000000001
decision_type=2 2 8 2 10 2 2
left_child=5 2 3 4 -2 6 -1
right_child=1 -3 -4 -5 -6 -7 -8
leaf_value=0.0037431003650720907 -0.070012627241494901 0.0035364278894684997 -0.0080281783662518296 0.037508202667037645 0.042581289678203814 -0.0017649575156336375 0.048921933147284165
leaf_weight=893 319 2052 1737 55 44 2462 422
leaf_count=893 319 2052 1737 55 44 2462 422
internal_value=-0.000646007 -0.00594914 -0.0149686 -0.0433738 -0.0559718 0.00526093 0.0183719
internal_weight=7984 4207 2155 418 363 3777 1315
internal_count=7984 4207 2155 418 363 3777 1315
is_linear=0
shrinkage=0.02


Tree=756
num_leaves=8
num_cat=0
split_feature=16 8 17 21 48 38 58
split_gain=506.698 958.717 999.674 1365.26 1093.72 934.297 854.489
threshold=0.39065000000000005 24.685000000000006 16324.550000000001 245217.30000000002 7.5000000000000009 2356.5500000000006 33.385000000000012
decision_type=2 2 2 10 2 8 2
left_child=1 2 3 5 -5 -1 -4
right_child=-2 -3 6 4 -6 -7 -8
leaf_value=0.047647659220478755 0.0030252496890344161 -0.021117101455013457 -0.0079419870474445285 0.049820221144828432 -0.029823208319620022 -0.04087123608966417 0.056346344963709515
leaf_weight=50 5793 1126 129 208 98 390 220
leaf_count=50 5793 1126 129 208 98 390 220
internal_value=-8.89067e-05 -0.00820006 0.00511827 -0.00796751 0.0242441 -0.0303899 0.0328071
internal_weight=8014 2221 1095 746 306 440 349
internal_count=8014 2221 1095 746 306 440 349
is_linear=0
shrinkage=0.02


Tree=757
num_leaves=8
num_cat=0
split_feature=33 42 8 8 40 40 54
split_gain=381.142 368.425 692.486 398.692 715.045 947.203 556.055
threshold=6.5000000000000009 4.6300000000000017 25.515000000000004 8.5850000000000026 44.865000000000002 35.605000000000011 85.745000000000019
decision_type=2 2 2 2 2 2 2
left_child=1 2 -1 4 5 6 -3
right_child=-2 3 -4 -5 -6 -7 -8
leaf_value=0.0094551589788916778 0.055845785518081822 0.061000936055183419 -0.079368484137636253 -0.00053897609938612112 -0.00066608620207693622 0.12539485204453563 -0.035598039471584818
leaf_weight=73 44 45 61 7401 231 46 41
leaf_count=73 44 45 61 7401 231 46 41
internal_value=0.000238385 -0.000106541 -0.03238 0.000470951 0.0207893 0.0569903 0.0155224
internal_weight=7942 7898 134 7764 363 132 86
internal_count=7942 7898 134 7764 363 132 86
is_linear=0
shrinkage=0.02


Tree=758
num_leaves=8
num_cat=0
split_feature=17 16 47 56 17 21 64
split_gain=531.006 554.027 633.191 926.62 893.481 680.412 529.122
threshold=43393.55000000001 0.72825000000000006 7.5000000000000009 36.285000000000004 3414.2000000000003 239200.40000000002 3.5000000000000004
decision_type=2 2 2 2 2 10 2
left_child=1 -1 3 -3 -4 -5 -2
right_child=6 2 4 5 -6 -7 -8
leaf_value=-0.0025101412340018652 0.026541196030890491 -0.022556200806911172 0.067363459478753315 0.086020594805914133 -0.031357764577349789 0.013347749159886287 -0.00069653612815833408
leaf_weight=6405 603 73 43 132 151 86 537
leaf_count=6405 603 73 43 132 151 86 537
internal_value=0.00115137 -0.000943914 0.0195545 0.0379733 -0.00833349 0.0582936 0.0137638
internal_weight=8030 6890 485 291 194 218 1140
internal_count=8030 6890 485 291 194 218 1140
is_linear=0
shrinkage=0.02


Tree=759
num_leaves=8
num_cat=2
split_feature=9 42 7 8 49 10 1
split_gain=412.884 474.417 453.724 849.263 992.477 701.789 749.918
threshold=18.500000000000004 31.075000000000003 0 26.625000000000004 10.500000000000002 12163.050000000001 1
decision_type=2 2 1 2 2 2 1
left_child=2 -2 3 4 -1 6 -5
right_child=1 -3 -4 5 -6 -7 -8
leaf_value=-0.085383853557262024 0.054802386728585319 0.0047821640078873594 -0.00049063371332818849 -0.13805608311295511 0.012811947772728212 -0.018502868553068465 -0.025240095900554285
leaf_weight=42 104 253 7010 50 327 146 46
leaf_count=42 104 253 7010 50 327 146 46
internal_value=-0.00096119 0.0199096 -0.00195128 -0.0182648 0.000643116 -0.0472642 -0.0879241
internal_weight=7978 357 7621 611 369 242 96
internal_count=7978 357 7621 611 369 242 96
cat_boundaries=0 1 2
cat_threshold=32 2
is_linear=0
shrinkage=0.02


Tree=760
num_leaves=8
num_cat=0
split_feature=8 40 10 67 57 66 40
split_gain=375.175 766.73 790.839 748.868 853.497 853.86 826.605
threshold=47.245000000000012 52.215000000000011 68368.800000000003 9.4486870144073265 53.445000000000007 0.56250000000000011 30.985000000000003
decision_type=2 2 2 2 2 2 2
left_child=-1 3 -3 4 5 6 -2
right_child=1 2 -4 -5 -6 -7 -8
leaf_value=0.0019764661960405007 -0.11635130249983386 -0.011486852488790949 0.047491070214364169 0.012466984348992507 0.033701887978957248 0.024572213620555644 -0.041322105970737093
leaf_weight=7153 90 259 134 130 47 44 180
leaf_count=7153 90 259 134 130 47 44 180
internal_value=0.000454848 -0.0117994 0.00896666 -0.0283435 -0.0430094 -0.0548399 -0.0679926
internal_weight=8037 884 393 491 361 314 270
internal_count=8037 884 393 491 361 314 270
is_linear=0
shrinkage=0.02


Tree=761
num_leaves=8
num_cat=0
split_feature=66 42 32 52 14 47 14
split_gain=383.149 767.65 467.037 696.552 1569.95 778.623 755.326
threshold=0.68750000000000011 34.155000000000008 1.0000000180025095e-35 15.630000000000001 14.525 4.5000000000000009 18.175000000000004
decision_type=2 2 2 2 2 2 2
left_child=2 -2 3 4 5 -1 -6
right_child=1 -3 -4 -5 6 -7 -8
leaf_value=-0.017721368397696544 0.082717176741536919 0.0043401637451476131 -0.0065608779090618732 0.0056470061046963562 -0.12454652867533945 0.088335000960915178 -0.033637259769620322
leaf_weight=54 63 191 2627 4757 50 49 127
leaf_count=54 63 191 2627 4757 50 49 127
internal_value=0.00107694 0.0250017 0.000268244 0.00383288 -0.0265461 0.0344864 -0.0620339
internal_weight=7918 254 7664 5037 280 103 177
internal_count=7918 254 7664 5037 280 103 177
is_linear=0
shrinkage=0.02


Tree=762
num_leaves=8
num_cat=0
split_feature=32 45 40 42 42 58 51
split_gain=608.21 537.029 688.521 992.615 1313.84 834.346 1203.98
threshold=1.0000000180025095e-35 1.0000000180025095e-35 40.725000000000001 52.385000000000012 54.065000000000005 31.880000000000006 22.620000000000001
decision_type=2 2 2 2 2 2 2
left_child=1 -1 5 -4 -5 -3 -7
right_child=-2 2 3 4 -6 6 -8
leaf_value=0.011250320372395069 -0.0075771285805884079 -0.045973641602739472 0.023758733544477634 -0.082105052474708784 -0.0003979281843336379 0.030608914666452387 -0.026104401996920983
leaf_weight=2234 2886 263 703 79 1253 243 373
leaf_count=2234 2886 263 703 79 1253 243 373
internal_value=-0.000235058 0.00388431 -0.0017724 0.00461949 -0.00553285 -0.0165129 -0.00366579
internal_weight=8034 5148 2914 2035 1332 879 616
internal_count=8034 5148 2914 2035 1332 879 616
is_linear=0
shrinkage=0.02


Tree=763
num_leaves=8
num_cat=1
split_feature=23 8 48 58 54 7 36
split_gain=556.9 539.656 783.615 658.987 615.076 584.148 572.171
threshold=3.0500000000000003 47.245000000000012 1.5000000000000002 58.235000000000007 93.885000000000005 0 1.5000000000000002
decision_type=2 2 2 2 2 1 2
left_child=-1 -2 -3 4 5 -4 -7
right_child=1 2 3 -5 -6 6 -8
leaf_value=0.028931922147631163 0.00028916829278316281 -0.047710257061781024 -0.00067518662129129688 0.045716877107539869 0.02330690331547193 -0.073602723771895195 -0.002852751054373142
leaf_weight=242 6964 229 216 84 137 133 69
leaf_count=242 6964 229 216 84 137 133 69
internal_value=-0.00063729 -0.00156882 -0.0163918 -0.00488488 -0.0128833 -0.02488 -0.0477801
internal_weight=8074 7832 868 639 555 418 202
internal_count=8074 7832 868 639 555 418 202
cat_boundaries=0 1
cat_threshold=9
is_linear=0
shrinkage=0.02


Tree=764
num_leaves=8
num_cat=1
split_feature=49 4 57 41 20 10 10
split_gain=455.409 831.726 603.92 993.01 632.659 605.518 756.626
threshold=9.5000000000000018 0 30.605000000000004 60.385000000000012 801344.65000000014 25263.000000000004 57310.200000000004
decision_type=2 1 2 2 10 2 2
left_child=1 2 3 4 -1 -4 -7
right_child=-2 -3 5 -5 -6 6 -8
leaf_value=-0.048884309367385026 0.0018668155814475604 0.015254739301240111 0.021000263038159207 0.010817831109922666 -0.13541544727840513 -0.067391541051837769 0.0084786277676670296
leaf_weight=124 7173 271 146 73 48 106 98
leaf_count=124 7173 271 146 73 48 106 98
internal_value=0.000209775 -0.0134473 -0.0263532 -0.0505572 -0.0761757 -0.00967922 -0.0316132
internal_weight=8039 866 595 245 172 350 204
internal_count=8039 866 595 245 172 350 204
cat_boundaries=0 1
cat_threshold=3
is_linear=0
shrinkage=0.02


Tree=765
num_leaves=8
num_cat=1
split_feature=57 23 9 33 4 58 58
split_gain=405.437 814.407 748.508 652.512 612.687 888.146 738.729
threshold=16.620000000000001 9.2500000000000018 1.0000000180025095e-35 3.5000000000000004 0 61.175000000000004 62.735000000000007
decision_type=2 2 2 2 1 2 2
left_child=1 2 -1 4 5 -3 -6
right_child=-2 3 -4 -5 6 -7 -8
leaf_value=0.06968214005231857 0.00243418211962089 -0.02960301939194853 0.00025785057772084534 0.0052220481770809714 -0.030947772111086284 0.072060628235340124 -0.093119412083001368
leaf_weight=66 6649 105 497 241 318 45 100
leaf_count=66 6649 105 497 241 318 45 100
internal_value=0.000390179 -0.00948836 0.00893816 -0.0222879 -0.033904 0.00210121 -0.0456667
internal_weight=8021 1372 563 809 568 150 418
internal_count=8021 1372 563 809 568 150 418
cat_boundaries=0 1
cat_threshold=6
is_linear=0
shrinkage=0.02


Tree=766
num_leaves=8
num_cat=1
split_feature=22 12 2 13 33 14 23
split_gain=464.375 622.629 586.147 421.001 451.419 618.933 596.218
threshold=30018.300000000007 22.435000000000006 0 431.15000000000003 3.5000000000000004 29.030000000000005 16.950000000000003
decision_type=2 2 1 2 2 2 2
left_child=3 -2 -3 -1 5 6 -5
right_child=1 2 -4 4 -6 -7 -8
leaf_value=-0.00066560897032096739 -0.092016596489764277 -0.045144716445518575 0.015111267746083045 0.028106860578343086 -0.0074238852019677505 -0.022347187690615451 0.10003856899340947
leaf_weight=7218 42 100 137 232 188 68 55
leaf_count=7218 42 100 137 232 188 68 55
internal_value=-0.000301767 -0.0254208 -0.0119617 0.000617022 0.0175173 0.0306453 0.0433686
internal_weight=8040 279 237 7761 543 355 287
internal_count=8040 279 237 7761 543 355 287
cat_boundaries=0 1
cat_threshold=89
is_linear=0
shrinkage=0.02


Tree=767
num_leaves=8
num_cat=0
split_feature=68 23 56 57 68 16 53
split_gain=515.073 813.91 896.906 1033.15 1048.71 856.502 713.758
threshold=1114371.9500000002 2.5500000000000003 30.155000000000005 45.245000000000012 1173231.3500000003 0.49005000000000004 38.57500000000001
decision_type=2 2 2 2 2 2 2
left_child=-1 -2 5 6 -5 -3 -4
right_child=1 2 3 4 -6 -7 -8
leaf_value=0.0021786750105866606 0.072114242397724321 -0.097204304759886673 0.031533054612852912 -0.067618627679347995 0.029991610654049521 -0.0033437905871398642 -0.022651468556294897
leaf_weight=6242 42 87 103 45 377 68 1027
leaf_count=6242 42 87 103 45 377 68 1027
internal_value=-0.000510533 -0.0100869 -0.0123141 -0.00763962 0.018913 -0.0574181 -0.0175954
internal_weight=7991 1749 1707 1552 422 155 1130
internal_count=7991 1749 1707 1552 422 155 1130
is_linear=0
shrinkage=0.02


Tree=768
num_leaves=8
num_cat=1
split_feature=49 17 8 10 10 2 49
split_gain=382.937 774.766 1218 724.638 756.772 685.088 732.545
threshold=30.500000000000004 4044.5500000000006 44.32500000000001 14954.450000000003 56437.100000000006 0 33.500000000000007
decision_type=2 2 2 2 2 1 2
left_child=1 2 -1 5 -5 6 -2
right_child=3 -3 -4 4 -6 -7 -8
leaf_value=0.026411128512620598 -0.063806484409142286 -4.1475473344181408e-05 -0.054236382627064678 0.0077584947638956016 -0.016070191090337325 -0.042610744445965708 0.010909673938757344
leaf_weight=903 59 3859 77 1661 779 337 287
leaf_count=903 59 3859 77 1661 779 337 287
internal_value=0.000477383 0.00399952 0.0198314 -0.00497773 0.000133588 -0.0231061 -0.00248751
internal_weight=7962 4839 980 3123 2440 683 346
internal_count=7962 4839 980 3123 2440 683 346
cat_boundaries=0 1
cat_threshold=116
is_linear=0
shrinkage=0.02


Tree=769
num_leaves=8
num_cat=1
split_feature=55 57 57 64 14 16 2
split_gain=436.525 649.561 848.019 724.553 608.771 768.203 585.449
threshold=45.375000000000007 59.265000000000008 41.365000000000002 1.5000000000000002 27.565000000000001 0.63060000000000016 0
decision_type=2 2 2 2 2 2 1
left_child=1 2 6 -4 5 -5 -1
right_child=-2 -3 3 4 -6 -7 -8
leaf_value=0.011446820359101361 -0.0051967403041605856 0.049608303853234309 -0.08098639514297247 -0.012149358557789614 -0.045391888907783992 0.047765027847245477 -0.0092395389333292631
leaf_weight=2583 3885 117 59 423 149 102 683
leaf_count=2583 3885 117 59 423 149 102 683
internal_value=-0.000391708 0.00414446 0.00275402 -0.0166159 -0.0104262 -0.000168052 0.00712004
internal_weight=8001 4116 3999 733 674 525 3266
internal_count=8001 4116 3999 733 674 525 3266
cat_boundaries=0 1
cat_threshold=198
is_linear=0
shrinkage=0.02


Tree=770
num_leaves=8
num_cat=0
split_feature=50 29 40 45 38 41 52
split_gain=501.893 591.516 1032.72 534.158 550.97 1077.84 792.975
threshold=3.5000000000000004 1.0000000180025095e-35 39.395000000000003 1.0000000180025095e-35 15339.900000000003 23.855000000000004 15.630000000000001
decision_type=2 2 2 2 8 2 2
left_child=3 2 -2 -1 -5 -6 -7
right_child=1 -3 -4 4 5 6 -8
leaf_value=0.0057296429272867752 0.11097126867735024 -0.017889235090464355 0.010845423647660319 0.0029430118088128428 -0.057935400582402131 -0.057702952173828079 -0.004644157372396894
leaf_weight=3318 61 75 113 1985 178 114 2148
leaf_count=3318 61 75 113 1985 178 114 2148
internal_value=0.000575368 0.0282391 0.0480663 -0.000331893 -0.00487835 -0.0112342 -0.00743958
internal_weight=7992 249 174 7743 4425 2440 2262
internal_count=7992 249 174 7743 4425 2440 2262
is_linear=0
shrinkage=0.02


Tree=771
num_leaves=8
num_cat=0
split_feature=33 13 0 21 46 46 12
split_gain=372.787 380.035 660.403 615.186 399.854 1050.33 1167.22
threshold=6.5000000000000009 431.15000000000003 35.500000000000007 481233.60000000003 3.5000000000000004 2.5000000000000004 65.52500000000002
decision_type=2 2 2 8 2 2 2
left_child=1 4 3 -3 5 -1 -7
right_child=-2 2 -4 -5 -6 6 -8
leaf_value=-0.0072161957349495785 0.054341315925121307 -0.062554729808479148 0.027903646517911263 0.023216954835114025 -0.0043830607966663269 0.0119193961063335 0.073741343364018164
leaf_weight=1064 45 68 412 58 5484 741 142
leaf_count=1064 45 68 412 58 5484 741 142
internal_value=-9.87439e-05 -0.000440042 0.0157127 -0.0236933 -0.00161927 0.00615663 0.0222205
internal_weight=8014 7969 538 126 7431 1947 883
internal_count=8014 7969 538 126 7431 1947 883
is_linear=0
shrinkage=0.02


Tree=772
num_leaves=8
num_cat=0
split_feature=12 22 22 12 14 8 61
split_gain=497.182 980.076 952.728 675.756 606.874 988.22 850.8
threshold=19.605000000000004 27334.000000000004 14560.800000000001 16.865000000000006 16.205000000000002 31.345000000000002 1.0000000180025095e-35
decision_type=2 2 2 2 2 2 2
left_child=1 2 3 4 5 -1 -6
right_child=-2 -3 -4 -5 6 -7 -8
leaf_value=-0.0095026254743337639 0.00084628921264397444 -0.094825711386245598 0.011544324286889358 -0.076936136388239706 -0.018400749210825938 -0.10727264046901837 0.067870957281381358
leaf_weight=120 6960 52 452 89 162 59 58
leaf_count=120 6960 52 452 89 162 59 58
internal_value=-0.00104527 -0.0142544 -0.00931912 -0.0285646 -0.0169563 -0.0437678 0.00534642
internal_weight=7952 992 940 488 399 179 220
internal_count=7952 992 940 488 399 179 220
is_linear=0
shrinkage=0.02


Tree=773
num_leaves=8
num_cat=0
split_feature=32 56 45 65 38 64 48
split_gain=479.287 958.029 783.67 896.003 682.106 1356.25 770.5
threshold=1.0000000180025095e-35 24.075000000000003 1.0000000180025095e-35 0.73214285714285732 20349.100000000002 2.5000000000000004 5.5000000000000009
decision_type=2 2 2 2 10 2 2
left_child=2 -2 3 4 6 -6 -1
right_child=1 -3 -4 -5 5 -7 -8
leaf_value=0.014177206440498271 -0.094178995284042791 -0.0049578505691154056 -0.0030938030650433735 0.045041528947752076 0.082947671002437995 -0.026627391776809953 -0.012978937594370696
leaf_weight=1080 44 2825 2935 291 119 68 675
leaf_count=1080 44 2825 2935 291 119 68 675
internal_value=6.08464e-05 -0.00648764 0.00369898 0.0126142 0.00765193 0.0434464 0.00372534
internal_weight=8037 2869 5168 2233 1942 187 1755
internal_count=8037 2869 5168 2233 1942 187 1755
is_linear=0
shrinkage=0.02


Tree=774
num_leaves=8
num_cat=0
split_feature=40 64 0 49 48 48 13
split_gain=430.116 980.036 1100.75 873.636 781.806 675.582 673.098
threshold=22.675000000000004 3.5000000000000004 45.500000000000007 17.500000000000004 1.5000000000000002 3.5000000000000004 344.65000000000003
decision_type=2 2 2 2 2 2 2
left_child=1 2 3 -1 6 -6 -4
right_child=-2 -3 4 -5 5 -7 -8
leaf_value=-0.0056741609548528991 0.0028990769567967785 0.022726500725881622 0.10154701164033679 -0.091117731532850466 -0.072483228991764626 -0.00032901382979068009 -0.010070292419857449
leaf_weight=73 7282 215 40 138 69 174 40
leaf_count=73 7282 215 40 138 69 174 40
internal_value=0.00141199 -0.0129692 -0.0274186 -0.0623723 -0.00398232 -0.0218655 0.0484289
internal_weight=8031 749 534 211 323 243 80
internal_count=8031 749 534 211 323 243 80
is_linear=0
shrinkage=0.02


Tree=775
num_leaves=8
num_cat=0
split_feature=57 48 21 55 55 6 57
split_gain=405.825 731.774 674.504 810.553 739.095 678.17 653.942
threshold=41.805000000000007 4.5000000000000009 284278.15000000008 40.845000000000006 54.305000000000007 1.5000000000000002 42.525000000000013
decision_type=2 2 8 2 2 2 2
left_child=-1 6 4 5 -3 -4 -2
right_child=1 2 3 -5 -6 -7 -8
leaf_value=0.003962687719212394 -0.057237017478293448 0.029765768829431081 -0.10275867667557163 -0.016865359470705058 -0.034679291265351429 -0.011046602484481088 0.0066328579543315806
leaf_weight=5091 62 217 83 892 100 53 1498
leaf_count=5091 62 217 83 892 100 53 1498
internal_value=0.000560323 -0.00539887 -0.0161815 -0.0240191 0.00921328 -0.0686771 0.00391968
internal_weight=7996 2905 1345 1028 317 136 1560
internal_count=7996 2905 1345 1028 317 136 1560
is_linear=0
shrinkage=0.02


Tree=776
num_leaves=8
num_cat=0
split_feature=15 17 54 54 22 22 17
split_gain=460.351 796.993 763.138 969.259 826.383 1757.33 697.216
threshold=1.5000000000000002 1796.0500000000002 69.240000000000023 77.855000000000004 17806.200000000001 14665.550000000001 8102.3500000000013
decision_type=2 2 2 2 2 2 2
left_child=-1 -2 -3 4 5 -4 -5
right_child=1 2 3 6 -6 -7 -8
leaf_value=0.0011375700334543041 0.022969528195367066 0.03179458801349825 -0.037944794461007944 -0.025020189260946468 -0.0026987962079484291 -0.18318858840027635 0.0083804304215741986
leaf_weight=6344 236 116 116 661 77 44 397
leaf_count=6344 236 116 116 661 77 44 397
internal_value=-0.00131042 -0.0107146 -0.0164098 -0.0208334 -0.0569788 -0.0822276 -0.0125066
internal_weight=7991 1647 1411 1295 237 160 1058
internal_count=7991 1647 1411 1295 237 160 1058
is_linear=0
shrinkage=0.02


Tree=777
num_leaves=8
num_cat=0
split_feature=38 49 56 51 51 41 40
split_gain=516.616 765.392 594.799 1067.23 907.787 857.25 837.807
threshold=31327.600000000002 4.5000000000000009 41.82500000000001 28.105000000000004 29.395000000000003 23.855000000000004 18.925000000000004
decision_type=8 2 2 2 2 2 2
left_child=1 -1 3 6 -5 -4 -2
right_child=2 -3 5 4 -6 -7 -8
leaf_value=-0.055458301760954787 0.079240728391183388 0.0070094322816060366 -0.066991422409596643 -0.087704418349650606 -0.0086391089531147776 -0.0099191142492004933 0.0098615246887526382
leaf_weight=75 69 4184 110 57 953 1287 1231
leaf_count=75 69 4184 110 57 953 1287 1231
internal_value=0.00109711 0.00584565 -0.00435905 0.00187418 -0.0135113 -0.0146359 0.0138335
internal_weight=7966 4259 3707 2310 1010 1397 1300
internal_count=7966 4259 3707 2310 1010 1397 1300
is_linear=0
shrinkage=0.02


Tree=778
num_leaves=8
num_cat=0
split_feature=31 41 33 56 48 41 55
split_gain=496.683 890.085 857.981 744.141 655.636 989.933 834.703
threshold=1.0000000180025095e-35 81.220000000000013 4.5000000000000009 45.360000000000007 6.5000000000000009 59.425000000000004 55.055000000000007
decision_type=2 2 2 2 2 2 2
left_child=1 2 4 -3 -1 -6 -7
right_child=-2 3 -4 -5 5 6 -8
leaf_value=-0.0041228599306616254 0.0038495070115910201 0.058871338394745981 0.048412425446451877 -0.031803222477436062 -0.035722191880092347 0.024707552484268775 -0.063997149192369901
leaf_weight=2078 4648 137 97 45 738 227 47
leaf_count=2078 4648 137 97 45 738 227 47
internal_value=-0.000387162 -0.00622927 -0.00870524 0.0362009 -0.0105736 -0.0237338 0.00861756
internal_weight=8017 3369 3187 182 3090 1012 274
internal_count=8017 3369 3187 182 3090 1012 274
is_linear=0
shrinkage=0.02


Tree=779
num_leaves=8
num_cat=0
split_feature=16 17 47 40 25 17 56
split_gain=565.737 555.111 574.965 604.214 851.166 492.947 737.036
threshold=0.57745000000000013 3890.5500000000006 9.5000000000000018 65.265000000000015 1.0000000180025095e-35 976.75000000000011 31.805000000000003
decision_type=2 2 2 2 2 2 2
left_child=-1 5 -3 4 -4 -2 -7
right_child=1 2 3 -5 -6 6 -8
leaf_value=-0.0032175557894155134 -0.028030713367260107 0.0088001212389791934 -0.084972082012313974 0.0032541773488575761 0.007810687922473465 0.094419897509657819 0.022737744256107056
leaf_weight=5579 54 1559 93 215 65 64 379
leaf_count=5579 54 1559 93 215 65 64 379
internal_value=0.000290081 0.00833658 0.00345833 -0.0186894 -0.0477332 0.0270766 0.0340318
internal_weight=8008 2429 1932 373 158 497 443
internal_count=8008 2429 1932 373 158 497 443
is_linear=0
shrinkage=0.02


Tree=780
num_leaves=8
num_cat=0
split_feature=22 22 47 17 55 9 56
split_gain=333.894 756.566 781.986 1014.74 921.029 844.994 740.212
threshold=11017.200000000003 12431.850000000002 4.5000000000000009 17461.800000000003 43.935000000000009 10.500000000000002 41.495000000000012
decision_type=2 2 2 2 2 2 2
left_child=6 2 3 -2 -5 -4 -1
right_child=1 -3 5 4 -6 -7 -8
leaf_value=0.017147612594158219 -0.078902161319974379 0.00054219322919479048 0.0033717003947749918 0.071205037633577981 -0.056802969349755178 -0.063103133239041362 -0.0079581422037589018
leaf_weight=1188 158 5280 477 40 40 86 771
leaf_count=1188 158 5280 477 40 40 86 771
internal_value=0.00010154 -0.0022124 -0.0202608 -0.0502591 0.00762462 -0.00724864 0.00727168
internal_weight=8040 6081 801 238 80 563 1959
internal_count=8040 6081 801 238 80 563 1959
is_linear=0
shrinkage=0.02


Tree=781
num_leaves=8
num_cat=0
split_feature=14 68 68 10 21 22 21
split_gain=424.531 407.857 463.817 558.776 450.476 345.991 518.15
threshold=46.365000000000009 747421.30000000016 295721.00000000006 35548.30000000001 370412.60000000003 7483.3500000000013 272534.50000000006
decision_type=2 2 2 2 8 2 8
left_child=5 2 3 -2 -3 6 -1
right_child=1 4 -4 -5 -6 -7 -8
leaf_value=0.020640727147167803 0.025097507215378918 0.03928728008021911 -0.075127706067280822 -0.063644034619234041 -0.029678217451088132 0.0012615176495435626 -0.032196591232382957
leaf_weight=97 63 67 84 44 75 7255 276
leaf_count=97 63 67 84 44 75 7255 276
internal_value=-0.000681287 -0.022615 -0.0413178 -0.0126065 0.00309134 0.000290414 -0.0183648
internal_weight=7961 333 191 107 142 7628 373
internal_count=7961 333 191 107 142 7628 373
is_linear=0
shrinkage=0.02


Tree=782
num_leaves=8
num_cat=0
split_feature=22 32 44 22 36 20 21
split_gain=447.738 837.884 722.447 678.997 656.43 641.161 664.715
threshold=11090.500000000002 1.0000000180025095e-35 1.0000000180025095e-35 10777.650000000003 2.5000000000000004 1310939.9500000002 420418.90000000008
decision_type=2 2 2 2 2 8 8
left_child=1 3 -3 4 5 6 -1
right_child=-2 2 -4 -5 -6 -7 -8
leaf_value=0.013717575230727008 -0.0027360692932496644 -0.051338723727309972 0.00047614359462099139 0.068240623165667064 0.065045686198965363 0.022860648350555773 -0.033818707128978213
leaf_weight=250 6048 126 603 95 87 599 214
leaf_count=250 6048 126 603 95 87 599 214
internal_value=-3.60687e-05 0.00822229 -0.00876823 0.0181662 0.0137521 0.00926921 -0.00833329
internal_weight=8022 1974 729 1245 1150 1063 464
internal_count=8022 1974 729 1245 1150 1063 464
is_linear=0
shrinkage=0.02


Tree=783
num_leaves=8
num_cat=0
split_feature=16 20 49 67 14 41 17
split_gain=573.384 639.962 567.767 1014.11 814.943 1165.52 950.158
threshold=0.77305000000000013 1244246.9000000001 38.500000000000007 22.157218789293687 8.7450000000000028 32.395000000000003 6472.6000000000013
decision_type=2 8 2 2 2 2 2
left_child=2 -2 4 -4 5 -1 -7
right_child=1 -3 3 -5 -6 6 -8
leaf_value=-0.078676519406554499 -0.019121902429395252 0.045086515187575484 -0.015379156964977901 0.035229242966871042 0.003536430163121581 0.033130046905048435 -0.027977586647037804
leaf_weight=110 85 204 1904 168 5094 150 292
leaf_count=110 85 204 1904 168 5094 150 292
internal_value=-0.00121715 0.0261977 -0.00225999 -0.0112008 0.00102818 -0.0219425 -0.00710109
internal_weight=8007 289 7718 2072 5646 552 442
internal_count=8007 289 7718 2072 5646 552 442
is_linear=0
shrinkage=0.02


Tree=784
num_leaves=8
num_cat=0
split_feature=23 0 48 31 24 14 13
split_gain=434.114 375.253 1062.84 1189.23 873.138 794.176 736.701
threshold=1.7500000000000002 55.500000000000007 6.5000000000000009 1.0000000180025095e-35 1.5000000000000002 13.725000000000003 425.85000000000008
decision_type=2 2 2 2 2 2 2
left_child=-1 -2 5 -4 -5 -3 -7
right_child=1 2 3 4 -6 6 -8
leaf_value=0.05544614219530062 -0.0031718297279066184 -0.0055409642728045582 -0.051938574713802782 0.059700451577964588 -0.010658094481988387 0.023774028320414281 0.08960331118919633
leaf_weight=50 6288 355 209 90 270 667 72
leaf_count=50 6288 355 209 90 270 667 72
internal_value=-0.000550115 -0.000936873 0.00749794 -0.0145894 0.0075084 0.0189999 0.0307468
internal_weight=8001 7951 1663 569 360 1094 739
internal_count=8001 7951 1663 569 360 1094 739
is_linear=0
shrinkage=0.02


Tree=785
num_leaves=8
num_cat=1
split_feature=38 14 23 2 38 56 21
split_gain=577.82 847.715 778.426 887.707 830.154 963.217 906.13
threshold=16347.400000000003 40.695000000000007 3.6500000000000008 0 19412.350000000002 46.205000000000005 298730.20000000001
decision_type=8 2 2 1 8 2 8
left_child=-1 2 3 -2 5 6 -4
right_child=1 -3 4 -5 -6 -7 -8
leaf_value=0.0046887963470645449 0.067625465340267019 -0.038512287994110307 0.0099547377787530429 -0.0073413219630823166 -0.0037135940637769041 0.038481497486432391 -0.096211071437445742
leaf_weight=3622 112 296 43 127 3594 40 113
leaf_count=3622 112 296 43 127 3594 40 113
internal_value=-0.00120078 -0.00613276 -0.00370914 0.0309261 -0.00593113 -0.0454896 -0.0675471
internal_weight=7947 4325 4029 239 3790 196 156
internal_count=7947 4325 4029 239 3790 196 156
cat_boundaries=0 1
cat_threshold=216
is_linear=0
shrinkage=0.02


Tree=786
num_leaves=8
num_cat=1
split_feature=68 52 22 26 4 37 36
split_gain=461.325 1131.69 960.869 913.782 971.82 1154.15 818.393
threshold=1041138.9000000001 63.135000000000012 19948.900000000005 1.0000000180025095e-35 0 0.027050000000000001 2.5000000000000004
decision_type=2 2 2 2 1 2 2
left_child=-1 2 3 4 5 -2 -5
right_child=1 -3 -4 6 -6 -7 -8
leaf_value=0.0016078664232286191 -0.091063447716022969 0.01685393305191276 -0.048870129240357614 0.00010054431039921559 -0.0017703614794870013 -0.01424990394737485 0.071219240997905858
leaf_weight=6029 146 485 316 406 373 167 72
leaf_count=6029 146 485 316 406 373 167 72
internal_value=-0.00113643 -0.00953916 -0.0182159 -0.0097205 -0.0244406 -0.049395 0.0114393
internal_weight=7994 1965 1480 1164 686 313 478
internal_count=7994 1965 1480 1164 686 313 478
cat_boundaries=0 1
cat_threshold=1
is_linear=0
shrinkage=0.02


Tree=787
num_leaves=8
num_cat=3
split_feature=16 38 14 66 3 2 2
split_gain=620.606 340.963 784.791 761.705 685.792 1153.69 1019.1
threshold=0.17090000000000002 99056.750000000015 42.570000000000007 0.18750000000000003 0 1 2
decision_type=2 8 2 2 1 1 1
left_child=-1 -2 4 -4 5 -3 -6
right_child=1 2 3 -5 6 -7 -8
leaf_value=-0.048771262992830841 0.0042745023747540233 0.0074610868730221169 -0.10011319761921186 -0.013951722285151482 0.026978594858270873 -0.040785596352205217 -0.0040080253047964851
leaf_weight=97 4725 377 59 120 558 400 1630
leaf_count=97 4725 377 59 120 558 400 1630
internal_value=0.000245487 0.000880295 -0.00421942 -0.0443001 -0.00172921 -0.0176784 0.0040243
internal_weight=7966 7869 3144 179 2965 777 2188
internal_count=7966 7869 3144 179 2965 777 2188
cat_boundaries=0 1 2 3
cat_threshold=8 54 192
is_linear=0
shrinkage=0.02


Tree=788
num_leaves=8
num_cat=0
split_feature=8 48 9 8 34 58 52
split_gain=610.382 1025.72 572.703 502.576 413.844 367.868 367.362
threshold=54.410000000000004 1.0000000180025095e-35 5.5000000000000009 57.495000000000012 1.5000000000000002 29.785000000000004 15.630000000000001
decision_type=2 2 2 2 2 2 2
left_child=6 -2 3 -3 -4 -5 -1
right_child=1 2 4 5 -6 -7 -8
leaf_value=-0.016333553287193929 -0.084637956264473152 -0.080493325406854804 0.066216350998039603 0.035315221468461493 -0.00051975422388603611 -0.026421611464041986 0.0029825251864495474
leaf_weight=412 79 50 49 46 119 157 7101
leaf_count=412 79 50 49 46 119 157 7101
internal_value=0.000483664 -0.0208014 -0.00796978 -0.0267688 0.0202961 -0.0119193 0.00191311
internal_weight=8013 500 421 253 168 203 7513
internal_count=8013 500 421 253 168 203 7513
is_linear=0
shrinkage=0.02


Tree=789
num_leaves=8
num_cat=0
split_feature=0 55 52 14 43 55 23
split_gain=475.029 604.28 806.959 940.978 521.538 472.958 752.856
threshold=55.500000000000007 52.625000000000007 63.675000000000004 12.495000000000003 1.0000000180025095e-35 51.945000000000007 17.550000000000004
decision_type=2 2 2 2 2 2 2
left_child=5 2 -2 -4 -5 -1 -7
right_child=1 -3 3 4 -6 6 -8
leaf_value=-0.006165949439880432 0.023002702049001726 -0.013578737338745013 -0.075367349866091421 0.064125138788807143 -0.010331129089820605 0.013170289856235624 -0.025450522116393096
leaf_weight=4839 1052 374 71 44 158 1219 237
leaf_count=4839 1052 374 71 44 158 1219 237
internal_value=-0.000626165 0.00874281 0.0150707 -0.0153589 0.00704424 -0.00315975 0.00681821
internal_weight=7994 1699 1325 273 202 6295 1456
internal_count=7994 1699 1325 273 202 6295 1456
is_linear=0
shrinkage=0.02


Tree=790
num_leaves=8
num_cat=0
split_feature=16 47 22 33 40 24 10
split_gain=450.468 730.535 814.402 639.543 515.473 514.502 421.217
threshold=0.71425000000000016 6.5000000000000009 12601.800000000001 2.5000000000000004 57.395000000000003 1.5000000000000002 16021.550000000001
decision_type=2 2 2 2 2 2 2
left_child=-1 2 3 -2 5 -3 -6
right_child=1 4 -4 -5 6 -7 -8
leaf_value=-0.0025540445089997014 -0.059792056790104617 -0.021518936277855012 0.056840226478351838 0.035174707671006521 0.019175270522227054 0.053995779269728164 -0.043773718419671058
leaf_weight=7340 49 58 223 55 56 82 145
leaf_count=7340 49 58 223 55 56 82 145
internal_value=-0.00111976 0.0145421 0.0356665 -0.0102595 -0.00593765 0.0230479 -0.026196
internal_weight=8008 668 327 104 341 140 201
internal_count=8008 668 327 104 341 140 201
is_linear=0
shrinkage=0.02


Tree=791
num_leaves=8
num_cat=2
split_feature=68 52 68 14 7 2 65
split_gain=426.811 765.899 561.917 760.221 653.495 588.065 723.966
threshold=1820341.55 66.350000000000009 1127667.3500000003 19.515000000000004 0 1 0.58571428571428574
decision_type=2 2 2 2 1 1 2
left_child=2 -2 -1 -4 -5 6 -6
right_child=1 -3 3 4 5 -7 -8
leaf_value=0.0012958547819218575 0.0062139664331405629 0.075805049840408034 -0.027272551690737123 0.03325862499300259 -0.085788183967014417 0.0094953287484873822 -0.0029130870021051832
leaf_weight=6243 323 74 696 184 72 236 94
leaf_count=6243 323 74 696 184 72 236 94
internal_value=-0.000111905 0.0199671 -0.00118378 -0.0132171 0.00356634 -0.0108172 -0.0380889
internal_weight=7922 397 7525 1282 586 402 166
internal_count=7922 397 7525 1282 586 402 166
cat_boundaries=0 1 2
cat_threshold=21 98
is_linear=0
shrinkage=0.02


Tree=792
num_leaves=8
num_cat=1
split_feature=2 16 48 40 58 23 40
split_gain=530.254 905.073 758.829 1016.53 984.48 1072.24 1139.6
threshold=0 0.62775000000000014 4.5000000000000009 55.540000000000006 36.515000000000008 11.750000000000002 50.615000000000002
decision_type=1 2 2 2 2 2 2
left_child=1 2 4 -4 -1 -6 -7
right_child=-2 -3 3 -5 5 6 -8
leaf_value=0.021436166852559189 0.0042367549130421199 0.017444181787041727 -0.044032888509916948 -0.0002081605036493758 0.0044967065798373167 -0.08870406749274802 -0.0046725499341192175
leaf_weight=432 5620 481 531 350 361 131 124
leaf_count=432 5620 481 531 350 361 131 124
internal_value=0.000874094 -0.00694877 -0.0130965 -0.0267218 -0.00156991 -0.0177467 -0.0487174
internal_weight=8030 2410 1929 881 1048 616 255
internal_count=8030 2410 1929 881 1048 616 255
cat_boundaries=0 1
cat_threshold=73
is_linear=0
shrinkage=0.02


Tree=793
num_leaves=8
num_cat=0
split_feature=13 38 24 23 33 42 40
split_gain=398.209 407.389 406.46 380.725 380.956 885.75 1047.63
threshold=456.7000000000001 14865.750000000002 2.5000000000000004 1.7500000000000002 1.0000000180025095e-35 51.300000000000004 52.215000000000011
decision_type=2 10 2 2 2 2 2
left_child=3 2 -2 -1 5 -5 -7
right_child=1 -3 -4 4 -6 6 -8
leaf_value=0.053628579106814456 0.011559755133122813 -0.025385880209505558 0.073006310517057069 0.010572483452843196 0.00085759321680824998 -0.12081284043090097 -0.018833294620287832
leaf_weight=48 93 43 79 196 7442 53 140
leaf_count=48 93 43 79 196 7442 53 140
internal_value=0.000946138 0.0274857 0.0410474 0.00020496 -0.000156509 -0.0193221 -0.0491817
internal_weight=8094 215 172 7879 7831 389 193
internal_count=8094 215 172 7879 7831 389 193
is_linear=0
shrinkage=0.02


Tree=794
num_leaves=8
num_cat=0
split_feature=53 16 54 58 38 40 40
split_gain=535.334 517.316 514.161 840.481 911.948 824.08 913.474
threshold=39.905000000000008 0.20675000000000002 73.02500000000002 63.145000000000003 7083.3500000000013 58.045000000000009 76.460000000000022
decision_type=2 2 2 2 10 2 2
left_child=1 -1 3 4 5 -2 -7
right_child=2 -3 -4 -5 -6 6 -8
leaf_value=0.080159484266262987 0.048346698703197528 0.011103722053723054 -0.003708905363054989 -0.047398364413529633 -0.013739893741953044 -0.040407386984143943 0.063491283684968952
leaf_weight=41 393 838 6298 79 231 100 45
leaf_count=41 393 838 6298 79 231 100 45
internal_value=7.72404e-05 0.0147599 -0.00173787 0.0128367 0.0192909 0.0334692 -0.00712141
internal_weight=8025 879 7146 848 769 538 145
internal_count=8025 879 7146 848 769 538 145
is_linear=0
shrinkage=0.02


Tree=795
num_leaves=8
num_cat=0
split_feature=8 51 52 23 0 10 51
split_gain=496.28 740.856 406.232 480.753 436.16 1107.57 1469.64
threshold=6.9350000000000014 33.155000000000008 2.8800000000000003 1.7500000000000002 22.500000000000004 22351.700000000004 36.290000000000006
decision_type=2 2 2 2 2 2 2
left_child=1 -1 -2 -4 5 6 -5
right_child=2 -3 3 4 -6 -7 -8
leaf_value=0.0048980736972824221 -0.039324627076062039 0.093882475491274486 0.059024505800809028 -0.010710529430373077 0.00073249147886163626 -0.049633653879284381 0.092158307783187385
leaf_weight=119 104 50 49 465 6918 246 58
leaf_count=119 104 50 49 465 6918 246 58
internal_value=-0.000242469 0.0331661 -0.000983307 -0.000442793 -0.000859982 -0.0150982 0.00146217
internal_weight=8009 169 7840 7736 7687 769 523
internal_count=8009 169 7840 7736 7687 769 523
is_linear=0
shrinkage=0.02


Tree=796
num_leaves=8
num_cat=0
split_feature=51 56 42 38 56 62 54
split_gain=365.934 1019.73 1028.68 927.707 770.412 806.17 798.941
threshold=31.735000000000003 40.235000000000007 55.905000000000008 14073.250000000002 39.935000000000009 1.0000000180025095e-35 71.25500000000001
decision_type=2 2 2 8 2 2 2
left_child=4 -2 3 -3 -1 -6 -7
right_child=1 2 -4 -5 5 6 -8
leaf_value=0.006208680968168818 -0.0029371082752710212 0.055392079558098557 -0.0018313220863703139 0.013877596539230302 -0.0018866977276105325 -0.097622744123140981 -0.020872270338699341
leaf_weight=2583 1695 405 531 463 1611 55 640
leaf_count=2583 1695 405 531 463 1611 55 640
internal_value=0.00211943 0.00749622 0.0201025 0.0334541 -0.00128746 -0.00967931 -0.0276
internal_weight=7983 3094 1399 868 4889 2306 695
internal_count=7983 3094 1399 868 4889 2306 695
is_linear=0
shrinkage=0.02


Tree=797
num_leaves=8
num_cat=0
split_feature=0 55 55 49 10 13 49
split_gain=398.871 619.843 666.742 634.526 718.758 1063.09 611.505
threshold=57.500000000000007 49.105000000000011 31.385000000000002 11.500000000000002 21965.950000000004 338.95000000000005 14.500000000000002
decision_type=2 2 2 2 2 2 2
left_child=-1 2 -2 -3 5 -5 -4
right_child=1 3 6 4 -6 -7 -8
leaf_value=-0.0021003945558749778 -0.030211775345253013 -0.067722960427403459 0.053642410586043347 -0.080888045686132767 0.025549657839982531 0.014102115403446887 0.014491798508571161
leaf_weight=6606 97 60 207 80 202 103 672
leaf_count=6606 97 60 207 80 202 103 672
internal_value=-3.11055e-05 0.00956232 0.0184521 -0.00992371 -0.000163272 -0.0284705 0.0239628
internal_weight=8027 1421 976 445 385 183 879
internal_count=8027 1421 976 445 385 183 879
is_linear=0
shrinkage=0.02


Tree=798
num_leaves=8
num_cat=0
split_feature=54 66 18 13 40 53 66
split_gain=714.345 966.091 1237.8 1120.16 969.756 971.313 955.123
threshold=82.955000000000013 0.31250000000000006 178175.20000000004 322.05000000000007 40.135000000000012 58.365000000000002 0.31250000000000006
decision_type=2 2 2 2 2 2 2
left_child=1 2 -1 -4 5 -5 -2
right_child=6 -3 3 4 -6 -7 -8
leaf_value=0.0063439918178107282 -0.015212852759067258 -0.0038369204550104271 0.094072734847132647 -0.087504056508724504 0.0508096248159806 0.037206602339841882 0.0023353917569727588
leaf_weight=948 2371 1683 135 47 172 44 2594
leaf_count=948 2371 1683 135 47 172 44 2594
internal_value=-0.00138399 0.00626417 0.0188617 0.0482293 0.0233814 -0.0284072 -0.00605152
internal_weight=7994 3029 1346 398 263 91 4965
internal_count=7994 3029 1346 398 263 91 4965
is_linear=0
shrinkage=0.02


Tree=799
num_leaves=8
num_cat=0
split_feature=16 34 42 64 41 17 9
split_gain=714.296 401.158 1268.31 944.899 803.356 1010.7 1188.47
threshold=0.17090000000000002 1.5000000000000002 31.075000000000003 4.5000000000000009 34.985000000000007 4545.5000000000009 10.500000000000002
decision_type=2 2 2 2 2 2 2
left_child=-1 4 3 -3 -2 -6 -7
right_child=1 2 -4 -5 5 6 -8
leaf_value=-0.052265896062056227 -0.023790935652319413 0.018632700122565484 -0.0011664087331275835 0.088961616691421067 0.018934927664765684 -0.014040191008751073 0.030975746646687227
leaf_weight=100 708 820 3569 80 797 1670 268
leaf_count=100 708 820 3569 80 797 1670 268
internal_value=-0.000444183 0.000243388 0.00419423 0.0253411 -0.00488343 4.55733e-05 -0.00775139
internal_weight=8012 7912 4469 900 3443 2735 1938
internal_count=8012 7912 4469 900 3443 2735 1938
is_linear=0
shrinkage=0.02


Tree=800
num_leaves=8
num_cat=1
split_feature=64 14 31 34 37 4 23
split_gain=355.055 335.208 756.592 843.735 781.059 384.543 462.204
threshold=1.0000000180025095e-35 43.180000000000007 1.0000000180025095e-35 1.5000000000000002 0.033900000000000007 0 10.15
decision_type=2 2 2 2 2 1 2
left_child=-1 -2 3 4 -3 6 -4
right_child=1 2 5 -5 -6 -7 -8
leaf_value=-0.049047857921185163 0.0016311671824820028 -0.12229307323046353 -0.065630132539996083 0.012493459103685435 -0.018696588419251522 0.023412985661100887 0.013357833671168639
leaf_weight=53 7495 64 51 61 54 164 60
leaf_count=53 7495 64 51 61 54 164 60
internal_value=0.000256791 0.000616155 -0.0159757 -0.0473737 -0.0775717 0.00494249 -0.022278
internal_weight=8002 7949 454 179 118 275 111
internal_count=8002 7949 454 179 118 275 111
cat_boundaries=0 1
cat_threshold=1
is_linear=0
shrinkage=0.02


Tree=801
num_leaves=8
num_cat=0
split_feature=49 8 17 20 32 54 67
split_gain=450.981 419.084 855.974 996.8 913.729 807.427 1020.75
threshold=4.5000000000000009 24.545000000000005 35017.80000000001 610116.20000000007 1.0000000180025095e-35 84.985000000000014 18.461025664350444
decision_type=2 2 2 8 2 2 2
left_child=-1 5 -3 -4 -5 6 -2
right_child=1 2 3 4 -6 -7 -8
leaf_value=-0.037551217893528388 0.0098247381606915863 -0.0090885093155860051 -0.028955529060690325 0.042902796708774275 -0.00065783183232111773 -0.0034707624717016999 0.060043004362710886
leaf_weight=124 1500 3233 183 405 363 2017 177
leaf_count=124 1500 3233 183 405 363 2017 177
internal_value=-0.000458611 0.000148675 -0.00418338 0.0124523 0.0224425 0.00505439 0.0152878
internal_weight=8002 7878 4184 951 768 3694 1677
internal_count=8002 7878 4184 951 768 3694 1677
is_linear=0
shrinkage=0.02


Tree=802
num_leaves=8
num_cat=0
split_feature=17 17 49 33 14 38 50
split_gain=440.617 764.896 998.089 920 1345.62 1911.86 929.144
threshold=17461.800000000003 13302.750000000002 47.500000000000007 2.5000000000000004 22.235000000000003 13178.450000000003 1.0000000180025095e-35
decision_type=2 2 2 2 2 8 2
left_child=1 2 -1 4 5 -4 -7
right_child=-2 -3 3 -5 -6 6 -8
leaf_value=0.003122358574856115 0.0057360506689701201 -0.023689292663439915 -0.094978382347560508 0.0023431420865951172 -0.091801650441872579 0.076721085472772385 -0.01478043570207513
leaf_weight=3756 2864 682 77 327 139 68 110
leaf_count=3756 2864 682 77 327 139 68 110
internal_value=-0.000548515 -0.00403954 -0.00102313 -0.0224915 -0.0428741 -0.0149513 0.0213163
internal_weight=8023 5159 4477 721 394 255 178
internal_count=8023 5159 4477 721 394 255 178
is_linear=0
shrinkage=0.02


Tree=803
num_leaves=8
num_cat=0
split_feature=12 51 8 10 56 56 16
split_gain=472.077 1195.23 578.859 630.603 505.638 405.208 718.429
threshold=7.3150000000000004 12.735000000000001 20.785000000000004 22572.350000000002 41.185000000000009 38.525000000000013 0.17090000000000002
decision_type=2 2 2 2 2 2 2
left_child=1 -1 -3 -4 -5 -2 -7
right_child=5 2 3 4 -6 6 -8
leaf_value=-0.092933129896591235 0.0055578762466044415 -0.042695407448930939 0.072033556558318057 0.02672120152626719 -0.056146450825766019 -0.080605387787024182 -0.0027789555740731112
leaf_weight=72 3462 89 54 65 46 43 4182
leaf_count=72 3462 89 54 65 46 43 4182
internal_value=-0.000517288 -0.023904 -0.00292036 0.0191588 -0.00856021 0.000489419 -0.00366538
internal_weight=8013 326 254 165 111 7687 4225
internal_count=8013 326 254 165 111 7687 4225
is_linear=0
shrinkage=0.02


Tree=804
num_leaves=8
num_cat=1
split_feature=12 41 2 66 48 17 22
split_gain=568.707 794.691 648.802 748.991 656.38 471.266 428.721
threshold=14.375000000000002 30.925000000000001 0 0.31250000000000006 9.5000000000000018 10126.500000000002 38110.700000000004
decision_type=2 2 1 2 2 2 2
left_child=1 5 3 -3 -4 -1 -2
right_child=6 2 4 -5 -6 -7 -8
leaf_value=-0.023359147618737138 0.0016735810764182814 -0.084370407778096498 -0.0060443498409277763 -0.00036574409545763679 0.05801348600536585 -0.11184602999219707 0.0524998809330499
leaf_weight=52 7311 78 316 87 75 46 62
leaf_count=52 7311 78 316 87 75 46 62
internal_value=0.000546594 -0.0172552 -0.00772825 -0.0390911 0.00665232 -0.068307 0.00213627
internal_weight=8027 654 556 165 391 98 7373
internal_count=8027 654 556 165 391 98 7373
cat_boundaries=0 1
cat_threshold=6
is_linear=0
shrinkage=0.02


Tree=805
num_leaves=8
num_cat=2
split_feature=23 22 17 2 54 6 2
split_gain=382.855 1006.28 630.918 820.545 578.073 1264.59 486.582
threshold=23.250000000000004 22514.050000000003 2897.4000000000001 0 86.325000000000003 1.0000000180025095e-35 1
decision_type=2 2 2 1 2 2 1
left_child=6 2 -2 -4 -5 -6 -1
right_child=1 -3 3 4 5 -7 -8
leaf_value=0.0031259335474039286 0.070567529809718241 0.077953942135143811 -0.042369074567749694 -0.015367111394287281 -0.02697740857050104 0.10441804810062699 -0.0071798656852942559
leaf_weight=4382 44 84 133 101 48 64 3128
leaf_count=4382 44 84 133 101 48 64 3128
internal_value=-6.88913e-05 0.0172677 0.00337548 -0.00605269 0.0181848 0.0493593 -0.00117386
internal_weight=7984 474 390 346 213 112 7510
internal_count=7984 474 390 346 213 112 7510
cat_boundaries=0 1 2
cat_threshold=176 178
is_linear=0
shrinkage=0.02


Tree=806
num_leaves=8
num_cat=0
split_feature=53 53 0 67 16 37 53
split_gain=514.252 562.121 582.956 496.002 516.885 549.797 661.784
threshold=39.905000000000008 41.345000000000006 40.500000000000007 20.394156774708549 0.67115000000000014 0.27525000000000005 31.555000000000003
decision_type=2 2 2 2 2 2 2
left_child=3 2 -2 4 5 6 -1
right_child=1 -3 -4 -5 -6 -7 -8
leaf_value=-0.015648960720535388 -0.095717738572435054 -0.001098709721744867 -0.009167094928297129 0.057415527715494755 0.05183042144064199 -0.02471613186670513 0.031033398190096834
leaf_weight=188 46 7059 83 90 94 200 326
leaf_count=188 46 7059 83 90 94 200 326
internal_value=-8.39092e-05 -0.00186982 -0.0424501 0.0141425 0.00899903 0.00303894 0.0139727
internal_weight=8086 7188 129 898 808 714 514
internal_count=8086 7188 129 898 808 714 514
is_linear=0
shrinkage=0.02


Tree=807
num_leaves=8
num_cat=0
split_feature=64 34 37 47 22 14 42
split_gain=631.461 1175.68 859.058 1913.02 1429.74 1398.62 1286.86
threshold=2.5000000000000004 2.5000000000000004 0.29705000000000004 7.5000000000000009 18085.850000000002 19.005000000000006 51.925000000000004
decision_type=2 2 2 2 2 2 2
left_child=1 2 4 5 -1 -4 -6
right_child=-2 -3 3 -5 6 -7 -8
leaf_value=-0.0038855046306104954 -0.0048168319364487924 0.044230581145047354 -0.084482903242762628 0.044016299627662174 0.064125123876322992 -0.00080686118884556958 -0.00038744446669112555
leaf_weight=1102 5616 299 178 121 286 142 215
leaf_count=1102 5616 299 178 121 286 142 215
internal_value=-0.00117885 0.00753283 0.00206979 -0.0224954 0.00887682 -0.0479353 0.0367098
internal_weight=7959 2343 2044 441 1603 320 501
internal_count=7959 2343 2044 441 1603 320 501
is_linear=0
shrinkage=0.02


Tree=808
num_leaves=8
num_cat=0
split_feature=55 57 48 0 38 8 38
split_gain=478.128 603.994 517.894 696.478 553.063 514.659 569.852
threshold=37.995000000000012 44.57500000000001 1.0000000180025095e-35 53.500000000000007 5827.3000000000011 8.8050000000000015 23403.650000000005
decision_type=2 2 2 2 10 2 8
left_child=1 2 3 4 -1 -4 -7
right_child=-2 -3 5 -5 -6 6 -8
leaf_value=-0.05519722937235863 -0.0029055533584576897 -0.029454874500311569 -0.035542350075614286 0.049236893095753409 0.014141788030017729 0.032883212259763178 0.0064954243926045718
leaf_weight=127 6231 146 66 50 68 664 647
leaf_count=127 6231 146 66 50 68 664 647
internal_value=-0.000300099 0.00886466 0.0123938 -0.0141826 -0.0312684 0.0171566 0.0199346
internal_weight=7999 1768 1622 245 195 1377 1311
internal_count=7999 1768 1622 245 195 1377 1311
is_linear=0
shrinkage=0.02


Tree=809
num_leaves=8
num_cat=0
split_feature=64 12 12 46 48 58 16
split_gain=372.133 749.345 547.091 616.531 516.662 508.151 460.732
threshold=1.5000000000000002 30.115000000000006 66.215000000000018 5.5000000000000009 1.5000000000000002 46.895000000000003 0.51055000000000017
decision_type=2 2 2 2 2 2 2
left_child=1 5 4 -4 -3 6 -1
right_child=-2 2 3 -5 -6 -7 -8
leaf_value=0.0083399936323985454 0.00049055290085659494 -0.0010692358385114109 -0.037844900307910788 0.056944688426123727 -0.060598552356804572 -0.031820100548118353 0.093572335372800422
leaf_weight=59 7429 80 51 49 212 45 41
leaf_count=59 7429 80 51 49 212 45 41
internal_value=-0.000676354 -0.0166753 -0.0309448 0.00910189 -0.0445817 0.0216472 0.046077
internal_weight=7966 537 392 100 292 145 100
internal_count=7966 537 392 100 292 145 100
is_linear=0
shrinkage=0.02


Tree=810
num_leaves=8
num_cat=1
split_feature=14 68 68 10 2 8 37
split_gain=490.46 893.74 1152.66 716.151 465.789 1073.47 848.124
threshold=43.180000000000007 747421.30000000016 484672.75000000006 13461.950000000003 0 16.035000000000004 0.13185000000000002
decision_type=2 2 2 2 1 2 2
left_child=4 2 3 -2 5 6 -1
right_child=1 -3 -4 -5 -6 -7 -8
leaf_value=-0.06274636884737346 -0.085922225206965006 0.015006597905312892 -0.12624030207687953 -0.00078069047016256004 0.0047324007753507579 0.0012918001042882088 0.009051722595206823
leaf_weight=211 47 178 48 165 6121 1077 93
leaf_count=211 47 178 48 165 6121 1077 93
internal_value=0.00116103 -0.0192894 -0.0426091 -0.0212013 0.00236707 -0.00807193 -0.0409908
internal_weight=7940 438 260 212 7502 1381 304
internal_count=7940 438 260 212 7502 1381 304
cat_boundaries=0 1
cat_threshold=9
is_linear=0
shrinkage=0.02


Tree=811
num_leaves=8
num_cat=0
split_feature=44 41 50 38 8 34 52
split_gain=617.857 1030.67 802.866 752.204 1100.03 711.701 679.41
threshold=1.0000000180025095e-35 71.350000000000009 1.0000000180025095e-35 2876.8500000000004 24.685000000000006 1.5000000000000002 48.225000000000001
decision_type=2 2 2 8 2 2 2
left_child=1 2 -1 4 -4 -3 -5
right_child=-2 5 3 6 -6 -7 -8
leaf_value=0.0051885928725006816 0.0030666058251755451 -0.016737403634347416 -0.0063432649109098653 -0.035742285031023446 -0.11466200152155141 0.061936502327195941 0.0011217318228585519
leaf_weight=451 6376 71 67 441 82 117 362
leaf_count=451 6376 71 67 441 82 117 362
internal_value=0.000283057 -0.0108468 -0.0167583 -0.0271282 -0.0677423 0.0325607 -0.0192195
internal_weight=7967 1591 1403 952 149 188 803
internal_count=7967 1591 1403 952 149 188 803
is_linear=0
shrinkage=0.02


Tree=812
num_leaves=8
num_cat=1
split_feature=12 10 12 16 2 54 8
split_gain=414.039 1012.01 1390.95 1058.18 1169.61 1276.23 1064.6
threshold=41.945000000000007 12490.300000000001 39.885000000000012 0.46435000000000004 0 87.685000000000016 8.3950000000000014
decision_type=2 2 2 2 1 2 2
left_child=1 2 3 4 5 -1 -5
right_child=-2 -3 -4 6 -6 -7 -8
leaf_value=-0.047128379440733364 0.0029137949379020233 -0.0010954257483598343 -0.11974480841980606 -0.081762327939271934 -0.084441626933313182 0.086942814158068774 0.017856131441669889
leaf_weight=72 4522 2862 56 45 140 40 298
leaf_count=72 4522 2862 56 45 140 40 298
internal_value=-0.00108668 -0.00623298 -0.0286388 -0.0191377 -0.0498246 0.00223261 0.00379969
internal_weight=8035 3513 651 595 252 112 343
internal_count=8035 3513 651 595 252 112 343
cat_boundaries=0 1
cat_threshold=46
is_linear=0
shrinkage=0.02


Tree=813
num_leaves=8
num_cat=0
split_feature=54 22 6 53 57 65 57
split_gain=388.962 881.549 911.083 1041.19 1202.27 864.064 829.932
threshold=73.02500000000002 13651.800000000001 1.0000000180025095e-35 51.565000000000005 21.955000000000002 0.73214285714285732 34.005000000000003
decision_type=2 2 2 2 2 2 2
left_child=1 -1 5 -4 -5 6 -3
right_child=-2 2 3 4 -6 -7 -8
leaf_value=-0.0096220432720750711 -0.0013291331196670485 0.064610916465929119 -0.0021651925891637801 -0.0045623669607771766 0.093247836012041618 -0.08050901200698346 -0.029404746072414594
leaf_weight=427 7002 68 123 67 191 44 73
leaf_count=427 7002 68 123 67 191 44 73
internal_value=0.000334883 0.0120163 0.028282 0.0457796 0.0682437 -0.00801008 0.0165961
internal_weight=7995 993 566 381 258 185 141
internal_count=7995 993 566 381 258 185 141
is_linear=0
shrinkage=0.02


Tree=814
num_leaves=8
num_cat=0
split_feature=42 64 8 9 40 53 64
split_gain=444.14 804.439 464.885 519.574 869.509 1177.45 647.297
threshold=80.790000000000006 2.5000000000000004 50.695000000000007 5.5000000000000009 38.755000000000003 61.105000000000011 2.5000000000000004
decision_type=2 2 2 2 2 2 2
left_child=2 -2 -1 4 5 -4 -6
right_child=1 -3 3 -5 6 -7 -8
leaf_value=0.0008024315270094795 0.062938348963612417 0.0054389082924349279 -0.12819549135758843 0.0049563335346189579 -0.062179817867279052 4.093023263058573e-05 0.0061065070051699874
leaf_weight=6770 117 487 66 264 70 48 211
leaf_count=6770 117 487 66 264 70 48 211
internal_value=0.000582229 0.0170023 -0.000763312 -0.0167333 -0.0311105 -0.0764682 -0.011694
internal_weight=8033 604 7429 659 395 114 281
internal_count=8033 604 7429 659 395 114 281
is_linear=0
shrinkage=0.02


Tree=815
num_leaves=8
num_cat=0
split_feature=68 52 22 51 56 56 22
split_gain=664.582 1578.28 1067.21 1592.04 737.053 699.846 1322.09
threshold=1041138.9000000001 63.135000000000012 26939.100000000002 24.555000000000003 41.665000000000006 27.365000000000006 20341.900000000005
decision_type=2 2 2 2 2 2 2
left_child=5 2 -2 -4 -3 6 -1
right_child=1 4 3 -5 -6 -7 -8
leaf_value=0.0089753582553258014 -0.016869162148888627 -0.00080266196418228564 -0.1728306166066064 -0.010050393312141812 0.048414259472718602 0.00054642715160688649 0.10712080795160482
leaf_weight=247 1403 293 40 53 203 5728 66
leaf_count=247 1403 293 40 53 203 5728 66
internal_value=-0.00115465 -0.0111573 -0.0213938 -0.0853092 0.0196227 0.00215019 0.0310295
internal_weight=8033 1992 1496 93 496 6041 313
internal_count=8033 1992 1496 93 496 6041 313
is_linear=0
shrinkage=0.02


Tree=816
num_leaves=8
num_cat=0
split_feature=40 24 53 51 38 55 51
split_gain=540.502 699.166 511.241 637.064 781.103 712.55 520.242
threshold=5.6100000000000003 1.5000000000000002 85.855000000000004 37.675000000000004 5618.8000000000011 45.465000000000011 32.095000000000006
decision_type=2 2 2 2 10 2 2
left_child=1 -1 6 4 -4 -5 -2
right_child=2 -3 3 5 -6 -7 -8
leaf_value=0.025341571083499326 -0.0056162560549696651 -0.072806451873163161 0.053084130651404264 -0.071264325174792059 -0.0084601701268060946 0.025523467293152441 0.0052715047800693813
leaf_weight=40 4546 84 242 53 122 60 2853
leaf_count=40 4546 84 242 53 122 60 2853
internal_value=-0.000783259 -0.0413907 -0.00011808 0.0198403 0.0326215 -0.0209687 -0.00141729
internal_weight=8000 124 7876 477 364 113 7399
internal_count=8000 124 7876 477 364 113 7399
is_linear=0
shrinkage=0.02


Tree=817
num_leaves=8
num_cat=0
split_feature=57 40 66 64 40 38 40
split_gain=354.579 634.732 668.827 438.906 523.255 695.976 994.577
threshold=34.005000000000003 82.190000000000012 0.31250000000000006 4.5000000000000009 18.925000000000004 4988.5000000000009 16.395000000000003
decision_type=2 2 2 2 2 10 2
left_child=-1 3 -3 4 5 6 -2
right_child=1 2 -4 -5 -6 -7 -8
leaf_value=0.0039875403532068209 0.018592653111874604 0.060264245526603429 -0.0074174482661203064 0.016768872956272031 -0.0060942933134276421 -0.076284291400921106 -0.09045238910781013
leaf_weight=3764 126 116 111 300 3430 97 40
leaf_count=3764 126 116 111 300 3430 97 40
internal_value=-0.000472465 -0.00445055 0.0277222 -0.00631193 -0.00820703 -0.0351333 -0.00955977
internal_weight=7984 4220 227 3993 3693 263 166
internal_count=7984 4220 227 3993 3693 263 166
is_linear=0
shrinkage=0.02


Tree=818
num_leaves=8
num_cat=0
split_feature=23 22 46 41 22 9 52
split_gain=531.642 734.182 484.882 821.777 391.625 741.653 591.719
threshold=23.250000000000004 22514.050000000003 6.5000000000000009 52.735000000000007 7121.0500000000011 7.5000000000000009 52.040000000000006
decision_type=2 2 2 2 2 2 2
left_child=4 2 -2 -4 5 6 -1
right_child=1 -3 3 -5 -6 -7 -8
leaf_value=-0.011541884246149235 0.025024791842642821 0.077260901245631675 -0.076367087852759447 0.020392389304581142 -0.0007219430006509827 0.029014365716200127 -0.080388025819640788
leaf_weight=107 260 71 56 79 7265 71 92
leaf_count=107 260 71 56 79 7265 71 92
internal_value=-0.000321733 0.0202929 0.00921535 -0.0210388 -0.00160925 -0.0250372 -0.0445604
internal_weight=8001 466 395 135 7535 270 199
internal_count=8001 466 395 135 7535 270 199
is_linear=0
shrinkage=0.02


Tree=819
num_leaves=8
num_cat=0
split_feature=67 37 55 41 41 56 16
split_gain=386.187 750.935 711.274 592.473 927.655 881.918 912.212
threshold=4.6974434707168671 1.2916500000000002 40.125000000000007 40.615000000000002 30.235000000000003 43.145000000000003 0.45515000000000005
decision_type=2 2 2 2 2 2 2
left_child=-1 3 -3 4 5 6 -2
right_child=1 2 -4 -5 -6 -7 -8
leaf_value=-0.005396121579971532 -0.016542100695272285 -0.10741241320967675 -0.0094245670947589386 -0.00037025140432203748 0.039201005653971256 -0.038920785477442772 0.051820353156661392
leaf_weight=4969 148 40 90 1964 454 156 156
leaf_count=4969 148 40 90 1964 454 156 156
internal_value=-0.00197433 0.00367781 -0.0424362 0.00583078 0.019085 -0.000976583 0.0188095
internal_weight=7977 3008 130 2878 914 460 304
internal_count=7977 3008 130 2878 914 460 304
is_linear=0
shrinkage=0.02


Tree=820
num_leaves=8
num_cat=0
split_feature=17 64 21 21 67 67 9
split_gain=461.59 671.596 1193.82 1146.86 1265.85 1397.62 954.49
threshold=17461.800000000003 2.5000000000000004 279415.3000000001 217840.55000000002 12.657825031424752 5.6015988926806779 5.5000000000000009
decision_type=2 2 10 10 2 2 2
left_child=-1 2 3 4 5 6 -2
right_child=1 -3 -4 -5 -6 -7 -8
leaf_value=-0.0030971612163137926 -0.0013982490086700858 0.0015088142192354046 0.060550441166016621 -0.059614334230342604 0.10197844671824623 -0.079887708062888127 0.086755574102133096
leaf_weight=5186 159 2128 232 84 58 59 66
leaf_count=5186 159 2128 232 84 58 59 66
internal_value=0.00042972 0.00698862 0.0245655 0.00449301 0.0208708 0.00282879 0.0257841
internal_weight=7972 2786 658 426 342 284 225
internal_count=7972 2786 658 426 342 284 225
is_linear=0
shrinkage=0.02


Tree=821
num_leaves=8
num_cat=0
split_feature=49 52 16 32 42 12 66
split_gain=471.922 825.298 533.369 737.797 673.833 750.629 714.132
threshold=4.5000000000000009 49.195000000000007 0.50695000000000012 1.0000000180025095e-35 34.475000000000001 25.775000000000002 0.31250000000000006
decision_type=2 2 2 2 2 2 2
left_child=1 -1 -2 -4 5 -5 -7
right_child=2 -3 3 4 -6 6 -8
leaf_value=-0.092223388397655745 -0.0034812310567869631 0.010733878528294357 0.013664616375446524 0.096794876760906645 -0.013082189809112301 -0.049637090453734767 0.027410413239912321
leaf_weight=54 4302 64 2315 40 986 60 181
leaf_count=54 4302 64 2315 40 986 60 181
internal_value=0.000658293 -0.0382158 0.00126397 0.0069599 -0.00529619 0.0217752 0.00760946
internal_weight=8002 118 7884 3582 1267 281 241
internal_count=8002 118 7884 3582 1267 281 241
is_linear=0
shrinkage=0.02


Tree=822
num_leaves=8
num_cat=1
split_feature=46 40 49 26 13 7 52
split_gain=519.888 674.021 740.441 943.974 430.008 860.361 912.478
threshold=11.500000000000002 78.055000000000021 16.500000000000004 1.0000000180025095e-35 374.15000000000003 0 71.75500000000001
decision_type=2 2 2 2 2 1 2
left_child=4 2 -2 -4 -1 6 -6
right_child=1 -3 3 -5 5 -7 -8
leaf_value=-0.00095742983239945295 0.015047993951914264 0.017145160680467432 -0.12569290015360582 -0.0040195953327676528 -0.025432634054058666 0.015364927313629068 0.049007003880464119
leaf_weight=5389 44 83 64 41 426 1886 73
leaf_count=5389 44 83 64 41 426 1886 73
internal_value=0.00128496 -0.027897 -0.0527296 -0.0805246 0.00217321 0.00923423 -0.0138889
internal_weight=8006 232 149 105 7774 2385 499
internal_count=8006 232 149 105 7774 2385 499
cat_boundaries=0 1
cat_threshold=40
is_linear=0
shrinkage=0.02


Tree=823
num_leaves=8
num_cat=0
split_feature=49 20 23 41 41 57 18
split_gain=418.475 568.387 809.263 803.043 726.726 884.534 643.131
threshold=9.5000000000000018 448590.10000000003 14.450000000000001 41.965000000000011 44.755000000000003 41.995000000000012 93615.650000000009
decision_type=2 10 2 2 2 2 2
left_child=1 2 4 -4 5 -1 -6
right_child=-2 -3 3 -5 6 -7 -8
leaf_value=0.097436597583980489 0.00012470761294269193 -0.031641719751060012 -0.1041982883711656 -0.0041252710619597757 0.02589081660921996 -0.016207783735460706 -0.050367576952775321
leaf_weight=74 7163 405 43 98 103 40 70
leaf_count=74 7163 405 43 98 103 40 70
internal_value=-0.00143968 -0.0148123 0.00129413 -0.0371673 0.0205027 0.0585558 -0.00551326
internal_weight=7996 833 428 141 287 114 173
internal_count=7996 833 428 141 287 114 173
is_linear=0
shrinkage=0.02


Tree=824
num_leaves=8
num_cat=0
split_feature=56 56 48 65 52 40 23
split_gain=352.042 525.422 380.674 462.53 311.443 428.355 408.204
threshold=59.970000000000006 55.295000000000009 1.5000000000000002 0.58571428571428574 92.180000000000021 48.335000000000008 10.950000000000001
decision_type=2 2 2 2 2 2 2
left_child=1 4 -3 -4 -1 -6 -7
right_child=-2 2 3 -5 5 6 -8
leaf_value=-0.0002739582934091373 -0.050211228755889119 0.084601059498939118 -0.022032286864060623 0.053682623879840741 0.080605149600240913 0.038671073187438267 -0.039734996589629548
leaf_weight=7644 49 42 60 60 40 58 41
leaf_count=7644 49 42 60 60 40 58 41
internal_value=0.000682874 0.00102814 0.0361289 0.0164582 0.000274806 0.0294146 0.00585065
internal_weight=7994 7945 162 120 7783 139 99
internal_count=7994 7945 162 120 7783 139 99
is_linear=0
shrinkage=0.02


Tree=825
num_leaves=8
num_cat=0
split_feature=16 17 50 58 58 8 30
split_gain=343.939 552.029 588.738 591.174 1225.59 728.051 686.613
threshold=0.39065000000000005 56449.350000000013 3.5000000000000004 39.745000000000012 39.005000000000003 8.8050000000000015 1.0000000180025095e-35
decision_type=2 2 2 2 2 2 2
left_child=1 2 3 4 5 -1 -5
right_child=-2 -3 -4 6 -6 -7 -8
leaf_value=0.064275891825295334 0.0040481703074895523 0.022801758058679601 0.044640622958540918 -0.033633007891173398 0.098257173659900818 -0.0093301837499078152 0.0046706727717755444
leaf_weight=52 5801 247 75 641 43 946 262
leaf_count=52 5801 247 75 641 43 946 262
internal_value=0.00146781 -0.00513232 -0.0085976 -0.0107608 -0.000471257 -0.0051937 -0.0225549
internal_weight=8067 2266 2019 1944 1041 998 903
internal_count=8067 2266 2019 1944 1041 998 903
is_linear=0
shrinkage=0.02


Tree=826
num_leaves=8
num_cat=0
split_feature=50 54 10 34 17 41 51
split_gain=422.601 808.28 590.601 635.776 447.225 535.872 546.926
threshold=3.5000000000000004 97.25500000000001 19632.150000000005 2.5000000000000004 5965.8500000000013 16.995000000000001 18.875000000000004
decision_type=2 2 2 2 2 2 2
left_child=4 2 -2 -4 5 -1 -7
right_child=1 -3 3 -5 -6 6 -8
leaf_value=-0.036200520909258301 -0.013377390005465211 -0.048007857501506809 0.096908021726362092 0.014968896838900162 -0.0023156343986034254 0.022542169147511393 0.0025134222161796562
leaf_weight=100 53 43 87 68 5295 868 1457
leaf_count=100 53 43 87 68 5295 868 1457
internal_value=0.00178135 0.0270625 0.0433445 0.0625517 0.000942397 0.00804645 0.0100231
internal_weight=7971 251 208 155 7720 2425 2325
internal_count=7971 251 208 155 7720 2425 2325
is_linear=0
shrinkage=0.02


Tree=827
num_leaves=8
num_cat=0
split_feature=55 21 55 34 40 42 42
split_gain=540.527 624.351 547.381 927.848 928.59 772.995 742.307
threshold=55.685000000000009 211538.45000000004 51.945000000000007 1.5000000000000002 24.765000000000004 39.165000000000006 63.540000000000006
decision_type=2 8 2 2 2 2 2
left_child=2 -2 -1 4 -4 -6 -7
right_child=1 -3 3 -5 5 6 -8
leaf_value=7.6908228088975363e-05 -0.060758436295390128 -0.0082240238267147076 -0.044205906417634749 -0.0015050267735244455 0.11011008146562075 0.0067326246003309885 0.079867621210536796
leaf_weight=6177 95 982 40 439 71 145 86
leaf_count=6177 95 982 40 439 71 145 86
internal_value=3.37322e-05 -0.0131173 0.00207729 0.0177973 0.042239 0.0542222 0.0350756
internal_weight=8035 1077 6958 781 342 302 231
internal_count=8035 1077 6958 781 342 302 231
is_linear=0
shrinkage=0.02


Tree=828
num_leaves=8
num_cat=0
split_feature=42 42 14 23 14 14 21
split_gain=416.698 1075.59 973.613 1003.93 857.177 1000.67 854.679
threshold=52.385000000000012 54.065000000000005 8.7450000000000028 4.3500000000000005 15.945000000000002 13.305000000000001 264392.85000000003
decision_type=2 2 2 2 2 2 10
left_child=2 6 -1 4 5 -4 -2
right_child=1 -3 3 -5 -6 -7 -8
leaf_value=-0.026475783002201249 -0.074644197494722897 -0.0039275327966546581 0.042460976511586548 0.0023458799324152925 0.065588011978910524 -0.066176008928034991 0.0025344585825471167
leaf_weight=420 155 3383 81 3611 190 51 89
leaf_count=420 155 3383 81 3611 190 51 89
internal_value=-0.0018842 -0.00688637 0.00228682 0.00538805 0.0389463 -0.000395712 -0.0470074
internal_weight=7980 3627 4353 3933 322 132 244
internal_count=7980 3627 4353 3933 322 132 244
is_linear=0
shrinkage=0.02


Tree=829
num_leaves=8
num_cat=0
split_feature=40 38 21 38 51 18 20
split_gain=417.488 786.626 795.351 849.492 696.491 806.299 442.645
threshold=18.925000000000004 3518.9000000000001 245940.50000000003 13769.950000000003 11.255000000000001 581302.05000000016 1166337.7500000002
decision_type=2 10 10 10 2 2 8
left_child=1 4 -3 -4 -1 6 -6
right_child=-2 2 3 -5 5 -7 -8
leaf_value=0.063188405370428441 0.0013648221399999252 -0.078434628155815797 -0.056406443097761702 0.055858573437883301 0.0077555715883600301 0.0591030943755693 -0.051164932626944326
leaf_weight=58 7488 122 51 47 82 48 125
leaf_count=58 7488 122 51 47 82 48 125
internal_value=0.000143026 -0.0168749 -0.0454014 -0.00246714 0.0035743 -0.0109394 -0.028192
internal_weight=8021 533 220 98 313 255 207
internal_count=8021 533 220 98 313 255 207
is_linear=0
shrinkage=0.02


Tree=830
num_leaves=8
num_cat=0
split_feature=17 52 45 22 12 12 22
split_gain=446.724 1350.66 378.894 544.551 501.4 498.346 828.012
threshold=895.00000000000011 42.205000000000005 1.0000000180025095e-35 6533.8000000000011 1.0000000180025095e-35 30.895000000000003 9900.9000000000015
decision_type=2 2 2 2 2 2 2
left_child=1 -1 3 -2 -5 -6 -7
right_child=2 -3 -4 4 5 6 -8
leaf_value=-0.11087230319123981 -0.047671924189135836 0.016962666581553151 -0.0028014256087168193 -0.047851082566839002 0.022001079550610574 0.031370974752165742 -0.00097873918139818614
leaf_weight=51 69 78 4518 60 796 367 2119
leaf_count=51 69 78 4518 60 796 367 2119
internal_value=0.000384992 -0.035828 0.000996362 0.00602341 0.00720158 0.00827929 0.00385033
internal_weight=8058 129 7929 3411 3342 3282 2486
internal_count=8058 129 7929 3411 3342 3282 2486
is_linear=0
shrinkage=0.02


Tree=831
num_leaves=8
num_cat=0
split_feature=44 38 57 58 33 40 41
split_gain=293.405 983.482 959.299 842.221 894.649 803.951 719.031
threshold=1.0000000180025095e-35 3211.5000000000005 8.7700000000000014 60.420000000000009 1.0000000180025095e-35 43.830000000000005 15.475000000000003
decision_type=2 8 2 2 2 2 2
left_child=1 5 -3 4 -4 -1 -6
right_child=-2 2 3 -5 6 -7 -8
leaf_value=-0.079767639810234561 0.0027096638810806856 0.060142186367979314 -0.074891198502212278 -0.063080855249098261 -0.064293361063730917 -0.0076907612214034251 0.0074081283429233051
leaf_weight=118 6338 93 56 87 54 127 1080
leaf_count=118 6338 93 56 87 54 127 1080
internal_value=0.000769973 -0.00682713 -0.000169714 -0.00477948 -0.000271006 -0.0433064 0.00372652
internal_weight=7953 1615 1370 1277 1190 245 1134
internal_count=7953 1615 1370 1277 1190 245 1134
is_linear=0
shrinkage=0.02


Tree=832
num_leaves=8
num_cat=1
split_feature=9 22 12 22 7 30 42
split_gain=682.084 801.542 978.771 872.378 893.85 755.679 1128.01
threshold=1.5000000000000002 11511.000000000002 70.260000000000005 11954.400000000001 0 1.0000000180025095e-35 19.780000000000005
decision_type=2 2 2 2 1 2 2
left_child=1 2 -1 -3 -5 -2 -7
right_child=5 3 -4 4 -6 6 -8
leaf_value=-0.00093762468861609272 -0.001942969954060446 -0.093513695728980883 0.073352054203974046 -0.051366392143183587 -0.0084522087629399778 0.068209909270946861 0.0089494470818897998
leaf_weight=525 4200 54 77 216 1330 136 1479
leaf_count=525 4200 54 77 216 1330 136 1479
internal_value=-0.00106019 -0.0105271 0.00909049 -0.0179135 -0.0149799 0.00253065 0.0141349
internal_weight=8017 2202 602 1600 1546 5815 1615
internal_count=8017 2202 602 1600 1546 5815 1615
cat_boundaries=0 1
cat_threshold=33
is_linear=0
shrinkage=0.02


Tree=833
num_leaves=8
num_cat=0
split_feature=52 8 15 49 52 54 67
split_gain=421.394 437.174 312.891 301.202 395.873 355.287 1468.76
threshold=2.8800000000000003 21.575000000000003 6.5000000000000009 4.5000000000000009 49.195000000000007 79.645000000000024 21.282391666666673
decision_type=2 2 2 2 2 2 2
left_child=1 -1 3 4 -2 6 -5
right_child=2 -3 -4 5 -6 -7 -8
leaf_value=0.0065694115245551396 -0.06414695017280117 -0.070653696968005261 -0.037675906289846468 0.004892197572149929 0.0060713132023811345 0.00043158869835815874 0.063901857944759166
leaf_weight=52 57 60 73 1931 65 5553 180
leaf_count=52 57 60 73 1931 65 5553 180
internal_value=0.00162776 -0.0360516 0.00218732 0.00258501 -0.0279694 0.00308931 0.0100629
internal_weight=7971 112 7859 7786 122 7664 2111
internal_count=7971 112 7859 7786 122 7664 2111
is_linear=0
shrinkage=0.02


Tree=834
num_leaves=8
num_cat=0
split_feature=56 56 42 42 31 14 52
split_gain=383.609 542.578 1021.16 378.955 463.947 937.971 925.827
threshold=58.75500000000001 55.295000000000009 40.775000000000013 81.935000000000016 1.0000000180025095e-35 43.180000000000007 45.045000000000009
decision_type=2 2 2 2 2 2 2
left_child=1 3 -3 4 5 -1 -7
right_child=-2 2 -4 -5 -6 6 -8
leaf_value=-0.004739008189072468 -0.04328468899667999 0.1076552090069486 -0.0031366613802019058 0.015658634031673013 0.0027765825031669284 -0.10898315249992135 -0.013359883427176446
leaf_weight=2823 76 49 86 552 4261 65 100
leaf_count=2823 76 49 86 552 4261 65 100
internal_value=1.93491e-05 0.000461048 0.0394853 -0.000239145 -0.00145969 -0.00749533 -0.0531271
internal_weight=8012 7936 135 7801 7249 2988 165
internal_count=8012 7936 135 7801 7249 2988 165
is_linear=0
shrinkage=0.02


Tree=835
num_leaves=8
num_cat=1
split_feature=52 15 22 9 54 8 2
split_gain=455.714 1267.3 681.567 723.096 490.162 474.27 788.149
threshold=15.630000000000001 1.5000000000000002 14969.650000000001 3.5000000000000004 88.335000000000022 8.5850000000000026 0
decision_type=2 2 2 2 2 2 1
left_child=1 2 3 -1 -3 6 -2
right_child=5 4 -4 -5 -6 -7 -8
leaf_value=-0.01862884438375477 0.061525322327903212 -0.11786924692740042 -0.027876361819741492 0.062368305414029872 -0.026161394654488076 0.0005198049735256799 -0.00065626453558158455
leaf_weight=75 123 55 177 96 44 7148 208
leaf_count=75 123 55 177 96 44 7148 208
internal_value=0.0004342 -0.0190679 -0.000749594 0.0273232 -0.0803275 0.00161175 0.0248338
internal_weight=7926 447 348 171 99 7479 331
internal_count=7926 447 348 171 99 7479 331
cat_boundaries=0 1
cat_threshold=52
is_linear=0
shrinkage=0.02


Tree=836
num_leaves=8
num_cat=0
split_feature=16 55 34 55 18 41 58
split_gain=476.65 401.293 726.579 853.277 949.129 784.757 636.625
threshold=0.17090000000000002 55.475000000000001 1.5000000000000002 58.455000000000005 136134.05000000002 28.565000000000001 41.605000000000011
decision_type=2 2 2 2 2 2 2
left_child=-1 -2 3 4 -3 -5 -4
right_child=1 2 6 5 -6 -7 -8
leaf_value=-0.045529288452925136 0.00086776722754478019 -0.08922395230995285 -0.0058031991172727247 -0.079762044779810262 0.0040542809465038245 0.0060587726750364699 0.05210216967182027
leaf_weight=92 6820 139 482 46 62 256 85
leaf_count=92 6820 139 482 46 62 256 85
internal_value=-0.00146412 -0.000921797 -0.0122792 -0.0296518 -0.0610515 -0.00809943 0.00325706
internal_weight=7982 7890 1070 503 201 302 567
internal_count=7982 7890 1070 503 201 302 567
is_linear=0
shrinkage=0.02


Tree=837
num_leaves=8
num_cat=0
split_feature=68 20 8 67 22 33 20
split_gain=357.417 448.129 700.919 478.122 517.307 567.129 435.176
threshold=1820341.55 2040219.5500000003 24.685000000000006 7.0230988498967246 19045.250000000004 2.5000000000000004 1625303.1500000001
decision_type=2 10 2 2 2 2 10
left_child=6 3 -3 4 5 -2 -1
right_child=1 2 -4 -5 -6 -7 -8
leaf_value=-0.00087204975279225145 0.12370747769108185 0.038150565933901814 -0.050752467395737764 -0.0048198456607366864 -0.0054131772025273394 0.036230055275425485 -0.054508363045141346
leaf_weight=7530 47 59 75 90 47 84 56
leaf_count=7530 47 59 75 90 47 84 56
internal_value=-0.000324856 0.0179345 -0.0116443 0.0326663 0.0512338 0.0710093 -0.00130364
internal_weight=7988 402 134 268 178 131 7586
internal_count=7988 402 134 268 178 131 7586
is_linear=0
shrinkage=0.02


Tree=838
num_leaves=8
num_cat=0
split_feature=38 41 57 57 12 21 22
split_gain=431.178 775.171 968.785 843.069 695.786 652.94 696.584
threshold=17351.150000000005 41.495000000000012 21.475000000000005 11.665000000000001 31.435000000000006 255166.55000000002 11385.650000000001
decision_type=10 2 2 2 2 10 2
left_child=-1 2 3 -2 -4 6 -3
right_child=1 5 4 -5 -6 -7 -8
leaf_value=0.0016315220580607592 -0.019057367020183142 0.026823376761915693 0.035342120050222844 -0.14294898257349375 -0.035721631958929419 0.020075557408612811 -0.030976487192865068
leaf_weight=6954 40 107 72 49 192 342 328
leaf_count=6954 40 107 72 49 192 342 328
internal_value=-0.000232861 -0.0116629 -0.036013 -0.0912428 -0.0160439 -0.000440836 -0.0166158
internal_weight=8084 1130 353 89 264 777 435
internal_count=8084 1130 353 89 264 777 435
is_linear=0
shrinkage=0.02


Tree=839
num_leaves=8
num_cat=1
split_feature=23 22 14 8 2 23 23
split_gain=450.024 711.998 640.921 874.048 663.717 886.501 810.776
threshold=7.5500000000000007 7035.6000000000013 42.570000000000007 23.805000000000003 0 6.6500000000000012 4.9500000000000011
decision_type=2 2 2 2 1 2 2
left_child=1 -1 4 -4 5 6 -3
right_child=-2 2 3 -5 -6 -7 -8
leaf_value=-0.067955732047557837 0.0024072649585373672 -0.057074260953543843 -0.11162996535593608 -0.0040001109869856584 8.1424948926916521e-05 -0.11938051048086749 0.048825887572765347
leaf_weight=72 5786 64 48 71 1875 40 45
leaf_count=72 5786 64 48 71 1875 40 45
internal_value=-0.000528051 -0.00818381 -0.00602209 -0.0501645 -0.00330954 -0.0418839 -0.0131301
internal_weight=8001 2215 2143 119 2024 149 109
internal_count=8001 2215 2143 119 2024 149 109
cat_boundaries=0 1
cat_threshold=1
is_linear=0
shrinkage=0.02


Tree=840
num_leaves=8
num_cat=0
split_feature=58 32 15 51 57 23 57
split_gain=499.524 541.732 577.122 929.37 928.711 821.286 721.887
threshold=29.205000000000002 1.0000000180025095e-35 1.0000000180025095e-35 29.545000000000005 55.645000000000003 28.250000000000004 53.955000000000005
decision_type=2 2 2 2 2 2 2
left_child=-1 2 5 6 -5 -2 -4
right_child=1 -3 3 4 -6 -7 -8
leaf_value=-0.0099624172026053295 0.010377894605950655 -0.0060761572071776704 -0.023202370715148829 0.023295089260390395 -0.06096129519158397 0.085388548801342654 0.034272828104369567
leaf_weight=1903 2366 2238 774 548 53 55 94
leaf_count=1903 2366 2238 774 548 53 55 94
internal_value=-0.00102576 0.0017553 0.00626293 -0.00361954 0.0154232 0.0122545 -0.0168175
internal_weight=8031 6128 3890 1469 601 2421 868
internal_count=8031 6128 3890 1469 601 2421 868
is_linear=0
shrinkage=0.02


Tree=841
num_leaves=8
num_cat=0
split_feature=16 53 38 23 38 13 12
split_gain=603.924 583.132 678.959 514.623 567.451 1133.21 890.624
threshold=0.26805000000000007 43.475000000000001 5962.4000000000005 19.150000000000002 6467.8000000000002 381.45000000000005 44.275000000000013
decision_type=2 2 10 2 8 2 2
left_child=1 2 -1 4 5 6 -3
right_child=-2 3 -4 -5 -6 -7 -8
leaf_value=0.056795035745948561 0.0027324916647500298 0.017460536370843143 -0.034326006333742824 0.025659758682434374 -0.051994105637231475 0.074233280601454718 -0.094055434994656476
leaf_weight=75 7380 54 51 60 278 46 53
leaf_count=75 7380 54 51 60 278 46 53
internal_value=0.00113912 -0.0177882 0.0200103 -0.0275919 -0.0352144 -0.00404523 -0.0395093
internal_weight=7997 617 126 491 431 153 107
internal_count=7997 617 126 491 431 153 107
is_linear=0
shrinkage=0.02


Tree=842
num_leaves=8
num_cat=0
split_feature=8 45 32 13 13 41 63
split_gain=626.373 665.54 819.798 579.383 777.34 1097.25 662.93
threshold=54.410000000000004 1.0000000180025095e-35 1.0000000180025095e-35 383.15000000000003 369.55000000000007 49.000000000000007 1.0000000180025095e-35
decision_type=2 2 2 2 2 2 2
left_child=1 2 3 4 6 -6 -1
right_child=-2 -3 -4 -5 5 -7 -8
leaf_value=0.021620087096995606 -0.020827909135077788 -0.0031313098101749611 -0.0047854413225222828 0.03484140343601011 -0.083216692533022094 0.023578733181953433 -0.012449260580674698
leaf_weight=1138 507 4268 1128 508 76 70 282
leaf_count=1138 507 4268 1128 508 76 70 282
internal_value=0.000573094 0.00203857 0.00892373 0.0163734 0.0102907 -0.0329281 0.0148343
internal_weight=7977 7470 3202 2074 1566 146 1420
internal_count=7977 7470 3202 2074 1566 146 1420
is_linear=0
shrinkage=0.02


Tree=843
num_leaves=8
num_cat=2
split_feature=21 42 64 5 7 13 58
split_gain=459.932 598.828 657.408 584.539 526.615 1024.86 609.493
threshold=451812.50000000006 20.205000000000002 3.5000000000000004 0 1 391.05000000000007 34.515000000000008
decision_type=10 2 2 1 1 2 2
left_child=3 -2 -3 4 5 6 -1
right_child=1 2 -4 -5 -6 -7 -8
leaf_value=0.10550812837365386 -0.044524304155717821 0.040933866021646698 -0.0039604770492675696 -0.0031939504134178226 0.0053687229954428985 -0.036366968378424645 0.029195491716675803
leaf_weight=72 52 336 210 6157 1052 51 104
leaf_count=72 52 336 210 6157 1052 51 104
internal_value=0.000728239 0.0175275 0.0237876 -0.000633618 0.0115907 0.0383053 0.0624665
internal_weight=8034 598 546 7436 1279 227 176
internal_count=8034 598 546 7436 1279 227 176
cat_boundaries=0 1 2
cat_threshold=1 24
is_linear=0
shrinkage=0.02


Tree=844
num_leaves=8
num_cat=0
split_feature=56 22 56 22 12 33 22
split_gain=393.045 959.065 885.821 1101.63 591.596 514.236 633.118
threshold=30.155000000000005 20341.900000000005 28.685000000000006 11748.150000000001 58.085000000000008 3.5000000000000004 25728.400000000005
decision_type=2 2 2 2 2 2 2
left_child=1 2 -1 -4 -5 6 -3
right_child=-2 5 3 4 -6 -7 -8
leaf_value=-0.0077895915470603443 0.0019242063423190021 0.08477725594863296 0.0051748736396238408 -0.11796469950338001 -0.023092067105902565 -0.019589746225447881 -0.0087591897589819768
leaf_weight=445 7230 75 72 92 40 58 44
leaf_count=445 7230 75 72 92 40 58 44
internal_value=0.000428221 -0.012599 -0.0238357 -0.0578146 -0.0911074 0.0281254 0.0512337
internal_weight=8056 826 649 204 132 177 119
internal_count=8056 826 649 204 132 177 119
is_linear=0
shrinkage=0.02


Tree=845
num_leaves=8
num_cat=0
split_feature=32 55 23 17 23 58 22
split_gain=513.422 827.261 935.589 832.87 1025.53 958.776 924.507
threshold=1.0000000180025095e-35 54.735000000000007 14.850000000000003 43393.55000000001 21.050000000000004 29.205000000000002 28469.050000000003
decision_type=2 2 2 2 2 2 2
left_child=1 3 -3 4 6 -5 -1
right_child=-2 2 -4 5 -6 -7 -8
leaf_value=0.0027615197138027999 -0.0071482965733212708 -0.0017304666511504213 -0.05024061054595419 -0.025218222253024579 0.035630876878963512 0.045986299231715842 -0.045053421801723108
leaf_weight=3328 2861 562 217 91 361 375 165
leaf_count=3328 2861 562 217 91 361 375 165
internal_value=-0.000374363 0.00342971 -0.0154778 0.00685313 0.00377973 0.0319615 0.000441699
internal_weight=7960 5099 779 4320 3854 466 3493
internal_count=7960 5099 779 4320 3854 466 3493
is_linear=0
shrinkage=0.02


Tree=846
num_leaves=8
num_cat=0
split_feature=64 17 8 56 56 64 17
split_gain=339.184 355.739 1231.08 593.822 793.009 524.044 474.406
threshold=1.0000000180025095e-35 5791.9000000000005 47.650000000000006 58.75500000000001 55.295000000000009 3.5000000000000004 6908.9500000000007
decision_type=2 2 2 2 2 2 2
left_child=-1 2 -2 4 6 -4 -3
right_child=1 3 5 -5 -6 -7 -8
leaf_value=-0.048970711031662562 0.010440355170660944 -0.023944063895258445 -0.073138779936447032 -0.066071085112875905 0.05464866785674679 0.0028202416400114694 -0.0010848375849989329
leaf_weight=51 2304 387 100 53 93 55 4943
leaf_count=51 2304 387 100 53 93 55 4943
internal_value=7.80453e-05 0.000423932 0.00673556 -0.00241387 -0.00173144 -0.0469397 -0.00276548
internal_weight=7986 7935 2459 5476 5423 155 5330
internal_count=7986 7935 2459 5476 5423 155 5330
is_linear=0
shrinkage=0.02


Tree=847
num_leaves=8
num_cat=0
split_feature=64 42 65 41 42 30 55
split_gain=415.635 939.677 431.784 609.347 455.986 482.541 855.114
threshold=4.5000000000000009 57.605000000000011 0.81666666666666676 45.535000000000004 77.75500000000001 1.0000000180025095e-35 47.185000000000009
decision_type=2 2 2 2 2 2 2
left_child=2 -2 4 -4 5 -1 -7
right_child=1 -3 3 -5 -6 6 -8
leaf_value=-0.0069168358927708456 0.037748868103584521 -0.011125361137220131 0.092353675365448001 0.00069411442051699136 0.012972489232562502 0.017878803217208198 -0.011386262958942543
leaf_weight=4820 340 286 42 76 722 950 682
leaf_count=4820 340 286 42 76 722 950 682
internal_value=-6.41315e-05 0.0155085 -0.00141072 0.0357467 -0.00204636 -0.00373577 0.00565174
internal_weight=7918 626 7292 118 7174 6452 1632
internal_count=7918 626 7292 118 7174 6452 1632
is_linear=0
shrinkage=0.02


Tree=848
num_leaves=8
num_cat=0
split_feature=0 55 53 55 41 52 41
split_gain=388.833 804.826 1362.12 1322.23 867.224 754.364 604.033
threshold=24.500000000000004 54.735000000000007 74.27500000000002 51.945000000000007 28.075000000000006 47.045000000000009 49.455000000000005
decision_type=2 2 2 2 2 2 2
left_child=1 3 6 4 -1 -5 -3
right_child=-2 2 -4 5 -6 -7 -8
leaf_value=0.055112388917378019 0.0013974893174457906 -0.068866172419653995 -0.13841698216456993 0.1202661529660225 -0.018596602476208202 0.0033130524290932552 0.024926676702961115
leaf_weight=65 6966 40 46 45 740 40 66
leaf_count=65 6966 40 46 45 740 40 66
internal_value=-0.000309592 -0.011674 -0.0534296 -0.00428403 -0.0123415 0.0684711 -0.0119746
internal_weight=8008 1042 152 890 805 85 106
internal_count=8008 1042 152 890 805 85 106
is_linear=0
shrinkage=0.02


Tree=849
num_leaves=8
num_cat=0
split_feature=64 49 41 42 64 56 64
split_gain=403.248 389.778 721.518 380.243 892.258 562.125 555.556
threshold=1.0000000180025095e-35 82.500000000000014 36.355000000000011 80.790000000000006 2.5000000000000004 38.255000000000003 4.5000000000000009
decision_type=2 2 2 2 2 2 2
left_child=-1 3 -3 6 5 -5 -2
right_child=1 2 -4 4 -6 -7 -8
leaf_value=-0.052476713711731744 -0.0043844286117601505 0.094606027609358226 0.0041579817772975994 0.11238906911359382 0.0014495368808790854 0.022816610385293829 0.016638327555950076
leaf_weight=56 6652 43 135 47 469 68 539
leaf_count=56 6652 43 135 47 469 68 539
internal_value=-0.00124992 -0.000856466 0.0279957 -0.00153457 0.0139167 0.062582 -0.00279821
internal_weight=8009 7953 178 7775 584 115 7191
internal_count=8009 7953 178 7775 584 115 7191
is_linear=0
shrinkage=0.02


Tree=850
num_leaves=8
num_cat=0
split_feature=38 38 17 38 54 67 13
split_gain=476.493 681.584 676.565 909.211 828.174 655.088 957.836
threshold=16347.400000000003 12510.050000000001 2005.0500000000002 1810.6500000000003 84.765000000000015 24.186915268027921 355.15000000000003
decision_type=8 10 2 10 2 2 2
left_child=1 2 3 -1 -5 -4 -7
right_child=-2 -3 5 4 -6 6 -8
leaf_value=-0.043600881987810133 -0.0064156888865216236 0.029351782404131943 0.00042615945695173623 0.093264410139194551 0.0084647989590117267 -0.076501434583555572 0.011986015610969986
leaf_weight=45 4351 359 2859 93 89 105 86
leaf_count=45 4351 359 2859 93 89 105 86
internal_value=-0.00195333 0.003388 0.000503245 0.0334291 0.0531316 -0.00199801 -0.0373695
internal_weight=7987 3636 3277 227 182 3050 191
internal_count=7987 3636 3277 227 182 3050 191
is_linear=0
shrinkage=0.02


Tree=851
num_leaves=8
num_cat=0
split_feature=17 8 58 58 9 34 40
split_gain=388.374 893.222 763.965 679.745 794.077 738.411 1329.43
threshold=5791.9000000000005 44.32500000000001 39.745000000000012 30.245000000000001 12.500000000000002 1.5000000000000002 42.615000000000002
decision_type=2 2 2 2 2 2 2
left_child=1 -1 -3 4 5 6 -2
right_child=3 2 -4 -5 -6 -7 -8
leaf_value=0.0091984381716080973 -0.085225192907504563 0.0014020076233731663 -0.075961322658156097 0.00013066467206425422 0.024166579994897561 -0.008246706195916562 -0.017079459947206121
leaf_weight=2250 167 110 90 4095 169 714 353
leaf_count=2250 167 110 90 4095 169 714 353
internal_value=-0.00104042 0.00557531 -0.0344151 -0.00399089 -0.0159784 -0.0215517 -0.039568
internal_weight=7948 2450 200 5498 1403 1234 520
internal_count=7948 2450 200 5498 1403 1234 520
is_linear=0
shrinkage=0.02


Tree=852
num_leaves=8
num_cat=1
split_feature=16 6 7 16 20 22 33
split_gain=388.441 770.251 1020.27 700.779 679.307 721.444 836.825
threshold=0.32955000000000007 3.5000000000000004 0 0.31350000000000006 501766.35000000003 15032.550000000001 2.5000000000000004
decision_type=2 2 1 2 8 2 2
left_child=1 2 4 -4 -1 -6 -7
right_child=-2 -3 3 -5 5 6 -8
leaf_value=0.028084334741036096 0.0018774038664907209 0.036156521833859957 0.01053830119518687 -0.047210137943426773 -0.021322996558493561 -0.11408675748407841 -0.031877333448889357
leaf_weight=55 6700 125 552 94 257 95 109
leaf_count=55 6700 125 552 94 257 95 109
internal_value=-5.75433e-05 -0.010099 -0.0152084 0.00180943 -0.0356766 -0.0442689 -0.0719746
internal_weight=7987 1287 1162 646 516 461 204
internal_count=7987 1287 1162 646 516 461 204
cat_boundaries=0 1
cat_threshold=37
is_linear=0
shrinkage=0.02


Tree=853
num_leaves=8
num_cat=0
split_feature=15 12 21 42 21 16 16
split_gain=368.458 349.125 738.03 857.572 617.324 911.83 742.239
threshold=6.5000000000000009 14.375000000000002 328961.75000000006 61.685000000000009 254332.25000000003 0.58965000000000012 0.50155000000000005
decision_type=2 2 10 2 8 2 2
left_child=1 2 3 4 -1 6 -6
right_child=-2 -3 -4 -5 5 -7 -8
leaf_value=0.00040262687504291541 -0.045495741434701503 0.00088367610281887138 0.025526783157967858 0.013816472824130739 -0.059588160099436162 -0.12594446485359517 0.026989245712757112
leaf_weight=95 68 7296 139 149 141 58 51
leaf_count=95 68 7296 139 149 141 58 51
internal_value=-0.000768381 -0.000356365 -0.0145441 -0.0259619 -0.0430935 -0.0593058 -0.0364897
internal_weight=7997 7929 633 494 345 250 192
internal_count=7997 7929 633 494 345 250 192
is_linear=0
shrinkage=0.02


Tree=854
num_leaves=8
num_cat=0
split_feature=8 23 23 10 0 58 0
split_gain=412.627 617.745 894.411 853.101 841.934 627.35 653.162
threshold=11.155000000000003 11.15 13.250000000000002 17634.650000000005 65.500000000000014 37.485000000000007 47.500000000000007
decision_type=2 2 2 2 2 2 2
left_child=1 3 -3 5 -5 6 -1
right_child=-2 2 -4 4 -6 -7 -8
leaf_value=0.019685960033882972 0.0028626614165408334 0.057228274919313961 -0.012183521425755848 -0.020735480007456824 0.076761399368022357 -0.085347881220701721 -0.076210271991947867
leaf_weight=68 7216 96 276 139 42 119 42
leaf_count=68 7216 96 276 139 42 119 42
internal_value=0.0013647 -0.0123883 0.00625063 -0.0291712 0.00334342 -0.0543929 -0.0186505
internal_weight=7998 782 372 410 181 229 110
internal_count=7998 782 372 410 181 229 110
is_linear=0
shrinkage=0.02


Tree=855
num_leaves=8
num_cat=0
split_feature=58 56 42 23 8 42 56
split_gain=465.817 820.973 728.584 999.635 915.151 1082.98 782.399
threshold=33.645000000000003 30.575000000000003 43.585000000000008 13.950000000000001 36.930000000000007 27.305000000000003 32.045000000000009
decision_type=2 2 2 2 2 2 2
left_child=-1 -2 3 6 -5 -6 -3
right_child=1 2 -4 4 5 -7 -8
leaf_value=-0.0072986120392045861 -0.021321611469265242 0.078110761621168687 -0.00091710100826033797 0.052293586937348709 -0.072081970314184826 0.035212032732987168 0.001565660340256587
leaf_weight=2893 506 51 2828 417 55 96 1162
leaf_count=2893 506 51 2828 417 55 96 1162
internal_value=-0.00089157 0.00273579 0.00539718 0.0153979 0.0371717 -0.0049263 0.0050914
internal_weight=8008 5115 4609 1781 568 151 1213
internal_count=8008 5115 4609 1781 568 151 1213
is_linear=0
shrinkage=0.02


Tree=856
num_leaves=8
num_cat=0
split_feature=22 33 51 56 51 38 25
split_gain=532.451 628.082 577.382 528.672 908.09 771.84 940.955
threshold=7121.0500000000011 1.5000000000000002 30.315000000000001 38.525000000000013 35.725000000000001 15339.900000000003 1.0000000180025095e-35
decision_type=2 2 2 2 2 8 2
left_child=1 -1 -3 -2 -5 -6 -7
right_child=3 2 -4 4 5 6 -8
leaf_value=0.030583583153784274 0.0072973054916079527 -0.066745518134009071 -0.0033662096446809859 -0.0093767267677830647 0.025548021470331958 0.013878461152826012 -0.034953247984813064
leaf_weight=59 3440 134 99 2962 669 407 251
leaf_count=59 3440 134 99 2962 669 407 251
internal_value=0.000453198 -0.0258261 -0.0404526 0.00146208 -0.00322112 0.0105024 -0.00487195
internal_weight=8021 292 233 7729 4289 1327 658
internal_count=8021 292 233 7729 4289 1327 658
is_linear=0
shrinkage=0.02


Tree=857
num_leaves=8
num_cat=0
split_feature=45 15 55 15 48 22 38
split_gain=408.919 642.813 1262.73 1190.13 815.119 660.797 634.978
threshold=1.0000000180025095e-35 1.5000000000000002 35.055000000000007 1.0000000180025095e-35 8.5000000000000018 19651.900000000005 1810.6500000000003
decision_type=2 2 2 2 2 2 8
left_child=1 3 -3 6 -4 -6 -1
right_child=-2 2 4 -5 5 -7 -8
leaf_value=0.040585653416683222 -0.0042883133810909775 -0.079903385032164417 0.011104844697971935 0.040675974854018263 -0.067309102849103505 0.022779111675918104 0.00076426941098136703
leaf_weight=168 4561 90 480 405 107 43 2163
leaf_count=168 4561 90 480 405 107 43 2163
internal_value=-0.000358418 0.0048267 -0.0119313 0.00925042 -0.0016683 -0.0415821 0.00371501
internal_weight=8017 3456 720 2736 630 150 2331
internal_count=8017 3456 720 2736 630 150 2331
is_linear=0
shrinkage=0.02


Tree=858
num_leaves=8
num_cat=0
split_feature=42 17 42 33 16 14 33
split_gain=380.268 582.941 1086.99 561.876 483.767 846.053 756.324
threshold=46.840000000000011 1044.3000000000002 27.305000000000003 5.5000000000000009 0.61585000000000012 16.760000000000002 1.5000000000000002
decision_type=2 2 2 2 2 2 2
left_child=1 2 -1 4 -3 -6 -7
right_child=-2 3 -4 -5 5 6 -8
leaf_value=-0.11448492232958475 -0.0026458364793284983 0.002034525072220403 0.01725919311834594 0.049133395538106556 0.045253566757227831 -0.05092328167435798 0.016017391865880325
leaf_weight=40 4493 2639 54 120 306 83 285
leaf_count=40 4493 2639 54 120 306 83 285
internal_value=0.00121173 0.00612262 -0.0417528 0.00749232 0.00591228 0.0209686 0.000439128
internal_weight=8020 3527 94 3433 3313 674 368
internal_count=8020 3527 94 3433 3313 674 368
is_linear=0
shrinkage=0.02


Tree=859
num_leaves=8
num_cat=1
split_feature=67 17 5 17 41 17 33
split_gain=380.131 1430.81 802.642 748.107 1012.11 1357.16 598.974
threshold=23.887008173568699 2596.9000000000005 0 15001.900000000001 56.525000000000013 6386.7500000000009 2.5000000000000004
decision_type=2 2 1 2 2 2 2
left_child=-1 -2 3 4 5 -3 -5
right_child=1 2 -4 6 -6 -7 -8
leaf_value=0.0017204481579011356 0.066835393435518503 -0.0005533586256206036 -0.072339690427179457 0.078346051504978767 0.02721195433122009 -0.13308766001462938 -0.009221344229615765
leaf_weight=7504 66 59 113 47 62 60 76
leaf_count=7504 66 59 113 47 62 60 76
internal_value=0.000609213 -0.0164959 -0.0303207 -0.0110842 -0.0368974 -0.0700493 0.0259927
internal_weight=7987 483 417 304 181 119 123
internal_count=7987 483 417 304 181 119 123
cat_boundaries=0 1
cat_threshold=3
is_linear=0
shrinkage=0.02


Tree=860
num_leaves=8
num_cat=0
split_feature=64 46 57 56 38 52 20
split_gain=560.153 692.958 819.372 917.461 1324.21 923.742 781.994
threshold=2.5000000000000004 1.5000000000000002 32.340000000000011 38.995000000000012 3006.2000000000003 32.615000000000002 458857.90000000008
decision_type=2 2 2 2 10 2 10
left_child=1 -1 3 5 6 -3 -5
right_child=-2 2 -4 4 -6 -7 -8
leaf_value=-0.029858822542407057 -0.002563967106310544 -0.010342724508709378 0.0013963709006746931 -0.045137302105829037 0.045471791514301335 0.062863156966336028 0.019789723186265856
leaf_weight=165 5653 85 1235 178 215 333 121
leaf_count=165 5653 85 1235 178 215 333 121
internal_value=0.00083888 0.00907556 0.012102 0.026205 0.00816411 0.0480305 -0.0189691
internal_weight=7985 2332 2167 932 514 418 299
internal_count=7985 2332 2167 932 514 418 299
is_linear=0
shrinkage=0.02


Tree=861
num_leaves=8
num_cat=0
split_feature=23 12 42 47 23 23 12
split_gain=478.437 611.415 568.239 1128.88 918.996 706.747 698.02
threshold=7.7500000000000009 87.300000000000011 31.360000000000003 7.5000000000000009 31.750000000000004 22.550000000000004 85.185000000000016
decision_type=2 2 2 2 2 2 2
left_child=1 -1 3 5 -4 6 -2
right_child=2 -3 4 -5 -6 -7 -8
leaf_value=-0.011284041175864377 0.0052264860570619192 0.039548079427896121 -0.00046391156307178273 0.068150049257330106 -0.076785370791330937 0.05753510156815702 -0.075583223925696483
leaf_weight=2236 853 94 4530 132 59 94 40
leaf_count=2236 853 94 4530 132 59 94 40
internal_value=-0.00152614 -0.00915301 0.00159242 0.0143377 -0.00152767 0.00683372 0.0012061
internal_weight=8038 2330 5708 1119 4589 987 893
internal_count=8038 2330 5708 1119 4589 987 893
is_linear=0
shrinkage=0.02


Tree=862
num_leaves=8
num_cat=1
split_feature=7 22 0 48 41 22 0
split_gain=428.952 1013.73 836.995 921.602 876.979 660.844 644.264
threshold=0 11385.650000000001 43.500000000000007 11.500000000000002 36.045000000000009 8993.5500000000011 23.500000000000004
decision_type=1 2 2 2 2 2 2
left_child=6 2 5 4 -4 -2 -1
right_child=1 -3 3 -5 -6 -7 -8
leaf_value=-0.030392702888681466 0.0015568494226317854 -0.015244658722914561 -0.044330017518024054 -0.080224167710041691 0.026690047061303634 0.061437435551873733 0.0035398952477276821
leaf_weight=229 123 1926 93 53 235 180 5147
leaf_count=229 123 1926 93 53 235 180 5147
internal_value=-0.0011686 -0.0077958 0.0130239 -0.00671433 0.00619 0.0375494 0.00206374
internal_weight=7986 2610 684 381 328 303 5376
internal_count=7986 2610 684 381 328 303 5376
cat_boundaries=0 1
cat_threshold=11
is_linear=0
shrinkage=0.02


Tree=863
num_leaves=8
num_cat=0
split_feature=40 34 23 42 17 49 22
split_gain=628.109 740.896 471.848 777.317 603.539 674.555 641.398
threshold=87.625000000000014 1.5000000000000002 22.350000000000005 29.995000000000001 7916.3500000000013 18.500000000000004 23005.500000000004
decision_type=2 2 2 2 2 2 2
left_child=2 -2 -1 -4 5 -5 -6
right_child=1 -3 3 4 6 -7 -8
leaf_value=-0.0012556542329782339 0.067647655580620303 -3.4850054270737655e-06 0.067142785348965284 -0.016019723548645705 -0.024815718451561022 0.062456512839094661 0.056767466278827713
leaf_weight=7142 117 138 99 66 237 116 41
leaf_count=7142 117 138 99 66 237 116 41
internal_value=0.00116655 0.0317404 0.000134236 0.0177457 0.00650696 0.0343307 -0.0119933
internal_weight=7956 255 7701 559 460 182 278
internal_count=7956 255 7701 559 460 182 278
is_linear=0
shrinkage=0.02


Tree=864
num_leaves=8
num_cat=1
split_feature=22 6 7 48 38 23 23
split_gain=517.147 701.67 715.182 867.987 691.759 758.659 686.466
threshold=11090.500000000002 1.0000000180025095e-35 0 11.500000000000002 2627.5000000000005 7.7500000000000009 5.1500000000000012
decision_type=2 2 1 2 10 2 2
left_child=1 -1 3 -3 5 6 -4
right_child=-2 2 4 -5 -6 -7 -8
leaf_value=0.021703136414428999 -0.0044898580709393787 0.035239647728287513 -0.013293505732683427 -0.056136296898701553 0.0040617397511651231 -0.014594564872643198 -0.11880356708398232
leaf_weight=796 6116 283 42 44 438 267 60
leaf_count=796 6116 283 42 44 438 267 60
internal_value=-0.00164169 0.00737217 -0.00273842 0.0216326 -0.0127949 -0.0329325 -0.0780096
internal_weight=8046 1930 1134 327 807 369 102
internal_count=8046 1930 1134 327 807 369 102
cat_boundaries=0 1
cat_threshold=52
is_linear=0
shrinkage=0.02


Tree=865
num_leaves=8
num_cat=0
split_feature=9 54 13 68 54 52 38
split_gain=642.811 502.721 447.428 419.862 740.892 724.679 601.897
threshold=20.500000000000004 82.335000000000022 362.55000000000007 525655.15000000014 97.995000000000019 62.525000000000006 5374.4000000000005
decision_type=2 2 2 2 2 2 10
left_child=3 2 -2 -1 -5 6 -6
right_child=1 -3 -4 4 5 -7 -8
leaf_value=0.0040908491519590535 0.090952478357600439 0.0014943052926024453 0.016375308129372018 -0.0088080535193996133 -0.016449355321526526 0.054830046534538275 0.034999182865127813
leaf_weight=3969 70 117 61 3233 245 140 138
leaf_count=3969 70 117 61 3233 245 140 138
internal_value=0.000584604 0.0319546 0.0581045 -0.000442502 -0.00523201 0.0167479 0.00230037
internal_weight=7973 248 131 7725 3756 523 383
internal_count=7973 248 131 7725 3756 523 383
is_linear=0
shrinkage=0.02


Tree=866
num_leaves=8
num_cat=0
split_feature=48 57 23 53 41 41 34
split_gain=497.267 638.076 542.616 841.734 630.675 417.897 1349.43
threshold=18.500000000000004 55.945000000000007 8.5500000000000025 60.245000000000012 52.345000000000006 30.925000000000001 3.5000000000000004
decision_type=2 2 2 2 2 2 2
left_child=5 2 3 -2 -4 6 -1
right_child=1 -3 4 -5 -6 -7 -8
leaf_value=0.0038453593842767476 0.060346527631793712 0.040231568600450247 -0.077476250583962569 -0.045084438436862197 -0.011526412357472711 -0.0023826838812470654 0.078641742710375565
leaf_weight=1082 51 51 134 61 103 6383 101
leaf_count=1082 51 51 134 61 103 6383 101
internal_value=-0.00151322 -0.0231043 -0.0327972 0.00345156 -0.0496448 -0.000357239 0.0105353
internal_weight=7966 400 349 112 237 7566 1183
internal_count=7966 400 349 112 237 7566 1183
is_linear=0
shrinkage=0.02


Tree=867
num_leaves=8
num_cat=0
split_feature=64 41 45 49 41 66 57
split_gain=389.421 1168.78 791.991 809.899 745.496 1107.66 673.942
threshold=2.5000000000000004 81.220000000000013 1.0000000180025095e-35 59.500000000000007 65.465000000000018 0.18750000000000003 60.295000000000009
decision_type=2 2 2 2 2 2 2
left_child=1 2 -1 4 -4 -6 -2
right_child=6 -3 3 -5 5 -7 -8
leaf_value=0.011194204172676022 -0.0049547595134231924 0.074396454453164215 -0.010952748909722938 0.058604365300048478 -0.13582753786673912 -0.0074815160036087042 0.020204221988458122
leaf_weight=1635 5190 93 481 50 47 57 459
leaf_count=1635 5190 93 481 50 47 57 459
internal_value=-4.27281e-05 0.00676633 0.00383816 -0.0150417 -0.0217795 -0.069054 -0.00289445
internal_weight=8012 2363 2270 635 585 104 5649
internal_count=8012 2363 2270 635 585 104 5649
is_linear=0
shrinkage=0.02


Tree=868
num_leaves=8
num_cat=1
split_feature=34 43 53 38 12 48 7
split_gain=445.382 533.08 642.679 851.928 639.644 568.094 547.745
threshold=2.5000000000000004 1.0000000180025095e-35 35.435000000000009 25777.900000000005 14.955000000000002 27.500000000000004 0
decision_type=2 2 2 8 2 2 1
left_child=1 2 3 -1 6 -6 -3
right_child=-2 4 -4 -5 5 -7 -8
leaf_value=0.082284412093220211 0.0074481635206387481 0.015747908330683052 -0.017335559194236964 -0.027189352028071882 0.0031238796586039595 -0.063403148100926329 -0.036587974610521788
leaf_weight=57 1972 101 1409 49 4098 47 302
leaf_count=57 1972 101 1409 49 4098 47 302
internal_value=-0.000796688 -0.00348227 -0.0137362 0.0327334 -5.51979e-05 0.00229405 -0.0239501
internal_weight=8035 6063 1515 106 4548 4145 403
internal_count=8035 6063 1515 106 4548 4145 403
cat_boundaries=0 1
cat_threshold=24
is_linear=0
shrinkage=0.02


Tree=869
num_leaves=8
num_cat=0
split_feature=17 40 68 55 55 12 68
split_gain=459.183 796.067 338.849 679.351 911.25 605.734 647.291
threshold=976.75000000000011 42.615000000000002 1114371.9500000002 35.525000000000013 28.815000000000001 11.290000000000001 1443364.2500000002
decision_type=2 2 2 2 2 2 2
left_child=1 -1 -2 4 -4 6 -5
right_child=2 -3 3 5 -6 -7 -8
leaf_value=-0.079295058212219147 0.0032213148479203614 0.0064192738206964904 -0.043738963484143217 -0.11583314424422053 0.046503020538487927 -0.0085807916947849665 -0.0070889848592329994
leaf_weight=73 6138 96 55 40 177 1393 44
leaf_count=73 6138 96 55 40 177 1393 44
internal_value=0.000316081 -0.0318199 0.00102801 -0.00683581 0.024638 -0.011846 -0.0624702
internal_weight=8016 169 7847 1709 232 1477 84
internal_count=8016 169 7847 1709 232 1477 84
is_linear=0
shrinkage=0.02


Tree=870
num_leaves=8
num_cat=2
split_feature=42 2 1 64 53 23 64
split_gain=457.329 556.062 383.589 366.767 823.085 1152.85 783.395
threshold=9.1200000000000028 0 1 1.5000000000000002 73.475000000000009 8.3500000000000032 2.5000000000000004
decision_type=2 1 1 2 2 2 2
left_child=1 -1 -3 4 5 -2 -5
right_child=3 2 -4 6 -6 -7 -8
leaf_value=0.0037397511096766397 -0.046330367309673062 -0.015908427493912834 -0.095027652647760183 0.014172891776900905 -0.0579683575576002 0.023902621345663514 -0.0011470734683764786
leaf_weight=122 138 44 58 1752 127 265 5558
leaf_count=122 138 44 58 1752 127 265 5558
internal_value=0.000550667 -0.0273096 -0.0578312 0.00136357 -0.0146231 -0.000420428 0.00253187
internal_weight=8064 224 102 7840 530 403 7310
internal_count=8064 224 102 7840 530 403 7310
cat_boundaries=0 1 2
cat_threshold=163 2
is_linear=0
shrinkage=0.02


Tree=871
num_leaves=8
num_cat=0
split_feature=16 22 17 47 17 47 40
split_gain=466.243 816.711 783.999 637.118 639.893 494.337 417.137
threshold=0.72825000000000006 19299.950000000004 4882.1500000000005 7.5000000000000009 17907.750000000004 7.5000000000000009 59.970000000000006
decision_type=2 2 2 2 2 2 2
left_child=-1 2 6 4 -4 -3 -2
right_child=1 5 3 -5 -6 -7 -8
leaf_value=-0.0018068762090479337 0.073911138877466129 0.083911043187392134 -0.026297844026018594 -0.049827246270295174 0.045890991154469943 0.006333946165229593 -0.0024697037704288962
leaf_weight=7431 72 92 97 117 90 51 45
leaf_count=7431 72 92 97 117 90 51 45
internal_value=-0.000471981 0.0169773 0.00273712 -0.0142449 0.00873575 0.0573924 0.0456367
internal_weight=7995 564 421 304 187 143 117
internal_count=7995 564 421 304 187 143 117
is_linear=0
shrinkage=0.02


Tree=872
num_leaves=8
num_cat=1
split_feature=56 42 3 42 16 57 22
split_gain=483.657 877.552 665.214 801.206 571.14 577.296 628.295
threshold=30.155000000000005 26.905000000000005 0 35.440000000000005 0.51795000000000013 38.565000000000005 14560.800000000001
decision_type=2 2 1 2 2 2 2
left_child=1 -1 -3 -4 -5 -6 -7
right_child=-2 2 3 4 5 6 -8
leaf_value=0.03672031376603991 0.0027581361481924267 -0.065303041569325107 -0.070846812259860156 -0.022499348312925712 0.055981839495897294 0.036544565294817505 -0.044926129778847093
leaf_weight=115 7226 104 77 284 95 67 75
leaf_count=115 7226 104 77 284 95 67 75
internal_value=0.00110624 -0.013432 -0.0218494 -0.0125228 -0.00354945 0.0191541 -0.00655022
internal_weight=8043 817 702 598 521 237 142
internal_count=8043 817 702 598 521 237 142
cat_boundaries=0 1
cat_threshold=2
is_linear=0
shrinkage=0.02


Tree=873
num_leaves=8
num_cat=1
split_feature=68 53 23 2 22 40 49
split_gain=487.281 828.51 1024.03 824.134 603.182 807.955 568.899
threshold=179015.80000000002 38.57500000000001 7.2500000000000009 0 17403.750000000004 52.215000000000011 67.500000000000014
decision_type=2 2 2 1 2 2 2
left_child=1 2 -1 4 5 -3 -5
right_child=-2 3 -4 6 -6 -7 -8
leaf_value=-0.04716576580206553 0.0044627709234745091 -0.13265159112215041 0.065315942910240329 -0.0035958582538369479 -0.0036091719402207268 -0.018853716651598615 -0.056831979010035012
leaf_weight=40 6202 55 117 1470 58 46 80
leaf_count=40 6202 55 117 1470 58 46 80
internal_value=0.00176686 -0.00718147 0.0360869 -0.0112501 -0.0525748 -0.0841569 -0.00647579
internal_weight=8068 1866 157 1709 159 101 1550
internal_count=8068 1866 157 1709 159 101 1550
cat_boundaries=0 1
cat_threshold=8
is_linear=0
shrinkage=0.02


Tree=874
num_leaves=8
num_cat=0
split_feature=64 40 65 33 64 33 13
split_gain=278.315 709.194 411.118 408.247 404.108 1035.45 791.859
threshold=4.5000000000000009 40.135000000000012 0.61250000000000016 2.5000000000000004 2.5000000000000004 4.5000000000000009 431.15000000000003
decision_type=2 2 2 2 2 2 2
left_child=4 2 -2 -3 5 6 -1
right_child=1 3 -4 -5 -6 -7 -8
leaf_value=0.00082169748766442244 0.010367416294315193 0.054471322442499963 0.072972369026754372 -0.006578409735674088 -0.0039199708584822055 0.08363923634277351 0.049591929035287516
leaf_weight=2144 74 44 98 409 4997 62 137
leaf_count=2144 74 44 98 409 4997 62 137
internal_value=0.000387055 0.0131441 0.0470914 -0.000118705 -0.000707418 0.00613787 0.00385297
internal_weight=7965 625 172 453 7340 2343 2281
internal_count=7965 625 172 453 7340 2343 2281
is_linear=0
shrinkage=0.02


Tree=875
num_leaves=8
num_cat=0
split_feature=8 42 21 38 51 42 17
split_gain=441.362 813.615 693.714 724.239 839.837 809.5 1270.61
threshold=24.545000000000005 2.3100000000000005 373867.20000000007 3699.9000000000001 20.455000000000002 41.625000000000007 2182.8000000000006
decision_type=2 2 8 8 2 2 2
left_child=2 -2 -1 -4 -5 -6 -7
right_child=1 -3 3 4 5 6 -8
leaf_value=0.014777086647081794 -0.076727466515956397 -0.0037322805277433496 0.022060008291107828 0.0085338430409257777 -0.040372049003657137 0.066739257717894948 -0.015463501185724225
leaf_weight=1562 57 4206 389 747 424 81 596
leaf_count=1562 57 4206 389 747 424 81 596
internal_value=-0.000382118 -0.00479703 0.00457182 -0.00257114 -0.00780148 -0.0188731 -0.00521113
internal_weight=8062 4263 3799 2237 1848 1101 677
internal_count=8062 4263 3799 2237 1848 1101 677
is_linear=0
shrinkage=0.02


Tree=876
num_leaves=8
num_cat=0
split_feature=17 49 46 12 44 8 57
split_gain=494.253 867.092 857.109 657.848 734.119 604.097 602.842
threshold=5791.9000000000005 49.500000000000007 7.5000000000000009 21.640000000000004 1.0000000180025095e-35 50.160000000000004 51.425000000000004
decision_type=2 2 2 2 2 2 2
left_child=1 2 5 -4 -5 6 -1
right_child=-2 -3 3 4 -6 -7 -8
leaf_value=0.00017176451212069931 -0.0051214197823781773 -0.022607026425092366 -0.015547902115517192 0.096326615949246006 0.029765856619864223 -0.046750469951166045 0.030914598372967346
leaf_weight=1229 5611 366 85 83 305 85 317
leaf_count=1229 5611 366 85 83 305 85 317
internal_value=-0.00184088 0.00560669 0.0105565 0.0341106 0.0450487 0.00364237 0.00655478
internal_weight=8081 2470 2104 473 388 1631 1546
internal_count=8081 2470 2104 473 388 1631 1546
is_linear=0
shrinkage=0.02


Tree=877
num_leaves=8
num_cat=0
split_feature=0 67 13 57 13 0 10
split_gain=324.13 1316.33 1539.03 822.572 695.741 708.998 719.644
threshold=36.500000000000007 17.067431192122921 331.75000000000006 46.780000000000008 318.05000000000007 26.500000000000004 52192.700000000004
decision_type=2 2 2 2 2 2 2
left_child=1 4 -3 -4 -1 -6 -7
right_child=-2 2 3 -5 5 6 -8
leaf_value=0.024578805008903144 -0.002162312457577819 -0.092468909216446016 0.03624748498615292 -0.064015011647914316 -0.012719905778393697 0.028471959529549368 -0.0086632246407542454
leaf_weight=915 5274 107 103 42 676 546 333
leaf_count=915 5274 107 103 42 676 546 333
internal_value=0.000730506 0.00632916 -0.0367724 0.00604015 0.010792 0.00262668 0.0144343
internal_weight=7996 2722 252 145 2470 1555 879
internal_count=7996 2722 252 145 2470 1555 879
is_linear=0
shrinkage=0.02


Tree=878
num_leaves=8
num_cat=1
split_feature=2 40 34 58 22 67 54
split_gain=494.155 588.665 920.87 597.172 560.845 770.783 1251.19
threshold=0 39.885000000000012 1.0000000180025095e-35 43.815000000000005 11090.500000000002 9.1532571186876961 74.655000000000015
decision_type=1 2 2 2 2 2 2
left_child=1 2 -1 -3 -2 -6 -7
right_child=4 3 -4 -5 5 6 -8
leaf_value=-0.091138328456539006 0.015362400471391183 -0.010082607608002116 -0.01393802412095459 0.014015262451390814 -0.0046342010395589023 0.06212711782465058 0.0054011957982957768
leaf_weight=63 1383 951 719 717 3007 181 957
leaf_count=63 1383 951 719 717 3007 181 957
internal_value=0.0010407 -0.00641318 -0.020697 0.000286938 0.00435078 0.000673104 0.0146558
internal_weight=7978 2450 782 1668 5528 4145 1138
internal_count=7978 2450 782 1668 5528 4145 1138
cat_boundaries=0 1
cat_threshold=13
is_linear=0
shrinkage=0.02


Tree=879
num_leaves=8
num_cat=2
split_feature=45 4 53 66 2 14 14
split_gain=341.863 490.146 1092.65 895.022 1352.28 1887.81 756.904
threshold=1.0000000180025095e-35 0 64.045000000000016 0.18750000000000003 1 26.615000000000006 15.945000000000002
decision_type=2 1 2 2 1 2 2
left_child=1 3 6 4 -1 -6 -3
right_child=-2 2 -4 -5 5 -7 -8
leaf_value=-0.016476701799238849 -0.002326791191945181 -0.0078410365040614063 -0.018965097345105267 0.0067635433645205668 0.10454124951625572 -0.038842387421398748 0.026972034003613803
leaf_weight=102 4545 428 785 1379 165 44 589
leaf_count=102 4545 428 785 1379 165 44 589
internal_value=0.00128806 0.00598956 -0.00129676 0.0136667 0.044117 0.0708426 0.0123544
internal_weight=8037 3492 1802 1690 311 209 1017
internal_count=8037 3492 1802 1690 311 209 1017
cat_boundaries=0 1 2
cat_threshold=10 129
is_linear=0
shrinkage=0.02


Tree=880
num_leaves=8
num_cat=0
split_feature=49 56 52 48 57 42 9
split_gain=433.997 558.462 499.014 435.851 544.164 463.437 745.167
threshold=4.5000000000000009 37.495000000000012 48.765000000000008 18.500000000000004 56.275000000000006 38.880000000000003 4.5000000000000009
decision_type=2 2 2 2 2 2 2
left_child=1 -1 -3 -2 5 6 -5
right_child=3 2 -4 4 -6 -7 -8
leaf_value=0.015170795672907021 -0.00067441907159309798 -0.1137118865614352 -0.014950598534610537 -0.11462296252106798 0.037425272641358552 -0.014736233992862099 -0.010779386388758819
leaf_weight=48 7488 41 40 53 49 233 55
leaf_count=48 7488 41 40 53 49 233 55
internal_value=-0.00236321 -0.0380558 -0.0686456 -0.00175499 -0.0222308 -0.03122 -0.0645566
internal_weight=8007 129 81 7878 390 341 108
internal_count=8007 129 81 7878 390 341 108
is_linear=0
shrinkage=0.02


Tree=881
num_leaves=8
num_cat=2
split_feature=50 42 23 23 2 5 66
split_gain=513.79 931.765 318.441 298.754 310.906 527.564 783.15
threshold=3.5000000000000004 44.345000000000006 1.7500000000000002 2.1500000000000008 0 1 0.31250000000000006
decision_type=2 2 2 2 1 1 2
left_child=2 -2 -1 -4 -5 -6 -7
right_child=1 -3 3 4 5 6 -8
leaf_value=0.0479778456132786 0.069591015483203691 -0.0066220573663711545 -0.049490275079349305 0.0015865130822355251 -0.0013490278118734897 -0.037360077990983662 -0.000798801295658271
leaf_weight=46 109 145 48 4459 2294 470 463
leaf_count=46 109 145 48 4459 2294 470 463
internal_value=-0.000917125 0.0267956 -0.00183851 -0.00216562 -0.00183809 -0.0065499 -0.0191138
internal_weight=8034 254 7780 7734 7686 3227 933
internal_count=8034 254 7780 7734 7686 3227 933
cat_boundaries=0 1 2
cat_threshold=178 3
is_linear=0
shrinkage=0.02


Tree=882
num_leaves=8
num_cat=0
split_feature=64 30 64 67 45 54 64
split_gain=458.836 384.045 519.5 910.764 688.673 845.351 1347.31
threshold=1.0000000180025095e-35 1.0000000180025095e-35 2.5000000000000004 20.25565761455481 1.0000000180025095e-35 87.00500000000001 1.5000000000000002
decision_type=2 2 2 2 2 2 2
left_child=-1 -2 3 4 5 -3 -7
right_child=1 2 -4 -5 -6 6 -8
leaf_value=-0.055942749826878801 -0.0035392190125362127 0.012636475305755932 0.00079562360951891133 -0.051335743624588537 -0.0041983161950028026 -0.021702615181605021 0.10762810986623061
leaf_weight=56 5797 145 1604 53 138 40 134
leaf_count=56 5797 145 1604 53 138 40 134
internal_value=-0.00130025 -0.000878355 0.00640939 0.0238861 0.033071 0.0490098 0.0781212
internal_weight=7967 7911 2114 510 457 319 174
internal_count=7967 7911 2114 510 457 319 174
is_linear=0
shrinkage=0.02


Tree=883
num_leaves=8
num_cat=0
split_feature=22 8 22 41 18 22 33
split_gain=462.027 905.822 806.99 901.094 858.071 747.165 658.412
threshold=10900.950000000003 14.155000000000003 12431.850000000002 67.855000000000018 816074.00000000012 7121.0500000000011 2.5000000000000004
decision_type=2 2 2 2 2 2 2
left_child=1 5 3 4 6 -1 -2
right_child=2 -3 -4 -5 -6 -7 -8
leaf_value=-0.03622281923269232 -0.060457744833759285 0.0012763945975671103 -0.00078261060708100904 0.024054290405189502 0.019441566278203197 0.05021912547796431 -0.019020829094102444
leaf_weight=43 303 1566 5270 142 114 274 319
leaf_count=43 303 1566 5270 142 114 274 319
internal_value=-0.00109318 0.00756232 -0.00374817 -0.021443 -0.0303241 0.0381132 -0.0395275
internal_weight=8031 1883 6148 878 736 317 622
internal_count=8031 1883 6148 878 736 317 622
is_linear=0
shrinkage=0.02


Tree=884
num_leaves=8
num_cat=1
split_feature=8 17 54 4 53 16 64
split_gain=438.04 653.043 649.305 715.746 652.856 637.032 569.26
threshold=47.245000000000012 3890.5500000000006 93.885000000000005 0 54.105000000000011 0.48805000000000004 3.5000000000000004
decision_type=2 2 2 1 2 2 2
left_child=-1 -2 3 -3 -4 6 -5
right_child=1 2 4 5 -6 -7 -8
leaf_value=0.0025012340519207821 -0.060190693907218408 0.0058430444995332276 0.072010594848791756 -0.10071596188106757 -0.0030881197485327721 -0.0093986263301178638 -0.022083074998855593
leaf_weight=7124 96 309 70 82 120 161 70
leaf_count=7124 96 309 70 82 120 161 70
internal_value=0.000831314 -0.0122125 -0.00620657 -0.0160854 0.0257168 -0.0365204 -0.06636
internal_weight=8032 908 812 622 190 313 152
internal_count=8032 908 812 622 190 313 152
cat_boundaries=0 1
cat_threshold=10
is_linear=0
shrinkage=0.02


Tree=885
num_leaves=8
num_cat=0
split_feature=8 48 68 16 17 17 51
split_gain=471.567 917.112 719.843 842.643 812.631 501.89 1009.25
threshold=54.410000000000004 1.0000000180025095e-35 1751684.9000000001 0.55135000000000012 37822.850000000006 3833.6500000000005 8.8250000000000011
decision_type=2 2 2 2 2 2 2
left_child=5 -2 3 4 -3 6 -1
right_child=1 2 -4 -5 -6 -7 -8
leaf_value=0.047386877182106588 -0.078299018547293694 -0.05369082782733834 0.068931189516316285 0.025320256314647033 0.026045960606872171 -0.00075071607656354295 0.0044904338964146797
leaf_weight=263 79 207 41 137 64 5945 1217
leaf_count=263 79 207 41 137 64 5945 1217
internal_value=0.00054337 -0.0176287 -0.00620919 -0.0145032 -0.0347293 0.0018466 0.0122471
internal_weight=7953 528 449 408 271 7425 1480
internal_count=7953 528 449 408 271 7425 1480
is_linear=0
shrinkage=0.02


Tree=886
num_leaves=8
num_cat=1
split_feature=68 1 42 37 24 54 54
split_gain=522.369 827.842 780.878 600.861 539.611 736.392 449.494
threshold=1820341.55 0 64.830000000000013 0.087600000000000011 1.5000000000000002 84.875000000000014 83.065000000000012
decision_type=2 1 2 2 2 2 2
left_child=6 4 3 -3 -2 -6 -1
right_child=1 2 -4 -5 5 -7 -8
leaf_value=0.0055809801713477053 0.097909344776588331 -0.069479267088572189 0.058289276132626196 0.0092850010491997356 -0.019684458994109866 0.072599031457650481 -0.0044477284892925377
leaf_weight=2882 63 70 51 78 66 64 4690
leaf_count=2882 63 70 51 78 66 64 4690
internal_value=0.000542563 0.0229055 -0.00576515 -0.0290215 0.0518665 0.0267536 -0.00062951
internal_weight=7964 392 199 148 193 130 7572
internal_count=7964 392 199 148 193 130 7572
cat_boundaries=0 1
cat_threshold=2
is_linear=0
shrinkage=0.02


Tree=887
num_leaves=8
num_cat=0
split_feature=57 52 41 57 38 10 21
split_gain=365.456 930.582 879.435 805.818 1444.3 1598.36 788.861
threshold=11.340000000000002 66.350000000000009 60.385000000000012 18.265000000000004 17351.150000000005 29474.600000000002 252926.60000000003
decision_type=2 2 2 2 8 2 8
left_child=1 6 -3 4 -2 -6 -1
right_child=3 2 -4 -5 5 -7 -8
leaf_value=-0.040125300153125106 0.0089035391427015748 0.085969123265538835 -0.0071481916579333215 0.0016350333878741813 -0.088380459517082843 -0.0092535151758676645 0.013449223998919867
leaf_weight=134 367 112 61 6462 184 225 521
leaf_count=134 367 112 61 6462 184 225 521
internal_value=0.000760395 0.0133055 0.0538573 -0.000682913 -0.0198721 -0.0454884 0.00226799
internal_weight=8066 828 173 7238 776 409 655
internal_count=8066 828 173 7238 776 409 655
is_linear=0
shrinkage=0.02


Tree=888
num_leaves=8
num_cat=3
split_feature=46 7 1 13 5 13 38
split_gain=432.791 504.421 826.429 896.976 815.644 691.999 634.729
threshold=3.5000000000000004 0 1 409.55000000000007 2 325.05000000000007 1932.6500000000003
decision_type=2 1 1 2 1 2 8
left_child=-1 6 4 -4 5 -3 -2
right_child=1 2 3 -5 -6 -7 -8
leaf_value=0.0083033461967079048 -0.023691254074095003 0.085116808718823378 0.0093100645665916346 -0.051596855646289817 -0.030854555513247433 -0.0093042885027782487 0.0043325998655612047
leaf_weight=2106 350 42 854 104 829 89 3617
leaf_count=2106 350 42 854 104 829 89 3617
internal_value=0.000533839 -0.00225124 -0.010627 0.00246447 -0.0237465 0.0214102 0.0018288
internal_weight=7991 5885 1918 958 960 131 3967
internal_count=7991 5885 1918 958 960 131 3967
cat_boundaries=0 1 2 3
cat_threshold=7 2 1
is_linear=0
shrinkage=0.02


Tree=889
num_leaves=8
num_cat=0
split_feature=16 53 49 19 22 53 23
split_gain=617.676 781.624 428.35 403.248 620.329 716.539 790.067
threshold=0.77885000000000015 55.255000000000003 27.500000000000004 1.0000000180025095e-35 17403.750000000004 45.285000000000004 16.150000000000002
decision_type=2 2 2 2 2 2 2
left_child=3 -2 -3 -1 5 6 -5
right_child=1 2 -4 4 -6 -7 -8
leaf_value=0.0025880944508651681 0.086559762374995519 0.03861796664772555 -0.021040336780019642 -0.023700545511767271 0.0075609274413042443 -0.0076852565508863805 -0.099885395752886921
leaf_weight=5460 68 91 92 245 751 1258 67
leaf_count=5460 68 91 92 245 751 1258 67
internal_value=0.000624849 0.0311925 0.00886389 -0.000380602 -0.00735482 -0.014491 -0.0413782
internal_weight=8032 251 183 7781 2321 1570 312
internal_count=8032 251 183 7781 2321 1570 312
is_linear=0
shrinkage=0.02


Tree=890
num_leaves=8
num_cat=1
split_feature=56 42 55 6 2 42 53
split_gain=398.137 646.607 539.78 432.412 896.254 1112.98 683.429
threshold=55.295000000000009 36.865000000000002 49.335000000000008 1.5000000000000002 0 14.795000000000002 37.415000000000006
decision_type=2 2 2 2 1 2 2
left_child=3 -2 -3 -1 5 -5 -6
right_child=1 2 -4 4 6 -7 -8
leaf_value=-0.0037424208850759611 0.08319123623520136 0.036263333565733406 -0.040261467231644525 0.08698689881317756 0.038318881062351588 0.012341679938726573 -0.011358586257914097
leaf_weight=5095 55 84 58 80 118 1399 1118
leaf_count=5095 55 84 58 80 118 1399 1118
internal_value=0.00040879 0.0281309 0.00470044 -0.000308025 0.00613203 0.0165473 -0.00642883
internal_weight=8007 197 142 7810 2715 1479 1236
internal_count=8007 197 142 7810 2715 1479 1236
cat_boundaries=0 1
cat_threshold=212
is_linear=0
shrinkage=0.02


Tree=891
num_leaves=8
num_cat=0
split_feature=46 64 50 54 42 8 23
split_gain=368.963 614.237 380.32 449.939 513.61 353.713 608.438
threshold=1.0000000180025095e-35 3.5000000000000004 3.5000000000000004 96.805000000000021 40.775000000000013 20.675000000000004 17.550000000000004
decision_type=2 2 2 2 2 2 2
left_child=1 -1 5 4 -4 -2 -7
right_child=2 -3 3 -5 -6 6 -8
leaf_value=-0.069475558055564768 0.0038633104158235392 0.018875566875493084 0.072325469478108417 -0.030932235650296482 0.0096707841246686087 -0.0018780379381530851 -0.020427554259707017
leaf_weight=75 2726 49 82 48 136 4057 852
leaf_count=75 2726 49 82 48 136 4057 852
internal_value=-0.0016322 -0.0351842 -0.00108371 0.0222011 0.0343314 -0.00190894 -0.00511498
internal_weight=8025 124 7901 266 218 7635 4909
internal_count=8025 124 7901 266 218 7635 4909
is_linear=0
shrinkage=0.02


Tree=892
num_leaves=8
num_cat=1
split_feature=64 64 41 66 54 2 38
split_gain=313.973 308.073 998.346 941.067 1292.06 874.072 1088.23
threshold=1.0000000180025095e-35 2.5000000000000004 81.220000000000013 0.43750000000000006 77.575000000000003 0 6859.0000000000009
decision_type=2 2 2 2 2 1 8
left_child=-1 2 3 5 -5 6 -2
right_child=1 -3 -4 4 -6 -7 -8
leaf_value=-0.046272611446299801 -0.11227913367624086 -0.0024764565822550468 0.068998352235048702 -0.034779239066251341 0.064149329505156519 0.0034920170395870303 -0.012351407579858514
leaf_weight=54 55 5654 92 68 196 1727 165
leaf_count=54 55 5654 92 68 196 1727 165
internal_value=-0.000305611 3.52059e-05 0.00619349 0.00343039 0.0384949 -0.00141055 -0.0376021
internal_weight=8011 7957 2303 2211 264 1947 220
internal_count=8011 7957 2303 2211 264 1947 220
cat_boundaries=0 1
cat_threshold=64
is_linear=0
shrinkage=0.02


Tree=893
num_leaves=8
num_cat=0
split_feature=64 23 17 45 64 16 41
split_gain=465.465 778.009 1132 742.556 715.319 1666.04 992.337
threshold=1.5000000000000002 8.5500000000000025 4293.1500000000005 1.0000000180025095e-35 2.5000000000000004 0.30060000000000003 32.395000000000003
decision_type=2 2 2 2 2 2 2
left_child=1 -1 -3 4 5 6 -2
right_child=3 2 -4 -5 -6 -7 -8
leaf_value=-0.048181256907170317 0.044051391497254379 0.051037372936805089 -0.024462364803048527 -0.0032994153600212624 0.0015234707286293629 0.030707554541739887 -0.066683778098928254
leaf_weight=199 40 115 230 4456 1775 1040 118
leaf_count=199 40 115 230 4456 1775 1040 118
internal_value=0.000552713 -0.0172188 0.0010738 0.00186477 0.00959751 0.0215042 -0.0381582
internal_weight=7973 544 345 7429 2973 1198 158
internal_count=7973 544 345 7429 2973 1198 158
is_linear=0
shrinkage=0.02


Tree=894
num_leaves=8
num_cat=1
split_feature=12 7 41 37 0 53 46
split_gain=307.887 1176.33 858.436 584.682 573.403 517.473 638.536
threshold=14.955000000000002 0 71.760000000000005 0.34310000000000002 31.500000000000004 47.025000000000013 4.5000000000000009
decision_type=2 1 2 2 2 2 2
left_child=1 3 4 -1 -3 6 -6
right_child=-2 2 -4 -5 5 -7 -8
leaf_value=0.05735393611113887 0.0010198586749319031 -0.093507402222885783 0.032949581135064368 -0.028165177663167316 -0.10264259087866631 -0.010176815787130152 -0.017464703040697225
leaf_weight=116 7313 61 75 40 64 237 77
leaf_count=116 7313 61 75 40 64 237 77
internal_value=-0.000172388 -0.0130968 -0.0274343 0.0331719 -0.0386232 -0.0286612 -0.0583181
internal_weight=7983 670 514 156 439 378 141
internal_count=7983 670 514 156 439 378 141
cat_boundaries=0 1
cat_threshold=24
is_linear=0
shrinkage=0.02


Tree=895
num_leaves=8
num_cat=0
split_feature=55 47 22 14 51 47 9
split_gain=440.876 591.04 880.388 621.916 459.286 787.22 746.144
threshold=37.07500000000001 2.5000000000000004 19201.050000000003 16.855000000000004 21.015000000000004 4.5000000000000009 3.5000000000000004
decision_type=2 2 2 2 2 2 2
left_child=1 2 3 -1 5 -3 -6
right_child=-2 4 -4 -5 6 -7 -8
leaf_value=-0.047576761923584288 -0.0028866085442388447 0.044510133765115027 -0.10179543322519116 0.047799329025260476 0.045284615684590655 -0.014860281195338212 0.0073804679805406252
leaf_weight=46 6506 109 41 54 329 408 556
leaf_count=46 6506 109 41 54 329 408 556
internal_value=-0.000606058 0.00898806 -0.0293756 0.00374996 0.012937 -0.00203667 0.0216466
internal_weight=8049 1543 141 100 1402 517 885
internal_count=8049 1543 141 100 1402 517 885
is_linear=0
shrinkage=0.02


Tree=896
num_leaves=8
num_cat=0
split_feature=17 46 17 54 54 53 33
split_gain=345.439 781.108 303.999 1021.16 774.102 745.098 602.735
threshold=895.00000000000011 4.5000000000000009 1859.6500000000003 93.645000000000024 99.975000000000009 47.025000000000013 2.5000000000000004
decision_type=2 2 2 2 2 2 2
left_child=1 -1 3 5 -5 -2 -7
right_child=2 -3 -4 4 -6 6 -8
leaf_value=-0.087698525025926788 -0.024589819320861031 0.0089692693812454625 -0.00089177075181432277 -0.083642420749195298 0.020332038588821887 0.074194733243693356 0.0084270228213200009
leaf_weight=53 63 77 7469 56 51 154 88
leaf_count=53 63 77 7469 56 51 154 88
internal_value=-0.000507879 -0.0322299 3.54907e-05 0.0166546 -0.0353892 0.0351889 0.0509339
internal_weight=8011 130 7881 412 107 305 242
internal_count=8011 130 7881 412 107 305 242
is_linear=0
shrinkage=0.02


Tree=897
num_leaves=8
num_cat=0
split_feature=43 40 22 12 64 52 14
split_gain=964.604 1194.5 899.609 974.279 754.206 671.38 595.792
threshold=1.0000000180025095e-35 59.065000000000005 23547.000000000004 47.695000000000007 3.5000000000000004 26.700000000000006 19.875000000000004
decision_type=2 2 2 2 2 2 2
left_child=1 2 4 6 -1 -3 -4
right_child=-2 5 3 -5 -6 -7 -8
leaf_value=-0.020164162812378171 0.0040645826536165981 0.076078032467086776 -0.047551510179484335 -0.0084084188714623458 0.03404372039094436 0.0054997761030856785 -0.15164842576350807
leaf_weight=1168 6035 56 49 75 108 473 48
leaf_count=1168 6035 56 49 75 108 473 48
internal_value=9.18408e-05 -0.012015 -0.0213926 -0.0637165 -0.0154611 0.0136136 -0.103972
internal_weight=8012 1977 1448 172 1276 529 97
internal_count=8012 1977 1448 172 1276 529 97
is_linear=0
shrinkage=0.02


Tree=898
num_leaves=8
num_cat=0
split_feature=41 52 62 18 42 42 49
split_gain=464.168 870.31 669.966 515.444 414.054 394.932 1069.28
threshold=14.405000000000003 25.970000000000002 1.0000000180025095e-35 168696.90000000002 2.3100000000000005 45.07500000000001 38.500000000000007
decision_type=2 2 2 2 2 2 2
left_child=1 -1 3 -3 -2 6 -6
right_child=4 2 -4 -5 5 -7 -8
leaf_value=-0.098415335124393682 -0.048441939923300668 -0.057021405624620838 0.04903927894889331 0.016526114074513317 0.014403313901674595 -0.0020978794042416779 -0.012580263425026595
leaf_weight=48 62 94 56 59 2188 4737 798
leaf_count=48 62 94 56 59 2188 4737 798
internal_value=0.000183758 -0.0260002 -0.00745819 -0.0290345 0.00106428 0.0014928 0.00718305
internal_weight=8042 257 209 153 7785 7723 2986
internal_count=8042 257 209 153 7785 7723 2986
is_linear=0
shrinkage=0.02


Tree=899
num_leaves=8
num_cat=0
split_feature=16 22 6 20 22 42 16
split_gain=538.444 740.553 606.941 601.072 588.138 686.626 582.993
threshold=0.36255000000000004 8673.2500000000018 2.5000000000000004 790474.20000000007 7726.3500000000013 41.865000000000002 0.36865000000000009
decision_type=2 2 2 10 2 2 2
left_child=1 -1 -3 -4 5 -2 -6
right_child=4 2 3 -5 6 -7 -8
leaf_value=0.027172806567952529 -0.063084815467606067 -0.021851535350761796 0.023515835278348805 -0.033713737980407825 0.054119442963394625 -0.0032723333265615683 0.0019530229585195795
leaf_weight=177 114 1270 258 97 82 218 5757
leaf_count=177 114 1270 258 97 82 218 5757
internal_value=-0.00155985 -0.0111618 -0.0154079 0.0076274 0.00125079 -0.0244416 0.0027313
internal_weight=7973 1802 1625 355 6171 332 5839
internal_count=7973 1802 1625 355 6171 332 5839
is_linear=0
shrinkage=0.02


Tree=900
num_leaves=8
num_cat=1
split_feature=21 42 23 22 5 33 58
split_gain=457.951 598.766 572.895 464.957 945.83 1141.11 808.394
threshold=408995.65000000008 20.205000000000002 3.8500000000000001 11090.500000000002 0 2.5000000000000004 55.770000000000003
decision_type=10 2 2 2 1 2 2
left_child=3 -2 -3 4 5 6 -1
right_child=1 2 -4 -5 -6 -7 -8
leaf_value=0.036120716836527629 -0.037873489044863602 -0.040655128343496473 0.02169640809633331 -0.0054140344426496815 -0.0056345963598519533 -0.0020354487836827949 0.12263697589246127
leaf_weight=317 82 59 807 5313 1046 338 47
leaf_count=317 82 59 807 5313 1046 338 47
internal_value=-0.000716215 0.0122986 0.0172394 -0.00247103 0.00646408 0.024142 0.0488022
internal_weight=8009 948 866 7061 1748 702 364
internal_count=8009 948 866 7061 1748 702 364
cat_boundaries=0 1
cat_threshold=5
is_linear=0
shrinkage=0.02


Tree=901
num_leaves=8
num_cat=0
split_feature=66 38 41 42 49 42 10
split_gain=398.827 807.657 758.878 983.773 714.79 577.561 432.53
threshold=1.0000000180025095e-35 7131.6000000000013 65.715000000000018 52.565000000000005 15.500000000000002 35.955000000000005 18301.050000000007
decision_type=2 8 2 2 2 2 2
left_child=1 -1 3 4 -3 -6 -5
right_child=-2 2 -4 6 5 -7 -8
leaf_value=-0.098874245756508231 0.00051958215276871422 -0.063395101764927742 0.045424117891094351 -0.10215226930120717 -0.01748679048739947 0.064121274590830918 -0.018153609138854006
leaf_weight=41 7626 41 74 64 60 72 42
leaf_count=41 7626 41 74 64 60 72 42
internal_value=-0.000499936 -0.0199923 -0.00957737 -0.0247085 0.00496923 0.0277423 -0.0711867
internal_weight=8020 394 353 279 173 132 106
internal_count=8020 394 353 279 173 132 106
is_linear=0
shrinkage=0.02


Tree=902
num_leaves=8
num_cat=1
split_feature=16 26 4 20 52 18 58
split_gain=389.115 353.796 815.375 1239.73 940.093 872.193 729.986
threshold=0.17090000000000002 1.0000000180025095e-35 0 1026820.8500000002 63.135000000000012 88743.400000000009 62.735000000000007
decision_type=2 2 1 10 2 2 2
left_child=-1 2 -2 6 -5 -6 -4
right_child=1 -3 3 4 5 -7 -8
leaf_value=-0.038586502861976624 0.010224628399313344 0.0068911042039702212 0.00036665204953726218 -0.048893595765967877 -0.034624445470981299 0.074176814390854398 -0.037676639160514738
leaf_weight=95 1523 2754 2870 418 59 50 212
leaf_count=95 1523 2754 2870 418 59 50 212
internal_value=0.000618513 0.00111495 -0.00198841 -0.00715782 -0.0353726 0.0163488 -0.002307
internal_weight=7981 7886 5132 3609 527 109 3082
internal_count=7981 7886 5132 3609 527 109 3082
cat_boundaries=0 1
cat_threshold=6
is_linear=0
shrinkage=0.02


Tree=903
num_leaves=8
num_cat=0
split_feature=17 40 20 50 16 17 47
split_gain=450.167 917.365 629.048 413.808 527.65 780.064 1092.95
threshold=1044.3000000000002 48.940000000000005 1676579.9000000001 3.5000000000000004 0.50155000000000005 5299.5000000000009 9.5000000000000018
decision_type=2 2 8 2 2 2 2
left_child=1 2 -1 4 -2 -6 -7
right_child=3 -3 -4 -5 5 6 -8
leaf_value=-0.010165389602382977 -0.0053516155922854391 0.01818147522579322 -0.11101031164488484 0.024819507565363188 0.020698410371091498 0.0057603062955420168 -0.027481137763869467
leaf_weight=43 4045 82 57 264 947 2104 482
leaf_count=43 4045 82 57 264 947 2104 482
internal_value=-0.000288495 -0.0309561 -0.070196 0.000442521 -0.000422522 0.00522048 -0.000476584
internal_weight=8024 182 100 7842 7578 3533 2586
internal_count=8024 182 100 7842 7578 3533 2586
is_linear=0
shrinkage=0.02


Tree=904
num_leaves=8
num_cat=0
split_feature=9 23 23 67 67 0 47
split_gain=324.335 1056.3 579.562 729.537 997.374 730.451 702.002
threshold=4.5000000000000009 21.050000000000004 17.350000000000005 16.957402819728035 9.3535642511162731 47.500000000000007 2.5000000000000004
decision_type=2 2 2 2 2 2 2
left_child=2 -2 3 4 -1 -5 -6
right_child=1 -3 -4 5 6 -7 -8
leaf_value=-0.0022060675603355071 0.00036784443625211715 0.038741738477344571 -0.019420880737720969 -0.042672857065937396 -0.043579891555163321 0.014124821523260889 0.036879254674847352
leaf_weight=2898 3120 311 819 294 44 127 428
leaf_count=2898 3120 311 819 294 44 127 428
internal_value=-0.000755223 0.00389753 -0.00421851 -0.000912966 0.00220121 -0.0255744 0.0290006
internal_weight=8041 3431 4610 3791 3370 421 472
internal_count=8041 3431 4610 3791 3370 421 472
is_linear=0
shrinkage=0.02


Tree=905
num_leaves=8
num_cat=0
split_feature=17 20 8 66 58 8 61
split_gain=454.386 708.061 721.087 949.671 726.662 680.605 759.63
threshold=35017.80000000001 627297.95000000007 25.225000000000005 0.43750000000000006 32.485000000000007 54.410000000000004 1.0000000180025095e-35
decision_type=2 8 2 2 2 2 2
left_child=5 -2 4 -4 -3 -1 -7
right_child=1 2 3 -5 -6 6 -8
leaf_value=-0.0014758238259677933 -0.018435886214193824 -0.047806315282116769 0.048261634769359074 0.0028105309551432508 0.011678970320564178 -0.047004566314495184 0.016652184349467171
leaf_weight=6182 287 110 409 332 283 264 101
leaf_count=6182 287 110 409 332 283 264 101
internal_value=-0.000827796 0.00940393 0.0164998 0.0280529 -0.00536227 -0.00305403 -0.029403
internal_weight=7968 1421 1134 741 393 6547 365
internal_count=7968 1421 1134 741 393 6547 365
is_linear=0
shrinkage=0.02


Tree=906
num_leaves=8
num_cat=0
split_feature=31 54 13 20 12 33 57
split_gain=382.533 890.005 870.712 1814.4 765.827 721.188 1104.25
threshold=1.0000000180025095e-35 84.985000000000014 378.25000000000006 1026820.8500000002 54.945000000000007 3.5000000000000004 47.760000000000012
decision_type=2 2 2 10 2 2 2
left_child=1 2 -1 4 -4 6 -3
right_child=-2 5 3 -5 -6 -7 -8
leaf_value=-0.0047287691139534819 0.0018032620010053288 -0.029678107203578451 0.074965000247955327 -0.056933104015218144 0.010555311743021012 0.01823024570082897 0.007774829231998983
leaf_weight=1038 4636 1268 195 73 120 214 416
leaf_count=1038 4636 1268 195 73 120 214 416
internal_value=-0.00190912 -0.00708173 0.00484942 0.0302077 0.0509763 -0.016035 -0.0204304
internal_weight=7960 3324 1426 388 315 1898 1684
internal_count=7960 3324 1426 388 315 1898 1684
is_linear=0
shrinkage=0.02


Tree=907
num_leaves=8
num_cat=0
split_feature=42 30 55 51 20 9 14
split_gain=364.62 1291.02 855.866 908.894 907.167 609.717 395.321
threshold=18.605000000000004 1.0000000180025095e-35 35.265000000000008 14.905000000000003 566041.55000000016 4.5000000000000009 18.285000000000004
decision_type=2 2 2 2 10 2 2
left_child=1 2 -1 4 -4 -3 -5
right_child=-2 5 3 6 -6 -7 -8
leaf_value=-0.069496241759795407 -0.0011870999039286293 0.023489567361496114 0.11877760192845017 -0.031177196666698329 -0.007075241420004103 0.10562931890158277 0.016223508184080693
leaf_weight=60 7424 76 47 144 40 71 129
leaf_count=60 7424 76 47 144 40 71 129
internal_value=-2.39376e-06 0.0153843 -0.00266037 0.00927835 0.0636745 0.0653321 -0.00889012
internal_weight=7991 567 420 360 87 147 273
internal_count=7991 567 420 360 87 147 273
is_linear=0
shrinkage=0.02


Tree=908
num_leaves=8
num_cat=0
split_feature=58 54 14 21 33 55 55
split_gain=364.951 587.149 797.497 863.022 605.516 538.056 498.997
threshold=25.025000000000002 93.570000000000007 19.215000000000003 153827.80000000002 2.5000000000000004 65.245000000000019 62.850000000000001
decision_type=2 2 2 10 2 2 2
left_child=1 6 3 4 -3 -2 -1
right_child=5 2 -4 -5 -6 -7 -8
leaf_value=-0.0052771331266874616 0.0027176416003980518 -0.14228795843905417 0.0025030463248586808 -0.01489283584722198 -0.036671670079231264 -0.038833982660545142 0.05424895294865624
leaf_weight=731 6780 53 151 96 42 122 56
leaf_count=731 6780 53 151 96 42 122 56
internal_value=0.000229284 -0.0102864 -0.0319596 -0.0585737 -0.0997627 0.00195559 -0.000725737
internal_weight=8031 1129 342 191 95 6902 787
internal_count=8031 1129 342 191 95 6902 787
is_linear=0
shrinkage=0.02


Tree=909
num_leaves=8
num_cat=0
split_feature=57 57 21 30 9 42 33
split_gain=471.098 776.063 1059.24 786.448 847.42 911.551 1047.26
threshold=16.620000000000001 11.665000000000001 216396.85000000003 1.0000000180025095e-35 8.5000000000000018 34.755000000000003 1.5000000000000002
decision_type=2 2 8 2 2 2 2
left_child=1 -1 -3 4 5 -4 -7
right_child=-2 2 3 -5 -6 6 -8
leaf_value=0.00074167675928668553 0.0015835848196257484 0.049427900228832596 -0.13935385802580466 0.0024207042694530069 0.0056650360444417368 -0.12454385724506879 -0.024475062293931843
leaf_weight=849 6607 56 57 131 73 52 171
leaf_count=849 6607 56 57 131 73 52 171
internal_value=-0.000644458 -0.0112102 -0.0298355 -0.0394181 -0.0547617 -0.0703388 -0.050029
internal_weight=7996 1389 540 484 353 280 223
internal_count=7996 1389 540 484 353 280 223
is_linear=0
shrinkage=0.02


Tree=910
num_leaves=8
num_cat=0
split_feature=17 49 67 58 0 23 38
split_gain=534.666 698.082 1373.48 864.181 619.85 713.325 677.813
threshold=5299.5000000000009 49.500000000000007 12.028241034948133 37.175000000000004 23.500000000000004 20.050000000000004 19412.350000000002
decision_type=2 2 2 2 2 2 8
left_child=1 -1 3 -3 5 6 -2
right_child=4 2 -4 -5 -6 -7 -8
leaf_value=0.012820507095005285 0.013830966440565074 -0.0017160273454790041 0.058627310693264011 -0.07523127157047943 -0.0013541073421602134 -0.087885851057306411 -0.03467782681582296
leaf_weight=1870 188 122 67 130 5251 57 284
leaf_count=1870 188 122 67 130 5251 57 284
internal_value=-0.000254974 0.00815199 -0.0189907 -0.0403664 -0.00344315 -0.0239727 -0.0154141
internal_weight=7969 2189 319 252 5780 529 472
internal_count=7969 2189 319 252 5780 529 472
is_linear=0
shrinkage=0.02


Tree=911
num_leaves=8
num_cat=0
split_feature=16 54 58 58 57 21 58
split_gain=381.237 859.521 600.605 520.304 1100.13 743.149 708.136
threshold=0.36255000000000004 61.605000000000011 22.750000000000004 39.925000000000004 28.515000000000004 298730.20000000001 50.425000000000004
decision_type=2 2 2 2 2 10 2
left_child=1 -1 -3 -4 6 -6 -5
right_child=-2 2 3 4 5 -7 -8
leaf_value=0.073105028701516292 0.003334189848254706 -0.04395355482127785 0.0066127998492875543 0.037479606089712701 -0.063001311898107842 0.0036264849231415187 -0.013226662007170721
leaf_weight=47 6160 176 750 153 236 92 359
leaf_count=47 6160 176 750 153 236 92 359
internal_value=0.000961336 -0.00708787 -0.00942248 -0.00547436 -0.0162417 -0.0445392 0.00214173
internal_weight=7973 1813 1766 1590 840 328 512
internal_count=7973 1813 1766 1590 840 328 512
is_linear=0
shrinkage=0.02


Tree=912
num_leaves=8
num_cat=0
split_feature=56 56 40 58 40 56 52
split_gain=342.044 375.353 487.04 471.947 322.401 675.058 634.858
threshold=58.75500000000001 55.295000000000009 41.225000000000001 34.515000000000008 11.365000000000002 35.735000000000007 31.705000000000002
decision_type=2 2 2 2 2 2 2
left_child=1 4 -3 -4 5 -1 -7
right_child=-2 2 3 -5 -6 6 -8
leaf_value=0.026954952909113612 -0.040946972924120292 0.077495466777056987 -0.045800326479805843 0.042277331369103124 -0.00049076115106737447 -0.091089505553245548 -0.011093243991898507
leaf_weight=68 80 51 40 48 7586 67 92
leaf_count=68 80 51 40 48 7586 67 92
internal_value=-0.00103934 -0.000612381 0.0313849 0.00193208 -0.00120135 -0.0244258 -0.0465518
internal_weight=8032 7952 139 88 7813 227 159
internal_count=8032 7952 139 88 7813 227 159
is_linear=0
shrinkage=0.02


Tree=913
num_leaves=8
num_cat=0
split_feature=12 0 40 21 20 64 23
split_gain=312.338 815.557 835.049 770.108 453.953 284.713 857.152
threshold=7.3150000000000004 40.500000000000007 61.355000000000011 364501.40000000008 426268.55000000005 1.5000000000000002 9.5500000000000025
decision_type=2 2 2 8 10 2 2
left_child=1 2 4 -3 -1 6 -2
right_child=5 3 -4 -5 -6 -7 -8
leaf_value=-0.03475427739487754 -0.044503524150126254 -0.031878012885752413 0.0077188088328151386 0.046882221023278207 -0.13037833707836957 0.0022523212327849626 0.0079763226286293214
leaf_weight=40 203 92 54 97 47 7188 307
leaf_count=40 203 92 54 97 47 7188 307
internal_value=0.000402644 -0.0185026 -0.0540288 0.00871041 -0.0906915 0.00122457 -0.013142
internal_weight=8028 330 141 189 87 7698 510
internal_count=8028 330 141 189 87 7698 510
is_linear=0
shrinkage=0.02


Tree=914
num_leaves=8
num_cat=0
split_feature=42 14 10 56 23 38 54
split_gain=369.202 1164.02 888.03 1045.23 950.219 756.522 781.833
threshold=31.360000000000003 8.7450000000000028 19100.500000000004 53.525000000000006 9.4500000000000011 5188.6500000000005 89.535000000000011
decision_type=2 2 2 2 2 10 2
left_child=1 -1 4 -4 -3 6 -6
right_child=-2 2 3 -5 5 -7 -8
leaf_value=-0.044105077764427625 -0.0012851977471357915 -0.046222730634423601 0.020774147675469142 0.11877575324929279 0.0010754111147188879 -0.032827524402666661 0.090811158366186528
leaf_weight=141 6496 163 941 41 86 79 66
leaf_count=141 6496 163 941 41 86 79 66
internal_value=0.000791237 0.00965783 0.0153067 0.0254468 -0.00996861 0.0160506 0.0416908
internal_weight=8013 1517 1376 982 394 231 152
internal_count=8013 1517 1376 982 394 231 152
is_linear=0
shrinkage=0.02


Tree=915
num_leaves=8
num_cat=0
split_feature=21 55 42 53 6 20 0
split_gain=368.367 1192.54 978.823 809.362 443.828 593.529 496.272
threshold=218597.80000000002 55.355000000000011 35.185000000000009 57.150000000000006 2.5000000000000004 1057824.9500000004 29.500000000000004
decision_type=8 2 2 2 2 8 2
left_child=1 2 3 -1 6 -6 -4
right_child=-2 -3 4 -5 5 -7 -8
leaf_value=0.014111247940730024 -0.00076271669179705322 -0.04647215182343737 -0.027472110134713793 0.096257833175294044 -0.07972160821970628 0.016860067467797887 0.026105527243153619
leaf_weight=88 7114 112 80 106 44 50 380
leaf_count=88 7114 112 80 106 44 50 380
internal_value=0.000735228 0.0130592 0.0222223 0.0602863 0.00847307 -0.0300915 0.0165925
internal_weight=7974 860 748 194 554 94 460
internal_count=7974 860 748 194 554 94 460
is_linear=0
shrinkage=0.02


Tree=916
num_leaves=8
num_cat=1
split_feature=2 67 52 68 56 17 0
split_gain=330.15 1211.56 668.469 729.024 746.057 674.001 665.616
threshold=0 22.3538148286347 15.630000000000001 276748.35000000003 29.525000000000002 2350.5500000000006 46.500000000000007
decision_type=1 2 2 2 2 2 2
left_child=1 2 6 5 -5 -4 -1
right_child=-2 -3 3 4 -6 -7 -8
leaf_value=0.00028635316055554611 0.0038203294233663532 -0.058575328352472075 0.036295695256355197 -0.033984702272661801 0.013820386935646337 -0.023873249037747481 -0.093509572131223365
leaf_weight=60 5637 153 81 140 1327 571 56
leaf_count=60 5637 153 81 140 1327 571 56
internal_value=0.0011835 -0.00503078 -0.0012652 0.00134247 0.00915827 -0.0161789 -0.0469874
internal_weight=8025 2388 2235 2119 1467 652 116
internal_count=8025 2388 2235 2119 1467 652 116
cat_boundaries=0 1
cat_threshold=13
is_linear=0
shrinkage=0.02


Tree=917
num_leaves=8
num_cat=0
split_feature=8 51 54 23 42 38 13
split_gain=439.15 776.532 448.758 380.055 815.748 667.96 590.311
threshold=6.9350000000000014 33.025000000000013 90.875000000000014 23.250000000000004 31.800000000000001 7690.5000000000009 317.35000000000008
decision_type=2 2 2 2 2 8 2
left_child=1 2 -1 -2 5 -5 -6
right_child=3 -3 -4 4 6 -7 -8
leaf_value=-0.032890756742069212 -0.00052057336638413243 0.093297838845143186 0.044467745791782039 0.0031883003400719687 0.040278400114275581 0.10667648465587544 -0.012621914444692073
leaf_weight=61 7370 52 50 41 118 60 264
leaf_count=61 7370 52 50 41 118 60 264
internal_value=0.00129576 0.0332911 0.00237014 0.000610887 0.0177041 0.0667984 0.00402829
internal_weight=8016 163 111 7853 483 101 382
internal_count=8016 163 111 7853 483 101 382
is_linear=0
shrinkage=0.02


Tree=918
num_leaves=8
num_cat=0
split_feature=43 17 46 51 66 14 51
split_gain=400.538 952.47 671.147 624.308 595.433 820.529 893.71
threshold=1.0000000180025095e-35 77912.35000000002 9.5000000000000018 14.135000000000003 0.31250000000000006 43.180000000000007 31.925000000000004
decision_type=2 2 2 2 2 2 2
left_child=1 2 -1 -4 5 6 -2
right_child=4 -3 3 -5 -6 -7 -8
leaf_value=-0.013444247681781714 0.0044319447432534321 0.053780648725829563 -0.030554701358079913 0.060654141289802892 -0.0024085796732005765 -0.034934365825335448 0.029462251168498068
leaf_weight=1765 1683 93 40 91 3297 147 860
leaf_count=1765 1683 93 40 91 3297 147 860
internal_value=0.000704779 -0.00706017 -0.0101781 0.0327047 0.00328819 0.0102619 0.012938
internal_weight=7976 1989 1896 131 5987 2690 2543
internal_count=7976 1989 1896 131 5987 2690 2543
is_linear=0
shrinkage=0.02


Tree=919
num_leaves=8
num_cat=0
split_feature=16 47 56 41 21 41 21
split_gain=352.934 847.65 857.175 1304.95 799.919 583.839 529.719
threshold=0.72145000000000015 7.5000000000000009 37.495000000000012 44.525000000000013 233400.55000000002 45.165000000000006 227385.75000000003
decision_type=2 2 2 2 10 2 10
left_child=-1 2 3 -2 -4 -6 -3
right_child=1 6 4 -5 5 -7 -8
leaf_value=-0.0010706090435147974 -0.083482035441832109 -0.040254146526770097 0.086539544292326478 0.045580539948319732 0.061556238396262578 -0.026848716153339908 0.019028139342726381
leaf_weight=7384 50 133 135 68 50 61 103
leaf_count=7384 50 133 135 68 50 61 103
internal_value=0.000131959 0.0148181 0.0337804 -0.0102775 0.0546977 0.0139102 -0.014523
internal_weight=7984 600 364 118 246 111 236
internal_count=7984 600 364 118 246 111 236
is_linear=0
shrinkage=0.02


Tree=920
num_leaves=8
num_cat=0
split_feature=22 23 64 33 42 40 42
split_gain=338.249 632.174 313.916 1077.74 563.151 429.865 381.733
threshold=5995.1000000000013 9.2500000000000018 4.5000000000000009 3.5000000000000004 30.335000000000004 36.615000000000002 82.565000000000012
decision_type=2 2 2 2 2 2 2
left_child=1 -1 6 5 -5 -4 -2
right_child=2 -3 3 4 -6 -7 -8
leaf_value=-0.091969552106327485 -0.0015386994608233703 0.006686312561998 0.10212618346214294 0.051355297428866228 -0.015052223605468222 0.033517646847823483 0.016758614112289742
leaf_weight=40 6771 60 45 55 340 174 484
leaf_count=40 6771 60 45 55 340 174 484
internal_value=0.00038362 -0.0352764 0.000858903 0.0145303 -0.00527925 0.0495802 -0.000307337
internal_weight=7969 100 7869 614 395 219 7255
internal_count=7969 100 7869 614 395 219 7255
is_linear=0
shrinkage=0.02


Tree=921
num_leaves=8
num_cat=0
split_feature=55 48 42 41 14 66 38
split_gain=438.114 567.333 437.91 624.402 993.015 917.135 985.036
threshold=65.245000000000019 2.5000000000000004 36.655000000000008 36.595000000000006 22.115000000000006 0.56250000000000011 27483.200000000004
decision_type=2 2 2 2 2 2 10
left_child=2 -2 3 5 -5 6 -1
right_child=1 -3 -4 4 -6 -7 -8
leaf_value=-0.0023754094812823744 0.014450848468794273 -0.061903197056460149 -0.0030885666477930207 0.036184315264768417 -0.0076209159782042769 0.049279415098920705 -0.075732822983136661
leaf_weight=1006 60 98 5714 564 323 121 74
leaf_count=1006 60 98 5714 564 323 121 74
internal_value=-0.000902228 -0.0333541 -0.000224097 0.00760343 0.0202794 -0.00180367 -0.00772759
internal_weight=7960 158 7802 2088 887 1201 1080
internal_count=7960 158 7802 2088 887 1201 1080
is_linear=0
shrinkage=0.02


Tree=922
num_leaves=8
num_cat=0
split_feature=49 26 68 40 56 57 55
split_gain=305.405 315.195 809.366 762.686 926.682 850.776 1051.1
threshold=108.50000000000001 1.0000000180025095e-35 1114371.9500000002 72.590000000000018 27.755000000000006 23.225000000000005 37.865000000000002
decision_type=2 2 2 2 2 2 2
left_child=1 2 -1 4 -4 6 -6
right_child=-2 -3 3 -5 5 -7 -8
leaf_value=0.00024351142358715051 0.051477844807836751 0.0045949793528265838 -0.1131083791560315 0.023507730080322788 -0.0011058786121152695 -0.0081620619865681275 -0.08412190156947276
leaf_weight=4119 40 2821 42 138 100 591 152
leaf_count=4119 40 2821 42 138 100 591 152
internal_value=-0.000479043 -0.000772174 -0.0037183 -0.0195937 -0.0264089 -0.0214479 -0.0518415
internal_weight=8003 7963 5142 1023 885 843 252
internal_count=8003 7963 5142 1023 885 843 252
is_linear=0
shrinkage=0.02


Tree=923
num_leaves=8
num_cat=0
split_feature=56 42 41 50 15 12 18
split_gain=469.459 860.932 1258.1 715.502 1235.54 1329.8 892.704
threshold=33.485000000000007 31.360000000000003 14.405000000000003 1.5000000000000002 1.0000000180025095e-35 66.815000000000012 152626.55000000002
decision_type=2 2 2 2 2 2 2
left_child=1 2 -1 4 -3 6 -6
right_child=-2 3 -4 -5 5 -7 -8
leaf_value=-0.072962449991703038 0.0045600201984887173 -0.0074140885283019162 0.035422034290265414 0.007274138330276834 -0.090419733608225444 0.040362488230069479 -0.0015517121889898856
leaf_weight=45 6324 613 303 415 217 46 57
leaf_count=45 6324 613 303 415 217 46 57
internal_value=0.00205415 -0.00727561 0.0205719 -0.0145142 -0.0241928 -0.0557258 -0.0722917
internal_weight=8020 1696 348 1348 933 320 274
internal_count=8020 1696 348 1348 933 320 274
is_linear=0
shrinkage=0.02


Tree=924
num_leaves=8
num_cat=0
split_feature=8 10 17 58 8 13 0
split_gain=387.231 864.971 1488.85 501.276 470.046 619.514 419.365
threshold=8.5850000000000026 13300.150000000003 3890.5500000000006 54.405000000000008 9.4650000000000016 375.35000000000008 22.500000000000004
decision_type=2 2 2 2 2 2 2
left_child=1 2 -1 6 5 -2 -3
right_child=4 3 -4 -5 -6 -7 -8
leaf_value=0.053013176428420204 -0.063981043200194834 0.021865566316105069 -0.065125769792745508 -0.011335003107138301 -7.6513811275631083e-05 0.025875550186180551 0.092805418795555511
leaf_weight=72 95 58 91 41 7498 41 88
leaf_count=72 95 58 91 41 7498 41 88
internal_value=0.000192146 0.0206112 -0.012917 0.0494116 -0.000756894 -0.036935 0.066281
internal_weight=7984 350 163 187 7634 136 146
internal_count=7984 350 163 187 7634 136 146
is_linear=0
shrinkage=0.02


Tree=925
num_leaves=8
num_cat=0
split_feature=64 53 23 23 46 68 37
split_gain=495.439 342.887 810.37 593.367 555.609 557.893 522.958
threshold=1.0000000180025095e-35 85.855000000000004 4.8500000000000005 6.5500000000000007 5.5000000000000009 884567.10000000009 0.050650000000000008
decision_type=2 2 2 2 2 2 2
left_child=-1 -2 -3 -4 6 -6 -5
right_child=1 2 3 4 5 -7 -8
leaf_value=-0.058570231280084387 -0.0014860571021061064 0.087355907112360007 -0.058576235488057141 0.005567518107269122 -0.033867342902037002 0.037799076754313252 0.068094899778096185
leaf_weight=54 7336 51 45 110 127 60 101
leaf_count=54 7336 51 45 110 127 60 101
internal_value=-0.000831144 -0.00039582 0.0156471 0.00650885 0.0145032 -0.0104872 0.0363811
internal_weight=7884 7830 494 443 398 187 211
internal_count=7884 7830 494 443 398 187 211
is_linear=0
shrinkage=0.02


Tree=926
num_leaves=8
num_cat=1
split_feature=41 54 41 17 52 7 41
split_gain=265.03 699.652 809.658 599.266 496.577 333.253 719.391
threshold=15.475000000000003 95.115000000000023 11.815000000000001 8003.9000000000005 48.065000000000005 0 30.235000000000003
decision_type=2 2 2 2 2 1 2
left_child=1 2 3 -1 -5 6 -2
right_child=5 -3 -4 4 -6 -7 -8
leaf_value=-0.055515465075150136 0.026375349020875793 0.040153145212680104 -0.088749587384859718 -0.020832509927029879 0.067598714345693589 -0.0039886064843497509 0.0014760181163318189
leaf_weight=59 521 59 70 48 45 3274 3953
leaf_count=59 521 59 70 48 45 3274 3953
internal_value=0.000153521 -0.0187538 -0.0349489 -0.00813489 0.0232226 0.000850895 0.00439196
internal_weight=8029 281 222 152 93 7748 4474
internal_count=8029 281 222 152 93 7748 4474
cat_boundaries=0 1
cat_threshold=18
is_linear=0
shrinkage=0.02


Tree=927
num_leaves=8
num_cat=1
split_feature=49 4 17 34 12 41 49
split_gain=378.332 966.95 1101.32 998.198 522.515 554.605 424.733
threshold=9.5000000000000018 0 3833.6500000000005 1.5000000000000002 43.755000000000003 47.335000000000008 34.500000000000007
decision_type=2 1 2 2 2 2 2
left_child=1 2 3 -1 5 -3 -2
right_child=6 4 -4 -5 -6 -7 -8
leaf_value=0.083156420927261929 0.0057337869937023464 -0.053639655042502836 -0.038837750810994887 -0.032000702281707316 0.050271134902272488 0.023560279516300353 -0.0044563232193449874
leaf_weight=59 4562 54 492 53 119 96 2545
leaf_count=59 4562 54 492 53 119 96 2545
internal_value=0.000555374 -0.0118313 -0.0255838 0.0296237 0.0191848 -0.00506549 0.00208416
internal_weight=7980 873 604 112 269 150 7107
internal_count=7980 873 604 112 269 150 7107
cat_boundaries=0 1
cat_threshold=3
is_linear=0
shrinkage=0.02


Tree=928
num_leaves=8
num_cat=1
split_feature=54 33 55 2 14 23 10
split_gain=473.079 1343.61 823.409 1144.36 818.075 784.527 747.688
threshold=82.855000000000004 2.5000000000000004 55.055000000000007 0 7.410000000000001 10.250000000000002 14569.450000000003
decision_type=2 2 2 1 2 2 2
left_child=1 2 -1 -4 -2 -5 -3
right_child=4 6 3 5 -6 -7 -8
leaf_value=0.029254914410105821 -0.037005145221895908 -0.038427452130450145 0.030189888188915867 0.0048910593209059343 -0.00087869580900472213 -0.1062582679620156 0.00066785373216946648
leaf_weight=1106 260 220 109 41 4661 60 1500
leaf_count=1106 260 220 109 41 4661 60 1500
internal_value=0.00100685 0.00720911 0.02238 -0.0136663 -0.00282305 -0.0576017 -0.0044296
internal_weight=7957 3036 1316 210 4921 101 1720
internal_count=7957 3036 1316 210 4921 101 1720
cat_boundaries=0 1
cat_threshold=52
is_linear=0
shrinkage=0.02


Tree=929
num_leaves=8
num_cat=1
split_feature=68 13 1 66 20 20 20
split_gain=303.3 788.365 457.207 413.374 348.902 348.569 481.964
threshold=1771695.7500000002 313.85000000000008 0 0.18750000000000003 1625303.1500000001 1475939.0000000002 1294149.5500000003
decision_type=2 2 1 2 10 10 10
left_child=4 2 -2 -3 5 6 -1
right_child=1 3 -4 -5 -6 -7 -8
leaf_value=-0.00015969887722210008 0.0076893565035425129 0.079835233611279519 -0.072267930336572514 0.020521913768145543 -0.051636797413229941 0.043489598128157607 -0.03047574378894987
leaf_weight=7267 59 53 49 285 49 66 211
leaf_count=7267 59 53 49 285 49 66 211
internal_value=-3.39716e-05 0.0159012 -0.0301801 0.0308507 -0.000979826 -0.000616814 -0.00103489
internal_weight=8039 446 108 338 7593 7544 7478
internal_count=8039 446 108 338 7593 7544 7478
cat_boundaries=0 1
cat_threshold=2
is_linear=0
shrinkage=0.02


Tree=930
num_leaves=8
num_cat=0
split_feature=30 58 20 51 17 51 17
split_gain=359.198 585.317 682.26 680.047 1314.06 782.455 597.39
threshold=1.0000000180025095e-35 35.065000000000005 642141.00000000012 19.905000000000005 6558.0000000000009 53.965000000000011 5437.0000000000009
decision_type=2 2 10 2 2 2 2
left_child=-1 2 3 4 -2 6 -5
right_child=1 -3 -4 5 -6 -7 -8
leaf_value=-0.0031801596183729085 0.077292715325211619 0.014462117898425463 0.016867021392670371 -0.10064400862956394 -0.030548465579998591 0.037237056306764188 -0.032414998433487795
leaf_weight=5851 68 1346 305 64 114 46 239
leaf_count=5851 68 1346 305 64 114 46 239
internal_value=-0.000597589 0.00631897 -0.00679992 -0.0204245 0.0107332 -0.0365949 -0.0482263
internal_weight=8033 2182 836 531 182 349 303
internal_count=8033 2182 836 531 182 349 303
is_linear=0
shrinkage=0.02


Tree=931
num_leaves=8
num_cat=0
split_feature=40 64 33 33 0 55 47
split_gain=374.73 578.873 694.723 677.26 878.7 496.211 467.673
threshold=72.590000000000018 2.5000000000000004 2.5000000000000004 1.5000000000000002 34.500000000000007 49.505000000000003 11.500000000000002
decision_type=2 2 2 2 2 2 2
left_child=-1 3 6 4 -2 -5 -3
right_child=1 2 -4 5 -6 -7 -8
leaf_value=-0.0021203076703295142 -0.071403000050120888 0.0093163222322861349 -0.014186667213935989 0.083846488818526271 0.051057685151392099 0.0054937900047676239 0.060428768070702701
leaf_weight=6915 40 283 448 110 44 46 92
leaf_count=6915 40 283 448 110 44 46 92
internal_value=-0.000418787 0.010608 0.00255813 0.0375968 -0.00799223 0.0616306 0.022486
internal_weight=7978 1063 823 240 84 156 375
internal_count=7978 1063 823 240 84 156 375
is_linear=0
shrinkage=0.02


Tree=932
num_leaves=8
num_cat=1
split_feature=14 38 64 41 16 55 2
split_gain=344.647 581.655 477.471 449.805 477.115 436.043 420.179
threshold=42.570000000000007 25338.950000000004 1.0000000180025095e-35 45.725000000000001 0.47905000000000003 46.995000000000012 0
decision_type=2 8 2 2 2 2 1
left_child=2 6 -1 5 -5 -3 -2
right_child=1 3 -4 4 -6 -7 -8
leaf_value=-0.056410530282740005 0.032232045653846957 -0.022155502003928029 0.0016942825344304861 0.019887445576680013 -0.050972668695449828 -0.11148881069456155 -0.018530820093030552
leaf_weight=52 109 43 7527 73 70 47 124
leaf_count=52 109 43 7527 73 70 47 124
internal_value=0.000227865 -0.0163729 0.00125869 -0.0383723 -0.0153495 -0.0722198 0.00597054
internal_weight=8045 466 7579 233 143 90 233
internal_count=8045 466 7579 233 143 90 233
cat_boundaries=0 1
cat_threshold=139
is_linear=0
shrinkage=0.02


Tree=933
num_leaves=8
num_cat=0
split_feature=10 41 38 22 55 34 10
split_gain=332.537 734.787 544.291 865.008 421.148 443.229 381.255
threshold=103745.15000000001 36.815000000000005 25338.950000000004 16431.950000000001 58.455000000000005 2.5000000000000004 113621.90000000001
decision_type=2 2 8 2 2 2 2
left_child=-1 2 3 -2 5 6 -3
right_child=1 4 -4 -5 -6 -7 -8
leaf_value=-0.0013056049450866736 0.05791922221705318 0.074516784281415102 0.090384905541108729 -0.051966882930861581 -0.057229482375247324 -0.013128731205882828 0.011764988760190285
leaf_weight=7334 75 46 67 40 41 227 172
leaf_count=7334 75 46 67 40 41 227 172
internal_value=-7.17817e-05 0.0133835 0.0470735 0.0191252 0.000416165 0.00630421 0.0263801
internal_weight=8002 668 182 115 486 445 218
internal_count=8002 668 182 115 486 445 218
is_linear=0
shrinkage=0.02


Tree=934
num_leaves=8
num_cat=0
split_feature=57 12 23 23 64 41 23
split_gain=381.157 662.568 615.047 717.037 681.736 613.705 1346.02
threshold=18.775000000000002 28.005000000000006 18.450000000000003 20.450000000000003 2.5000000000000004 27.605000000000004 15.350000000000003
decision_type=2 2 2 2 2 2 2
left_child=5 2 4 -4 -2 6 -1
right_child=1 -3 3 -5 -6 -7 -8
leaf_value=-0.070407911347298832 0.04259129578428255 -0.0013466518809044994 -0.075093733899054993 0.0078292132111696094 0.0095401142687752735 -0.0042755817041631432 0.052048458295563864
leaf_weight=147 356 4982 57 125 823 1462 43
leaf_count=147 356 4982 57 125 823 1462 43
internal_value=-0.000194381 0.00203543 0.0143753 -0.0194546 0.0196577 -0.00873624 -0.0420701
internal_weight=7995 6343 1361 182 1179 1652 190
internal_count=7995 6343 1361 182 1179 1652 190
is_linear=0
shrinkage=0.02


Tree=935
num_leaves=8
num_cat=0
split_feature=21 52 18 40 17 17 9
split_gain=340.165 645.086 422.688 423.878 527.008 372.632 392.202
threshold=197564.45000000004 21.575000000000003 581302.05000000016 64.735000000000014 12461.700000000003 4044.5500000000006 6.5000000000000009
decision_type=8 2 2 2 2 2 2
left_child=1 -1 3 5 -5 -3 -7
right_child=-2 2 -4 4 -6 6 -8
leaf_value=0.0751440038953404 -0.0023347095295902184 -0.01511447737691924 -0.027500719324974665 0.021928203490333281 -0.060489929067461111 0.019472439272427245 0.074241546075357948
leaf_weight=56 7489 59 111 64 52 147 81
leaf_count=56 7489 59 111 64 52 147 81
internal_value=-0.00119795 0.013628 0.00626646 0.0157901 -0.0159907 0.0286892 0.0401055
internal_weight=8059 570 514 403 116 287 228
internal_count=8059 570 514 403 116 287 228
is_linear=0
shrinkage=0.02


Tree=936
num_leaves=8
num_cat=0
split_feature=23 23 22 56 23 16 64
split_gain=325.238 368.892 699.861 643.927 1005.01 630.322 621.327
threshold=1.7500000000000002 7.7500000000000009 7035.6000000000013 30.575000000000003 15.750000000000002 0.52155000000000007 2.5000000000000004
decision_type=2 2 2 2 2 2 2
left_child=-1 2 -2 4 6 -6 -3
right_child=1 3 -4 -5 5 -7 -8
leaf_value=0.050427584183216093 -0.065219225870606343 0.039592164245818462 -0.0053521798112615947 0.0044495650493023339 -0.075808813692806482 -0.010163914104488407 -0.01333427061745897
leaf_weight=45 76 121 2245 5016 138 102 295
leaf_count=45 76 121 2245 5016 138 102 295
internal_value=-0.000423024 -0.000740656 -0.00744848 0.00200835 -0.0165505 -0.0486865 0.00234758
internal_weight=8038 7993 2321 5672 656 240 416
internal_count=8038 7993 2321 5672 656 240 416
is_linear=0
shrinkage=0.02


Tree=937
num_leaves=8
num_cat=0
split_feature=17 0 14 17 32 16 49
split_gain=312.083 902.861 913.874 772.83 669.504 684.184 801.911
threshold=17041.350000000002 20.500000000000004 21.635000000000002 13302.750000000002 1.0000000180025095e-35 0.60415000000000008 41.500000000000007
decision_type=2 2 2 2 2 2 2
left_child=3 2 -2 -1 5 -3 -7
right_child=1 4 -4 -5 -6 6 -8
leaf_value=0.0010794669130925311 -0.08727601026055179 0.010495187661839404 0.027310003499190012 -0.022719707640064896 -0.0021686448837698021 0.059511866254457674 -0.015071598646992987
leaf_weight=4503 74 1227 40 616 1263 253 72
leaf_count=4503 74 1227 40 616 1263 253 72
internal_value=0.00117537 0.00637625 -0.0476122 -0.00180381 0.00864318 0.0174204 0.0430108
internal_weight=8048 2929 114 5119 2815 1552 325
internal_count=8048 2929 114 5119 2815 1552 325
is_linear=0
shrinkage=0.02


Tree=938
num_leaves=8
num_cat=1
split_feature=68 10 22 1 13 68 26
split_gain=659.961 509.252 594.122 585.708 481.167 422.517 841.327
threshold=1820341.55 23982.800000000007 19388.150000000005 0 313.85000000000008 1637445.2500000002 1.0000000180025095e-35
decision_type=2 2 2 1 2 2 2
left_child=5 3 4 -2 -3 -1 -7
right_child=1 2 -4 -5 -6 6 -8
leaf_value=-0.0015157920606461742 0.10813012581180644 -0.023671126852610282 -0.035544368804972852 0.0087454270134318841 0.044906052121120255 -0.062427124986930406 0.016994783699672708
leaf_weight=7474 49 51 76 44 159 124 88
leaf_count=7474 49 51 76 44 159 124 88
internal_value=-0.00103863 0.0245507 0.0108588 0.0639546 0.0280884 -0.00231559 -0.0298276
internal_weight=8065 379 286 93 210 7686 212
internal_count=8065 379 286 93 210 7686 212
cat_boundaries=0 1
cat_threshold=2
is_linear=0
shrinkage=0.02


Tree=939
num_leaves=8
num_cat=1
split_feature=20 20 8 56 41 61 2
split_gain=407.655 850.773 748.842 531.061 649.073 434.08 453.553
threshold=1359507.9500000004 1294149.5500000003 26.365000000000006 52.905000000000008 45.955000000000005 1.0000000180025095e-35 0
decision_type=8 10 2 2 2 2 1
left_child=1 -1 -3 5 -5 6 -2
right_child=3 2 -4 4 -6 -7 -8
leaf_value=-0.0025165164225377495 0.010128281663471411 -0.11017773060094831 -0.0085273329568887821 0.077699962936598685 0.0046587644173548774 0.028644086874049641 -0.0038057056206831116
leaf_weight=3475 1512 51 62 82 112 248 2395
leaf_count=3475 1512 51 62 82 112 248 2395
internal_value=0.000673294 -0.0043136 -0.0571295 0.0047878 0.0367084 0.00325507 0.00160893
internal_weight=7937 3588 113 4349 194 4155 3907
internal_count=7937 3588 113 4349 194 4155 3907
cat_boundaries=0 1
cat_threshold=38
is_linear=0
shrinkage=0.02


Tree=940
num_leaves=8
num_cat=0
split_feature=38 56 51 57 51 68 41
split_gain=386.199 818.146 833.765 1034.63 795.678 938.887 774.368
threshold=6932.0500000000011 26.260000000000002 9.9350000000000005 45.675000000000004 7.9250000000000007 433782.90000000008 60.745000000000012
decision_type=8 2 2 2 2 2 2
left_child=1 -1 3 4 5 -3 -4
right_child=-2 2 6 -5 -6 -7 -8
leaf_value=-0.055199273377656941 -0.003447944259077193 0.024980843936215448 0.021989402034594603 0.030073253143401372 -0.11257177110153194 -0.055418352166881089 -0.0059685325342012166
leaf_weight=79 5631 94 1353 121 44 138 557
leaf_count=79 5631 94 1353 121 44 138 557
internal_value=-0.000590946 0.00614473 0.0083602 -0.017857 -0.0390311 -0.023003 0.0138419
internal_weight=8017 2386 2307 397 276 232 1910
internal_count=8017 2386 2307 397 276 232 1910
is_linear=0
shrinkage=0.02


Tree=941
num_leaves=8
num_cat=0
split_feature=30 42 57 0 41 51 12
split_gain=381.153 977.24 974.708 814.433 612.206 643.424 642.06
threshold=1.0000000180025095e-35 19.215000000000003 34.005000000000003 49.500000000000007 64.65000000000002 7.2350000000000012 22.085000000000004
decision_type=2 2 2 2 2 2 2
left_child=4 2 -2 -4 6 -6 -1
right_child=1 -3 3 -5 5 -7 -8
leaf_value=-0.025158474686170003 0.10285083216428756 0.0020858602105337195 0.062080005229665683 -0.051010367284715176 0.038926055723027923 0.0018631320175564682 -0.0041341931358645709
leaf_weight=681 75 1995 47 45 219 1149 3818
leaf_count=681 75 1995 47 45 219 1149 3818
internal_value=-0.00113478 0.00603481 0.0517774 0.006986 -0.00377967 0.0079166 -0.00734097
internal_weight=8029 2162 167 92 5867 1368 4499
internal_count=8029 2162 167 92 5867 1368 4499
is_linear=0
shrinkage=0.02


Tree=942
num_leaves=8
num_cat=1
split_feature=21 21 54 33 9 23 7
split_gain=331.045 850.975 767.043 555.735 594.922 453.879 733.799
threshold=386670.95000000001 380478.60000000003 87.135000000000005 1.5000000000000002 4.5000000000000009 8.2500000000000018 0
decision_type=10 10 2 2 2 2 1
left_child=1 -1 3 4 -2 -4 -7
right_child=2 -3 5 -5 -6 6 -8
leaf_value=-0.001474274607913328 0.015938028704886344 -0.071569701194763177 0.01599172010754395 0.016427732109000871 0.11811492401726392 0.018974383381151018 -0.042053036384849661
leaf_weight=6761 46 65 193 505 44 111 219
leaf_count=6761 46 65 193 505 44 111 219
internal_value=-0.000539626 -0.00219365 0.0095239 0.0249644 0.0694786 -0.00811227 -0.0222377
internal_weight=7944 6826 1118 595 90 523 330
internal_count=7944 6826 1118 595 90 523 330
cat_boundaries=0 1
cat_threshold=25
is_linear=0
shrinkage=0.02


Tree=943
num_leaves=8
num_cat=0
split_feature=14 68 68 40 48 43 14
split_gain=406.883 791.464 1176.89 435.595 532.85 415.768 826.921
threshold=43.180000000000007 747421.30000000016 484672.75000000006 37.580000000000005 5.5000000000000009 1.0000000180025095e-35 33.970000000000006
decision_type=2 2 2 2 2 2 2
left_child=5 2 3 -2 -5 6 -1
right_child=1 -3 -4 4 -6 -7 -8
leaf_value=-0.0029911888163894037 -0.064695073263877523 0.011049594005366955 -0.12718806485717113 0.032889239428674472 -0.043861723419219727 0.0039490161627454756 -0.05195990864907702
leaf_weight=1726 54 197 47 80 58 5659 145
leaf_count=1726 54 197 47 80 58 5659 145
internal_value=0.000154186 -0.0185181 -0.0426168 -0.0192117 0.000225852 0.00124691 -0.00691457
internal_weight=7966 436 239 192 138 7530 1871
internal_count=7966 436 239 192 138 7530 1871
is_linear=0
shrinkage=0.02


Tree=944
num_leaves=8
num_cat=0
split_feature=56 64 51 14 34 49 23
split_gain=349.209 327.244 941.757 926.542 878.311 816.807 914.813
threshold=22.075000000000006 2.5000000000000004 14.135000000000003 23.425000000000004 3.5000000000000004 7.5000000000000009 22.850000000000005
decision_type=2 2 2 2 2 2 2
left_child=-1 2 3 -2 5 -4 -7
right_child=1 -3 4 -5 -6 6 -8
leaf_value=0.046501194215010082 -0.00062037176514665295 -0.0034025535988098034 0.060848222232113287 -0.054802646730095148 0.089888201650103611 0.0022016837052743284 0.061109852681034492
leaf_weight=58 475 5578 115 167 53 1412 109
leaf_count=58 475 5578 115 167 53 1412 109
internal_value=-0.000400038 -0.000773146 0.00551275 -0.0150291 0.0133422 0.010596 0.00660964
internal_weight=7967 7909 2331 642 1689 1636 1521
internal_count=7967 7909 2331 642 1689 1636 1521
is_linear=0
shrinkage=0.02


Tree=945
num_leaves=8
num_cat=0
split_feature=42 43 24 52 57 42 20
split_gain=359.299 644.096 757.908 829.458 878.366 738.436 671.381
threshold=47.765000000000008 1.0000000180025095e-35 1.0000000180025095e-35 65.045000000000016 35.57500000000001 33.20000000000001 1676579.9000000001
decision_type=2 2 2 2 2 2 8
left_child=1 -1 3 4 5 -3 -6
right_child=-2 2 -4 -5 6 -7 -8
leaf_value=-0.0071019784763925444 -0.002493513841956643 -0.11870363272966877 0.015349342023681213 0.050186932807851393 0.06390173658132553 -0.024449593197731746 -0.030261431429293252
leaf_weight=1056 4269 57 2291 54 45 79 72
leaf_count=1056 4269 57 2291 54 45 79 72
internal_value=0.00144579 0.00604523 0.0113925 -0.0179084 -0.0331335 -0.0667616 0.00708981
internal_weight=7923 3654 2598 307 253 136 117
internal_count=7923 3654 2598 307 253 136 117
is_linear=0
shrinkage=0.02


Tree=946
num_leaves=8
num_cat=0
split_feature=8 58 40 53 8 49 56
split_gain=554.995 1104.92 684.961 569.808 404.793 481.868 303.354
threshold=8.5850000000000026 50.425000000000004 53.865000000000002 49.805000000000007 9.4650000000000016 25.500000000000004 22.075000000000006
decision_type=2 2 2 2 2 2 2
left_child=1 2 3 -1 5 -2 -6
right_child=4 -3 -4 -5 6 -7 -8
leaf_value=0.0086975986082503138 0.0069098833592041676 -0.037044752182608304 0.0097385849181870765 0.096090369995980127 0.045255401403200432 -0.066645585906047092 0.00047049909102769399
leaf_weight=42 64 83 128 108 56 73 7384
leaf_count=42 64 83 128 108 56 73 7384
internal_value=0.00136193 0.0254161 0.0443895 0.0726903 0.000199884 -0.0332505 0.000837757
internal_weight=7938 361 278 150 7577 137 7440
internal_count=7938 361 278 150 7577 137 7440
is_linear=0
shrinkage=0.02


Tree=947
num_leaves=8
num_cat=1
split_feature=22 17 42 1 42 41 48
split_gain=355.335 362.485 1228.75 589.786 545.432 1022.67 1224.56
threshold=5995.1000000000013 976.75000000000011 33.20000000000001 0 37.085000000000008 36.595000000000006 11.500000000000002
decision_type=2 2 2 1 2 2 2
left_child=-1 2 -2 -4 5 -3 -7
right_child=1 4 3 -5 -6 6 -8
leaf_value=-0.037923728142465862 -0.10921113956433078 -0.0027125651902867348 -0.044344633867343268 0.047876576098303002 -0.0022616513350106316 0.034593941442963724 -0.028538541697884261
leaf_weight=93 47 1196 43 61 5648 804 141
leaf_count=93 47 1196 43 61 5648 804 141
internal_value=-7.30564e-05 0.00039387 -0.0297927 0.00946157 0.000997814 0.00958158 0.0250735
internal_weight=8033 7940 151 104 7789 2141 945
internal_count=8033 7940 151 104 7789 2141 945
cat_boundaries=0 1
cat_threshold=2
is_linear=0
shrinkage=0.02


Tree=948
num_leaves=8
num_cat=0
split_feature=14 49 21 66 14 8 8
split_gain=374.951 1262.17 737.323 1161.05 665.612 711.542 1147.31
threshold=22.235000000000003 62.500000000000007 253551.80000000002 0.31250000000000006 23.605000000000004 11.155000000000003 7.6850000000000014
decision_type=2 2 10 2 2 2 2
left_child=-1 4 3 -3 -2 6 -6
right_child=1 2 -4 -5 5 -7 -8
leaf_value=0.0041615671689986151 -0.03023635734728284 -0.14666247318880479 -0.0097851165727283178 -0.011377389025688172 0.031814345793753133 0.0059782308738590001 -0.060162549727793897
leaf_weight=5265 278 56 84 45 77 2095 160
leaf_count=5265 278 56 84 45 77 2095 160
internal_value=0.0010198 -0.00489529 -0.054664 -0.0897668 -0.00126985 0.00224058 -0.0302399
internal_weight=8060 2795 185 101 2610 2332 237
internal_count=8060 2795 185 101 2610 2332 237
is_linear=0
shrinkage=0.02


Tree=949
num_leaves=8
num_cat=1
split_feature=48 58 55 33 48 33 5
split_gain=322.303 475.797 897.947 659.057 391.986 347.676 322.91
threshold=18.500000000000004 30.555000000000003 41.885000000000012 2.5000000000000004 26.500000000000004 2.5000000000000004 0
decision_type=2 2 2 2 2 2 1
left_child=6 -2 3 -3 5 -4 -1
right_child=1 2 4 -5 -6 -7 -8
leaf_value=0.010086173352228025 0.016106376091903837 0.062343404509804468 -0.11199584460716981 -0.029153178902091206 -0.0068170763357825901 -0.03987333572254731 -0.0007863962603087821
leaf_weight=1305 117 50 60 69 41 60 6337
leaf_count=1305 117 50 60 69 41 60 6337
internal_value=0.000170314 -0.017285 -0.0312755 0.0102545 -0.0613559 -0.078972 0.00108782
internal_weight=8039 397 280 119 161 120 7642
internal_count=8039 397 280 119 161 120 7642
cat_boundaries=0 1
cat_threshold=1
is_linear=0
shrinkage=0.02


Tree=950
num_leaves=8
num_cat=0
split_feature=38 53 33 56 68 58 49
split_gain=387.823 443.881 439.056 482.36 1416.12 629.268 704.923
threshold=7083.3500000000013 97.25500000000001 1.0000000180025095e-35 31.285000000000004 915830.45000000007 41.605000000000011 25.500000000000004
decision_type=8 2 2 2 2 2 2
left_child=2 -2 -1 4 5 6 -4
right_child=1 -3 3 -5 -6 -7 -8
leaf_value=-0.051919133584110107 -0.0014787640486677836 -0.049229485592510128 -0.013096695775022872 0.01221435386777241 -0.073372578912725056 -0.028260730296540797 0.074458902186817597
leaf_weight=44 5486 74 60 2058 103 84 85
leaf_count=44 5486 74 60 2058 103 84 85
internal_value=0.00075706 -0.00215796 0.00740662 0.00860492 -0.0136185 0.0142513 0.0390001
internal_weight=7994 5560 2434 2390 332 229 145
internal_count=7994 5560 2434 2390 332 229 145
is_linear=0
shrinkage=0.02


Tree=951
num_leaves=8
num_cat=0
split_feature=22 23 9 48 52 17 58
split_gain=312.979 913.451 607.759 439.291 340.646 330.025 610.583
threshold=7121.0500000000011 7.9500000000000011 7.5000000000000009 2.5000000000000004 49.885000000000012 39070.350000000006 32.645000000000003
decision_type=2 2 2 2 2 2 2
left_child=1 4 3 -3 -1 -2 -7
right_child=5 2 -4 -5 -6 6 -8
leaf_value=-0.025853806534409524 -0.0011331867476478325 0.028195348823512042 0.056157346812505574 -0.043435677272888523 -0.10424177752600777 -0.011566808409158731 0.019656878253213942
leaf_weight=45 6607 49 58 91 49 354 830
leaf_count=45 6607 49 58 91 49 354 830
internal_value=-0.000156124 -0.0203068 0.00438737 -0.0182571 -0.0699166 0.000611644 0.010312
internal_weight=8083 292 198 140 94 7791 1184
internal_count=8083 292 198 140 94 7791 1184
is_linear=0
shrinkage=0.02


Tree=952
num_leaves=8
num_cat=0
split_feature=16 53 38 13 51 20 23
split_gain=473.959 961.479 1045.72 667.071 643.664 691.727 505.97
threshold=0.26805000000000007 48.145000000000003 3355.2000000000003 351.45000000000005 52.375000000000007 558013.50000000012 19.150000000000002
decision_type=2 2 10 2 2 8 2
left_child=1 2 3 -1 5 -3 -7
right_child=-2 4 -4 -5 -6 6 -8
leaf_value=0.11128060166324888 0.0023945209785239041 0.02233206395959032 -0.032475451651630523 0.0086902926609201247 0.024233270611081804 -0.064121882432663202 0.010169208101604297
leaf_weight=51 7353 53 74 48 65 264 41
leaf_count=51 7353 53 74 48 65 264 41
internal_value=0.00100028 -0.0160777 0.0231839 0.064349 -0.0322183 -0.0426604 -0.0541323
internal_weight=7949 596 173 99 423 358 305
internal_count=7949 596 173 99 423 358 305
is_linear=0
shrinkage=0.02


Tree=953
num_leaves=8
num_cat=0
split_feature=42 66 8 54 22 22 47
split_gain=392.345 433.04 448.334 492.351 424.062 993.018 791.408
threshold=82.565000000000012 0.43750000000000006 21.195000000000004 83.905000000000015 11090.500000000002 12431.850000000002 4.5000000000000009
decision_type=2 2 2 2 2 2 2
left_child=4 2 3 -2 -1 6 -6
right_child=1 -3 -4 -5 5 -7 -8
leaf_value=0.0058520388885455249 0.043559972205848403 -0.013194281175663625 0.042885530180175151 -0.025419670037321145 -0.058173044688538109 -0.002033229796211193 -0.012914278727517089
leaf_weight=1815 61 157 238 106 221 4950 502
leaf_count=1815 61 157 238 106 221 4950 502
internal_value=-0.00133849 0.0147039 0.0255477 0.000310319 -0.00255153 -0.00524292 -0.0270531
internal_weight=8050 562 405 167 7488 5673 723
internal_count=8050 562 405 167 7488 5673 723
is_linear=0
shrinkage=0.02


Tree=954
num_leaves=8
num_cat=1
split_feature=12 16 47 17 42 7 56
split_gain=442.115 785.394 952.266 1640.6 992.203 826.074 751.011
threshold=19.995000000000001 0.42505000000000004 5.5000000000000009 15524.650000000003 50.485000000000007 0 49.105000000000011
decision_type=2 2 2 2 2 1 2
left_child=1 6 3 4 -3 -4 -1
right_child=-2 2 5 -5 -6 -7 -8
leaf_value=-0.023227288247849632 0.0029221776415266007 0.10216552054959126 0.026075737156054896 -0.035169455216162736 -0.011969261341624791 -0.03319280798061968 -0.11026635102603746
leaf_weight=328 6996 111 123 85 40 298 41
leaf_count=328 6996 111 123 85 40 298 41
internal_value=0.00112217 -0.0111062 0.002049 0.0338064 0.0725166 -0.0159411 -0.0342432
internal_weight=8022 1026 657 236 151 421 369
internal_count=8022 1026 657 236 151 421 369
cat_boundaries=0 1
cat_threshold=13
is_linear=0
shrinkage=0.02


Tree=955
num_leaves=8
num_cat=0
split_feature=12 58 65 22 49 52 68
split_gain=317.266 686.03 1008.83 671.224 1177.79 643.926 662.338
threshold=14.955000000000002 41.235000000000007 0.73214285714285732 13761.800000000001 28.500000000000004 38.375000000000007 379138.45000000001
decision_type=2 2 2 2 2 2 2
left_child=1 3 -3 5 -5 6 -1
right_child=-2 2 -4 4 -6 -7 -8
leaf_value=-0.055546313815928519 9.5317243980054078e-05 -0.057395657673810739 0.034566964699376014 0.065036208674311646 -0.024616010244245881 -0.075673248912416294 0.040983834403256578
leaf_weight=42 7309 219 57 125 103 62 67
leaf_count=42 7309 219 57 125 103 62 67
internal_value=-0.0011203 -0.0141871 -0.0381262 0.00263918 0.0248763 -0.0268747 0.00298385
internal_weight=7984 675 276 399 228 171 109
internal_count=7984 675 276 399 228 171 109
is_linear=0
shrinkage=0.02


Tree=956
num_leaves=8
num_cat=1
split_feature=8 2 53 25 58 49 8
split_gain=498.803 475.966 493.167 396.876 386.982 329.871 680.966
threshold=8.5850000000000026 0 74.27500000000002 1.0000000180025095e-35 34.515000000000008 4.5000000000000009 28.755000000000006
decision_type=2 1 2 2 2 2 2
left_child=1 4 3 -3 -1 6 -2
right_child=5 2 -4 -5 -6 -7 -8
leaf_value=0.084815178501915625 -0.070130222432629827 0.043443038876035386 -0.046516308963844739 -0.018501866926897818 0.015789779803969645 6.7912225246336607e-05 0.021893915974518709
leaf_weight=72 72 107 53 62 61 7539 52
leaf_count=72 72 107 53 62 61 7539 52
internal_value=0.000605908 0.0236137 0.00391582 0.0208391 0.0511682 -0.000474667 -0.0321866
internal_weight=8018 355 222 169 133 7663 124
internal_count=8018 355 222 169 133 7663 124
cat_boundaries=0 1
cat_threshold=52
is_linear=0
shrinkage=0.02


Tree=957
num_leaves=8
num_cat=0
split_feature=23 56 53 56 36 54 12
split_gain=430.298 795.96 696.216 684.903 834.389 822.371 704.505
threshold=17.350000000000005 30.435000000000006 61.615000000000002 39.715000000000011 1.5000000000000002 87.595000000000013 50.635000000000012
decision_type=2 2 2 2 2 2 2
left_child=-1 2 -2 -3 6 -6 -5
right_child=1 3 -4 4 5 -7 -8
leaf_value=0.0015658297065636077 -0.012953105308115482 0.010507832226096241 -0.095222785098430449 -0.053511294598989324 0.049256370591015383 -0.03583553196610631 -0.0047207844425255149
leaf_weight=6597 91 594 73 273 114 69 208
leaf_count=6597 91 594 73 273 114 69 208
internal_value=-0.000587122 -0.0105457 -0.051307 -0.00504972 -0.0189417 0.0170728 -0.0326783
internal_weight=8019 1422 164 1258 664 183 481
internal_count=8019 1422 164 1258 664 183 481
is_linear=0
shrinkage=0.02


Tree=958
num_leaves=8
num_cat=0
split_feature=43 49 53 20 49 49 68
split_gain=370.623 740.676 883.966 1140.9 807.167 812.232 759.358
threshold=1.0000000180025095e-35 34.500000000000007 73.475000000000009 721739.90000000014 45.500000000000007 73.500000000000014 915830.45000000007
decision_type=2 2 2 10 2 2 2
left_child=1 -1 3 4 -3 -6 -4
right_child=-2 2 6 -5 5 -7 -8
leaf_value=0.00010024943685801235 0.0013858794491854827 -0.025965714607253134 -0.090444694347381602 -0.058407067438118805 0.05400203382767782 -0.040380012989044194 0.0048484285667538644
leaf_weight=1338 5982 161 120 146 158 43 45
leaf_count=1338 5982 161 120 146 158 43 45
internal_value=-0.0011124 -0.00852888 -0.0255588 -0.0122138 0.00695853 0.0333208 -0.0650774
internal_weight=7993 2011 673 508 362 201 165
internal_count=7993 2011 673 508 362 201 165
is_linear=0
shrinkage=0.02


Tree=959
num_leaves=8
num_cat=1
split_feature=64 34 23 23 51 4 53
split_gain=363.436 760.096 732.924 715.045 1120.03 839.703 964.213
threshold=2.5000000000000004 3.5000000000000004 11.050000000000002 4.3500000000000005 19.035000000000004 0 56.585000000000008
decision_type=2 2 2 2 2 1 2
left_child=1 2 3 4 -1 6 -5
right_child=-2 -3 -4 5 -6 -7 -8
leaf_value=0.082554213867468001 -0.0032770175626820946 0.065188917599485391 0.015876557183022916 -0.023084687687456609 -0.011313350560186909 -0.024713574133288022 0.05555674394123427
leaf_weight=80 5679 79 1063 115 124 726 126
leaf_count=80 5679 79 1063 115 124 726 126
internal_value=-0.000555438 0.00611938 0.00388962 -0.00701301 0.0265918 -0.0142027 0.0176085
internal_weight=7992 2313 2234 1171 204 967 241
internal_count=7992 2313 2234 1171 204 967 241
cat_boundaries=0 1
cat_threshold=8
is_linear=0
shrinkage=0.02


Tree=960
num_leaves=8
num_cat=0
split_feature=21 55 24 21 21 40 33
split_gain=522.302 936.432 394.388 384.155 466.036 396.616 478.508
threshold=214791.40000000002 54.735000000000007 1.0000000180025095e-35 208961.10000000003 205562.10000000003 64.535000000000011 3.5000000000000004
decision_type=8 2 2 10 10 2 2
left_child=1 2 -1 4 5 6 -4
right_child=-2 -3 3 -5 -6 -7 -8
leaf_value=-0.018464182414204243 -0.0024022017793895499 -0.03657371606437429 0.0546147864497456 0.072843003028205469 -0.035739764769872034 -0.0029819893109110686 0.0091098897870509864
leaf_weight=78 7184 119 246 65 46 125 150
leaf_count=78 7184 119 246 65 46 125 150
internal_value=-0.000664521 0.0143181 0.023044 0.0282715 0.0225699 0.0280089 0.0377066
internal_weight=8013 829 710 632 567 521 396
internal_count=8013 829 710 632 567 521 396
is_linear=0
shrinkage=0.02


Tree=961
num_leaves=8
num_cat=0
split_feature=17 42 16 38 57 57 20
split_gain=381.444 1173.63 849.084 849.571 994.878 823.261 745.655
threshold=2468.3500000000004 37.765000000000008 0.65875000000000006 1810.6500000000003 46.960000000000008 20.990000000000006 762894.35000000009
decision_type=2 2 2 10 2 2 10
left_child=1 5 3 4 -3 -1 -5
right_child=-2 2 -4 6 -6 -7 -8
leaf_value=-0.12479955450693768 0.0024799123930504363 -0.0067805172779387048 0.050475290202498434 -0.00045581157470920257 -0.092436505601956293 -0.029785296484018148 0.083677160282220164
leaf_weight=40 7103 181 120 170 73 225 51
leaf_count=40 7103 181 120 170 73 225 51
internal_value=0.000954438 -0.0115864 0.0040739 -0.00805223 -0.0327074 -0.0461726 0.0203812
internal_weight=7963 860 595 475 254 265 221
internal_count=7963 860 595 475 254 265 221
is_linear=0
shrinkage=0.02


Tree=962
num_leaves=8
num_cat=0
split_feature=8 48 42 8 41 41 10
split_gain=344.185 720.583 1136.44 683.649 675.591 623.387 504.421
threshold=8.8050000000000015 5.5000000000000009 49.435000000000009 9.4650000000000016 45.955000000000005 58.125000000000007 13758.200000000003
decision_type=2 2 2 2 2 2 2
left_child=1 2 4 -2 -1 6 -3
right_child=3 5 -4 -5 -6 -7 -8
leaf_value=0.1191136906923432 -0.04997624282733254 -0.092132733111478848 -0.0025160078906026999 -0.00084113914310892551 0.016862740605435474 0.036467170031933949 -0.0028349670061263545
leaf_weight=71 110 44 128 7541 42 53 53
leaf_count=71 110 44 128 7541 42 53 53
internal_value=-0.000639714 0.0175422 0.0386608 -0.00157974 0.0834338 -0.0165409 -0.0458719
internal_weight=8042 391 241 7651 113 150 97
internal_count=8042 391 241 7651 113 150 97
is_linear=0
shrinkage=0.02


Tree=963
num_leaves=8
num_cat=0
split_feature=68 68 63 50 40 26 33
split_gain=420.461 810.151 495.83 443.717 761.464 417.239 390.462
threshold=1820341.55 1651963.3 1.0000000180025095e-35 3.5000000000000004 33.915000000000006 1.0000000180025095e-35 1.5000000000000002
decision_type=2 2 2 2 2 2 2
left_child=1 3 5 -1 -5 -3 -2
right_child=6 2 -4 4 -6 -7 -8
leaf_value=-0.00044676648027754627 0.065436202675104152 -0.086238351210951802 0.01185834401977315 0.083738190568983559 0.0053652792057285762 -0.014731266980369886 0.011556730163917386
leaf_weight=7150 60 85 51 63 186 55 333
leaf_count=7150 60 85 51 63 186 55 333
internal_value=0.000463272 -0.000587085 -0.0407207 0.000475736 0.0264526 -0.0596229 0.0205013
internal_weight=7983 7590 191 7399 249 140 393
internal_count=7983 7590 191 7399 249 140 393
is_linear=0
shrinkage=0.02


Tree=964
num_leaves=8
num_cat=1
split_feature=2 42 21 54 40 34 21
split_gain=544.436 630.45 933.362 912.273 608.541 872.056 945.585
threshold=0 18.605000000000004 219427.00000000003 95.535000000000011 39.215000000000011 1.0000000180025095e-35 270024.60000000003
decision_type=1 2 8 2 2 2 10
left_child=4 2 -2 -4 5 -1 -7
right_child=1 -3 3 -5 -6 6 -8
leaf_value=-0.094015387741487419 0.10356830844339335 -0.00054097969751609005 -0.0023284229785578963 0.076654936769237264 -0.0032771997427184685 0.0018976504650087126 -0.045562188400212547
leaf_weight=62 48 5220 293 68 1660 398 285
leaf_count=62 48 5220 293 68 1660 398 285
internal_value=-0.00206984 0.00134026 0.0250992 0.0133933 -0.0100016 -0.0249964 -0.0180934
internal_weight=8034 5629 409 361 2405 745 683
internal_count=8034 5629 409 361 2405 745 683
cat_boundaries=0 1
cat_threshold=13
is_linear=0
shrinkage=0.02


Tree=965
num_leaves=8
num_cat=0
split_feature=68 62 51 9 58 53 47
split_gain=498.888 1133.59 742.162 853.378 815.441 780.461 706.037
threshold=971458.90000000014 1.0000000180025095e-35 9.5050000000000008 1.5000000000000002 65.195000000000007 59.265000000000008 1.5000000000000002
decision_type=2 2 2 2 2 2 2
left_child=-1 -2 3 -3 6 -5 -4
right_child=1 2 4 5 -6 -7 -8
leaf_value=0.0012730589703068224 0.0064867617844265816 -0.10471404735432115 -0.0953848822997964 -0.066415164108517805 0.065000555795066209 0.025012893589316972 -0.0150180863288355
leaf_weight=5749 981 81 41 74 44 67 1003
leaf_count=5749 981 81 41 74 44 67 1003
internal_value=-0.00187334 -0.00975446 -0.0218952 -0.0548514 -0.0149505 -0.0236018 -0.0186139
internal_weight=8040 2291 1310 222 1088 141 1044
internal_count=8040 2291 1310 222 1088 141 1044
is_linear=0
shrinkage=0.02


Tree=966
num_leaves=8
num_cat=1
split_feature=46 14 14 0 22 22 7
split_gain=434.833 923.366 969.467 936.771 817.572 801.8 760.644
threshold=3.5000000000000004 15.625000000000002 33.665000000000006 32.500000000000007 17555.050000000003 9204.2500000000018 0
decision_type=2 2 2 2 2 2 1
left_child=1 5 3 4 -3 -1 -7
right_child=-2 2 -4 -5 -6 6 -8
leaf_value=0.041468455869460775 -0.0043326754896912028 0.093388471933150738 -0.015420273151508295 0.016192052769081672 0.0099357132670245592 -0.03684181074536462 0.0031958975129510242
leaf_weight=102 5859 130 282 777 74 368 379
leaf_count=102 5859 130 282 777 74 368 379
internal_value=-0.00152858 0.00624224 0.0170575 0.0264245 0.0640783 -0.00985258 -0.0170894
internal_weight=7971 2112 1263 981 204 849 747
internal_count=7971 2112 1263 981 204 849 747
cat_boundaries=0 1
cat_threshold=2
is_linear=0
shrinkage=0.02


Tree=967
num_leaves=8
num_cat=1
split_feature=9 41 13 2 13 22 53
split_gain=468.697 589.373 1039.19 547.408 532.001 445.893 473.303
threshold=18.500000000000004 8.3950000000000014 346.35000000000008 0 369.05000000000007 12788.400000000003 55.430000000000007
decision_type=2 2 2 1 2 2 2
left_child=1 2 -1 4 -2 6 -5
right_child=3 -3 -4 5 -6 -7 -8
leaf_value=-0.092799764662567105 0.029665177892597896 0.00013255520714723252 0.025217672898521962 -0.043538877374596066 -0.050872026746417734 0.061074574597900916 0.043947133698246703
leaf_weight=67 58 7544 48 40 64 150 50
leaf_count=67 58 7544 48 40 64 150 50
internal_value=0.000490749 -0.000566856 -0.0445421 0.0225699 -0.01198 0.0389192 0.0048194
internal_weight=8021 7659 115 362 122 240 90
internal_count=8021 7659 115 362 122 240 90
cat_boundaries=0 1
cat_threshold=44
is_linear=0
shrinkage=0.02


Tree=968
num_leaves=8
num_cat=0
split_feature=56 56 56 38 23 68 23
split_gain=350.899 436.983 383.503 844.542 1488.09 768.134 724.771
threshold=58.75500000000001 55.295000000000009 41.82500000000001 17351.150000000005 4.7500000000000009 419971.75000000006 3.3500000000000001
decision_type=2 2 2 8 2 2 2
left_child=1 2 -1 -4 6 -6 -5
right_child=-2 -3 3 4 5 -7 -8
leaf_value=0.0029435121379142656 -0.04163987925023209 0.035093716741242308 0.0050476508909958777 -0.014955021961474082 -0.040822912740909184 -0.0099091645156835564 0.06710073379125317
leaf_weight=4920 76 136 1365 66 595 702 111
leaf_count=4920 76 136 1365 66 595 702 111
internal_value=-0.000224447 0.000200335 -0.000433484 -0.00628072 -0.016753 -0.0241932 0.0369334
internal_weight=7971 7895 7759 2839 1474 1297 177
internal_count=7971 7895 7759 2839 1474 1297 177
is_linear=0
shrinkage=0.02


Tree=969
num_leaves=8
num_cat=0
split_feature=16 52 8 12 55 36 20
split_gain=402.059 632.842 589.243 501.558 926.918 530.719 499.507
threshold=0.52155000000000007 1.0000000180025095e-35 25.515000000000004 70.260000000000005 52.765000000000008 1.5000000000000002 1062797.5000000002
decision_type=2 2 2 2 2 2 10
left_child=1 -1 3 -3 5 -5 -2
right_child=6 2 -4 4 -6 -7 -8
leaf_value=-0.072506973554939042 0.01055895197020148 0.010190398319657613 -0.0079560690116761059 -0.05315888294687042 0.051050140056759119 0.010309765589160799 -0.011042155937572557
leaf_weight=45 2868 1919 2342 172 59 73 499
leaf_count=45 2868 1919 2342 172 59 73 499
internal_value=0.00209734 -0.00173991 -0.000963746 0.00640421 -0.0172743 -0.0344198 0.00734597
internal_weight=7977 4610 4565 2223 304 245 3367
internal_count=7977 4610 4565 2223 304 245 3367
is_linear=0
shrinkage=0.02


Tree=970
num_leaves=8
num_cat=0
split_feature=12 38 53 8 40 40 46
split_gain=270.42 387.199 949.87 745.182 635.223 690.933 820.307
threshold=14.375000000000002 2831.0500000000006 48.335000000000008 36.930000000000007 55.770000000000003 30.425000000000004 5.5000000000000009
decision_type=2 10 2 2 2 2 2
left_child=1 3 -3 4 5 -1 -7
right_child=-2 2 -4 -5 -6 6 -8
leaf_value=0.0089851339226183682 0.0026249855977267846 -0.035440152769405694 0.036427874102094082 0.029549314812757077 -0.0034326515729247616 -0.1210961484960441 -0.018609665506764461
leaf_weight=41 7398 121 172 79 126 82 52
leaf_count=41 7398 121 172 79 126 82 52
internal_value=0.00151866 -0.0105724 0.00665193 -0.0237671 -0.0380146 -0.0621267 -0.0834253
internal_weight=8071 673 293 380 301 175 134
internal_count=8071 673 293 380 301 175 134
is_linear=0
shrinkage=0.02


Tree=971
num_leaves=8
num_cat=0
split_feature=42 37 20 12 64 42 40
split_gain=531.195 734.37 551.07 546.027 495.534 419.459 618.523
threshold=9.1200000000000028 0.26970000000000005 824229.10000000021 48.335000000000008 1.0000000180025095e-35 50.485000000000007 55.930000000000007
decision_type=2 2 8 2 2 2 2
left_child=1 2 -1 -4 -2 6 -6
right_child=4 -3 3 -5 5 -7 -8
leaf_value=0.054837486320071752 -0.055835620144666254 -0.083653804072435348 -0.062567599415779121 0.023926900584323733 0.0038767942586631623 -0.0022442627998228528 0.027402183318409774
leaf_weight=40 54 64 66 46 3323 3928 512
leaf_count=40 54 64 66 46 3323 3928 512
internal_value=0.00104771 -0.0295315 -0.00480472 -0.0275387 0.00191101 0.00234838 0.00704919
internal_weight=8033 216 152 112 7817 7763 3835
internal_count=8033 216 152 112 7817 7763 3835
is_linear=0
shrinkage=0.02


Tree=972
num_leaves=8
num_cat=0
split_feature=20 6 0 67 49 21 21
split_gain=400.365 578.773 678.64 937.407 736.593 742.464 727.992
threshold=1761690.8500000003 2.5000000000000004 32.500000000000007 21.709829573554007 44.500000000000007 225279.60000000003 403458.75000000006
decision_type=8 2 2 2 2 8 10
left_child=-1 2 3 -2 -4 -6 -7
right_child=1 -3 4 -5 5 6 -8
leaf_value=-0.0044261038077891652 0.016575814273505435 0.022350549429848598 0.00027243284817149877 -0.060327355665947081 0.039705659539571829 -0.050191284860112921 0.02712529079893888
leaf_weight=4007 1224 611 1649 62 51 321 54
leaf_count=4007 1224 611 1649 62 51 321 54
internal_value=3.16016e-05 0.0045285 0.00126022 0.0126489 -0.00581146 -0.0290915 -0.0388473
internal_weight=7979 3972 3361 1286 2075 426 375
internal_count=7979 3972 3361 1286 2075 426 375
is_linear=0
shrinkage=0.02


Tree=973
num_leaves=8
num_cat=0
split_feature=55 13 44 54 13 42 16
split_gain=352.707 609.887 410.485 734.069 1593.43 648.109 915.769
threshold=40.305000000000007 463.40000000000003 1.0000000180025095e-35 98.240000000000023 358.75000000000006 69.845000000000013 0.59345000000000014
decision_type=2 2 2 2 2 2 2
left_child=-1 2 3 5 -5 6 -2
right_child=1 -3 -4 4 -6 -7 -8
leaf_value=0.0078339055634413374 -0.039891962253477534 0.041990598267692282 0.00039452674793693322 -0.018066859997686792 0.10809944430304069 0.020316044297069312 0.0085728659863735356
leaf_weight=2383 584 122 4395 117 55 131 210
leaf_count=2383 584 122 4395 117 55 131 210
internal_value=0.00139561 -0.00134182 -0.00234173 -0.0132563 0.024191 -0.0203121 -0.0271004
internal_weight=7997 5614 5492 1097 172 925 794
internal_count=7997 5614 5492 1097 172 925 794
is_linear=0
shrinkage=0.02


Tree=974
num_leaves=8
num_cat=0
split_feature=17 41 8 57 54 16 52
split_gain=305.157 955.1 666.709 758.858 1171.19 738.821 651.002
threshold=6637.0000000000009 16.995000000000001 47.650000000000006 31.135000000000002 86.845000000000013 0.51055000000000017 50.045000000000009
decision_type=2 2 2 2 2 2 2
left_child=1 -1 5 -4 -5 -3 -7
right_child=-2 2 3 4 -6 6 -8
leaf_value=-0.052778255392204633 -0.0031769396695774141 6.799854583792634e-06 0.018584269421010078 -0.12702661403587887 0.0043805609251323504 0.0074267451761563007 0.037495024292163566
leaf_weight=105 5204 1360 74 51 52 610 546
leaf_count=105 5204 1360 74 51 52 610 546
internal_value=-0.000313905 0.00500722 0.00735391 -0.0296464 -0.0635537 0.0100105 0.0217289
internal_weight=8002 2798 2693 177 103 2516 1156
internal_count=8002 2798 2693 177 103 2516 1156
is_linear=0
shrinkage=0.02


Tree=975
num_leaves=8
num_cat=0
split_feature=14 66 48 68 52 55 17
split_gain=356.238 786.568 867.067 528.146 873.537 614.413 839.818
threshold=43.180000000000007 0.31250000000000006 5.5000000000000009 971458.90000000014 74.385000000000005 37.865000000000002 31300.600000000002
decision_type=2 2 2 2 2 2 2
left_child=3 2 -2 -1 5 6 -5
right_child=1 -3 -4 4 -6 -7 -8
leaf_value=0.0050821625278391815 -0.0096140953604922155 0.0080395973435351785 -0.090675793409995417 -0.0070602243294848547 0.028682076484565774 -0.017438362607908268 0.055198691949500882
leaf_weight=5385 127 247 87 323 243 1462 113
leaf_count=5385 127 247 87 323 243 1462 113
internal_value=0.000692739 -0.0162774 -0.0438869 0.00174235 -0.00665015 -0.0112372 0.00951858
internal_weight=7987 461 214 7526 2141 1898 436
internal_count=7987 461 214 7526 2141 1898 436
is_linear=0
shrinkage=0.02


Tree=976
num_leaves=8
num_cat=0
split_feature=49 14 42 51 34 24 49
split_gain=321.155 311.715 938.075 971.833 486.029 446.603 626.038
threshold=92.500000000000014 8.7450000000000028 37.765000000000008 34.225000000000001 2.5000000000000004 3.5000000000000004 31.500000000000004
decision_type=2 2 2 2 2 2 2
left_child=1 2 3 4 -1 6 -4
right_child=-2 -3 5 -5 -6 -7 -8
leaf_value=-0.093521837674909181 0.037277931113776405 0.0016082411146645407 -0.0069321485130569415 0.020893829462405006 -0.014923349186485888 -0.032460847905526558 0.041101579247692296
leaf_weight=112 90 7137 291 60 46 115 167
leaf_count=112 90 7137 291 60 46 115 167
internal_value=0.000723503 0.000285297 -0.0115864 -0.0463903 -0.0717984 0.00194162 0.0108371
internal_weight=8018 7928 791 218 158 573 458
internal_count=8018 7928 791 218 158 573 458
is_linear=0
shrinkage=0.02


Tree=977
num_leaves=8
num_cat=0
split_feature=57 47 19 57 41 45 57
split_gain=339.705 747.366 882.767 552.865 780.215 802.654 681.385
threshold=21.475000000000005 2.5000000000000004 1.0000000180025095e-35 11.665000000000001 32.395000000000003 1.0000000180025095e-35 5.0150000000000015
decision_type=2 2 2 2 2 2 2
left_child=1 2 -1 6 5 -5 -3
right_child=-2 3 -4 4 -6 -7 -8
leaf_value=-0.01287005770920722 0.0038502478017319909 -0.0145152383973314 -0.10910352051450774 -0.0055762582470973336 -0.0035577604246302729 -0.091626553714275374 0.024693876944586218
leaf_weight=116 5976 270 53 85 843 85 497
leaf_count=116 5976 270 53 85 843 85 497
internal_value=0.00148581 -0.00575531 -0.0453177 -0.00188269 -0.0115572 -0.04999 0.0108868
internal_weight=7925 1949 169 1780 1013 170 767
internal_count=7925 1949 169 1780 1013 170 767
is_linear=0
shrinkage=0.02


Tree=978
num_leaves=8
num_cat=0
split_feature=9 42 33 17 57 46 57
split_gain=321.703 331.534 601.203 708.232 431.03 702.567 607.718
threshold=28.500000000000004 81.935000000000016 1.5000000000000002 11346.750000000002 11.340000000000002 2.5000000000000004 18.535000000000004
decision_type=2 2 2 2 2 2 2
left_child=1 4 3 -3 5 -1 -6
right_child=-2 2 -4 -5 6 -7 -8
leaf_value=-0.032496979437102648 0.039388167438018755 0.081994473604445769 0.0029278900047487633 -0.011952125349870096 -0.019958401230957684 0.021623174545617355 -0.00079618025552099679
leaf_weight=109 78 89 453 47 740 613 5948
leaf_count=109 78 89 453 47 740 613 5948
internal_value=0.00021603 -0.000190312 0.0141868 0.0502551 -0.0013419 0.0132854 -0.00292973
internal_weight=8077 7999 589 136 7410 722 6688
internal_count=8077 7999 589 136 7410 722 6688
is_linear=0
shrinkage=0.02


Tree=979
num_leaves=8
num_cat=0
split_feature=14 47 50 38 55 26 14
split_gain=326.171 1116.65 528.043 498.725 1046.7 496.437 491.94
threshold=8.7450000000000028 4.5000000000000009 1.0000000180025095e-35 61035.600000000006 40.205000000000005 1.0000000180025095e-35 11.405000000000003
decision_type=2 2 2 8 2 2 2
left_child=1 3 5 4 -1 -3 -2
right_child=6 2 -4 -5 -6 -7 -8
leaf_value=0.0055689948705994353 0.017701215518087007 0.053347474286953613 -0.0085444522809228086 -0.011611974260304123 -0.11352217904110065 -0.015733524910987368 0.0014197687923269628
leaf_weight=44 836 127 402 91 82 58 6336
leaf_count=44 836 127 402 91 82 58 6336
internal_value=0.00197272 -0.0100683 0.00434639 -0.0482806 -0.0733095 0.0318456 0.00332862
internal_weight=7976 804 587 217 126 185 7172
internal_count=7976 804 587 217 126 185 7172
is_linear=0
shrinkage=0.02


Tree=980
num_leaves=8
num_cat=0
split_feature=0 55 17 49 12 49 12
split_gain=324.567 993.457 748.336 495.383 627.085 598.53 600.09
threshold=22.500000000000004 31.995000000000001 21120.350000000002 61.500000000000007 47.695000000000007 36.500000000000007 52.305000000000007
decision_type=2 2 2 2 2 2 2
left_child=1 -1 3 4 -3 6 -6
right_child=-2 2 -4 -5 5 -7 -8
leaf_value=0.059460436339889261 0.00012196832099390505 -0.022884909319026127 -0.064608435398194844 -0.070743652076697819 0.056131720011884517 0.067226967603807725 -0.020962380687767443
leaf_weight=65 7175 359 118 46 50 66 147
leaf_count=65 7175 359 118 46 50 66 147
internal_value=-0.0012667 -0.0129072 -0.0192298 -0.0107934 -0.00583099 0.0174406 -0.000490283
internal_weight=8026 851 786 668 622 263 197
internal_count=8026 851 786 668 622 263 197
is_linear=0
shrinkage=0.02


Tree=981
num_leaves=8
num_cat=1
split_feature=8 2 48 23 58 47 22
split_gain=352.047 789.974 696.3 690.499 643.336 413.01 360.917
threshold=8.8050000000000015 0 4.5000000000000009 10.550000000000002 32.645000000000003 7.5000000000000009 38110.700000000004
decision_type=2 1 2 2 2 2 2
left_child=1 2 -1 4 -3 -5 -2
right_child=6 3 -4 5 -6 -7 -8
leaf_value=0.020951244154094179 -0.0021987177480468378 0.059936191691802101 -0.064827348532465592 0.10127748943582367 -0.031145893114727815 0.022263350343704223 0.044775247406778913
leaf_weight=76 7621 47 67 74 72 45 61
leaf_count=76 7621 47 67 74 72 45 61
internal_value=-0.000861457 0.0177773 -0.0188007 0.0388638 0.00579394 0.0735007 -0.00179683
internal_weight=8063 381 143 238 119 119 7682
internal_count=8063 381 143 238 119 119 7682
cat_boundaries=0 1
cat_threshold=11
is_linear=0
shrinkage=0.02


Tree=982
num_leaves=8
num_cat=0
split_feature=44 38 19 10 14 8 18
split_gain=361.244 732.818 1109.33 689.17 871.24 822.213 773.758
threshold=1.0000000180025095e-35 3211.5000000000005 1.0000000180025095e-35 30872.350000000002 27.025000000000002 15.885000000000003 103096.20000000001
decision_type=2 8 2 2 2 2 2
left_child=1 2 -1 5 -5 -3 -7
right_child=-2 3 -4 4 -6 6 -8
leaf_value=-0.0095681026739528382 0.0024203534621344397 -0.018107546019482602 -0.10065625620936906 -0.033954809740507783 0.018930914172597523 0.0086382288272601714 0.062436181568826729
leaf_weight=161 6396 271 76 423 172 362 148
leaf_count=161 6396 271 76 423 172 362 148
internal_value=0.000286326 -0.00815702 -0.040254 -0.00250297 -0.0186365 0.0098286 0.0247048
internal_weight=8009 1613 237 1376 595 781 510
internal_count=8009 1613 237 1376 595 781 510
is_linear=0
shrinkage=0.02


Tree=983
num_leaves=8
num_cat=0
split_feature=22 0 31 47 23 17 47
split_gain=381.637 295.038 237.891 806.409 613.719 1512.34 914.886
threshold=38110.700000000004 82.500000000000014 1.0000000180025095e-35 13.500000000000002 11.050000000000002 2897.4000000000001 7.5000000000000009
decision_type=2 2 2 2 2 2 2
left_child=1 2 3 4 -1 -6 -7
right_child=-2 -3 -4 -5 5 6 -8
leaf_value=-0.014131651489883252 0.048265710780114837 -0.043843071343468834 0.0032470313173729531 0.049152540590043543 0.051755641386186102 0.0079510659242511671 -0.027220064023959229
leaf_weight=1639 61 56 4574 106 217 812 459
leaf_count=1639 61 56 4574 106 217 812 459
internal_value=0.000373115 -2.88651e-05 0.000313277 -0.00383596 -0.00570778 0.00358718 -0.00480728
internal_weight=7924 7863 7807 3233 3127 1488 1271
internal_count=7924 7863 7807 3233 3127 1488 1271
is_linear=0
shrinkage=0.02


Tree=984
num_leaves=8
num_cat=0
split_feature=13 12 60 58 42 12 38
split_gain=358.249 376.443 868.195 822.915 690.571 883.201 700.329
threshold=482.55000000000007 28.305000000000003 1.0000000180025095e-35 46.895000000000003 24.000000000000004 25.775000000000002 2017.2500000000002
decision_type=2 2 2 2 2 2 8
left_child=1 2 4 -4 -1 6 -6
right_child=-2 -3 3 -5 5 -7 -8
leaf_value=0.039040402133356439 0.040649873854686755 -0.004477793326857815 0.04032277772081258 -0.010757695214195147 -0.069899922723134791 0.033666005607532419 -0.011206355493107986
leaf_weight=127 74 6191 425 176 86 156 799
leaf_count=127 74 6191 425 176 86 156 799
internal_value=-0.00173388 -0.00215317 0.00597205 0.0253988 -0.00408972 -0.00951298 -0.0172706
internal_weight=8034 7960 1769 601 1168 1041 885
internal_count=8034 7960 1769 601 1168 1041 885
is_linear=0
shrinkage=0.02


Tree=985
num_leaves=8
num_cat=0
split_feature=22 8 23 55 64 40 66
split_gain=396.521 433.364 371.938 438.427 351.915 892.199 477.581
threshold=5995.1000000000013 29.575000000000003 2.9500000000000006 42.385000000000012 4.5000000000000009 41.225000000000001 0.43750000000000006
decision_type=2 2 2 2 2 2 2
left_child=1 -1 3 -2 -4 6 -6
right_child=2 -3 4 -5 5 -7 -8
leaf_value=-0.073022015768973547 -0.012506296288626022 0.010522322462664711 -0.0015602388724984418 0.045028852574019278 0.092968090440052151 -0.0012933673593733047 0.02488731035131438
leaf_weight=56 78 40 7077 149 64 445 116
leaf_count=56 78 40 7077 149 64 445 116
internal_value=-3.60999e-05 -0.0394142 0.000465208 0.0254156 -0.000286164 0.0140383 0.0509522
internal_weight=8025 96 7929 227 7702 625 180
internal_count=8025 96 7929 227 7702 625 180
is_linear=0
shrinkage=0.02


Tree=986
num_leaves=8
num_cat=0
split_feature=40 38 21 21 35 55 54
split_gain=353.839 725.356 341.099 544.551 848.505 758.309 664.582
threshold=5.6100000000000003 2210.7000000000003 412848.85000000003 380478.60000000003 1.0000000180025095e-35 46.425000000000004 82.335000000000022
decision_type=2 10 10 10 2 2 2
left_child=1 -1 3 -2 5 -5 -7
right_child=2 -3 -4 4 -6 6 -8
leaf_value=0.0083710262218588266 0.00057868275472189388 -0.088362358687100587 0.012646325259877774 -0.08092589701215426 0.027708286463186661 0.049183323784750342 -0.04558602861960729
leaf_weight=71 6611 49 864 115 82 44 70
leaf_count=71 6611 49 864 115 82 44 70
internal_value=0.000300012 -0.033083 0.000835421 -0.000646873 -0.0262957 -0.0458123 -0.00847873
internal_weight=7906 120 7786 6922 311 229 114
internal_count=7906 120 7786 6922 311 229 114
is_linear=0
shrinkage=0.02


Tree=987
num_leaves=8
num_cat=0
split_feature=49 41 57 58 54 52 12
split_gain=363.539 674.147 456.819 351.236 736.485 779.738 523.328
threshold=80.500000000000014 37.585000000000008 44.57500000000001 25.025000000000002 94.295000000000016 28.355000000000004 60.610000000000007
decision_type=2 2 2 2 2 2 2
left_child=3 -2 -3 4 -1 -6 -7
right_child=1 2 -4 -5 5 6 -8
leaf_value=-0.0023133059568433644 0.080108870157311038 0.026204445890936196 -0.045736808092505847 -0.00025361190132625993 0.036816419667385997 -0.069823434684187807 -0.003339285461798958
leaf_weight=769 57 97 49 6752 42 183 64
leaf_count=769 57 97 49 6752 42 183 64
internal_value=-0.00124235 0.0248549 0.00134481 -0.00193615 -0.0126221 -0.0395471 -0.0530048
internal_weight=8013 203 146 7810 1058 289 247
internal_count=8013 203 146 7810 1058 289 247
is_linear=0
shrinkage=0.02


Tree=988
num_leaves=8
num_cat=0
split_feature=54 66 23 46 18 42 30
split_gain=268.446 1227.88 1247 1123.43 914.048 725.83 967.094
threshold=82.955000000000013 0.31250000000000006 2.9500000000000006 2.5000000000000004 193877.15000000005 16.500000000000004 1.0000000180025095e-35
decision_type=2 2 2 2 2 2 2
left_child=1 2 -1 -4 -5 6 -2
right_child=5 -3 3 4 -6 -7 -8
leaf_value=0.11450462337296743 0.003380618816002821 -0.0071360459311639729 -0.030047560048472022 0.010471255215260716 0.050642629261839434 -0.0053683327417261093 0.085655623012926507
leaf_weight=47 190 1721 189 783 316 4655 77
leaf_count=47 190 1721 189 783 316 4655 77
internal_value=-0.000628538 0.00402347 0.0183826 0.0144458 0.0221989 -0.00351805 0.0282463
internal_weight=7978 3056 1335 1288 1099 4922 267
internal_count=7978 3056 1335 1288 1099 4922 267
is_linear=0
shrinkage=0.02


Tree=989
num_leaves=8
num_cat=0
split_feature=54 55 57 57 43 17 38
split_gain=350.929 335.017 632.203 686.416 596.364 449.016 410.731
threshold=57.905000000000008 38.355000000000011 40.205000000000005 37.985000000000007 1.0000000180025095e-35 8003.9000000000005 23403.650000000005
decision_type=2 2 2 2 2 2 8
left_child=-1 2 3 6 -4 -6 -2
right_child=1 -3 4 -5 5 -7 -8
leaf_value=0.045603075305620834 0.016921815988275968 -0.0051803869601145256 -0.07007284039560753 0.071553139226401552 -0.04031999234788488 0.021170665899048681 -0.0039396966377641283
leaf_weight=55 753 6164 74 63 76 110 749
leaf_count=55 753 6164 74 63 76 110 749
internal_value=-0.00259248 -0.00295259 0.00456545 0.00937695 -0.0240266 -0.00435232 0.00654028
internal_weight=8044 7989 1825 1565 260 186 1502
internal_count=8044 7989 1825 1565 260 186 1502
is_linear=0
shrinkage=0.02


Tree=990
num_leaves=8
num_cat=1
split_feature=42 64 58 3 0 38 10
split_gain=350.393 459.524 413.453 855.19 531.339 585.015 909.625
threshold=82.565000000000012 3.5000000000000004 30.245000000000001 0 31.500000000000004 11757.400000000003 63153.55000000001
decision_type=2 2 2 1 2 10 2
left_child=2 -2 3 -1 5 6 -5
right_child=1 -3 -4 4 -6 -7 -8
leaf_value=-0.053396631646060178 0.033202118217029668 -0.0037232158145326169 0.0023883929308597942 0.016324359103094172 -0.010249471794434006 0.06635746174970189 -0.079797456374598869
leaf_weight=140 288 248 5514 311 1417 69 40
leaf_count=140 288 248 5514 311 1417 69 40
internal_value=0.000696542 0.0162408 -0.000425777 -0.00826093 -0.00437186 0.0152425 0.0044034
internal_weight=8027 536 7491 1977 1837 420 351
internal_count=8027 536 7491 1977 1837 420 351
cat_boundaries=0 1
cat_threshold=2
is_linear=0
shrinkage=0.02


Tree=991
num_leaves=8
num_cat=0
split_feature=14 26 22 10 56 51 22
split_gain=371.009 883.003 758.423 323.58 310.684 752.53 720.525
threshold=46.365000000000009 1.0000000180025095e-35 14090.150000000001 34755.700000000004 39.505000000000003 34.960000000000008 26939.100000000002
decision_type=2 2 2 2 2 2 2
left_child=4 2 3 -2 -1 6 -6
right_child=1 -3 -4 -5 5 -7 -8
leaf_value=0.0052975413096760758 0.021947840508960544 0.018231146801007937 -0.086975058274170791 -0.043934154313123017 -0.0059867116616108672 0.010223164617025651 -0.048033721381425858
leaf_weight=3853 58 141 92 52 2424 1213 170
leaf_count=3853 58 141 92 52 2424 1213 170
internal_value=0.000380337 -0.0198171 -0.0461745 -0.00975246 0.00129708 -0.00275336 -0.00882941
internal_weight=8003 343 202 110 7660 3807 2594
internal_count=8003 343 202 110 7660 3807 2594
is_linear=0
shrinkage=0.02


Tree=992
num_leaves=8
num_cat=0
split_feature=20 17 15 12 42 54 17
split_gain=364.998 821.902 807.398 1386.82 625.12 901.754 620.579
threshold=619445.35000000009 24243.050000000003 1.0000000180025095e-35 50.635000000000012 47.765000000000008 74.655000000000015 8432.1000000000004
decision_type=8 2 2 2 2 2 2
left_child=1 2 4 6 5 -1 -4
right_child=-2 -3 3 -5 -6 -7 -8
leaf_value=-0.040945490783452991 0.001096726694589562 -0.034402505526478271 -0.076942283893128238 0.032742825078743473 -0.0053968615137313051 0.054064716940328959 0.0029592410331232507
leaf_weight=45 6692 393 145 103 289 214 52
leaf_count=45 6692 393 145 103 289 214 52
internal_value=-0.000753041 -0.0106921 0.000433506 -0.0256932 0.0148395 0.0370943 -0.0563003
internal_weight=7933 1241 848 300 548 259 197
internal_count=7933 1241 848 300 548 259 197
is_linear=0
shrinkage=0.02


Tree=993
num_leaves=8
num_cat=0
split_feature=49 20 40 17 21 54 42
split_gain=422.685 775.903 661.434 887.452 800.848 701.143 633
threshold=9.5000000000000018 448590.10000000003 36.135000000000012 3784.5500000000006 280513.20000000007 88.115000000000023 18.605000000000004
decision_type=2 8 2 2 10 2 2
left_child=1 -1 6 5 -5 -4 -3
right_child=-2 2 3 4 -6 -7 -8
leaf_value=0.064050526434183117 0.0019655465539396523 0.0061471637505203939 -0.0030690391167350439 -0.035045003641934976 0.018138262566533829 0.093149080449682578 -0.069071321554191698
leaf_weight=45 7123 62 64 348 163 52 149
leaf_count=45 7123 62 64 348 163 52 149
internal_value=0.000344763 -0.0126673 -0.0171424 -0.00668659 -0.0180691 0.04213 -0.0473385
internal_weight=8006 883 838 627 511 116 211
internal_count=8006 883 838 627 511 116 211
is_linear=0
shrinkage=0.02


Tree=994
num_leaves=8
num_cat=1
split_feature=64 51 58 4 50 58 22
split_gain=414.564 658.61 1784.97 1200.19 1215.64 1113.92 778.716
threshold=2.5000000000000004 12.735000000000001 54.915000000000006 0 1.5000000000000002 39.745000000000012 12237.600000000002
decision_type=2 2 2 1 2 2 2
left_child=1 2 3 4 5 -1 -5
right_child=-2 -3 -4 6 -6 -7 -8
leaf_value=-0.039282379940704062 -0.0042248361837610585 0.011953968443660016 0.069596402130193177 0.062174511130650839 0.015231989572445552 -0.13408133271706946 -0.017175612612436081
leaf_weight=130 5677 1739 85 70 73 82 141
leaf_count=130 5677 1739 85 70 73 82 141
internal_value=-0.00131452 0.00580075 -0.0125614 -0.0271949 -0.0526003 -0.0781945 0.00953738
internal_weight=7997 2320 581 496 285 212 211
internal_count=7997 2320 581 496 285 212 211
cat_boundaries=0 1
cat_threshold=5
is_linear=0
shrinkage=0.02


Tree=995
num_leaves=8
num_cat=0
split_feature=49 55 49 52 52 55 54
split_gain=341.68 647.847 327.777 1158.16 1079.22 745.053 684.085
threshold=4.5000000000000009 40.125000000000007 62.500000000000007 28.745000000000001 34.120000000000012 37.57500000000001 95.115000000000023
decision_type=2 2 2 2 2 2 2
left_child=1 -1 -2 -4 -5 -6 -7
right_child=2 -3 3 4 5 6 -8
leaf_value=-0.091696475186695658 0.0034591058793860914 0.00040415319167077547 0.051570050836877622 -0.11239691499401541 0.036366489532884662 -0.044903899344705768 0.021318892535917899
leaf_weight=40 7291 95 89 46 86 243 80
leaf_count=40 7291 95 89 46 86 243 80
internal_value=0.00178713 -0.0291852 0.00233906 -0.0125672 -0.0255369 -0.0145283 -0.028427
internal_weight=7970 135 7835 544 455 409 323
internal_count=7970 135 7835 544 455 409 323
is_linear=0
shrinkage=0.02


Tree=996
num_leaves=8
num_cat=1
split_feature=55 1 53 24 51 51 53
split_gain=367.162 655.466 738.688 868.949 784.158 484.294 1004.21
threshold=58.665000000000006 0 59.955000000000005 1.5000000000000002 20.645000000000003 25.755000000000006 60.245000000000012
decision_type=2 1 2 2 2 2 2
left_child=-1 2 4 -4 -2 6 -3
right_child=1 5 3 -5 -6 -7 -8
leaf_value=0.00098899973363481171 -0.02054236612714282 -0.039655947152525191 0.024714232443923682 -0.065331170839656685 0.063156370109703291 0.061069466896129382 0.060015688467679955
leaf_weight=7389 77 75 66 107 96 160 77
leaf_count=7389 77 75 66 107 96 160 77
internal_value=0.00226899 0.0165267 -0.00247311 -0.0312493 0.0263726 0.0373037 0.0111389
internal_weight=8047 658 346 173 173 312 152
internal_count=8047 658 346 173 173 312 152
cat_boundaries=0 1
cat_threshold=2
is_linear=0
shrinkage=0.02


Tree=997
num_leaves=8
num_cat=1
split_feature=68 20 10 8 40 18 2
split_gain=461.783 799.54 759.582 1020.68 959.046 825.255 524.05
threshold=1820341.55 1294149.5500000003 18797.600000000002 17.785000000000004 42.155000000000008 310445.85000000003 0
decision_type=2 10 2 2 2 2 1
left_child=1 -1 -3 -4 5 -5 -2
right_child=6 2 3 4 -6 -7 -8
leaf_value=-0.00037139479951502221 0.054213271996974947 -0.086652985865419571 0.06442732308270796 -0.13244023170254449 -0.00045583895971312334 -0.012249496015517607 0.0044191894364475418
leaf_weight=7289 110 72 48 50 147 41 287
leaf_count=7289 110 72 48 50 147 41 287
internal_value=-0.000717146 -0.00181437 -0.030784 -0.0154719 -0.0325802 -0.0817468 0.0201772
internal_weight=8044 7647 358 286 238 91 397
internal_count=8044 7647 358 286 238 91 397
cat_boundaries=0 1
cat_threshold=136
is_linear=0
shrinkage=0.02


Tree=998
num_leaves=8
num_cat=0
split_feature=0 52 52 54 52 40 20
split_gain=295.925 603.497 724.526 902.674 672.337 634.839 615.668
threshold=56.500000000000007 6.910000000000001 18.555000000000003 97.25500000000001 47.675000000000004 14.215000000000002 855137.65000000014
decision_type=2 2 2 2 2 2 8
left_child=-1 -2 -3 5 -5 -4 -7
right_child=1 2 3 4 -6 6 -8
leaf_value=-0.0027258789801250737 -0.058821815660706267 0.057082057646197129 -0.040920834957111268 -0.10911168608976449 -0.003324214502104691 -0.0051675482217652599 0.024057366467761365
leaf_weight=6402 49 112 88 41 51 454 778
leaf_count=6402 49 112 88 41 51 454 778
internal_value=-0.000815589 0.00694316 0.00924309 0.00526047 -0.0536628 0.00955425 0.0133104
internal_weight=7975 1573 1524 1412 92 1320 1232
internal_count=7975 1573 1524 1412 92 1320 1232
is_linear=0
shrinkage=0.02


Tree=999
num_leaves=8
num_cat=1
split_feature=5 10 18 13 38 22 60
split_gain=464.713 537.47 902.29 602.381 649.033 543.933 568.009
threshold=0 21464.350000000002 57547.750000000007 356.05000000000007 6787.7000000000007 24519.600000000002 1.0000000180025095e-35
decision_type=1 2 2 2 8 2 2
left_child=1 2 3 4 -1 6 -3
right_child=-2 5 -4 -5 -6 -7 -8
leaf_value=-0.032599355889691248 -0.0011767312042016288 -0.013152371328356874 0.071934193609454106 -0.026783602598422607 0.057515033415514789 0.049659489636187971 0.021250079334817894
leaf_weight=40 6579 563 136 107 114 87 285
leaf_count=40 6579 563 136 107 114 87 285
internal_value=0.00101333 0.0117156 0.031145 0.00893817 0.0338196 0.00346878 -0.00153344
internal_weight=7911 1332 397 261 154 935 848
internal_count=7911 1332 397 261 154 935 848
cat_boundaries=0 1
cat_threshold=1
is_linear=0
shrinkage=0.02


Tree=1000
num_leaves=8
num_cat=0
split_feature=68 14 13 53 56 56 20
split_gain=402.243 649.354 712.753 589.592 358.918 476.475 680.408
threshold=1820341.55 15.475000000000003 326.65000000000003 54.565000000000005 59.970000000000006 52.615000000000002 1112750.5000000002
decision_type=2 2 2 2 2 2 10
left_child=4 3 -3 -2 5 -1 -7
right_child=1 2 -4 -5 -6 6 -8
leaf_value=-0.0025157387547946838 0.0019999532680958511 -0.047625941720245216 0.022901884510758377 0.083171185120616276 -0.054141887970841851 0.031803927963605594 -0.050982811719827027
leaf_weight=7235 59 82 163 87 47 304 41
leaf_count=7235 59 82 163 87 47 304 41
internal_value=-0.000755742 0.0188985 -0.00118376 0.0515215 -0.00177504 -0.00141486 0.0213777
internal_weight=8018 391 245 146 7627 7580 345
internal_count=8018 391 245 146 7627 7580 345
is_linear=0
shrinkage=0.02


Tree=1001
num_leaves=8
num_cat=0
split_feature=56 55 49 36 20 37 56
split_gain=326.714 636.557 687.638 655.848 662.451 612.772 811.711
threshold=38.525000000000013 56.885000000000012 9.5000000000000018 2.5000000000000004 899605.75000000012 0.23305000000000003 36.475000000000001
decision_type=2 2 2 2 10 2 2
left_child=5 3 -3 -2 -5 -1 -7
right_child=1 2 -4 4 -6 6 -8
leaf_value=0.009489220077907588 -0.0046228681179151451 -0.085617244314791549 -0.016340566566257084 0.0079515291495366146 0.067603497314698918 -0.017189697975083584 0.021472966668375754
leaf_weight=2375 3566 62 427 328 92 912 280
leaf_count=2375 3566 62 427 328 92 912 280
internal_value=-0.000889419 -0.00448624 -0.0259018 -0.00182983 0.0216598 0.00362295 -0.0080561
internal_weight=8042 4475 489 3986 420 3567 1192
internal_count=8042 4475 489 3986 420 3567 1192
is_linear=0
shrinkage=0.02


Tree=1002
num_leaves=8
num_cat=0
split_feature=22 23 27 8 30 58 64
split_gain=457.977 638.825 508.015 375.476 322.077 691.281 776.487
threshold=7121.0500000000011 7.9500000000000011 1.0000000180025095e-35 26.625000000000004 1.0000000180025095e-35 41.605000000000011 3.5000000000000004
decision_type=2 2 2 2 2 2 2
left_child=1 3 -3 -1 -2 -6 -7
right_child=4 2 -4 -5 5 6 -8
leaf_value=-0.10266935481918309 -0.0011394852218095909 0.015278205149525763 -0.057863863620395757 -0.018642636007732815 -0.0018270601274313167 0.036706616296117808 -0.0020645093249837183
leaf_weight=48 5633 144 46 40 1183 527 337
leaf_count=48 5633 144 46 40 1183 527 337
internal_value=0.000410887 -0.024576 -0.00345951 -0.0675311 0.00133076 0.00811467 0.0216592
internal_weight=7958 278 190 88 7680 2047 864
internal_count=7958 278 190 88 7680 2047 864
is_linear=0
shrinkage=0.02


Tree=1003
num_leaves=8
num_cat=0
split_feature=0 56 56 56 54 41 41
split_gain=336.951 688.862 720.331 894.799 521.699 458.827 459.095
threshold=21.500000000000004 40.405000000000008 45.775000000000013 47.525000000000013 96.805000000000021 31.225000000000005 57.535000000000004
decision_type=2 2 2 2 2 2 2
left_child=1 5 -3 -4 -5 -1 -7
right_child=-2 2 3 4 -6 6 -8
leaf_value=0.027367648580670357 0.00064794460134599396 0.03340757149371068 -0.092080011299023268 -0.022702119792445324 0.059140092916786673 -0.061181372818250895 -0.016297696280242198
leaf_weight=45 7228 190 47 84 43 174 196
leaf_count=45 7228 190 47 84 43 174 196
internal_value=-0.00070242 -0.0131561 0.0068958 -0.0221784 0.00619876 -0.0306165 -0.0379395
internal_weight=8007 779 364 174 127 415 370
internal_count=8007 779 364 174 127 415 370
is_linear=0
shrinkage=0.02


Tree=1004
num_leaves=8
num_cat=2
split_feature=5 20 12 19 4 64 38
split_gain=400.639 736.699 594.908 610.14 576.145 719.882 1108.78
threshold=0 1424476.6000000003 14.955000000000002 1.0000000180025095e-35 1 2.5000000000000004 2417.2000000000003
decision_type=1 10 2 2 1 2 10
left_child=1 2 -1 4 5 6 -4
right_child=-2 -3 3 -5 -6 -7 -8
leaf_value=-0.035473575678823352 -0.0015187471055663788 -0.037881056850711844 0.14672946455048733 -0.004797097858759241 0.010469662713857228 0.027851449498758066 0.021778049589164798
leaf_weight=83 6635 111 56 322 439 291 57
leaf_count=83 6635 111 56 322 439 291 57
internal_value=0.000514289 0.0103446 0.0148505 0.0185721 0.027474 0.0442596 0.0872944
internal_weight=7994 1359 1248 1165 843 404 113
internal_count=7994 1359 1248 1165 843 404 113
cat_boundaries=0 1 2
cat_threshold=1 10
is_linear=0
shrinkage=0.02


Tree=1005
num_leaves=8
num_cat=0
split_feature=56 64 58 41 40 68 64
split_gain=360.596 662.825 585.661 378.212 526.2 644.036 543.956
threshold=55.295000000000009 2.5000000000000004 40.625000000000007 68.115000000000023 81.645000000000024 274515.40000000008 4.5000000000000009
decision_type=2 2 2 2 2 2 2
left_child=3 -2 -3 4 6 -6 -1
right_child=1 2 -4 -5 5 -7 -8
leaf_value=-0.0037781606496255418 0.083788857147097592 -0.028072474943266978 0.053439320778024609 0.010342621725185169 -0.017089121866439069 0.060234661434414027 0.018918089649002802
leaf_weight=5734 55 85 53 1400 65 113 451
leaf_count=5734 55 85 53 1400 65 113 451
internal_value=0.00163132 0.0282843 0.0040067 0.000950904 -0.00112198 0.032303 -0.00210924
internal_weight=7956 193 138 7763 6363 178 6185
internal_count=7956 193 138 7763 6363 178 6185
is_linear=0
shrinkage=0.02


Tree=1006
num_leaves=8
num_cat=1
split_feature=7 48 9 40 24 21 57
split_gain=368.649 558.523 783.902 562.931 579.068 1120.94 620.252
threshold=0 15.500000000000002 4.5000000000000009 20.705000000000002 3.5000000000000004 240071.15000000002 14.170000000000002
decision_type=1 2 2 2 2 8 2
left_child=1 3 -3 -1 -5 -6 -7
right_child=-2 2 -4 4 5 6 -8
leaf_value=-0.040214339315011685 0.0002346510178043058 -0.10565169096777315 -0.0085078868115770409 0.0046481999415139124 -0.10041909557374311 -0.075336363822855856 0.0033784009038637848
leaf_weight=175 6214 52 82 1088 59 42 268
leaf_count=175 6214 52 82 1088 59 42 268
internal_value=-0.00206689 -0.0100875 -0.0486499 -0.00684388 -0.00271193 -0.0241854 -0.00831272
internal_weight=7980 1766 134 1632 1457 369 310
internal_count=7980 1766 134 1632 1457 369 310
cat_boundaries=0 1
cat_threshold=36
is_linear=0
shrinkage=0.02


Tree=1007
num_leaves=8
num_cat=0
split_feature=16 49 38 22 8 9 0
split_gain=362.926 852.478 702.785 577.311 549.959 466.848 426.946
threshold=0.26345000000000002 30.500000000000004 2253.7500000000005 11320.400000000001 37.965000000000011 5.5000000000000009 53.500000000000007
decision_type=2 2 10 2 2 2 2
left_child=1 2 4 -3 5 -1 -5
right_child=-2 3 -4 6 -6 -7 -8
leaf_value=0.087810602045395009 0.00098874055865607376 0.010676610426356394 -0.023231801807640062 -0.095842222947449915 -0.026762782467567192 0.012499715294821988 -0.031209888903781621
leaf_weight=66 7450 55 181 79 44 65 94
leaf_count=66 7450 55 181 79 44 65 94
internal_value=-0.000205477 -0.015319 0.00409153 -0.0450641 0.032212 0.052276 -0.0625872
internal_weight=8034 584 356 228 175 131 173
internal_count=8034 584 356 228 175 131 173
is_linear=0
shrinkage=0.02


Tree=1008
num_leaves=8
num_cat=0
split_feature=55 21 38 40 9 8 22
split_gain=313.476 495.951 713.997 671.773 905.863 844.849 850.081
threshold=37.995000000000012 269156.50000000006 1642.95 58.175000000000004 1.5000000000000002 13.535000000000002 22514.050000000003
decision_type=2 8 10 2 2 2 2
left_child=-1 2 -2 4 5 -3 -7
right_child=1 3 -4 -5 -6 6 -8
leaf_value=0.0060937942021238112 0.023078374203432936 0.0044549893007219381 -0.0058856906415526034 0.0039445193079390203 -0.00544613603195918 -0.051163025878537549 0.012372662834461453
leaf_weight=1746 614 217 753 1651 2416 528 98
leaf_count=1746 614 217 753 1651 2416 528 98
internal_value=-0.00139077 -0.00347585 0.00716047 -0.0064414 -0.0117009 -0.0294888 -0.0411973
internal_weight=8023 6277 1367 4910 3259 843 626
internal_count=8023 6277 1367 4910 3259 843 626
is_linear=0
shrinkage=0.02


Tree=1009
num_leaves=8
num_cat=1
split_feature=23 23 2 56 56 53 16
split_gain=301.686 627.844 585.089 892.288 806.06 612.364 583.072
threshold=17.350000000000005 14.050000000000002 0 30.435000000000006 39.195000000000007 58.945000000000007 0.54080000000000006
decision_type=2 2 1 2 2 2 2
left_child=1 -1 3 5 -4 -2 -5
right_child=2 -3 4 6 -6 -7 -8
leaf_value=-0.0030997571659458442 -0.0014907032899234608 0.013859743629730413 -0.00090740970541378833 0.026357668738413418 -0.042997172973780515 -0.10852803330951266 -0.013713475583636382
leaf_weight=5521 41 1032 344 378 382 40 230
leaf_count=5521 41 1032 344 378 382 40 230
internal_value=-0.0022317 -0.000420357 -0.0105892 0.00272725 -0.0228834 -0.0575853 0.011211
internal_weight=7968 6553 1415 689 726 81 608
internal_count=7968 6553 1415 689 726 81 608
cat_boundaries=0 1
cat_threshold=134
is_linear=0
shrinkage=0.02


Tree=1010
num_leaves=8
num_cat=0
split_feature=48 56 56 67 58 24 54
split_gain=427.84 469.071 664.19 405.223 378.097 334.197 437.06
threshold=18.500000000000004 55.295000000000009 58.75500000000001 13.68673339682403 35.795000000000009 1.5000000000000002 78.925000000000026
decision_type=2 2 2 2 2 2 2
left_child=1 5 4 -2 -3 6 -1
right_child=3 2 -4 -5 -6 -7 -8
leaf_value=-0.0074996479796906115 -0.0091251141415485335 0.022178820096887649 -0.016596028919124768 -0.059475105288036074 0.095132669957857297 -0.0023603722730629905 0.010781836324339966
leaf_weight=686 316 59 67 76 58 4567 2158
leaf_count=686 316 59 67 76 58 4567 2158
internal_value=0.000728038 0.00178488 0.0328989 -0.019513 0.0607607 0.000990727 0.00636674
internal_weight=7987 7595 184 392 117 7411 2844
internal_count=7987 7595 184 392 117 7411 2844
is_linear=0
shrinkage=0.02


Tree=1011
num_leaves=8
num_cat=0
split_feature=42 9 67 55 67 54 17
split_gain=337.23 651.535 1141.77 1428.71 1042.11 853.065 726.418
threshold=50.485000000000007 1.5000000000000002 13.986747197814362 33.735000000000007 2.3207028086760015 75.945000000000007 9507.5000000000018
decision_type=2 2 2 2 2 2 2
left_child=1 2 3 6 5 -5 -1
right_child=-2 -3 -4 4 -6 -7 -8
leaf_value=0.13271022360854678 -0.0040213542276281312 0.0089029513232986111 -0.057560611970902203 -0.089069206312185886 0.03393082688238179 -0.012743664673947986 0.014350147678152375
leaf_weight=40 3867 3021 161 61 173 547 41
leaf_count=40 3867 3021 161 61 173 547 41
internal_value=0.000198745 0.00423412 -0.00952955 -0.000278335 -0.00874476 -0.0210654 0.0771171
internal_weight=7911 4044 1023 862 781 608 81
internal_count=7911 4044 1023 862 781 608 81
is_linear=0
shrinkage=0.02


Tree=1012
num_leaves=8
num_cat=0
split_feature=22 53 33 65 57 57 0
split_gain=501.383 673.135 727.839 648.118 913.801 735.393 774.62
threshold=11090.500000000002 65.565000000000012 2.5000000000000004 0.22500000000000003 40.730000000000011 26.685000000000006 37.500000000000007
decision_type=2 2 2 2 2 2 2
left_child=1 3 -3 4 -1 6 -5
right_child=-2 2 -4 5 -6 -7 -8
leaf_value=0.0048487325385212898 -0.0032478310472220336 0.044104269416870887 0.004989817668274576 0.021673857867717743 -0.11161476606008958 0.015307255008174956 -0.03948458139717579
leaf_weight=59 6045 348 416 120 44 719 245
leaf_count=59 6045 348 416 120 44 719 245
internal_value=-0.000402215 0.00840044 0.0229773 -0.00103881 -0.0477667 0.00360013 -0.0193565
internal_weight=7996 1951 764 1187 103 1084 365
internal_count=7996 1951 764 1187 103 1084 365
is_linear=0
shrinkage=0.02


Tree=1013
num_leaves=8
num_cat=0
split_feature=22 43 22 23 21 12 49
split_gain=459.965 395.899 902.293 1041.08 760.089 620.127 605.436
threshold=38110.700000000004 1.0000000180025095e-35 22514.050000000003 8.3500000000000032 321676.90000000008 48.115000000000002 7.5000000000000009
decision_type=2 2 2 2 8 2 2
left_child=1 2 6 -4 -5 -6 -1
right_child=-2 -3 3 4 5 -7 -8
leaf_value=0.037930368257291396 0.052306247969919985 0.0018636072001951699 -0.097418810443385781 -0.074908217462124643 -0.027956049896203556 0.061417416470746201 -0.0066552068072103831
leaf_weight=127 61 5929 87 49 60 55 1580
leaf_count=127 61 5929 87 49 60 55 1580
internal_value=-0.000272917 -0.000712458 -0.00849789 -0.0435143 -0.0128825 0.0155658 -0.00323697
internal_weight=7948 7887 1958 251 164 115 1707
internal_count=7948 7887 1958 251 164 115 1707
is_linear=0
shrinkage=0.02


Tree=1014
num_leaves=8
num_cat=0
split_feature=16 16 0 49 52 22 20
split_gain=325.274 370.017 339.137 323.318 558.992 577.691 277.874
threshold=0.17090000000000002 0.19185000000000002 60.500000000000007 4.5000000000000009 59.925000000000004 16040.250000000002 639024.50000000012
decision_type=2 2 2 2 2 2 8
left_child=2 -2 -1 4 5 -3 -5
right_child=1 3 -4 6 -6 -7 -8
leaf_value=-0.06763783475962179 0.046861471553235799 -0.0077838415667122489 0.0058529336129625647 -0.0080990582790222958 0.028142997198634678 -0.10893645500359328 0.0019282516301135381
leaf_weight=53 62 46 43 1332 40 41 6378
leaf_count=53 62 46 43 1332 40 41 6378
internal_value=-0.000395545 6.04365e-05 -0.0360599 -0.000339458 -0.0313759 -0.0587832 0.000191781
internal_weight=7995 7899 96 7837 127 87 7710
internal_count=7995 7899 96 7837 127 87 7710
is_linear=0
shrinkage=0.02


Tree=1015
num_leaves=8
num_cat=2
split_feature=5 12 2 49 19 52 14
split_gain=281.311 716.935 477.332 858.451 692.524 856.147 645.414
threshold=0 12.700000000000001 1 44.500000000000007 1.0000000180025095e-35 50.265000000000008 17.115000000000006
decision_type=1 2 1 2 2 2 2
left_child=1 -1 3 6 -4 -6 -3
right_child=-2 2 4 -5 5 -7 -8
leaf_value=-0.051875142973661428 -0.0018515878053348904 -0.029264494247565213 0.029311041752753963 -0.080074182229823085 0.024563577333818889 -0.043387171340840205 0.037309590781167634
leaf_weight=70 6660 105 687 53 153 135 119
leaf_count=70 6660 105 687 53 153 135 119
internal_value=-0.000174898 0.00819928 0.0118163 -0.0110856 0.0182728 -0.00748518 0.00614539
internal_weight=7982 1322 1252 277 975 288 224
internal_count=7982 1322 1252 277 975 288 224
cat_boundaries=0 1 2
cat_threshold=1 24
is_linear=0
shrinkage=0.02


Tree=1016
num_leaves=8
num_cat=0
split_feature=40 33 10 34 10 0 10
split_gain=397.735 614.084 891.318 587.64 589.527 546.79 699.444
threshold=72.590000000000018 2.5000000000000004 51713.05000000001 1.0000000180025095e-35 16773.450000000004 23.500000000000004 22981.950000000004
decision_type=2 2 2 2 2 2 2
left_child=5 2 3 4 -2 6 -1
right_child=1 -3 -4 -5 -6 -7 -8
leaf_value=-0.0064994986965601752 -0.077860364535680182 -0.0066421132012505404 0.082297360401643427 0.02355987246712116 0.019817203331966789 -0.0025341030007961104 -0.047736936172713407
leaf_weight=476 47 530 82 365 44 6156 248
leaf_count=476 47 530 82 365 44 6156 248
internal_value=-0.00271225 0.00861677 0.0235715 0.0122331 -0.0320593 -0.00447586 -0.0208556
internal_weight=7948 1068 538 456 91 6880 724
internal_count=7948 1068 538 456 91 6880 724
is_linear=0
shrinkage=0.02


Tree=1017
num_leaves=8
num_cat=1
split_feature=2 41 10 42 41 41 0
split_gain=328.706 639.289 778.603 592.108 950.779 761.916 1018.44
threshold=0 19.275000000000002 43528.750000000007 26.905000000000005 32.085000000000008 55.955000000000005 36.500000000000007
decision_type=1 2 2 2 2 2 2
left_child=1 2 -1 4 -3 6 -5
right_child=-2 3 -4 5 -6 -7 -8
leaf_value=-0.085963208584224488 0.0025780449459764823 -0.016337529755079409 0.0052205673384834337 0.0078197865475528802 0.053814011421623141 0.0049429834204335991 -0.02958673625696728
leaf_weight=80 5061 137 66 431 167 1151 881
leaf_count=80 5061 137 66 431 167 1151 881
internal_value=-0.000501856 -0.00583691 -0.0459352 -0.00366315 0.0224469 -0.00692477 -0.0173154
internal_weight=7974 2913 146 2767 304 2463 1312
internal_count=7974 2913 146 2767 304 2463 1312
cat_boundaries=0 1
cat_threshold=11
is_linear=0
shrinkage=0.02


Tree=1018
num_leaves=8
num_cat=0
split_feature=0 23 46 0 23 18 49
split_gain=382.331 683.706 581.437 553.322 885.806 550.463 614.435
threshold=36.500000000000007 31.750000000000004 4.5000000000000009 37.500000000000007 10.850000000000003 521518.80000000005 35.500000000000007
decision_type=2 2 2 2 2 2 2
left_child=2 3 5 4 -2 -1 -7
right_child=1 -3 -4 -5 -6 6 -8
leaf_value=0.024767299610463481 -0.074588069981225177 -0.080877089420954396 -0.00080986910995412345 -0.001253987182242485 0.0082609275301683289 -0.044419468840566072 0.043768804669380192
leaf_weight=816 102 40 1773 5000 98 98 41
leaf_count=816 102 40 1773 5000 98 98 41
internal_value=-8.94967e-05 -0.0032499 0.00597591 -0.00257565 -0.0347807 0.0185126 -0.0177906
internal_weight=7968 5240 2728 5200 200 955 139
internal_count=7968 5240 2728 5200 200 955 139
is_linear=0
shrinkage=0.02


Tree=1019
num_leaves=8
num_cat=0
split_feature=52 49 58 52 52 68 62
split_gain=300.003 256.205 585.566 436.322 258.145 582.348 581.599
threshold=92.180000000000021 4.5000000000000009 42.925000000000004 49.195000000000007 50.665000000000006 1041138.9000000001 1.0000000180025095e-35
decision_type=2 2 2 2 2 2 2
left_child=1 2 3 -1 5 -3 -7
right_child=-2 4 -4 -5 -6 6 -8
leaf_value=-0.041515677364505066 0.027926865590064704 0.0070507104536432219 -0.08713299232059056 0.042055860337089086 -0.0044418680275511999 0.0076804065004351645 -0.022580127189685769
leaf_weight=44 142 3235 40 46 3521 429 611
leaf_count=44 142 3235 40 46 3521 429 611
internal_value=-0.000383865 -0.000908358 -0.0282252 0.00116401 -0.000435045 0.00286641 -0.0101206
internal_weight=8068 7926 130 90 7796 4275 1040
internal_count=8068 7926 130 90 7796 4275 1040
is_linear=0
shrinkage=0.02


Tree=1020
num_leaves=8
num_cat=1
split_feature=68 23 2 58 57 57 23
split_gain=304.699 600.653 667.708 847.099 814.875 778.456 657.87
threshold=179015.80000000002 11.050000000000002 0 47.425000000000004 59.600000000000009 49.085000000000008 18.350000000000005
decision_type=2 2 1 2 2 2 2
left_child=1 2 -1 4 5 -4 -3
right_child=-2 6 3 -5 -6 -7 -8
leaf_value=-0.0036412720592561279 0.00240116520628404 0.017041054721546652 -0.049653394544742754 0.013790615006194759 0.010204795389436186 -0.13775124925793264 -0.019568673233492078
leaf_weight=567 6176 591 177 91 59 52 288
leaf_count=567 6176 591 177 91 59 52 288
internal_value=0.000278978 -0.00688968 -0.0179085 -0.037847 -0.0554117 -0.0721741 0.00500322
internal_weight=8001 1825 946 379 288 229 879
internal_count=8001 1825 946 379 288 229 879
cat_boundaries=0 1
cat_threshold=210
is_linear=0
shrinkage=0.02


Tree=1021
num_leaves=8
num_cat=0
split_feature=8 46 56 64 40 38 57
split_gain=365.988 669.279 669.766 879.466 808.72 665.423 530.706
threshold=54.410000000000004 6.5000000000000009 38.785000000000004 3.5000000000000004 32.155000000000008 4052.7000000000003 23.225000000000005
decision_type=2 2 2 2 2 10 2
left_child=-1 2 3 -2 -4 -6 -3
right_child=1 6 4 -5 5 -7 -8
leaf_value=0.0031958270449253274 -0.092556200217869547 -0.032674033004217423 -0.073122936925109558 0.0031997797824442386 -0.025860477628953316 0.059576706558465961 0.045707705131960367
leaf_weight=7483 103 47 44 59 63 75 101
leaf_count=7483 103 47 44 59 63 75 101
internal_value=0.00209394 -0.0145286 -0.029704 -0.0586304 -0.003077 0.0210323 0.0205619
internal_weight=7975 492 344 162 182 138 148
internal_count=7975 492 344 162 182 138 148
is_linear=0
shrinkage=0.02


Tree=1022
num_leaves=8
num_cat=0
split_feature=49 55 58 30 55 42 58
split_gain=430.65 761.443 421.026 767.937 573.027 513.279 510.219
threshold=94.500000000000014 43.225000000000001 52.975000000000001 1.0000000180025095e-35 49.225000000000001 55.195000000000007 55.770000000000003
decision_type=2 2 2 2 2 2 2
left_child=2 -2 -1 -4 5 6 -5
right_child=1 -3 3 4 -6 -7 -8
leaf_value=0.0026252490647952517 0.10001235926404914 -0.015578467731780194 -0.018241594096944667 -0.021292708015535029 -0.055508909742037454 -0.0053720876622073204 0.052777071903478738
leaf_weight=6327 42 42 1076 43 40 183 191
leaf_count=6327 42 42 1076 43 40 183 191
internal_value=0.000841201 0.0445887 0.000345622 -0.00904081 0.0125853 0.0196974 0.0390053
internal_weight=7944 84 7860 1533 457 417 234
internal_count=7944 84 7860 1533 457 417 234
is_linear=0
shrinkage=0.02


Tree=1023
num_leaves=8
num_cat=0
split_feature=52 44 50 23 56 12 14
split_gain=437.685 371.939 763.629 872.461 767.843 850.201 744.699
threshold=92.180000000000021 1.0000000180025095e-35 1.0000000180025095e-35 19.850000000000005 30.865000000000006 56.035000000000004 18.175000000000004
decision_type=2 2 2 2 2 2 2
left_child=1 2 3 6 5 -4 -1
right_child=-2 -3 4 -5 -6 -7 -8
leaf_value=-0.0050089000024590167 0.037033544543542359 0.0026339911128154094 -0.095709985872632575 -0.064580560205159371 -0.011019961913494903 0.005641250250183724 0.045090216404758396
leaf_weight=233 128 6303 90 49 942 50 235
leaf_count=233 128 6303 90 49 942 50 235
internal_value=0.00105349 0.000447618 -0.00815206 0.0117666 -0.0176799 -0.0605668 0.0203584
internal_weight=8030 7902 1599 517 1082 140 468
internal_count=8030 7902 1599 517 1082 140 468
is_linear=0
shrinkage=0.02


Tree=1024
num_leaves=8
num_cat=1
split_feature=40 57 3 38 42 9 40
split_gain=385.629 534.593 798.863 696.247 652.16 512.022 523.056
threshold=81.645000000000024 33.395000000000003 0 23403.650000000005 12.335000000000003 1.0000000180025095e-35 41.895000000000003
decision_type=2 2 1 10 2 2 2
left_child=1 2 3 4 -1 -6 -7
right_child=-2 -3 -4 -5 5 6 -8
leaf_value=0.079490452880478082 0.015767912638455436 -0.0078807108203236345 -0.0051542112239606839 -0.026964528878428498 -0.016410471650561847 0.0031799045598291486 0.032183367317481032
leaf_weight=63 462 4065 2059 142 168 410 632
leaf_count=63 462 4065 2059 142 168 410 632
internal_value=-0.00187081 -0.00296147 0.0027977 0.0142818 0.019082 0.0156226 0.0208409
internal_weight=8001 7539 3474 1415 1273 1210 1042
internal_count=8001 7539 3474 1415 1273 1210 1042
cat_boundaries=0 1
cat_threshold=5
is_linear=0
shrinkage=0.02


Tree=1025
num_leaves=8
num_cat=1
split_feature=45 33 4 16 41 41 18
split_gain=332.591 527.889 813.836 1170.34 961.101 981.06 1069.4
threshold=1.0000000180025095e-35 1.5000000000000002 0 0.60815000000000008 67.365000000000023 57.165000000000006 379828.00000000006
decision_type=2 2 1 2 2 2 2
left_child=1 2 4 -4 5 6 -1
right_child=-2 -3 3 -5 -6 -7 -8
leaf_value=0.071949450306042481 -0.004292577184068007 1.8586326305378508e-05 -0.022167432996388459 0.051936292159752762 0.12665659080962746 -0.047247712471268397 -0.03784947885477797
leaf_weight=157 4539 2752 278 117 44 50 42
leaf_count=157 4539 2752 278 117 44 50 42
internal_value=-0.000739848 0.00394732 0.0195487 0.000153278 0.0437806 0.0286546 0.0484161
internal_weight=7979 3440 688 395 293 249 199
internal_count=7979 3440 688 395 293 249 199
cat_boundaries=0 1
cat_threshold=10
is_linear=0
shrinkage=0.02


Tree=1026
num_leaves=8
num_cat=1
split_feature=49 68 52 2 48 42 12
split_gain=526.158 507.044 677.64 392.846 777.337 1246.86 726.299
threshold=4.5000000000000009 272726.65000000008 49.195000000000007 0 19.500000000000004 45.465000000000011 79.110000000000014
decision_type=2 2 2 1 2 2 2
left_child=1 -1 -3 4 -2 -6 -5
right_child=3 2 -4 6 5 -7 -8
leaf_value=0.015616246804277947 -0.0032797407320853079 -0.12157071506977081 -0.0093554042310764404 0.0018384112403536936 -0.12640238889941463 0.0056223612840359026 0.031215094682549575
leaf_weight=42 2554 40 43 4819 49 60 357
leaf_count=42 2554 40 43 4819 49 60 357
internal_value=1.62442e-05 -0.0398906 -0.0672698 0.000677617 -0.00554635 -0.0566691 0.00388526
internal_weight=7964 125 83 7839 2663 109 5176
internal_count=7964 125 83 7839 2663 109 5176
cat_boundaries=0 1
cat_threshold=76
is_linear=0
shrinkage=0.02


Tree=1027
num_leaves=8
num_cat=0
split_feature=23 56 53 14 56 65 55
split_gain=347.381 1396.86 863.69 757.59 733.076 914.408 717.458
threshold=17.550000000000004 31.165000000000003 61.955000000000005 13.225000000000003 39.935000000000009 0.35416666666666669 57.045000000000009
decision_type=2 2 2 2 2 2 2
left_child=-1 2 3 -2 -3 -6 -7
right_child=1 4 -4 -5 5 6 -8
leaf_value=0.002128688733583363 -0.085098128888342117 0.016128130669202555 -0.10355318037337727 0.017571017411020066 -0.066596844059072041 0.0045215921810139786 -0.070133012892871063
leaf_weight=6732 40 556 85 76 109 455 53
leaf_count=6732 40 556 85 76 109 455 53
internal_value=0.000256822 -0.00888897 -0.0569221 -0.0198856 -0.000451563 -0.0154016 -0.00387482
internal_weight=8106 1374 201 116 1173 617 508
internal_count=8106 1374 201 116 1173 617 508
is_linear=0
shrinkage=0.02


Tree=1028
num_leaves=8
num_cat=0
split_feature=54 67 54 67 52 16 33
split_gain=480.888 629.851 685.304 832.262 730.636 623.335 613.936
threshold=73.02500000000002 14.628980609398548 80.00500000000001 21.934372222570666 47.905000000000008 0.69535000000000013 2.5000000000000004
decision_type=2 2 2 2 2 2 2
left_child=6 -2 3 -3 -5 -4 -1
right_child=1 2 5 4 -6 -7 -8
leaf_value=0.030889928965591753 0.0011112474948500983 -0.017646918473335414 -0.028380639821583859 0.11331691091656686 0.0047030073214660989 0.02708771113920343 -0.00049335113446349692
leaf_weight=438 5865 125 813 45 50 86 570
leaf_count=438 5865 125 813 45 50 86 570
internal_value=0.000350583 -0.00151623 -0.0152313 0.0161352 0.0592451 -0.022954 0.0132286
internal_weight=7992 6984 1119 220 95 899 1008
internal_count=7992 6984 1119 220 95 899 1008
is_linear=0
shrinkage=0.02


Tree=1029
num_leaves=8
num_cat=0
split_feature=56 54 13 38 52 22 23
split_gain=412.544 680.076 828.553 713.092 1025 912.299 792.07
threshold=39.505000000000003 73.170000000000016 304.45000000000005 4241.1500000000005 43.405000000000008 17403.750000000004 24.750000000000004
decision_type=2 2 2 10 2 2 2
left_child=1 2 -1 4 5 -3 -5
right_child=-2 3 -4 6 -6 -7 -8
leaf_value=0.071703047932387562 -0.0027274830054645621 0.012151748513764445 0.013276635535114451 -0.011888719397739191 -0.00074742753387459237 0.056514116897018934 0.05260972745992519
leaf_weight=123 3990 528 416 1292 1281 284 76
leaf_count=123 3990 528 416 1292 1281 284 76
internal_value=0.00182128 0.00635642 0.0271461 0.00308424 0.0104139 0.0279186 -0.00812693
internal_weight=7990 4000 539 3461 2093 812 1368
internal_count=7990 4000 539 3461 2093 812 1368
is_linear=0
shrinkage=0.02


Tree=1030
num_leaves=8
num_cat=0
split_feature=56 0 57 42 42 33 17
split_gain=356.41 330.208 741.515 578.802 879.692 566.11 462.855
threshold=59.970000000000006 23.500000000000004 9.4600000000000026 32.615000000000002 39.675000000000004 2.5000000000000004 11087.300000000001
decision_type=2 2 2 2 2 2 2
left_child=1 2 -1 5 -5 -4 -6
right_child=-2 -3 3 4 6 -7 -8
leaf_value=0.052176910447540567 -0.052205138047987765 0.00039235013760820675 -0.011914188095368445 -0.088558124621709186 -0.0046569987809506512 0.072826113206035686 -0.039179416206211619
leaf_weight=62 50 6991 75 70 467 48 229
leaf_count=62 50 6991 75 70 467 48 229
internal_value=-0.00146703 -0.00111496 -0.0121396 -0.0168918 -0.0233566 0.0227082 -0.0162141
internal_weight=7992 7942 951 889 766 123 696
internal_count=7992 7942 951 889 766 123 696
is_linear=0
shrinkage=0.02


Tree=1031
num_leaves=8
num_cat=1
split_feature=10 54 40 40 42 49 5
split_gain=356.451 654.854 874.41 1174.41 1231.58 758.696 680.922
threshold=26216.650000000005 87.685000000000016 52.035000000000004 20.705000000000002 18.605000000000004 83.500000000000014 0
decision_type=2 2 2 2 2 2 1
left_child=1 5 3 4 -3 -1 -5
right_child=-2 2 -4 6 -6 -7 -8
leaf_value=-0.0035912547854678439 -0.001899330082878454 0.039624327458441258 0.00059819921327365687 0.074315049935050392 -0.090330817295658963 0.07781786414219978 0.026682369627839941
leaf_weight=1778 4555 51 756 167 57 42 538
leaf_count=1778 4555 51 756 167 57 42 538
internal_value=0.00175464 0.00666134 0.0161082 0.030439 -0.0299252 -0.00150453 0.039832
internal_weight=7944 3389 1569 813 108 1820 705
internal_count=7944 3389 1569 813 108 1820 705
cat_boundaries=0 1
cat_threshold=9
is_linear=0
shrinkage=0.02


Tree=1032
num_leaves=8
num_cat=1
split_feature=44 3 64 38 31 42 17
split_gain=297.569 801.871 956.9 965.511 696.621 931.753 997.498
threshold=1.0000000180025095e-35 0 2.5000000000000004 3758.9500000000003 1.0000000180025095e-35 58.305000000000007 2182.8000000000006
decision_type=2 1 2 8 2 2 2
left_child=1 2 -1 -4 -3 6 -6
right_child=-2 4 3 -5 5 -7 -8
leaf_value=0.028799910747363228 0.00061117973640259558 -0.040152317631056124 -0.10010093165636062 -0.0019357294861513837 -0.10522033221715567 0.039067328773971115 -0.0095827992380453416
leaf_weight=377 6413 406 45 203 44 135 411
leaf_count=377 6413 406 45 203 44 135 411
internal_value=-0.00132591 -0.00896773 0.00874045 -0.0213742 -0.0199559 -0.0061728 -0.0198744
internal_weight=8034 1621 625 248 996 590 455
internal_count=8034 1621 625 248 996 590 455
cat_boundaries=0 1
cat_threshold=6
is_linear=0
shrinkage=0.02


Tree=1033
num_leaves=8
num_cat=0
split_feature=23 41 53 13 23 48 41
split_gain=398.326 819.486 918.513 792.097 511.421 558.192 846.07
threshold=4.3500000000000005 42.375000000000007 71.115000000000023 307.65000000000003 3.8500000000000001 8.5000000000000018 58.32500000000001
decision_type=2 2 2 2 2 2 2
left_child=1 3 4 -1 5 6 -3
right_child=-2 2 -4 -5 -6 -7 -8
leaf_value=-0.019285469483910946 -0.0017260344040770129 -0.099050799555531366 0.043064620443516305 0.069000243587885049 0.024424831351961 0.015081680667483143 -0.011320476575248232
leaf_weight=52 7356 77 130 155 78 67 98
leaf_count=52 7356 77 130 155 78 67 98
internal_value=-0.000389858 0.0144705 -0.000794085 0.0468904 -0.0190001 -0.0332077 -0.051601
internal_weight=8013 657 450 207 320 242 175
internal_count=8013 657 450 207 320 242 175
is_linear=0
shrinkage=0.02


Tree=1034
num_leaves=8
num_cat=1
split_feature=44 43 33 10 49 49 2
split_gain=374.746 638.782 637 569.817 686.924 536.436 506.02
threshold=1.0000000180025095e-35 1.0000000180025095e-35 1.0000000180025095e-35 49492.900000000009 41.500000000000007 4.5000000000000009 0
decision_type=2 2 2 2 2 2 1
left_child=1 3 -3 4 -1 -2 -4
right_child=5 2 6 -5 -6 -7 -8
leaf_value=-0.032513854149995108 -0.041486109145126251 -0.068016895033278554 0.019484850159451828 -0.081694461399878279 0.035487526255218609 0.0038852816077279929 -0.0074957109327995555
leaf_weight=275 101 48 436 64 71 6343 712
leaf_count=275 101 48 436 64 71 6343 712
internal_value=0.000987695 -0.00764144 -0.00022199 -0.0290211 -0.0182531 0.00314254 0.0028953
internal_weight=8050 1606 1196 410 346 6444 1148
internal_count=8050 1606 1196 410 346 6444 1148
cat_boundaries=0 1
cat_threshold=168
is_linear=0
shrinkage=0.02


Tree=1035
num_leaves=8
num_cat=1
split_feature=9 12 54 38 7 16 13
split_gain=341.218 571.171 685.474 637.1 716.149 842.026 604.847
threshold=1.5000000000000002 28.005000000000006 96.00500000000001 2017.2500000000002 0 0.60815000000000008 300.65000000000003
decision_type=2 2 2 8 1 2 2
left_child=1 6 -3 -4 5 -5 -1
right_child=-2 2 3 4 -6 -7 -8
leaf_value=0.0059801267802403 0.0035285541029337303 -0.0085788959428580967 0.082431135699152946 -0.055737026187582556 0.035480434268295641 0.017390513236259487 -0.041512523554624856
leaf_weight=162 5793 1236 51 102 226 149 306
leaf_count=162 5793 1236 51 102 226 149 306
internal_value=0.000969071 -0.00566693 -0.000432563 0.0185388 0.0109234 -0.0123523 -0.0251833
internal_weight=8025 2232 1764 528 477 251 468
internal_count=8025 2232 1764 528 477 251 468
cat_boundaries=0 1
cat_threshold=25
is_linear=0
shrinkage=0.02


Tree=1036
num_leaves=8
num_cat=1
split_feature=15 3 41 68 68 6 62
split_gain=455.387 302.775 780.889 569.746 706.115 694.185 887.838
threshold=6.5000000000000009 0 22.365000000000006 1067078.8500000003 1255039.0000000002 1.5000000000000002 1.0000000180025095e-35
decision_type=2 1 2 2 2 2 2
left_child=1 2 -1 5 -5 6 -4
right_child=-2 -3 3 4 -6 -7 -8
leaf_value=0.064365522878918238 -0.051138883879486952 -0.0019043606800501884 -0.013540931680199245 -0.07615722161957196 -0.0014283497821777425 0.036347381337300727 0.048589839632096503
leaf_weight=89 66 6791 455 65 183 299 110
leaf_count=89 66 6791 455 65 183 299 110
internal_value=-0.000710965 -0.000262805 0.00893045 0.00430535 -0.0221326 0.0119777 -0.00112456
internal_weight=8058 7992 1201 1112 248 864 565
internal_count=8058 7992 1201 1112 248 864 565
cat_boundaries=0 1
cat_threshold=4
is_linear=0
shrinkage=0.02


Tree=1037
num_leaves=8
num_cat=0
split_feature=46 22 20 16 49 46 58
split_gain=429.407 1131.72 653.949 729.522 692.139 647.159 537.51
threshold=3.5000000000000004 28469.050000000003 1249612.9500000002 0.44815000000000005 28.500000000000004 2.5000000000000004 19.905000000000005
decision_type=2 2 10 2 2 2 2
left_child=1 2 6 4 -4 -5 -1
right_child=-2 -3 3 5 -6 -7 -8
leaf_value=-0.027467876613140107 -0.0018302133323900305 -0.057128800076467451 -0.012584805245278403 -0.035544184755395961 -0.11730602556272693 0.060480839630304761 0.018246815611143333
leaf_weight=105 5927 95 59 49 41 54 1735
leaf_count=105 5927 95 59 49 41 54 1735
internal_value=0.000942474 0.0086153 0.0118044 -0.0218871 -0.0590619 0.0152684 0.0155707
internal_weight=8065 2138 2043 203 100 103 1840
internal_count=8065 2138 2043 203 100 103 1840
is_linear=0
shrinkage=0.02


Tree=1038
num_leaves=8
num_cat=1
split_feature=18 18 5 51 18 51 21
split_gain=396.56 1120.72 522.475 518.915 596.34 580.099 564.807
threshold=276438.50000000006 244110.45000000004 0 65.425000000000011 328485.85000000003 19.570000000000004 224640.00000000003
decision_type=2 2 1 2 2 2 10
left_child=1 -1 -2 4 5 -4 -7
right_child=2 -3 3 -5 -6 6 -8
leaf_value=0.0020826963639440561 0.025195943159146274 0.060626399376387918 0.0066226212157831565 -0.055780695779965479 -0.0034443001244211097 -0.10131844125586013 -0.018505740093333382
leaf_weight=5498 181 129 72 86 1915 68 65
leaf_count=5498 181 129 72 86 1915 68 65
internal_value=0.000580199 0.00347745 -0.00624264 -0.00894678 -0.00696224 -0.0389605 -0.062983
internal_weight=8014 5627 2387 2206 2120 205 133
internal_count=8014 5627 2387 2206 2120 205 133
cat_boundaries=0 1
cat_threshold=8
is_linear=0
shrinkage=0.02


Tree=1039
num_leaves=8
num_cat=0
split_feature=8 47 58 0 52 15 14
split_gain=619.717 728.835 748.811 638.828 570.605 495.508 418.638
threshold=8.8050000000000015 5.5000000000000009 48.725000000000001 22.500000000000004 45.305000000000007 1.5000000000000002 34.32500000000001
decision_type=2 2 2 2 2 2 2
left_child=1 2 5 4 -3 -1 -2
right_child=6 3 -4 -5 -6 -7 -8
leaf_value=0.10304822644689582 -0.00018596292475054864 0.025686560670534767 -0.016599051227756578 0.033608615234015732 -0.064366999678313733 0.023342806234441956 -0.014601415539669291
leaf_weight=86 6755 40 46 104 75 53 910
leaf_count=86 6755 40 46 104 75 53 910
internal_value=-0.000627051 0.0233609 0.0520248 -0.00147378 -0.0332789 0.0745227 -0.00190579
internal_weight=8069 404 185 219 115 139 7665
internal_count=8069 404 185 219 115 139 7665
is_linear=0
shrinkage=0.02


Tree=1040
num_leaves=8
num_cat=0
split_feature=53 13 18 64 13 53 16
split_gain=673.241 737.725 690.801 686.578 521.794 443.511 418.82
threshold=85.855000000000004 334.15000000000003 630978.90000000014 2.5000000000000004 303.15000000000003 84.300000000000011 0.17090000000000002
decision_type=2 2 2 2 2 2 2
left_child=5 3 -3 -2 -5 6 -1
right_child=1 2 -4 4 -6 -7 -8
leaf_value=-0.043028281554579738 0.094537130019750948 -0.015963118452643289 0.057842569270959265 -0.013719750648455285 0.06318731312004347 -0.045904339090470342 -0.0014063290150351543
leaf_weight=93 78 226 60 77 58 88 7369
leaf_count=93 78 226 60 77 58 88 7369
internal_value=-0.00100341 0.0213783 0.000248408 0.0490934 0.0203984 -0.00249585 -0.00195353
internal_weight=8049 499 286 213 135 7550 7462
internal_count=8049 499 286 213 135 7550 7462
is_linear=0
shrinkage=0.02


Tree=1041
num_leaves=8
num_cat=0
split_feature=64 16 33 68 68 40 67
split_gain=279.781 802.866 952.326 669.164 1013.88 748.366 730.381
threshold=2.5000000000000004 0.26345000000000002 3.5000000000000004 1290833.6000000003 1727561.5000000002 40.540000000000006 7.2155564120949833
decision_type=2 2 2 2 2 2 2
left_child=1 -1 3 -3 6 -6 -5
right_child=-2 2 -4 4 5 -7 -8
leaf_value=-0.034825607742217775 -0.0032702637069999935 0.0079275031491219932 0.044599965195811823 -0.099971077555701837 -0.036531607730715884 0.069269336407121851 -0.0051893896369610802
leaf_weight=182 5659 1673 251 79 46 52 54
leaf_count=182 5659 1673 251 79 46 52 54
internal_value=-0.000866607 0.00494836 0.00838029 0.00350123 -0.0280445 0.0202451 -0.0630706
internal_weight=7996 2337 2155 1904 231 98 133
internal_count=7996 2337 2155 1904 231 98 133
is_linear=0
shrinkage=0.02


Tree=1042
num_leaves=8
num_cat=1
split_feature=7 55 51 21 51 52 65
split_gain=540.706 698.739 547.265 689.652 516.826 498.037 558.209
threshold=0 60.665000000000006 40.875000000000007 375287.90000000008 39.435000000000009 49.665000000000006 0.58571428571428574
decision_type=1 2 2 8 2 2 2
left_child=1 2 4 5 -1 6 -4
right_child=-2 -3 3 -5 -6 -7 -8
leaf_value=-0.0084301729357068207 0.0033898664386642166 0.043373114455687374 -0.14040982086439521 -0.0064726706579023479 0.06066364087661108 -0.023768539247305497 -0.040988016115694206
leaf_weight=1170 6382 90 44 191 40 87 53
leaf_count=1170 6382 90 44 191 40 87 53
internal_value=0.000733949 -0.00933011 -0.0125084 -0.0334546 -0.00590583 -0.0605508 -0.0907587
internal_weight=8057 1675 1585 375 1210 184 97
internal_count=8057 1675 1585 375 1210 184 97
cat_boundaries=0 1
cat_threshold=40
is_linear=0
shrinkage=0.02


Tree=1043
num_leaves=8
num_cat=0
split_feature=46 33 53 33 64 33 38
split_gain=367.394 565.724 592.275 423.996 365.263 695.961 825.525
threshold=11.500000000000002 2.5000000000000004 68.835000000000022 3.5000000000000004 2.5000000000000004 4.5000000000000009 20349.100000000002
decision_type=2 2 2 2 2 2 10
left_child=4 2 -2 -3 5 6 -1
right_child=1 3 -4 -5 -6 -7 -8
leaf_value=0.0006141338985842452 0.04131385742189133 -0.093993972609440493 -0.050973912662929957 -0.015420571754376094 -0.002993802770531219 0.066436774171019591 0.042630368822697301
leaf_weight=2035 68 55 40 55 5431 70 201
leaf_count=2035 68 55 40 55 5431 70 201
internal_value=-0.000891916 -0.0262008 0.00639014 -0.0570858 -0.000162344 0.00649825 0.00447777
internal_weight=7955 218 108 110 7737 2306 2236
internal_count=7955 218 108 110 7737 2306 2236
is_linear=0
shrinkage=0.02


Tree=1044
num_leaves=8
num_cat=0
split_feature=8 23 57 23 41 57 20
split_gain=372.057 695.839 1313.09 796.753 669.458 611.142 606.983
threshold=29.825000000000003 18.250000000000004 33.395000000000003 23.250000000000004 48.485000000000007 28.515000000000004 546814.65000000014
decision_type=2 2 2 2 2 2 10
left_child=-1 -2 5 4 -4 6 -3
right_child=1 2 3 -5 -6 -7 -8
leaf_value=0.0028299833275396724 -0.0020027907496698496 -0.040637889291939081 -0.12384755806011313 -0.011655973113718488 -0.041012398440104264 0.072613002682725594 0.036211541305545353
leaf_weight=4903 2640 93 80 100 86 43 66
leaf_count=4903 2640 93 80 100 86 43 66
internal_value=-0.000600916 -0.00600915 -0.0283491 -0.057133 -0.083387 0.010019 -0.00860667
internal_weight=8011 3108 468 266 166 202 159
internal_count=8011 3108 468 266 166 202 159
is_linear=0
shrinkage=0.02


Tree=1045
num_leaves=8
num_cat=0
split_feature=22 22 53 33 56 17 54
split_gain=396.202 614.032 695.807 755.916 699.321 704.92 744.771
threshold=7483.3500000000013 11017.200000000003 65.835000000000022 2.5000000000000004 41.905000000000008 8213.6500000000015 86.325000000000003
decision_type=2 2 2 2 2 2 2
left_child=-1 2 4 -4 5 6 -2
right_child=1 -3 3 -5 -6 -7 -8
leaf_value=-0.019927254154023771 0.071903258276929963 -0.0021659253382052697 0.053854589025012112 0.0086459946430871015 -0.019706241031695285 -0.0034081566034868407 -9.0036983959949926e-05
leaf_weight=387 132 6094 262 337 378 334 99
leaf_count=387 132 6094 262 337 378 334 99
internal_value=-0.000317243 0.000689001 0.0119422 0.0287022 0.00120098 0.0152386 0.0417008
internal_weight=8023 7636 1542 599 943 565 231
internal_count=8023 7636 1542 599 943 565 231
is_linear=0
shrinkage=0.02


Tree=1046
num_leaves=8
num_cat=0
split_feature=23 23 20 49 13 48 54
split_gain=313.046 384.202 480.388 434.699 519.244 571.371 334.386
threshold=31.750000000000004 23.250000000000004 554948.35000000009 25.500000000000004 324.55000000000007 3.5000000000000004 88.905000000000015
decision_type=2 2 8 2 2 2 2
left_child=1 -1 -3 6 -5 -6 -4
right_child=-2 2 3 4 5 -7 -8
leaf_value=0.00045342269120084719 -0.039302276263111516 -0.029719485622463803 -0.015533477683987367 0.096058980333271315 0.068856634468668049 -0.022037285847653604 0.037802915910640396
leaf_weight=7525 71 61 104 62 49 53 78
leaf_count=7525 71 61 104 62 49 53 78
internal_value=0.0010972 0.00148335 0.020289 0.0294032 0.052521 0.0228046 0.00772456
internal_weight=8003 7932 407 346 164 102 182
internal_count=8003 7932 407 346 164 102 182
is_linear=0
shrinkage=0.02


Tree=1047
num_leaves=8
num_cat=0
split_feature=9 46 15 13 62 40 20
split_gain=570.568 515.873 587.105 1533.86 574.333 834.516 655.313
threshold=1.5000000000000002 3.5000000000000004 1.5000000000000002 326.05000000000007 1.0000000180025095e-35 72.305000000000021 750258.00000000012
decision_type=2 2 2 2 2 2 10
left_child=1 2 -1 -4 -3 6 -6
right_child=-2 4 3 -5 5 -7 -8
leaf_value=0.023293132370130882 0.0050045066199045762 -0.0055057320010771038 0.043151157493774711 -0.094632378509411447 -0.012375753543832723 0.018941733409464361 -0.070655085570013459
leaf_weight=373 5733 1284 60 60 131 95 192
leaf_count=373 5733 1284 60 60 131 95 192
internal_value=0.0016853 -0.00697561 0.0109609 -0.0267702 -0.012188 -0.0324066 -0.0475675
internal_weight=7928 2195 493 120 1702 418 323
internal_count=7928 2195 493 120 1702 418 323
is_linear=0
shrinkage=0.02


Tree=1048
num_leaves=8
num_cat=0
split_feature=64 14 33 53 10 13 21
split_gain=445.885 384.352 786.017 657.172 564.593 530.426 390.381
threshold=1.0000000180025095e-35 43.180000000000007 1.5000000000000002 60.605000000000011 22351.700000000004 329.65000000000003 193637.50000000003
decision_type=2 2 2 2 2 2 10
left_child=-1 -2 4 -4 -3 -5 -7
right_child=1 2 3 5 -6 6 -8
leaf_value=-0.060191307193040847 0.00079157437445233131 -0.11090184931321577 0.023053605183035487 0.016938214138150217 -0.011928554240693437 -0.10108177619135898 -0.025386622661081631
leaf_weight=45 7548 50 174 60 42 41 79
leaf_count=45 7548 50 174 60 42 41 79
internal_value=-0.000652127 -0.000279553 -0.0182149 -0.00433053 -0.0686623 -0.0307095 -0.0542579
internal_weight=8039 7994 446 354 92 180 120
internal_count=8039 7994 446 354 92 180 120
is_linear=0
shrinkage=0.02


Tree=1049
num_leaves=8
num_cat=0
split_feature=40 38 53 41 24 53 6
split_gain=430.397 637.3 313.676 442.74 415.721 679.77 628.367
threshold=5.6100000000000003 2210.7000000000003 37.835000000000008 6.4150000000000009 1.0000000180025095e-35 29.865000000000006 1.0000000180025095e-35
decision_type=2 10 2 2 2 2 2
left_child=1 -1 4 -4 -2 6 -6
right_child=2 -3 3 -5 5 -7 -8
leaf_value=-0.00049896578701833882 -0.031295242559164764 -0.094023418070375925 -0.049328166835679442 -0.0020131066610196628 -0.057399261102483078 0.034630480438409099 0.012170412655973009
leaf_weight=70 75 45 75 7192 69 357 170
leaf_count=70 75 45 75 7192 69 357 170
internal_value=-0.00189356 -0.0394883 -0.0013244 -0.00253501 0.0117084 0.0173353 -0.00867919
internal_weight=8053 115 7938 7267 671 596 239
internal_count=8053 115 7938 7267 671 596 239
is_linear=0
shrinkage=0.02


Tree=1050
num_leaves=8
num_cat=1
split_feature=64 17 40 2 17 40 54
split_gain=353.634 614.022 814.562 999.453 696.264 602.132 579.638
threshold=2.5000000000000004 3229.8500000000008 60.445000000000007 0 2182.8000000000006 44.445000000000007 89.125000000000014
decision_type=2 2 2 1 2 2 2
left_child=1 2 3 5 6 -1 -5
right_child=-2 -3 -4 4 -6 -7 -8
leaf_value=0.093796405909316885 -0.0023986377204158337 0.0018881591355958505 0.074996886943039062 -0.011104392733838824 0.02867592153284285 0.0021082529236160804 -0.098247219749859394
leaf_weight=72 5674 1901 106 85 85 46 44
leaf_count=72 5674 1901 106 85 85 46 44
internal_value=0.000299176 0.00683475 0.0280402 0.0121578 -0.0141165 0.0551116 -0.0433844
internal_weight=8013 2339 438 332 214 118 129
internal_count=8013 2339 438 332 214 118 129
cat_boundaries=0 1
cat_threshold=168
is_linear=0
shrinkage=0.02


Tree=1051
num_leaves=8
num_cat=0
split_feature=68 68 41 54 31 21 68
split_gain=324.829 728.375 917.446 564.951 764.958 532.9 496.898
threshold=1106880.9500000004 1173231.3500000003 59.055000000000007 98.105000000000004 1.0000000180025095e-35 302700.70000000007 1727561.5000000002
decision_type=2 2 2 2 2 8 2
left_child=-1 2 5 -3 -5 -2 -6
right_child=1 3 -4 4 6 -7 -8
leaf_value=0.00097388325385010764 -0.021034728818469576 -0.0085575949933610149 0.024839165425228495 0.073450358194254689 -0.031401791751384731 -0.096049136826486289 0.050013537493016992
leaf_weight=6204 67 1355 57 79 85 94 40
leaf_count=6204 67 1355 57 79 85 94 40
internal_value=-0.00118715 -0.00871346 -0.0425262 -0.00386448 0.0267669 -0.0664058 -0.00442732
internal_weight=7981 1777 218 1559 204 161 125
internal_count=7981 1777 218 1559 204 161 125
is_linear=0
shrinkage=0.02


Tree=1052
num_leaves=8
num_cat=0
split_feature=14 24 51 22 38 46 46
split_gain=296.342 518.64 670.329 885.845 606.671 487.068 414.952
threshold=8.7450000000000028 4.5000000000000009 19.035000000000004 10960.100000000002 15339.900000000003 7.5000000000000009 4.5000000000000009
decision_type=2 2 2 2 10 2 2
left_child=1 2 3 -1 -4 -5 -3
right_child=-2 6 4 5 -6 -7 -8
leaf_value=0.034453065263373508 -0.0010323834086101219 -0.10124788132698641 0.021667523530226683 -0.060108589527799801 -0.042707340586930514 0.0087452880445529121 -0.014433701793644942
leaf_weight=65 7207 41 312 199 67 50 46
leaf_count=65 7207 41 312 199 67 50 46
internal_value=-0.00230416 -0.0139736 -0.00798821 -0.0293713 0.00987937 -0.0463825 -0.0586252
internal_weight=7987 780 693 314 379 249 87
internal_count=7987 780 693 314 379 249 87
is_linear=0
shrinkage=0.02


Tree=1053
num_leaves=8
num_cat=0
split_feature=22 23 43 56 23 56 0
split_gain=741.638 752.03 343.032 309.997 844.005 695.026 601.853
threshold=7121.0500000000011 7.9500000000000011 1.0000000180025095e-35 30.155000000000005 4.2500000000000009 28.685000000000006 29.500000000000004
decision_type=2 2 2 2 2 2 2
left_child=1 -1 -3 4 -2 -6 -7
right_child=3 2 -4 -5 5 6 -8
leaf_value=-0.077525376062239373 0.058735089715513764 0.033760644913765424 -0.02399848301038646 0.003327367843106816 -0.0025662779862959074 -0.10637420397996902 -0.026844227282232361
leaf_weight=88 61 52 144 6919 497 45 185
leaf_count=88 61 52 144 6919 497 45 185
internal_value=0.000793715 -0.0306619 -0.00821601 0.00197197 -0.00987499 -0.0159937 -0.0443367
internal_weight=7991 284 196 7707 788 727 230
internal_count=7991 284 196 7707 788 727 230
is_linear=0
shrinkage=0.02


Tree=1054
num_leaves=8
num_cat=0
split_feature=12 55 55 21 56 56 41
split_gain=300.665 661.894 1119.7 558.114 556.706 1110.14 718.822
threshold=30.115000000000006 33.390000000000008 31.385000000000002 260816.95000000004 29.675000000000004 30.155000000000005 51.705000000000005
decision_type=2 2 2 10 2 2 2
left_child=1 2 3 -1 6 -6 -2
right_child=4 -3 -4 -5 5 -7 -8
leaf_value=-0.036142949860543012 0.038552427581728325 0.0030810650786173778 0.10742880267255446 0.045278533725866252 -0.080899189614464309 -0.0029062374524222436 -0.0080788909525564695
leaf_weight=60 287 1768 63 65 69 5473 239
leaf_count=60 287 1768 63 65 69 5473 239
internal_value=0.000120469 0.00692917 0.0421003 0.00630927 -0.00207819 -0.00394933 0.0174879
internal_weight=8024 1956 188 125 6068 5542 526
internal_count=8024 1956 188 125 6068 5542 526
is_linear=0
shrinkage=0.02


Tree=1055
num_leaves=8
num_cat=0
split_feature=52 24 32 0 54 58 56
split_gain=279.442 645.042 673.951 645.781 615.944 620.591 423.056
threshold=15.630000000000001 1.5000000000000002 1.0000000180025095e-35 43.500000000000007 77.725000000000009 37.485000000000007 34.715000000000011
decision_type=2 2 2 2 2 2 2
left_child=1 6 4 -4 -3 -6 -1
right_child=-2 2 3 -5 5 -7 -8
leaf_value=-0.03498389215829472 0.0010148364901066945 -0.11123198072377005 0.057291183714513423 -0.036002237626887638 0.016898241215385496 -0.068641617504755656 0.034978669253801269
leaf_weight=43 7553 52 49 61 59 70 122
leaf_count=43 7553 52 49 61 59 70 122
internal_value=9.28273e-05 -0.0150243 -0.0327341 0.00623979 -0.0559508 -0.030348 0.0162533
internal_weight=8009 456 291 110 181 129 165
internal_count=8009 456 291 110 181 129 165
is_linear=0
shrinkage=0.02


Tree=1056
num_leaves=8
num_cat=0
split_feature=20 17 0 68 10 12 40
split_gain=364.982 805.779 952.027 727.359 1252.72 969.409 694.528
threshold=639024.50000000012 25007.650000000005 60.500000000000007 409518.95000000007 16773.450000000004 43.755000000000003 51.215000000000011
decision_type=8 2 2 2 2 2 2
left_child=1 3 6 -1 5 -5 -3
right_child=-2 2 -4 4 -6 -7 -8
leaf_value=0.050571144774695424 0.0023269839931855663 -0.065534949890175553 0.049234191565862243 -0.082493325022459027 0.0094008122760627349 0.0016811910797567928 -0.011804377774805199
leaf_weight=102 6659 213 48 120 641 97 177
leaf_count=102 6659 213 48 120 641 97 177
internal_value=0.000375251 -0.00889647 -0.031209 0.00139259 -0.00471293 -0.0456765 -0.0416076
internal_weight=8057 1398 438 960 858 217 390
internal_count=8057 1398 438 960 858 217 390
is_linear=0
shrinkage=0.02


Tree=1057
num_leaves=8
num_cat=0
split_feature=8 47 55 42 42 55 49
split_gain=362.267 663.059 591.491 417.143 526.833 381.862 670.341
threshold=8.5850000000000026 7.5000000000000009 38.915000000000006 42.995000000000012 54.065000000000005 48.695000000000007 62.500000000000007
decision_type=2 2 2 2 2 2 2
left_child=1 2 -1 -4 -5 -2 -7
right_child=5 -3 3 4 -6 6 -8
leaf_value=-0.013908415976024808 0.0033203958293906246 -0.014097288116398786 0.022117151614413202 0.12878747993045384 0.032494246598619679 -0.003376511228732428 -0.043654415971141745
leaf_weight=58 4968 139 78 49 47 2517 172
leaf_count=58 4968 139 78 49 47 2517 172
internal_value=0.000976428 0.0201428 0.040522 0.0585472 0.0855864 3.52304e-05 -0.0060291
internal_weight=8028 371 232 174 96 7657 2689
internal_count=8028 371 232 174 96 7657 2689
is_linear=0
shrinkage=0.02


Tree=1058
num_leaves=8
num_cat=1
split_feature=46 40 38 17 40 41 3
split_gain=391.573 696.323 513.354 348.004 483.256 926.294 774.921
threshold=10.500000000000002 65.00500000000001 5032.7000000000007 17257.700000000004 28.805000000000003 50.965000000000011 0
decision_type=2 2 10 2 2 2 1
left_child=3 2 -2 4 5 6 -1
right_child=1 -3 -4 -5 -6 -7 -8
leaf_value=0.032901099129683441 -0.082806770336895208 -0.0011074656387022621 -0.0014085624366998674 0.0068882537996778686 0.00076441508913908192 -0.069258321801909301 -0.017738784433977653
leaf_weight=138 87 298 47 2675 4022 108 573
leaf_count=138 87 298 47 2675 4022 108 573
internal_value=3.63463e-05 -0.0183685 -0.0553343 0.00110572 -0.00209336 -0.016047 -0.00753706
internal_weight=7948 432 134 7516 4841 819 711
internal_count=7948 432 134 7516 4841 819 711
cat_boundaries=0 1
cat_threshold=4
is_linear=0
shrinkage=0.02


Tree=1059
num_leaves=8
num_cat=0
split_feature=15 8 48 40 0 0 42
split_gain=363.131 311.205 860.85 788.704 543.535 343.968 408.703
threshold=6.5000000000000009 8.8050000000000015 5.5000000000000009 51.405000000000008 54.500000000000007 19.500000000000004 45.675000000000004
decision_type=2 2 2 2 2 2 2
left_child=1 2 3 4 -1 -4 -7
right_child=-2 -3 5 -5 -6 6 -8
leaf_value=0.12037877108718528 -0.044099534042179582 0.00043040490331453614 -0.060534258519227689 0.0051040561962127683 0.032894129253485622 -0.039348530483012109 0.037375974918975208
leaf_weight=56 66 7555 47 120 63 46 56
leaf_count=56 66 7555 47 120 63 46 56
internal_value=0.00093163 0.00133331 0.0186852 0.0418767 0.0772573 -0.0186664 0.00255289
internal_weight=8009 7943 388 239 119 149 102
internal_count=8009 7943 388 239 119 149 102
is_linear=0
shrinkage=0.02


Tree=1060
num_leaves=8
num_cat=0
split_feature=68 23 0 12 40 23 0
split_gain=503.052 762.769 762.273 838.718 672.238 961.787 764.706
threshold=1054345.2500000002 2.5500000000000003 39.500000000000007 10.525 43.305000000000007 8.3500000000000032 44.500000000000007
decision_type=2 2 2 2 2 2 2
left_child=-1 -2 3 -3 5 -4 -6
right_child=1 2 4 -5 6 -7 -8
leaf_value=0.0027780211022207161 0.069126732323546811 -0.11327574663360913 0.017784256464754695 -0.022796126613624956 0.046731237678777904 -0.036230606554774572 -0.0010184072818670232
leaf_weight=6064 44 40 193 533 169 395 585
leaf_count=6064 44 40 193 533 169 395 585
internal_value=-6.91691e-05 -0.00886716 -0.0108345 -0.0300376 -0.00255426 -0.0185008 0.00992144
internal_weight=8023 1959 1915 573 1342 588 754
internal_count=8023 1959 1915 573 1342 588 754
is_linear=0
shrinkage=0.02


Tree=1061
num_leaves=8
num_cat=0
split_feature=8 48 15 47 21 68 57
split_gain=321.445 644.454 668.036 662.045 506.714 334.372 391.371
threshold=8.5850000000000026 8.5000000000000018 2.5000000000000004 7.5000000000000009 383661.60000000003 1820341.55 59.600000000000009
decision_type=2 2 2 2 8 2 2
left_child=1 2 3 4 -1 6 -2
right_child=5 -3 -4 -5 -6 -7 -8
leaf_value=0.013334357738494873 -0.0028395472027604347 -0.030404202629412926 -0.025429374864324929 -0.00024560459936037661 0.095457184570371556 0.017688701557950961 0.013666629334038128
leaf_weight=44 6642 79 59 75 104 381 624
leaf_count=44 6642 79 59 75 104 381 624
internal_value=0.000425161 0.0187353 0.0327912 0.0484148 0.0722759 -0.000450905 -0.00141358
internal_weight=8008 361 282 223 148 7647 7266
internal_count=8008 361 282 223 148 7647 7266
is_linear=0
shrinkage=0.02


Tree=1062
num_leaves=8
num_cat=0
split_feature=40 31 53 51 31 23 17
split_gain=325.874 552.359 568.598 456.34 365.793 1170.17 1920.97
threshold=81.645000000000024 1.0000000180025095e-35 73.475000000000009 23.850000000000005 1.0000000180025095e-35 11.050000000000002 2897.4000000000001
decision_type=2 2 2 2 2 2 2
left_child=4 2 -2 -3 5 -1 -7
right_child=1 3 -4 -5 -6 6 -8
leaf_value=-0.019088444982489426 0.059859721041967476 0.023292253858526239 -0.013764394033150596 -0.028706135735488855 0.001515669769195614 0.057490230198918274 -0.0044583228498296145
leaf_weight=1634 145 123 56 138 4410 233 1258
leaf_count=1634 145 123 56 138 4410 233 1258
internal_value=-0.00119054 0.015023 0.0395113 -0.00422394 -0.00219396 -0.00742305 0.00538223
internal_weight=7997 462 201 261 7535 3125 1491
internal_count=7997 462 201 261 7535 3125 1491
is_linear=0
shrinkage=0.02


Tree=1063
num_leaves=8
num_cat=0
split_feature=14 40 20 23 52 51 68
split_gain=289.872 478.345 984.864 541.884 1065.33 594.142 469.73
threshold=7.9350000000000014 45.705000000000005 927004.05000000016 8.0500000000000025 50.665000000000006 19.035000000000004 604362.80000000016
decision_type=2 2 10 2 2 2 2
left_child=1 2 3 -1 5 -5 -3
right_child=-2 6 -4 4 -6 -7 -8
leaf_value=-0.039245820735891661 -0.0020243323212371512 0.0046534065661009748 -0.093332176502380113 0.018192542315797602 -0.04190457454174757 0.12535828593042161 0.052607822181243033
leaf_weight=55 7418 167 40 42 45 40 157
leaf_count=55 7418 167 40 42 45 40 157
internal_value=-0.000986011 0.0130111 -0.0094879 0.0109422 0.0333405 0.0746686 0.0283369
internal_weight=7964 546 222 182 127 82 324
internal_count=7964 546 222 182 127 82 324
is_linear=0
shrinkage=0.02


Tree=1064
num_leaves=8
num_cat=0
split_feature=24 8 17 53 51 14 21
split_gain=389.438 460.817 694.218 1061.84 960.026 699.715 678.697
threshold=5.5000000000000009 24.545000000000005 2350.5500000000006 69.095000000000013 25.365000000000006 23.895000000000003 156755.40000000002
decision_type=2 2 2 2 2 2 10
left_child=1 6 3 5 -5 -3 -1
right_child=-2 2 -4 4 -6 -7 -8
leaf_value=-0.0032060662286527626 -0.020698296145223383 -0.079152970004540232 -0.0016153017176186309 0.083224623882770535 -0.04381183831588082 0.010816916177670163 0.014283034307738775
leaf_weight=1689 351 151 3825 45 41 43 1862
leaf_count=1689 351 151 3825 45 41 43 1862
internal_value=-0.000249952 0.000700428 -0.00386116 -0.0339746 0.0235812 -0.0594405 0.0059717
internal_weight=8007 7656 4105 280 86 194 3551
internal_count=8007 7656 4105 280 86 194 3551
is_linear=0
shrinkage=0.02


Tree=1065
num_leaves=8
num_cat=0
split_feature=46 16 16 14 14 14 40
split_gain=395.24 593.509 915.731 627.204 625.455 527.423 675.28
threshold=3.5000000000000004 0.55135000000000012 0.56775000000000009 46.365000000000009 9.3550000000000022 14.225000000000003 34.775000000000013
decision_type=2 2 2 2 2 2 2
left_child=1 3 -3 4 -1 -2 -7
right_child=5 2 -4 -5 -6 6 -8
leaf_value=-0.03306433914295797 0.0054116134953377118 0.086487792831715912 0.0139969834835405 -0.053225475332389277 0.0081486248944988345 0.013447703847371111 -0.010588249508271799
leaf_weight=163 2018 74 623 79 1192 540 3307
leaf_count=163 2018 74 623 79 1192 540 3307
internal_value=-0.000180077 0.0071867 0.0222545 -0.000188912 0.00308757 -0.00286058 -0.00720127
internal_weight=7996 2131 697 1434 1355 5865 3847
internal_count=7996 2131 697 1434 1355 5865 3847
is_linear=0
shrinkage=0.02


Tree=1066
num_leaves=8
num_cat=0
split_feature=17 64 45 8 12 58 10
split_gain=415.602 496.795 1204.11 696.202 551.815 473.671 701.11
threshold=43393.55000000001 2.5000000000000004 1.0000000180025095e-35 30.695000000000004 65.815000000000012 20.915000000000003 37366.650000000001
decision_type=2 2 2 2 2 2 2
left_child=-1 2 3 -2 5 -3 -7
right_child=1 4 -4 -5 -6 6 -8
leaf_value=-0.0034775248924193616 0.020380951896602034 -0.0472023390635848 -0.045863995007399856 0.098529866658475088 -0.023764749825512389 0.075122400538562104 0.0088566174600063306
leaf_weight=6859 97 45 53 87 228 68 527
leaf_count=6859 97 45 53 87 228 68 527
internal_value=-0.00164235 0.00971337 0.0350558 0.0589609 0.00263271 0.0121481 0.0169928
internal_weight=7964 1105 237 184 868 640 595
internal_count=7964 1105 237 184 868 640 595
is_linear=0
shrinkage=0.02


Tree=1067
num_leaves=8
num_cat=0
split_feature=44 57 58 33 57 58 52
split_gain=286.507 956.026 863.101 900.552 1369.34 622.113 898.682
threshold=1.0000000180025095e-35 10.070000000000002 40.195000000000007 2.5000000000000004 30.745000000000001 21.625000000000004 47.675000000000004
decision_type=2 2 2 2 2 2 2
left_child=1 -1 3 5 -5 -3 -7
right_child=-2 2 -4 4 -6 6 -8
leaf_value=0.044450579275705407 0.0036563228777455716 -0.072157493548493989 -0.02746170920002839 0.092072181955880517 0.0048032954226956406 -0.042024513758291866 0.022895792388123146
leaf_weight=134 6379 66 656 86 346 152 182
leaf_count=134 6379 66 656 86 346 152 182
internal_value=0.00174787 -0.00574588 -0.0104 0.00313621 0.023031 -0.0183692 -0.00683285
internal_weight=8001 1622 1488 832 432 400 334
internal_count=8001 1622 1488 832 432 400 334
is_linear=0
shrinkage=0.02


end of trees

feature_importances:
digital_behavior_score=485
internet_activity=445
insurance_products=416
cyber_hygiene=403
mobile_app_usage=401
online_payments_ratio=362
marketing_response=268
financial_literacy=235
regional_risk=213
occupation_risk=209
coverage_share=207
years_with_company=177
active_policies=174
smartphone_age=171
two_factor_auth=157
payment_discipline=155
average_balance=153
smartphone_price=150
cyber_protection=133
average_claim_cost=131
health_index=131
crime_rate=126
natural_disaster_risk=123
customer_loyalty=119
car_value=112
income=111
cyber_risk=109
age=102
days_since_last_login=97
password_manager=95
credit_score=91
days_since_last_policy=91
region=86
risk_tolerance=86
assets=82
house_value=77
security_training=77
mobile_sessions=68
loan_to_income=55
policy_ratio=54
website_visits=53
late_payments=51
identity_protection=49
employment=44
loan_amount=38
call_center_contacts=36
education=32
bank_products=31
claim_frequency=28
gadget_insurance=25
family_status=24
children=21
city_type=17
house_uncovered=17
gender=11
number_of_claims=11
property_insurance=10
mortgage=8
car_insurance=6
car_uncovered=6
life_insurance=4
house_covered=4
health_insurance=3
family_life_covered=3
travel_insurance=2
expired_policies=2
car_covered=2
wealth_segment=1

parameters:
[boosting: gbdt]
[objective: regression]
[metric: l2]
[tree_learner: serial]
[device_type: cpu]
[data_sample_strategy: bagging]
[data: ]
[valid: ]
[num_iterations: 1068]
[learning_rate: 0.02]
[num_leaves: 8]
[num_threads: 4]
[seed: 352773]
[deterministic: 0]
[force_col_wise: 0]
[force_row_wise: 0]
[histogram_pool_size: -1]
[max_depth: -1]
[min_data_in_leaf: 40]
[min_sum_hessian_in_leaf: 0.001]
[bagging_fraction: 0.8]
[pos_bagging_fraction: 1]
[neg_bagging_fraction: 1]
[bagging_freq: 1]
[bagging_seed: 6166]
[bagging_by_query: 0]
[feature_fraction: 0.5]
[feature_fraction_bynode: 1]
[feature_fraction_seed: 11733]
[extra_trees: 0]
[extra_seed: 21643]
[early_stopping_round: 0]
[early_stopping_min_delta: 0]
[first_metric_only: 0]
[max_delta_step: 0]
[lambda_l1: 0]
[lambda_l2: 5]
[linear_lambda: 0]
[min_gain_to_split: 0]
[drop_rate: 0.1]
[max_drop: 50]
[skip_drop: 0.5]
[xgboost_dart_mode: 0]
[uniform_drop: 0]
[drop_seed: 11301]
[top_rate: 0.2]
[other_rate: 0.1]
[min_data_per_group: 100]
[max_cat_threshold: 32]
[cat_l2: 10]
[cat_smooth: 10]
[max_cat_to_onehot: 4]
[top_k: 20]
[monotone_constraints: ]
[monotone_constraints_method: basic]
[monotone_penalty: 0]
[feature_contri: ]
[forcedsplits_filename: ]
[refit_decay_rate: 0.9]
[cegb_tradeoff: 1]
[cegb_penalty_split: 0]
[cegb_penalty_feature_lazy: ]
[cegb_penalty_feature_coupled: ]
[path_smooth: 0]
[interaction_constraints: ]
[verbosity: -1]
[saved_feature_importance_type: 0]
[use_quantized_grad: 0]
[num_grad_quant_bins: 4]
[quant_train_renew_leaf: 0]
[stochastic_rounding: 1]
[linear_tree: 0]
[max_bin: 255]
[max_bin_by_feature: ]
[min_data_in_bin: 3]
[bin_construct_sample_cnt: 200000]
[data_random_seed: 5166]
[is_enable_sparse: 1]
[enable_bundle: 1]
[use_missing: 1]
[zero_as_missing: 0]
[feature_pre_filter: 1]
[pre_partition: 0]
[two_round: 0]
[header: 0]
[label_column: ]
[weight_column: ]
[group_column: ]
[ignore_column: ]
[categorical_feature: 1,2,3,4,5,7,11]
[forcedbins_filename: ]
[precise_float_parser: 0]
[parser_config_file: ]
[objective_seed: 22424]
[num_class: 1]
[is_unbalance: 0]
[scale_pos_weight: 1]
[sigmoid: 1]
[boost_from_average: 1]
[reg_sqrt: 0]
[alpha: 0.9]
[fair_c: 1]
[poisson_max_delta_step: 0.7]
[tweedie_variance_power: 1.5]
[lambdarank_truncation_level: 30]
[lambdarank_norm: 1]
[label_gain: ]
[lambdarank_position_bias_regularization: 0]
[eval_at: ]
[multi_error_top_k: 1]
[auc_mu_weights: ]
[num_machines: 1]
[local_listen_port: 12400]
[time_out: 120]
[machine_list_filename: ]
[machines: ]
[gpu_platform_id: -1]
[gpu_device_id: -1]
[gpu_device_id_list: ]
[gpu_use_dp: 0]
[num_gpu: 1]

end of parameters

pandas_categorical:[["F", "M"], ["FarEast", "Moscow", "NorthWest", "SPb", "Siberia", "South", "Ural", "Volga"], ["large_city", "metro", "rural", "town"], ["bachelor", "master", "phd", "secondary"], ["divorced", "married", "single", "widowed"], ["business_owner", "employed", "retired", "self_employed", "student", "unemployed"], ["affluent", "mass", "premium", "private"]]
